epoch,loss,tiempo_s
1,4.053739,0.2359
2,3.314897,0.0093
3,3.025358,0.0079
4,2.848676,0.0079
5,2.724026,0.0091
6,2.631603,0.0065
7,2.558233,0.0092
8,2.498935,0.0094
9,2.449455,0.0081
10,2.401388,0.0095
11,2.360882,0.0082
12,2.318915,0.0096
13,2.283928,0.0096
14,2.250970,0.0082
15,2.218886,0.0096
16,2.189079,0.0096
17,2.160214,0.0082
18,2.130399,0.0096
19,2.106583,0.0096
20,2.078533,0.0082
21,2.056821,0.0096
22,2.032811,0.0082
23,2.009609,0.0095
24,1.993100,0.0062
25,1.968620,0.0055
26,1.946712,0.0054
27,1.924950,0.0055
28,1.904690,0.0114
29,1.882839,0.0094
30,1.864044,0.0095
31,1.847239,0.0094
32,1.830095,0.0081
33,1.812535,0.0095
34,1.794977,0.0084
35,1.776148,0.0074
36,1.759721,0.0055
37,1.741728,0.0090
38,1.727609,0.0097
39,1.710653,0.0095
40,1.700035,0.0095
41,1.687454,0.0095
42,1.671087,0.0095
43,1.655086,0.0096
44,1.642315,0.0082
45,1.632566,0.0082
46,1.617355,0.0082
47,1.605947,0.0082
48,1.596366,0.0096
49,1.585446,0.0082
50,1.572397,0.0096
51,1.561472,0.0082
52,1.551304,0.0082
53,1.542555,0.0096
54,1.530943,0.0095
55,1.517183,0.0081
56,1.505098,0.0095
57,1.493742,0.0082
58,1.481897,0.0082
59,1.471296,0.0097
60,1.458336,0.0073
61,1.449442,0.0055
62,1.438102,0.0055
63,1.428654,0.0055
64,1.418549,0.0059
65,1.411912,0.0110
66,1.401429,0.0093
67,1.391233,0.0080
68,1.382134,0.0094
69,1.375506,0.0081
70,1.368484,0.0081
71,1.359581,0.0095
72,1.353165,0.0081
73,1.344162,0.0081
74,1.333236,0.0081
75,1.324758,0.0081
76,1.318228,0.0082
77,1.308549,0.0095
78,1.301950,0.0095
79,1.294281,0.0082
80,1.286359,0.0082
81,1.279584,0.0089
82,1.271642,0.0056
83,1.262590,0.0060
84,1.255659,0.0084
85,1.251611,0.0097
86,1.244088,0.0081
87,1.236065,0.0095
88,1.228588,0.0082
89,1.222108,0.0082
90,1.217376,0.0095
91,1.211381,0.0081
92,1.205140,0.0082
93,1.199783,0.0082
94,1.193465,0.0095
95,1.188841,0.0082
96,1.185301,0.0082
97,1.181798,0.0096
98,1.176298,0.0095
99,1.170750,0.0082
100,1.168186,0.0074
101,1.164292,0.0056
102,1.158473,0.0055
103,1.153336,0.0055
104,1.146312,0.0061
105,1.142044,0.0113
106,1.137023,0.0094
107,1.133344,0.0095
108,1.128821,0.0094
109,1.123610,0.0081
110,1.118141,0.0082
111,1.116861,0.0082
112,1.114785,0.0082
113,1.111427,0.0097
114,1.108288,0.0096
115,1.105674,0.0097
116,1.103120,0.0096
117,1.098167,0.0096
118,1.093414,0.0096
119,1.089999,0.0096
120,1.085134,0.0096
121,1.082011,0.0082
122,1.078537,0.0096
123,1.076233,0.0095
124,1.074083,0.0096
125,1.069775,0.0096
126,1.065775,0.0071
127,1.063488,0.0074
128,1.061777,0.0055
129,1.058268,0.0088
130,1.055220,0.0098
131,1.053556,0.0081
132,1.052334,0.0081
133,1.050913,0.0081
134,1.047644,0.0095
135,1.045645,0.0081
136,1.042558,0.0095
137,1.041784,0.0062
138,1.039838,0.0055
139,1.039098,0.0055
140,1.037179,0.0061
141,1.033979,0.0112
142,1.029010,0.0081
143,1.025279,0.0094
144,1.024290,0.0081
145,1.022415,0.0095
146,1.020050,0.0095
147,1.019983,0.0082
148,1.018147,0.0116
149,1.015210,0.0097
150,1.013592,0.0096
151,1.011981,0.0096
152,1.010546,0.0096
153,1.008451,0.0096
154,1.004507,0.0082
155,1.001989,0.0067
156,1.000960,0.0079
157,0.998945,0.0095
158,0.996486,0.0096
159,0.996258,0.0095
160,0.995826,0.0096
161,0.994773,0.0098
162,0.992956,0.0097
163,0.989316,0.0097
164,0.985552,0.0097
165,0.984276,0.0097
166,0.983544,0.0097
167,0.981449,0.0097
168,0.979197,0.0097
169,0.976099,0.0075
170,0.973232,0.0056
171,0.972208,0.0055
172,0.971946,0.0055
173,0.971451,0.0061
174,0.973660,0.0079
175,0.973684,0.0059
176,0.972038,0.0083
177,0.972387,0.0095
178,0.971492,0.0094
179,0.971631,0.0095
180,0.971951,0.0082
181,0.970033,0.0095
182,0.967841,0.0096
183,0.965560,0.0095
184,0.964464,0.0097
185,0.962698,0.0096
186,0.960606,0.0082
187,0.960242,0.0097
188,0.959856,0.0096
189,0.958546,0.0085
190,0.957894,0.0096
191,0.957838,0.0096
192,0.958053,0.0096
193,0.957832,0.0097
194,0.956289,0.0097
195,0.953698,0.0097
196,0.952329,0.0097
197,0.950745,0.0097
198,0.950356,0.0097
199,0.949608,0.0097
200,0.948765,0.0097
201,0.947141,0.0092
202,0.945443,0.0096
203,0.944140,0.0086
204,0.942837,0.0058
205,0.943002,0.0055
206,0.942455,0.0055
207,0.941316,0.0062
208,0.940701,0.0114
209,0.940070,0.0095
210,0.940552,0.0095
211,0.940198,0.0095
212,0.940484,0.0095
213,0.941199,0.0096
214,0.940327,0.0090
215,0.938323,0.0057
216,0.936879,0.0060
217,0.935026,0.0085
218,0.932606,0.0097
219,0.931356,0.0094
220,0.929174,0.0096
221,0.927200,0.0095
222,0.925892,0.0097
223,0.925003,0.0096
224,0.924384,0.0097
225,0.923698,0.0097
226,0.922777,0.0097
227,0.921980,0.0097
228,0.921631,0.0097
229,0.919621,0.0097
230,0.918676,0.0097
231,0.917745,0.0097
232,0.917401,0.0098
233,0.917157,0.0098
234,0.915857,0.0097
235,0.915282,0.0096
236,0.916047,0.0083
237,0.918237,0.0074
238,0.920811,0.0061
239,0.922558,0.0055
240,0.923368,0.0055
241,0.923671,0.0062
242,0.924286,0.0113
243,0.924606,0.0094
244,0.925501,0.0095
245,0.924348,0.0095
246,0.923382,0.0096
247,0.922105,0.0095
248,0.921013,0.0095
249,0.919883,0.0096
250,0.919606,0.0096
251,0.920317,0.0096
252,0.920367,0.0097
253,0.920446,0.0096
254,0.920233,0.0096
255,0.919037,0.0079
256,0.919706,0.0055
257,0.918480,0.0061
258,0.918645,0.0098
259,0.918010,0.0095
260,0.915911,0.0095
261,0.914067,0.0095
262,0.913689,0.0082
263,0.912959,0.0082
264,0.912176,0.0096
265,0.911511,0.0096
266,0.912146,0.0082
267,0.913253,0.0085
268,0.913561,0.0067
269,0.914348,0.0095
270,0.913702,0.0096
271,0.913244,0.0096
272,0.913821,0.0096
273,0.914177,0.0061
274,0.912531,0.0056
275,0.910826,0.0055
276,0.909552,0.0055
277,0.908449,0.0084
278,0.906104,0.0101
279,0.903790,0.0094
280,0.902234,0.0095
281,0.901104,0.0082
282,0.901619,0.0082
283,0.901917,0.0096
284,0.901579,0.0096
285,0.902301,0.0097
286,0.901900,0.0097
287,0.901466,0.0097
288,0.900735,0.0097
289,0.899277,0.0083
290,0.898632,0.0097
291,0.897815,0.0098
292,0.897410,0.0098
293,0.897190,0.0097
294,0.898191,0.0098
295,0.896780,0.0097
296,0.896014,0.0098
297,0.893621,0.0096
298,0.892986,0.0090
299,0.891990,0.0058
300,0.892330,0.0061
301,0.892986,0.0086
302,0.893174,0.0100
303,0.893874,0.0097
304,0.893203,0.0097
305,0.892104,0.0097
306,0.890553,0.0097
307,0.887068,0.0086
308,0.885834,0.0059
309,0.884873,0.0056
310,0.886037,0.0056
311,0.885706,0.0062
312,0.886926,0.0113
313,0.888799,0.0095
314,0.890521,0.0095
315,0.892631,0.0096
316,0.893305,0.0096
317,0.893046,0.0096
318,0.893703,0.0097
319,0.893586,0.0096
320,0.894011,0.0098
321,0.894100,0.0097
322,0.893467,0.0097
323,0.892544,0.0098
324,0.892230,0.0097
325,0.891265,0.0097
326,0.889892,0.0098
327,0.888172,0.0097
328,0.887586,0.0097
329,0.886622,0.0083
330,0.886379,0.0096
331,0.885428,0.0097
332,0.885104,0.0097
333,0.884654,0.0097
334,0.883071,0.0097
335,0.881113,0.0097
336,0.879495,0.0097
337,0.879703,0.0097
338,0.881097,0.0085
339,0.882346,0.0061
340,0.882529,0.0056
341,0.883769,0.0056
342,0.883128,0.0056
343,0.882528,0.0081
344,0.883383,0.0056
345,0.883695,0.0089
346,0.885696,0.0094
347,0.888363,0.0093
348,0.889674,0.0095
349,0.889507,0.0095
350,0.887793,0.0096
351,0.884107,0.0096
352,0.882838,0.0098
353,0.880355,0.0084
354,0.878797,0.0084
355,0.876825,0.0097
356,0.875954,0.0097
357,0.874868,0.0097
358,0.874784,0.0097
359,0.874503,0.0097
360,0.874048,0.0097
361,0.873208,0.0097
362,0.871980,0.0097
363,0.872683,0.0097
364,0.872291,0.0097
365,0.870837,0.0097
366,0.870670,0.0097
367,0.869702,0.0096
368,0.870715,0.0096
369,0.871245,0.0098
370,0.872059,0.0098
371,0.872476,0.0098
372,0.873311,0.0076
373,0.874036,0.0057
374,0.874705,0.0056
375,0.873456,0.0056
376,0.871595,0.0089
377,0.870265,0.0090
378,0.868843,0.0095
379,0.866243,0.0095
380,0.865833,0.0082
381,0.865716,0.0095
382,0.866063,0.0096
383,0.865973,0.0083
384,0.865306,0.0080
385,0.864371,0.0056
386,0.864685,0.0062
387,0.865665,0.0099
388,0.866807,0.0097
389,0.867329,0.0097
390,0.867411,0.0096
391,0.867488,0.0096
392,0.866459,0.0096
393,0.864715,0.0096
394,0.864035,0.0097
395,0.862806,0.0097
396,0.861924,0.0096
397,0.861016,0.0097
398,0.859877,0.0097
399,0.860515,0.0097
400,0.860015,0.0110
401,0.859441,0.0087
402,0.859144,0.0097
403,0.859135,0.0097
404,0.858548,0.0097
405,0.860058,0.0097
406,0.860735,0.0081
407,0.861540,0.0062
408,0.862550,0.0057
409,0.863185,0.0061
410,0.864490,0.0063
411,0.864238,0.0113
412,0.862635,0.0095
413,0.860523,0.0095
414,0.860055,0.0095
415,0.860997,0.0096
416,0.862405,0.0096
417,0.862417,0.0097
418,0.865089,0.0096
419,0.870021,0.0097
420,0.873358,0.0096
421,0.875559,0.0097
422,0.877465,0.0097
423,0.879796,0.0084
424,0.880167,0.0073
425,0.879215,0.0076
426,0.879235,0.0065
427,0.879352,0.0086
428,0.881569,0.0100
429,0.881533,0.0096
430,0.881114,0.0096
431,0.881162,0.0098
432,0.879875,0.0096
433,0.878229,0.0097
434,0.875538,0.0097
435,0.871914,0.0084
436,0.869727,0.0084
437,0.868525,0.0084
438,0.868691,0.0097
439,0.870214,0.0097
440,0.871534,0.0098
441,0.870966,0.0075
442,0.868741,0.0057
443,0.867613,0.0056
444,0.865692,0.0057
445,0.865416,0.0062
446,0.866020,0.0114
447,0.869064,0.0095
448,0.873624,0.0095
449,0.876431,0.0085
450,0.878315,0.0097
451,0.876817,0.0097
452,0.874865,0.0097
453,0.872024,0.0082
454,0.869912,0.0096
455,0.870500,0.0097
456,0.873385,0.0098
457,0.874666,0.0084
458,0.874049,0.0097
459,0.871668,0.0098
460,0.869325,0.0097
461,0.865488,0.0097
462,0.861960,0.0098
463,0.858850,0.0098
464,0.856613,0.0098
465,0.853854,0.0098
466,0.852962,0.0087
467,0.853087,0.0077
468,0.853363,0.0057
469,0.851754,0.0089
470,0.850711,0.0101
471,0.849232,0.0081
472,0.846344,0.0096
473,0.845943,0.0097
474,0.845980,0.0097
475,0.848510,0.0097
476,0.848704,0.0063
477,0.847654,0.0057
478,0.847565,0.0057
479,0.848571,0.0056
480,0.849811,0.0117
481,0.849877,0.0095
482,0.851295,0.0082
483,0.856287,0.0096
484,0.862679,0.0095
485,0.866959,0.0096
486,0.868285,0.0083
487,0.868335,0.0083
488,0.866795,0.0097
489,0.865089,0.0084
490,0.862354,0.0097
491,0.862475,0.0097
492,0.864593,0.0068
493,0.865544,0.0097
494,0.864775,0.0098
495,0.864068,0.0098
496,0.863432,0.0085
497,0.862087,0.0098
498,0.860621,0.0097
499,0.859603,0.0084
500,0.859314,0.0084
501,0.859096,0.0097
502,0.857935,0.0097
503,0.856151,0.0098
504,0.854801,0.0084
505,0.856322,0.0098
506,0.859005,0.0084
507,0.863412,0.0098
508,0.864724,0.0098
509,0.863204,0.0084
510,0.862486,0.0076
511,0.860756,0.0058
512,0.859795,0.0057
513,0.857985,0.0057
514,0.856915,0.0062
515,0.855257,0.0079
516,0.855241,0.0056
517,0.853994,0.0087
518,0.852857,0.0080
519,0.852168,0.0094
520,0.851793,0.0095
521,0.853098,0.0097
522,0.854372,0.0097
523,0.853850,0.0098
524,0.854480,0.0097
525,0.852771,0.0099
526,0.851277,0.0098
527,0.850739,0.0098
528,0.848372,0.0099
529,0.845666,0.0099
530,0.845484,0.0099
531,0.846020,0.0099
532,0.845163,0.0099
533,0.845880,0.0099
534,0.846373,0.0099
535,0.848450,0.0098
536,0.851785,0.0098
537,0.854816,0.0084
538,0.855310,0.0098
539,0.854744,0.0098
540,0.852820,0.0098
541,0.850966,0.0098
542,0.850386,0.0098
543,0.853197,0.0098
544,0.857839,0.0076
545,0.861185,0.0058
546,0.858499,0.0057
547,0.851874,0.0057
548,0.847042,0.0064
549,0.846423,0.0115
550,0.847145,0.0096
551,0.855216,0.0096
552,0.865236,0.0096
553,0.873083,0.0097
554,0.877765,0.0097
555,0.879910,0.0091
556,0.880695,0.0059
557,0.882094,0.0062
558,0.881843,0.0087
559,0.882407,0.0099
560,0.878750,0.0096
561,0.873936,0.0096
562,0.868312,0.0096
563,0.861320,0.0097
564,0.856284,0.0097
565,0.851942,0.0098
566,0.850348,0.0099
567,0.848828,0.0099
568,0.848800,0.0099
569,0.847636,0.0099
570,0.848841,0.0090
571,0.848097,0.0101
572,0.846189,0.0100
573,0.844564,0.0098
574,0.843223,0.0099
575,0.843083,0.0098
576,0.842095,0.0085
577,0.843073,0.0099
578,0.842078,0.0088
579,0.840135,0.0060
580,0.838072,0.0057
581,0.838560,0.0057
582,0.838725,0.0063
583,0.840644,0.0114
584,0.844072,0.0095
585,0.845069,0.0097
586,0.844617,0.0096
587,0.845636,0.0097
588,0.845480,0.0098
589,0.845780,0.0098
590,0.845370,0.0099
591,0.843811,0.0099
592,0.842754,0.0085
593,0.845535,0.0099
594,0.848834,0.0100
595,0.851358,0.0099
596,0.850956,0.0092
597,0.847965,0.0059
598,0.845575,0.0062
599,0.842952,0.0087
600,0.842462,0.0101
601,0.842548,0.0098
602,0.842758,0.0098
603,0.843015,0.0097
604,0.839782,0.0098
605,0.838582,0.0098
606,0.837162,0.0098
607,0.835334,0.0098
608,0.833123,0.0098
609,0.832122,0.0099
610,0.832751,0.0099
611,0.832558,0.0099
612,0.831750,0.0076
613,0.829996,0.0058
614,0.829486,0.0057
615,0.828511,0.0057
616,0.828286,0.0064
617,0.829981,0.0113
618,0.832875,0.0096
619,0.835853,0.0097
620,0.839665,0.0096
621,0.839032,0.0097
622,0.837950,0.0097
623,0.836808,0.0098
624,0.837746,0.0098
625,0.836832,0.0098
626,0.835679,0.0084
627,0.835244,0.0098
628,0.834673,0.0085
629,0.834090,0.0099
630,0.833070,0.0098
631,0.831725,0.0098
632,0.831423,0.0097
633,0.830768,0.0098
634,0.830466,0.0098
635,0.829944,0.0098
636,0.826981,0.0098
637,0.824899,0.0092
638,0.828314,0.0059
639,0.834188,0.0064
640,0.838602,0.0087
641,0.841372,0.0099
642,0.842301,0.0096
643,0.839887,0.0098
644,0.837181,0.0098
645,0.835590,0.0098
646,0.834897,0.0087
647,0.832132,0.0061
648,0.829831,0.0058
649,0.827284,0.0058
650,0.825372,0.0090
651,0.824244,0.0105
652,0.823959,0.0098
653,0.823797,0.0098
654,0.823451,0.0098
655,0.823587,0.0097
656,0.823370,0.0098
657,0.822594,0.0069
658,0.822484,0.0097
659,0.822516,0.0098
660,0.821548,0.0098
661,0.821890,0.0098
662,0.823853,0.0098
663,0.824428,0.0098
664,0.822395,0.0097
665,0.820336,0.0098
666,0.818650,0.0085
667,0.818779,0.0098
668,0.818295,0.0069
669,0.818731,0.0098
670,0.819337,0.0098
671,0.820104,0.0098
672,0.819359,0.0098
673,0.817763,0.0098
674,0.816495,0.0099
675,0.817711,0.0099
676,0.818254,0.0099
677,0.819923,0.0100
678,0.820987,0.0089
679,0.819937,0.0061
680,0.819147,0.0058
681,0.818929,0.0058
682,0.821216,0.0063
683,0.822014,0.0080
684,0.819203,0.0063
685,0.816931,0.0088
686,0.815682,0.0095
687,0.817488,0.0095
688,0.824612,0.0097
689,0.828970,0.0084
690,0.828722,0.0097
691,0.826264,0.0097
692,0.821972,0.0098
693,0.818057,0.0098
694,0.815951,0.0098
695,0.814013,0.0097
696,0.814188,0.0097
697,0.815421,0.0098
698,0.814510,0.0097
699,0.811420,0.0097
700,0.811272,0.0097
701,0.810369,0.0084
702,0.809321,0.0097
703,0.808701,0.0098
704,0.808720,0.0099
705,0.808589,0.0098
706,0.809557,0.0099
707,0.810441,0.0098
708,0.810652,0.0099
709,0.810520,0.0099
710,0.810745,0.0099
711,0.809800,0.0098
712,0.810408,0.0077
713,0.809963,0.0059
714,0.820217,0.0058
715,0.832650,0.0058
716,0.833302,0.0065
717,0.823322,0.0114
718,0.814159,0.0096
719,0.813449,0.0098
720,0.816721,0.0097
721,0.819029,0.0098
722,0.817164,0.0099
723,0.811771,0.0092
724,0.809336,0.0060
725,0.817218,0.0064
726,0.827847,0.0088
727,0.838002,0.0100
728,0.844314,0.0097
729,0.846505,0.0097
730,0.843203,0.0098
731,0.840629,0.0098
732,0.836405,0.0099
733,0.832933,0.0100
734,0.830106,0.0100
735,0.828818,0.0100
736,0.830326,0.0099
737,0.833170,0.0101
738,0.834580,0.0101
739,0.835106,0.0101
740,0.838357,0.0100
741,0.843420,0.0100
742,0.855958,0.0100
743,0.867325,0.0100
744,0.868156,0.0101
745,0.862004,0.0101
746,0.851619,0.0066
747,0.844333,0.0059
748,0.840763,0.0058
749,0.839579,0.0064
750,0.838731,0.0116
751,0.835116,0.0097
752,0.831753,0.0097
753,0.830691,0.0097
754,0.829364,0.0097
755,0.826701,0.0097
756,0.824238,0.0098
757,0.822997,0.0098
758,0.827839,0.0099
759,0.834000,0.0099
760,0.837671,0.0099
761,0.837688,0.0099
762,0.836590,0.0100
763,0.832322,0.0081
764,0.824236,0.0059
765,0.821390,0.0094
766,0.821731,0.0102
767,0.822455,0.0099
768,0.822611,0.0098
769,0.823879,0.0099
770,0.826625,0.0098
771,0.830846,0.0097
772,0.825701,0.0098
773,0.822549,0.0099
774,0.819996,0.0100
775,0.816115,0.0099
776,0.818476,0.0101
777,0.813381,0.0099
778,0.814205,0.0078
779,0.813659,0.0060
780,0.812522,0.0059
781,0.812431,0.0059
782,0.811708,0.0087
783,0.812102,0.0104
784,0.812867,0.0097
785,0.811432,0.0098
786,0.812336,0.0098
787,0.812657,0.0098
788,0.813348,0.0098
789,0.814469,0.0098
790,0.812792,0.0099
791,0.815025,0.0099
792,0.818622,0.0099
793,0.820094,0.0100
794,0.819731,0.0100
795,0.815815,0.0100
796,0.810690,0.0100
797,0.807829,0.0100
798,0.808528,0.0099
799,0.809591,0.0099
800,0.809705,0.0100
801,0.811285,0.0100
802,0.813954,0.0094
803,0.816847,0.0061
804,0.819377,0.0062
805,0.817755,0.0088
806,0.816273,0.0102
807,0.814638,0.0098
808,0.815495,0.0099
809,0.816576,0.0099
810,0.817460,0.0099
811,0.819186,0.0089
812,0.820905,0.0061
813,0.820649,0.0059
814,0.818696,0.0058
815,0.818220,0.0065
816,0.819411,0.0114
817,0.819496,0.0097
818,0.818692,0.0097
819,0.817965,0.0097
820,0.817713,0.0099
821,0.816515,0.0098
822,0.811985,0.0099
823,0.808941,0.0100
824,0.808387,0.0099
825,0.809112,0.0099
826,0.809608,0.0100
827,0.809400,0.0099
828,0.809318,0.0100
829,0.808207,0.0100
830,0.809185,0.0099
831,0.813408,0.0100
832,0.818741,0.0100
833,0.820320,0.0099
834,0.820456,0.0099
835,0.819627,0.0099
836,0.819834,0.0102
837,0.819888,0.0101
838,0.819029,0.0100
839,0.817758,0.0100
840,0.822352,0.0100
841,0.833814,0.0100
842,0.843961,0.0078
843,0.850341,0.0060
844,0.849033,0.0059
845,0.839958,0.0059
846,0.829918,0.0065
847,0.823011,0.0079
848,0.821741,0.0063
849,0.821349,0.0090
850,0.819091,0.0097
851,0.823566,0.0097
852,0.832670,0.0097
853,0.835794,0.0084
854,0.832980,0.0097
855,0.828416,0.0098
856,0.826656,0.0099
857,0.828327,0.0099
858,0.830195,0.0100
859,0.828619,0.0100
860,0.823825,0.0100
861,0.818712,0.0100
862,0.813251,0.0100
863,0.811783,0.0101
864,0.815861,0.0100
865,0.819802,0.0100
866,0.820135,0.0100
867,0.820724,0.0100
868,0.822430,0.0100
869,0.823213,0.0100
870,0.822970,0.0100
871,0.820498,0.0100
872,0.816040,0.0100
873,0.820129,0.0099
874,0.832124,0.0100
875,0.844512,0.0100
876,0.850295,0.0066
877,0.851451,0.0059
878,0.851253,0.0059
879,0.850014,0.0066
880,0.843493,0.0116
881,0.833837,0.0097
882,0.824871,0.0098
883,0.817710,0.0098
884,0.813274,0.0098
885,0.814810,0.0098
886,0.813870,0.0092
887,0.812522,0.0061
888,0.811759,0.0064
889,0.812197,0.0077
890,0.813601,0.0098
891,0.812218,0.0099
892,0.810404,0.0098
893,0.807974,0.0099
894,0.810647,0.0100
895,0.817535,0.0099
896,0.823978,0.0100
897,0.828499,0.0101
898,0.827352,0.0100
899,0.824863,0.0100
900,0.822024,0.0100
901,0.819857,0.0101
902,0.818787,0.0100
903,0.816949,0.0100
904,0.815035,0.0100
905,0.812690,0.0100
906,0.809405,0.0099
907,0.807245,0.0100
908,0.803127,0.0099
909,0.802088,0.0076
910,0.805499,0.0062
911,0.809697,0.0063
912,0.813084,0.0059
913,0.815348,0.0065
914,0.816215,0.0115
915,0.818863,0.0098
916,0.822085,0.0099
917,0.826923,0.0083
918,0.830190,0.0098
919,0.832055,0.0099
920,0.833718,0.0100
921,0.830490,0.0100
922,0.825845,0.0100
923,0.821008,0.0101
924,0.816753,0.0100
925,0.813712,0.0100
926,0.811526,0.0100
927,0.808708,0.0093
928,0.807314,0.0061
929,0.806488,0.0064
930,0.804469,0.0089
931,0.800400,0.0101
932,0.799075,0.0097
933,0.797784,0.0098
934,0.798293,0.0098
935,0.799703,0.0100
936,0.804088,0.0100
937,0.808567,0.0102
938,0.818356,0.0101
939,0.824102,0.0101
940,0.822532,0.0102
941,0.816834,0.0102
942,0.814310,0.0102
943,0.815813,0.0078
944,0.812764,0.0061
945,0.810266,0.0060
946,0.809400,0.0060
947,0.806122,0.0087
948,0.802881,0.0106
949,0.800165,0.0098
950,0.796853,0.0098
951,0.796680,0.0098
952,0.800997,0.0098
953,0.805904,0.0100
954,0.806673,0.0100
955,0.805782,0.0101
956,0.804323,0.0101
957,0.803801,0.0100
958,0.802756,0.0100
959,0.800823,0.0101
960,0.798214,0.0100
961,0.796470,0.0101
962,0.797280,0.0101
963,0.799486,0.0100
964,0.799001,0.0100
965,0.796589,0.0100
966,0.796535,0.0100
967,0.802854,0.0094
968,0.812996,0.0062
969,0.816932,0.0065
970,0.815947,0.0092
971,0.821212,0.0100
972,0.827766,0.0100
973,0.828179,0.0100
974,0.823542,0.0100
975,0.818899,0.0100
976,0.813834,0.0091
977,0.811103,0.0063
978,0.810876,0.0060
979,0.813113,0.0060
980,0.813414,0.0067
981,0.810413,0.0115
982,0.804609,0.0097
983,0.800426,0.0098
984,0.798275,0.0099
985,0.797830,0.0099
986,0.797777,0.0086
987,0.797154,0.0100
988,0.796599,0.0100
989,0.799049,0.0100
990,0.801331,0.0101
991,0.798792,0.0100
992,0.793105,0.0101
993,0.789543,0.0101
994,0.788540,0.0101
995,0.788116,0.0102
996,0.788337,0.0102
997,0.788764,0.0101
998,0.788370,0.0102
999,0.790102,0.0102
1000,0.793978,0.0101
1001,0.797105,0.0088
1002,0.797671,0.0102
1003,0.795125,0.0102
1004,0.794767,0.0101
1005,0.797807,0.0101
1006,0.803150,0.0101
1007,0.804792,0.0090
1008,0.804213,0.0063
1009,0.801923,0.0060
1010,0.798441,0.0060
1011,0.794786,0.0087
1012,0.794196,0.0067
1013,0.794061,0.0075
1014,0.793718,0.0109
1015,0.795524,0.0098
1016,0.798037,0.0098
1017,0.803488,0.0099
1018,0.808622,0.0101
1019,0.814074,0.0101
1020,0.818094,0.0101
1021,0.820822,0.0102
1022,0.824672,0.0101
1023,0.827373,0.0102
1024,0.826589,0.0101
1025,0.825341,0.0101
1026,0.824875,0.0102
1027,0.825347,0.0102
1028,0.826752,0.0102
1029,0.827739,0.0101
1030,0.826969,0.0101
1031,0.823902,0.0101
1032,0.821531,0.0102
1033,0.820741,0.0101
1034,0.819208,0.0102
1035,0.815183,0.0102
1036,0.815454,0.0101
1037,0.820559,0.0102
1038,0.822490,0.0101
1039,0.820569,0.0102
1040,0.816118,0.0068
1041,0.810146,0.0061
1042,0.806065,0.0060
1043,0.805178,0.0067
1044,0.809479,0.0117
1045,0.818600,0.0098
1046,0.826026,0.0099
1047,0.828581,0.0099
1048,0.827337,0.0099
1049,0.823824,0.0099
1050,0.819869,0.0094
1051,0.815805,0.0062
1052,0.812286,0.0066
1053,0.809424,0.0092
1054,0.808780,0.0099
1055,0.807987,0.0100
1056,0.808836,0.0100
1057,0.810525,0.0100
1058,0.811175,0.0102
1059,0.811620,0.0100
1060,0.810858,0.0101
1061,0.807628,0.0101
1062,0.811488,0.0101
1063,0.819295,0.0101
1064,0.821786,0.0101
1065,0.820303,0.0101
1066,0.818360,0.0101
1067,0.817270,0.0101
1068,0.816713,0.0102
1069,0.813446,0.0101
1070,0.809420,0.0101
1071,0.809049,0.0101
1072,0.809031,0.0101
1073,0.806965,0.0067
1074,0.802255,0.0061
1075,0.798215,0.0061
1076,0.796400,0.0067
1077,0.796551,0.0116
1078,0.796242,0.0099
1079,0.794918,0.0098
1080,0.793186,0.0099
1081,0.792556,0.0099
1082,0.795657,0.0099
1083,0.800530,0.0101
1084,0.802324,0.0100
1085,0.800631,0.0101
1086,0.797592,0.0101
1087,0.795416,0.0102
1088,0.793110,0.0101
1089,0.789957,0.0102
1090,0.786625,0.0085
1091,0.784053,0.0061
1092,0.784875,0.0097
1093,0.786626,0.0101
1094,0.788854,0.0100
1095,0.787078,0.0101
1096,0.785520,0.0100
1097,0.783722,0.0100
1098,0.783337,0.0102
1099,0.781466,0.0101
1100,0.779620,0.0101
1101,0.780417,0.0102
1102,0.780742,0.0101
1103,0.779005,0.0101
1104,0.779088,0.0101
1105,0.782915,0.0079
1106,0.789540,0.0062
1107,0.795774,0.0061
1108,0.801052,0.0061
1109,0.801745,0.0089
1110,0.800297,0.0106
1111,0.797874,0.0100
1112,0.795526,0.0099
1113,0.793331,0.0100
1114,0.795751,0.0100
1115,0.800014,0.0101
1116,0.802770,0.0101
1117,0.805238,0.0102
1118,0.807976,0.0101
1119,0.806738,0.0102
1120,0.799950,0.0101
1121,0.794410,0.0101
1122,0.798307,0.0102
1123,0.803525,0.0102
1124,0.801068,0.0102
1125,0.795563,0.0102
1126,0.794565,0.0101
1127,0.797895,0.0102
1128,0.801304,0.0101
1129,0.799260,0.0095
1130,0.800136,0.0063
1131,0.804721,0.0066
1132,0.806411,0.0093
1133,0.804164,0.0101
1134,0.800506,0.0100
1135,0.798975,0.0100
1136,0.801334,0.0100
1137,0.803614,0.0101
1138,0.804463,0.0086
1139,0.803892,0.0067
1140,0.800283,0.0061
1141,0.798328,0.0061
1142,0.796981,0.0089
1143,0.796713,0.0106
1144,0.795135,0.0100
1145,0.793651,0.0099
1146,0.794806,0.0100
1147,0.796996,0.0101
1148,0.795314,0.0102
1149,0.796553,0.0101
1150,0.803921,0.0102
1151,0.811383,0.0102
1152,0.815627,0.0103
1153,0.813903,0.0102
1154,0.811010,0.0103
1155,0.813406,0.0103
1156,0.820919,0.0103
1157,0.821845,0.0103
1158,0.817933,0.0102
1159,0.816252,0.0102
1160,0.819621,0.0103
1161,0.821514,0.0102
1162,0.818613,0.0102
1163,0.819521,0.0101
1164,0.824197,0.0101
1165,0.823608,0.0102
1166,0.820374,0.0102
1167,0.820118,0.0101
1168,0.818365,0.0102
1169,0.812345,0.0066
1170,0.809881,0.0061
1171,0.812218,0.0061
1172,0.813650,0.0061
1173,0.815570,0.0087
1174,0.815924,0.0064
1175,0.812883,0.0091
1176,0.808080,0.0099
1177,0.807629,0.0098
1178,0.810666,0.0100
1179,0.815387,0.0100
1180,0.816052,0.0100
1181,0.811941,0.0101
1182,0.806526,0.0101
1183,0.801181,0.0101
1184,0.797849,0.0101
1185,0.794253,0.0101
1186,0.797135,0.0101
1187,0.805094,0.0102
1188,0.811805,0.0101
1189,0.816980,0.0102
1190,0.818433,0.0102
1191,0.817640,0.0101
1192,0.816579,0.0102
1193,0.814076,0.0102
1194,0.810624,0.0102
1195,0.807406,0.0101
1196,0.803761,0.0102
1197,0.799333,0.0101
1198,0.795539,0.0101
1199,0.794311,0.0101
1200,0.796246,0.0101
1201,0.804353,0.0079
1202,0.812743,0.0065
1203,0.816636,0.0062
1204,0.820372,0.0061
1205,0.825178,0.0067
1206,0.827546,0.0117
1207,0.824943,0.0099
1208,0.819009,0.0099
1209,0.813178,0.0099
1210,0.809151,0.0100
1211,0.805835,0.0100
1212,0.801458,0.0094
1213,0.797045,0.0063
1214,0.794769,0.0066
1215,0.794725,0.0103
1216,0.794143,0.0100
1217,0.792235,0.0100
1218,0.789717,0.0100
1219,0.788764,0.0101
1220,0.789005,0.0102
1221,0.789148,0.0102
1222,0.787766,0.0101
1223,0.785722,0.0101
1224,0.791724,0.0102
1225,0.801187,0.0102
1226,0.802777,0.0102
1227,0.799587,0.0103
1228,0.795943,0.0104
1229,0.795292,0.0102
1230,0.792843,0.0103
1231,0.789387,0.0102
1232,0.788599,0.0102
1233,0.787074,0.0102
1234,0.784225,0.0091
1235,0.780520,0.0064
1236,0.779442,0.0061
1237,0.776337,0.0061
1238,0.776293,0.0089
1239,0.783862,0.0106
1240,0.793587,0.0100
1241,0.796152,0.0099
1242,0.792306,0.0100
1243,0.785376,0.0100
1244,0.778654,0.0101
1245,0.774752,0.0101
1246,0.776551,0.0101
1247,0.779120,0.0101
1248,0.787424,0.0101
1249,0.803830,0.0101
1250,0.818392,0.0102
1251,0.828905,0.0091
1252,0.836039,0.0080
1253,0.837113,0.0065
1254,0.833170,0.0093
1255,0.826335,0.0101
1256,0.817611,0.0100
1257,0.814569,0.0101
1258,0.812482,0.0101
1259,0.812164,0.0086
1260,0.811715,0.0101
1261,0.809003,0.0102
1262,0.805165,0.0102
1263,0.801087,0.0102
1264,0.797706,0.0101
1265,0.797818,0.0102
1266,0.803212,0.0102
1267,0.808356,0.0092
1268,0.812883,0.0064
1269,0.815184,0.0062
1270,0.810039,0.0061
1271,0.806009,0.0089
1272,0.801882,0.0107
1273,0.798988,0.0099
1274,0.796151,0.0100
1275,0.794418,0.0101
1276,0.791666,0.0101
1277,0.789056,0.0102
1278,0.790910,0.0101
1279,0.795710,0.0101
1280,0.797847,0.0101
1281,0.797894,0.0104
1282,0.797114,0.0101
1283,0.796907,0.0091
1284,0.798749,0.0102
1285,0.802453,0.0101
1286,0.802327,0.0101
1287,0.799304,0.0101
1288,0.797772,0.0101
1289,0.796346,0.0102
1290,0.793703,0.0101
1291,0.794227,0.0092
1292,0.801408,0.0081
1293,0.810952,0.0067
1294,0.817299,0.0093
1295,0.822002,0.0101
1296,0.822938,0.0101
1297,0.820824,0.0101
1298,0.814430,0.0102
1299,0.804484,0.0102
1300,0.794754,0.0091
1301,0.789095,0.0065
1302,0.785436,0.0062
1303,0.783807,0.0062
1304,0.789028,0.0090
1305,0.793844,0.0106
1306,0.795928,0.0099
1307,0.794710,0.0100
1308,0.789485,0.0100
1309,0.788017,0.0101
1310,0.789186,0.0101
1311,0.787127,0.0102
1312,0.786327,0.0101
1313,0.786128,0.0102
1314,0.790323,0.0102
1315,0.793480,0.0101
1316,0.793783,0.0102
1317,0.796175,0.0101
1318,0.800345,0.0101
1319,0.810699,0.0102
1320,0.820407,0.0102
1321,0.830922,0.0101
1322,0.834681,0.0101
1323,0.830381,0.0101
1324,0.821641,0.0101
1325,0.814884,0.0101
1326,0.813134,0.0102
1327,0.815770,0.0103
1328,0.817168,0.0102
1329,0.812513,0.0102
1330,0.803851,0.0102
1331,0.792987,0.0068
1332,0.786553,0.0062
1333,0.784461,0.0062
1334,0.787433,0.0087
1335,0.788386,0.0063
1336,0.787276,0.0066
1337,0.787140,0.0101
1338,0.788158,0.0099
1339,0.789934,0.0099
1340,0.789826,0.0099
1341,0.785761,0.0101
1342,0.784867,0.0101
1343,0.782837,0.0101
1344,0.780290,0.0102
1345,0.777656,0.0102
1346,0.780250,0.0102
1347,0.784887,0.0102
1348,0.785749,0.0102
1349,0.787340,0.0104
1350,0.788551,0.0101
1351,0.789282,0.0102
1352,0.790508,0.0102
1353,0.791887,0.0102
1354,0.791328,0.0101
1355,0.791741,0.0102
1356,0.791432,0.0087
1357,0.789304,0.0101
1358,0.786337,0.0102
1359,0.784200,0.0103
1360,0.781789,0.0103
1361,0.781688,0.0103
1362,0.781453,0.0103
1363,0.780356,0.0091
1364,0.781391,0.0065
1365,0.781287,0.0062
1366,0.781635,0.0062
1367,0.781718,0.0091
1368,0.782850,0.0107
1369,0.783797,0.0100
1370,0.783233,0.0100
1371,0.782736,0.0101
1372,0.781537,0.0101
1373,0.778093,0.0103
1374,0.777285,0.0086
1375,0.779576,0.0063
1376,0.783095,0.0070
1377,0.786896,0.0112
1378,0.788295,0.0102
1379,0.785618,0.0100
1380,0.784658,0.0101
1381,0.785149,0.0102
1382,0.783520,0.0102
1383,0.782879,0.0102
1384,0.785587,0.0101
1385,0.790422,0.0101
1386,0.791539,0.0102
1387,0.790228,0.0102
1388,0.786853,0.0104
1389,0.783904,0.0103
1390,0.785021,0.0103
1391,0.787436,0.0104
1392,0.788851,0.0103
1393,0.787281,0.0103
1394,0.784122,0.0103
1395,0.782467,0.0103
1396,0.783109,0.0082
1397,0.784947,0.0064
1398,0.785803,0.0063
1399,0.784164,0.0063
1400,0.781530,0.0069
1401,0.782432,0.0107
1402,0.787173,0.0101
1403,0.790596,0.0101
1404,0.789919,0.0102
1405,0.788301,0.0101
1406,0.785649,0.0103
1407,0.781819,0.0102
1408,0.777876,0.0103
1409,0.775956,0.0103
1410,0.773569,0.0103
1411,0.778354,0.0104
1412,0.788029,0.0102
1413,0.798138,0.0093
1414,0.808135,0.0083
1415,0.812050,0.0068
1416,0.812149,0.0095
1417,0.808065,0.0103
1418,0.802271,0.0101
1419,0.798527,0.0101
1420,0.796419,0.0102
1421,0.794384,0.0103
1422,0.791023,0.0102
1423,0.788542,0.0103
1424,0.786647,0.0102
1425,0.787630,0.0103
1426,0.789425,0.0103
1427,0.789310,0.0103
1428,0.788188,0.0104
1429,0.787767,0.0081
1430,0.784419,0.0069
1431,0.783128,0.0063
1432,0.784917,0.0063
1433,0.787640,0.0110
1434,0.787418,0.0100
1435,0.783532,0.0101
1436,0.781560,0.0101
1437,0.783014,0.0102
1438,0.784144,0.0102
1439,0.784333,0.0102
1440,0.784892,0.0104
1441,0.786840,0.0102
1442,0.787600,0.0102
1443,0.787012,0.0102
1444,0.788815,0.0104
1445,0.789180,0.0102
1446,0.788016,0.0103
1447,0.787226,0.0103
1448,0.788724,0.0103
1449,0.788958,0.0102
1450,0.789647,0.0102
1451,0.788840,0.0102
1452,0.786269,0.0102
1453,0.783096,0.0087
1454,0.783377,0.0063
1455,0.783253,0.0098
1456,0.784094,0.0103
1457,0.785498,0.0103
1458,0.783155,0.0104
1459,0.783502,0.0103
1460,0.785087,0.0104
1461,0.788722,0.0093
1462,0.790868,0.0067
1463,0.790498,0.0064
1464,0.796164,0.0064
1465,0.802043,0.0092
1466,0.797824,0.0108
1467,0.788544,0.0102
1468,0.784465,0.0102
1469,0.788182,0.0102
1470,0.786333,0.0102
1471,0.783775,0.0102
1472,0.783647,0.0104
1473,0.780595,0.0104
1474,0.778684,0.0105
1475,0.778743,0.0105
1476,0.778643,0.0104
1477,0.775090,0.0106
1478,0.773878,0.0105
1479,0.776085,0.0104
1480,0.777464,0.0105
1481,0.777197,0.0104
1482,0.778369,0.0105
1483,0.783844,0.0103
1484,0.794750,0.0105
1485,0.804901,0.0105
1486,0.810181,0.0105
1487,0.812383,0.0105
1488,0.813158,0.0105
1489,0.813255,0.0105
1490,0.809408,0.0104
1491,0.805228,0.0104
1492,0.802054,0.0072
1493,0.796776,0.0065
1494,0.792485,0.0065
1495,0.787404,0.0071
1496,0.779886,0.0085
1497,0.776590,0.0095
1498,0.777724,0.0102
1499,0.778206,0.0101
1500,0.779688,0.0103
1501,0.781192,0.0103
1502,0.781560,0.0104
1503,0.781548,0.0105
1504,0.783266,0.0104
1505,0.784887,0.0104
1506,0.788226,0.0105
1507,0.794683,0.0105
1508,0.802446,0.0105
1509,0.807857,0.0104
1510,0.811093,0.0106
1511,0.808180,0.0104
1512,0.804096,0.0106
1513,0.798598,0.0105
1514,0.793811,0.0104
1515,0.789179,0.0105
1516,0.787704,0.0105
1517,0.785816,0.0105
1518,0.783857,0.0106
1519,0.784260,0.0106
1520,0.785409,0.0106
1521,0.787324,0.0106
1522,0.785312,0.0105
1523,0.779607,0.0095
1524,0.779651,0.0069
1525,0.778663,0.0066
1526,0.775092,0.0066
1527,0.773184,0.0097
1528,0.773164,0.0109
1529,0.773202,0.0104
1530,0.773919,0.0104
1531,0.775580,0.0106
1532,0.776978,0.0105
1533,0.776190,0.0106
1534,0.773910,0.0089
1535,0.770867,0.0067
1536,0.770481,0.0098
1537,0.769940,0.0106
1538,0.769724,0.0104
1539,0.769258,0.0105
1540,0.768638,0.0106
1541,0.768908,0.0106
1542,0.769400,0.0106
1543,0.772213,0.0107
1544,0.772258,0.0108
1545,0.772505,0.0108
1546,0.782700,0.0107
1547,0.788796,0.0107
1548,0.786517,0.0107
1549,0.777572,0.0108
1550,0.772874,0.0107
1551,0.772738,0.0107
1552,0.776228,0.0107
1553,0.777659,0.0107
1554,0.778629,0.0107
1555,0.779822,0.0108
1556,0.779637,0.0074
1557,0.778888,0.0069
1558,0.777348,0.0069
1559,0.787011,0.0115
1560,0.801937,0.0105
1561,0.807839,0.0106
1562,0.805029,0.0107
1563,0.812645,0.0107
1564,0.815811,0.0108
1565,0.804462,0.0107
1566,0.790023,0.0108
1567,0.783940,0.0108
1568,0.784699,0.0108
1569,0.785496,0.0107
1570,0.778421,0.0107
1571,0.773555,0.0109
1572,0.773149,0.0101
1573,0.772688,0.0072
1574,0.773110,0.0103
1575,0.773431,0.0108
1576,0.773784,0.0106
1577,0.782805,0.0107
1578,0.791557,0.0107
1579,0.791129,0.0108
1580,0.785567,0.0109
1581,0.782813,0.0109
1582,0.785679,0.0110
1583,0.789420,0.0110
1584,0.791803,0.0110
1585,0.789664,0.0111
1586,0.789270,0.0110
1587,0.796809,0.0088
1588,0.804721,0.0072
1589,0.809030,0.0071
1590,0.810932,0.0071
1591,0.808715,0.0128
1592,0.802577,0.0106
1593,0.795082,0.0107
1594,0.787420,0.0108
1595,0.784017,0.0108
1596,0.782552,0.0108
1597,0.778579,0.0094
1598,0.778055,0.0094
1599,0.780832,0.0108
1600,0.781688,0.0109
1601,0.781695,0.0097
1602,0.782728,0.0109
1603,0.780032,0.0110
1604,0.775463,0.0110
1605,0.776519,0.0110
1606,0.778212,0.0110
1607,0.776819,0.0110
1608,0.773121,0.0109
1609,0.772682,0.0110
1610,0.770178,0.0109
1611,0.770586,0.0103
1612,0.769421,0.0073
1613,0.766682,0.0105
1614,0.766316,0.0108
1615,0.770926,0.0107
1616,0.777174,0.0108
1617,0.780017,0.0108
1618,0.776561,0.0109
1619,0.769410,0.0099
1620,0.771552,0.0074
1621,0.777393,0.0071
1622,0.780212,0.0071
1623,0.779940,0.0128
1624,0.776963,0.0107
1625,0.775419,0.0107
1626,0.776501,0.0107
1627,0.780810,0.0107
1628,0.783492,0.0108
1629,0.786806,0.0109
1630,0.788811,0.0109
1631,0.782800,0.0109
1632,0.774669,0.0109
1633,0.778607,0.0110
1634,0.781361,0.0110
1635,0.777549,0.0110
1636,0.774596,0.0110
1637,0.772063,0.0109
1638,0.769547,0.0109
1639,0.765081,0.0109
1640,0.766883,0.0109
1641,0.769854,0.0109
1642,0.772319,0.0109
1643,0.772169,0.0109
1644,0.772511,0.0109
1645,0.775160,0.0110
1646,0.771691,0.0110
1647,0.771559,0.0125
1648,0.776046,0.0111
1649,0.776098,0.0078
1650,0.776651,0.0072
1651,0.782084,0.0072
1652,0.787573,0.0097
1653,0.785987,0.0073
1654,0.783892,0.0110
1655,0.787534,0.0105
1656,0.787961,0.0105
1657,0.783592,0.0108
1658,0.782644,0.0108
1659,0.791680,0.0109
1660,0.791510,0.0109
1661,0.784243,0.0110
1662,0.780768,0.0110
1663,0.776782,0.0124
1664,0.774619,0.0111
1665,0.775623,0.0111
1666,0.774992,0.0111
1667,0.773214,0.0111
1668,0.772194,0.0110
1669,0.770135,0.0111
1670,0.767475,0.0110
1671,0.764294,0.0110
1672,0.763497,0.0110
1673,0.763241,0.0110
1674,0.764177,0.0110
1675,0.767099,0.0111
1676,0.767459,0.0110
1677,0.768242,0.0111
1678,0.771289,0.0111
1679,0.776809,0.0110
1680,0.780894,0.0077
1681,0.781524,0.0072
1682,0.780912,0.0072
1683,0.777926,0.0130
1684,0.779058,0.0107
1685,0.779406,0.0108
1686,0.781029,0.0108
1687,0.781083,0.0110
1688,0.781575,0.0110
1689,0.789512,0.0104
1690,0.799346,0.0074
1691,0.805728,0.0104
1692,0.806415,0.0109
1693,0.802167,0.0110
1694,0.800559,0.0109
1695,0.797421,0.0109
1696,0.798688,0.0110
1697,0.803905,0.0110
1698,0.807345,0.0110
1699,0.805145,0.0110
1700,0.800539,0.0111
1701,0.795566,0.0111
1702,0.788544,0.0125
1703,0.785885,0.0111
1704,0.788188,0.0110
1705,0.788737,0.0111
1706,0.788474,0.0111
1707,0.794799,0.0111
1708,0.802273,0.0111
1709,0.795052,0.0111
1710,0.781093,0.0103
1711,0.783095,0.0073
1712,0.789122,0.0072
1713,0.784411,0.0072
1714,0.776718,0.0130
1715,0.772312,0.0107
1716,0.772929,0.0108
1717,0.775856,0.0108
1718,0.775346,0.0110
1719,0.773957,0.0095
1720,0.772539,0.0111
1721,0.769737,0.0111
1722,0.770503,0.0111
1723,0.778292,0.0124
1724,0.781260,0.0110
1725,0.782522,0.0110
1726,0.783630,0.0110
1727,0.783463,0.0093
1728,0.781986,0.0077
1729,0.783659,0.0115
1730,0.784779,0.0109
1731,0.783998,0.0094
1732,0.778649,0.0109
1733,0.776386,0.0109
1734,0.775200,0.0109
1735,0.774793,0.0110
1736,0.772626,0.0110
1737,0.811637,0.0110
1738,0.867769,0.0111
1739,0.897621,0.0125
1740,0.897834,0.0126
1741,0.874689,0.0101
1742,0.847372,0.0075
1743,0.823098,0.0076
1744,0.801826,0.0072
1745,0.783200,0.0131
1746,0.772968,0.0108
1747,0.775891,0.0108
1748,0.780101,0.0111
1749,0.778684,0.0111
1750,0.786266,0.0110
1751,0.798131,0.0110
1752,0.795802,0.0109
1753,0.798440,0.0110
1754,0.815398,0.0110
1755,0.827117,0.0111
1756,0.826131,0.0111
1757,0.821802,0.0125
1758,0.821329,0.0125
1759,0.816811,0.0112
1760,0.799813,0.0111
1761,0.785560,0.0128
1762,0.782690,0.0111
1763,0.783656,0.0101
1764,0.782510,0.0091
1765,0.781729,0.0077
1766,0.784148,0.0113
1767,0.789243,0.0109
1768,0.792247,0.0110
1769,0.791853,0.0110
1770,0.791594,0.0110
1771,0.792884,0.0125
1772,0.793796,0.0078
1773,0.791559,0.0073
1774,0.793317,0.0073
1775,0.793917,0.0131
1776,0.789990,0.0109
1777,0.786680,0.0113
1778,0.791212,0.0110
1779,0.791531,0.0110
1780,0.787284,0.0110
1781,0.782398,0.0110
1782,0.779290,0.0110
1783,0.777744,0.0110
1784,0.781113,0.0110
1785,0.782197,0.0125
1786,0.783283,0.0112
1787,0.784770,0.0112
1788,0.784011,0.0112
1789,0.781477,0.0111
1790,0.777672,0.0111
1791,0.775935,0.0111
1792,0.775623,0.0124
1793,0.777193,0.0111
1794,0.776754,0.0111
1795,0.777794,0.0112
1796,0.780757,0.0112
1797,0.780243,0.0114
1798,0.779445,0.0111
1799,0.776436,0.0111
1800,0.774588,0.0100
1801,0.772747,0.0073
1802,0.773703,0.0072
1803,0.773620,0.0072
1804,0.771091,0.0098
1805,0.769685,0.0075
1806,0.771113,0.0109
1807,0.770761,0.0105
1808,0.770530,0.0107
1809,0.772039,0.0108
1810,0.769765,0.0110
1811,0.770820,0.0110
1812,0.772199,0.0124
1813,0.775944,0.0112
1814,0.778797,0.0112
1815,0.778740,0.0112
1816,0.777465,0.0111
1817,0.774829,0.0111
1818,0.776735,0.0110
1819,0.778284,0.0124
1820,0.776611,0.0124
1821,0.774826,0.0124
1822,0.771856,0.0111
1823,0.771256,0.0111
1824,0.769258,0.0111
1825,0.768075,0.0111
1826,0.767118,0.0112
1827,0.767943,0.0112
1828,0.768161,0.0112
1829,0.768340,0.0126
1830,0.768659,0.0101
1831,0.772071,0.0076
1832,0.772119,0.0072
1833,0.768780,0.0072
1834,0.770064,0.0129
1835,0.769240,0.0107
1836,0.767722,0.0109
1837,0.769100,0.0110
1838,0.766269,0.0111
1839,0.770412,0.0111
1840,0.769929,0.0106
1841,0.770187,0.0075
1842,0.768186,0.0105
1843,0.765384,0.0124
1844,0.772235,0.0124
1845,0.786515,0.0111
1846,0.797037,0.0111
1847,0.802716,0.0111
1848,0.805996,0.0110
1849,0.794084,0.0111
1850,0.778296,0.0126
1851,0.770177,0.0112
1852,0.770437,0.0125
1853,0.770600,0.0112
1854,0.772483,0.0111
1855,0.772973,0.0112
1856,0.782100,0.0126
1857,0.773906,0.0112
1858,0.768370,0.0113
1859,0.772533,0.0112
1860,0.772242,0.0091
1861,0.767622,0.0073
1862,0.770781,0.0072
1863,0.781982,0.0100
1864,0.790139,0.0113
1865,0.781283,0.0109
1866,0.774956,0.0110
1867,0.782033,0.0125
1868,0.785689,0.0126
1869,0.778436,0.0125
1870,0.774819,0.0126
1871,0.784030,0.0112
1872,0.794159,0.0112
1873,0.803060,0.0112
1874,0.810471,0.0126
1875,0.808399,0.0094
1876,0.802544,0.0077
1877,0.795560,0.0114
1878,0.789781,0.0109
1879,0.785416,0.0108
1880,0.780402,0.0109
1881,0.774172,0.0123
1882,0.767672,0.0125
1883,0.762718,0.0127
1884,0.760707,0.0113
1885,0.760926,0.0114
1886,0.761032,0.0112
1887,0.761184,0.0111
1888,0.760495,0.0116
1889,0.760625,0.0076
1890,0.761960,0.0073
1891,0.763750,0.0073
1892,0.766081,0.0131
1893,0.768522,0.0108
1894,0.770762,0.0109
1895,0.773673,0.0108
1896,0.776929,0.0109
1897,0.779850,0.0110
1898,0.782199,0.0112
1899,0.783205,0.0125
1900,0.783628,0.0112
1901,0.783380,0.0112
1902,0.781568,0.0111
1903,0.780807,0.0112
1904,0.778690,0.0112
1905,0.777379,0.0125
1906,0.778649,0.0125
1907,0.780741,0.0111
1908,0.782799,0.0111
1909,0.784358,0.0111
1910,0.783645,0.0101
1911,0.781875,0.0092
1912,0.778418,0.0078
1913,0.775222,0.0115
1914,0.772572,0.0124
1915,0.770238,0.0110
1916,0.767615,0.0111
1917,0.764310,0.0125
1918,0.763378,0.0104
1919,0.765135,0.0074
1920,0.768546,0.0073
1921,0.772731,0.0077
1922,0.779387,0.0127
1923,0.784448,0.0108
1924,0.787109,0.0108
1925,0.787682,0.0109
1926,0.785137,0.0110
1927,0.779271,0.0110
1928,0.772489,0.0112
1929,0.767655,0.0125
1930,0.764946,0.0112
1931,0.763274,0.0125
1932,0.761215,0.0125
1933,0.760335,0.0112
1934,0.761435,0.0125
1935,0.763519,0.0096
1936,0.765334,0.0111
1937,0.764884,0.0111
1938,0.764005,0.0110
1939,0.763855,0.0124
1940,0.764314,0.0124
1941,0.764484,0.0126
1942,0.763087,0.0113
1943,0.760471,0.0126
1944,0.758395,0.0113
1945,0.756588,0.0113
1946,0.755146,0.0080
1947,0.752730,0.0074
1948,0.750545,0.0074
1949,0.748736,0.0098
1950,0.747234,0.0077
1951,0.747528,0.0113
1952,0.750356,0.0107
1953,0.755453,0.0109
1954,0.760064,0.0109
1955,0.764341,0.0124
1956,0.767628,0.0111
1957,0.766996,0.0111
1958,0.764734,0.0125
1959,0.762008,0.0112
1960,0.759417,0.0125
1961,0.758506,0.0112
1962,0.758440,0.0113
1963,0.757032,0.0125
1964,0.755614,0.0125
1965,0.755964,0.0112
1966,0.755121,0.0126
1967,0.753240,0.0126
1968,0.750435,0.0113
1969,0.747446,0.0126
1970,0.746797,0.0113
1971,0.746906,0.0127
1972,0.747778,0.0113
1973,0.748558,0.0113
1974,0.748560,0.0091
1975,0.747475,0.0078
1976,0.747078,0.0073
1977,0.746017,0.0079
1978,0.745594,0.0140
1979,0.744833,0.0109
1980,0.743868,0.0109
1981,0.746691,0.0110
1982,0.751077,0.0111
1983,0.755126,0.0111
1984,0.758970,0.0095
1985,0.761188,0.0078
1986,0.762810,0.0103
1987,0.764273,0.0109
1988,0.763856,0.0109
1989,0.763533,0.0110
1990,0.762323,0.0123
1991,0.760081,0.0111
1992,0.758566,0.0126
1993,0.757899,0.0113
1994,0.757184,0.0127
1995,0.755997,0.0126
1996,0.753611,0.0115
1997,0.750286,0.0126
1998,0.747830,0.0113
1999,0.747394,0.0112
2000,0.748070,0.0113
2001,0.748081,0.0114
2002,0.747237,0.0127
2003,0.744384,0.0103
2004,0.742331,0.0077
2005,0.741244,0.0074
2006,0.740460,0.0073
2007,0.740251,0.0118
2008,0.739383,0.0109
2009,0.739566,0.0109
2010,0.741379,0.0109
2011,0.746019,0.0109
2012,0.752315,0.0124
2013,0.756549,0.0112
2014,0.756788,0.0113
2015,0.754497,0.0113
2016,0.752637,0.0113
2017,0.750019,0.0112
2018,0.747963,0.0112
2019,0.746733,0.0112
2020,0.744780,0.0095
2021,0.743927,0.0077
2022,0.742500,0.0115
2023,0.742026,0.0109
2024,0.740619,0.0109
2025,0.740052,0.0109
2026,0.739859,0.0110
2027,0.739751,0.0124
2028,0.739494,0.0125
2029,0.739277,0.0126
2030,0.739878,0.0127
2031,0.741643,0.0113
2032,0.743034,0.0113
2033,0.746973,0.0103
2034,0.750964,0.0077
2035,0.753778,0.0074
2036,0.753764,0.0074
2037,0.750920,0.0133
2038,0.748570,0.0109
2039,0.746666,0.0109
2040,0.745715,0.0123
2041,0.744557,0.0125
2042,0.744019,0.0126
2043,0.744401,0.0126
2044,0.745411,0.0126
2045,0.746174,0.0113
2046,0.747669,0.0113
2047,0.749822,0.0113
2048,0.751919,0.0112
2049,0.754516,0.0126
2050,0.755386,0.0126
2051,0.756152,0.0126
2052,0.757024,0.0126
2053,0.757399,0.0120
2054,0.756288,0.0080
2055,0.754579,0.0108
2056,0.752542,0.0126
2057,0.749585,0.0124
2058,0.746447,0.0125
2059,0.742714,0.0126
2060,0.739634,0.0091
2061,0.738494,0.0074
2062,0.739048,0.0074
2063,0.742019,0.0118
2064,0.743720,0.0111
2065,0.743958,0.0110
2066,0.743201,0.0111
2067,0.741461,0.0110
2068,0.739780,0.0110
2069,0.739301,0.0110
2070,0.739511,0.0124
2071,0.738738,0.0111
2072,0.739421,0.0096
2073,0.739692,0.0111
2074,0.740955,0.0112
2075,0.742981,0.0097
2076,0.745367,0.0124
2077,0.748412,0.0126
2078,0.749897,0.0126
2079,0.750469,0.0112
2080,0.751800,0.0126
2081,0.753095,0.0126
2082,0.754844,0.0126
2083,0.758216,0.0126
2084,0.765855,0.0126
2085,0.771852,0.0126
2086,0.774692,0.0116
2087,0.773525,0.0077
2088,0.769418,0.0074
2089,0.765094,0.0073
2090,0.759778,0.0098
2091,0.755994,0.0080
2092,0.754174,0.0109
2093,0.754084,0.0108
2094,0.754364,0.0109
2095,0.754067,0.0109
2096,0.751593,0.0111
2097,0.748203,0.0125
2098,0.748447,0.0125
2099,0.757070,0.0125
2100,0.767477,0.0125
2101,0.776143,0.0125
2102,0.779765,0.0126
2103,0.780101,0.0112
2104,0.778249,0.0126
2105,0.776705,0.0112
2106,0.775522,0.0112
2107,0.775464,0.0113
2108,0.776800,0.0113
2109,0.778621,0.0126
2110,0.782382,0.0113
2111,0.787500,0.0112
2112,0.790375,0.0113
2113,0.788683,0.0113
2114,0.783487,0.0126
2115,0.778215,0.0091
2116,0.775732,0.0075
2117,0.776721,0.0073
2118,0.779602,0.0080
2119,0.778472,0.0126
2120,0.773963,0.0108
2121,0.768071,0.0109
2122,0.764140,0.0109
2123,0.760732,0.0124
2124,0.758491,0.0113
2125,0.757801,0.0096
2126,0.756680,0.0079
2127,0.754138,0.0117
2128,0.752945,0.0112
2129,0.751071,0.0125
2130,0.749400,0.0125
2131,0.747485,0.0112
2132,0.745622,0.0112
2133,0.744637,0.0125
2134,0.743759,0.0125
2135,0.741676,0.0126
2136,0.740167,0.0126
2137,0.739955,0.0126
2138,0.739156,0.0113
2139,0.739432,0.0127
2140,0.739542,0.0113
2141,0.738629,0.0126
2142,0.737452,0.0126
2143,0.738780,0.0092
2144,0.737374,0.0075
2145,0.736453,0.0074
2146,0.739187,0.0101
2147,0.744400,0.0115
2148,0.748997,0.0109
2149,0.751737,0.0109
2150,0.749563,0.0110
2151,0.745212,0.0111
2152,0.743213,0.0112
2153,0.742519,0.0113
2154,0.742399,0.0127
2155,0.746316,0.0127
2156,0.748932,0.0113
2157,0.749535,0.0101
2158,0.747560,0.0097
2159,0.744163,0.0119
2160,0.741222,0.0075
2161,0.737775,0.0108
2162,0.736192,0.0126
2163,0.735092,0.0110
2164,0.734798,0.0113
2165,0.735070,0.0128
2166,0.736462,0.0112
2167,0.737462,0.0127
2168,0.738340,0.0113
2169,0.738765,0.0112
2170,0.738315,0.0112
2171,0.738576,0.0126
2172,0.739197,0.0112
2173,0.738962,0.0079
2174,0.739072,0.0074
2175,0.739615,0.0073
2176,0.739933,0.0132
2177,0.741566,0.0124
2178,0.742858,0.0124
2179,0.743987,0.0113
2180,0.742659,0.0125
2181,0.740301,0.0126
2182,0.737859,0.0113
2183,0.735942,0.0098
2184,0.734903,0.0113
2185,0.738292,0.0126
2186,0.747642,0.0112
2187,0.756470,0.0111
2188,0.761167,0.0112
2189,0.761197,0.0111
2190,0.757782,0.0111
2191,0.751292,0.0126
2192,0.745148,0.0126
2193,0.739144,0.0102
2194,0.735080,0.0093
2195,0.733213,0.0079
2196,0.733479,0.0116
2197,0.734284,0.0124
2198,0.735482,0.0111
2199,0.735295,0.0124
2200,0.734680,0.0127
2201,0.734249,0.0081
2202,0.733659,0.0074
2203,0.732144,0.0073
2204,0.731583,0.0133
2205,0.731150,0.0109
2206,0.735059,0.0109
2207,0.739388,0.0111
2208,0.741478,0.0123
2209,0.741710,0.0124
2210,0.741833,0.0126
2211,0.741486,0.0112
2212,0.740288,0.0112
2213,0.740277,0.0125
2214,0.740189,0.0126
2215,0.739240,0.0113
2216,0.738182,0.0113
2217,0.738686,0.0126
2218,0.738234,0.0113
2219,0.737823,0.0127
2220,0.735994,0.0114
2221,0.733855,0.0126
2222,0.732763,0.0113
2223,0.733096,0.0112
2224,0.733704,0.0126
2225,0.734449,0.0113
2226,0.734503,0.0113
2227,0.733966,0.0092
2228,0.734062,0.0074
2229,0.735972,0.0078
2230,0.738484,0.0100
2231,0.742244,0.0075
2232,0.743760,0.0102
2233,0.743385,0.0108
2234,0.745268,0.0107
2235,0.749312,0.0109
2236,0.750444,0.0124
2237,0.749630,0.0126
2238,0.749302,0.0128
2239,0.748991,0.0128
2240,0.749560,0.0128
2241,0.750201,0.0128
2242,0.749689,0.0127
2243,0.750124,0.0127
2244,0.750867,0.0126
2245,0.751585,0.0113
2246,0.751883,0.0113
2247,0.751610,0.0126
2248,0.751017,0.0112
2249,0.750062,0.0112
2250,0.749333,0.0111
2251,0.750320,0.0111
2252,0.754614,0.0112
2253,0.759934,0.0112
2254,0.764050,0.0126
2255,0.767655,0.0079
2256,0.767768,0.0074
2257,0.764561,0.0074
2258,0.758780,0.0130
2259,0.753260,0.0108
2260,0.749571,0.0111
2261,0.748758,0.0112
2262,0.749090,0.0112
2263,0.748584,0.0124
2264,0.746914,0.0095
2265,0.747214,0.0079
2266,0.747515,0.0114
2267,0.747501,0.0109
2268,0.743670,0.0109
2269,0.740092,0.0109
2270,0.742266,0.0110
2271,0.747593,0.0123
2272,0.748133,0.0110
2273,0.745907,0.0111
2274,0.744284,0.0111
2275,0.742779,0.0125
2276,0.739566,0.0112
2277,0.737132,0.0112
2278,0.735522,0.0112
2279,0.735824,0.0127
2280,0.736858,0.0112
2281,0.736966,0.0125
2282,0.736745,0.0124
2283,0.734898,0.0115
2284,0.732272,0.0077
2285,0.730127,0.0074
2286,0.730284,0.0074
2287,0.731751,0.0133
2288,0.733722,0.0124
2289,0.733406,0.0111
2290,0.734073,0.0112
2291,0.734362,0.0112
2292,0.735873,0.0125
2293,0.737417,0.0125
2294,0.737908,0.0125
2295,0.738228,0.0113
2296,0.737566,0.0112
2297,0.737105,0.0113
2298,0.734498,0.0102
2299,0.732596,0.0092
2300,0.734095,0.0078
2301,0.737968,0.0117
2302,0.743824,0.0125
2303,0.747111,0.0124
2304,0.748151,0.0125
2305,0.747076,0.0125
2306,0.745815,0.0097
2307,0.745158,0.0125
2308,0.745319,0.0125
2309,0.747099,0.0113
2310,0.748568,0.0128
2311,0.747045,0.0116
2312,0.746192,0.0077
2313,0.746085,0.0074
2314,0.745508,0.0074
2315,0.744058,0.0133
2316,0.743357,0.0109
2317,0.744089,0.0109
2318,0.744015,0.0122
2319,0.744536,0.0110
2320,0.744986,0.0096
2321,0.743405,0.0124
2322,0.742255,0.0126
2323,0.741834,0.0114
2324,0.742459,0.0113
2325,0.741690,0.0126
2326,0.741371,0.0126
2327,0.740456,0.0113
2328,0.738692,0.0114
2329,0.738055,0.0114
2330,0.739271,0.0127
2331,0.740990,0.0126
2332,0.742520,0.0119
2333,0.742824,0.0076
2334,0.742352,0.0109
2335,0.741746,0.0124
2336,0.740283,0.0113
2337,0.738367,0.0113
2338,0.737173,0.0126
2339,0.735312,0.0113
2340,0.732916,0.0080
2341,0.730894,0.0074
2342,0.729166,0.0073
2343,0.729169,0.0130
2344,0.729186,0.0122
2345,0.728796,0.0123
2346,0.728875,0.0111
2347,0.730141,0.0111
2348,0.730109,0.0125
2349,0.728454,0.0098
2350,0.728032,0.0127
2351,0.727705,0.0127
2352,0.727329,0.0127
2353,0.727377,0.0126
2354,0.728046,0.0114
2355,0.729436,0.0128
2356,0.732154,0.0127
2357,0.737254,0.0114
2358,0.739494,0.0126
2359,0.737427,0.0098
2360,0.733330,0.0128
2361,0.731141,0.0126
2362,0.731970,0.0127
2363,0.734487,0.0126
2364,0.738143,0.0127
2365,0.740575,0.0081
2366,0.740773,0.0075
2367,0.742088,0.0074
2368,0.743184,0.0100
2369,0.742608,0.0077
2370,0.741622,0.0112
2371,0.740545,0.0108
2372,0.739847,0.0108
2373,0.738574,0.0122
2374,0.736764,0.0110
2375,0.734366,0.0124
2376,0.732368,0.0114
2377,0.730496,0.0114
2378,0.729104,0.0114
2379,0.727537,0.0127
2380,0.726676,0.0114
2381,0.726574,0.0128
2382,0.726010,0.0113
2383,0.725214,0.0112
2384,0.725044,0.0113
2385,0.724820,0.0127
2386,0.728769,0.0112
2387,0.735739,0.0126
2388,0.741812,0.0126
2389,0.745217,0.0126
2390,0.744718,0.0113
2391,0.741242,0.0126
2392,0.736220,0.0111
2393,0.731962,0.0092
2394,0.728814,0.0075
2395,0.728168,0.0075
2396,0.729209,0.0079
2397,0.731253,0.0141
2398,0.733841,0.0110
2399,0.734146,0.0111
2400,0.735225,0.0124
2401,0.735893,0.0113
2402,0.737268,0.0110
2403,0.737894,0.0074
2404,0.737844,0.0105
2405,0.738428,0.0127
2406,0.738440,0.0111
2407,0.738977,0.0111
2408,0.740367,0.0111
2409,0.740988,0.0124
2410,0.740399,0.0126
2411,0.739320,0.0127
2412,0.738407,0.0114
2413,0.738654,0.0113
2414,0.738842,0.0126
2415,0.737541,0.0113
2416,0.735276,0.0127
2417,0.732649,0.0127
2418,0.729429,0.0114
2419,0.727441,0.0113
2420,0.725454,0.0126
2421,0.724238,0.0092
2422,0.723502,0.0074
2423,0.724781,0.0074
2424,0.725238,0.0102
2425,0.723652,0.0113
2426,0.721772,0.0108
2427,0.720887,0.0108
2428,0.721746,0.0110
2429,0.725632,0.0111
2430,0.729178,0.0112
2431,0.732506,0.0111
2432,0.734174,0.0126
2433,0.734232,0.0113
2434,0.732835,0.0113
2435,0.730822,0.0113
2436,0.730020,0.0126
2437,0.729905,0.0096
2438,0.728884,0.0079
2439,0.726656,0.0117
2440,0.725323,0.0111
2441,0.724191,0.0111
2442,0.723764,0.0124
2443,0.723741,0.0126
2444,0.724653,0.0125
2445,0.725441,0.0126
2446,0.727085,0.0113
2447,0.728492,0.0114
2448,0.730861,0.0113
2449,0.732870,0.0127
2450,0.735019,0.0091
2451,0.739210,0.0075
2452,0.744167,0.0077
2453,0.746779,0.0079
2454,0.747379,0.0139
2455,0.745780,0.0108
2456,0.745875,0.0123
2457,0.748138,0.0111
2458,0.750923,0.0112
2459,0.754806,0.0124
2460,0.756198,0.0124
2461,0.757341,0.0125
2462,0.761790,0.0125
2463,0.769135,0.0125
2464,0.772933,0.0125
2465,0.774850,0.0125
2466,0.776274,0.0127
2467,0.777468,0.0127
2468,0.778232,0.0126
2469,0.777666,0.0121
2470,0.772288,0.0076
2471,0.766921,0.0080
2472,0.765129,0.0116
2473,0.769248,0.0125
2474,0.770601,0.0112
2475,0.767236,0.0125
2476,0.760417,0.0125
2477,0.754844,0.0092
2478,0.753501,0.0074
2479,0.753350,0.0073
2480,0.755062,0.0102
2481,0.756590,0.0113
2482,0.758396,0.0122
2483,0.758307,0.0110
2484,0.757744,0.0110
2485,0.758271,0.0111
2486,0.757868,0.0111
2487,0.758817,0.0112
2488,0.760339,0.0125
2489,0.762791,0.0112
2490,0.764930,0.0113
2491,0.767815,0.0125
2492,0.772490,0.0112
2493,0.781500,0.0125
2494,0.790726,0.0125
2495,0.797897,0.0113
2496,0.801574,0.0113
2497,0.801057,0.0126
2498,0.796724,0.0127
2499,0.791858,0.0126
2500,0.786784,0.0127
2501,0.782501,0.0128
2502,0.779241,0.0127
2503,0.777084,0.0092
2504,0.775533,0.0076
2505,0.773556,0.0075
2506,0.770624,0.0078
2507,0.767003,0.0096
2508,0.764330,0.0106
2509,0.761839,0.0109
2510,0.759254,0.0110
2511,0.757048,0.0110
2512,0.755906,0.0110
2513,0.754760,0.0123
2514,0.752888,0.0110
2515,0.751733,0.0124
2516,0.749660,0.0111
2517,0.747121,0.0113
2518,0.745372,0.0112
2519,0.744179,0.0113
2520,0.744126,0.0112
2521,0.744403,0.0128
2522,0.745071,0.0112
2523,0.743476,0.0126
2524,0.742986,0.0113
2525,0.743919,0.0127
2526,0.747604,0.0114
2527,0.752940,0.0127
2528,0.758630,0.0127
2529,0.762708,0.0113
2530,0.764862,0.0127
2531,0.763348,0.0115
2532,0.760350,0.0077
2533,0.755638,0.0074
2534,0.751979,0.0074
2535,0.753882,0.0133
2536,0.762042,0.0109
2537,0.772991,0.0123
2538,0.783599,0.0112
2539,0.791100,0.0112
2540,0.794437,0.0112
2541,0.794481,0.0096
2542,0.792549,0.0078
2543,0.788417,0.0117
2544,0.784260,0.0124
2545,0.779217,0.0124
2546,0.774108,0.0112
2547,0.770014,0.0113
2548,0.767152,0.0112
2549,0.764597,0.0125
2550,0.760872,0.0112
2551,0.758633,0.0126
2552,0.756751,0.0114
2553,0.754155,0.0127
2554,0.750646,0.0114
2555,0.753886,0.0114
2556,0.755645,0.0114
2557,0.750492,0.0127
2558,0.748038,0.0127
2559,0.752214,0.0113
2560,0.754070,0.0091
2561,0.754095,0.0075
2562,0.757305,0.0074
2563,0.760690,0.0074
2564,0.761102,0.0132
2565,0.761284,0.0108
2566,0.761457,0.0110
2567,0.759610,0.0123
2568,0.756756,0.0125
2569,0.753465,0.0125
2570,0.751723,0.0127
2571,0.751138,0.0127
2572,0.749606,0.0128
2573,0.746976,0.0113
2574,0.746613,0.0116
2575,0.746645,0.0093
2576,0.745595,0.0079
2577,0.742998,0.0115
2578,0.740713,0.0111
2579,0.739786,0.0124
2580,0.738470,0.0112
2581,0.737321,0.0125
2582,0.738190,0.0125
2583,0.740244,0.0113
2584,0.740415,0.0113
2585,0.739636,0.0113
2586,0.738846,0.0114
2587,0.738222,0.0114
2588,0.737059,0.0114
2589,0.736800,0.0080
2590,0.737414,0.0074
2591,0.736914,0.0074
2592,0.736201,0.0132
2593,0.735115,0.0123
2594,0.734448,0.0123
2595,0.734143,0.0111
2596,0.734056,0.0096
2597,0.733563,0.0123
2598,0.733064,0.0125
2599,0.732827,0.0112
2600,0.732643,0.0125
2601,0.732156,0.0113
2602,0.732352,0.0126
2603,0.734134,0.0113
2604,0.738772,0.0127
2605,0.747028,0.0113
2606,0.753987,0.0126
2607,0.757023,0.0127
2608,0.757529,0.0120
2609,0.757392,0.0076
2610,0.758232,0.0109
2611,0.761448,0.0123
2612,0.767209,0.0111
2613,0.771159,0.0111
2614,0.770733,0.0112
2615,0.767266,0.0125
2616,0.763846,0.0080
2617,0.760468,0.0074
2618,0.756739,0.0074
2619,0.753681,0.0132
2620,0.753200,0.0122
2621,0.754187,0.0123
2622,0.754881,0.0124
2623,0.757952,0.0127
2624,0.760581,0.0127
2625,0.762104,0.0113
2626,0.761010,0.0127
2627,0.758633,0.0113
2628,0.755544,0.0112
2629,0.752639,0.0113
2630,0.749078,0.0126
2631,0.745938,0.0126
2632,0.744728,0.0126
2633,0.745166,0.0113
2634,0.747245,0.0114
2635,0.750566,0.0127
2636,0.754780,0.0127
2637,0.759024,0.0127
2638,0.762343,0.0127
2639,0.763968,0.0127
2640,0.764734,0.0106
2641,0.764763,0.0076
2642,0.765065,0.0075
2643,0.764488,0.0080
2644,0.762794,0.0096
2645,0.760695,0.0080
2646,0.757885,0.0097
2647,0.754516,0.0107
2648,0.752136,0.0107
2649,0.749144,0.0109
2650,0.744793,0.0110
2651,0.741159,0.0112
2652,0.738422,0.0112
2653,0.736066,0.0112
2654,0.734092,0.0126
2655,0.732474,0.0113
2656,0.731242,0.0114
2657,0.730440,0.0113
2658,0.729027,0.0126
2659,0.727913,0.0127
2660,0.727725,0.0114
2661,0.727339,0.0127
2662,0.725947,0.0127
2663,0.725724,0.0113
2664,0.725236,0.0127
2665,0.724525,0.0128
2666,0.724671,0.0128
2667,0.724663,0.0128
2668,0.723957,0.0128
2669,0.723357,0.0092
2670,0.722424,0.0076
2671,0.721549,0.0081
2672,0.720944,0.0081
2673,0.720800,0.0143
2674,0.720087,0.0123
2675,0.719885,0.0111
2676,0.719325,0.0112
2677,0.718605,0.0125
2678,0.717967,0.0108
2679,0.717927,0.0075
2680,0.718154,0.0105
2681,0.717884,0.0110
2682,0.716964,0.0110
2683,0.717403,0.0110
2684,0.717258,0.0112
2685,0.716619,0.0125
2686,0.716535,0.0113
2687,0.715705,0.0113
2688,0.715408,0.0126
2689,0.715691,0.0114
2690,0.716060,0.0138
2691,0.715936,0.0113
2692,0.716684,0.0113
2693,0.716415,0.0113
2694,0.716566,0.0126
2695,0.716739,0.0113
2696,0.716527,0.0113
2697,0.716383,0.0113
2698,0.716266,0.0103
2699,0.716226,0.0078
2700,0.716031,0.0075
2701,0.715931,0.0074
2702,0.716733,0.0135
2703,0.717337,0.0111
2704,0.717546,0.0112
2705,0.716903,0.0124
2706,0.717039,0.0114
2707,0.717335,0.0127
2708,0.717372,0.0126
2709,0.717375,0.0126
2710,0.717724,0.0113
2711,0.717192,0.0128
2712,0.716421,0.0113
2713,0.716347,0.0111
2714,0.716844,0.0075
2715,0.717086,0.0107
2716,0.717730,0.0125
2717,0.718130,0.0124
2718,0.718217,0.0127
2719,0.718528,0.0113
2720,0.718566,0.0113
2721,0.718062,0.0127
2722,0.718306,0.0128
2723,0.718791,0.0127
2724,0.720200,0.0114
2725,0.721716,0.0114
2726,0.722289,0.0093
2727,0.722570,0.0075
2728,0.722348,0.0075
2729,0.722039,0.0120
2730,0.721691,0.0110
2731,0.721361,0.0110
2732,0.721786,0.0110
2733,0.722125,0.0112
2734,0.722296,0.0112
2735,0.721920,0.0112
2736,0.721472,0.0125
2737,0.721854,0.0125
2738,0.723145,0.0126
2739,0.725191,0.0113
2740,0.727214,0.0113
2741,0.730046,0.0113
2742,0.732173,0.0112
2743,0.733712,0.0113
2744,0.734313,0.0126
2745,0.734615,0.0113
2746,0.734564,0.0113
2747,0.734420,0.0103
2748,0.734209,0.0094
2749,0.733749,0.0079
2750,0.733494,0.0115
2751,0.732816,0.0124
2752,0.733346,0.0123
2753,0.733944,0.0124
2754,0.734255,0.0113
2755,0.735282,0.0092
2756,0.736082,0.0076
2757,0.735604,0.0075
2758,0.734684,0.0081
2759,0.733422,0.0141
2760,0.731617,0.0123
2761,0.729501,0.0124
2762,0.728518,0.0113
2763,0.727602,0.0126
2764,0.726973,0.0113
2765,0.726551,0.0113
2766,0.725910,0.0126
2767,0.728342,0.0114
2768,0.734393,0.0114
2769,0.741887,0.0114
2770,0.749286,0.0114
2771,0.754092,0.0112
2772,0.756887,0.0126
2773,0.756064,0.0125
2774,0.752392,0.0127
2775,0.746375,0.0114
2776,0.738975,0.0127
2777,0.734166,0.0126
2778,0.733108,0.0113
2779,0.733028,0.0114
2780,0.734812,0.0128
2781,0.738014,0.0104
2782,0.739464,0.0078
2783,0.737978,0.0075
2784,0.734068,0.0075
2785,0.730834,0.0100
2786,0.728002,0.0080
2787,0.726474,0.0112
2788,0.725411,0.0108
2789,0.724735,0.0109
2790,0.724914,0.0110
2791,0.725204,0.0111
2792,0.724950,0.0111
2793,0.724374,0.0113
2794,0.723192,0.0114
2795,0.722237,0.0127
2796,0.721352,0.0127
2797,0.721464,0.0114
2798,0.722171,0.0113
2799,0.722423,0.0126
2800,0.723065,0.0113
2801,0.723681,0.0114
2802,0.723584,0.0113
2803,0.722997,0.0113
2804,0.721512,0.0126
2805,0.720416,0.0113
2806,0.719442,0.0114
2807,0.719073,0.0126
2808,0.718892,0.0113
2809,0.718591,0.0115
2810,0.717982,0.0114
2811,0.717372,0.0095
2812,0.717654,0.0075
2813,0.717999,0.0075
2814,0.718766,0.0136
2815,0.719548,0.0111
2816,0.719651,0.0112
2817,0.719623,0.0112
2818,0.719179,0.0124
2819,0.717846,0.0112
2820,0.717240,0.0096
2821,0.715777,0.0079
2822,0.715457,0.0115
2823,0.715437,0.0123
2824,0.715555,0.0110
2825,0.716187,0.0111
2826,0.716938,0.0113
2827,0.717582,0.0113
2828,0.718310,0.0113
2829,0.719183,0.0127
2830,0.719352,0.0113
2831,0.719998,0.0127
2832,0.720543,0.0113
2833,0.720610,0.0127
2834,0.719430,0.0114
2835,0.718663,0.0127
2836,0.717857,0.0112
2837,0.717352,0.0125
2838,0.716678,0.0112
2839,0.715711,0.0103
2840,0.715321,0.0078
2841,0.715268,0.0075
2842,0.714857,0.0074
2843,0.714241,0.0134
2844,0.714325,0.0109
2845,0.715966,0.0123
2846,0.717423,0.0124
2847,0.717736,0.0126
2848,0.717361,0.0113
2849,0.716653,0.0113
2850,0.715796,0.0126
2851,0.715816,0.0126
2852,0.716649,0.0126
2853,0.716973,0.0116
2854,0.716885,0.0093
2855,0.716605,0.0079
2856,0.715893,0.0114
2857,0.714938,0.0123
2858,0.714219,0.0111
2859,0.714102,0.0111
2860,0.714192,0.0112
2861,0.714284,0.0113
2862,0.714399,0.0127
2863,0.713771,0.0127
2864,0.713700,0.0127
2865,0.714241,0.0126
2866,0.713785,0.0114
2867,0.713972,0.0094
2868,0.715220,0.0078
2869,0.717630,0.0075
2870,0.721037,0.0121
2871,0.723710,0.0121
2872,0.725183,0.0110
2873,0.725500,0.0111
2874,0.724865,0.0113
2875,0.723846,0.0113
2876,0.722758,0.0113
2877,0.722221,0.0126
2878,0.721838,0.0112
2879,0.720977,0.0126
2880,0.719773,0.0113
2881,0.718980,0.0126
2882,0.718354,0.0126
2883,0.716906,0.0112
2884,0.715331,0.0113
2885,0.714622,0.0113
2886,0.714480,0.0126
2887,0.714435,0.0117
2888,0.714256,0.0094
2889,0.714406,0.0080
2890,0.715410,0.0115
2891,0.716349,0.0124
2892,0.716446,0.0111
2893,0.716585,0.0112
2894,0.715423,0.0126
2895,0.714771,0.0105
2896,0.713744,0.0076
2897,0.712640,0.0075
2898,0.712576,0.0084
2899,0.712403,0.0141
2900,0.712305,0.0122
2901,0.711625,0.0112
2902,0.711624,0.0127
2903,0.711024,0.0127
2904,0.710489,0.0127
2905,0.710876,0.0127
2906,0.711535,0.0113
2907,0.712113,0.0113
2908,0.713454,0.0126
2909,0.715632,0.0113
2910,0.717216,0.0126
2911,0.717966,0.0127
2912,0.717893,0.0114
2913,0.718071,0.0113
2914,0.717838,0.0127
2915,0.717207,0.0113
2916,0.717487,0.0113
2917,0.717617,0.0099
2918,0.717460,0.0128
2919,0.719035,0.0128
2920,0.720059,0.0114
2921,0.721343,0.0106
2922,0.721633,0.0076
2923,0.721311,0.0075
2924,0.721655,0.0074
2925,0.721892,0.0099
2926,0.722540,0.0078
2927,0.721955,0.0112
2928,0.721193,0.0123
2929,0.719770,0.0124
2930,0.718760,0.0113
2931,0.718371,0.0127
2932,0.719172,0.0113
2933,0.721660,0.0113
2934,0.723725,0.0113
2935,0.725265,0.0127
2936,0.727134,0.0113
2937,0.727953,0.0113
2938,0.727715,0.0126
2939,0.727619,0.0125
2940,0.727197,0.0127
2941,0.727065,0.0128
2942,0.725539,0.0128
2943,0.724484,0.0114
2944,0.723219,0.0114
2945,0.722459,0.0114
2946,0.721948,0.0114
2947,0.721494,0.0127
2948,0.721070,0.0114
2949,0.720514,0.0114
2950,0.720770,0.0081
2951,0.720474,0.0075
2952,0.720746,0.0075
2953,0.721273,0.0134
2954,0.721612,0.0123
2955,0.720668,0.0123
2956,0.720438,0.0125
2957,0.719558,0.0127
2958,0.720092,0.0097
2959,0.719911,0.0080
2960,0.719485,0.0118
2961,0.718086,0.0112
2962,0.716522,0.0112
2963,0.715726,0.0124
2964,0.714965,0.0126
2965,0.715173,0.0130
2966,0.715071,0.0114
2967,0.715221,0.0114
2968,0.715070,0.0113
2969,0.714903,0.0126
2970,0.714441,0.0127
2971,0.713099,0.0128
2972,0.712139,0.0128
2973,0.711339,0.0099
2974,0.711328,0.0099
2975,0.711474,0.0128
2976,0.711230,0.0127
2977,0.711405,0.0095
2978,0.711838,0.0075
2979,0.712195,0.0075
2980,0.712616,0.0134
2981,0.712577,0.0112
2982,0.712129,0.0126
2983,0.712094,0.0113
2984,0.712443,0.0113
2985,0.713056,0.0125
2986,0.714627,0.0126
2987,0.715006,0.0112
2988,0.714293,0.0127
2989,0.714026,0.0101
2990,0.713168,0.0113
2991,0.712108,0.0098
2992,0.711261,0.0109
2993,0.710880,0.0077
2994,0.710759,0.0103
2995,0.710620,0.0123
2996,0.710837,0.0123
2997,0.711738,0.0124
2998,0.712970,0.0126
2999,0.713690,0.0128
3000,0.714098,0.0128
3001,0.713249,0.0115
3002,0.711864,0.0114
3003,0.710623,0.0128
3004,0.709218,0.0105
3005,0.708798,0.0076
3006,0.708322,0.0075
3007,0.708397,0.0081
3008,0.708905,0.0141
3009,0.709053,0.0110
3010,0.709336,0.0111
3011,0.708960,0.0124
3012,0.709181,0.0112
3013,0.709517,0.0126
3014,0.709681,0.0113
3015,0.710258,0.0129
3016,0.711259,0.0113
3017,0.713086,0.0127
3018,0.714546,0.0127
3019,0.715623,0.0113
3020,0.716388,0.0127
3021,0.717311,0.0114
3022,0.717760,0.0126
3023,0.717360,0.0127
3024,0.717399,0.0121
3025,0.717338,0.0077
3026,0.716628,0.0110
3027,0.716048,0.0129
3028,0.715807,0.0127
3029,0.714989,0.0127
3030,0.714519,0.0127
3031,0.713952,0.0095
3032,0.714475,0.0076
3033,0.714841,0.0075
3034,0.715810,0.0135
3035,0.716845,0.0123
3036,0.717444,0.0127
3037,0.718204,0.0112
3038,0.720301,0.0113
3039,0.721435,0.0126
3040,0.722186,0.0127
3041,0.722101,0.0128
3042,0.721552,0.0128
3043,0.720901,0.0128
3044,0.719718,0.0129
3045,0.717749,0.0129
3046,0.715749,0.0114
3047,0.714679,0.0128
3048,0.713599,0.0127
3049,0.712992,0.0114
3050,0.713439,0.0114
3051,0.714229,0.0128
3052,0.714766,0.0128
3053,0.715297,0.0128
3054,0.715329,0.0128
3055,0.715002,0.0094
3056,0.714423,0.0075
3057,0.713698,0.0075
3058,0.713672,0.0105
3059,0.713629,0.0078
3060,0.712980,0.0113
3061,0.711647,0.0109
3062,0.709987,0.0109
3063,0.709440,0.0111
3064,0.709441,0.0103
3065,0.710170,0.0114
3066,0.710398,0.0127
3067,0.710585,0.0114
3068,0.711186,0.0113
3069,0.711277,0.0127
3070,0.710543,0.0127
3071,0.710287,0.0127
3072,0.711073,0.0113
3073,0.711863,0.0113
3074,0.712007,0.0113
3075,0.710873,0.0114
3076,0.709702,0.0128
3077,0.709208,0.0114
3078,0.709089,0.0128
3079,0.708794,0.0128
3080,0.707923,0.0128
3081,0.708226,0.0130
3082,0.707527,0.0099
3083,0.707360,0.0118
3084,0.707324,0.0078
3085,0.707738,0.0075
3086,0.708494,0.0075
3087,0.709748,0.0133
3088,0.712875,0.0123
3089,0.716838,0.0127
3090,0.720367,0.0114
3091,0.722146,0.0113
3092,0.723375,0.0122
3093,0.722801,0.0077
3094,0.721299,0.0107
3095,0.719112,0.0125
3096,0.716859,0.0126
3097,0.715780,0.0113
3098,0.715284,0.0113
3099,0.714594,0.0113
3100,0.715429,0.0113
3101,0.716754,0.0128
3102,0.717994,0.0127
3103,0.718297,0.0127
3104,0.717414,0.0114
3105,0.716024,0.0114
3106,0.714873,0.0115
3107,0.713364,0.0129
3108,0.714063,0.0129
3109,0.718448,0.0128
3110,0.724653,0.0128
3111,0.730523,0.0082
3112,0.737091,0.0076
3113,0.742479,0.0075
3114,0.747290,0.0132
3115,0.751622,0.0110
3116,0.753945,0.0110
3117,0.755273,0.0124
3118,0.756070,0.0112
3119,0.755496,0.0114
3120,0.753682,0.0113
3121,0.751407,0.0113
3122,0.750280,0.0127
3123,0.749022,0.0127
3124,0.748027,0.0127
3125,0.747253,0.0103
3126,0.745932,0.0094
3127,0.745336,0.0079
3128,0.746329,0.0115
3129,0.749733,0.0111
3130,0.752759,0.0124
3131,0.755053,0.0113
3132,0.756839,0.0113
3133,0.757625,0.0113
3134,0.757569,0.0126
3135,0.756769,0.0128
3136,0.757166,0.0114
3137,0.757563,0.0114
3138,0.759518,0.0114
3139,0.762316,0.0114
3140,0.764425,0.0081
3141,0.764573,0.0075
3142,0.762698,0.0075
3143,0.759968,0.0120
3144,0.756335,0.0111
3145,0.751811,0.0096
3146,0.747461,0.0110
3147,0.743938,0.0122
3148,0.740396,0.0112
3149,0.736928,0.0126
3150,0.733604,0.0127
3151,0.730306,0.0114
3152,0.727926,0.0114
3153,0.726834,0.0127
3154,0.726503,0.0114
3155,0.727391,0.0114
3156,0.727854,0.0113
3157,0.728178,0.0114
3158,0.727976,0.0115
3159,0.727318,0.0111
3160,0.726702,0.0126
3161,0.725781,0.0119
3162,0.724437,0.0076
3163,0.724236,0.0107
3164,0.722817,0.0126
3165,0.721571,0.0097
3166,0.720477,0.0127
3167,0.719729,0.0113
3168,0.719209,0.0127
3169,0.718074,0.0085
3170,0.717539,0.0075
3171,0.717961,0.0075
3172,0.718877,0.0132
3173,0.718794,0.0122
3174,0.718951,0.0109
3175,0.719198,0.0123
3176,0.718506,0.0112
3177,0.718165,0.0114
3178,0.717409,0.0127
3179,0.716171,0.0113
3180,0.714596,0.0113
3181,0.713884,0.0127
3182,0.713677,0.0114
3183,0.713947,0.0114
3184,0.713674,0.0128
3185,0.713584,0.0114
3186,0.713562,0.0113
3187,0.713255,0.0127
3188,0.712793,0.0113
3189,0.712332,0.0114
3190,0.712432,0.0113
3191,0.711695,0.0126
3192,0.711924,0.0127
3193,0.712495,0.0114
3194,0.712772,0.0117
3195,0.711529,0.0106
3196,0.711536,0.0076
3197,0.712020,0.0075
3198,0.714891,0.0075
3199,0.717976,0.0102
3200,0.720984,0.0078
3201,0.723963,0.0111
3202,0.726423,0.0108
3203,0.727195,0.0109
3204,0.726195,0.0121
3205,0.723537,0.0123
3206,0.721819,0.0113
3207,0.725523,0.0115
3208,0.733120,0.0115
3209,0.743726,0.0128
3210,0.753694,0.0114
3211,0.760873,0.0115
3212,0.765830,0.0127
3213,0.767781,0.0113
3214,0.767652,0.0113
3215,0.766378,0.0127
3216,0.763758,0.0127
3217,0.760357,0.0114
3218,0.755813,0.0114
3219,0.751262,0.0128
3220,0.747052,0.0128
3221,0.743005,0.0128
3222,0.739246,0.0128
3223,0.734848,0.0118
3224,0.731346,0.0078
3225,0.728062,0.0076
3226,0.725612,0.0078
3227,0.723374,0.0133
3228,0.721330,0.0110
3229,0.719709,0.0111
3230,0.718369,0.0124
3231,0.717512,0.0113
3232,0.717080,0.0113
3233,0.716043,0.0097
3234,0.714515,0.0080
3235,0.713172,0.0117
3236,0.712371,0.0125
3237,0.710950,0.0111
3238,0.710192,0.0113
3239,0.708989,0.0127
3240,0.708561,0.0114
3241,0.708272,0.0128
3242,0.708713,0.0128
3243,0.708676,0.0128
3244,0.709671,0.0129
3245,0.709432,0.0115
3246,0.709789,0.0128
3247,0.710030,0.0129
3248,0.710430,0.0115
3249,0.710185,0.0115
3250,0.710125,0.0114
3251,0.709440,0.0117
3252,0.709294,0.0078
3253,0.709482,0.0075
3254,0.709073,0.0074
3255,0.708992,0.0132
3256,0.708961,0.0124
3257,0.711165,0.0110
3258,0.715885,0.0123
3259,0.721191,0.0126
3260,0.726579,0.0114
3261,0.731811,0.0127
3262,0.736165,0.0127
3263,0.740463,0.0113
3264,0.743648,0.0127
3265,0.745273,0.0114
3266,0.747099,0.0097
3267,0.746452,0.0079
3268,0.745210,0.0117
3269,0.742710,0.0125
3270,0.738341,0.0125
3271,0.733996,0.0126
3272,0.729955,0.0114
3273,0.727024,0.0099
3274,0.724994,0.0128
3275,0.723643,0.0115
3276,0.723026,0.0128
3277,0.722879,0.0128
3278,0.723144,0.0129
3279,0.723058,0.0082
3280,0.722210,0.0075
3281,0.720779,0.0075
3282,0.719797,0.0135
3283,0.718672,0.0109
3284,0.716460,0.0112
3285,0.715319,0.0111
3286,0.714498,0.0124
3287,0.712958,0.0126
3288,0.711544,0.0113
3289,0.710199,0.0127
3290,0.709649,0.0113
3291,0.709193,0.0126
3292,0.709124,0.0127
3293,0.709331,0.0114
3294,0.708918,0.0127
3295,0.708271,0.0127
3296,0.708140,0.0114
3297,0.707901,0.0128
3298,0.706613,0.0118
3299,0.705649,0.0094
3300,0.704921,0.0080
3301,0.704041,0.0116
3302,0.703457,0.0123
3303,0.702677,0.0127
3304,0.702671,0.0113
3305,0.702157,0.0114
3306,0.701821,0.0106
3307,0.702199,0.0076
3308,0.701835,0.0075
3309,0.701665,0.0085
3310,0.701012,0.0141
3311,0.701157,0.0124
3312,0.700449,0.0111
3313,0.700543,0.0125
3314,0.700452,0.0125
3315,0.700789,0.0113
3316,0.700857,0.0099
3317,0.700429,0.0127
3318,0.700109,0.0114
3319,0.700758,0.0127
3320,0.701681,0.0098
3321,0.703670,0.0126
3322,0.704932,0.0113
3323,0.706904,0.0113
3324,0.708722,0.0113
3325,0.710597,0.0113
3326,0.711964,0.0126
3327,0.713818,0.0126
3328,0.714824,0.0114
3329,0.715649,0.0129
3330,0.716475,0.0129
3331,0.717177,0.0129
3332,0.718182,0.0116
3333,0.719322,0.0081
3334,0.720410,0.0075
3335,0.721205,0.0075
3336,0.720704,0.0100
3337,0.720759,0.0079
3338,0.721048,0.0112
3339,0.720673,0.0121
3340,0.720607,0.0123
3341,0.720438,0.0124
3342,0.719769,0.0127
3343,0.719503,0.0114
3344,0.718975,0.0129
3345,0.719032,0.0114
3346,0.718766,0.0114
3347,0.718004,0.0128
3348,0.717311,0.0128
3349,0.716937,0.0127
3350,0.716377,0.0128
3351,0.716292,0.0128
3352,0.715982,0.0131
3353,0.715564,0.0129
3354,0.714721,0.0128
3355,0.713368,0.0115
3356,0.713259,0.0128
3357,0.713310,0.0128
3358,0.712919,0.0127
3359,0.712740,0.0081
3360,0.712806,0.0076
3361,0.712887,0.0075
3362,0.712837,0.0135
3363,0.713287,0.0123
3364,0.713525,0.0110
3365,0.713818,0.0125
3366,0.714515,0.0128
3367,0.715086,0.0107
3368,0.715470,0.0077
3369,0.715912,0.0108
3370,0.716050,0.0127
3371,0.716049,0.0112
3372,0.715808,0.0112
3373,0.715564,0.0127
3374,0.715385,0.0114
3375,0.714831,0.0128
3376,0.714437,0.0128
3377,0.714203,0.0128
3378,0.713696,0.0128
3379,0.712934,0.0129
3380,0.711850,0.0128
3381,0.711237,0.0129
3382,0.710454,0.0129
3383,0.710026,0.0129
3384,0.709448,0.0129
3385,0.709187,0.0081
3386,0.708601,0.0075
3387,0.707712,0.0075
3388,0.706946,0.0133
3389,0.706838,0.0123
3390,0.706473,0.0111
3391,0.706402,0.0124
3392,0.706470,0.0113
3393,0.706357,0.0113
3394,0.705808,0.0114
3395,0.704998,0.0113
3396,0.704369,0.0113
3397,0.704239,0.0126
3398,0.703610,0.0126
3399,0.703817,0.0121
3400,0.703615,0.0077
3401,0.704106,0.0107
3402,0.704525,0.0127
3403,0.704677,0.0112
3404,0.704929,0.0112
3405,0.705027,0.0113
3406,0.704513,0.0127
3407,0.704139,0.0128
3408,0.703912,0.0129
3409,0.703377,0.0128
3410,0.703386,0.0114
3411,0.702737,0.0128
3412,0.702735,0.0095
3413,0.702874,0.0075
3414,0.702504,0.0075
3415,0.702929,0.0134
3416,0.703551,0.0125
3417,0.704872,0.0112
3418,0.706198,0.0125
3419,0.708473,0.0125
3420,0.710541,0.0126
3421,0.712125,0.0128
3422,0.714153,0.0129
3423,0.715720,0.0114
3424,0.717086,0.0128
3425,0.718257,0.0128
3426,0.718780,0.0128
3427,0.718769,0.0128
3428,0.719185,0.0114
3429,0.718978,0.0127
3430,0.718973,0.0116
3431,0.718741,0.0094
3432,0.718108,0.0080
3433,0.717641,0.0116
3434,0.716875,0.0124
3435,0.716204,0.0125
3436,0.715114,0.0112
3437,0.714081,0.0113
3438,0.712835,0.0106
3439,0.711958,0.0076
3440,0.710967,0.0075
3441,0.709907,0.0080
3442,0.708978,0.0130
3443,0.708050,0.0109
3444,0.706978,0.0110
3445,0.706360,0.0111
3446,0.705246,0.0112
3447,0.705166,0.0112
3448,0.705155,0.0127
3449,0.705207,0.0127
3450,0.705125,0.0114
3451,0.705691,0.0114
3452,0.706146,0.0114
3453,0.706853,0.0128
3454,0.706558,0.0114
3455,0.706356,0.0114
3456,0.706811,0.0113
3457,0.707126,0.0126
3458,0.707059,0.0126
3459,0.706594,0.0126
3460,0.707170,0.0115
3461,0.708023,0.0128
3462,0.709264,0.0114
3463,0.710072,0.0128
3464,0.710736,0.0128
3465,0.711020,0.0093
3466,0.710878,0.0075
3467,0.710265,0.0075
3468,0.709281,0.0101
3469,0.708674,0.0078
3470,0.707617,0.0114
3471,0.706847,0.0122
3472,0.706145,0.0122
3473,0.705034,0.0125
3474,0.705494,0.0127
3475,0.705109,0.0127
3476,0.704285,0.0128
3477,0.703810,0.0129
3478,0.702902,0.0128
3479,0.702144,0.0128
3480,0.701415,0.0129
3481,0.701593,0.0115
3482,0.701712,0.0128
3483,0.701582,0.0128
3484,0.701668,0.0114
3485,0.701296,0.0114
3486,0.701365,0.0128
3487,0.701618,0.0128
3488,0.701213,0.0127
3489,0.701585,0.0114
3490,0.701297,0.0114
3491,0.701238,0.0093
3492,0.701443,0.0077
3493,0.701959,0.0076
3494,0.702386,0.0081
3495,0.702954,0.0143
3496,0.703056,0.0123
3497,0.703593,0.0126
3498,0.703366,0.0126
3499,0.703360,0.0117
3500,0.703223,0.0094
3501,0.703514,0.0080
3502,0.703972,0.0115
3503,0.704332,0.0123
3504,0.704885,0.0111
3505,0.705062,0.0111
3506,0.706173,0.0112
3507,0.706493,0.0127
3508,0.706688,0.0114
3509,0.707194,0.0114
3510,0.707041,0.0127
3511,0.707171,0.0127
3512,0.707425,0.0115
3513,0.707615,0.0127
3514,0.707185,0.0128
3515,0.706935,0.0114
3516,0.706719,0.0128
3517,0.706537,0.0099
3518,0.706280,0.0128
3519,0.705533,0.0093
3520,0.705113,0.0075
3521,0.704188,0.0075
3522,0.703539,0.0121
3523,0.702916,0.0110
3524,0.702496,0.0111
3525,0.702358,0.0111
3526,0.702091,0.0112
3527,0.701756,0.0125
3528,0.701474,0.0113
3529,0.701205,0.0112
3530,0.700596,0.0113
3531,0.699748,0.0113
3532,0.699751,0.0126
3533,0.699387,0.0113
3534,0.699127,0.0120
3535,0.698749,0.0077
3536,0.698277,0.0108
3537,0.698219,0.0112
3538,0.697756,0.0111
3539,0.697766,0.0111
3540,0.697404,0.0112
3541,0.697426,0.0113
3542,0.697538,0.0114
3543,0.697138,0.0114
3544,0.696804,0.0113
3545,0.696767,0.0127
3546,0.696748,0.0113
3547,0.696643,0.0128
3548,0.696455,0.0106
3549,0.696194,0.0077
3550,0.696279,0.0075
3551,0.696380,0.0075
3552,0.696341,0.0130
3553,0.696233,0.0123
3554,0.696178,0.0111
3555,0.696585,0.0112
3556,0.696561,0.0126
3557,0.696246,0.0114
3558,0.696198,0.0128
3559,0.696122,0.0114
3560,0.696104,0.0127
3561,0.695955,0.0128
3562,0.696090,0.0127
3563,0.696073,0.0127
3564,0.695769,0.0114
3565,0.695410,0.0127
3566,0.695321,0.0128
3567,0.695718,0.0114
3568,0.695888,0.0105
3569,0.695932,0.0094
3570,0.695574,0.0080
3571,0.695489,0.0115
3572,0.695089,0.0125
3573,0.695129,0.0125
3574,0.695155,0.0127
3575,0.694839,0.0128
3576,0.694758,0.0081
3577,0.695159,0.0075
3578,0.694905,0.0075
3579,0.694583,0.0134
3580,0.694264,0.0125
3581,0.694291,0.0125
3582,0.693912,0.0125
3583,0.693749,0.0113
3584,0.693487,0.0114
3585,0.693286,0.0127
3586,0.693828,0.0127
3587,0.693889,0.0126
3588,0.693508,0.0127
3589,0.693401,0.0114
3590,0.693366,0.0114
3591,0.693627,0.0113
3592,0.693631,0.0113
3593,0.693884,0.0127
3594,0.694005,0.0117
3595,0.694528,0.0113
3596,0.694618,0.0127
3597,0.694350,0.0126
3598,0.694339,0.0114
3599,0.694564,0.0128
3600,0.695141,0.0128
3601,0.695361,0.0081
3602,0.695366,0.0076
3603,0.694827,0.0076
3604,0.695257,0.0082
3605,0.695529,0.0093
3606,0.695464,0.0105
3607,0.695373,0.0108
3608,0.695325,0.0122
3609,0.695658,0.0110
3610,0.695409,0.0112
3611,0.695952,0.0112
3612,0.695704,0.0126
3613,0.695708,0.0114
3614,0.696072,0.0127
3615,0.696173,0.0128
3616,0.696354,0.0129
3617,0.696257,0.0128
3618,0.696257,0.0114
3619,0.695861,0.0114
3620,0.695910,0.0113
3621,0.696094,0.0114
3622,0.695715,0.0127
3623,0.695844,0.0113
3624,0.695629,0.0126
3625,0.695353,0.0114
3626,0.695422,0.0114
3627,0.695306,0.0115
3628,0.694904,0.0128
3629,0.694618,0.0106
3630,0.694785,0.0077
3631,0.694766,0.0075
3632,0.694914,0.0081
3633,0.694867,0.0141
3634,0.694255,0.0110
3635,0.694480,0.0111
3636,0.694131,0.0126
3637,0.693552,0.0112
3638,0.692977,0.0104
3639,0.692690,0.0095
3640,0.692463,0.0081
3641,0.692703,0.0116
3642,0.692903,0.0127
3643,0.693232,0.0126
3644,0.693038,0.0126
3645,0.692857,0.0113
3646,0.692348,0.0114
3647,0.691970,0.0114
3648,0.692244,0.0127
3649,0.692147,0.0128
3650,0.692387,0.0128
3651,0.691951,0.0114
3652,0.692131,0.0102
3653,0.692225,0.0114
3654,0.692023,0.0128
3655,0.691600,0.0127
3656,0.691605,0.0127
3657,0.691718,0.0117
3658,0.691723,0.0078
3659,0.691891,0.0075
3660,0.692202,0.0075
3661,0.692322,0.0135
3662,0.692001,0.0125
3663,0.691643,0.0126
3664,0.691669,0.0127
3665,0.691392,0.0114
3666,0.691345,0.0113
3667,0.691429,0.0113
3668,0.691418,0.0113
3669,0.691829,0.0113
3670,0.691855,0.0126
3671,0.691550,0.0114
3672,0.691423,0.0121
3673,0.691318,0.0077
3674,0.690834,0.0111
3675,0.690717,0.0113
3676,0.690603,0.0126
3677,0.690951,0.0127
3678,0.690911,0.0113
3679,0.691270,0.0127
3680,0.691067,0.0128
3681,0.690995,0.0128
3682,0.691018,0.0128
3683,0.691071,0.0129
3684,0.690864,0.0118
3685,0.690995,0.0078
3686,0.691020,0.0075
3687,0.691073,0.0075
3688,0.690748,0.0134
3689,0.690526,0.0125
3690,0.691050,0.0111
3691,0.691085,0.0112
3692,0.691118,0.0112
3693,0.691047,0.0112
3694,0.691007,0.0125
3695,0.690580,0.0126
3696,0.690484,0.0127
3697,0.690528,0.0114
3698,0.690495,0.0127
3699,0.690341,0.0127
3700,0.690110,0.0128
3701,0.690211,0.0114
3702,0.690005,0.0127
3703,0.689948,0.0114
3704,0.690101,0.0118
3705,0.689807,0.0095
3706,0.689252,0.0081
3707,0.689706,0.0116
3708,0.689836,0.0126
3709,0.689806,0.0125
3710,0.689909,0.0113
3711,0.689957,0.0114
3712,0.690101,0.0106
3713,0.689990,0.0077
3714,0.690109,0.0076
3715,0.689463,0.0081
3716,0.689145,0.0142
3717,0.689150,0.0111
3718,0.689610,0.0123
3719,0.689622,0.0123
3720,0.689110,0.0127
3721,0.688899,0.0127
3722,0.688978,0.0127
3723,0.689347,0.0115
3724,0.689528,0.0115
3725,0.689167,0.0128
3726,0.689157,0.0114
3727,0.689184,0.0114
3728,0.689219,0.0129
3729,0.689218,0.0127
3730,0.689810,0.0127
3731,0.689966,0.0113
3732,0.689540,0.0114
3733,0.689266,0.0127
3734,0.689241,0.0127
3735,0.689067,0.0127
3736,0.688875,0.0128
3737,0.688951,0.0107
3738,0.688914,0.0077
3739,0.689238,0.0076
3740,0.689073,0.0080
3741,0.689617,0.0097
3742,0.689969,0.0107
3743,0.689620,0.0121
3744,0.689583,0.0122
3745,0.689793,0.0124
3746,0.689814,0.0126
3747,0.689607,0.0128
3748,0.689733,0.0128
3749,0.689685,0.0115
3750,0.689942,0.0128
3751,0.690151,0.0129
3752,0.690608,0.0129
3753,0.691020,0.0128
3754,0.691104,0.0130
3755,0.690936,0.0114
3756,0.690750,0.0115
3757,0.690624,0.0114
3758,0.690363,0.0114
3759,0.691021,0.0113
3760,0.691779,0.0127
3761,0.691912,0.0115
3762,0.692398,0.0115
3763,0.692448,0.0115
3764,0.692556,0.0106
3765,0.692469,0.0079
3766,0.692417,0.0076
3767,0.691992,0.0075
3768,0.691754,0.0135
3769,0.691503,0.0125
3770,0.691538,0.0113
3771,0.691189,0.0113
3772,0.691080,0.0126
3773,0.690933,0.0102
3774,0.691286,0.0094
3775,0.690996,0.0080
3776,0.690966,0.0115
3777,0.690803,0.0123
3778,0.690901,0.0125
3779,0.690782,0.0126
3780,0.690657,0.0127
3781,0.690394,0.0130
3782,0.690240,0.0114
3783,0.690141,0.0115
3784,0.690464,0.0128
3785,0.690499,0.0115
3786,0.690735,0.0128
3787,0.690652,0.0127
3788,0.690605,0.0115
3789,0.690670,0.0128
3790,0.690499,0.0114
3791,0.690305,0.0128
3792,0.690069,0.0095
3793,0.689738,0.0075
3794,0.690233,0.0075
3795,0.690329,0.0134
3796,0.690493,0.0126
3797,0.690573,0.0125
3798,0.690239,0.0113
3799,0.690349,0.0113
3800,0.690803,0.0127
3801,0.690980,0.0115
3802,0.691003,0.0127
3803,0.690573,0.0115
3804,0.690607,0.0128
3805,0.690466,0.0117
3806,0.690356,0.0094
3807,0.690674,0.0080
3808,0.691005,0.0115
3809,0.691497,0.0124
3810,0.691363,0.0123
3811,0.691092,0.0113
3812,0.691001,0.0128
3813,0.690629,0.0128
3814,0.690378,0.0128
3815,0.690328,0.0128
3816,0.690087,0.0128
3817,0.689603,0.0128
3818,0.689556,0.0095
3819,0.689439,0.0075
3820,0.689455,0.0075
3821,0.689706,0.0135
3822,0.689760,0.0111
3823,0.689422,0.0111
3824,0.689172,0.0111
3825,0.689047,0.0124
3826,0.688818,0.0125
3827,0.688744,0.0127
3828,0.689479,0.0128
3829,0.689646,0.0128
3830,0.689896,0.0128
3831,0.690356,0.0128
3832,0.690653,0.0115
3833,0.690544,0.0114
3834,0.691036,0.0114
3835,0.690712,0.0114
3836,0.690294,0.0128
3837,0.690338,0.0118
3838,0.690273,0.0095
3839,0.689959,0.0080
3840,0.689723,0.0117
3841,0.689698,0.0125
3842,0.690123,0.0127
3843,0.690123,0.0114
3844,0.690057,0.0127
3845,0.689825,0.0092
3846,0.689770,0.0076
3847,0.689343,0.0075
3848,0.689549,0.0080
3849,0.689519,0.0129
3850,0.689598,0.0123
3851,0.689755,0.0125
3852,0.689332,0.0114
3853,0.688888,0.0114
3854,0.689157,0.0114
3855,0.689631,0.0127
3856,0.689978,0.0114
3857,0.689865,0.0128
3858,0.689851,0.0130
3859,0.690060,0.0114
3860,0.690218,0.0127
3861,0.689910,0.0114
3862,0.689951,0.0127
3863,0.689386,0.0127
3864,0.689393,0.0127
3865,0.689285,0.0128
3866,0.689144,0.0129
3867,0.688940,0.0128
3868,0.689197,0.0128
3869,0.689177,0.0128
3870,0.689089,0.0106
3871,0.689306,0.0077
3872,0.689052,0.0076
3873,0.689075,0.0081
3874,0.689286,0.0097
3875,0.689277,0.0104
3876,0.689438,0.0124
3877,0.689456,0.0109
3878,0.689925,0.0111
3879,0.690028,0.0126
3880,0.689790,0.0103
3881,0.689879,0.0099
3882,0.689636,0.0098
3883,0.689094,0.0126
3884,0.689127,0.0126
3885,0.689141,0.0126
3886,0.689151,0.0127
3887,0.689131,0.0127
3888,0.689272,0.0128
3889,0.689279,0.0128
3890,0.689023,0.0115
3891,0.688654,0.0128
3892,0.688564,0.0129
3893,0.688401,0.0114
3894,0.688087,0.0128
3895,0.688419,0.0115
3896,0.688493,0.0128
3897,0.688530,0.0114
3898,0.688100,0.0095
3899,0.688457,0.0075
3900,0.688433,0.0075
3901,0.688284,0.0133
3902,0.688335,0.0111
3903,0.688274,0.0111
3904,0.688427,0.0124
3905,0.688581,0.0126
3906,0.688549,0.0104
3907,0.688572,0.0095
3908,0.688762,0.0080
3909,0.688918,0.0116
3910,0.688945,0.0126
3911,0.689052,0.0126
3912,0.688913,0.0112
3913,0.688543,0.0113
3914,0.688945,0.0112
3915,0.688991,0.0115
3916,0.688948,0.0114
3917,0.689064,0.0127
3918,0.689305,0.0114
3919,0.689186,0.0114
3920,0.689128,0.0114
3921,0.689279,0.0129
3922,0.688916,0.0115
3923,0.688416,0.0129
3924,0.688045,0.0129
3925,0.688072,0.0128
3926,0.687929,0.0095
3927,0.687728,0.0076
3928,0.687908,0.0079
3929,0.687874,0.0133
3930,0.687781,0.0122
3931,0.687891,0.0124
3932,0.687875,0.0126
3933,0.687725,0.0113
3934,0.687733,0.0114
3935,0.687776,0.0127
3936,0.687779,0.0128
3937,0.687393,0.0127
3938,0.687640,0.0114
3939,0.687528,0.0118
3940,0.687354,0.0095
3941,0.687563,0.0081
3942,0.687593,0.0116
3943,0.687726,0.0126
3944,0.687939,0.0112
3945,0.688125,0.0113
3946,0.688205,0.0126
3947,0.688225,0.0113
3948,0.687991,0.0114
3949,0.687702,0.0128
3950,0.687665,0.0115
3951,0.687984,0.0116
3952,0.687903,0.0129
3953,0.687850,0.0106
3954,0.687589,0.0077
3955,0.688002,0.0076
3956,0.688155,0.0082
3957,0.688200,0.0144
3958,0.688551,0.0125
3959,0.688479,0.0113
3960,0.688079,0.0112
3961,0.688460,0.0114
3962,0.688583,0.0127
3963,0.688825,0.0128
3964,0.689172,0.0128
3965,0.689118,0.0114
3966,0.688745,0.0115
3967,0.688944,0.0114
3968,0.689327,0.0115
3969,0.689738,0.0114
3970,0.689917,0.0114
3971,0.689935,0.0114
3972,0.689596,0.0113
3973,0.689993,0.0127
3974,0.689582,0.0121
3975,0.689550,0.0077
3976,0.689571,0.0109
3977,0.689440,0.0114
3978,0.689574,0.0125
3979,0.689268,0.0125
3980,0.689020,0.0127
3981,0.689329,0.0103
3982,0.688783,0.0083
3983,0.688712,0.0076
3984,0.688221,0.0079
3985,0.688254,0.0130
3986,0.688984,0.0111
3987,0.688866,0.0111
3988,0.689064,0.0111
3989,0.689090,0.0112
3990,0.688735,0.0125
3991,0.688825,0.0125
3992,0.688769,0.0127
3993,0.688631,0.0113
3994,0.688161,0.0113
3995,0.688362,0.0127
3996,0.688638,0.0127
3997,0.688736,0.0127
3998,0.688545,0.0114
3999,0.688506,0.0127
4000,0.688181,0.0113
4001,0.688120,0.0115
4002,0.687811,0.0127
4003,0.687809,0.0114
4004,0.688324,0.0128
4005,0.688476,0.0129
4006,0.688151,0.0129
4007,0.687901,0.0096
4008,0.687768,0.0076
4009,0.687562,0.0076
4010,0.686921,0.0081
4011,0.687020,0.0097
4012,0.687103,0.0106
4013,0.687012,0.0111
4014,0.686962,0.0111
4015,0.687296,0.0111
4016,0.687201,0.0112
4017,0.686916,0.0126
4018,0.686561,0.0114
4019,0.686856,0.0114
4020,0.687047,0.0128
4021,0.686927,0.0127
4022,0.686975,0.0127
4023,0.686977,0.0114
4024,0.687126,0.0113
4025,0.686934,0.0114
4026,0.686791,0.0128
4027,0.687154,0.0114
4028,0.687163,0.0128
4029,0.686918,0.0115
4030,0.687197,0.0114
4031,0.687246,0.0128
4032,0.687680,0.0115
4033,0.687567,0.0114
4034,0.687933,0.0114
4035,0.688064,0.0127
4036,0.687934,0.0081
4037,0.687852,0.0075
4038,0.687981,0.0075
4039,0.687847,0.0134
4040,0.687587,0.0110
4041,0.687217,0.0111
4042,0.686994,0.0112
4043,0.687031,0.0125
4044,0.687168,0.0117
4045,0.687413,0.0095
4046,0.687047,0.0081
4047,0.686860,0.0116
4048,0.687195,0.0126
4049,0.687037,0.0112
4050,0.687121,0.0112
4051,0.687328,0.0112
4052,0.687146,0.0112
4053,0.686991,0.0113
4054,0.686978,0.0114
4055,0.687126,0.0128
4056,0.687239,0.0128
4057,0.686820,0.0128
4058,0.686111,0.0115
4059,0.686164,0.0115
4060,0.686408,0.0129
4061,0.686338,0.0115
4062,0.686351,0.0128
4063,0.686738,0.0127
4064,0.686859,0.0092
4065,0.686311,0.0076
4066,0.686218,0.0075
4067,0.686393,0.0081
4068,0.686343,0.0143
4069,0.686152,0.0112
4070,0.685959,0.0125
4071,0.685871,0.0127
4072,0.686139,0.0114
4073,0.686345,0.0127
4074,0.686694,0.0114
4075,0.686572,0.0114
4076,0.686847,0.0114
4077,0.686929,0.0115
4078,0.686832,0.0127
4079,0.686365,0.0107
4080,0.686155,0.0077
4081,0.685678,0.0108
4082,0.685759,0.0127
4083,0.686085,0.0112
4084,0.686055,0.0113
4085,0.686423,0.0114
4086,0.686653,0.0128
4087,0.686886,0.0127
4088,0.686759,0.0128
4089,0.686613,0.0128
4090,0.686568,0.0115
4091,0.686434,0.0115
4092,0.686635,0.0104
4093,0.686705,0.0078
4094,0.687063,0.0075
4095,0.686832,0.0084
4096,0.686654,0.0128
4097,0.686920,0.0123
4098,0.687093,0.0110
4099,0.687225,0.0113
4100,0.687574,0.0112
4101,0.687387,0.0113
4102,0.687457,0.0112
4103,0.686837,0.0113
4104,0.686762,0.0113
4105,0.687237,0.0128
4106,0.686915,0.0128
4107,0.686660,0.0114
4108,0.686386,0.0114
4109,0.686626,0.0128
4110,0.686931,0.0115
4111,0.687077,0.0114
4112,0.687327,0.0127
4113,0.687443,0.0117
4114,0.687391,0.0094
4115,0.687137,0.0081
4116,0.687030,0.0116
4117,0.687229,0.0123
4118,0.687197,0.0112
4119,0.687262,0.0127
4120,0.686780,0.0114
4121,0.686452,0.0104
4122,0.686427,0.0078
4123,0.686185,0.0079
4124,0.686410,0.0075
4125,0.686444,0.0134
4126,0.686828,0.0123
4127,0.686863,0.0125
4128,0.686716,0.0112
4129,0.686776,0.0126
4130,0.686383,0.0127
4131,0.686418,0.0114
4132,0.686430,0.0128
4133,0.686460,0.0128
4134,0.686280,0.0114
4135,0.686313,0.0115
4136,0.686227,0.0114
4137,0.686468,0.0127
4138,0.686938,0.0127
4139,0.686893,0.0114
4140,0.686905,0.0114
4141,0.687023,0.0128
4142,0.686994,0.0115
4143,0.686971,0.0114
4144,0.687386,0.0128
4145,0.687401,0.0114
4146,0.687626,0.0128
4147,0.688120,0.0104
4148,0.688146,0.0079
4149,0.688422,0.0076
4150,0.688608,0.0075
4151,0.688343,0.0099
4152,0.688073,0.0079
4153,0.688096,0.0112
4154,0.688133,0.0109
4155,0.688353,0.0122
4156,0.687939,0.0109
4157,0.687702,0.0113
4158,0.687190,0.0114
4159,0.687430,0.0128
4160,0.687522,0.0114
4161,0.687725,0.0127
4162,0.687777,0.0113
4163,0.688002,0.0114
4164,0.687697,0.0114
4165,0.687490,0.0114
4166,0.687599,0.0114
4167,0.687267,0.0127
4168,0.687252,0.0115
4169,0.687055,0.0127
4170,0.686855,0.0114
4171,0.686438,0.0128
4172,0.686107,0.0128
4173,0.686439,0.0127
4174,0.686854,0.0128
4175,0.686713,0.0115
4176,0.686874,0.0094
4177,0.686789,0.0075
4178,0.686453,0.0075
4179,0.686634,0.0121
4180,0.686830,0.0111
4181,0.687091,0.0111
4182,0.686656,0.0125
4183,0.687075,0.0127
4184,0.687003,0.0117
4185,0.686857,0.0094
4186,0.686623,0.0080
4187,0.686619,0.0115
4188,0.686661,0.0125
4189,0.686746,0.0112
4190,0.686605,0.0127
4191,0.686575,0.0128
4192,0.686525,0.0128
4193,0.686640,0.0128
4194,0.686297,0.0128
4195,0.686340,0.0128
4196,0.686087,0.0129
4197,0.686045,0.0128
4198,0.686159,0.0115
4199,0.686449,0.0115
4200,0.686193,0.0128
4201,0.686206,0.0115
4202,0.686076,0.0114
4203,0.686056,0.0081
4204,0.686123,0.0076
4205,0.685958,0.0076
4206,0.686208,0.0134
4207,0.686493,0.0111
4208,0.686578,0.0112
4209,0.686310,0.0113
4210,0.686068,0.0127
4211,0.686173,0.0115
4212,0.686098,0.0129
4213,0.686059,0.0128
4214,0.686189,0.0128
4215,0.685893,0.0129
4216,0.685925,0.0128
4217,0.686129,0.0098
4218,0.686270,0.0080
4219,0.686219,0.0119
4220,0.686248,0.0112
4221,0.686005,0.0113
4222,0.685878,0.0112
4223,0.686106,0.0125
4224,0.686662,0.0113
4225,0.686804,0.0114
4226,0.686842,0.0115
4227,0.686849,0.0128
4228,0.687154,0.0115
4229,0.687426,0.0128
4230,0.687495,0.0118
4231,0.687749,0.0078
4232,0.687982,0.0075
4233,0.687924,0.0075
4234,0.688188,0.0134
4235,0.688844,0.0123
4236,0.688969,0.0113
4237,0.688908,0.0126
4238,0.688864,0.0114
4239,0.689188,0.0127
4240,0.689387,0.0127
4241,0.689501,0.0128
4242,0.689502,0.0114
4243,0.689380,0.0115
4244,0.689256,0.0099
4245,0.688944,0.0128
4246,0.688378,0.0128
4247,0.688852,0.0128
4248,0.689104,0.0129
4249,0.688964,0.0129
4250,0.688983,0.0122
4251,0.689336,0.0078
4252,0.689863,0.0111
4253,0.689900,0.0114
4254,0.690024,0.0113
4255,0.690079,0.0113
4256,0.690296,0.0127
4257,0.690414,0.0127
4258,0.690381,0.0082
4259,0.690149,0.0076
4260,0.690117,0.0075
4261,0.689753,0.0134
4262,0.689711,0.0111
4263,0.689694,0.0124
4264,0.689551,0.0126
4265,0.689430,0.0127
4266,0.689264,0.0127
4267,0.688696,0.0128
4268,0.688194,0.0129
4269,0.688364,0.0129
4270,0.688407,0.0129
4271,0.688654,0.0129
4272,0.688874,0.0129
4273,0.688674,0.0129
4274,0.688448,0.0129
4275,0.688159,0.0129
4276,0.688376,0.0129
4277,0.688550,0.0128
4278,0.688093,0.0129
4279,0.687277,0.0129
4280,0.686957,0.0115
4281,0.687008,0.0107
4282,0.686352,0.0076
4283,0.685728,0.0080
4284,0.685794,0.0081
4285,0.685500,0.0097
4286,0.685036,0.0083
4287,0.684920,0.0126
4288,0.684531,0.0125
4289,0.684359,0.0111
4290,0.684166,0.0112
4291,0.684356,0.0126
4292,0.684304,0.0113
4293,0.684135,0.0113
4294,0.684046,0.0128
4295,0.683704,0.0128
4296,0.683756,0.0114
4297,0.683824,0.0114
4298,0.683986,0.0127
4299,0.683880,0.0127
4300,0.684240,0.0128
4301,0.684479,0.0128
4302,0.684311,0.0129
4303,0.684304,0.0129
4304,0.684274,0.0128
4305,0.683779,0.0114
4306,0.683663,0.0128
4307,0.683990,0.0128
4308,0.683782,0.0104
4309,0.683920,0.0078
4310,0.683968,0.0075
4311,0.684293,0.0075
4312,0.684154,0.0130
4313,0.684164,0.0122
4314,0.683863,0.0124
4315,0.683813,0.0112
4316,0.683865,0.0126
4317,0.683800,0.0107
4318,0.684090,0.0077
4319,0.684028,0.0108
4320,0.683846,0.0125
4321,0.683486,0.0113
4322,0.683551,0.0127
4323,0.683433,0.0114
4324,0.683580,0.0127
4325,0.683374,0.0127
4326,0.683359,0.0099
4327,0.683282,0.0129
4328,0.683365,0.0129
4329,0.683000,0.0128
4330,0.683169,0.0114
4331,0.683438,0.0114
4332,0.683222,0.0114
4333,0.683341,0.0128
4334,0.683246,0.0128
4335,0.683506,0.0128
4336,0.683546,0.0082
4337,0.683473,0.0076
4338,0.683555,0.0076
4339,0.683317,0.0121
4340,0.683439,0.0124
4341,0.683371,0.0124
4342,0.683211,0.0113
4343,0.683279,0.0127
4344,0.683160,0.0114
4345,0.682864,0.0114
4346,0.682793,0.0127
4347,0.683009,0.0114
4348,0.683202,0.0114
4349,0.683012,0.0128
4350,0.682964,0.0104
4351,0.682907,0.0094
4352,0.683089,0.0080
4353,0.682745,0.0115
4354,0.683134,0.0126
4355,0.683433,0.0112
4356,0.683354,0.0125
4357,0.683348,0.0112
4358,0.683331,0.0127
4359,0.683547,0.0128
4360,0.683255,0.0114
4361,0.683324,0.0114
4362,0.683174,0.0114
4363,0.683454,0.0128
4364,0.683297,0.0094
4365,0.683554,0.0076
4366,0.683878,0.0076
4367,0.683666,0.0122
4368,0.683358,0.0121
4369,0.683298,0.0123
4370,0.683506,0.0125
4371,0.683283,0.0113
4372,0.683429,0.0126
4373,0.683159,0.0113
4374,0.683325,0.0114
4375,0.683203,0.0114
4376,0.683017,0.0117
4377,0.683148,0.0128
4378,0.682841,0.0127
4379,0.682743,0.0128
4380,0.682673,0.0128
4381,0.682602,0.0129
4382,0.682555,0.0128
4383,0.682501,0.0122
4384,0.682511,0.0078
4385,0.682249,0.0109
4386,0.682236,0.0128
4387,0.682071,0.0113
4388,0.681591,0.0126
4389,0.681500,0.0114
4390,0.681795,0.0114
4391,0.681997,0.0082
4392,0.681805,0.0076
4393,0.681879,0.0076
4394,0.681902,0.0131
4395,0.681861,0.0125
4396,0.681997,0.0124
4397,0.681958,0.0125
4398,0.682292,0.0127
4399,0.682311,0.0128
4400,0.682130,0.0128
4401,0.681943,0.0116
4402,0.682103,0.0129
4403,0.682399,0.0128
4404,0.682375,0.0113
4405,0.682651,0.0128
4406,0.682542,0.0114
4407,0.682415,0.0128
4408,0.682347,0.0128
4409,0.682373,0.0127
4410,0.682449,0.0127
4411,0.682899,0.0128
4412,0.682934,0.0128
4413,0.682905,0.0129
4414,0.682729,0.0107
4415,0.682640,0.0077
4416,0.682680,0.0076
4417,0.682691,0.0081
4418,0.682651,0.0096
4419,0.682571,0.0107
4420,0.682643,0.0122
4421,0.682742,0.0124
4422,0.682947,0.0126
4423,0.683031,0.0129
4424,0.682970,0.0129
4425,0.683294,0.0129
4426,0.682954,0.0129
4427,0.682816,0.0129
4428,0.682809,0.0115
4429,0.682864,0.0128
4430,0.682897,0.0128
4431,0.682860,0.0114
4432,0.682820,0.0114
4433,0.682824,0.0113
4434,0.682896,0.0114
4435,0.683111,0.0127
4436,0.683136,0.0114
4437,0.683035,0.0114
4438,0.682772,0.0114
4439,0.682980,0.0127
4440,0.683015,0.0127
4441,0.682963,0.0095
4442,0.682776,0.0076
4443,0.682808,0.0076
4444,0.683096,0.0134
4445,0.683114,0.0124
4446,0.683187,0.0113
4447,0.682997,0.0112
4448,0.682997,0.0112
4449,0.682287,0.0115
4450,0.682476,0.0094
4451,0.682540,0.0080
4452,0.682536,0.0116
4453,0.682684,0.0124
4454,0.682716,0.0112
4455,0.682732,0.0126
4456,0.683037,0.0114
4457,0.683253,0.0129
4458,0.683068,0.0115
4459,0.682907,0.0115
4460,0.682858,0.0114
4461,0.682653,0.0114
4462,0.682320,0.0114
4463,0.682153,0.0114
4464,0.682280,0.0128
4465,0.682367,0.0114
4466,0.682145,0.0114
4467,0.682009,0.0128
4468,0.682014,0.0129
4469,0.681863,0.0104
4470,0.681877,0.0079
4471,0.682173,0.0076
4472,0.682198,0.0075
4473,0.682166,0.0134
4474,0.682198,0.0127
4475,0.682406,0.0113
4476,0.682233,0.0114
4477,0.682367,0.0098
4478,0.682112,0.0126
4479,0.681945,0.0113
4480,0.681970,0.0126
4481,0.682026,0.0115
4482,0.682330,0.0129
4483,0.682500,0.0115
4484,0.682919,0.0118
4485,0.682855,0.0094
4486,0.683037,0.0080
4487,0.682813,0.0115
4488,0.682633,0.0125
4489,0.682452,0.0112
4490,0.682553,0.0113
4491,0.682348,0.0115
4492,0.682221,0.0128
4493,0.682585,0.0114
4494,0.682753,0.0113
4495,0.682539,0.0114
4496,0.682358,0.0113
4497,0.682430,0.0127
4498,0.682473,0.0114
4499,0.682075,0.0081
4500,0.682067,0.0076
4501,0.682181,0.0075
4502,0.681822,0.0135
4503,0.682296,0.0126
4504,0.682106,0.0126
4505,0.682332,0.0127
4506,0.682277,0.0113
4507,0.682230,0.0127
4508,0.682195,0.0114
4509,0.682206,0.0113
4510,0.682308,0.0113
4511,0.682170,0.0113
4512,0.682569,0.0126
4513,0.682405,0.0127
4514,0.682487,0.0115
4515,0.682496,0.0114
4516,0.682701,0.0114
4517,0.682751,0.0127
4518,0.682755,0.0114
4519,0.682920,0.0111
4520,0.682669,0.0079
4521,0.682890,0.0118
4522,0.683138,0.0113
4523,0.683054,0.0127
4524,0.683082,0.0114
4525,0.682808,0.0127
4526,0.682524,0.0103
4527,0.682817,0.0078
4528,0.682866,0.0076
4529,0.683192,0.0079
4530,0.683273,0.0133
4531,0.682972,0.0123
4532,0.682718,0.0111
4533,0.682723,0.0124
4534,0.682579,0.0112
4535,0.682834,0.0113
4536,0.682957,0.0114
4537,0.682963,0.0114
4538,0.682996,0.0127
4539,0.683021,0.0114
4540,0.682708,0.0127
4541,0.682520,0.0128
4542,0.682605,0.0128
4543,0.682561,0.0128
4544,0.682414,0.0128
4545,0.682903,0.0115
4546,0.683037,0.0115
4547,0.682883,0.0128
4548,0.682403,0.0114
4549,0.682549,0.0128
4550,0.682648,0.0128
4551,0.682559,0.0128
4552,0.682698,0.0093
4553,0.682343,0.0077
4554,0.682199,0.0075
4555,0.682225,0.0080
4556,0.682053,0.0097
4557,0.682072,0.0097
4558,0.682200,0.0110
4559,0.682667,0.0109
4560,0.682620,0.0124
4561,0.682459,0.0113
4562,0.682642,0.0126
4563,0.682795,0.0114
4564,0.682874,0.0115
4565,0.682790,0.0114
4566,0.682950,0.0127
4567,0.682753,0.0127
4568,0.682305,0.0114
4569,0.682350,0.0114
4570,0.682444,0.0113
4571,0.682611,0.0113
4572,0.682718,0.0128
4573,0.682911,0.0116
4574,0.682622,0.0127
4575,0.682455,0.0128
4576,0.682647,0.0114
4577,0.682573,0.0128
4578,0.682262,0.0114
4579,0.682022,0.0127
4580,0.681898,0.0114
4581,0.681996,0.0081
4582,0.682049,0.0078
4583,0.682178,0.0075
4584,0.682241,0.0135
4585,0.682177,0.0110
4586,0.682064,0.0111
4587,0.682122,0.0123
4588,0.682096,0.0113
4589,0.682107,0.0115
4590,0.682119,0.0099
4591,0.681953,0.0081
4592,0.681801,0.0119
4593,0.681486,0.0113
4594,0.681422,0.0113
4595,0.681240,0.0127
4596,0.680954,0.0114
4597,0.680647,0.0114
4598,0.680680,0.0128
4599,0.680350,0.0127
4600,0.680188,0.0114
4601,0.680220,0.0115
4602,0.680410,0.0115
4603,0.680353,0.0099
4604,0.680536,0.0115
4605,0.680551,0.0128
4606,0.680681,0.0114
4607,0.680661,0.0128
4608,0.680502,0.0114
4609,0.680371,0.0118
4610,0.680060,0.0078
4611,0.680041,0.0076
4612,0.680051,0.0076
4613,0.679765,0.0136
4614,0.679753,0.0124
4615,0.680071,0.0112
4616,0.679877,0.0126
4617,0.679918,0.0114
4618,0.679990,0.0127
4619,0.679554,0.0113
4620,0.679868,0.0114
4621,0.679980,0.0113
4622,0.680062,0.0127
4623,0.680058,0.0127
4624,0.680193,0.0111
4625,0.680117,0.0076
4626,0.680080,0.0106
4627,0.680224,0.0126
4628,0.680089,0.0112
4629,0.679968,0.0127
4630,0.680156,0.0114
4631,0.679832,0.0127
4632,0.679779,0.0127
4633,0.679572,0.0127
4634,0.679731,0.0115
4635,0.679826,0.0115
4636,0.679997,0.0128
4637,0.680019,0.0094
4638,0.680131,0.0076
4639,0.680186,0.0076
4640,0.680211,0.0121
4641,0.680142,0.0111
4642,0.680038,0.0110
4643,0.680014,0.0111
4644,0.679695,0.0124
4645,0.679751,0.0125
4646,0.679702,0.0126
4647,0.680006,0.0115
4648,0.680148,0.0129
4649,0.680082,0.0129
4650,0.680187,0.0129
4651,0.680161,0.0129
4652,0.680292,0.0128
4653,0.679929,0.0128
4654,0.680110,0.0115
4655,0.680116,0.0114
4656,0.680040,0.0114
4657,0.680089,0.0097
4658,0.680028,0.0080
4659,0.679977,0.0116
4660,0.679908,0.0123
4661,0.680009,0.0124
4662,0.680100,0.0126
4663,0.680223,0.0127
4664,0.680041,0.0082
4665,0.679924,0.0076
4666,0.679646,0.0076
4667,0.679687,0.0135
4668,0.679685,0.0112
4669,0.679505,0.0112
4670,0.679360,0.0125
4671,0.679273,0.0126
4672,0.679307,0.0126
4673,0.679202,0.0127
4674,0.679366,0.0128
4675,0.679387,0.0127
4676,0.679841,0.0128
4677,0.679771,0.0128
4678,0.679531,0.0128
4679,0.679261,0.0115
4680,0.679104,0.0114
4681,0.679348,0.0114
4682,0.679431,0.0127
4683,0.679296,0.0114
4684,0.679456,0.0114
4685,0.679476,0.0114
4686,0.679110,0.0114
4687,0.678872,0.0127
4688,0.679131,0.0115
4689,0.679508,0.0106
4690,0.679620,0.0077
4691,0.679693,0.0076
4692,0.679472,0.0081
4693,0.679364,0.0096
4694,0.679585,0.0105
4695,0.679792,0.0109
4696,0.679877,0.0110
4697,0.679761,0.0111
4698,0.679794,0.0124
4699,0.679733,0.0113
4700,0.679779,0.0116
4701,0.679653,0.0115
4702,0.679535,0.0128
4703,0.679293,0.0128
4704,0.679365,0.0127
4705,0.679622,0.0128
4706,0.679666,0.0128
4707,0.679409,0.0128
4708,0.679404,0.0129
4709,0.679599,0.0128
4710,0.679221,0.0128
4711,0.679357,0.0128
4712,0.679241,0.0114
4713,0.679082,0.0128
4714,0.679081,0.0128
4715,0.679274,0.0128
4716,0.679252,0.0082
4717,0.679112,0.0076
4718,0.678826,0.0076
4719,0.679219,0.0135
4720,0.679379,0.0123
4721,0.679304,0.0123
4722,0.679202,0.0113
4723,0.679039,0.0128
4724,0.679345,0.0111
4725,0.679394,0.0080
4726,0.679439,0.0106
4727,0.679404,0.0126
4728,0.679166,0.0125
4729,0.678968,0.0112
4730,0.679162,0.0112
4731,0.679292,0.0126
4732,0.679469,0.0126
4733,0.679587,0.0127
4734,0.679480,0.0115
4735,0.679431,0.0129
4736,0.679445,0.0129
4737,0.679502,0.0129
4738,0.679583,0.0129
4739,0.679653,0.0129
4740,0.679468,0.0129
4741,0.679377,0.0115
4742,0.679342,0.0095
4743,0.679372,0.0080
4744,0.679544,0.0076
4745,0.679569,0.0134
4746,0.679695,0.0112
4747,0.679796,0.0113
4748,0.679386,0.0112
4749,0.679093,0.0113
4750,0.679308,0.0114
4751,0.679311,0.0128
4752,0.679572,0.0114
4753,0.679475,0.0127
4754,0.679217,0.0113
4755,0.679043,0.0127
4756,0.679077,0.0118
4757,0.678687,0.0095
4758,0.678463,0.0081
4759,0.678368,0.0116
4760,0.678616,0.0112
4761,0.678776,0.0113
4762,0.678994,0.0126
4763,0.679044,0.0112
4764,0.678633,0.0113
4765,0.678630,0.0114
4766,0.678774,0.0114
4767,0.679036,0.0127
4768,0.678847,0.0114
4769,0.678694,0.0128
4770,0.678798,0.0117
4771,0.678908,0.0078
4772,0.678558,0.0076
4773,0.678381,0.0076
4774,0.678479,0.0134
4775,0.678705,0.0124
4776,0.678931,0.0111
4777,0.679048,0.0127
4778,0.679031,0.0127
4779,0.678968,0.0114
4780,0.678988,0.0114
4781,0.679328,0.0127
4782,0.679440,0.0127
4783,0.679402,0.0127
4784,0.679514,0.0127
4785,0.679376,0.0127
4786,0.679403,0.0113
4787,0.679484,0.0126
4788,0.679206,0.0113
4789,0.679132,0.0113
4790,0.679036,0.0106
4791,0.679263,0.0096
4792,0.679387,0.0083
4793,0.679183,0.0118
4794,0.679050,0.0114
4795,0.679044,0.0113
4796,0.679132,0.0114
4797,0.678850,0.0115
4798,0.678515,0.0115
4799,0.678426,0.0093
4800,0.678318,0.0076
4801,0.678530,0.0075
4802,0.678517,0.0081
4803,0.678561,0.0141
4804,0.678432,0.0124
4805,0.678555,0.0125
4806,0.678950,0.0129
4807,0.678624,0.0113
4808,0.678668,0.0127
4809,0.678678,0.0127
4810,0.678774,0.0114
4811,0.678734,0.0127
4812,0.678667,0.0114
4813,0.678828,0.0127
4814,0.678816,0.0099
4815,0.678924,0.0127
4816,0.678654,0.0127
4817,0.678485,0.0127
4818,0.678219,0.0128
4819,0.678199,0.0128
4820,0.678415,0.0128
4821,0.678321,0.0128
4822,0.678696,0.0115
4823,0.678595,0.0114
4824,0.678746,0.0107
4825,0.678804,0.0077
4826,0.678919,0.0075
4827,0.678971,0.0075
4828,0.678968,0.0100
4829,0.678995,0.0078
4830,0.678889,0.0112
4831,0.678704,0.0108
4832,0.678665,0.0122
4833,0.678877,0.0111
4834,0.679079,0.0112
4835,0.679139,0.0113
4836,0.679444,0.0128
4837,0.679457,0.0129
4838,0.679236,0.0129
4839,0.679053,0.0128
4840,0.679006,0.0128
4841,0.678968,0.0115
4842,0.678958,0.0128
4843,0.679009,0.0115
4844,0.679157,0.0128
4845,0.679008,0.0128
4846,0.679369,0.0115
4847,0.679247,0.0128
4848,0.679065,0.0114
4849,0.679068,0.0128
4850,0.679321,0.0128
4851,0.679078,0.0129
4852,0.678942,0.0082
4853,0.679109,0.0076
4854,0.678971,0.0076
4855,0.679167,0.0135
4856,0.679167,0.0124
4857,0.679287,0.0111
4858,0.679256,0.0112
4859,0.679416,0.0113
4860,0.679705,0.0114
4861,0.679875,0.0098
4862,0.679631,0.0085
4863,0.679562,0.0118
4864,0.679513,0.0126
4865,0.679506,0.0126
4866,0.679433,0.0112
4867,0.679634,0.0113
4868,0.679629,0.0112
4869,0.679695,0.0128
4870,0.679766,0.0128
4871,0.679698,0.0128
4872,0.679805,0.0128
4873,0.680033,0.0128
4874,0.679839,0.0128
4875,0.680019,0.0128
4876,0.679984,0.0129
4877,0.680218,0.0128
4878,0.680032,0.0114
4879,0.680114,0.0081
4880,0.679599,0.0076
4881,0.679520,0.0075
4882,0.679677,0.0133
4883,0.679561,0.0122
4884,0.679663,0.0110
4885,0.679785,0.0111
4886,0.679495,0.0124
4887,0.679362,0.0113
4888,0.679457,0.0114
4889,0.679720,0.0128
4890,0.679608,0.0128
4891,0.679347,0.0129
4892,0.679084,0.0129
4893,0.678983,0.0098
4894,0.678969,0.0081
4895,0.678966,0.0119
4896,0.679159,0.0112
4897,0.679013,0.0113
4898,0.678852,0.0126
4899,0.678589,0.0125
4900,0.678652,0.0114
4901,0.678662,0.0128
4902,0.678668,0.0129
4903,0.678571,0.0115
4904,0.678377,0.0128
4905,0.678616,0.0115
4906,0.678559,0.0096
4907,0.678540,0.0076
4908,0.678742,0.0076
4909,0.678645,0.0136
4910,0.678968,0.0111
4911,0.678545,0.0102
4912,0.678301,0.0112
4913,0.678607,0.0113
4914,0.678572,0.0127
4915,0.678998,0.0114
4916,0.679318,0.0114
4917,0.679346,0.0114
4918,0.679417,0.0114
4919,0.679083,0.0127
4920,0.679119,0.0114
4921,0.679244,0.0114
4922,0.679147,0.0113
4923,0.678832,0.0113
4924,0.678633,0.0114
4925,0.678879,0.0115
4926,0.678982,0.0127
4927,0.679087,0.0118
4928,0.679148,0.0095
4929,0.679247,0.0081
4930,0.679231,0.0117
4931,0.679456,0.0125
4932,0.679362,0.0113
4933,0.679448,0.0126
4934,0.679393,0.0128
4935,0.679444,0.0093
4936,0.679440,0.0077
4937,0.679099,0.0076
4938,0.678999,0.0076
4939,0.679029,0.0133
4940,0.679273,0.0111
4941,0.679329,0.0125
4942,0.679413,0.0128
4943,0.679224,0.0128
4944,0.679054,0.0128
4945,0.679008,0.0129
4946,0.678984,0.0129
4947,0.678737,0.0128
4948,0.678792,0.0115
4949,0.678754,0.0129
4950,0.679152,0.0115
4951,0.679090,0.0115
4952,0.678905,0.0127
4953,0.678781,0.0114
4954,0.678743,0.0114
4955,0.678622,0.0128
4956,0.678783,0.0128
4957,0.678686,0.0115
4958,0.678750,0.0128
4959,0.678815,0.0117
4960,0.678892,0.0116
4961,0.678680,0.0094
4962,0.678822,0.0077
4963,0.678736,0.0076
4964,0.678630,0.0076
4965,0.678401,0.0099
4966,0.678307,0.0079
4967,0.678358,0.0111
4968,0.678204,0.0121
4969,0.677977,0.0124
4970,0.677975,0.0125
4971,0.677929,0.0128
4972,0.677715,0.0129
4973,0.677868,0.0115
4974,0.677802,0.0115
4975,0.678053,0.0127
4976,0.677809,0.0127
4977,0.677828,0.0128
4978,0.677834,0.0129
4979,0.678004,0.0114
4980,0.677924,0.0128
4981,0.678123,0.0128
4982,0.677990,0.0128
4983,0.677745,0.0115
4984,0.677623,0.0115
4985,0.677702,0.0128
4986,0.677525,0.0115
4987,0.677674,0.0127
4988,0.677877,0.0106
4989,0.677789,0.0076
4990,0.677894,0.0076
4991,0.677922,0.0081
4992,0.677988,0.0142
4993,0.678063,0.0125
4994,0.677962,0.0125
4995,0.678321,0.0113
4996,0.678416,0.0114
4997,0.678273,0.0108
4998,0.678361,0.0077
4999,0.678346,0.0109
5000,0.678281,0.0128
5001,0.678192,0.0114
5002,0.678165,0.0113
5003,0.678213,0.0113
5004,0.678136,0.0113
5005,0.678126,0.0128
5006,0.678098,0.0129
5007,0.678290,0.0128
5008,0.678206,0.0115
5009,0.678009,0.0129
5010,0.678080,0.0128
5011,0.678076,0.0128
5012,0.677740,0.0114
5013,0.677862,0.0115
5014,0.678097,0.0128
5015,0.678194,0.0116
5016,0.678169,0.0082
5017,0.678141,0.0076
5018,0.677976,0.0076
5019,0.678116,0.0135
5020,0.678386,0.0122
5021,0.678603,0.0126
5022,0.678733,0.0113
5023,0.678670,0.0127
5024,0.678549,0.0127
5025,0.678510,0.0128
5026,0.678343,0.0129
5027,0.678567,0.0128
5028,0.678352,0.0115
5029,0.678135,0.0122
5030,0.678387,0.0078
5031,0.678403,0.0108
5032,0.678194,0.0113
5033,0.677897,0.0112
5034,0.677725,0.0126
5035,0.677727,0.0126
5036,0.677824,0.0128
5037,0.677801,0.0128
5038,0.677839,0.0129
5039,0.677765,0.0128
5040,0.677690,0.0114
5041,0.677733,0.0114
5042,0.677556,0.0093
5043,0.677722,0.0075
5044,0.677652,0.0075
5045,0.677892,0.0121
5046,0.677877,0.0122
5047,0.677938,0.0111
5048,0.677947,0.0125
5049,0.677903,0.0125
5050,0.677850,0.0113
5051,0.677688,0.0128
5052,0.677451,0.0129
5053,0.677426,0.0130
5054,0.677328,0.0129
5055,0.677236,0.0129
5056,0.677199,0.0129
5057,0.677046,0.0115
5058,0.676937,0.0128
5059,0.676587,0.0128
5060,0.676722,0.0128
5061,0.677090,0.0098
5062,0.676895,0.0080
5063,0.676927,0.0119
5064,0.676972,0.0126
5065,0.676834,0.0113
5066,0.676954,0.0127
5067,0.676944,0.0115
5068,0.676742,0.0107
5069,0.676808,0.0077
5070,0.676963,0.0076
5071,0.677149,0.0084
5072,0.677132,0.0129
5073,0.677385,0.0123
5074,0.677212,0.0123
5075,0.677285,0.0112
5076,0.676961,0.0126
5077,0.677092,0.0126
5078,0.677113,0.0113
5079,0.677246,0.0127
5080,0.677699,0.0114
5081,0.677546,0.0114
5082,0.677528,0.0113
5083,0.677269,0.0114
5084,0.677359,0.0113
5085,0.677463,0.0127
5086,0.677442,0.0114
5087,0.677349,0.0128
5088,0.677742,0.0128
5089,0.677665,0.0114
5090,0.677615,0.0128
5091,0.677436,0.0128
5092,0.677469,0.0130
5093,0.677621,0.0128
5094,0.677396,0.0093
5095,0.677445,0.0076
5096,0.677274,0.0075
5097,0.677389,0.0082
5098,0.677349,0.0094
5099,0.677420,0.0104
5100,0.677407,0.0121
5101,0.677710,0.0123
5102,0.677950,0.0112
5103,0.677880,0.0103
5104,0.677449,0.0126
5105,0.677426,0.0130
5106,0.677639,0.0115
5107,0.677703,0.0115
5108,0.677568,0.0128
5109,0.677464,0.0114
5110,0.677377,0.0115
5111,0.677505,0.0128
5112,0.677590,0.0114
5113,0.677553,0.0128
5114,0.677664,0.0115
5115,0.677690,0.0127
5116,0.677625,0.0128
5117,0.677620,0.0113
5118,0.677624,0.0113
5119,0.677719,0.0113
5120,0.677771,0.0127
5121,0.677845,0.0113
5122,0.677981,0.0106
5123,0.677920,0.0077
5124,0.678091,0.0076
5125,0.678158,0.0075
5126,0.678286,0.0136
5127,0.678122,0.0123
5128,0.678436,0.0127
5129,0.678579,0.0128
5130,0.678594,0.0128
5131,0.678537,0.0098
5132,0.678483,0.0081
5133,0.678524,0.0118
5134,0.678632,0.0123
5135,0.678448,0.0112
5136,0.678237,0.0126
5137,0.677752,0.0114
5138,0.677720,0.0114
5139,0.677756,0.0114
5140,0.677859,0.0116
5141,0.677832,0.0127
5142,0.677935,0.0128
5143,0.677913,0.0114
5144,0.677974,0.0114
5145,0.678154,0.0114
5146,0.678170,0.0113
5147,0.678133,0.0128
5148,0.678393,0.0129
5149,0.678386,0.0128
5150,0.678248,0.0095
5151,0.678030,0.0076
5152,0.677578,0.0076
5153,0.677892,0.0134
5154,0.677839,0.0123
5155,0.677941,0.0124
5156,0.677740,0.0127
5157,0.677509,0.0128
5158,0.677543,0.0128
5159,0.677394,0.0127
5160,0.677087,0.0128
5161,0.677068,0.0128
5162,0.677182,0.0128
5163,0.677243,0.0098
5164,0.677336,0.0081
5165,0.677203,0.0118
5166,0.677010,0.0113
5167,0.677147,0.0125
5168,0.677091,0.0126
5169,0.677306,0.0114
5170,0.677580,0.0127
5171,0.677580,0.0127
5172,0.677677,0.0114
5173,0.677608,0.0128
5174,0.677308,0.0128
5175,0.677470,0.0117
5176,0.677510,0.0082
5177,0.677777,0.0076
5178,0.677701,0.0076
5179,0.677664,0.0133
5180,0.677451,0.0122
5181,0.677775,0.0110
5182,0.677930,0.0112
5183,0.677836,0.0126
5184,0.677696,0.0128
5185,0.677779,0.0129
5186,0.677702,0.0114
5187,0.677597,0.0128
5188,0.677603,0.0127
5189,0.677685,0.0114
5190,0.677713,0.0116
5191,0.677732,0.0127
5192,0.677543,0.0128
5193,0.677623,0.0129
5194,0.677487,0.0127
5195,0.677562,0.0111
5196,0.677759,0.0080
5197,0.678014,0.0118
5198,0.677919,0.0114
5199,0.677838,0.0124
5200,0.677711,0.0112
5201,0.677558,0.0115
5202,0.677287,0.0106
5203,0.677280,0.0076
5204,0.677296,0.0075
5205,0.677348,0.0075
5206,0.677285,0.0134
5207,0.676866,0.0112
5208,0.676932,0.0125
5209,0.676667,0.0112
5210,0.676865,0.0112
5211,0.676817,0.0113
5212,0.676776,0.0127
5213,0.676792,0.0127
5214,0.676868,0.0114
5215,0.677168,0.0128
5216,0.677064,0.0114
5217,0.676960,0.0114
5218,0.676958,0.0129
5219,0.676743,0.0129
5220,0.677145,0.0115
5221,0.677144,0.0128
5222,0.677070,0.0128
5223,0.677236,0.0128
5224,0.677254,0.0127
5225,0.677184,0.0128
5226,0.676926,0.0128
5227,0.676571,0.0128
5228,0.676612,0.0082
5229,0.676857,0.0076
5230,0.676757,0.0075
5231,0.676971,0.0101
5232,0.677053,0.0079
5233,0.676888,0.0113
5234,0.676941,0.0109
5235,0.676895,0.0110
5236,0.676870,0.0111
5237,0.676583,0.0114
5238,0.676258,0.0128
5239,0.676231,0.0128
5240,0.676452,0.0128
5241,0.676417,0.0128
5242,0.676348,0.0114
5243,0.676480,0.0115
5244,0.676413,0.0127
5245,0.676257,0.0128
5246,0.676313,0.0127
5247,0.676399,0.0114
5248,0.676471,0.0130
5249,0.676499,0.0128
5250,0.676714,0.0129
5251,0.676549,0.0115
5252,0.676415,0.0129
5253,0.676397,0.0129
5254,0.676337,0.0115
5255,0.676388,0.0094
5256,0.676073,0.0076
5257,0.675912,0.0075
5258,0.676154,0.0103
5259,0.676430,0.0129
5260,0.676771,0.0125
5261,0.676833,0.0113
5262,0.677112,0.0128
5263,0.677239,0.0117
5264,0.677136,0.0094
5265,0.676753,0.0081
5266,0.676939,0.0117
5267,0.676726,0.0124
5268,0.676686,0.0112
5269,0.676935,0.0113
5270,0.676984,0.0127
5271,0.676947,0.0114
5272,0.676997,0.0114
5273,0.677309,0.0114
5274,0.677356,0.0127
5275,0.676879,0.0128
5276,0.677029,0.0115
5277,0.677162,0.0128
5278,0.677084,0.0128
5279,0.677150,0.0128
5280,0.677365,0.0129
5281,0.677209,0.0129
5282,0.677021,0.0107
5283,0.676949,0.0077
5284,0.676843,0.0076
5285,0.676686,0.0082
5286,0.676785,0.0131
5287,0.677034,0.0111
5288,0.677189,0.0112
5289,0.677174,0.0124
5290,0.677206,0.0124
5291,0.677031,0.0127
5292,0.676830,0.0128
5293,0.676834,0.0128
5294,0.676860,0.0127
5295,0.676677,0.0127
5296,0.676902,0.0122
5297,0.676625,0.0077
5298,0.676525,0.0085
5299,0.676463,0.0136
5300,0.676721,0.0126
5301,0.677337,0.0127
5302,0.677362,0.0114
5303,0.677277,0.0128
5304,0.677259,0.0129
5305,0.677242,0.0128
5306,0.677198,0.0130
5307,0.676897,0.0130
5308,0.677008,0.0119
5309,0.677162,0.0079
5310,0.677134,0.0076
5311,0.677044,0.0076
5312,0.677189,0.0135
5313,0.677514,0.0125
5314,0.677572,0.0125
5315,0.677524,0.0126
5316,0.677611,0.0113
5317,0.677678,0.0126
5318,0.677569,0.0126
5319,0.677605,0.0127
5320,0.677392,0.0115
5321,0.677302,0.0129
5322,0.677245,0.0128
5323,0.677255,0.0128
5324,0.677234,0.0127
5325,0.677105,0.0128
5326,0.677004,0.0128
5327,0.676757,0.0104
5328,0.676998,0.0095
5329,0.676912,0.0081
5330,0.677221,0.0117
5331,0.677294,0.0125
5332,0.677297,0.0113
5333,0.677501,0.0113
5334,0.677363,0.0117
5335,0.677467,0.0119
5336,0.677232,0.0078
5337,0.677249,0.0076
5338,0.677436,0.0075
5339,0.677710,0.0133
5340,0.677561,0.0111
5341,0.677657,0.0111
5342,0.677604,0.0127
5343,0.677693,0.0103
5344,0.677697,0.0126
5345,0.677651,0.0127
5346,0.677530,0.0114
5347,0.677508,0.0128
5348,0.677201,0.0114
5349,0.677407,0.0114
5350,0.677457,0.0127
5351,0.677395,0.0114
5352,0.677222,0.0114
5353,0.677110,0.0115
5354,0.677123,0.0129
5355,0.676967,0.0128
5356,0.677215,0.0114
5357,0.677240,0.0127
5358,0.677007,0.0114
5359,0.676925,0.0114
5360,0.676943,0.0128
5361,0.676831,0.0128
5362,0.676924,0.0094
5363,0.677033,0.0077
5364,0.677245,0.0076
5365,0.677256,0.0102
5366,0.676937,0.0078
5367,0.676937,0.0115
5368,0.677033,0.0109
5369,0.677037,0.0125
5370,0.677191,0.0111
5371,0.677022,0.0113
5372,0.676946,0.0127
5373,0.677005,0.0115
5374,0.677020,0.0128
5375,0.677233,0.0128
5376,0.677385,0.0114
5377,0.677482,0.0114
5378,0.677342,0.0128
5379,0.677423,0.0128
5380,0.677561,0.0115
5381,0.677691,0.0128
5382,0.677570,0.0128
5383,0.677280,0.0129
5384,0.677409,0.0115
5385,0.677442,0.0115
5386,0.677148,0.0129
5387,0.677217,0.0128
5388,0.677086,0.0115
5389,0.677349,0.0104
5390,0.677418,0.0078
5391,0.677181,0.0075
5392,0.677068,0.0075
5393,0.677260,0.0133
5394,0.677031,0.0109
5395,0.676751,0.0111
5396,0.676595,0.0124
5397,0.676680,0.0126
5398,0.676849,0.0103
5399,0.676794,0.0095
5400,0.676783,0.0080
5401,0.676892,0.0126
5402,0.676760,0.0126
5403,0.676466,0.0126
5404,0.676223,0.0114
5405,0.676241,0.0127
5406,0.676091,0.0127
5407,0.676101,0.0128
5408,0.675990,0.0128
5409,0.675994,0.0128
5410,0.676172,0.0127
5411,0.676395,0.0127
5412,0.676502,0.0129
5413,0.676651,0.0129
5414,0.676894,0.0128
5415,0.677031,0.0128
5416,0.677103,0.0082
5417,0.677267,0.0076
5418,0.677283,0.0078
5419,0.677206,0.0134
5420,0.677003,0.0110
5421,0.676900,0.0124
5422,0.676724,0.0125
5423,0.676739,0.0113
5424,0.676452,0.0113
5425,0.676442,0.0127
5426,0.676273,0.0128
5427,0.676274,0.0115
5428,0.676113,0.0114
5429,0.676039,0.0114
5430,0.676011,0.0121
5431,0.676306,0.0077
5432,0.676328,0.0109
5433,0.676105,0.0127
5434,0.675823,0.0112
5435,0.675858,0.0113
5436,0.676229,0.0127
5437,0.676291,0.0127
5438,0.676444,0.0127
5439,0.676479,0.0127
5440,0.676548,0.0115
5441,0.676654,0.0129
5442,0.676618,0.0129
5443,0.676702,0.0083
5444,0.676330,0.0077
5445,0.676219,0.0077
5446,0.676298,0.0135
5447,0.676358,0.0125
5448,0.676126,0.0112
5449,0.676256,0.0126
5450,0.676167,0.0114
5451,0.676214,0.0114
5452,0.676093,0.0127
5453,0.676118,0.0127
5454,0.676355,0.0115
5455,0.676362,0.0129
5456,0.676501,0.0128
5457,0.676739,0.0128
5458,0.676730,0.0128
5459,0.676540,0.0128
5460,0.676425,0.0128
5461,0.676339,0.0114
5462,0.676268,0.0112
5463,0.676145,0.0081
5464,0.676211,0.0118
5465,0.676403,0.0125
5466,0.676522,0.0112
5467,0.676352,0.0113
5468,0.676284,0.0126
5469,0.676020,0.0103
5470,0.676075,0.0078
5471,0.676208,0.0080
5472,0.676281,0.0075
5473,0.675962,0.0133
5474,0.675933,0.0126
5475,0.675872,0.0112
5476,0.675945,0.0113
5477,0.676219,0.0113
5478,0.676160,0.0127
5479,0.675793,0.0128
5480,0.675886,0.0114
5481,0.675699,0.0113
5482,0.675918,0.0114
5483,0.675985,0.0127
5484,0.675973,0.0127
5485,0.675852,0.0114
5486,0.675871,0.0127
5487,0.675913,0.0114
5488,0.675997,0.0114
5489,0.676065,0.0128
5490,0.675820,0.0115
5491,0.675665,0.0114
5492,0.675396,0.0128
5493,0.675424,0.0114
5494,0.675291,0.0128
5495,0.675656,0.0129
5496,0.675547,0.0082
5497,0.675572,0.0076
5498,0.675519,0.0075
5499,0.675977,0.0100
5500,0.675986,0.0079
5501,0.675980,0.0113
5502,0.676106,0.0123
5503,0.676059,0.0111
5504,0.675891,0.0113
5505,0.676036,0.0127
5506,0.676264,0.0114
5507,0.676185,0.0128
5508,0.676183,0.0127
5509,0.676328,0.0115
5510,0.676227,0.0117
5511,0.676127,0.0128
5512,0.676116,0.0129
5513,0.675996,0.0128
5514,0.675649,0.0128
5515,0.675665,0.0129
5516,0.675788,0.0129
5517,0.675890,0.0129
5518,0.675779,0.0129
5519,0.675879,0.0115
5520,0.676087,0.0129
5521,0.675924,0.0115
5522,0.675977,0.0118
5523,0.675888,0.0079
5524,0.675803,0.0076
5525,0.676167,0.0075
5526,0.676266,0.0134
5527,0.676216,0.0122
5528,0.676262,0.0124
5529,0.676324,0.0113
5530,0.676494,0.0114
5531,0.676154,0.0104
5532,0.676299,0.0094
5533,0.676527,0.0080
5534,0.676531,0.0115
5535,0.676288,0.0111
5536,0.676147,0.0125
5537,0.676062,0.0113
5538,0.676256,0.0113
5539,0.676452,0.0114
5540,0.676499,0.0128
5541,0.676451,0.0130
5542,0.676442,0.0128
5543,0.676282,0.0128
5544,0.676208,0.0128
5545,0.675983,0.0129
5546,0.675772,0.0127
5547,0.675809,0.0115
5548,0.675625,0.0129
5549,0.675655,0.0116
5550,0.675564,0.0107
5551,0.675533,0.0077
5552,0.675455,0.0076
5553,0.675291,0.0075
5554,0.675144,0.0134
5555,0.675077,0.0123
5556,0.674963,0.0125
5557,0.675384,0.0125
5558,0.675458,0.0127
5559,0.675332,0.0114
5560,0.675632,0.0115
5561,0.675580,0.0114
5562,0.675661,0.0127
5563,0.675767,0.0114
5564,0.675483,0.0114
5565,0.675340,0.0111
5566,0.675526,0.0076
5567,0.675116,0.0107
5568,0.675333,0.0126
5569,0.675492,0.0126
5570,0.675264,0.0113
5571,0.675121,0.0126
5572,0.675429,0.0128
5573,0.675814,0.0129
5574,0.675964,0.0129
5575,0.675800,0.0115
5576,0.675989,0.0127
5577,0.676135,0.0115
5578,0.676060,0.0082
5579,0.676183,0.0075
5580,0.676070,0.0075
5581,0.676121,0.0135
5582,0.676168,0.0110
5583,0.676370,0.0111
5584,0.676140,0.0125
5585,0.676136,0.0128
5586,0.676305,0.0128
5587,0.676333,0.0128
5588,0.676348,0.0128
5589,0.676389,0.0129
5590,0.676290,0.0129
5591,0.676468,0.0129
5592,0.676547,0.0128
5593,0.676646,0.0115
5594,0.676630,0.0115
5595,0.676447,0.0114
5596,0.676491,0.0127
5597,0.676365,0.0110
5598,0.676653,0.0079
5599,0.676671,0.0119
5600,0.677019,0.0113
5601,0.676995,0.0114
5602,0.676955,0.0126
5603,0.676963,0.0126
5604,0.676819,0.0092
5605,0.676556,0.0076
5606,0.676642,0.0075
5607,0.676813,0.0080
5608,0.676801,0.0139
5609,0.676898,0.0122
5610,0.676635,0.0112
5611,0.676872,0.0113
5612,0.676649,0.0127
5613,0.676562,0.0114
5614,0.676682,0.0127
5615,0.676520,0.0127
5616,0.676386,0.0128
5617,0.676336,0.0128
5618,0.676471,0.0114
5619,0.676241,0.0127
5620,0.676007,0.0127
5621,0.676172,0.0114
5622,0.676127,0.0114
5623,0.676107,0.0115
5624,0.676228,0.0128
5625,0.675942,0.0127
5626,0.675780,0.0115
5627,0.676047,0.0115
5628,0.676150,0.0115
5629,0.676112,0.0128
5630,0.676245,0.0093
5631,0.676276,0.0075
5632,0.676199,0.0075
5633,0.676203,0.0081
5634,0.676213,0.0096
5635,0.676432,0.0103
5636,0.676261,0.0110
5637,0.676035,0.0110
5638,0.676004,0.0113
5639,0.676044,0.0113
5640,0.675926,0.0127
5641,0.675671,0.0114
5642,0.675610,0.0113
5643,0.675665,0.0127
5644,0.676011,0.0113
5645,0.676107,0.0114
5646,0.676192,0.0128
5647,0.675835,0.0114
5648,0.675719,0.0114
5649,0.675885,0.0114
5650,0.675677,0.0115
5651,0.675656,0.0129
5652,0.675683,0.0129
5653,0.675570,0.0129
5654,0.675612,0.0129
5655,0.675509,0.0130
5656,0.675476,0.0129
5657,0.675267,0.0129
5658,0.675520,0.0093
5659,0.675302,0.0077
5660,0.675384,0.0076
5661,0.675313,0.0081
5662,0.675072,0.0143
5663,0.675110,0.0124
5664,0.675087,0.0112
5665,0.675024,0.0126
5666,0.675418,0.0127
5667,0.675585,0.0101
5668,0.675474,0.0081
5669,0.675575,0.0118
5670,0.675719,0.0112
5671,0.675528,0.0112
5672,0.675659,0.0112
5673,0.675640,0.0113
5674,0.676013,0.0126
5675,0.676004,0.0127
5676,0.676253,0.0127
5677,0.676144,0.0128
5678,0.675995,0.0115
5679,0.675940,0.0129
5680,0.675848,0.0130
5681,0.675852,0.0129
5682,0.676123,0.0129
5683,0.676057,0.0130
5684,0.675857,0.0100
5685,0.675624,0.0118
5686,0.675872,0.0079
5687,0.675835,0.0075
5688,0.675939,0.0075
5689,0.676055,0.0121
5690,0.675901,0.0122
5691,0.675963,0.0124
5692,0.675542,0.0112
5693,0.675618,0.0127
5694,0.675678,0.0115
5695,0.675581,0.0129
5696,0.675449,0.0129
5697,0.675645,0.0129
5698,0.675535,0.0115
5699,0.675555,0.0129
5700,0.675647,0.0098
5701,0.675644,0.0079
5702,0.675651,0.0118
5703,0.675547,0.0124
5704,0.675461,0.0125
5705,0.675759,0.0112
5706,0.675934,0.0113
5707,0.675947,0.0128
5708,0.675953,0.0115
5709,0.676054,0.0129
5710,0.675900,0.0128
5711,0.675788,0.0129
5712,0.676066,0.0120
5713,0.676163,0.0079
5714,0.676179,0.0076
5715,0.676135,0.0076
5716,0.675980,0.0136
5717,0.675952,0.0112
5718,0.675973,0.0126
5719,0.675977,0.0113
5720,0.676120,0.0126
5721,0.676038,0.0126
5722,0.676034,0.0114
5723,0.675899,0.0115
5724,0.675758,0.0129
5725,0.675575,0.0129
5726,0.675704,0.0128
5727,0.675668,0.0128
5728,0.675843,0.0128
5729,0.675532,0.0128
5730,0.675603,0.0115
5731,0.675693,0.0116
5732,0.675678,0.0122
5733,0.675590,0.0078
5734,0.675258,0.0110
5735,0.675431,0.0115
5736,0.675461,0.0127
5737,0.675278,0.0099
5738,0.675065,0.0128
5739,0.674909,0.0114
5740,0.675016,0.0095
5741,0.674935,0.0076
5742,0.674749,0.0076
5743,0.674694,0.0134
5744,0.675023,0.0125
5745,0.674947,0.0127
5746,0.674872,0.0128
5747,0.674911,0.0128
5748,0.674839,0.0128
5749,0.674664,0.0128
5750,0.674721,0.0128
5751,0.674896,0.0128
5752,0.674848,0.0128
5753,0.674785,0.0127
5754,0.674738,0.0127
5755,0.674777,0.0127
5756,0.674882,0.0115
5757,0.674814,0.0117
5758,0.674794,0.0116
5759,0.674945,0.0129
5760,0.674688,0.0128
5761,0.674812,0.0128
5762,0.674756,0.0128
5763,0.674848,0.0115
5764,0.674791,0.0081
5765,0.674911,0.0075
5766,0.675038,0.0075
5767,0.674993,0.0102
5768,0.674839,0.0078
5769,0.674854,0.0115
5770,0.674904,0.0121
5771,0.674969,0.0111
5772,0.675015,0.0125
5773,0.675031,0.0114
5774,0.675122,0.0114
5775,0.675306,0.0127
5776,0.675410,0.0114
5777,0.675443,0.0127
5778,0.675417,0.0115
5779,0.675641,0.0115
5780,0.675775,0.0114
5781,0.675682,0.0127
5782,0.675667,0.0114
5783,0.675515,0.0114
5784,0.675693,0.0114
5785,0.675699,0.0128
5786,0.675656,0.0099
5787,0.675596,0.0128
5788,0.675845,0.0114
5789,0.675765,0.0113
5790,0.675751,0.0113
5791,0.675589,0.0113
5792,0.675569,0.0113
5793,0.675677,0.0094
5794,0.675443,0.0075
5795,0.675396,0.0075
5796,0.675818,0.0134
5797,0.676030,0.0110
5798,0.676223,0.0124
5799,0.676340,0.0125
5800,0.676167,0.0127
5801,0.676039,0.0100
5802,0.676069,0.0081
5803,0.676116,0.0108
5804,0.676090,0.0129
5805,0.675843,0.0113
5806,0.675819,0.0127
5807,0.675770,0.0127
5808,0.675871,0.0128
5809,0.675497,0.0128
5810,0.675703,0.0129
5811,0.675940,0.0129
5812,0.675835,0.0129
5813,0.676089,0.0129
5814,0.676071,0.0129
5815,0.675886,0.0100
5816,0.675828,0.0128
5817,0.675666,0.0114
5818,0.675668,0.0127
5819,0.675778,0.0094
5820,0.675784,0.0075
5821,0.675596,0.0075
5822,0.675646,0.0134
5823,0.675571,0.0123
5824,0.675174,0.0113
5825,0.675356,0.0126
5826,0.675654,0.0126
5827,0.675621,0.0115
5828,0.675768,0.0115
5829,0.675743,0.0115
5830,0.676048,0.0128
5831,0.676022,0.0114
5832,0.676299,0.0128
5833,0.676274,0.0111
5834,0.676151,0.0080
5835,0.675975,0.0119
5836,0.675708,0.0113
5837,0.675745,0.0112
5838,0.675736,0.0113
5839,0.675735,0.0113
5840,0.675749,0.0127
5841,0.675789,0.0114
5842,0.675854,0.0129
5843,0.675925,0.0128
5844,0.675917,0.0129
5845,0.675927,0.0129
5846,0.676047,0.0093
5847,0.675942,0.0077
5848,0.675734,0.0076
5849,0.675456,0.0080
5850,0.675666,0.0143
5851,0.675864,0.0123
5852,0.675657,0.0125
5853,0.675977,0.0113
5854,0.676158,0.0114
5855,0.676198,0.0127
5856,0.676405,0.0114
5857,0.676601,0.0114
5858,0.676680,0.0128
5859,0.676501,0.0128
5860,0.676302,0.0115
5861,0.676099,0.0128
5862,0.676063,0.0131
5863,0.675975,0.0115
5864,0.675493,0.0114
5865,0.675439,0.0114
5866,0.675664,0.0113
5867,0.675489,0.0097
5868,0.675376,0.0080
5869,0.675747,0.0118
5870,0.675710,0.0123
5871,0.675521,0.0125
5872,0.675555,0.0127
5873,0.675586,0.0115
5874,0.675531,0.0095
5875,0.675496,0.0076
5876,0.675456,0.0076
5877,0.675364,0.0136
5878,0.675285,0.0125
5879,0.675174,0.0112
5880,0.675328,0.0112
5881,0.675446,0.0112
5882,0.675390,0.0113
5883,0.675407,0.0113
5884,0.675394,0.0128
5885,0.675410,0.0128
5886,0.675371,0.0128
5887,0.675555,0.0129
5888,0.675461,0.0129
5889,0.675349,0.0129
5890,0.675370,0.0115
5891,0.675477,0.0128
5892,0.675677,0.0115
5893,0.675594,0.0128
5894,0.675421,0.0128
5895,0.675453,0.0129
5896,0.675551,0.0129
5897,0.675763,0.0129
5898,0.675862,0.0119
5899,0.675975,0.0079
5900,0.676107,0.0076
5901,0.675986,0.0075
5902,0.675710,0.0101
5903,0.675803,0.0079
5904,0.675668,0.0115
5905,0.675787,0.0124
5906,0.675686,0.0124
5907,0.675735,0.0125
5908,0.675596,0.0126
5909,0.675422,0.0113
5910,0.675156,0.0114
5911,0.675071,0.0127
5912,0.675192,0.0127
5913,0.675019,0.0114
5914,0.674967,0.0114
5915,0.674661,0.0114
5916,0.674860,0.0114
5917,0.675110,0.0128
5918,0.675200,0.0114
5919,0.675294,0.0126
5920,0.675260,0.0115
5921,0.675067,0.0129
5922,0.674920,0.0120
5923,0.674651,0.0129
5924,0.674940,0.0128
5925,0.675317,0.0128
5926,0.675382,0.0095
5927,0.675409,0.0075
5928,0.675291,0.0075
5929,0.675303,0.0135
5930,0.675283,0.0125
5931,0.675079,0.0125
5932,0.675304,0.0126
5933,0.675308,0.0127
5934,0.675256,0.0098
5935,0.675211,0.0081
5936,0.675217,0.0119
5937,0.675201,0.0126
5938,0.675429,0.0113
5939,0.675240,0.0126
5940,0.675225,0.0113
5941,0.675145,0.0113
5942,0.675141,0.0114
5943,0.675405,0.0127
5944,0.675243,0.0113
5945,0.675073,0.0126
5946,0.674929,0.0127
5947,0.675227,0.0114
5948,0.675381,0.0128
5949,0.675397,0.0128
5950,0.675299,0.0128
5951,0.675360,0.0129
5952,0.675341,0.0110
5953,0.675185,0.0076
5954,0.675318,0.0076
5955,0.675337,0.0103
5956,0.675257,0.0130
5957,0.675689,0.0123
5958,0.675592,0.0125
5959,0.675714,0.0125
5960,0.675777,0.0113
5961,0.675939,0.0114
5962,0.675909,0.0115
5963,0.676046,0.0129
5964,0.675929,0.0115
5965,0.675913,0.0129
5966,0.675500,0.0122
5967,0.675514,0.0077
5968,0.675460,0.0109
5969,0.675826,0.0129
5970,0.675762,0.0127
5971,0.675846,0.0128
5972,0.675939,0.0113
5973,0.675931,0.0113
5974,0.675924,0.0117
5975,0.675736,0.0128
5976,0.675820,0.0115
5977,0.675925,0.0117
5978,0.676052,0.0128
5979,0.676073,0.0106
5980,0.676108,0.0077
5981,0.676138,0.0076
5982,0.675976,0.0081
5983,0.675825,0.0143
5984,0.675810,0.0124
5985,0.675755,0.0113
5986,0.675887,0.0126
5987,0.675701,0.0114
5988,0.675842,0.0128
5989,0.675728,0.0128
5990,0.675715,0.0129
5991,0.675635,0.0129
5992,0.675649,0.0128
5993,0.675648,0.0127
5994,0.675548,0.0114
5995,0.675470,0.0114
5996,0.675303,0.0114
5997,0.675365,0.0127
5998,0.675531,0.0127
5999,0.675605,0.0098
6000,0.675477,0.0080
