epoch,loss,tiempo_s
1,9.667377,0.3199
2,5.912830,0.0110
3,5.402475,0.0099
4,5.158903,0.0101
5,4.998535,0.0102
6,4.877423,0.0105
7,4.778222,0.0111
8,4.693095,0.0115
9,4.621026,0.0117
10,4.554576,0.0117
11,4.496516,0.0117
12,4.441405,0.0117
13,4.390546,0.0117
14,4.344195,0.0118
15,4.300804,0.0118
16,4.259402,0.0117
17,4.220154,0.0116
18,4.183878,0.0116
19,4.149643,0.0111
20,4.115233,0.0111
21,4.083704,0.0112
22,4.053081,0.0117
23,4.024758,0.0117
24,3.995182,0.0116
25,3.968065,0.0117
26,3.941550,0.0117
27,3.915740,0.0117
28,3.892992,0.0112
29,3.870608,0.0112
30,3.847704,0.0116
31,3.825622,0.0116
32,3.804832,0.0117
33,3.784651,0.0116
34,3.764572,0.0154
35,3.745202,0.0087
36,3.726401,0.0083
37,3.709769,0.0081
38,3.692530,0.0081
39,3.675623,0.0081
40,3.658899,0.0081
41,3.643326,0.0081
42,3.628343,0.0081
43,3.612002,0.0081
44,3.598363,0.0081
45,3.584985,0.0081
46,3.571431,0.0081
47,3.558193,0.0081
48,3.543900,0.0081
49,3.530997,0.0081
50,3.518406,0.0081
51,3.506215,0.0081
52,3.494320,0.0081
53,3.482371,0.0081
54,3.469727,0.0081
55,3.458477,0.0081
56,3.447549,0.0081
57,3.436608,0.0081
58,3.424891,0.0081
59,3.413836,0.0081
60,3.402243,0.0081
61,3.390825,0.0081
62,3.381234,0.0081
63,3.371109,0.0081
64,3.360576,0.0081
65,3.349589,0.0081
66,3.339306,0.0081
67,3.329318,0.0081
68,3.319075,0.0082
69,3.309433,0.0081
70,3.299843,0.0082
71,3.289852,0.0081
72,3.279181,0.0082
73,3.269300,0.0081
74,3.259780,0.0081
75,3.250408,0.0081
76,3.241523,0.0081
77,3.231911,0.0082
78,3.222642,0.0082
79,3.213027,0.0081
80,3.204888,0.0081
81,3.195085,0.0081
82,3.185911,0.0081
83,3.176763,0.0082
84,3.167137,0.0081
85,3.158114,0.0081
86,3.148601,0.0082
87,3.140027,0.0081
88,3.129994,0.0081
89,3.121278,0.0082
90,3.112309,0.0082
91,3.103866,0.0081
92,3.094702,0.0081
93,3.086279,0.0081
94,3.077811,0.0081
95,3.069427,0.0081
96,3.060105,0.0082
97,3.051438,0.0081
98,3.041931,0.0082
99,3.034265,0.0082
100,3.026186,0.0082
101,3.016409,0.0082
102,3.008348,0.0081
103,3.000050,0.0082
104,2.991740,0.0082
105,2.982024,0.0082
106,2.973574,0.0082
107,2.965127,0.0082
108,2.957619,0.0082
109,2.948546,0.0082
110,2.939847,0.0082
111,2.931265,0.0082
112,2.921957,0.0082
113,2.913792,0.0081
114,2.905764,0.0082
115,2.898217,0.0082
116,2.889534,0.0084
117,2.881237,0.0085
118,2.872712,0.0082
119,2.864054,0.0082
120,2.855918,0.0082
121,2.847723,0.0082
122,2.840288,0.0082
123,2.832273,0.0082
124,2.824354,0.0082
125,2.815783,0.0092
126,2.807296,0.0082
127,2.798798,0.0082
128,2.790665,0.0082
129,2.782072,0.0082
130,2.773886,0.0082
131,2.765511,0.0082
132,2.756500,0.0082
133,2.748173,0.0082
134,2.740387,0.0082
135,2.731939,0.0082
136,2.723925,0.0082
137,2.715250,0.0082
138,2.706602,0.0082
139,2.698115,0.0082
140,2.689408,0.0082
141,2.680668,0.0082
142,2.671758,0.0082
143,2.662659,0.0082
144,2.654409,0.0082
145,2.646548,0.0082
146,2.637761,0.0082
147,2.630407,0.0082
148,2.621680,0.0082
149,2.613796,0.0082
150,2.606319,0.0082
151,2.598570,0.0082
152,2.589783,0.0082
153,2.583320,0.0082
154,2.574696,0.0083
155,2.567234,0.0082
156,2.558958,0.0082
157,2.550831,0.0082
158,2.542303,0.0082
159,2.534649,0.0082
160,2.526744,0.0082
161,2.518459,0.0082
162,2.509646,0.0082
163,2.501610,0.0083
164,2.493128,0.0082
165,2.486028,0.0082
166,2.477531,0.0082
167,2.469036,0.0082
168,2.460891,0.0082
169,2.453508,0.0082
170,2.445397,0.0082
171,2.438747,0.0082
172,2.430363,0.0082
173,2.422316,0.0082
174,2.414205,0.0083
175,2.406280,0.0082
176,2.397050,0.0082
177,2.388850,0.0082
178,2.380689,0.0082
179,2.372499,0.0083
180,2.364872,0.0083
181,2.357298,0.0082
182,2.349147,0.0083
183,2.340031,0.0082
184,2.331486,0.0083
185,2.322943,0.0082
186,2.314283,0.0083
187,2.306955,0.0083
188,2.298864,0.0083
189,2.291004,0.0084
190,2.282889,0.0083
191,2.274098,0.0083
192,2.265902,0.0083
193,2.258189,0.0083
194,2.249531,0.0083
195,2.241741,0.0083
196,2.233409,0.0083
197,2.226782,0.0083
198,2.218331,0.0083
199,2.210918,0.0083
200,2.202497,0.0083
201,2.193856,0.0083
202,2.185664,0.0083
203,2.177468,0.0083
204,2.168382,0.0083
205,2.159678,0.0083
206,2.151712,0.0083
207,2.143684,0.0083
208,2.135859,0.0083
209,2.127607,0.0083
210,2.120291,0.0083
211,2.113093,0.0083
212,2.104937,0.0083
213,2.098590,0.0083
214,2.092752,0.0083
215,2.084937,0.0083
216,2.078313,0.0083
217,2.071667,0.0083
218,2.063812,0.0083
219,2.055872,0.0083
220,2.046270,0.0083
221,2.037724,0.0083
222,2.030425,0.0083
223,2.024096,0.0083
224,2.017731,0.0083
225,2.011835,0.0083
226,2.004678,0.0083
227,1.997462,0.0083
228,1.989913,0.0083
229,1.981341,0.0084
230,1.973144,0.0083
231,1.965223,0.0084
232,1.956615,0.0083
233,1.948829,0.0083
234,1.940793,0.0083
235,1.933455,0.0083
236,1.926836,0.0083
237,1.919568,0.0083
238,1.911553,0.0083
239,1.903195,0.0084
240,1.894807,0.0083
241,1.886822,0.0084
242,1.879640,0.0084
243,1.872531,0.0083
244,1.866167,0.0083
245,1.858813,0.0084
246,1.852157,0.0084
247,1.845443,0.0084
248,1.837366,0.0083
249,1.829981,0.0084
250,1.822779,0.0084
251,1.815714,0.0084
252,1.809055,0.0084
253,1.802101,0.0084
254,1.795618,0.0084
255,1.789520,0.0084
256,1.782772,0.0084
257,1.775484,0.0084
258,1.767587,0.0084
259,1.759846,0.0104
260,1.753172,0.0086
261,1.746747,0.0084
262,1.739347,0.0084
263,1.732052,0.0084
264,1.724969,0.0084
265,1.717830,0.0084
266,1.710999,0.0084
267,1.704501,0.0084
268,1.697575,0.0084
269,1.690956,0.0084
270,1.684298,0.0084
271,1.677081,0.0084
272,1.669648,0.0084
273,1.661102,0.0084
274,1.653572,0.0084
275,1.647269,0.0084
276,1.641777,0.0084
277,1.636989,0.0084
278,1.631161,0.0084
279,1.625897,0.0084
280,1.618934,0.0084
281,1.611755,0.0084
282,1.604998,0.0084
283,1.598197,0.0084
284,1.590165,0.0085
285,1.583387,0.0084
286,1.578231,0.0085
287,1.571500,0.0084
288,1.564005,0.0084
289,1.557328,0.0084
290,1.551189,0.0084
291,1.545406,0.0085
292,1.539927,0.0085
293,1.534395,0.0084
294,1.527560,0.0085
295,1.521209,0.0085
296,1.515821,0.0085
297,1.510172,0.0085
298,1.504668,0.0085
299,1.496931,0.0085
300,1.489745,0.0085
301,1.483542,0.0088
302,1.476941,0.0085
303,1.471852,0.0085
304,1.467354,0.0085
305,1.463201,0.0085
306,1.458426,0.0085
307,1.451810,0.0085
308,1.444694,0.0085
309,1.438129,0.0085
310,1.433355,0.0086
311,1.428157,0.0085
312,1.423869,0.0085
313,1.418461,0.0085
314,1.413232,0.0085
315,1.409714,0.0085
316,1.406444,0.0085
317,1.402962,0.0085
318,1.400024,0.0085
319,1.397094,0.0085
320,1.393307,0.0085
321,1.389637,0.0085
322,1.385433,0.0085
323,1.380278,0.0085
324,1.374223,0.0086
325,1.366883,0.0085
326,1.361660,0.0085
327,1.358206,0.0086
328,1.355205,0.0086
329,1.351102,0.0086
330,1.344164,0.0085
331,1.337377,0.0086
332,1.330949,0.0086
333,1.324701,0.0086
334,1.318456,0.0085
335,1.311791,0.0086
336,1.306195,0.0086
337,1.300550,0.0086
338,1.296425,0.0086
339,1.291237,0.0086
340,1.287786,0.0086
341,1.283038,0.0086
342,1.279674,0.0086
343,1.278081,0.0086
344,1.275850,0.0086
345,1.272042,0.0086
346,1.267050,0.0086
347,1.260899,0.0086
348,1.254926,0.0086
349,1.250579,0.0086
350,1.248275,0.0086
351,1.247044,0.0086
352,1.242728,0.0086
353,1.236811,0.0086
354,1.232155,0.0086
355,1.228980,0.0086
356,1.225278,0.0086
357,1.220551,0.0086
358,1.216930,0.0087
359,1.215380,0.0086
360,1.211638,0.0087
361,1.206428,0.0086
362,1.201036,0.0086
363,1.196153,0.0087
364,1.191986,0.0087
365,1.188408,0.0087
366,1.182531,0.0087
367,1.177129,0.0087
368,1.173633,0.0087
369,1.170574,0.0087
370,1.167439,0.0087
371,1.163252,0.0087
372,1.159873,0.0087
373,1.155687,0.0087
374,1.150987,0.0087
375,1.147126,0.0087
376,1.144817,0.0087
377,1.141014,0.0087
378,1.138121,0.0087
379,1.134243,0.0087
380,1.130009,0.0087
381,1.126889,0.0087
382,1.123470,0.0087
383,1.122427,0.0087
384,1.124382,0.0087
385,1.124341,0.0087
386,1.119971,0.0087
387,1.115277,0.0087
388,1.106972,0.0087
389,1.102447,0.0087
390,1.100930,0.0087
391,1.096542,0.0087
392,1.093294,0.0087
393,1.091964,0.0087
394,1.092372,0.0087
395,1.093204,0.0087
396,1.089561,0.0087
397,1.084661,0.0088
398,1.081763,0.0088
399,1.078407,0.0087
400,1.075746,0.0088
401,1.072792,0.0088
402,1.068648,0.0088
403,1.066576,0.0094
404,1.063704,0.0088
405,1.057683,0.0088
406,1.052721,0.0088
407,1.048400,0.0088
408,1.045434,0.0088
409,1.043646,0.0088
410,1.039302,0.0088
411,1.034805,0.0088
412,1.032342,0.0088
413,1.031558,0.0088
414,1.029166,0.0088
415,1.028316,0.0088
416,1.028155,0.0088
417,1.026334,0.0088
418,1.024142,0.0088
419,1.020218,0.0088
420,1.016055,0.0088
421,1.012570,0.0088
422,1.008508,0.0088
423,1.005001,0.0088
424,1.002919,0.0088
425,1.002511,0.0088
426,1.001937,0.0088
427,0.996973,0.0088
428,0.992067,0.0088
429,0.989327,0.0088
430,0.988393,0.0088
431,0.991368,0.0088
432,0.990243,0.0088
433,0.987279,0.0089
434,0.982922,0.0089
435,0.978759,0.0089
436,0.973004,0.0089
437,0.969049,0.0088
438,0.967278,0.0089
439,0.964284,0.0089
440,0.963627,0.0089
441,0.964265,0.0088
442,0.962324,0.0089
443,0.958840,0.0089
444,0.953006,0.0089
445,0.949383,0.0089
446,0.946533,0.0089
447,0.944615,0.0089
448,0.942331,0.0089
449,0.940496,0.0089
450,0.941660,0.0089
451,0.942087,0.0089
452,0.941296,0.0089
453,0.937501,0.0089
454,0.934401,0.0089
455,0.930286,0.0090
456,0.926820,0.0090
457,0.924806,0.0089
458,0.922080,0.0089
459,0.919405,0.0089
460,0.916401,0.0089
461,0.913003,0.0090
462,0.909246,0.0090
463,0.905737,0.0089
464,0.904197,0.0090
465,0.900681,0.0090
466,0.898532,0.0090
467,0.896070,0.0090
468,0.896200,0.0090
469,0.896395,0.0090
470,0.896490,0.0086
471,0.895391,0.0085
472,0.896722,0.0085
473,0.899316,0.0085
474,0.902986,0.0085
475,0.906368,0.0086
476,0.908538,0.0085
477,0.905729,0.0084
478,0.903593,0.0084
479,0.899381,0.0084
480,0.894409,0.0084
481,0.891147,0.0084
482,0.890357,0.0084
483,0.890047,0.0084
484,0.886034,0.0084
485,0.883202,0.0084
486,0.876090,0.0084
487,0.872356,0.0084
488,0.867108,0.0084
489,0.863889,0.0084
490,0.860659,0.0084
491,0.858066,0.0084
492,0.854784,0.0084
493,0.850448,0.0084
494,0.847012,0.0084
495,0.845928,0.0084
496,0.845445,0.0084
497,0.845888,0.0084
498,0.848125,0.0084
499,0.848358,0.0084
500,0.845494,0.0084
501,0.841205,0.0084
502,0.841314,0.0084
503,0.838303,0.0084
504,0.834753,0.0085
505,0.829497,0.0084
506,0.824989,0.0085
507,0.822770,0.0085
508,0.821212,0.0085
509,0.821150,0.0085
510,0.816676,0.0085
511,0.816390,0.0085
512,0.818991,0.0085
513,0.820464,0.0085
514,0.822016,0.0085
515,0.821156,0.0085
516,0.816402,0.0085
517,0.812510,0.0085
518,0.811064,0.0085
519,0.805654,0.0086
520,0.801137,0.0085
521,0.798620,0.0085
522,0.796222,0.0085
523,0.792693,0.0085
524,0.790589,0.0085
525,0.792289,0.0085
526,0.793275,0.0085
527,0.794589,0.0085
528,0.791038,0.0086
529,0.789133,0.0086
530,0.786308,0.0086
531,0.782573,0.0086
532,0.776489,0.0086
533,0.774193,0.0086
534,0.770209,0.0086
535,0.768480,0.0086
536,0.767759,0.0086
537,0.771126,0.0086
538,0.783158,0.0086
539,0.790727,0.0086
540,0.782415,0.0088
541,0.776129,0.0089
542,0.773370,0.0086
543,0.769590,0.0087
544,0.767876,0.0086
545,0.764169,0.0086
546,0.765372,0.0087
547,0.765711,0.0087
548,0.764576,0.0087
549,0.766465,0.0087
550,0.765495,0.0087
551,0.760164,0.0087
552,0.756126,0.0087
553,0.753233,0.0087
554,0.746048,0.0087
555,0.742334,0.0087
556,0.741326,0.0087
557,0.739180,0.0087
558,0.737003,0.0087
559,0.734569,0.0087
560,0.732502,0.0087
561,0.730828,0.0087
562,0.729116,0.0087
563,0.730442,0.0087
564,0.736420,0.0087
565,0.740391,0.0087
566,0.745764,0.0087
567,0.747486,0.0088
568,0.748676,0.0087
569,0.745263,0.0088
570,0.737551,0.0088
571,0.732955,0.0088
572,0.727651,0.0088
573,0.724824,0.0088
574,0.720843,0.0088
575,0.718410,0.0088
576,0.718141,0.0088
577,0.717799,0.0088
578,0.716474,0.0088
579,0.714846,0.0088
580,0.712287,0.0088
581,0.715689,0.0088
582,0.714648,0.0088
583,0.713571,0.0088
584,0.707292,0.0088
585,0.713691,0.0088
586,0.714330,0.0089
587,0.712356,0.0088
588,0.713129,0.0089
589,0.710834,0.0089
590,0.709537,0.0089
591,0.707494,0.0089
592,0.705054,0.0089
593,0.705795,0.0089
594,0.712080,0.0089
595,0.719332,0.0089
596,0.723462,0.0089
597,0.715978,0.0089
598,0.704595,0.0089
599,0.695226,0.0089
600,0.688951,0.0089
601,0.687064,0.0089
602,0.690552,0.0089
603,0.691409,0.0090
604,0.693664,0.0090
605,0.698229,0.0090
606,0.698031,0.0090
607,0.689961,0.0090
608,0.683948,0.0090
609,0.681556,0.0090
610,0.680316,0.0090
611,0.677864,0.0090
612,0.674967,0.0090
613,0.672722,0.0090
614,0.674598,0.0090
615,0.675737,0.0090
616,0.677100,0.0090
617,0.677457,0.0090
618,0.673858,0.0090
619,0.673732,0.0090
620,0.677673,0.0091
621,0.673969,0.0091
622,0.667895,0.0091
623,0.669642,0.0091
624,0.674428,0.0091
625,0.676923,0.0091
626,0.675277,0.0091
627,0.670831,0.0091
628,0.666007,0.0091
629,0.659716,0.0091
630,0.655476,0.0091
631,0.658942,0.0091
632,0.668471,0.0091
633,0.670117,0.0091
634,0.668602,0.0091
635,0.668832,0.0091
636,0.670031,0.0092
637,0.666606,0.0092
638,0.658332,0.0092
639,0.651292,0.0092
640,0.648123,0.0092
641,0.648575,0.0092
642,0.650955,0.0092
643,0.654913,0.0092
644,0.658725,0.0092
645,0.658449,0.0092
646,0.653986,0.0092
647,0.650340,0.0092
648,0.650319,0.0092
649,0.652689,0.0092
650,0.651903,0.0092
651,0.654339,0.0093
652,0.646933,0.0092
653,0.638140,0.0093
654,0.636696,0.0093
655,0.635222,0.0093
656,0.628488,0.0093
657,0.627593,0.0093
658,0.622585,0.0093
659,0.620516,0.0093
660,0.617694,0.0093
661,0.625516,0.0093
662,0.627453,0.0093
663,0.626316,0.0093
664,0.625173,0.0093
665,0.627214,0.0093
666,0.638001,0.0093
667,0.651137,0.0093
668,0.665787,0.0093
669,0.685049,0.0094
670,0.691335,0.0093
671,0.690824,0.0093
672,0.685197,0.0093
673,0.675739,0.0094
674,0.667253,0.0093
675,0.658093,0.0094
676,0.645153,0.0096
677,0.632853,0.0094
678,0.626152,0.0094
679,0.626720,0.0094
680,0.655819,0.0094
681,0.680207,0.0094
682,0.684178,0.0094
683,0.682856,0.0094
684,0.674818,0.0094
685,0.668940,0.0094
686,0.670576,0.0094
687,0.670737,0.0094
688,0.659943,0.0094
689,0.648358,0.0094
690,0.639146,0.0094
691,0.631540,0.0095
692,0.629396,0.0095
693,0.624666,0.0094
694,0.616430,0.0095
695,0.632984,0.0095
696,0.637021,0.0095
697,0.628655,0.0095
698,0.615812,0.0095
699,0.612883,0.0095
700,0.617533,0.0095
701,0.627976,0.0095
702,0.627506,0.0095
703,0.637956,0.0095
704,0.646140,0.0095
705,0.659172,0.0095
706,0.665499,0.0095
707,0.665575,0.0095
708,0.671765,0.0095
709,0.679272,0.0096
710,0.680517,0.0096
711,0.679366,0.0095
712,0.673056,0.0096
713,0.667709,0.0096
714,0.664299,0.0096
715,0.657082,0.0096
716,0.643638,0.0096
717,0.634912,0.0096
718,0.631197,0.0096
719,0.625330,0.0096
720,0.621334,0.0096
721,0.620162,0.0096
722,0.627809,0.0096
723,0.638941,0.0096
724,0.649972,0.0096
725,0.652871,0.0096
726,0.647575,0.0096
727,0.640756,0.0097
728,0.627904,0.0097
729,0.612900,0.0097
730,0.603856,0.0097
731,0.600332,0.0097
732,0.599214,0.0097
733,0.602534,0.0097
734,0.613607,0.0097
735,0.615842,0.0097
736,0.613407,0.0097
737,0.610484,0.0097
738,0.603303,0.0097
739,0.598579,0.0097
740,0.593409,0.0097
741,0.590576,0.0097
742,0.588799,0.0098
743,0.585639,0.0098
744,0.583053,0.0098
745,0.574750,0.0099
746,0.573082,0.0098
747,0.571805,0.0098
748,0.569578,0.0098
749,0.570568,0.0098
750,0.575170,0.0098
751,0.576753,0.0098
752,0.576978,0.0098
753,0.583096,0.0098
754,0.596028,0.0098
755,0.609269,0.0098
756,0.621649,0.0098
757,0.619379,0.0098
758,0.617704,0.0098
759,0.603953,0.0098
760,0.595644,0.0098
761,0.590158,0.0098
762,0.589366,0.0099
763,0.585761,0.0099
764,0.581382,0.0099
765,0.568333,0.0099
766,0.561644,0.0099
767,0.557976,0.0099
768,0.553587,0.0099
769,0.551371,0.0099
770,0.550620,0.0099
771,0.547899,0.0099
772,0.541738,0.0099
773,0.538451,0.0099
774,0.536216,0.0099
775,0.534703,0.0099
776,0.536040,0.0099
777,0.532199,0.0099
778,0.526207,0.0099
779,0.527585,0.0099
780,0.525382,0.0100
781,0.575376,0.0099
782,0.620496,0.0100
783,0.630185,0.0100
784,0.615971,0.0100
785,0.596232,0.0100
786,0.573841,0.0100
787,0.565349,0.0100
788,0.561349,0.0100
789,0.556165,0.0100
790,0.559947,0.0100
791,0.556797,0.0100
792,0.550612,0.0100
793,0.543338,0.0100
794,0.537338,0.0101
795,0.540084,0.0100
796,0.535101,0.0101
797,0.532396,0.0101
798,0.525084,0.0101
799,0.522114,0.0101
800,0.539909,0.0101
801,0.550652,0.0101
802,0.558149,0.0101
803,0.555871,0.0101
804,0.550012,0.0101
805,0.563680,0.0101
806,0.571268,0.0102
807,0.566456,0.0101
808,0.560418,0.0102
809,0.561256,0.0102
810,0.557416,0.0102
811,0.551830,0.0105
812,0.553631,0.0102
813,0.557559,0.0102
814,0.558872,0.0102
815,0.566373,0.0102
816,0.574366,0.0102
817,0.578505,0.0102
818,0.578289,0.0113
819,0.572271,0.0123
820,0.574188,0.0111
821,0.571435,0.0107
822,0.557043,0.0107
823,0.545452,0.0106
824,0.540365,0.0107
825,0.537257,0.0107
826,0.527755,0.0107
827,0.522069,0.0106
828,0.521893,0.0107
829,0.532437,0.0107
830,0.540267,0.0108
831,0.550262,0.0107
832,0.554897,0.0107
833,0.551674,0.0107
834,0.548842,0.0108
835,0.549989,0.0107
836,0.543864,0.0108
837,0.540450,0.0108
838,0.548885,0.0108
839,0.561079,0.0108
840,0.574490,0.0108
841,0.572072,0.0108
842,0.556961,0.0108
843,0.542093,0.0108
844,0.531689,0.0108
845,0.531455,0.0108
846,0.533320,0.0108
847,0.528160,0.0108
848,0.523024,0.0108
849,0.528473,0.0108
850,0.544778,0.0108
851,0.558252,0.0108
852,0.551187,0.0108
853,0.540276,0.0108
854,0.536535,0.0109
855,0.541749,0.0109
856,0.544095,0.0109
857,0.532591,0.0109
858,0.518822,0.0109
859,0.506536,0.0109
860,0.506364,0.0109
861,0.515052,0.0109
862,0.518427,0.0109
863,0.517797,0.0109
864,0.516551,0.0109
865,0.517831,0.0109
866,0.516579,0.0109
867,0.516235,0.0109
868,0.515454,0.0110
869,0.515069,0.0110
870,0.508199,0.0109
871,0.500957,0.0109
872,0.495872,0.0110
873,0.501719,0.0110
874,0.501079,0.0110
875,0.506496,0.0111
876,0.507331,0.0111
877,0.504884,0.0110
878,0.505824,0.0111
879,0.504376,0.0110
880,0.506851,0.0111
881,0.503242,0.0111
882,0.499041,0.0111
883,0.496436,0.0111
884,0.488664,0.0111
885,0.485652,0.0111
886,0.483592,0.0111
887,0.479665,0.0111
888,0.475286,0.0111
889,0.477785,0.0111
890,0.489282,0.0112
891,0.496088,0.0111
892,0.494990,0.0111
893,0.493657,0.0112
894,0.494940,0.0112
895,0.492993,0.0112
896,0.486693,0.0112
897,0.480121,0.0112
898,0.484464,0.0112
899,0.484042,0.0112
900,0.480171,0.0112
901,0.475636,0.0112
902,0.476191,0.0113
903,0.474635,0.0112
904,0.468544,0.0113
905,0.467047,0.0113
906,0.472515,0.0113
907,0.472372,0.0113
908,0.473340,0.0114
909,0.464942,0.0113
910,0.473717,0.0114
911,0.479528,0.0113
912,0.495957,0.0113
913,0.497877,0.0114
914,0.506468,0.0114
915,0.501397,0.0114
916,0.496528,0.0114
917,0.497319,0.0114
918,0.492608,0.0114
919,0.492369,0.0114
920,0.497382,0.0114
921,0.497020,0.0114
922,0.494786,0.0114
923,0.492795,0.0114
924,0.491934,0.0114
925,0.492013,0.0114
926,0.487269,0.0114
927,0.486814,0.0112
928,0.481454,0.0111
929,0.474898,0.0110
930,0.471048,0.0110
931,0.468872,0.0110
932,0.465736,0.0110
933,0.480118,0.0110
934,0.470689,0.0110
935,0.466568,0.0110
936,0.475962,0.0110
937,0.478619,0.0110
938,0.487023,0.0111
939,0.488830,0.0111
940,0.500134,0.0111
941,0.513600,0.0111
942,0.503814,0.0112
943,0.490959,0.0111
944,0.487939,0.0112
945,0.482100,0.0112
946,0.473721,0.0112
947,0.467065,0.0113
948,0.460808,0.0113
949,0.462421,0.0113
950,0.474037,0.0113
951,0.489651,0.0113
952,0.505375,0.0113
953,0.526744,0.0114
954,0.535121,0.0114
955,0.521210,0.0117
956,0.495233,0.0116
957,0.483914,0.0115
958,0.476811,0.0116
959,0.488564,0.0115
960,0.485267,0.0116
961,0.491224,0.0116
962,0.488887,0.0117
963,0.493338,0.0117
964,0.493549,0.0118
965,0.488626,0.0118
966,0.495949,0.0119
967,0.502272,0.0119
968,0.504840,0.0119
969,0.502495,0.0120
970,0.494889,0.0120
971,0.489533,0.0120
972,0.502929,0.0121
973,0.500019,0.0122
974,0.495196,0.0122
975,0.489529,0.0122
976,0.478616,0.0123
977,0.474874,0.0124
978,0.477691,0.0124
979,0.464356,0.0125
980,0.460369,0.0125
981,0.458560,0.0126
982,0.461593,0.0127
983,0.460814,0.0127
984,0.462134,0.0128
985,0.456756,0.0128
986,0.452328,0.0129
987,0.448126,0.0129
988,0.443137,0.0130
989,0.453683,0.0132
990,0.465542,0.0132
991,0.460045,0.0132
992,0.448667,0.0133
993,0.467468,0.0134
994,0.492097,0.0135
995,0.502244,0.0135
996,0.521744,0.0138
997,0.534432,0.0138
998,0.521954,0.0138
999,0.501190,0.0140
1000,0.495644,0.0140
1001,0.488112,0.0140
1002,0.506285,0.0141
1003,0.491934,0.0142
1004,0.464900,0.0143
1005,0.465254,0.0145
1006,0.470749,0.0147
1007,0.460049,0.0147
1008,0.453617,0.0149
1009,0.455923,0.0150
1010,0.462664,0.0150
1011,0.472293,0.0152
1012,0.466881,0.0152
1013,0.465584,0.0153
1014,0.458849,0.0155
1015,0.458135,0.0156
1016,0.450685,0.0160
1017,0.441682,0.0161
1018,0.440855,0.0162
1019,0.448720,0.0162
1020,0.441595,0.0164
1021,0.457348,0.0167
1022,0.486420,0.0169
1023,0.519293,0.0168
1024,0.540163,0.0171
1025,0.546103,0.0172
1026,0.555382,0.0177
1027,0.557533,0.0176
1028,0.545967,0.0181
1029,0.528039,0.0182
1030,0.589510,0.0183
1031,0.611134,0.0184
1032,0.632705,0.0187
1033,0.643557,0.0189
1034,0.637711,0.0192
1035,0.625830,0.0194
1036,0.601505,0.0197
1037,0.575041,0.0198
1038,0.560848,0.0202
1039,0.560991,0.0204
1040,0.556656,0.0210
1041,0.544680,0.0209
1042,0.535086,0.0213
1043,0.520472,0.0215
1044,0.507043,0.0219
1045,0.494692,0.0221
1046,0.484307,0.0225
1047,0.477004,0.0228
1048,0.470635,0.0232
1049,0.462390,0.0238
1050,0.460477,0.0239
1051,0.451463,0.0241
1052,0.468263,0.0247
1053,0.483525,0.0249
1054,0.467701,0.0258
1055,0.456331,0.0261
1056,0.453204,0.0263
1057,0.453436,0.0272
1058,0.452299,0.0271
1059,0.437988,0.0275
1060,0.434457,0.0280
1061,0.447428,0.0289
1062,0.461116,0.0295
1063,0.463940,0.0294
1064,0.451287,0.0299
1065,0.444677,0.0310
1066,0.444092,0.0312
1067,0.455386,0.0315
1068,0.450141,0.0318
1069,0.446661,0.0321
1070,0.445270,0.0324
1071,0.432671,0.0326
1072,0.423754,0.0331
1073,0.418330,0.0333
1074,0.411277,0.0336
1075,0.411445,0.0340
1076,0.408836,0.0343
1077,0.401985,0.0345
1078,0.401205,0.0349
1079,0.401401,0.0352
1080,0.404999,0.0356
1081,0.399272,0.0359
1082,0.443447,0.0363
1083,0.449612,0.0366
1084,0.434625,0.0370
1085,0.425376,0.0373
1086,0.418513,0.0378
1087,0.409322,0.0380
1088,0.415995,0.0385
1089,0.419145,0.0388
1090,0.421339,0.0393
1091,0.432940,0.0395
1092,0.441410,0.0399
1093,0.437654,0.0402
1094,0.426625,0.0407
1095,0.419959,0.0410
1096,0.411757,0.0413
1097,0.400278,0.0416
1098,0.389592,0.0420
1099,0.392536,0.0424
1100,0.402856,0.0427
1101,0.400146,0.0429
1102,0.415949,0.0431
1103,0.403037,0.0433
1104,0.396680,0.0436
1105,0.386522,0.0438
1106,0.376492,0.0443
1107,0.380297,0.0445
1108,0.383538,0.0446
1109,0.386870,0.0447
1110,0.392476,0.0451
1111,0.397668,0.0453
1112,0.403222,0.0455
1113,0.400825,0.0458
1114,0.407118,0.0462
1115,0.410065,0.0463
1116,0.431531,0.0467
1117,0.470364,0.0471
1118,0.493350,0.0474
1119,0.496676,0.0477
1120,0.485081,0.0480
1121,0.460050,0.0483
1122,0.437609,0.0487
1123,0.447895,0.0489
1124,0.441678,0.0494
1125,0.425073,0.0497
1126,0.425070,0.0502
1127,0.415011,0.0504
1128,0.412260,0.0508
1129,0.402350,0.0513
1130,0.404877,0.0518
1131,0.395668,0.0522
1132,0.388073,0.0526
1133,0.388458,0.0531
1134,0.381132,0.0533
1135,0.381628,0.0536
1136,0.376228,0.0536
1137,0.381084,0.0535
1138,0.379808,0.0537
1139,0.379918,0.0535
1140,0.395686,0.0536
1141,0.411038,0.0535
1142,0.404619,0.0536
1143,0.393698,0.0535
1144,0.443445,0.0537
1145,0.479395,0.0536
1146,0.480791,0.0538
1147,0.483785,0.0535
1148,0.479074,0.0541
1149,0.478592,0.0535
1150,0.463519,0.0536
1151,0.448298,0.0535
1152,0.422390,0.0536
1153,0.411854,0.0535
1154,0.404746,0.0537
1155,0.398141,0.0535
1156,0.396513,0.0536
1157,0.417012,0.0537
1158,0.430947,0.0537
1159,0.428342,0.0536
1160,0.422198,0.0538
1161,0.412478,0.0539
1162,0.404140,0.0536
1163,0.398977,0.0536
1164,0.392077,0.0537
1165,0.393189,0.0536
1166,0.396195,0.0536
1167,0.389270,0.0536
1168,0.392075,0.0536
1169,0.397086,0.0535
1170,0.456683,0.0537
1171,0.531482,0.0536
1172,0.585837,0.0537
1173,0.609435,0.0536
1174,0.607014,0.0539
1175,0.581801,0.0536
1176,0.553109,0.0537
1177,0.534057,0.0536
1178,0.507688,0.0536
1179,0.500451,0.0536
1180,0.492084,0.0537
1181,0.471224,0.0536
1182,0.446464,0.0537
1183,0.434708,0.0536
1184,0.414681,0.0537
1185,0.456445,0.0539
1186,0.453367,0.0538
1187,0.442945,0.0538
1188,0.436280,0.0536
1189,0.422619,0.0537
1190,0.414025,0.0540
1191,0.399477,0.0542
1192,0.386941,0.0538
1193,0.382895,0.0536
1194,0.375284,0.0537
1195,0.368894,0.0537
1196,0.371957,0.0537
1197,0.412088,0.0536
1198,0.420661,0.0539
1199,0.403705,0.0537
1200,0.398811,0.0540
1201,0.394868,0.0536
1202,0.402900,0.0538
1203,0.392132,0.0536
1204,0.390285,0.0536
1205,0.390301,0.0536
1206,0.379625,0.0537
1207,0.362693,0.0536
1208,0.364311,0.0537
1209,0.375932,0.0536
1210,0.372896,0.0536
1211,0.370244,0.0537
1212,0.358766,0.0538
1213,0.356789,0.0538
1214,0.368097,0.0536
1215,0.374870,0.0539
1216,0.366824,0.0537
1217,0.360013,0.0535
1218,0.353728,0.0538
1219,0.341894,0.0536
1220,0.345583,0.0537
1221,0.348368,0.0537
1222,0.351242,0.0538
1223,0.342407,0.0536
1224,0.339783,0.0539
1225,0.341319,0.0537
1226,0.343032,0.0540
1227,0.348174,0.0537
1228,0.353926,0.0541
1229,0.348981,0.0536
1230,0.348705,0.0536
1231,0.338638,0.0537
1232,0.327325,0.0537
1233,0.322982,0.0535
1234,0.324514,0.0538
1235,0.322890,0.0537
1236,0.319848,0.0537
1237,0.318380,0.0537
1238,0.328041,0.0538
1239,0.337190,0.0537
1240,0.341392,0.0541
1241,0.340766,0.0539
1242,0.356659,0.0537
1243,0.368540,0.0537
1244,0.371922,0.0538
1245,0.372161,0.0537
1246,0.385242,0.0537
1247,0.370736,0.0537
1248,0.345176,0.0537
1249,0.324575,0.0536
1250,0.330057,0.0538
1251,0.327651,0.0537
1252,0.320091,0.0537
1253,0.316716,0.0537
1254,0.327686,0.0539
1255,0.335773,0.0536
1256,0.327115,0.0537
1257,0.314788,0.0537
1258,0.297446,0.0537
1259,0.293099,0.0536
1260,0.325946,0.0538
1261,0.351378,0.0536
1262,0.363972,0.0537
1263,0.355163,0.0537
1264,0.336427,0.0538
1265,0.316112,0.0536
1266,0.302318,0.0538
1267,0.291861,0.0537
1268,0.283184,0.0537
1269,0.280104,0.0536
1270,0.282945,0.0537
1271,0.275154,0.0535
1272,0.274980,0.0537
1273,0.269554,0.0536
1274,0.268161,0.0536
1275,0.264307,0.0536
1276,0.269743,0.0537
1277,0.268946,0.0535
1278,0.269328,0.0536
1279,0.306573,0.0536
1280,0.328027,0.0538
1281,0.301445,0.0535
1282,0.272351,0.0538
1283,0.293300,0.0535
1284,0.321202,0.0536
1285,0.320675,0.0536
1286,0.293727,0.0536
1287,0.298148,0.0535
1288,0.321711,0.0537
1289,0.319399,0.0535
1290,0.313313,0.0537
1291,0.310890,0.0536
1292,0.307635,0.0537
1293,0.309058,0.0536
1294,0.316495,0.0540
1295,0.300992,0.0538
1296,0.286364,0.0536
1297,0.282405,0.0536
1298,0.279291,0.0537
1299,0.293476,0.0535
1300,0.306398,0.0536
1301,0.302214,0.0536
1302,0.298548,0.0536
1303,0.306347,0.0535
1304,0.304284,0.0537
1305,0.302517,0.0536
1306,0.307499,0.0536
1307,0.321802,0.0536
1308,0.345436,0.0538
1309,0.349189,0.0535
1310,0.342719,0.0537
1311,0.326659,0.0536
1312,0.312143,0.0536
1313,0.297394,0.0536
1314,0.287792,0.0537
1315,0.283867,0.0535
1316,0.310724,0.0537
1317,0.332531,0.0536
1318,0.337231,0.0536
1319,0.348768,0.0536
1320,0.375705,0.0537
1321,0.392359,0.0537
1322,0.389347,0.0536
1323,0.369996,0.0539
1324,0.340978,0.0536
1325,0.320762,0.0535
1326,0.310090,0.0537
1327,0.302991,0.0535
1328,0.295407,0.0536
1329,0.289929,0.0536
1330,0.282517,0.0537
1331,0.280181,0.0537
1332,0.277108,0.0539
1333,0.265435,0.0540
1334,0.261631,0.0545
1335,0.253765,0.0542
1336,0.254110,0.0550
1337,0.254816,0.0553
1338,0.251983,0.0544
1339,0.247792,0.0546
1340,0.246758,0.0548
1341,0.242215,0.0551
1342,0.243073,0.0552
1343,0.243088,0.0555
1344,0.232994,0.0556
1345,0.231822,0.0559
1346,0.233974,0.0573
1347,0.222764,0.0563
1348,0.220236,0.0565
1349,0.223261,0.0580
1350,0.217750,0.0570
1351,0.225167,0.0572
1352,0.254300,0.0578
1353,0.268353,0.0576
1354,0.257349,0.0594
1355,0.253310,0.0584
1356,0.252890,0.0600
1357,0.279716,0.0587
1358,0.298917,0.0592
1359,0.301847,0.0595
1360,0.287682,0.0598
1361,0.268812,0.0600
1362,0.252405,0.0602
1363,0.250257,0.0619
1364,0.257036,0.0608
1365,0.245775,0.0624
1366,0.227361,0.0612
1367,0.229829,0.0615
1368,0.258083,0.0617
1369,0.291642,0.0618
1370,0.298731,0.0636
1371,0.301442,0.0625
1372,0.294798,0.0626
1373,0.286036,0.0627
1374,0.278097,0.0626
1375,0.260281,0.0642
1376,0.243542,0.0629
1377,0.230058,0.0645
1378,0.214192,0.0645
1379,0.216046,0.0630
1380,0.220459,0.0631
1381,0.218976,0.0632
1382,0.218873,0.0632
1383,0.218023,0.0634
1384,0.206230,0.0633
1385,0.210957,0.0634
1386,0.240592,0.0633
1387,0.250313,0.0633
1388,0.236379,0.0635
1389,0.218092,0.0636
1390,0.212477,0.0650
1391,0.218781,0.0634
1392,0.218938,0.0637
1393,0.218925,0.0637
1394,0.222292,0.0638
1395,0.225855,0.0638
1396,0.227054,0.0638
1397,0.221382,0.0641
1398,0.221164,0.0656
1399,0.219308,0.0658
1400,0.210244,0.0643
1401,0.201816,0.0658
1402,0.200518,0.0643
1403,0.195386,0.0659
1404,0.188002,0.0643
1405,0.183473,0.0660
1406,0.183412,0.0646
1407,0.181861,0.0667
1408,0.182978,0.0648
1409,0.186706,0.0663
1410,0.191063,0.0666
1411,0.190155,0.0650
1412,0.240094,0.0652
1413,0.221908,0.0653
1414,0.211403,0.0655
1415,0.208001,0.0671
1416,0.202127,0.0673
1417,0.207965,0.0659
1418,0.229943,0.0675
1419,0.237915,0.0660
1420,0.245230,0.0676
1421,0.241077,0.0677
1422,0.233794,0.0678
1423,0.215219,0.0679
1424,0.242511,0.0664
1425,0.264026,0.0664
1426,0.262635,0.0666
1427,0.252565,0.0683
1428,0.240664,0.0669
1429,0.232485,0.0670
1430,0.227918,0.0669
1431,0.226997,0.0688
1432,0.220691,0.0689
1433,0.214754,0.0674
1434,0.223343,0.0675
1435,0.226156,0.0675
1436,0.222861,0.0679
1437,0.198274,0.0678
1438,0.192804,0.0677
1439,0.201648,0.0694
1440,0.208915,0.0694
1441,0.202940,0.0679
1442,0.200314,0.0695
1443,0.202723,0.0680
1444,0.196377,0.0679
1445,0.183306,0.0680
1446,0.172955,0.0681
1447,0.177925,0.0682
1448,0.192303,0.0681
1449,0.208725,0.0682
1450,0.205376,0.0682
1451,0.196225,0.0682
1452,0.188622,0.0682
1453,0.171080,0.0682
1454,0.164327,0.0682
1455,0.159316,0.0682
1456,0.160707,0.0682
1457,0.163390,0.0682
1458,0.161339,0.0682
1459,0.172959,0.0682
1460,0.180814,0.0682
1461,0.181457,0.0682
1462,0.178765,0.0682
1463,0.188683,0.0700
1464,0.211642,0.0699
1465,0.228867,0.0698
1466,0.234261,0.0698
1467,0.229917,0.0698
1468,0.212891,0.0698
1469,0.199527,0.0698
1470,0.186441,0.0698
1471,0.179160,0.0698
1472,0.175693,0.0698
1473,0.169618,0.0698
1474,0.167094,0.0681
1475,0.166511,0.0682
1476,0.167525,0.0688
1477,0.188748,0.0681
1478,0.208573,0.0697
1479,0.226828,0.0703
1480,0.224334,0.0686
1481,0.206046,0.0682
1482,0.198570,0.0681
1483,0.184905,0.0681
1484,0.207066,0.0681
1485,0.253775,0.0682
1486,0.271549,0.0681
1487,0.266730,0.0681
1488,0.263618,0.0695
1489,0.271966,0.0682
1490,0.263652,0.0683
1491,0.250138,0.0684
1492,0.230167,0.0698
1493,0.211909,0.0699
1494,0.207673,0.0699
1495,0.195173,0.0683
1496,0.181216,0.0683
1497,0.161244,0.0683
1498,0.158990,0.0698
1499,0.182641,0.0697
1500,0.184399,0.0683
1501,0.193753,0.0682
1502,0.208564,0.0683
1503,0.213453,0.0683
1504,0.224555,0.0682
1505,0.223614,0.0683
1506,0.210274,0.0683
1507,0.188580,0.0682
1508,0.183033,0.0683
1509,0.172650,0.0683
1510,0.170293,0.0682
1511,0.168167,0.0682
1512,0.166926,0.0683
1513,0.167402,0.0683
1514,0.164565,0.0683
1515,0.176438,0.0683
1516,0.178888,0.0683
1517,0.162090,0.0683
1518,0.144391,0.0683
1519,0.144509,0.0682
1520,0.146079,0.0683
1521,0.146740,0.0682
1522,0.141821,0.0683
1523,0.147848,0.0683
1524,0.160462,0.0683
1525,0.162821,0.0682
1526,0.157542,0.0684
1527,0.156929,0.0683
1528,0.157577,0.0683
1529,0.155342,0.0683
1530,0.152687,0.0683
1531,0.150410,0.0683
1532,0.148357,0.0683
1533,0.147421,0.0683
1534,0.151745,0.0683
1535,0.153732,0.0683
1536,0.153133,0.0683
1537,0.157601,0.0683
1538,0.166563,0.0682
1539,0.167151,0.0682
1540,0.171407,0.0682
1541,0.167765,0.0681
1542,0.165128,0.0681
1543,0.153478,0.0681
1544,0.150303,0.0681
1545,0.144818,0.0681
1546,0.147110,0.0681
1547,0.147384,0.0681
1548,0.143725,0.0681
1549,0.135786,0.0681
1550,0.137075,0.0681
1551,0.141612,0.0681
1552,0.144611,0.0683
1553,0.147751,0.0683
1554,0.162267,0.0683
1555,0.169740,0.0683
1556,0.162235,0.0683
1557,0.149988,0.0683
1558,0.148969,0.0683
1559,0.185758,0.0683
1560,0.224883,0.0683
1561,0.248704,0.0683
1562,0.251993,0.0684
1563,0.240311,0.0683
1564,0.233436,0.0683
1565,0.201156,0.0683
1566,0.170511,0.0683
1567,0.151232,0.0683
1568,0.155810,0.0683
1569,0.171961,0.0683
1570,0.178234,0.0683
1571,0.170670,0.0683
1572,0.160412,0.0699
1573,0.154466,0.0699
1574,0.145043,0.0699
1575,0.139103,0.0699
1576,0.139871,0.0699
1577,0.143642,0.0699
1578,0.155383,0.0699
1579,0.169739,0.0699
1580,0.180276,0.0699
1581,0.173719,0.0699
1582,0.168827,0.0699
1583,0.159042,0.0699
1584,0.155686,0.0683
1585,0.156783,0.0683
1586,0.164612,0.0683
1587,0.158458,0.0683
1588,0.146172,0.0683
1589,0.134127,0.0683
1590,0.126615,0.0683
1591,0.119672,0.0683
1592,0.113632,0.0683
1593,0.111478,0.0683
1594,0.115425,0.0683
1595,0.115299,0.0683
1596,0.111462,0.0683
1597,0.106476,0.0683
1598,0.102419,0.0686
1599,0.099614,0.0683
1600,0.099463,0.0683
1601,0.108102,0.0682
1602,0.111204,0.0682
1603,0.111003,0.0682
1604,0.109387,0.0682
1605,0.106290,0.0682
1606,0.103065,0.0682
1607,0.096632,0.0682
1608,0.096855,0.0682
1609,0.099000,0.0682
1610,0.086867,0.0682
1611,0.090361,0.0698
1612,0.093514,0.0698
1613,0.090224,0.0698
1614,0.100543,0.0698
1615,0.110467,0.0698
1616,0.112219,0.0698
1617,0.098889,0.0699
1618,0.102123,0.0699
1619,0.116973,0.0699
1620,0.121575,0.0699
1621,0.128586,0.0699
1622,0.129881,0.0699
1623,0.119795,0.0699
1624,0.111305,0.0700
1625,0.100932,0.0699
1626,0.103644,0.0699
1627,0.104073,0.0699
1628,0.111452,0.0699
1629,0.120728,0.0699
1630,0.125854,0.0699
1631,0.127115,0.0699
1632,0.125007,0.0682
1633,0.120521,0.0683
1634,0.118745,0.0682
1635,0.121683,0.0682
1636,0.120113,0.0682
1637,0.115967,0.0682
1638,0.108380,0.0682
1639,0.105974,0.0682
1640,0.106482,0.0682
1641,0.103058,0.0682
1642,0.099557,0.0682
1643,0.091704,0.0682
1644,0.085836,0.0682
1645,0.084453,0.0682
1646,0.083411,0.0682
1647,0.080335,0.0682
1648,0.080527,0.0682
1649,0.081761,0.0682
1650,0.077320,0.0682
1651,0.085368,0.0682
1652,0.088945,0.0682
1653,0.103360,0.0682
1654,0.114740,0.0682
1655,0.118764,0.0683
1656,0.121982,0.0682
1657,0.107438,0.0682
1658,0.097424,0.0682
1659,0.090694,0.0682
1660,0.083993,0.0682
1661,0.080393,0.0682
1662,0.083066,0.0682
1663,0.083082,0.0682
1664,0.084097,0.0682
1665,0.082829,0.0682
1666,0.076388,0.0682
1667,0.077016,0.0682
1668,0.075914,0.0682
1669,0.075286,0.0682
1670,0.072775,0.0682
1671,0.076138,0.0682
1672,0.082737,0.0682
1673,0.095223,0.0682
1674,0.104145,0.0682
1675,0.109634,0.0682
1676,0.108779,0.0682
1677,0.107956,0.0682
1678,0.099316,0.0682
1679,0.090822,0.0682
1680,0.081758,0.0684
1681,0.079677,0.0683
1682,0.071232,0.0682
1683,0.065616,0.0682
1684,0.063327,0.0682
1685,0.061364,0.0682
1686,0.069502,0.0682
1687,0.069669,0.0682
1688,0.066079,0.0682
1689,0.065577,0.0682
1690,0.064831,0.0699
1691,0.080808,0.0700
1692,0.112433,0.0699
1693,0.132461,0.0699
1694,0.134063,0.0699
1695,0.121080,0.0699
1696,0.095647,0.0699
1697,0.083843,0.0700
1698,0.085078,0.0699
1699,0.085593,0.0699
1700,0.084739,0.0699
1701,0.084965,0.0699
1702,0.091436,0.0699
1703,0.086432,0.0684
1704,0.087187,0.0683
1705,0.084671,0.0684
1706,0.073115,0.0683
1707,0.069828,0.0684
1708,0.067510,0.0684
1709,0.069053,0.0684
1710,0.074213,0.0684
1711,0.065096,0.0684
1712,0.058425,0.0699
1713,0.062283,0.0700
1714,0.074768,0.0700
1715,0.081318,0.0699
1716,0.084123,0.0699
1717,0.081462,0.0700
1718,0.082401,0.0700
1719,0.068313,0.0700
1720,0.071840,0.0700
1721,0.063676,0.0700
1722,0.055824,0.0700
1723,0.062010,0.0700
1724,0.060454,0.0700
1725,0.053129,0.0700
1726,0.056611,0.0701
1727,0.093189,0.0700
1728,0.149829,0.0700
1729,0.194430,0.0700
1730,0.219284,0.0700
1731,0.221447,0.0700
1732,0.211150,0.0700
1733,0.185400,0.0700
1734,0.155780,0.0684
1735,0.131398,0.0684
1736,0.120090,0.0684
1737,0.107514,0.0684
1738,0.095307,0.0684
1739,0.093475,0.0684
1740,0.098854,0.0684
1741,0.111567,0.0684
1742,0.121425,0.0684
1743,0.122331,0.0684
1744,0.114792,0.0684
1745,0.104774,0.0684
1746,0.099854,0.0684
1747,0.092023,0.0684
1748,0.082412,0.0684
1749,0.073044,0.0684
1750,0.066415,0.0684
1751,0.065129,0.0684
1752,0.069081,0.0684
1753,0.079075,0.0684
1754,0.083125,0.0684
1755,0.085179,0.0684
1756,0.086416,0.0684
1757,0.087316,0.0684
1758,0.087473,0.0683
1759,0.084518,0.0683
1760,0.076633,0.0683
1761,0.073160,0.0683
1762,0.067321,0.0683
1763,0.061533,0.0683
1764,0.057524,0.0682
1765,0.053674,0.0683
1766,0.054278,0.0683
1767,0.053254,0.0683
1768,0.052212,0.0683
1769,0.052988,0.0683
1770,0.051897,0.0683
1771,0.049719,0.0683
1772,0.067994,0.0684
1773,0.085496,0.0687
1774,0.107623,0.0684
1775,0.106378,0.0684
1776,0.125140,0.0684
1777,0.158897,0.0684
1778,0.172093,0.0684
1779,0.160278,0.0683
1780,0.148937,0.0693
1781,0.142372,0.0683
1782,0.134976,0.0683
1783,0.122146,0.0683
1784,0.114453,0.0683
1785,0.110724,0.0683
1786,0.102346,0.0683
1787,0.101032,0.0683
1788,0.099895,0.0683
1789,0.100109,0.0683
1790,0.090359,0.0685
1791,0.118085,0.0683
1792,0.146318,0.0685
1793,0.155790,0.0683
1794,0.160722,0.0683
1795,0.160144,0.0683
1796,0.150745,0.0683
1797,0.123753,0.0686
1798,0.107910,0.0683
1799,0.100942,0.0690
1800,0.091764,0.0684
1801,0.084541,0.0683
1802,0.074505,0.0683
1803,0.071480,0.0683
1804,0.072956,0.0683
1805,0.072040,0.0683
1806,0.071041,0.0683
1807,0.070310,0.0690
1808,0.063213,0.0683
1809,0.060825,0.0691
1810,0.060599,0.0683
1811,0.063957,0.0683
1812,0.065011,0.0683
1813,0.064956,0.0683
1814,0.067155,0.0683
1815,0.072883,0.0683
1816,0.081217,0.0683
1817,0.100519,0.0683
1818,0.108804,0.0683
1819,0.112945,0.0684
1820,0.122886,0.0695
1821,0.124320,0.0682
1822,0.127050,0.0683
1823,0.125944,0.0683
1824,0.117060,0.0696
1825,0.105233,0.0683
1826,0.098121,0.0683
1827,0.083205,0.0697
1828,0.076349,0.0697
1829,0.069788,0.0683
1830,0.071670,0.0683
1831,0.077719,0.0683
1832,0.075268,0.0683
1833,0.070652,0.0683
1834,0.063008,0.0683
1835,0.068651,0.0683
1836,0.087127,0.0684
1837,0.098681,0.0685
1838,0.098763,0.0684
1839,0.090293,0.0684
1840,0.074501,0.0684
1841,0.062167,0.0685
1842,0.062513,0.0684
1843,0.060859,0.0685
1844,0.075031,0.0686
1845,0.092104,0.0703
1846,0.097589,0.0703
1847,0.094784,0.0704
1848,0.086716,0.0689
1849,0.070328,0.0688
1850,0.074151,0.0690
1851,0.116716,0.0690
1852,0.130768,0.0690
1853,0.133281,0.0693
1854,0.126756,0.0693
1855,0.123285,0.0696
1856,0.116024,0.0695
1857,0.111600,0.0696
1858,0.110469,0.0698
1859,0.108954,0.0718
1860,0.115502,0.0702
1861,0.114786,0.0720
1862,0.115169,0.0703
1863,0.113954,0.0706
1864,0.103880,0.0708
1865,0.093847,0.0707
1866,0.089747,0.0710
1867,0.089249,0.0710
1868,0.080456,0.0711
1869,0.065259,0.0713
1870,0.066481,0.0713
1871,0.080657,0.0714
1872,0.103783,0.0717
1873,0.120191,0.0717
1874,0.119682,0.0719
1875,0.112934,0.0737
1876,0.099498,0.0738
1877,0.084633,0.0720
1878,0.066836,0.0723
1879,0.060620,0.0723
1880,0.062724,0.0720
1881,0.061808,0.0720
1882,0.069309,0.0720
1883,0.068747,0.0720
1884,0.065041,0.0720
1885,0.060652,0.0720
1886,0.061779,0.0720
1887,0.060673,0.0720
1888,0.055832,0.0720
1889,0.054368,0.0720
1890,0.069640,0.0719
1891,0.083662,0.0720
1892,0.087361,0.0737
1893,0.087354,0.0738
1894,0.079217,0.0738
1895,0.072675,0.0738
1896,0.072984,0.0737
1897,0.071279,0.0737
1898,0.069296,0.0738
1899,0.069510,0.0737
1900,0.071199,0.0737
1901,0.054666,0.0737
1902,0.039898,0.0738
1903,0.034422,0.0737
1904,0.027217,0.0737
1905,0.028160,0.0737
1906,0.027904,0.0720
1907,0.027316,0.0720
1908,0.022129,0.0720
1909,0.019925,0.0720
1910,0.017481,0.0720
1911,0.017822,0.0720
1912,0.020329,0.0720
1913,0.024955,0.0720
1914,0.024992,0.0720
1915,0.020898,0.0719
1916,0.018122,0.0719
1917,0.017334,0.0719
1918,0.018727,0.0719
1919,0.020384,0.0719
1920,0.027100,0.0738
1921,0.025655,0.0738
1922,0.026207,0.0738
1923,0.025818,0.0738
1924,0.025534,0.0738
1925,0.021710,0.0737
1926,0.028279,0.0737
1927,0.026869,0.0737
1928,0.018473,0.0738
1929,0.016334,0.0720
1930,0.017587,0.0719
1931,0.014212,0.0715
1932,0.024194,0.0715
1933,0.028572,0.0715
1934,0.018480,0.0715
1935,0.014554,0.0715
1936,0.012461,0.0716
1937,0.006127,0.0715
1938,0.004788,0.0715
1939,0.016949,0.0715
1940,0.024056,0.0715
1941,0.041930,0.0715
1942,0.063754,0.0715
1943,0.072816,0.0715
1944,0.067402,0.0715
1945,0.053841,0.0715
1946,0.047057,0.0714
1947,0.042343,0.0714
1948,0.032532,0.0765
1949,0.023142,0.0715
1950,0.016843,0.0715
1951,0.019307,0.0715
1952,0.023654,0.0714
1953,0.019863,0.0714
1954,0.013796,0.0714
1955,0.002994,0.0714
1956,0.000377,0.0714
1957,0.000829,0.0713
1958,0.013776,0.0713
1959,0.032608,0.0714
1960,0.052071,0.0714
1961,0.061823,0.0714
1962,0.070785,0.0714
1963,0.075732,0.0714
1964,0.071409,0.0715
1965,0.053874,0.0715
1966,0.035814,0.0715
1967,0.023882,0.0715
1968,0.024299,0.0716
1969,0.029091,0.0716
1970,0.031154,0.0716
1971,0.029558,0.0715
1972,0.023438,0.0716
1973,0.019051,0.0715
1974,0.013703,0.0715
1975,0.006577,0.0715
1976,-0.001458,0.0716
1977,-0.000553,0.0716
1978,0.003645,0.0716
1979,0.008502,0.0716
1980,0.011113,0.0716
1981,0.012280,0.0716
1982,0.007840,0.0715
1983,-0.000437,0.0715
1984,-0.004170,0.0716
1985,-0.010288,0.0715
1986,0.013713,0.0715
1987,0.036162,0.0715
1988,0.045268,0.0716
1989,0.047284,0.0716
1990,0.046869,0.0716
1991,0.105947,0.0714
1992,0.167117,0.0714
1993,0.194570,0.0714
1994,0.205211,0.0717
1995,0.205689,0.0733
1996,0.198482,0.0733
1997,0.192189,0.0732
1998,0.198446,0.0733
1999,0.194710,0.0732
2000,0.176804,0.0733
2001,0.159551,0.0733
2002,0.140703,0.0733
2003,0.123668,0.0733
2004,0.117919,0.0733
2005,0.108183,0.0733
2006,0.100119,0.0733
2007,0.100137,0.0733
2008,0.102034,0.0733
2009,0.103181,0.0733
2010,0.094438,0.0733
2011,0.077121,0.0733
2012,0.062812,0.0733
2013,0.055427,0.0733
2014,0.053596,0.0733
2015,0.050384,0.0734
2016,0.040721,0.0733
2017,0.030369,0.0733
2018,0.023274,0.0716
2019,0.023232,0.0716
2020,0.018400,0.0716
2021,0.019029,0.0715
2022,0.011861,0.0716
2023,0.009701,0.0715
2024,0.016116,0.0717
2025,0.018356,0.0716
2026,0.013608,0.0715
2027,0.002176,0.0715
2028,0.003123,0.0716
2029,0.006412,0.0715
2030,0.009713,0.0715
2031,0.005277,0.0716
2032,0.006761,0.0716
2033,0.004575,0.0715
2034,0.002792,0.0715
2035,-0.002298,0.0714
2036,0.010421,0.0714
2037,0.016137,0.0715
2038,0.014908,0.0714
2039,0.035545,0.0714
2040,0.040418,0.0734
2041,0.031687,0.0734
2042,0.019236,0.0733
2043,0.012463,0.0735
2044,0.003940,0.0733
2045,0.015080,0.0716
2046,0.019759,0.0717
2047,0.017801,0.0716
2048,0.014380,0.0716
2049,0.010649,0.0716
2050,0.006973,0.0716
2051,0.008862,0.0718
2052,0.018925,0.0715
2053,0.024165,0.0717
2054,0.021276,0.0717
2055,0.016146,0.0717
2056,0.013795,0.0717
2057,0.017097,0.0716
2058,0.017698,0.0717
2059,0.005628,0.0717
2060,-0.002477,0.0715
2061,-0.002361,0.0717
2062,0.001219,0.0715
2063,0.010564,0.0717
2064,0.009549,0.0733
2065,0.004064,0.0733
2066,0.000291,0.0733
2067,-0.006739,0.0735
2068,-0.008086,0.0734
2069,-0.007242,0.0733
2070,-0.002842,0.0734
2071,0.001573,0.0733
2072,0.001567,0.0733
2073,-0.004975,0.0733
2074,-0.009842,0.0733
2075,-0.008011,0.0735
2076,-0.008543,0.0733
2077,-0.007605,0.0735
2078,-0.008182,0.0735
2079,-0.007368,0.0733
2080,-0.008947,0.0735
2081,-0.010718,0.0735
2082,-0.011126,0.0716
2083,-0.011208,0.0714
2084,-0.013593,0.0714
2085,-0.015979,0.0716
2086,-0.004179,0.0714
2087,0.013856,0.0716
2088,0.018746,0.0714
2089,0.017388,0.0716
2090,0.004429,0.0716
2091,-0.001495,0.0714
2092,-0.009234,0.0716
2093,-0.014099,0.0714
2094,-0.014114,0.0717
2095,-0.015275,0.0714
2096,-0.013029,0.0715
2097,-0.012620,0.0714
2098,-0.000576,0.0714
2099,0.002800,0.0714
2100,0.005022,0.0715
2101,-0.004982,0.0716
2102,-0.011446,0.0718
2103,-0.010778,0.0716
2104,-0.011842,0.0716
2105,-0.014066,0.0722
2106,-0.015377,0.0717
2107,-0.020311,0.0731
2108,-0.021264,0.0729
2109,-0.023958,0.0733
2110,-0.023472,0.0721
2111,-0.021893,0.0725
2112,-0.024058,0.0723
2113,-0.028032,0.0727
2114,-0.029917,0.0735
2115,-0.026697,0.0758
2116,-0.024790,0.0760
2117,-0.018128,0.0760
2118,-0.004705,0.0747
2119,-0.001457,0.0742
2120,-0.000640,0.0744
2121,0.001251,0.0744
2122,0.002460,0.0747
2123,-0.000108,0.0744
2124,0.000804,0.0747
2125,-0.004119,0.0748
2126,-0.007360,0.0748
2127,-0.005403,0.0748
2128,-0.006232,0.0747
2129,-0.001292,0.0743
2130,0.007696,0.0743
2131,0.025289,0.0745
2132,0.028566,0.0745
2133,0.025891,0.0747
2134,0.012640,0.0745
2135,-0.004258,0.0743
2136,-0.008958,0.0743
2137,-0.005923,0.0748
2138,-0.013264,0.0747
2139,-0.018179,0.0749
2140,-0.021908,0.0748
2141,-0.018326,0.0748
2142,-0.019144,0.0744
2143,-0.020612,0.0748
2144,-0.014537,0.0750
2145,-0.017047,0.0750
2146,-0.013380,0.0744
2147,-0.005116,0.0744
2148,-0.002600,0.0745
2149,0.001176,0.0749
2150,0.000177,0.0750
2151,0.006038,0.0747
2152,0.006116,0.0752
2153,0.002985,0.0752
2154,-0.009341,0.0751
2155,-0.015389,0.0752
2156,-0.007872,0.0749
2157,-0.003462,0.0753
2158,-0.003101,0.0752
2159,-0.007218,0.0749
2160,-0.007005,0.0752
2161,-0.010690,0.0744
2162,0.033450,0.0746
2163,0.064428,0.0751
2164,0.055519,0.0751
2165,0.040223,0.0748
2166,0.024756,0.0752
2167,0.014577,0.0748
2168,0.016423,0.0746
2169,0.019955,0.0746
2170,0.019499,0.0746
2171,0.017373,0.0750
2172,0.017499,0.0749
2173,0.016558,0.0752
2174,0.015639,0.0747
2175,0.013056,0.0751
2176,0.012416,0.0753
2177,0.001590,0.0753
2178,-0.002085,0.0753
2179,-0.005455,0.0753
2180,-0.001631,0.0750
2181,0.004687,0.0751
2182,0.009827,0.0751
2183,0.010374,0.0751
2184,0.003200,0.0750
2185,0.000240,0.0751
2186,-0.004682,0.0753
2187,0.004880,0.0751
2188,0.027138,0.0750
2189,0.053438,0.0747
2190,0.073618,0.0747
2191,0.082393,0.0751
2192,0.077246,0.0751
2193,0.058531,0.0751
2194,0.035256,0.0750
2195,0.033134,0.0752
2196,0.048655,0.0751
2197,0.093007,0.0747
2198,0.114486,0.0751
2199,0.110639,0.0751
2200,0.097722,0.0754
2201,0.088099,0.0752
2202,0.076265,0.0749
2203,0.076383,0.0746
2204,0.073481,0.0747
2205,0.072752,0.0753
2206,0.061717,0.0754
2207,0.045900,0.0751
2208,0.034319,0.0753
2209,0.031904,0.0752
2210,0.037292,0.0747
2211,0.040467,0.0751
2212,0.035859,0.0752
2213,0.027937,0.0746
2214,0.022202,0.0750
2215,0.039636,0.0745
2216,0.040457,0.0751
2217,0.029134,0.0749
2218,0.026405,0.0749
2219,0.020859,0.0749
2220,0.013825,0.0750
2221,0.013107,0.0749
2222,0.018555,0.0745
2223,0.033329,0.0745
2224,0.054634,0.0764
2225,0.074933,0.0763
2226,0.077787,0.0762
2227,0.074025,0.0762
2228,0.075465,0.0764
2229,0.072818,0.0742
2230,0.072603,0.0743
2231,0.073017,0.0743
2232,0.076253,0.0743
2233,0.082583,0.0742
2234,0.082147,0.0742
2235,0.077129,0.0742
2236,0.061011,0.0743
2237,0.044538,0.0742
2238,0.033552,0.0743
2239,0.032583,0.0744
2240,0.030647,0.0744
2241,0.026729,0.0743
2242,0.016038,0.0743
2243,0.021449,0.0743
2244,0.031280,0.0744
2245,0.041909,0.0744
2246,0.037361,0.0744
2247,0.021524,0.0744
2248,-0.000806,0.0744
2249,-0.014703,0.0749
2250,-0.019822,0.0748
2251,-0.012073,0.0748
2252,-0.003463,0.0749
2253,0.007717,0.0751
2254,0.018335,0.0749
2255,0.023778,0.0749
2256,0.030042,0.0749
2257,0.031029,0.0744
2258,0.027831,0.0744
2259,0.022677,0.0745
2260,0.013382,0.0744
2261,0.002630,0.0743
2262,-0.003494,0.0743
2263,-0.009578,0.0743
2264,-0.014167,0.0744
2265,-0.018670,0.0744
2266,-0.023345,0.0744
2267,-0.022112,0.0744
2268,-0.016775,0.0745
2269,-0.010426,0.0744
2270,-0.012373,0.0744
2271,-0.010225,0.0744
2272,-0.006467,0.0745
2273,-0.004574,0.0746
2274,-0.006959,0.0744
2275,-0.009634,0.0744
2276,-0.010259,0.0745
2277,-0.010429,0.0744
2278,-0.010647,0.0745
2279,-0.013030,0.0746
2280,-0.020244,0.0744
2281,-0.018051,0.0744
2282,-0.017147,0.0744
2283,-0.019288,0.0746
2284,-0.025819,0.0749
2285,-0.025530,0.0750
2286,-0.017481,0.0749
2287,-0.001424,0.0764
2288,0.006073,0.0763
2289,0.007141,0.0763
2290,-0.000874,0.0762
2291,-0.005498,0.0764
2292,-0.010634,0.0764
2293,-0.016335,0.0764
2294,-0.024616,0.0763
2295,-0.027902,0.0743
2296,-0.026741,0.0743
2297,-0.030271,0.0744
2298,-0.028478,0.0743
2299,-0.031196,0.0745
2300,-0.034849,0.0745
2301,-0.043821,0.0743
2302,-0.047258,0.0743
2303,-0.044993,0.0743
2304,-0.048010,0.0746
2305,-0.048443,0.0745
2306,-0.045659,0.0746
2307,-0.032915,0.0744
2308,-0.009554,0.0745
2309,0.008468,0.0745
2310,0.012525,0.0746
2311,0.017910,0.0748
2312,0.044106,0.0746
2313,0.048383,0.0748
2314,0.044709,0.0746
2315,0.035461,0.0748
2316,0.030226,0.0746
2317,0.024186,0.0749
2318,0.020931,0.0745
2319,0.012696,0.0748
2320,0.002887,0.0747
2321,-0.011579,0.0747
2322,-0.019653,0.0747
2323,-0.019013,0.0747
2324,-0.013995,0.0745
2325,-0.016984,0.0746
2326,-0.012832,0.0750
2327,-0.010217,0.0747
2328,0.000775,0.0750
2329,0.017568,0.0747
2330,0.023470,0.0747
2331,0.022099,0.0750
2332,0.016442,0.0750
2333,0.014632,0.0747
2334,0.012380,0.0750
2335,0.005862,0.0750
2336,-0.009701,0.0750
2337,-0.021429,0.0749
2338,-0.029858,0.0749
2339,-0.034419,0.0749
2340,-0.030391,0.0748
2341,-0.020469,0.0746
2342,-0.017242,0.0748
2343,-0.022111,0.0748
2344,-0.026693,0.0748
2345,-0.023996,0.0746
2346,-0.026277,0.0748
2347,-0.031848,0.0746
2348,-0.019129,0.0746
2349,-0.009651,0.0748
2350,-0.011768,0.0748
2351,-0.007545,0.0747
2352,-0.007604,0.0749
2353,-0.013397,0.0749
2354,-0.013096,0.0749
2355,-0.017823,0.0747
2356,-0.018800,0.0747
2357,-0.016749,0.0749
2358,-0.014106,0.0748
2359,-0.014745,0.0749
2360,-0.019933,0.0747
2361,-0.027181,0.0749
2362,-0.027216,0.0748
2363,-0.029575,0.0747
2364,-0.031259,0.0750
2365,-0.030007,0.0752
2366,-0.021896,0.0750
2367,-0.012709,0.0750
2368,-0.012559,0.0750
2369,-0.010242,0.0750
2370,-0.013144,0.0749
2371,-0.015950,0.0749
2372,-0.024492,0.0751
2373,-0.028688,0.0749
2374,-0.025434,0.0749
2375,-0.029580,0.0749
2376,-0.035316,0.0751
2377,-0.036216,0.0749
2378,-0.037522,0.0752
2379,-0.036808,0.0750
2380,-0.035657,0.0752
2381,-0.028708,0.0750
2382,-0.027063,0.0753
2383,-0.027595,0.0752
2384,-0.025124,0.0752
2385,-0.024959,0.0768
2386,-0.025120,0.0770
2387,-0.028904,0.0770
2388,-0.029151,0.0769
2389,-0.031358,0.0771
2390,-0.023156,0.0750
2391,-0.023862,0.0750
2392,-0.025203,0.0752
2393,-0.027129,0.0752
2394,-0.027651,0.0753
2395,-0.024580,0.0752
2396,-0.021914,0.0752
2397,-0.022530,0.0753
2398,-0.025123,0.0751
2399,-0.027616,0.0755
2400,-0.025341,0.0751
2401,-0.022924,0.0753
2402,-0.019556,0.0751
2403,-0.023704,0.0754
2404,-0.027005,0.0753
2405,-0.028272,0.0753
2406,-0.030318,0.0753
2407,-0.030151,0.0753
2408,-0.034566,0.0755
2409,-0.036839,0.0754
2410,-0.037230,0.0757
2411,-0.040051,0.0757
2412,-0.032368,0.0754
2413,-0.023032,0.0757
2414,-0.013016,0.0757
2415,-0.002050,0.0753
2416,0.003952,0.0779
2417,0.006044,0.0772
2418,0.007812,0.0775
2419,0.004713,0.0772
2420,0.000931,0.0772
2421,-0.000968,0.0775
2422,-0.004368,0.0775
2423,-0.009282,0.0775
2424,-0.014862,0.0776
2425,-0.018498,0.0780
2426,-0.021125,0.0775
2427,-0.027434,0.0773
2428,-0.042261,0.0781
2429,-0.046421,0.0773
2430,-0.043887,0.0781
2431,-0.044397,0.0771
2432,-0.045958,0.0773
2433,-0.048437,0.0777
2434,-0.051151,0.0754
2435,-0.053022,0.0759
2436,-0.053386,0.0754
2437,-0.054489,0.0757
2438,-0.057763,0.0757
2439,-0.061807,0.0754
2440,-0.061716,0.0760
2441,-0.057750,0.0760
2442,-0.041574,0.0755
2443,-0.024033,0.0760
2444,-0.015666,0.0761
2445,-0.016656,0.0758
2446,-0.021838,0.0756
2447,-0.024671,0.0763
2448,-0.016791,0.0763
2449,-0.016523,0.0757
2450,-0.026018,0.0757
2451,-0.035360,0.0765
2452,-0.030612,0.0757
2453,-0.024842,0.0765
2454,-0.028401,0.0757
2455,-0.045250,0.0757
2456,-0.057367,0.0764
2457,-0.057035,0.0765
2458,-0.051878,0.0757
2459,-0.049300,0.0760
2460,-0.040302,0.0758
2461,-0.023352,0.0757
2462,-0.011215,0.0757
2463,-0.000669,0.0765
2464,-0.001559,0.0765
2465,0.002700,0.0763
2466,0.010397,0.0765
2467,0.016045,0.0757
2468,0.016425,0.0764
2469,0.003629,0.0765
2470,-0.010395,0.0765
2471,-0.022941,0.0765
2472,-0.019715,0.0765
2473,-0.011305,0.0766
2474,-0.014747,0.0758
2475,-0.020477,0.0764
2476,-0.025970,0.0765
2477,-0.028577,0.0766
2478,-0.030517,0.0767
2479,-0.035194,0.0767
2480,-0.034659,0.0759
2481,-0.032993,0.0765
2482,-0.032948,0.0766
2483,-0.030320,0.0759
2484,-0.021391,0.0759
2485,-0.026462,0.0759
2486,-0.024246,0.0759
2487,-0.007686,0.0762
2488,0.007104,0.0768
2489,0.018343,0.0768
2490,0.009185,0.0760
2491,-0.008151,0.0760
2492,-0.019835,0.0768
2493,-0.026173,0.0766
2494,-0.036807,0.0762
2495,-0.049302,0.0766
2496,-0.055718,0.0760
2497,-0.049839,0.0764
2498,-0.048067,0.0760
2499,-0.040041,0.0768
2500,-0.036672,0.0760
2501,-0.001062,0.0768
2502,0.004571,0.0768
2503,0.009194,0.0766
2504,0.010313,0.0769
2505,0.027978,0.0760
2506,0.048875,0.0767
2507,0.055553,0.0763
2508,0.060979,0.0768
2509,0.060468,0.0760
2510,0.055130,0.0760
2511,0.046882,0.0764
2512,0.042664,0.0760
2513,0.033730,0.0767
2514,0.026862,0.0760
2515,0.030251,0.0760
2516,0.031087,0.0763
2517,0.028757,0.0762
2518,0.020349,0.0767
2519,0.020167,0.0770
2520,0.023449,0.0761
2521,0.028360,0.0761
2522,0.039994,0.0769
2523,0.030112,0.0767
2524,0.010027,0.0769
2525,0.001817,0.0768
2526,-0.007148,0.0768
2527,-0.017118,0.0761
2528,-0.025425,0.0761
2529,-0.026143,0.0761
2530,-0.027966,0.0761
2531,-0.029788,0.0768
2532,-0.028237,0.0761
2533,-0.027495,0.0768
2534,-0.022522,0.0761
2535,-0.011092,0.0764
2536,-0.017175,0.0768
2537,-0.020590,0.0765
2538,-0.006670,0.0770
2539,-0.005064,0.0770
2540,-0.007534,0.0770
2541,-0.009587,0.0761
2542,-0.016090,0.0762
2543,-0.020477,0.0768
2544,-0.029158,0.0762
2545,-0.036139,0.0762
2546,-0.037200,0.0762
2547,-0.031457,0.0762
2548,-0.025782,0.0772
2549,-0.027171,0.0770
2550,-0.031451,0.0763
2551,-0.036930,0.0763
2552,-0.040279,0.0763
2553,-0.041682,0.0763
2554,-0.043900,0.0765
2555,-0.050731,0.0769
2556,-0.055707,0.0772
2557,-0.055255,0.0764
2558,-0.057776,0.0764
2559,-0.055194,0.0767
2560,-0.047744,0.0772
2561,-0.047040,0.0766
2562,-0.054820,0.0774
2563,-0.063683,0.0771
2564,-0.060356,0.0765
2565,-0.050998,0.0764
2566,-0.044907,0.0774
2567,-0.053321,0.0775
2568,-0.060178,0.0772
2569,-0.065357,0.0775
2570,-0.066944,0.0768
2571,-0.068168,0.0773
2572,-0.067814,0.0766
2573,-0.062357,0.0769
2574,-0.054525,0.0766
2575,-0.036554,0.0775
2576,-0.021323,0.0776
2577,-0.033032,0.0774
2578,-0.048993,0.0774
2579,-0.045347,0.0766
2580,-0.060032,0.0767
2581,-0.062476,0.0770
2582,-0.053254,0.0767
2583,-0.057709,0.0767
2584,-0.061280,0.0767
2585,-0.057847,0.0767
2586,-0.052061,0.0767
2587,-0.047156,0.0775
2588,-0.042349,0.0772
2589,-0.043407,0.0769
2590,-0.058121,0.0768
2591,-0.064191,0.0771
2592,-0.052470,0.0768
2593,-0.040626,0.0777
2594,-0.034753,0.0768
2595,-0.039307,0.0776
2596,-0.047770,0.0776
2597,-0.057501,0.0768
2598,-0.064472,0.0769
2599,-0.028601,0.0776
2600,-0.024547,0.0769
2601,-0.014828,0.0777
2602,-0.011918,0.0777
2603,-0.015105,0.0772
2604,-0.021186,0.0769
2605,-0.006008,0.0777
2606,0.005610,0.0778
2607,0.030139,0.0769
2608,0.036782,0.0770
2609,0.030567,0.0778
2610,0.012394,0.0770
2611,0.024378,0.0780
2612,0.037040,0.0770
2613,0.040031,0.0770
2614,0.034516,0.0771
2615,0.027028,0.0779
2616,0.018165,0.0773
2617,0.014398,0.0771
2618,0.016708,0.0780
2619,0.016967,0.0771
2620,-0.000191,0.0771
2621,-0.020907,0.0783
2622,-0.028188,0.0784
2623,-0.024761,0.0781
2624,-0.021021,0.0781
2625,-0.022625,0.0772
2626,-0.029783,0.0772
2627,-0.004837,0.0775
2628,0.019698,0.0781
2629,0.019312,0.0782
2630,0.010957,0.0773
2631,-0.003675,0.0777
2632,-0.012083,0.0783
2633,-0.018530,0.0778
2634,-0.014402,0.0773
2635,-0.000574,0.0773
2636,0.005508,0.0783
2637,0.003305,0.0774
2638,-0.006320,0.0777
2639,-0.015830,0.0778
2640,-0.024893,0.0784
2641,-0.026724,0.0779
2642,-0.027896,0.0785
2643,-0.036484,0.0775
2644,-0.043880,0.0787
2645,-0.046440,0.0775
2646,-0.045322,0.0785
2647,-0.048074,0.0787
2648,-0.050807,0.0787
2649,-0.048560,0.0775
2650,-0.052494,0.0784
2651,-0.054807,0.0787
2652,-0.056275,0.0782
2653,-0.050838,0.0774
2654,-0.045431,0.0778
2655,-0.046195,0.0774
2656,-0.040122,0.0779
2657,-0.014709,0.0774
2658,0.016826,0.0774
2659,0.037937,0.0774
2660,0.043571,0.0774
2661,0.033883,0.0782
2662,0.010934,0.0774
2663,-0.007602,0.0783
2664,-0.020715,0.0775
2665,-0.029577,0.0774
2666,-0.042778,0.0786
2667,-0.051554,0.0774
2668,-0.052041,0.0785
2669,-0.048917,0.0774
2670,-0.036647,0.0778
2671,-0.008113,0.0783
2672,0.024509,0.0786
2673,0.060495,0.0774
2674,0.086968,0.0783
2675,0.099935,0.0783
2676,0.091266,0.0786
2677,0.055992,0.0784
2678,0.027381,0.0775
2679,0.001775,0.0786
2680,-0.021707,0.0779
2681,-0.027753,0.0779
2682,-0.024635,0.0787
2683,-0.025376,0.0776
2684,-0.023421,0.0787
2685,-0.025139,0.0788
2686,-0.016900,0.0785
2687,-0.020945,0.0777
2688,-0.030129,0.0786
2689,-0.036654,0.0785
2690,-0.042189,0.0788
2691,-0.027835,0.0788
2692,-0.018289,0.0776
2693,-0.021317,0.0779
2694,-0.027393,0.0775
2695,-0.017206,0.0776
2696,-0.014929,0.0785
2697,-0.023493,0.0783
2698,-0.028921,0.0775
2699,-0.034090,0.0779
2700,-0.042301,0.0779
2701,-0.039489,0.0780
2702,-0.051548,0.0779
2703,-0.049458,0.0772
2704,-0.033187,0.0776
2705,-0.028351,0.0777
2706,-0.045868,0.0776
2707,-0.057934,0.0772
2708,-0.050410,0.0766
2709,-0.039267,0.0772
2710,-0.032289,0.0765
2711,-0.030800,0.0774
2712,-0.034838,0.0764
2713,-0.039549,0.0773
2714,-0.037713,0.0768
2715,-0.029641,0.0763
2716,-0.023442,0.0772
2717,-0.028760,0.0772
2718,-0.018298,0.0765
2719,-0.024011,0.0769
2720,0.001740,0.0771
2721,0.024280,0.0765
2722,0.043032,0.0762
2723,0.052270,0.0762
2724,0.050183,0.0765
2725,0.053898,0.0766
2726,0.053741,0.0768
2727,0.048980,0.0764
2728,0.042573,0.0760
2729,0.037302,0.0760
2730,0.030079,0.0769
2731,0.031905,0.0759
2732,0.027871,0.0768
2733,0.030461,0.0759
2734,0.027915,0.0769
2735,0.018315,0.0769
2736,0.044491,0.0767
2737,0.049288,0.0759
2738,0.038864,0.0761
2739,0.013859,0.0761
2740,-0.003734,0.0761
2741,-0.014523,0.0765
2742,-0.018268,0.0771
2743,-0.025880,0.0761
2744,-0.021164,0.0767
2745,-0.025878,0.0758
2746,-0.025241,0.0771
2747,-0.036080,0.0767
2748,-0.041258,0.0762
2749,-0.042134,0.0758
2750,-0.044477,0.0758
2751,-0.046875,0.0764
2752,-0.048319,0.0764
2753,-0.050712,0.0758
2754,-0.047744,0.0761
2755,-0.048804,0.0764
2756,-0.056545,0.0758
2757,-0.059187,0.0764
2758,-0.059814,0.0758
2759,-0.065646,0.0764
2760,-0.071179,0.0769
2761,-0.070611,0.0758
2762,-0.064081,0.0762
2763,-0.051944,0.0769
2764,-0.044405,0.0758
2765,-0.042463,0.0767
2766,-0.040359,0.0759
2767,-0.042261,0.0759
2768,-0.046427,0.0765
2769,-0.049152,0.0759
2770,-0.056000,0.0759
2771,-0.062589,0.0765
2772,-0.065081,0.0763
2773,-0.064185,0.0766
2774,-0.063843,0.0768
2775,-0.064228,0.0760
2776,-0.063247,0.0760
2777,-0.063336,0.0766
2778,-0.067792,0.0766
2779,-0.071303,0.0769
2780,-0.061859,0.0767
2781,-0.062858,0.0766
2782,-0.063881,0.0769
2783,-0.063912,0.0760
2784,-0.066929,0.0767
2785,-0.072983,0.0767
2786,-0.058896,0.0768
2787,-0.027346,0.0761
2788,-0.011484,0.0763
2789,-0.002272,0.0760
2790,0.003891,0.0760
2791,0.002534,0.0761
2792,-0.012339,0.0768
2793,-0.027594,0.0761
2794,-0.034343,0.0761
2795,-0.038193,0.0771
2796,-0.038417,0.0761
2797,-0.044701,0.0762
2798,-0.034597,0.0762
2799,-0.031850,0.0768
2800,-0.033383,0.0770
2801,-0.033017,0.0769
2802,-0.033804,0.0768
2803,-0.034140,0.0762
2804,-0.042866,0.0766
2805,-0.051939,0.0771
2806,-0.052211,0.0769
2807,-0.049318,0.0766
2808,-0.041806,0.0763
2809,-0.035674,0.0763
2810,-0.028886,0.0770
2811,-0.027184,0.0763
2812,-0.029567,0.0770
2813,-0.042005,0.0772
2814,-0.046512,0.0772
2815,-0.038644,0.0772
2816,-0.036402,0.0774
2817,-0.042336,0.0763
2818,-0.041560,0.0772
2819,-0.048033,0.0764
2820,-0.050974,0.0771
2821,-0.050662,0.0772
2822,-0.058322,0.0774
2823,-0.059716,0.0766
2824,-0.062850,0.0773
2825,-0.062228,0.0763
2826,-0.060776,0.0763
2827,-0.062866,0.0767
2828,-0.069037,0.0779
2829,-0.055709,0.0786
2830,-0.021780,0.0788
2831,0.006374,0.0780
2832,0.025828,0.0787
2833,0.038624,0.0784
2834,0.042241,0.0781
2835,0.036031,0.0785
2836,0.023017,0.0788
2837,0.006642,0.0784
2838,-0.011533,0.0790
2839,-0.025499,0.0790
2840,-0.034350,0.0788
2841,-0.037002,0.0788
2842,-0.036534,0.0789
2843,-0.045101,0.0795
2844,-0.044403,0.0789
2845,-0.049295,0.0795
2846,-0.053193,0.0782
2847,-0.057607,0.0786
2848,-0.065550,0.0782
2849,-0.071744,0.0783
2850,-0.069059,0.0791
2851,-0.069021,0.0786
2852,-0.066013,0.0797
2853,-0.068790,0.0790
2854,-0.070633,0.0797
2855,-0.065709,0.0792
2856,-0.064307,0.0791
2857,-0.066418,0.0792
2858,-0.069288,0.0784
2859,-0.076266,0.0787
2860,-0.074817,0.0791
2861,-0.083556,0.0793
2862,-0.070364,0.0791
2863,-0.066462,0.0788
2864,-0.066485,0.0784
2865,-0.036109,0.0792
2866,0.017015,0.0792
2867,0.057209,0.0792
2868,0.077338,0.0792
2869,0.070364,0.0793
2870,0.052124,0.0799
2871,0.037506,0.0789
2872,0.031656,0.0800
2873,0.021801,0.0785
2874,-0.002144,0.0799
2875,-0.022039,0.0793
2876,-0.031504,0.0790
2877,-0.028547,0.0793
2878,-0.027146,0.0790
2879,-0.032684,0.0793
2880,-0.045251,0.0801
2881,-0.052228,0.0801
2882,-0.055617,0.0794
2883,-0.055367,0.0790
2884,-0.058532,0.0801
2885,-0.054157,0.0790
2886,-0.055169,0.0800
2887,-0.054006,0.0794
2888,-0.052929,0.0794
2889,-0.051533,0.0777
2890,-0.050776,0.0769
2891,-0.049904,0.0777
2892,-0.058105,0.0774
2893,-0.049494,0.0769
2894,-0.045396,0.0774
2895,-0.049234,0.0776
2896,-0.054735,0.0769
2897,-0.062794,0.0776
2898,-0.062939,0.0774
2899,-0.060849,0.0772
2900,-0.059321,0.0776
2901,-0.055267,0.0773
2902,-0.054808,0.0769
2903,-0.055384,0.0769
2904,-0.060180,0.0768
2905,-0.060402,0.0768
2906,-0.058595,0.0768
2907,-0.057733,0.0773
2908,-0.057473,0.0776
2909,-0.062090,0.0769
2910,-0.061116,0.0779
2911,-0.063223,0.0778
2912,-0.059852,0.0775
2913,-0.037429,0.0770
2914,-0.027078,0.0779
2915,-0.021765,0.0771
2916,-0.017912,0.0781
2917,-0.018038,0.0775
2918,-0.025596,0.0779
2919,-0.039321,0.0771
2920,-0.048892,0.0776
2921,-0.052426,0.0772
2922,-0.046443,0.0771
2923,-0.042438,0.0776
2924,-0.043831,0.0780
2925,-0.046441,0.0780
2926,-0.049285,0.0771
2927,-0.050144,0.0777
2928,-0.044320,0.0772
2929,-0.039374,0.0783
2930,-0.033230,0.0783
2931,-0.024470,0.0781
2932,-0.025910,0.0777
2933,-0.034163,0.0784
2934,-0.043263,0.0776
2935,-0.047393,0.0782
2936,-0.046479,0.0784
2937,-0.051453,0.0773
2938,-0.061592,0.0777
2939,-0.068833,0.0782
2940,-0.067533,0.0773
2941,-0.069950,0.0785
2942,-0.064364,0.0785
2943,-0.046128,0.0773
2944,-0.024582,0.0773
2945,-0.008077,0.0781
2946,-0.007298,0.0774
2947,-0.008246,0.0781
2948,-0.006313,0.0778
2949,-0.012523,0.0782
2950,-0.029482,0.0782
2951,-0.047506,0.0774
2952,-0.046940,0.0774
2953,-0.040108,0.0779
2954,-0.047396,0.0780
2955,-0.044123,0.0782
2956,-0.036356,0.0775
2957,-0.031315,0.0780
2958,-0.039048,0.0775
2959,-0.047209,0.0783
2960,-0.051319,0.0783
2961,-0.052199,0.0783
2962,-0.043660,0.0775
2963,-0.023982,0.0780
2964,-0.007185,0.0784
2965,0.002237,0.0784
2966,0.011276,0.0775
2967,0.024493,0.0776
2968,0.031317,0.0776
2969,0.042246,0.0784
2970,0.035597,0.0784
2971,0.024987,0.0776
2972,0.017030,0.0776
2973,0.010102,0.0776
2974,0.011832,0.0784
2975,0.021675,0.0784
2976,0.029013,0.0784
2977,0.017972,0.0776
2978,0.006656,0.0784
2979,-0.002397,0.0776
2980,-0.011777,0.0782
2981,-0.024784,0.0776
2982,-0.027741,0.0777
2983,-0.031259,0.0784
2984,-0.032947,0.0789
2985,-0.048101,0.0777
2986,-0.055500,0.0787
2987,-0.054642,0.0789
2988,-0.053047,0.0787
2989,-0.058342,0.0777
2990,-0.067162,0.0778
2991,-0.068492,0.0777
2992,-0.058075,0.0787
2993,-0.052482,0.0777
2994,-0.062307,0.0789
2995,-0.062955,0.0787
2996,-0.060338,0.0782
2997,-0.048633,0.0777
2998,-0.047263,0.0775
2999,-0.050237,0.0778
3000,-0.042382,0.0786
3001,-0.026986,0.0779
3002,-0.020684,0.0773
3003,-0.037239,0.0781
3004,-0.047558,0.0771
3005,-0.053082,0.0776
3006,-0.044617,0.0782
3007,-0.049214,0.0781
3008,-0.070029,0.0781
3009,-0.068883,0.0781
3010,-0.049396,0.0768
3011,-0.038619,0.0768
3012,-0.042399,0.0776
3013,-0.061416,0.0776
3014,-0.069373,0.0767
3015,-0.064644,0.0772
3016,-0.065822,0.0774
3017,-0.073053,0.0772
3018,-0.067840,0.0766
3019,-0.051375,0.0773
3020,-0.058856,0.0770
3021,-0.069437,0.0770
3022,-0.074223,0.0765
3023,-0.076517,0.0765
3024,-0.070292,0.0765
3025,-0.067262,0.0772
3026,-0.060875,0.0765
3027,-0.062635,0.0772
3028,-0.062232,0.0764
3029,-0.063851,0.0772
3030,-0.060818,0.0773
3031,-0.058488,0.0774
3032,-0.057689,0.0765
3033,-0.062939,0.0764
3034,-0.067444,0.0772
3035,-0.073044,0.0764
3036,-0.075081,0.0772
3037,-0.077437,0.0771
3038,-0.077649,0.0765
3039,-0.081483,0.0765
3040,-0.084730,0.0771
3041,-0.089734,0.0773
3042,-0.087848,0.0765
3043,-0.085293,0.0770
3044,-0.077061,0.0773
3045,-0.071722,0.0772
3046,-0.063737,0.0766
3047,-0.063539,0.0775
3048,-0.062936,0.0775
3049,-0.065464,0.0773
3050,-0.053708,0.0775
3051,-0.042578,0.0767
3052,-0.036236,0.0766
3053,-0.034404,0.0766
3054,-0.042358,0.0766
3055,-0.051866,0.0776
3056,-0.050069,0.0776
3057,-0.046142,0.0776
3058,-0.036669,0.0776
3059,-0.032558,0.0776
3060,-0.041413,0.0768
3061,-0.050249,0.0775
3062,-0.051819,0.0768
3063,-0.051250,0.0768
3064,-0.043323,0.0776
3065,-0.043079,0.0778
3066,-0.045919,0.0776
3067,-0.042240,0.0773
3068,-0.044942,0.0776
3069,-0.050787,0.0776
3070,-0.050357,0.0778
3071,-0.051801,0.0779
3072,-0.054065,0.0779
3073,-0.052887,0.0777
3074,-0.055128,0.0770
3075,-0.057295,0.0780
3076,-0.047511,0.0770
3077,-0.047760,0.0780
3078,-0.052421,0.0770
3079,-0.052848,0.0781
3080,-0.054402,0.0779
3081,-0.058330,0.0781
3082,-0.061074,0.0781
3083,-0.065819,0.0771
3084,-0.073042,0.0782
3085,-0.072395,0.0771
3086,-0.077700,0.0782
3087,-0.076368,0.0771
3088,-0.075801,0.0782
3089,-0.075058,0.0780
3090,-0.075488,0.0780
3091,-0.070665,0.0783
3092,-0.055776,0.0780
3093,-0.049256,0.0780
3094,-0.054782,0.0777
3095,-0.066056,0.0781
3096,-0.073305,0.0783
3097,-0.074419,0.0783
3098,-0.070510,0.0781
3099,-0.073413,0.0778
3100,-0.078664,0.0781
3101,-0.084863,0.0773
3102,-0.085776,0.0772
3103,-0.088584,0.0777
3104,-0.088875,0.0780
3105,-0.087508,0.0779
3106,-0.091885,0.0772
3107,-0.095406,0.0778
3108,-0.093209,0.0777
3109,-0.090329,0.0780
3110,-0.091152,0.0781
3111,-0.093341,0.0780
3112,-0.095057,0.0779
3113,-0.099289,0.0780
3114,-0.099342,0.0773
3115,-0.093215,0.0773
3116,-0.093644,0.0773
3117,-0.096368,0.0780
3118,-0.098827,0.0773
3119,-0.098979,0.0781
3120,-0.092487,0.0774
3121,-0.082695,0.0781
3122,-0.078402,0.0781
3123,-0.083821,0.0779
3124,-0.079844,0.0781
3125,-0.080467,0.0782
3126,-0.079265,0.0774
3127,-0.084181,0.0780
3128,-0.092889,0.0782
3129,-0.091520,0.0782
3130,-0.087798,0.0780
3131,-0.068788,0.0775
3132,-0.057197,0.0781
3133,-0.058650,0.0780
3134,-0.065122,0.0775
3135,-0.075207,0.0783
3136,-0.083225,0.0783
3137,-0.090236,0.0776
3138,-0.088858,0.0775
3139,-0.083145,0.0789
3140,-0.074627,0.0777
3141,-0.072114,0.0789
3142,-0.077670,0.0787
3143,-0.082438,0.0787
3144,-0.091026,0.0787
3145,-0.091427,0.0790
3146,-0.085285,0.0777
3147,-0.079250,0.0778
3148,-0.078401,0.0778
3149,-0.078114,0.0777
3150,-0.078513,0.0778
3151,-0.070568,0.0790
3152,-0.065255,0.0788
3153,-0.064083,0.0787
3154,-0.074126,0.0791
3155,-0.084176,0.0788
3156,-0.087243,0.0791
3157,-0.083997,0.0778
3158,-0.079323,0.0784
3159,-0.081891,0.0783
3160,-0.086515,0.0791
3161,-0.084266,0.0784
3162,-0.085605,0.0780
3163,-0.087899,0.0789
3164,-0.088508,0.0779
3165,-0.082859,0.0789
3166,-0.080981,0.0792
3167,-0.080843,0.0779
3168,-0.084188,0.0792
3169,-0.087458,0.0780
3170,-0.089079,0.0792
3171,-0.085539,0.0780
3172,-0.080396,0.0790
3173,-0.078160,0.0786
3174,-0.083681,0.0780
3175,-0.084134,0.0786
3176,-0.085082,0.0781
3177,-0.089680,0.0785
3178,-0.093320,0.0780
3179,-0.099306,0.0795
3180,-0.102803,0.0781
3181,-0.099140,0.0787
3182,-0.101635,0.0792
3183,-0.098617,0.0791
3184,-0.097022,0.0795
3185,-0.095511,0.0781
3186,-0.094291,0.0781
3187,-0.094049,0.0781
3188,-0.095034,0.0794
3189,-0.097641,0.0792
3190,-0.098068,0.0792
3191,-0.104208,0.0794
3192,-0.107433,0.0794
3193,-0.110126,0.0791
3194,-0.097779,0.0795
3195,-0.083665,0.0795
3196,-0.076126,0.0792
3197,-0.071914,0.0782
3198,-0.070911,0.0782
3199,-0.077320,0.0787
3200,-0.086996,0.0793
3201,-0.088410,0.0788
3202,-0.080150,0.0798
3203,-0.070050,0.0783
3204,-0.062451,0.0783
3205,-0.047114,0.0794
3206,-0.032167,0.0786
3207,-0.035158,0.0798
3208,-0.049218,0.0783
3209,-0.057151,0.0794
3210,-0.058823,0.0798
3211,-0.059866,0.0783
3212,-0.050597,0.0798
3213,-0.050291,0.0794
3214,-0.052916,0.0798
3215,-0.058700,0.0794
3216,-0.063271,0.0809
3217,-0.074672,0.0807
3218,-0.055296,0.0798
3219,-0.030996,0.0804
3220,-0.022543,0.0803
3221,-0.035644,0.0798
3222,-0.057603,0.0799
3223,-0.058676,0.0808
3224,-0.058843,0.0809
3225,-0.065934,0.0816
3226,-0.077525,0.0802
3227,-0.085487,0.0816
3228,-0.086331,0.0808
3229,-0.088521,0.0815
3230,-0.090981,0.0802
3231,-0.091424,0.0806
3232,-0.090860,0.0814
3233,-0.093812,0.0802
3234,-0.092287,0.0781
3235,-0.091389,0.0781
3236,-0.098258,0.0781
3237,-0.101737,0.0790
3238,-0.105189,0.0781
3239,-0.101912,0.0784
3240,-0.098297,0.0783
3241,-0.093460,0.0784
3242,-0.093838,0.0781
3243,-0.095014,0.0790
3244,-0.106282,0.0781
3245,-0.109548,0.0790
3246,-0.108158,0.0781
3247,-0.107725,0.0782
3248,-0.107567,0.0790
3249,-0.105230,0.0790
3250,-0.102898,0.0790
3251,-0.099815,0.0781
3252,-0.096949,0.0789
3253,-0.090681,0.0787
3254,-0.088945,0.0781
3255,-0.089229,0.0789
3256,-0.092031,0.0788
3257,-0.096042,0.0781
3258,-0.099037,0.0781
3259,-0.099077,0.0790
3260,-0.102156,0.0790
3261,-0.101670,0.0788
3262,-0.100819,0.0790
3263,-0.095510,0.0781
3264,-0.096315,0.0782
3265,-0.091471,0.0782
3266,-0.092378,0.0791
3267,-0.088637,0.0791
3268,-0.090684,0.0791
3269,-0.090928,0.0782
3270,-0.090887,0.0791
3271,-0.089893,0.0783
3272,-0.094066,0.0794
3273,-0.094583,0.0793
3274,-0.093051,0.0796
3275,-0.090459,0.0797
3276,-0.073321,0.0794
3277,-0.057235,0.0783
3278,-0.048213,0.0783
3279,-0.042394,0.0794
3280,-0.052316,0.0783
3281,-0.074774,0.0796
3282,-0.087309,0.0794
3283,-0.088417,0.0784
3284,-0.088562,0.0783
3285,-0.096739,0.0794
3286,-0.098259,0.0798
3287,-0.093288,0.0795
3288,-0.095708,0.0795
3289,-0.103595,0.0784
3290,-0.091956,0.0799
3291,-0.069530,0.0785
3292,-0.044941,0.0791
3293,-0.037497,0.0792
3294,-0.045472,0.0796
3295,-0.052517,0.0791
3296,-0.058250,0.0786
3297,-0.068518,0.0786
3298,-0.081313,0.0786
3299,-0.087327,0.0786
3300,-0.095642,0.0800
3301,-0.098951,0.0792
3302,-0.089561,0.0797
3303,-0.075993,0.0800
3304,-0.062970,0.0787
3305,-0.059980,0.0786
3306,-0.061043,0.0798
3307,-0.075406,0.0786
3308,-0.089961,0.0801
3309,-0.098921,0.0786
3310,-0.100465,0.0798
3311,-0.092427,0.0793
3312,-0.089052,0.0798
3313,-0.087232,0.0787
3314,-0.083010,0.0801
3315,-0.079623,0.0798
3316,-0.082352,0.0798
3317,-0.090661,0.0801
3318,-0.101161,0.0801
3319,-0.104328,0.0798
3320,-0.109096,0.0794
3321,-0.104309,0.0794
3322,-0.100784,0.0788
3323,-0.100288,0.0790
3324,-0.102746,0.0802
3325,-0.107994,0.0794
3326,-0.100655,0.0802
3327,-0.097903,0.0794
3328,-0.096154,0.0799
3329,-0.091316,0.0795
3330,-0.092515,0.0792
3331,-0.094349,0.0788
3332,-0.099146,0.0799
3333,-0.103206,0.0799
3334,-0.105072,0.0789
3335,-0.104720,0.0802
3336,-0.102429,0.0788
3337,-0.103006,0.0799
3338,-0.107216,0.0788
3339,-0.109839,0.0799
3340,-0.109597,0.0799
3341,-0.110563,0.0794
3342,-0.113147,0.0799
3343,-0.109859,0.0801
3344,-0.086667,0.0787
3345,-0.053811,0.0798
3346,-0.041200,0.0787
3347,-0.041780,0.0798
3348,-0.044639,0.0800
3349,-0.040959,0.0797
3350,-0.037394,0.0800
3351,-0.042523,0.0786
3352,-0.044289,0.0786
3353,-0.028002,0.0800
3354,-0.007567,0.0786
3355,0.011680,0.0797
3356,0.025447,0.0797
3357,0.025000,0.0785
3358,0.013466,0.0796
3359,-0.007189,0.0796
3360,-0.030203,0.0796
3361,-0.050101,0.0785
3362,-0.056106,0.0785
3363,-0.069016,0.0798
3364,-0.073238,0.0785
3365,-0.079502,0.0784
3366,-0.089542,0.0785
3367,-0.099524,0.0791
3368,-0.101237,0.0791
3369,-0.097844,0.0784
3370,-0.090700,0.0795
3371,-0.090132,0.0798
3372,-0.093806,0.0791
3373,-0.095998,0.0795
3374,-0.092857,0.0785
3375,-0.091642,0.0795
3376,-0.097009,0.0791
3377,-0.100047,0.0784
3378,-0.101181,0.0795
3379,-0.100142,0.0795
3380,-0.103456,0.0795
3381,-0.110854,0.0795
3382,-0.109467,0.0784
3383,-0.111253,0.0784
3384,-0.116575,0.0789
3385,-0.113673,0.0783
3386,-0.105897,0.0784
3387,-0.108765,0.0792
3388,-0.109592,0.0793
3389,-0.112872,0.0793
3390,-0.113293,0.0784
3391,-0.112673,0.0790
3392,-0.110669,0.0790
3393,-0.112912,0.0792
3394,-0.111965,0.0793
3395,-0.112779,0.0792
3396,-0.113879,0.0784
3397,-0.119873,0.0784
3398,-0.104740,0.0793
3399,-0.079886,0.0783
3400,-0.058707,0.0793
3401,-0.049441,0.0789
3402,-0.050387,0.0790
3403,-0.064687,0.0783
3404,-0.074475,0.0792
3405,-0.085135,0.0792
3406,-0.099381,0.0790
3407,-0.110031,0.0783
3408,-0.111310,0.0789
3409,-0.109530,0.0792
3410,-0.105964,0.0793
3411,-0.107870,0.0792
3412,-0.102134,0.0784
3413,-0.095182,0.0793
3414,-0.086594,0.0793
3415,-0.081281,0.0783
3416,-0.078823,0.0793
3417,-0.082142,0.0783
3418,-0.083843,0.0785
3419,-0.092816,0.0785
3420,-0.094393,0.0794
3421,-0.101231,0.0785
3422,-0.106668,0.0793
3423,-0.093069,0.0794
3424,-0.084312,0.0796
3425,-0.091351,0.0785
3426,-0.093327,0.0789
3427,-0.098871,0.0792
3428,-0.093015,0.0787
3429,-0.085980,0.0797
3430,-0.089232,0.0793
3431,-0.101549,0.0793
3432,-0.107003,0.0797
3433,-0.108911,0.0800
3434,-0.104732,0.0789
3435,-0.032321,0.0803
3436,0.056744,0.0789
3437,0.113938,0.0789
3438,0.127328,0.0804
3439,0.107508,0.0802
3440,0.069282,0.0790
3441,0.026613,0.0789
3442,-0.003883,0.0804
3443,-0.028842,0.0801
3444,-0.045507,0.0804
3445,-0.057793,0.0790
3446,-0.064416,0.0805
3447,-0.064450,0.0799
3448,-0.060230,0.0799
3449,-0.062842,0.0790
3450,-0.067885,0.0790
3451,-0.069325,0.0797
3452,-0.072694,0.0790
3453,-0.078060,0.0789
3454,-0.089872,0.0796
3455,-0.097413,0.0790
3456,-0.103931,0.0790
3457,-0.097703,0.0790
3458,-0.089036,0.0789
3459,-0.083785,0.0798
3460,-0.079854,0.0788
3461,-0.058660,0.0808
3462,-0.039800,0.0812
3463,-0.027974,0.0805
3464,-0.016315,0.0818
3465,-0.006419,0.0810
3466,0.003388,0.0808
3467,-0.004955,0.0805
3468,-0.020132,0.0800
3469,-0.038627,0.0795
3470,-0.040710,0.0785
3471,-0.039111,0.0782
3472,-0.040880,0.0775
3473,-0.049691,0.0777
3474,-0.062030,0.0780
3475,-0.067433,0.0773
3476,-0.070222,0.0772
3477,-0.071891,0.0771
3478,-0.076851,0.0771
3479,-0.074128,0.0774
3480,-0.072000,0.0769
3481,-0.069637,0.0770
3482,-0.075410,0.0767
3483,-0.082340,0.0768
3484,-0.084204,0.0768
3485,-0.085420,0.0765
3486,-0.086460,0.0771
3487,-0.084736,0.0764
3488,-0.085506,0.0764
3489,-0.081566,0.0764
3490,-0.073115,0.0763
3491,-0.080562,0.0762
3492,-0.088859,0.0764
3493,-0.094024,0.0764
3494,-0.098356,0.0761
3495,-0.102280,0.0765
3496,-0.100345,0.0760
3497,-0.091225,0.0758
3498,-0.085470,0.0764
3499,-0.089614,0.0762
3500,-0.097048,0.0758
3501,-0.099515,0.0758
3502,-0.098894,0.0761
3503,-0.100598,0.0757
3504,-0.107014,0.0765
3505,-0.109832,0.0761
3506,-0.109415,0.0761
3507,-0.113961,0.0758
3508,-0.103364,0.0762
3509,-0.096918,0.0758
3510,-0.096930,0.0760
3511,-0.101034,0.0762
3512,-0.111254,0.0764
3513,-0.116598,0.0758
3514,-0.113113,0.0762
3515,-0.114654,0.0758
3516,-0.112998,0.0764
3517,-0.110031,0.0757
3518,-0.109438,0.0758
3519,-0.109130,0.0758
3520,-0.106832,0.0762
3521,-0.100920,0.0763
3522,-0.092108,0.0757
3523,-0.083093,0.0757
3524,-0.082467,0.0762
3525,-0.080599,0.0763
3526,-0.086918,0.0763
3527,-0.093932,0.0757
3528,-0.099772,0.0762
3529,-0.099630,0.0761
3530,-0.099452,0.0764
3531,-0.095351,0.0763
3532,-0.092875,0.0758
3533,-0.082808,0.0768
3534,-0.045383,0.0758
3535,-0.019697,0.0758
3536,-0.040674,0.0761
3537,-0.066538,0.0762
3538,-0.068657,0.0758
3539,-0.065840,0.0762
3540,-0.074555,0.0763
3541,-0.076650,0.0765
3542,-0.072354,0.0759
3543,-0.060645,0.0759
3544,-0.056665,0.0758
3545,-0.060489,0.0762
3546,-0.065010,0.0762
3547,-0.068840,0.0763
3548,-0.075902,0.0769
3549,-0.081201,0.0775
3550,-0.091459,0.0774
3551,-0.099986,0.0758
3552,-0.093358,0.0759
3553,-0.080298,0.0764
3554,-0.071441,0.0759
3555,-0.074425,0.0765
3556,-0.077204,0.0759
3557,-0.081472,0.0763
3558,-0.077793,0.0764
3559,-0.077859,0.0764
3560,-0.084628,0.0759
3561,-0.087408,0.0761
3562,-0.088624,0.0758
3563,-0.090693,0.0764
3564,-0.096961,0.0762
3565,-0.104567,0.0763
3566,-0.110720,0.0758
3567,-0.105257,0.0762
3568,-0.096296,0.0759
3569,-0.094087,0.0762
3570,-0.093240,0.0765
3571,-0.095288,0.0763
3572,-0.097176,0.0764
3573,-0.099328,0.0764
3574,-0.100919,0.0759
3575,-0.103110,0.0779
3576,-0.105176,0.0759
3577,-0.108074,0.0759
3578,-0.110493,0.0768
3579,-0.113961,0.0768
3580,-0.113476,0.0779
3581,-0.107253,0.0765
3582,-0.108487,0.0768
3583,-0.113831,0.0760
3584,-0.113781,0.0760
3585,-0.110190,0.0759
3586,-0.111857,0.0762
3587,-0.113582,0.0760
3588,-0.113197,0.0763
3589,-0.105509,0.0762
3590,-0.077386,0.0760
3591,-0.043573,0.0759
3592,-0.015468,0.0762
3593,0.000298,0.0765
3594,0.002388,0.0763
3595,-0.008488,0.0763
3596,-0.022553,0.0760
3597,-0.028159,0.0767
3598,-0.026318,0.0768
3599,-0.029202,0.0769
3600,-0.035411,0.0761
3601,-0.044992,0.0761
3602,-0.057557,0.0762
3603,-0.068270,0.0762
3604,-0.077987,0.0762
3605,-0.083431,0.0767
3606,-0.085449,0.0770
3607,-0.087134,0.0762
3608,-0.090253,0.0766
3609,-0.093912,0.0762
3610,-0.095738,0.0770
3611,-0.096404,0.0766
3612,-0.095782,0.0762
3613,-0.095033,0.0761
3614,-0.098141,0.0767
3615,-0.102866,0.0769
3616,-0.109618,0.0762
3617,-0.114549,0.0762
3618,-0.113263,0.0762
3619,-0.110462,0.0770
3620,-0.106960,0.0762
3621,-0.108035,0.0769
3622,-0.111806,0.0767
3623,-0.117739,0.0766
3624,-0.121710,0.0762
3625,-0.130481,0.0770
3626,-0.135966,0.0762
3627,-0.137425,0.0763
3628,-0.139343,0.0766
3629,-0.139185,0.0769
3630,-0.139509,0.0763
3631,-0.140606,0.0768
3632,-0.142133,0.0769
3633,-0.144498,0.0771
3634,-0.147367,0.0767
3635,-0.147980,0.0767
3636,-0.148058,0.0763
3637,-0.147978,0.0762
3638,-0.145522,0.0768
3639,-0.146403,0.0769
3640,-0.148904,0.0776
3641,-0.147384,0.0769
3642,-0.146411,0.0770
3643,-0.140062,0.0764
3644,-0.135868,0.0770
3645,-0.131301,0.0762
3646,-0.130965,0.0763
3647,-0.128368,0.0762
3648,-0.124892,0.0776
3649,-0.123107,0.0763
3650,-0.122213,0.0777
3651,-0.121587,0.0764
3652,-0.121306,0.0768
3653,-0.124752,0.0777
3654,-0.124443,0.0763
3655,-0.126464,0.0769
3656,-0.128636,0.0767
3657,-0.132526,0.0772
3658,-0.133790,0.0764
3659,-0.136798,0.0767
3660,-0.136446,0.0772
3661,-0.135001,0.0776
3662,-0.135038,0.0764
3663,-0.135979,0.0763
3664,-0.137938,0.0764
3665,-0.139229,0.0764
3666,-0.142058,0.0768
3667,-0.144607,0.0769
3668,-0.146254,0.0766
3669,-0.150252,0.0763
3670,-0.151399,0.0766
3671,-0.156550,0.0769
3672,-0.157583,0.0766
3673,-0.161681,0.0770
3674,-0.163507,0.0769
3675,-0.163439,0.0764
3676,-0.163454,0.0769
3677,-0.161830,0.0764
3678,-0.162724,0.0764
3679,-0.164393,0.0774
3680,-0.164867,0.0765
3681,-0.164279,0.0764
3682,-0.165790,0.0769
3683,-0.166771,0.0769
3684,-0.164878,0.0764
3685,-0.162645,0.0772
3686,-0.159428,0.0776
3687,-0.160550,0.0774
3688,-0.162797,0.0764
3689,-0.163262,0.0765
3690,-0.161385,0.0770
3691,-0.157946,0.0764
3692,-0.153994,0.0780
3693,-0.154698,0.0771
3694,-0.153273,0.0771
3695,-0.155107,0.0765
3696,-0.157279,0.0764
3697,-0.157251,0.0769
3698,-0.158459,0.0784
3699,-0.155673,0.0765
3700,-0.156639,0.0765
3701,-0.159456,0.0764
3702,-0.162382,0.0765
3703,-0.162164,0.0775
3704,-0.166542,0.0765
3705,-0.167916,0.0765
3706,-0.168747,0.0765
3707,-0.171970,0.0765
3708,-0.172765,0.0765
3709,-0.171208,0.0771
3710,-0.171517,0.0772
3711,-0.170268,0.0765
3712,-0.167588,0.0768
3713,-0.165364,0.0764
3714,-0.162690,0.0771
3715,-0.161556,0.0771
3716,-0.161880,0.0770
3717,-0.161974,0.0769
3718,-0.161595,0.0770
3719,-0.159204,0.0765
3720,-0.155004,0.0770
3721,-0.157475,0.0767
3722,-0.157922,0.0765
3723,-0.156522,0.0766
3724,-0.159621,0.0765
3725,-0.161539,0.0766
3726,-0.163706,0.0765
3727,-0.164404,0.0784
3728,-0.165685,0.0766
3729,-0.167069,0.0770
3730,-0.167346,0.0775
3731,-0.166539,0.0766
3732,-0.168215,0.0766
3733,-0.169403,0.0765
3734,-0.171169,0.0773
3735,-0.171301,0.0765
3736,-0.171964,0.0774
3737,-0.170963,0.0774
3738,-0.169625,0.0773
3739,-0.168602,0.0771
3740,-0.169495,0.0766
3741,-0.171212,0.0765
3742,-0.172408,0.0772
3743,-0.175326,0.0771
3744,-0.176801,0.0767
3745,-0.176278,0.0773
3746,-0.175291,0.0765
3747,-0.175366,0.0769
3748,-0.180010,0.0766
3749,-0.177592,0.0771
3750,-0.178081,0.0768
3751,-0.177496,0.0776
3752,-0.179708,0.0767
3753,-0.175932,0.0766
3754,-0.173508,0.0773
3755,-0.169146,0.0771
3756,-0.163721,0.0774
3757,-0.158266,0.0766
3758,-0.156738,0.0772
3759,-0.155526,0.0766
3760,-0.154487,0.0767
3761,-0.154402,0.0766
3762,-0.154400,0.0771
3763,-0.157822,0.0777
3764,-0.160611,0.0776
3765,-0.165633,0.0790
3766,-0.167170,0.0772
3767,-0.168753,0.0790
3768,-0.169356,0.0773
3769,-0.173559,0.0787
3770,-0.175553,0.0772
3771,-0.171832,0.0766
3772,-0.168608,0.0767
3773,-0.161551,0.0767
3774,-0.161314,0.0768
3775,-0.162656,0.0771
3776,-0.164038,0.0772
3777,-0.168697,0.0774
3778,-0.171526,0.0768
3779,-0.172557,0.0771
3780,-0.172117,0.0766
3781,-0.172399,0.0785
3782,-0.171157,0.0771
3783,-0.170918,0.0785
3784,-0.166995,0.0768
3785,-0.166968,0.0767
3786,-0.167755,0.0776
3787,-0.171935,0.0768
3788,-0.169774,0.0771
3789,-0.169057,0.0775
3790,-0.171509,0.0768
3791,-0.173122,0.0777
3792,-0.171623,0.0768
3793,-0.172915,0.0768
3794,-0.176975,0.0775
3795,-0.179103,0.0774
3796,-0.177695,0.0775
3797,-0.175298,0.0773
3798,-0.175489,0.0771
3799,-0.173885,0.0773
3800,-0.176370,0.0779
3801,-0.176013,0.0781
3802,-0.176164,0.0773
3803,-0.174232,0.0778
3804,-0.166744,0.0776
3805,-0.160924,0.0770
3806,-0.158254,0.0779
3807,-0.155496,0.0769
3808,-0.155010,0.0768
3809,-0.158387,0.0767
3810,-0.162591,0.0779
3811,-0.165427,0.0770
3812,-0.171459,0.0769
3813,-0.172099,0.0776
3814,-0.176777,0.0769
3815,-0.177421,0.0777
3816,-0.178189,0.0769
3817,-0.173070,0.0769
3818,-0.164154,0.0770
3819,-0.157282,0.0780
3820,-0.153126,0.0772
3821,-0.140073,0.0780
3822,-0.127552,0.0782
3823,-0.117409,0.0769
3824,-0.111840,0.0776
3825,-0.109458,0.0775
3826,-0.113934,0.0768
3827,-0.120408,0.0769
3828,-0.126736,0.0768
3829,-0.133939,0.0774
3830,-0.127067,0.0776
3831,-0.108701,0.0794
3832,-0.096823,0.0771
3833,-0.090975,0.0773
3834,-0.089149,0.0770
3835,-0.091844,0.0778
3836,-0.102456,0.0772
3837,-0.115558,0.0776
3838,-0.126888,0.0777
3839,-0.133735,0.0773
3840,-0.143322,0.0770
3841,-0.148988,0.0769
3842,-0.153062,0.0769
3843,-0.154338,0.0770
3844,-0.155847,0.0778
3845,-0.158678,0.0779
3846,-0.157395,0.0773
3847,-0.160292,0.0779
3848,-0.166410,0.0771
3849,-0.168841,0.0770
3850,-0.168208,0.0770
3851,-0.167122,0.0798
3852,-0.166896,0.0771
3853,-0.167721,0.0803
3854,-0.167493,0.0789
3855,-0.166586,0.0795
3856,-0.167870,0.0790
3857,-0.168770,0.0790
3858,-0.168437,0.0792
3859,-0.164919,0.0792
3860,-0.158956,0.0790
3861,-0.152972,0.0792
3862,-0.151937,0.0792
3863,-0.146678,0.0796
3864,-0.139259,0.0793
3865,-0.134552,0.0801
3866,-0.132772,0.0802
3867,-0.135819,0.0793
3868,-0.134520,0.0792
3869,-0.129497,0.0790
3870,-0.125463,0.0796
3871,-0.125886,0.0793
3872,-0.129277,0.0792
3873,-0.134527,0.0790
3874,-0.142969,0.0794
3875,-0.152103,0.0787
3876,-0.156468,0.0793
3877,-0.159135,0.0792
3878,-0.164955,0.0794
3879,-0.168826,0.0795
3880,-0.170418,0.0796
3881,-0.168797,0.0791
3882,-0.164530,0.0790
3883,-0.163551,0.0799
3884,-0.164309,0.0794
3885,-0.162028,0.0792
3886,-0.160080,0.0793
3887,-0.159609,0.0791
3888,-0.161871,0.0790
3889,-0.162667,0.0788
3890,-0.162225,0.0802
3891,-0.162379,0.0791
3892,-0.160983,0.0794
3893,-0.149434,0.0786
3894,-0.128653,0.0777
3895,-0.109725,0.0778
3896,-0.100786,0.0778
3897,-0.104695,0.0777
3898,-0.113489,0.0771
3899,-0.120302,0.0784
3900,-0.125709,0.0789
3901,-0.132789,0.0773
3902,-0.134736,0.0771
3903,-0.138395,0.0776
3904,-0.138264,0.0772
3905,-0.140523,0.0793
3906,-0.141027,0.0776
3907,-0.141890,0.0773
3908,-0.144686,0.0771
3909,-0.148654,0.0772
3910,-0.155368,0.0773
3911,-0.160049,0.0791
3912,-0.163601,0.0779
3913,-0.166542,0.0794
3914,-0.171060,0.0771
3915,-0.171216,0.0779
3916,-0.167872,0.0774
3917,-0.162459,0.0806
3918,-0.159915,0.0779
3919,-0.160352,0.0779
3920,-0.158550,0.0806
3921,-0.159880,0.0774
3922,-0.162329,0.0793
3923,-0.167347,0.0774
3924,-0.170680,0.0775
3925,-0.171938,0.0772
3926,-0.176871,0.0777
3927,-0.180062,0.0772
3928,-0.181258,0.0772
3929,-0.180823,0.0779
3930,-0.179705,0.0777
3931,-0.177561,0.0772
3932,-0.176912,0.0779
3933,-0.174790,0.0776
3934,-0.177199,0.0772
3935,-0.178556,0.0774
3936,-0.179016,0.0772
3937,-0.181110,0.0779
3938,-0.182055,0.0774
3939,-0.179973,0.0773
3940,-0.172686,0.0788
3941,-0.164615,0.0774
3942,-0.158094,0.0772
3943,-0.155283,0.0777
3944,-0.153259,0.0790
3945,-0.153913,0.0791
3946,-0.159072,0.0788
3947,-0.163196,0.0780
3948,-0.170153,0.0779
3949,-0.175313,0.0791
3950,-0.178847,0.0779
3951,-0.181297,0.0775
3952,-0.181913,0.0778
3953,-0.178589,0.0778
3954,-0.174555,0.0779
3955,-0.172644,0.0797
3956,-0.170379,0.0795
3957,-0.168618,0.0790
3958,-0.168388,0.0794
3959,-0.167668,0.0791
3960,-0.167705,0.0796
3961,-0.165520,0.0798
3962,-0.168287,0.0801
3963,-0.170219,0.0793
3964,-0.171209,0.0794
3965,-0.169970,0.0791
3966,-0.165771,0.0793
3967,-0.159525,0.0796
3968,-0.152433,0.0795
3969,-0.146743,0.0794
3970,-0.144226,0.0796
3971,-0.142209,0.0797
3972,-0.139919,0.0798
3973,-0.139261,0.0802
3974,-0.140317,0.0791
3975,-0.141764,0.0781
3976,-0.140462,0.0780
3977,-0.137486,0.0785
3978,-0.133275,0.0775
3979,-0.129524,0.0777
3980,-0.136730,0.0790
3981,-0.141462,0.0775
3982,-0.143364,0.0784
3983,-0.145413,0.0773
3984,-0.149299,0.0774
3985,-0.150738,0.0775
3986,-0.157848,0.0780
3987,-0.160202,0.0779
3988,-0.161888,0.0774
3989,-0.163654,0.0775
3990,-0.163349,0.0803
3991,-0.163788,0.0775
3992,-0.163068,0.0775
3993,-0.163350,0.0774
3994,-0.164242,0.0804
3995,-0.163280,0.0782
3996,-0.164164,0.0782
3997,-0.164580,0.0780
3998,-0.166355,0.0775
3999,-0.167998,0.0780
4000,-0.168334,0.0780
4001,-0.167998,0.0780
4002,-0.169624,0.0774
4003,-0.168851,0.0782
4004,-0.167948,0.0775
4005,-0.169691,0.0777
4006,-0.168635,0.0780
4007,-0.170266,0.0774
4008,-0.173000,0.0779
4009,-0.174883,0.0792
4010,-0.176522,0.0782
4011,-0.178107,0.0773
4012,-0.180834,0.0794
4013,-0.180471,0.0775
4014,-0.180564,0.0789
4015,-0.182592,0.0780
4016,-0.181500,0.0791
4017,-0.182477,0.0780
4018,-0.183958,0.0783
4019,-0.185041,0.0777
4020,-0.183821,0.0782
4021,-0.183835,0.0793
4022,-0.183586,0.0776
4023,-0.180447,0.0806
4024,-0.177762,0.0779
4025,-0.176150,0.0792
4026,-0.176094,0.0776
4027,-0.175831,0.0805
4028,-0.178027,0.0794
4029,-0.179374,0.0804
4030,-0.181363,0.0777
4031,-0.183914,0.0775
4032,-0.187182,0.0775
4033,-0.188197,0.0793
4034,-0.188992,0.0794
4035,-0.188471,0.0780
4036,-0.190290,0.0793
4037,-0.190957,0.0790
4038,-0.191437,0.0781
4039,-0.189991,0.0783
4040,-0.189206,0.0777
4041,-0.188465,0.0789
4042,-0.187936,0.0780
4043,-0.188836,0.0789
4044,-0.189487,0.0783
4045,-0.190140,0.0775
4046,-0.189264,0.0783
4047,-0.188805,0.0775
4048,-0.188609,0.0775
4049,-0.185573,0.0777
4050,-0.183246,0.0793
4051,-0.181913,0.0779
4052,-0.184939,0.0792
4053,-0.183558,0.0781
4054,-0.186195,0.0803
4055,-0.186912,0.0775
4056,-0.187201,0.0775
4057,-0.185567,0.0781
4058,-0.186324,0.0777
4059,-0.186826,0.0774
4060,-0.188598,0.0775
4061,-0.188177,0.0775
4062,-0.189531,0.0775
4063,-0.190049,0.0783
4064,-0.189421,0.0782
4065,-0.190276,0.0779
4066,-0.191978,0.0777
4067,-0.191324,0.0790
4068,-0.192143,0.0775
4069,-0.193167,0.0791
4070,-0.190455,0.0790
4071,-0.188592,0.0794
4072,-0.188000,0.0778
4073,-0.185770,0.0794
4074,-0.185618,0.0793
4075,-0.182992,0.0788
4076,-0.181608,0.0790
4077,-0.181538,0.0778
4078,-0.181430,0.0781
4079,-0.175816,0.0783
4080,-0.173506,0.0781
4081,-0.171585,0.0791
4082,-0.167530,0.0784
4083,-0.166331,0.0804
4084,-0.166819,0.0776
4085,-0.167443,0.0781
4086,-0.170859,0.0779
4087,-0.173317,0.0781
4088,-0.175311,0.0780
4089,-0.178088,0.0790
4090,-0.181444,0.0804
4091,-0.183373,0.0777
4092,-0.180967,0.0779
4093,-0.179822,0.0781
4094,-0.176414,0.0777
4095,-0.178452,0.0776
4096,-0.177379,0.0778
4097,-0.174803,0.0781
4098,-0.172607,0.0782
4099,-0.170091,0.0785
4100,-0.171503,0.0777
4101,-0.173159,0.0790
4102,-0.173746,0.0782
4103,-0.177325,0.0781
4104,-0.174053,0.0791
4105,-0.168377,0.0777
4106,-0.162284,0.0781
4107,-0.159891,0.0795
4108,-0.161852,0.0793
4109,-0.163059,0.0797
4110,-0.165119,0.0794
4111,-0.162653,0.0794
4112,-0.161313,0.0794
4113,-0.159760,0.0795
4114,-0.157605,0.0796
4115,-0.153740,0.0802
4116,-0.151469,0.0799
4117,-0.146333,0.0795
4118,-0.143647,0.0800
4119,-0.143184,0.0796
4120,-0.145665,0.0798
4121,-0.146699,0.0782
4122,-0.142756,0.0778
4123,-0.139928,0.0776
4124,-0.136182,0.0780
4125,-0.134546,0.0785
4126,-0.136519,0.0784
4127,-0.137558,0.0776
4128,-0.146398,0.0786
4129,-0.151585,0.0778
4130,-0.158683,0.0804
4131,-0.163862,0.0781
4132,-0.168285,0.0783
4133,-0.168296,0.0780
4134,-0.169030,0.0811
4135,-0.171575,0.0794
4136,-0.175320,0.0785
4137,-0.175445,0.0824
4138,-0.176917,0.0776
4139,-0.177089,0.0824
4140,-0.180026,0.0812
4141,-0.183925,0.0807
4142,-0.188698,0.0776
4143,-0.188148,0.0788
4144,-0.189407,0.0823
4145,-0.189242,0.0812
4146,-0.184574,0.0780
4147,-0.179549,0.0777
4148,-0.172125,0.0778
4149,-0.168006,0.0795
4150,-0.164250,0.0789
4151,-0.158784,0.0776
4152,-0.155401,0.0778
4153,-0.157616,0.0782
4154,-0.158721,0.0782
4155,-0.158629,0.0799
4156,-0.161840,0.0782
4157,-0.167162,0.0779
4158,-0.168675,0.0779
4159,-0.173033,0.0778
4160,-0.176991,0.0777
4161,-0.179740,0.0799
4162,-0.182332,0.0792
4163,-0.183501,0.0777
4164,-0.177258,0.0780
4165,-0.171157,0.0823
4166,-0.171355,0.0799
4167,-0.173308,0.0780
4168,-0.170047,0.0781
4169,-0.169927,0.0778
4170,-0.169302,0.0779
4171,-0.170586,0.0787
4172,-0.174281,0.0777
4173,-0.174546,0.0776
4174,-0.173278,0.0788
4175,-0.174212,0.0783
4176,-0.172311,0.0810
4177,-0.173211,0.0794
4178,-0.173572,0.0785
4179,-0.174401,0.0782
4180,-0.174986,0.0803
4181,-0.177075,0.0782
4182,-0.178568,0.0776
4183,-0.178797,0.0786
4184,-0.181173,0.0786
4185,-0.182615,0.0779
4186,-0.184808,0.0780
4187,-0.186222,0.0775
4188,-0.189578,0.0791
4189,-0.191300,0.0802
4190,-0.191796,0.0779
4191,-0.190319,0.0780
4192,-0.189079,0.0790
4193,-0.188552,0.0777
4194,-0.188437,0.0778
4195,-0.189031,0.0778
4196,-0.186924,0.0780
4197,-0.186334,0.0794
4198,-0.172392,0.0778
4199,-0.155856,0.0805
4200,-0.138924,0.0803
4201,-0.123321,0.0805
4202,-0.117370,0.0791
4203,-0.117274,0.0795
4204,-0.119918,0.0797
4205,-0.128025,0.0796
4206,-0.133302,0.0789
4207,-0.136520,0.0779
4208,-0.145388,0.0796
4209,-0.153507,0.0793
4210,-0.158868,0.0799
4211,-0.161382,0.0790
4212,-0.161897,0.0791
4213,-0.162716,0.0780
4214,-0.165915,0.0800
4215,-0.167341,0.0801
4216,-0.168969,0.0787
4217,-0.170240,0.0780
4218,-0.176262,0.0784
4219,-0.180082,0.0789
4220,-0.178924,0.0800
4221,-0.177902,0.0797
4222,-0.177512,0.0786
4223,-0.177609,0.0798
4224,-0.180686,0.0778
4225,-0.176539,0.0784
4226,-0.175532,0.0778
4227,-0.175526,0.0801
4228,-0.176286,0.0803
4229,-0.174683,0.0785
4230,-0.176628,0.0803
4231,-0.177164,0.0779
4232,-0.179903,0.0798
4233,-0.182720,0.0778
4234,-0.185800,0.0779
4235,-0.187891,0.0778
4236,-0.188964,0.0814
4237,-0.190567,0.0816
4238,-0.192112,0.0814
4239,-0.194148,0.0780
4240,-0.194684,0.0795
4241,-0.196712,0.0799
4242,-0.198839,0.0798
4243,-0.196461,0.0795
4244,-0.194849,0.0808
4245,-0.195658,0.0797
4246,-0.195827,0.0801
4247,-0.196023,0.0802
4248,-0.195449,0.0807
4249,-0.197623,0.0802
4250,-0.197358,0.0802
4251,-0.197901,0.0807
4252,-0.198640,0.0819
4253,-0.200576,0.0810
4254,-0.197778,0.0796
4255,-0.195326,0.0798
4256,-0.190009,0.0799
4257,-0.186031,0.0801
4258,-0.183432,0.0808
4259,-0.180887,0.0806
4260,-0.178401,0.0798
4261,-0.178638,0.0799
4262,-0.177291,0.0795
4263,-0.181325,0.0798
4264,-0.182149,0.0814
4265,-0.183002,0.0814
4266,-0.181897,0.0806
4267,-0.184837,0.0800
4268,-0.185679,0.0815
4269,-0.187517,0.0790
4270,-0.188886,0.0804
4271,-0.190698,0.0817
4272,-0.191211,0.0812
4273,-0.193159,0.0792
4274,-0.191815,0.0792
4275,-0.192296,0.0790
4276,-0.192025,0.0793
4277,-0.195122,0.0807
4278,-0.195083,0.0812
4279,-0.196531,0.0808
4280,-0.197104,0.0815
4281,-0.196105,0.0795
4282,-0.196168,0.0817
4283,-0.196480,0.0813
4284,-0.195320,0.0809
4285,-0.194167,0.0832
4286,-0.197299,0.0816
4287,-0.196987,0.0818
4288,-0.196731,0.0832
4289,-0.196875,0.0798
4290,-0.196510,0.0796
4291,-0.189650,0.0797
4292,-0.180968,0.0816
4293,-0.174710,0.0822
4294,-0.165606,0.0818
4295,-0.160194,0.0818
4296,-0.153542,0.0829
4297,-0.154142,0.0824
4298,-0.153218,0.0802
4299,-0.152171,0.0797
4300,-0.153093,0.0803
4301,-0.152426,0.0840
4302,-0.151506,0.0826
4303,-0.151593,0.0831
4304,-0.153843,0.0803
4305,-0.157506,0.0827
4306,-0.156757,0.0803
4307,-0.150427,0.0806
4308,-0.146497,0.0820
4309,-0.144171,0.0826
4310,-0.144090,0.0808
4311,-0.146319,0.0808
4312,-0.148794,0.0807
4313,-0.146005,0.0838
4314,-0.135596,0.0830
4315,-0.121818,0.0810
4316,-0.114179,0.0811
4317,-0.111385,0.0810
4318,-0.112509,0.0810
4319,-0.117228,0.0812
4320,-0.125905,0.0813
4321,-0.135168,0.0839
4322,-0.140535,0.0832
4323,-0.143744,0.0813
4324,-0.147951,0.0812
4325,-0.154468,0.0834
4326,-0.158462,0.0827
4327,-0.150155,0.0814
4328,-0.134238,0.0813
4329,-0.125785,0.0815
4330,-0.128786,0.0814
4331,-0.131164,0.0814
4332,-0.128360,0.0815
4333,-0.124871,0.0813
4334,-0.118697,0.0838
4335,-0.113502,0.0815
4336,-0.112480,0.0837
4337,-0.116615,0.0837
4338,-0.122450,0.0816
4339,-0.123885,0.0827
4340,-0.123624,0.0830
4341,-0.128666,0.0843
4342,-0.134329,0.0817
4343,-0.141314,0.0807
4344,-0.148470,0.0818
4345,-0.154215,0.0817
4346,-0.156811,0.0815
4347,-0.160130,0.0838
4348,-0.163348,0.0820
4349,-0.167883,0.0841
4350,-0.168726,0.0839
4351,-0.168724,0.0837
4352,-0.168998,0.0818
4353,-0.170753,0.0809
4354,-0.174018,0.0838
4355,-0.177822,0.0819
4356,-0.177793,0.0833
4357,-0.175017,0.0818
4358,-0.174390,0.0818
4359,-0.169486,0.0818
4360,-0.157900,0.0847
4361,-0.141833,0.0821
4362,-0.132886,0.0820
4363,-0.128589,0.0822
4364,-0.130115,0.0822
4365,-0.137454,0.0850
4366,-0.147522,0.0824
4367,-0.159839,0.0825
4368,-0.173677,0.0827
4369,-0.180774,0.0824
4370,-0.183040,0.0855
4371,-0.179131,0.0825
4372,-0.173448,0.0825
4373,-0.175198,0.0826
4374,-0.174317,0.0827
4375,-0.176856,0.0827
4376,-0.184114,0.0852
4377,-0.185551,0.0831
4378,-0.186214,0.0853
4379,-0.185013,0.0868
4380,-0.181220,0.0869
4381,-0.180178,0.0830
4382,-0.176074,0.0830
4383,-0.178912,0.0829
4384,-0.178555,0.0860
4385,-0.177755,0.0829
4386,-0.169943,0.0860
4387,-0.164704,0.0829
4388,-0.164874,0.0829
4389,-0.167627,0.0844
4390,-0.168384,0.0829
4391,-0.168742,0.0856
4392,-0.171624,0.0868
4393,-0.170734,0.0851
4394,-0.167898,0.0848
4395,-0.163314,0.0829
4396,-0.156372,0.0830
4397,-0.155441,0.0853
4398,-0.154495,0.0829
4399,-0.154415,0.0830
4400,-0.151630,0.0830
4401,-0.141095,0.0850
4402,-0.133796,0.0844
4403,-0.127379,0.0854
4404,-0.125225,0.0845
4405,-0.124383,0.0830
4406,-0.129744,0.0860
4407,-0.133793,0.0831
4408,-0.135561,0.0860
4409,-0.136434,0.0857
4410,-0.134277,0.0830
4411,-0.132350,0.0850
4412,-0.133101,0.0854
4413,-0.136177,0.0832
4414,-0.140859,0.0831
4415,-0.147153,0.0832
4416,-0.151398,0.0851
4417,-0.153057,0.0846
4418,-0.148730,0.0854
4419,-0.145083,0.0833
4420,-0.142985,0.0832
4421,-0.139017,0.0857
4422,-0.135960,0.0834
4423,-0.140651,0.0835
4424,-0.147592,0.0858
4425,-0.152278,0.0873
4426,-0.158631,0.0855
4427,-0.164179,0.0850
4428,-0.165731,0.0858
4429,-0.167234,0.0858
4430,-0.168793,0.0834
4431,-0.168852,0.0838
4432,-0.167212,0.0838
4433,-0.164679,0.0838
4434,-0.167510,0.0838
4435,-0.163956,0.0839
4436,-0.160218,0.0844
4437,-0.154335,0.0860
4438,-0.151071,0.0860
4439,-0.150815,0.0853
4440,-0.152006,0.0873
4441,-0.155007,0.0865
4442,-0.158285,0.0844
4443,-0.160664,0.0867
4444,-0.164925,0.0863
4445,-0.169452,0.0842
4446,-0.174274,0.0876
4447,-0.177588,0.0861
4448,-0.182600,0.0874
4449,-0.183159,0.0876
4450,-0.181883,0.0887
4451,-0.181733,0.0858
4452,-0.181602,0.0849
4453,-0.182853,0.0849
4454,-0.186925,0.0850
4455,-0.191902,0.0864
4456,-0.194096,0.0847
4457,-0.196180,0.0865
4458,-0.197777,0.0849
4459,-0.202652,0.0849
4460,-0.202230,0.0865
4461,-0.204836,0.0849
4462,-0.207014,0.0849
4463,-0.208112,0.0848
4464,-0.208929,0.0864
4465,-0.210026,0.0850
4466,-0.210394,0.0848
4467,-0.211184,0.0865
4468,-0.211671,0.0865
4469,-0.212164,0.0849
4470,-0.211647,0.0849
4471,-0.210717,0.0865
4472,-0.210396,0.0849
4473,-0.210038,0.0848
4474,-0.211540,0.0849
4475,-0.211798,0.0848
4476,-0.212372,0.0849
4477,-0.213951,0.0849
4478,-0.213875,0.0864
4479,-0.213879,0.0865
4480,-0.215554,0.0848
4481,-0.215669,0.0849
4482,-0.214012,0.0848
4483,-0.212063,0.0849
4484,-0.213670,0.0848
4485,-0.213910,0.0849
4486,-0.215396,0.0850
4487,-0.215756,0.0849
4488,-0.217070,0.0850
4489,-0.218264,0.0848
4490,-0.218531,0.0831
4491,-0.219364,0.0865
4492,-0.219527,0.0849
4493,-0.221059,0.0850
4494,-0.220957,0.0865
4495,-0.222570,0.0861
4496,-0.222144,0.0865
4497,-0.223135,0.0865
4498,-0.223426,0.0849
4499,-0.224195,0.0850
4500,-0.224645,0.0849
4501,-0.224279,0.0849
4502,-0.224490,0.0848
4503,-0.224617,0.0850
4504,-0.226718,0.0850
4505,-0.226069,0.0850
4506,-0.226185,0.0865
4507,-0.228375,0.0850
4508,-0.227101,0.0849
4509,-0.229753,0.0850
4510,-0.229309,0.0848
4511,-0.229371,0.0850
4512,-0.230117,0.0850
4513,-0.230045,0.0855
4514,-0.229311,0.0850
4515,-0.226061,0.0849
4516,-0.226077,0.0850
4517,-0.225528,0.0850
4518,-0.224376,0.0848
4519,-0.224386,0.0851
4520,-0.221941,0.0866
4521,-0.225723,0.0848
4522,-0.225147,0.0849
4523,-0.226359,0.0848
4524,-0.226671,0.0850
4525,-0.226091,0.0849
4526,-0.224027,0.0850
4527,-0.220927,0.0848
4528,-0.217684,0.0850
4529,-0.215194,0.0850
4530,-0.213183,0.0850
4531,-0.211925,0.0849
4532,-0.210763,0.0850
4533,-0.212170,0.0848
4534,-0.211225,0.0850
4535,-0.211384,0.0849
4536,-0.212839,0.0850
4537,-0.212116,0.0865
4538,-0.213661,0.0849
4539,-0.214696,0.0850
4540,-0.214540,0.0850
4541,-0.216229,0.0850
4542,-0.216289,0.0850
4543,-0.217108,0.0849
4544,-0.218652,0.0849
4545,-0.219458,0.0849
4546,-0.219407,0.0849
4547,-0.220859,0.0848
4548,-0.221703,0.0850
4549,-0.222178,0.0849
4550,-0.223009,0.0866
4551,-0.224961,0.0850
4552,-0.224443,0.0850
4553,-0.225343,0.0848
4554,-0.226101,0.0852
4555,-0.227295,0.0850
4556,-0.227935,0.0851
4557,-0.226715,0.0850
4558,-0.227559,0.0850
4559,-0.227054,0.0845
4560,-0.226087,0.0850
4561,-0.228241,0.0848
4562,-0.227689,0.0833
4563,-0.226320,0.0833
4564,-0.226591,0.0866
4565,-0.227414,0.0850
4566,-0.229033,0.0834
4567,-0.228446,0.0850
4568,-0.230181,0.0850
4569,-0.231019,0.0851
4570,-0.232821,0.0867
4571,-0.232648,0.0849
4572,-0.232906,0.0850
4573,-0.233657,0.0854
4574,-0.233105,0.0834
4575,-0.233092,0.0850
4576,-0.233116,0.0867
4577,-0.232614,0.0856
4578,-0.232134,0.0851
4579,-0.232135,0.0867
4580,-0.231658,0.0867
4581,-0.229822,0.0867
4582,-0.230052,0.0849
4583,-0.232291,0.0866
4584,-0.232153,0.0851
4585,-0.232544,0.0867
4586,-0.233502,0.0851
4587,-0.233351,0.0850
4588,-0.234127,0.0851
4589,-0.234894,0.0849
4590,-0.233443,0.0851
4591,-0.232192,0.0868
4592,-0.231469,0.0851
4593,-0.231222,0.0868
4594,-0.230395,0.0851
4595,-0.231447,0.0851
4596,-0.231990,0.0852
4597,-0.231165,0.0850
4598,-0.230859,0.0852
4599,-0.230264,0.0850
4600,-0.232385,0.0851
4601,-0.232639,0.0850
4602,-0.232121,0.0851
4603,-0.233429,0.0850
4604,-0.233102,0.0833
4605,-0.234466,0.0851
4606,-0.233842,0.0857
4607,-0.234892,0.0834
4608,-0.234924,0.0851
4609,-0.235467,0.0852
4610,-0.235396,0.0869
4611,-0.235142,0.0868
4612,-0.236550,0.0851
4613,-0.237380,0.0852
4614,-0.238708,0.0868
4615,-0.238213,0.0850
4616,-0.237798,0.0834
4617,-0.238317,0.0834
4618,-0.236691,0.0853
4619,-0.237995,0.0868
4620,-0.235587,0.0835
4621,-0.235742,0.0852
4622,-0.235345,0.0848
4623,-0.235172,0.0852
4624,-0.235854,0.0855
4625,-0.234335,0.0851
4626,-0.234345,0.0851
4627,-0.232324,0.0852
4628,-0.231564,0.0833
4629,-0.230493,0.0846
4630,-0.230581,0.0835
4631,-0.228169,0.0869
4632,-0.228406,0.0869
4633,-0.228680,0.0838
4634,-0.230335,0.0869
4635,-0.230354,0.0853
4636,-0.230016,0.0840
4637,-0.230437,0.0843
4638,-0.230496,0.0852
4639,-0.229866,0.0833
4640,-0.231027,0.0869
4641,-0.230796,0.0835
4642,-0.229941,0.0869
4643,-0.230289,0.0835
4644,-0.228145,0.0844
4645,-0.225764,0.0853
4646,-0.221661,0.0851
4647,-0.218144,0.0869
4648,-0.211481,0.0838
4649,-0.209423,0.0839
4650,-0.210657,0.0869
4651,-0.211506,0.0843
4652,-0.212624,0.0852
4653,-0.213594,0.0838
4654,-0.214031,0.0841
4655,-0.213232,0.0859
4656,-0.212280,0.0837
4657,-0.212616,0.0839
4658,-0.210844,0.0838
4659,-0.210244,0.0851
4660,-0.207982,0.0853
4661,-0.206567,0.0853
4662,-0.207121,0.0853
4663,-0.207382,0.0852
4664,-0.207656,0.0835
4665,-0.207190,0.0855
4666,-0.207353,0.0870
4667,-0.207761,0.0870
4668,-0.209130,0.0852
4669,-0.209297,0.0852
4670,-0.210577,0.0853
4671,-0.211797,0.0834
4672,-0.211200,0.0835
4673,-0.212980,0.0839
4674,-0.212211,0.0840
4675,-0.211888,0.0870
4676,-0.211907,0.0835
4677,-0.210892,0.0852
4678,-0.209247,0.0851
4679,-0.210068,0.0836
4680,-0.208347,0.0835
4681,-0.207859,0.0837
4682,-0.207737,0.0837
4683,-0.206359,0.0853
4684,-0.206576,0.0870
4685,-0.206487,0.0837
4686,-0.206938,0.0832
4687,-0.205814,0.0852
4688,-0.205318,0.0841
4689,-0.205189,0.0841
4690,-0.204301,0.0850
4691,-0.203878,0.0870
4692,-0.203862,0.0854
4693,-0.205223,0.0839
4694,-0.205992,0.0854
4695,-0.207641,0.0837
4696,-0.207643,0.0838
4697,-0.208395,0.0865
4698,-0.209319,0.0838
4699,-0.211369,0.0854
4700,-0.214250,0.0837
4701,-0.214920,0.0839
4702,-0.216965,0.0835
4703,-0.219184,0.0836
4704,-0.220190,0.0837
4705,-0.221383,0.0841
4706,-0.221913,0.0870
4707,-0.222783,0.0852
4708,-0.223636,0.0843
4709,-0.224012,0.0844
4710,-0.224793,0.0837
4711,-0.224999,0.0838
4712,-0.225769,0.0841
4713,-0.225250,0.0837
4714,-0.226374,0.0842
4715,-0.226655,0.0853
4716,-0.225052,0.0835
4717,-0.225280,0.0860
4718,-0.225589,0.0845
4719,-0.225046,0.0851
4720,-0.226101,0.0841
4721,-0.226429,0.0837
4722,-0.226034,0.0841
4723,-0.226501,0.0834
4724,-0.224900,0.0846
4725,-0.224663,0.0840
4726,-0.223945,0.0826
4727,-0.223029,0.0841
4728,-0.222464,0.0837
4729,-0.221712,0.0834
4730,-0.222526,0.0834
4731,-0.222607,0.0828
4732,-0.224253,0.0836
4733,-0.224643,0.0835
4734,-0.226865,0.0841
4735,-0.227213,0.0835
4736,-0.227838,0.0828
4737,-0.229605,0.0828
4738,-0.229766,0.0844
4739,-0.228963,0.0837
4740,-0.225771,0.0840
4741,-0.224808,0.0831
4742,-0.222479,0.0842
4743,-0.222361,0.0835
4744,-0.222211,0.0835
4745,-0.224659,0.0835
4746,-0.226234,0.0835
4747,-0.226888,0.0835
4748,-0.228653,0.0835
4749,-0.228629,0.0835
4750,-0.229601,0.0835
4751,-0.230805,0.0835
4752,-0.232472,0.0835
4753,-0.233331,0.0834
4754,-0.233155,0.0824
4755,-0.234154,0.0834
4756,-0.234991,0.0840
4757,-0.233991,0.0835
4758,-0.236289,0.0837
4759,-0.236397,0.0841
4760,-0.236695,0.0836
4761,-0.237336,0.0835
4762,-0.235316,0.0840
4763,-0.236421,0.0842
4764,-0.238571,0.0837
4765,-0.239218,0.0834
4766,-0.238133,0.0842
4767,-0.236193,0.0839
4768,-0.237520,0.0838
4769,-0.237457,0.0835
4770,-0.238150,0.0838
4771,-0.237960,0.0840
4772,-0.237852,0.0834
4773,-0.238483,0.0835
4774,-0.237888,0.0835
4775,-0.238664,0.0838
4776,-0.238533,0.0835
4777,-0.239260,0.0835
4778,-0.237619,0.0837
4779,-0.237347,0.0835
4780,-0.237166,0.0842
4781,-0.237573,0.0835
4782,-0.238694,0.0835
4783,-0.236410,0.0828
4784,-0.235515,0.0840
4785,-0.236134,0.0838
4786,-0.236288,0.0838
4787,-0.234110,0.0840
4788,-0.234598,0.0839
4789,-0.235949,0.0846
4790,-0.236220,0.0836
4791,-0.235209,0.0837
4792,-0.234540,0.0842
4793,-0.236683,0.0846
4794,-0.235696,0.0830
4795,-0.234546,0.0841
4796,-0.234220,0.0843
4797,-0.232263,0.0830
4798,-0.231419,0.0843
4799,-0.229907,0.0828
4800,-0.230392,0.0838
4801,-0.230863,0.0838
4802,-0.230877,0.0842
4803,-0.230839,0.0835
4804,-0.231512,0.0839
4805,-0.231884,0.0842
4806,-0.229653,0.0840
4807,-0.229351,0.0840
4808,-0.229282,0.0843
4809,-0.228235,0.0841
4810,-0.229120,0.0841
4811,-0.229938,0.0842
4812,-0.230120,0.0845
4813,-0.230144,0.0846
4814,-0.230630,0.0844
4815,-0.230822,0.0840
4816,-0.232716,0.0821
4817,-0.232207,0.0840
4818,-0.233049,0.0845
4819,-0.232573,0.0840
4820,-0.232117,0.0839
4821,-0.233464,0.0840
4822,-0.234178,0.0836
4823,-0.233958,0.0838
4824,-0.232680,0.0831
4825,-0.229974,0.0829
4826,-0.228084,0.0839
4827,-0.226549,0.0830
4828,-0.226405,0.0832
4829,-0.224724,0.0832
4830,-0.221818,0.0840
4831,-0.221123,0.0838
4832,-0.220776,0.0842
4833,-0.220819,0.0841
4834,-0.219555,0.0827
4835,-0.217074,0.0845
4836,-0.217611,0.0839
4837,-0.217938,0.0841
4838,-0.217831,0.0828
4839,-0.217071,0.0837
4840,-0.216767,0.0841
4841,-0.215008,0.0846
4842,-0.212400,0.0841
4843,-0.208891,0.0837
4844,-0.209409,0.0838
4845,-0.210227,0.0838
4846,-0.211195,0.0830
4847,-0.213852,0.0840
4848,-0.217166,0.0829
4849,-0.219121,0.0839
4850,-0.220281,0.0828
4851,-0.223296,0.0839
4852,-0.224347,0.0841
4853,-0.224485,0.0840
4854,-0.225389,0.0838
4855,-0.225691,0.0829
4856,-0.225609,0.0840
4857,-0.222758,0.0846
4858,-0.221073,0.0839
4859,-0.218064,0.0842
4860,-0.215841,0.0838
4861,-0.212141,0.0838
4862,-0.210004,0.0842
4863,-0.211493,0.0840
4864,-0.212277,0.0838
4865,-0.215231,0.0830
4866,-0.216664,0.0838
4867,-0.218361,0.0847
4868,-0.217627,0.0840
4869,-0.219374,0.0841
4870,-0.220137,0.0845
4871,-0.221215,0.0846
4872,-0.223192,0.0831
4873,-0.223237,0.0842
4874,-0.225618,0.0843
4875,-0.226417,0.0842
4876,-0.227468,0.0846
4877,-0.228883,0.0831
4878,-0.229021,0.0843
4879,-0.230166,0.0831
4880,-0.230701,0.0842
4881,-0.230418,0.0846
4882,-0.230284,0.0839
4883,-0.230683,0.0840
4884,-0.230305,0.0842
4885,-0.230663,0.0841
4886,-0.229756,0.0842
4887,-0.229726,0.0830
4888,-0.228959,0.0841
4889,-0.228961,0.0828
4890,-0.227839,0.0841
4891,-0.228901,0.0846
4892,-0.229290,0.0833
4893,-0.228710,0.0842
4894,-0.229463,0.0842
4895,-0.230283,0.0847
4896,-0.228715,0.0841
4897,-0.230305,0.0842
4898,-0.231008,0.0846
4899,-0.230669,0.0840
4900,-0.231181,0.0847
4901,-0.231805,0.0831
4902,-0.233139,0.0847
4903,-0.232951,0.0845
4904,-0.231990,0.0832
4905,-0.232815,0.0847
4906,-0.233512,0.0830
4907,-0.233471,0.0840
4908,-0.232916,0.0838
4909,-0.232230,0.0832
4910,-0.232107,0.0838
4911,-0.230831,0.0843
4912,-0.230268,0.0829
4913,-0.228163,0.0829
4914,-0.225135,0.0842
4915,-0.223013,0.0831
4916,-0.221564,0.0839
4917,-0.221206,0.0833
4918,-0.220749,0.0839
4919,-0.218755,0.0838
4920,-0.218993,0.0845
4921,-0.217823,0.0846
4922,-0.216073,0.0838
4923,-0.214374,0.0839
4924,-0.213470,0.0840
4925,-0.214814,0.0840
4926,-0.216567,0.0838
4927,-0.217494,0.0841
4928,-0.216229,0.0843
4929,-0.215910,0.0848
4930,-0.214482,0.0847
4931,-0.213688,0.0843
4932,-0.214815,0.0843
4933,-0.214541,0.0842
4934,-0.216966,0.0844
4935,-0.219728,0.0841
4936,-0.222142,0.0839
4937,-0.224650,0.0833
4938,-0.227870,0.0839
4939,-0.228735,0.0841
4940,-0.232585,0.0833
4941,-0.232899,0.0848
4942,-0.234088,0.0829
4943,-0.235182,0.0848
4944,-0.235800,0.0831
4945,-0.236579,0.0840
4946,-0.237324,0.0844
4947,-0.237715,0.0841
4948,-0.238405,0.0844
4949,-0.238164,0.0841
4950,-0.238848,0.0839
4951,-0.240168,0.0841
4952,-0.240150,0.0836
4953,-0.240179,0.0842
4954,-0.239844,0.0847
4955,-0.240663,0.0843
4956,-0.239924,0.0840
4957,-0.239931,0.0843
4958,-0.240235,0.0856
4959,-0.239381,0.0847
4960,-0.238982,0.0829
4961,-0.238562,0.0832
4962,-0.238092,0.0830
4963,-0.237639,0.0831
4964,-0.236870,0.0840
4965,-0.238332,0.0843
4966,-0.237860,0.0844
4967,-0.238322,0.0840
4968,-0.239107,0.0842
4969,-0.240253,0.0844
4970,-0.239964,0.0843
4971,-0.239760,0.0841
4972,-0.239962,0.0830
4973,-0.240772,0.0839
4974,-0.240581,0.0841
4975,-0.238281,0.0845
4976,-0.237730,0.0827
4977,-0.238049,0.0832
4978,-0.238909,0.0843
4979,-0.239184,0.0841
4980,-0.238531,0.0845
4981,-0.239547,0.0845
4982,-0.239539,0.0844
4983,-0.235186,0.0842
4984,-0.226017,0.0843
4985,-0.218218,0.0842
4986,-0.207643,0.0830
4987,-0.198545,0.0844
4988,-0.189129,0.0844
4989,-0.183381,0.0845
4990,-0.179635,0.0847
4991,-0.178161,0.0844
4992,-0.176403,0.0848
4993,-0.177426,0.0846
4994,-0.179604,0.0842
4995,-0.179457,0.0844
4996,-0.181289,0.0841
4997,-0.181826,0.0859
4998,-0.183106,0.0831
4999,-0.185416,0.0848
5000,-0.186643,0.0847
5001,-0.188488,0.0844
5002,-0.189974,0.0843
5003,-0.192296,0.0845
5004,-0.194504,0.0841
5005,-0.198103,0.0848
5006,-0.201048,0.0855
5007,-0.202640,0.0842
5008,-0.205348,0.0848
5009,-0.206582,0.0829
5010,-0.209298,0.0859
5011,-0.211699,0.0860
5012,-0.212111,0.0843
5013,-0.213981,0.0843
5014,-0.213705,0.0847
5015,-0.213546,0.0843
5016,-0.215205,0.0842
5017,-0.213711,0.0841
5018,-0.214371,0.0841
5019,-0.216976,0.0842
5020,-0.219209,0.0828
5021,-0.218174,0.0840
5022,-0.219098,0.0847
5023,-0.220238,0.0845
5024,-0.218254,0.0835
5025,-0.216747,0.0841
5026,-0.217938,0.0841
5027,-0.219605,0.0841
5028,-0.222184,0.0845
5029,-0.224368,0.0846
5030,-0.222233,0.0842
5031,-0.223215,0.0860
5032,-0.225331,0.0844
5033,-0.225926,0.0846
5034,-0.224612,0.0841
5035,-0.224613,0.0844
5036,-0.227716,0.0848
5037,-0.230074,0.0846
5038,-0.228322,0.0849
5039,-0.223990,0.0847
5040,-0.222838,0.0844
5041,-0.222339,0.0849
5042,-0.223547,0.0846
5043,-0.221538,0.0845
5044,-0.219119,0.0845
5045,-0.219731,0.0849
5046,-0.218899,0.0846
5047,-0.216728,0.0871
5048,-0.213614,0.0849
5049,-0.210541,0.0872
5050,-0.211138,0.0849
5051,-0.216512,0.0844
5052,-0.215263,0.0847
5053,-0.215445,0.0849
5054,-0.215231,0.0846
5055,-0.220141,0.0845
5056,-0.216234,0.0846
5057,-0.215708,0.0844
5058,-0.218089,0.0865
5059,-0.221613,0.0845
5060,-0.225996,0.0844
5061,-0.227885,0.0844
5062,-0.223058,0.0852
5063,-0.221700,0.0845
5064,-0.223153,0.0845
5065,-0.220378,0.0849
5066,-0.222197,0.0844
5067,-0.225429,0.0850
5068,-0.228059,0.0849
5069,-0.233701,0.0845
5070,-0.227450,0.0844
5071,-0.224850,0.0843
5072,-0.223902,0.0845
5073,-0.221357,0.0843
5074,-0.220829,0.0846
5075,-0.221977,0.0852
5076,-0.223076,0.0852
5077,-0.225813,0.0855
5078,-0.229877,0.0844
5079,-0.233659,0.0845
5080,-0.234558,0.0846
5081,-0.233311,0.0850
5082,-0.232081,0.0848
5083,-0.231711,0.0849
5084,-0.235080,0.0845
5085,-0.239553,0.0873
5086,-0.236776,0.0844
5087,-0.236615,0.0843
5088,-0.237020,0.0845
5089,-0.232533,0.0845
5090,-0.231748,0.0847
5091,-0.232169,0.0858
5092,-0.232656,0.0844
5093,-0.231575,0.0851
5094,-0.231812,0.0846
5095,-0.232566,0.0848
5096,-0.232894,0.0877
5097,-0.235933,0.0845
5098,-0.238011,0.0841
5099,-0.241372,0.0862
5100,-0.240080,0.0846
5101,-0.236948,0.0877
5102,-0.235909,0.0843
5103,-0.234771,0.0847
5104,-0.233738,0.0864
5105,-0.232633,0.0844
5106,-0.233161,0.0845
5107,-0.233527,0.0846
5108,-0.231589,0.0858
5109,-0.231565,0.0849
5110,-0.231750,0.0869
5111,-0.225970,0.0854
5112,-0.224424,0.0849
5113,-0.223412,0.0864
5114,-0.226008,0.0868
5115,-0.225413,0.0849
5116,-0.225037,0.0850
5117,-0.227495,0.0866
5118,-0.230750,0.0849
5119,-0.231086,0.0873
5120,-0.232918,0.0863
5121,-0.234406,0.0844
5122,-0.233912,0.0860
5123,-0.232799,0.0866
5124,-0.230293,0.0890
5125,-0.230736,0.0877
5126,-0.229676,0.0877
5127,-0.229924,0.0878
5128,-0.231061,0.0875
5129,-0.231120,0.0876
5130,-0.231915,0.0878
5131,-0.231509,0.0877
5132,-0.228938,0.0879
5133,-0.228036,0.0878
5134,-0.228416,0.0877
5135,-0.229318,0.0872
5136,-0.230247,0.0854
5137,-0.229396,0.0873
5138,-0.231023,0.0872
5139,-0.229990,0.0883
5140,-0.228170,0.0873
5141,-0.227353,0.0884
5142,-0.224105,0.0897
5143,-0.223380,0.0875
5144,-0.222823,0.0899
5145,-0.222976,0.0875
5146,-0.223765,0.0885
5147,-0.225387,0.0886
5148,-0.226142,0.0875
5149,-0.229710,0.0886
5150,-0.232193,0.0896
5151,-0.233310,0.0887
5152,-0.234452,0.0883
5153,-0.237322,0.0884
5154,-0.236564,0.0900
5155,-0.234244,0.0886
5156,-0.234211,0.0886
5157,-0.234827,0.0877
5158,-0.236382,0.0885
5159,-0.236207,0.0884
5160,-0.235973,0.0886
5161,-0.237156,0.0877
5162,-0.236418,0.0876
5163,-0.238400,0.0887
5164,-0.235133,0.0900
5165,-0.232566,0.0887
5166,-0.229007,0.0876
5167,-0.223666,0.0899
5168,-0.219640,0.0900
5169,-0.213914,0.0884
5170,-0.211009,0.0884
5171,-0.208980,0.0884
5172,-0.207878,0.0886
5173,-0.207954,0.0887
5174,-0.209056,0.0883
5175,-0.207850,0.0884
5176,-0.209752,0.0876
5177,-0.208350,0.0901
5178,-0.208452,0.0883
5179,-0.208885,0.0887
5180,-0.207792,0.0886
5181,-0.209567,0.0887
5182,-0.210134,0.0886
5183,-0.210001,0.0887
5184,-0.211617,0.0876
5185,-0.214752,0.0878
5186,-0.217546,0.0887
5187,-0.217813,0.0901
5188,-0.218502,0.0884
5189,-0.220917,0.0884
5190,-0.219200,0.0877
5191,-0.218056,0.0861
5192,-0.216099,0.0860
5193,-0.217720,0.0888
5194,-0.219020,0.0901
5195,-0.220298,0.0877
5196,-0.222827,0.0887
5197,-0.222183,0.0888
5198,-0.221301,0.0877
5199,-0.222128,0.0902
5200,-0.222430,0.0901
5201,-0.222015,0.0878
5202,-0.224861,0.0887
5203,-0.224943,0.0878
5204,-0.226849,0.0884
5205,-0.225506,0.0888
5206,-0.223259,0.0887
5207,-0.222047,0.0888
5208,-0.222689,0.0884
5209,-0.222929,0.0878
5210,-0.223292,0.0887
5211,-0.217514,0.0878
5212,-0.214375,0.0877
5213,-0.212297,0.0885
5214,-0.211253,0.0884
5215,-0.214102,0.0878
5216,-0.215539,0.0877
5217,-0.218310,0.0878
5218,-0.220307,0.0877
5219,-0.218155,0.0878
5220,-0.211984,0.0877
5221,-0.205103,0.0903
5222,-0.199541,0.0877
5223,-0.189671,0.0902
5224,-0.182363,0.0901
5225,-0.177314,0.0861
5226,-0.172999,0.0883
5227,-0.170947,0.0878
5228,-0.171202,0.0884
5229,-0.171034,0.0902
5230,-0.173636,0.0884
5231,-0.177000,0.0878
5232,-0.181024,0.0877
5233,-0.184311,0.0885
5234,-0.185935,0.0877
5235,-0.189318,0.0896
5236,-0.191213,0.0887
5237,-0.194734,0.0903
5238,-0.196445,0.0877
5239,-0.199343,0.0885
5240,-0.201895,0.0887
5241,-0.204240,0.0887
5242,-0.207421,0.0884
5243,-0.204691,0.0902
5244,-0.206291,0.0877
5245,-0.207748,0.0877
5246,-0.209498,0.0884
5247,-0.211357,0.0887
5248,-0.214335,0.0894
5249,-0.213956,0.0901
5250,-0.215252,0.0887
5251,-0.217200,0.0887
5252,-0.220173,0.0876
5253,-0.223216,0.0885
5254,-0.223370,0.0884
5255,-0.225536,0.0887
5256,-0.225252,0.0887
5257,-0.226579,0.0885
5258,-0.226554,0.0895
5259,-0.229284,0.0887
5260,-0.230565,0.0884
5261,-0.230795,0.0878
5262,-0.230658,0.0883
5263,-0.230333,0.0878
5264,-0.232224,0.0884
5265,-0.233495,0.0887
5266,-0.233209,0.0886
5267,-0.232823,0.0877
5268,-0.231426,0.0876
5269,-0.231916,0.0884
5270,-0.229639,0.0883
5271,-0.228707,0.0887
5272,-0.229196,0.0877
5273,-0.229176,0.0884
5274,-0.230730,0.0877
5275,-0.232231,0.0885
5276,-0.234114,0.0901
5277,-0.235216,0.0888
5278,-0.232481,0.0887
5279,-0.229802,0.0888
5280,-0.224092,0.0887
5281,-0.219670,0.0885
5282,-0.216439,0.0884
5283,-0.213813,0.0885
5284,-0.211436,0.0884
5285,-0.211025,0.0888
5286,-0.210228,0.0901
5287,-0.211892,0.0878
5288,-0.213849,0.0887
5289,-0.215841,0.0878
5290,-0.216479,0.0876
5291,-0.222112,0.0888
5292,-0.223633,0.0877
5293,-0.225412,0.0888
5294,-0.227084,0.0859
5295,-0.230260,0.0885
5296,-0.231584,0.0884
5297,-0.232289,0.0878
5298,-0.233965,0.0885
5299,-0.234429,0.0878
5300,-0.234633,0.0884
5301,-0.236321,0.0889
5302,-0.237548,0.0877
5303,-0.239656,0.0902
5304,-0.241409,0.0887
5305,-0.242646,0.0885
5306,-0.242846,0.0877
5307,-0.243732,0.0885
5308,-0.244508,0.0887
5309,-0.245507,0.0889
5310,-0.246485,0.0887
5311,-0.246784,0.0903
5312,-0.247613,0.0887
5313,-0.247741,0.0901
5314,-0.248573,0.0895
5315,-0.249455,0.0904
5316,-0.248384,0.0887
5317,-0.249934,0.0903
5318,-0.250728,0.0878
5319,-0.250787,0.0886
5320,-0.250028,0.0903
5321,-0.250368,0.0897
5322,-0.249666,0.0885
5323,-0.249932,0.0889
5324,-0.251128,0.0903
5325,-0.250773,0.0886
5326,-0.251243,0.0888
5327,-0.249502,0.0880
5328,-0.250163,0.0886
5329,-0.250904,0.0890
5330,-0.250980,0.0889
5331,-0.250712,0.0905
5332,-0.249999,0.0889
5333,-0.250500,0.0887
5334,-0.250673,0.0886
5335,-0.251350,0.0887
5336,-0.250372,0.0879
5337,-0.252380,0.0888
5338,-0.252940,0.0862
5339,-0.253389,0.0906
5340,-0.253987,0.0890
5341,-0.254147,0.0888
5342,-0.253257,0.0905
5343,-0.252127,0.0881
5344,-0.252687,0.0880
5345,-0.252576,0.0888
5346,-0.252635,0.0891
5347,-0.251060,0.0864
5348,-0.252275,0.0890
5349,-0.252521,0.0891
5350,-0.252556,0.0905
5351,-0.251821,0.0882
5352,-0.252077,0.0906
5353,-0.251542,0.0882
5354,-0.251715,0.0906
5355,-0.251803,0.0882
5356,-0.251635,0.0891
5357,-0.251486,0.0892
5358,-0.250419,0.0906
5359,-0.250985,0.0893
5360,-0.250497,0.0881
5361,-0.250009,0.0889
5362,-0.247709,0.0892
5363,-0.249277,0.0893
5364,-0.248943,0.0908
5365,-0.248433,0.0890
5366,-0.248688,0.0893
5367,-0.248791,0.0893
5368,-0.250167,0.0893
5369,-0.250106,0.0883
5370,-0.251310,0.0890
5371,-0.252685,0.0894
5372,-0.253146,0.0908
5373,-0.254005,0.0902
5374,-0.253050,0.0890
5375,-0.254311,0.0891
5376,-0.254114,0.0884
5377,-0.252941,0.0884
5378,-0.253260,0.0894
5379,-0.252485,0.0884
5380,-0.252724,0.0883
5381,-0.253499,0.0884
5382,-0.252695,0.0884
5383,-0.253778,0.0885
5384,-0.254411,0.0895
5385,-0.254926,0.0885
5386,-0.256531,0.0910
5387,-0.254536,0.0885
5388,-0.256087,0.0895
5389,-0.256190,0.0896
5390,-0.254990,0.0892
5391,-0.255851,0.0912
5392,-0.256909,0.0885
5393,-0.256144,0.0886
5394,-0.255995,0.0893
5395,-0.255431,0.0894
5396,-0.255462,0.0894
5397,-0.255576,0.0894
5398,-0.254510,0.0893
5399,-0.254122,0.0913
5400,-0.253404,0.0912
5401,-0.253851,0.0897
5402,-0.253510,0.0886
5403,-0.253103,0.0894
5404,-0.252319,0.0894
5405,-0.251176,0.0897
5406,-0.251820,0.0897
5407,-0.252031,0.0897
5408,-0.252940,0.0886
5409,-0.253449,0.0887
5410,-0.253303,0.0886
5411,-0.254715,0.0913
5412,-0.254752,0.0897
5413,-0.255556,0.0887
5414,-0.255107,0.0897
5415,-0.256206,0.0888
5416,-0.256445,0.0895
5417,-0.256046,0.0895
5418,-0.256339,0.0868
5419,-0.255235,0.0888
5420,-0.254456,0.0888
5421,-0.257146,0.0915
5422,-0.257596,0.0895
5423,-0.258413,0.0914
5424,-0.258010,0.0899
5425,-0.258204,0.0889
5426,-0.258444,0.0912
5427,-0.257789,0.0900
5428,-0.256708,0.0896
5429,-0.256479,0.0900
5430,-0.256410,0.0888
5431,-0.256714,0.0889
5432,-0.256002,0.0915
5433,-0.254858,0.0900
5434,-0.254986,0.0899
5435,-0.255699,0.0913
5436,-0.254447,0.0914
5437,-0.255172,0.0889
5438,-0.255317,0.0913
5439,-0.254526,0.0916
5440,-0.255743,0.0896
5441,-0.255567,0.0889
5442,-0.255493,0.0896
5443,-0.254942,0.0916
5444,-0.254381,0.0897
5445,-0.254412,0.0890
5446,-0.254253,0.0900
5447,-0.254436,0.0916
5448,-0.254649,0.0897
5449,-0.254998,0.0917
5450,-0.254553,0.0897
5451,-0.254437,0.0898
5452,-0.255375,0.0900
5453,-0.254681,0.0890
5454,-0.255972,0.0889
5455,-0.256714,0.0891
5456,-0.256516,0.0916
5457,-0.255986,0.0899
5458,-0.256175,0.0901
5459,-0.257426,0.0898
5460,-0.258572,0.0897
5461,-0.258812,0.0891
5462,-0.257684,0.0890
5463,-0.259048,0.0918
5464,-0.258811,0.0901
5465,-0.259211,0.0899
5466,-0.260101,0.0917
5467,-0.260074,0.0916
5468,-0.259737,0.0890
5469,-0.259892,0.0899
5470,-0.259371,0.0898
5471,-0.259042,0.0899
5472,-0.258621,0.0901
5473,-0.260318,0.0892
5474,-0.260653,0.0898
5475,-0.260975,0.0899
5476,-0.260696,0.0902
5477,-0.260598,0.0918
5478,-0.260754,0.0918
5479,-0.261258,0.0900
5480,-0.261843,0.0902
5481,-0.262230,0.0903
5482,-0.261307,0.0902
5483,-0.261936,0.0903
5484,-0.261237,0.0918
5485,-0.261447,0.0904
5486,-0.261518,0.0899
5487,-0.261982,0.0903
5488,-0.262431,0.0899
5489,-0.262376,0.0919
5490,-0.262701,0.0918
5491,-0.261503,0.0900
5492,-0.262124,0.0902
5493,-0.260837,0.0903
5494,-0.260205,0.0919
5495,-0.260956,0.0900
5496,-0.260954,0.0902
5497,-0.259089,0.0919
5498,-0.260254,0.0914
5499,-0.259295,0.0920
5500,-0.257958,0.0899
5501,-0.259595,0.0893
5502,-0.260171,0.0873
5503,-0.261183,0.0900
5504,-0.261220,0.0918
5505,-0.260048,0.0917
5506,-0.260625,0.0918
5507,-0.260420,0.0893
5508,-0.259142,0.0903
5509,-0.258351,0.0919
5510,-0.259651,0.0903
5511,-0.261240,0.0920
5512,-0.261339,0.0919
5513,-0.260926,0.0900
5514,-0.259003,0.0902
5515,-0.258053,0.0903
5516,-0.257607,0.0892
5517,-0.258108,0.0903
5518,-0.258284,0.0919
5519,-0.259667,0.0900
5520,-0.259840,0.0900
5521,-0.260627,0.0904
5522,-0.259483,0.0892
5523,-0.257922,0.0903
5524,-0.259355,0.0919
5525,-0.259842,0.0900
5526,-0.259503,0.0900
5527,-0.260035,0.0894
5528,-0.259215,0.0891
5529,-0.260464,0.0887
5530,-0.259995,0.0892
5531,-0.260776,0.0900
5532,-0.261428,0.0892
5533,-0.260541,0.0920
5534,-0.262419,0.0892
5535,-0.261425,0.0919
5536,-0.261457,0.0903
5537,-0.261180,0.0904
5538,-0.261816,0.0919
5539,-0.261147,0.0919
5540,-0.261401,0.0903
5541,-0.261375,0.0920
5542,-0.261445,0.0900
5543,-0.260599,0.0904
5544,-0.261232,0.0919
5545,-0.261056,0.0904
5546,-0.261452,0.0892
5547,-0.261271,0.0904
5548,-0.260610,0.0919
5549,-0.260594,0.0874
5550,-0.260102,0.0919
5551,-0.260302,0.0904
5552,-0.260581,0.0892
5553,-0.261125,0.0904
5554,-0.261088,0.0903
5555,-0.262336,0.0901
5556,-0.263516,0.0892
5557,-0.262363,0.0920
5558,-0.261525,0.0903
5559,-0.261844,0.0901
5560,-0.262372,0.0874
5561,-0.261965,0.0904
5562,-0.262695,0.0900
5563,-0.262618,0.0901
5564,-0.261764,0.0892
5565,-0.262329,0.0904
5566,-0.262062,0.0919
5567,-0.263799,0.0904
5568,-0.263600,0.0900
5569,-0.262419,0.0904
5570,-0.262001,0.0904
5571,-0.262382,0.0900
5572,-0.262813,0.0920
5573,-0.263062,0.0904
5574,-0.262710,0.0874
5575,-0.263131,0.0921
5576,-0.263401,0.0920
5577,-0.263924,0.0905
5578,-0.263652,0.0904
5579,-0.264284,0.0902
5580,-0.264425,0.0919
5581,-0.263330,0.0901
5582,-0.262635,0.0920
5583,-0.262261,0.0894
5584,-0.262319,0.0904
5585,-0.261885,0.0875
5586,-0.261741,0.0873
5587,-0.261090,0.0905
5588,-0.261747,0.0900
5589,-0.262524,0.0894
5590,-0.263029,0.0900
5591,-0.263623,0.0893
5592,-0.263575,0.0919
5593,-0.263596,0.0904
5594,-0.264554,0.0919
5595,-0.262366,0.0894
5596,-0.261811,0.0920
5597,-0.261687,0.0914
5598,-0.261768,0.0892
5599,-0.260724,0.0894
5600,-0.260865,0.0900
5601,-0.260624,0.0893
5602,-0.262353,0.0920
5603,-0.262987,0.0905
5604,-0.263185,0.0892
5605,-0.265522,0.0894
5606,-0.263609,0.0917
5607,-0.264157,0.0921
5608,-0.265291,0.0892
5609,-0.265141,0.0911
5610,-0.264758,0.0901
5611,-0.265236,0.0894
5612,-0.266427,0.0919
5613,-0.266194,0.0905
5614,-0.265534,0.0893
5615,-0.264978,0.0920
5616,-0.264527,0.0904
5617,-0.263725,0.0921
5618,-0.263059,0.0874
5619,-0.265093,0.0905
5620,-0.264331,0.0893
5621,-0.264486,0.0902
5622,-0.265221,0.0904
5623,-0.265209,0.0906
5624,-0.265476,0.0912
5625,-0.264315,0.0905
5626,-0.264190,0.0920
5627,-0.264412,0.0905
5628,-0.264833,0.0893
5629,-0.264221,0.0922
5630,-0.264803,0.0893
5631,-0.264426,0.0902
5632,-0.263497,0.0904
5633,-0.263483,0.0875
5634,-0.262789,0.0874
5635,-0.263781,0.0902
5636,-0.263863,0.0905
5637,-0.263879,0.0902
5638,-0.264472,0.0921
5639,-0.264586,0.0905
5640,-0.264796,0.0894
5641,-0.265582,0.0906
5642,-0.264891,0.0905
5643,-0.265054,0.0902
5644,-0.264633,0.0894
5645,-0.264399,0.0921
5646,-0.262846,0.0901
5647,-0.263802,0.0905
5648,-0.263758,0.0901
5649,-0.264634,0.0902
5650,-0.264967,0.0902
5651,-0.264500,0.0906
5652,-0.263530,0.0894
5653,-0.264204,0.0923
5654,-0.264318,0.0921
5655,-0.264536,0.0902
5656,-0.263370,0.0915
5657,-0.263428,0.0875
5658,-0.262980,0.0894
5659,-0.263604,0.0921
5660,-0.264803,0.0905
5661,-0.264768,0.0895
5662,-0.266785,0.0901
5663,-0.266018,0.0902
5664,-0.265740,0.0875
5665,-0.265251,0.0906
5666,-0.265203,0.0875
5667,-0.266177,0.0906
5668,-0.266398,0.0920
5669,-0.265579,0.0875
5670,-0.265269,0.0901
5671,-0.266339,0.0906
5672,-0.265495,0.0894
5673,-0.265530,0.0906
5674,-0.265640,0.0894
5675,-0.264752,0.0906
5676,-0.263035,0.0902
5677,-0.265708,0.0906
5678,-0.265898,0.0905
5679,-0.266068,0.0923
5680,-0.265661,0.0901
5681,-0.266060,0.0922
5682,-0.265995,0.0921
5683,-0.264848,0.0922
5684,-0.264789,0.0906
5685,-0.263306,0.0922
5686,-0.262705,0.0905
5687,-0.262648,0.0876
5688,-0.263334,0.0905
5689,-0.263426,0.0920
5690,-0.264355,0.0921
5691,-0.264415,0.0903
5692,-0.264872,0.0894
5693,-0.264268,0.0895
5694,-0.265488,0.0875
5695,-0.265243,0.0903
5696,-0.264607,0.0906
5697,-0.264228,0.0923
5698,-0.263627,0.0923
5699,-0.263589,0.0903
5700,-0.263064,0.0895
5701,-0.264333,0.0907
5702,-0.264442,0.0895
5703,-0.264883,0.0895
5704,-0.264631,0.0906
5705,-0.265637,0.0907
5706,-0.265493,0.0903
5707,-0.265486,0.0895
5708,-0.265626,0.0906
5709,-0.264588,0.0877
5710,-0.264990,0.0923
5711,-0.264785,0.0907
5712,-0.264555,0.0906
5713,-0.265105,0.0876
5714,-0.265334,0.0906
5715,-0.263778,0.0896
5716,-0.264791,0.0920
5717,-0.263463,0.0908
5718,-0.263765,0.0895
5719,-0.263196,0.0896
5720,-0.263383,0.0923
5721,-0.262309,0.0904
5722,-0.264376,0.0907
5723,-0.264035,0.0897
5724,-0.263479,0.0923
5725,-0.263425,0.0919
5726,-0.263722,0.0877
5727,-0.265031,0.0908
5728,-0.264608,0.0895
5729,-0.264121,0.0897
5730,-0.264841,0.0895
5731,-0.264349,0.0896
5732,-0.264284,0.0923
5733,-0.264332,0.0924
5734,-0.264176,0.0923
5735,-0.264243,0.0904
5736,-0.264027,0.0895
5737,-0.263778,0.0905
5738,-0.264907,0.0913
5739,-0.265385,0.0923
5740,-0.265772,0.0903
5741,-0.265573,0.0907
5742,-0.265833,0.0903
5743,-0.265010,0.0896
5744,-0.265215,0.0903
5745,-0.265559,0.0896
5746,-0.264833,0.0903
5747,-0.264066,0.0896
5748,-0.263879,0.0888
5749,-0.263391,0.0908
5750,-0.263748,0.0924
5751,-0.264394,0.0925
5752,-0.263708,0.0909
5753,-0.263162,0.0925
5754,-0.263438,0.0924
5755,-0.262563,0.0897
5756,-0.262687,0.0924
5757,-0.261869,0.0925
5758,-0.262396,0.0896
5759,-0.263572,0.0925
5760,-0.263737,0.0904
5761,-0.263443,0.0878
5762,-0.263676,0.0904
5763,-0.263826,0.0897
5764,-0.264192,0.0904
5765,-0.262916,0.0909
5766,-0.263532,0.0907
5767,-0.263067,0.0908
5768,-0.263212,0.0904
5769,-0.264436,0.0906
5770,-0.266259,0.0907
5771,-0.266651,0.0926
5772,-0.266075,0.0904
5773,-0.266286,0.0905
5774,-0.266447,0.0904
5775,-0.266633,0.0905
5776,-0.265903,0.0896
5777,-0.266142,0.0925
5778,-0.265400,0.0924
5779,-0.264393,0.0905
5780,-0.264390,0.0896
5781,-0.263299,0.0908
5782,-0.261706,0.0904
5783,-0.261532,0.0905
5784,-0.259319,0.0904
5785,-0.259254,0.0897
5786,-0.258240,0.0904
5787,-0.259142,0.0908
5788,-0.257787,0.0924
5789,-0.259972,0.0898
5790,-0.260125,0.0896
5791,-0.261649,0.0906
5792,-0.263088,0.0908
5793,-0.263550,0.0906
5794,-0.265098,0.0908
5795,-0.264768,0.0898
5796,-0.264520,0.0897
5797,-0.266743,0.0926
5798,-0.267129,0.0897
5799,-0.267358,0.0906
5800,-0.268637,0.0897
5801,-0.268263,0.0909
5802,-0.268516,0.0908
5803,-0.268484,0.0910
5804,-0.269430,0.0908
5805,-0.270070,0.0907
5806,-0.270116,0.0925
5807,-0.270541,0.0910
5808,-0.270169,0.0905
5809,-0.270942,0.0910
5810,-0.269323,0.0905
5811,-0.269099,0.0924
5812,-0.269102,0.0909
5813,-0.268827,0.0906
5814,-0.268802,0.0878
5815,-0.268322,0.0907
5816,-0.269113,0.0906
5817,-0.268307,0.0907
5818,-0.268065,0.0898
5819,-0.268432,0.0880
5820,-0.267152,0.0926
5821,-0.266863,0.0907
5822,-0.267403,0.0878
5823,-0.267847,0.0899
5824,-0.267044,0.0926
5825,-0.266182,0.0911
5826,-0.266581,0.0906
5827,-0.267307,0.0908
5828,-0.267006,0.0906
5829,-0.266740,0.0911
5830,-0.265983,0.0926
5831,-0.266780,0.0911
5832,-0.266195,0.0926
5833,-0.265886,0.0900
5834,-0.266665,0.0909
5835,-0.268362,0.0911
5836,-0.268686,0.0910
5837,-0.267870,0.0900
5838,-0.268566,0.0927
5839,-0.268906,0.0911
5840,-0.268620,0.0910
5841,-0.268816,0.0911
5842,-0.267182,0.0906
5843,-0.266069,0.0928
5844,-0.265151,0.0926
5845,-0.263551,0.0900
5846,-0.263226,0.0899
5847,-0.263083,0.0911
5848,-0.261370,0.0927
5849,-0.261029,0.0911
5850,-0.261133,0.0906
5851,-0.261105,0.0900
5852,-0.260544,0.0899
5853,-0.259689,0.0911
5854,-0.259248,0.0879
5855,-0.259119,0.0911
5856,-0.258483,0.0927
5857,-0.258350,0.0900
5858,-0.257038,0.0926
5859,-0.257296,0.0908
5860,-0.258577,0.0879
5861,-0.258898,0.0900
5862,-0.259036,0.0907
5863,-0.260083,0.0881
5864,-0.260657,0.0910
5865,-0.261606,0.0920
5866,-0.261152,0.0910
5867,-0.261135,0.0900
5868,-0.261496,0.0910
5869,-0.262323,0.0928
5870,-0.262528,0.0927
5871,-0.262399,0.0928
5872,-0.262818,0.0898
5873,-0.262072,0.0911
5874,-0.262659,0.0907
5875,-0.262785,0.0928
5876,-0.262976,0.0899
5877,-0.262977,0.0908
5878,-0.263426,0.0910
5879,-0.264147,0.0928
5880,-0.264500,0.0899
5881,-0.264036,0.0928
5882,-0.264001,0.0910
5883,-0.264633,0.0928
5884,-0.265281,0.0899
5885,-0.264062,0.0912
5886,-0.265779,0.0927
5887,-0.265363,0.0909
5888,-0.266056,0.0908
5889,-0.266374,0.0901
5890,-0.266779,0.0899
5891,-0.266785,0.0909
5892,-0.266097,0.0911
5893,-0.267322,0.0910
5894,-0.267761,0.0907
5895,-0.266516,0.0912
5896,-0.266537,0.0900
5897,-0.266903,0.0913
5898,-0.266879,0.0912
5899,-0.266485,0.0913
5900,-0.267501,0.0912
5901,-0.267350,0.0901
5902,-0.266851,0.0912
5903,-0.267353,0.0910
5904,-0.265968,0.0901
5905,-0.265826,0.0914
5906,-0.266360,0.0909
5907,-0.266157,0.0910
5908,-0.266771,0.0901
5909,-0.266911,0.0910
5910,-0.265888,0.0901
5911,-0.265889,0.0902
5912,-0.266348,0.0931
5913,-0.265550,0.0931
5914,-0.266149,0.0909
5915,-0.265792,0.0915
5916,-0.265715,0.0902
5917,-0.265303,0.0903
5918,-0.265141,0.0902
5919,-0.266055,0.0882
5920,-0.265437,0.0882
5921,-0.265827,0.0903
5922,-0.265579,0.0914
5923,-0.264663,0.0915
5924,-0.265427,0.0929
5925,-0.265967,0.0932
5926,-0.265743,0.0911
5927,-0.265928,0.0934
5928,-0.266666,0.0914
5929,-0.267018,0.0916
5930,-0.266273,0.0911
5931,-0.266417,0.0884
5932,-0.266447,0.0903
5933,-0.266141,0.0913
5934,-0.267282,0.0903
5935,-0.267921,0.0925
5936,-0.268012,0.0932
5937,-0.268340,0.0932
5938,-0.268603,0.0914
5939,-0.269161,0.0912
5940,-0.268261,0.0912
5941,-0.268933,0.0916
5942,-0.268383,0.0903
5943,-0.268899,0.0904
5944,-0.268050,0.0904
5945,-0.267818,0.0933
5946,-0.267752,0.0904
5947,-0.267793,0.0912
5948,-0.268055,0.0915
5949,-0.268206,0.0904
5950,-0.268248,0.0915
5951,-0.267891,0.0916
5952,-0.265908,0.0932
5953,-0.265966,0.0916
5954,-0.266960,0.0903
5955,-0.267957,0.0912
5956,-0.267244,0.0915
5957,-0.267046,0.0916
5958,-0.267571,0.0915
5959,-0.269048,0.0905
5960,-0.268538,0.0933
5961,-0.267844,0.0905
5962,-0.268345,0.0933
5963,-0.268969,0.0913
5964,-0.269999,0.0932
5965,-0.269961,0.0905
5966,-0.269130,0.0915
5967,-0.269814,0.0916
5968,-0.269351,0.0904
5969,-0.270166,0.0916
5970,-0.269178,0.0916
5971,-0.269653,0.0913
5972,-0.269605,0.0915
5973,-0.270016,0.0917
5974,-0.270161,0.0904
5975,-0.270320,0.0914
5976,-0.270138,0.0924
5977,-0.269675,0.0935
5978,-0.270460,0.0915
5979,-0.270541,0.0908
5980,-0.270840,0.0901
5981,-0.271470,0.0908
5982,-0.270764,0.0914
5983,-0.271067,0.0917
5984,-0.271102,0.0912
5985,-0.269938,0.0917
5986,-0.270710,0.0905
5987,-0.270223,0.0921
5988,-0.270732,0.0905
5989,-0.271578,0.0918
5990,-0.271933,0.0916
5991,-0.271492,0.0922
5992,-0.270726,0.0905
5993,-0.270974,0.0917
5994,-0.271074,0.0916
5995,-0.271834,0.0915
5996,-0.271033,0.0907
5997,-0.269967,0.0925
5998,-0.269136,0.0905
5999,-0.268736,0.0918
6000,-0.267067,0.0927
