epoch,loss,tiempo_s
1,4.399328,0.2393
2,3.587434,0.0095
3,3.278636,0.0092
4,3.088764,0.0092
5,2.953916,0.0092
6,2.851650,0.0094
7,2.767843,0.0096
8,2.699182,0.0097
9,2.639171,0.0074
10,2.584108,0.0059
11,2.533176,0.0055
12,2.488555,0.0055
13,2.446002,0.0061
14,2.406878,0.0113
15,2.370821,0.0094
16,2.337263,0.0094
17,2.303053,0.0081
18,2.272752,0.0095
19,2.242993,0.0095
20,2.212229,0.0081
21,2.187798,0.0081
22,2.163740,0.0094
23,2.139387,0.0095
24,2.116775,0.0081
25,2.096682,0.0082
26,2.073543,0.0081
27,2.046503,0.0082
28,2.026576,0.0095
29,2.003872,0.0095
30,1.982532,0.0082
31,1.960978,0.0082
32,1.942365,0.0096
33,1.923534,0.0082
34,1.906093,0.0096
35,1.887311,0.0081
36,1.868724,0.0095
37,1.852443,0.0071
38,1.838364,0.0074
39,1.823279,0.0054
40,1.808867,0.0089
41,1.795215,0.0098
42,1.780772,0.0081
43,1.767209,0.0081
44,1.752137,0.0095
45,1.739209,0.0095
46,1.724618,0.0081
47,1.711917,0.0084
48,1.698259,0.0058
49,1.685428,0.0055
50,1.673249,0.0054
51,1.662278,0.0061
52,1.650242,0.0112
53,1.636411,0.0080
54,1.627522,0.0093
55,1.615746,0.0081
56,1.607043,0.0081
57,1.599792,0.0082
58,1.591127,0.0082
59,1.581276,0.0082
60,1.569822,0.0097
61,1.559726,0.0095
62,1.549471,0.0081
63,1.539017,0.0081
64,1.530897,0.0082
65,1.524276,0.0095
66,1.515740,0.0081
67,1.511153,0.0095
68,1.501442,0.0095
69,1.495578,0.0095
70,1.490306,0.0081
71,1.482676,0.0082
72,1.475050,0.0082
73,1.467466,0.0082
74,1.458493,0.0096
75,1.449521,0.0095
76,1.442488,0.0095
77,1.436773,0.0095
78,1.432039,0.0081
79,1.426198,0.0095
80,1.417914,0.0095
81,1.411914,0.0095
82,1.404187,0.0095
83,1.400184,0.0074
84,1.394248,0.0056
85,1.388093,0.0055
86,1.380191,0.0055
87,1.372000,0.0061
88,1.366310,0.0078
89,1.359011,0.0059
90,1.354898,0.0083
91,1.351815,0.0094
92,1.346673,0.0080
93,1.342003,0.0080
94,1.335686,0.0095
95,1.331129,0.0081
96,1.328182,0.0095
97,1.325815,0.0095
98,1.321389,0.0082
99,1.317970,0.0095
100,1.314521,0.0096
101,1.309927,0.0096
102,1.306898,0.0082
103,1.304959,0.0096
104,1.303221,0.0096
105,1.298942,0.0096
106,1.294274,0.0095
107,1.291240,0.0095
108,1.287732,0.0096
109,1.285493,0.0095
110,1.281176,0.0096
111,1.275910,0.0082
112,1.272948,0.0082
113,1.271212,0.0082
114,1.267153,0.0095
115,1.263493,0.0095
116,1.261111,0.0095
117,1.259500,0.0095
118,1.257462,0.0082
119,1.255138,0.0086
120,1.251951,0.0058
121,1.248387,0.0055
122,1.245281,0.0055
123,1.242221,0.0055
124,1.239832,0.0104
125,1.237908,0.0094
126,1.234983,0.0081
127,1.232968,0.0094
128,1.229064,0.0096
129,1.225925,0.0081
130,1.223151,0.0081
131,1.220786,0.0085
132,1.216984,0.0074
133,1.214731,0.0055
134,1.210210,0.0087
135,1.209822,0.0097
136,1.208323,0.0095
137,1.205617,0.0095
138,1.203434,0.0095
139,1.201250,0.0081
140,1.197857,0.0082
141,1.195330,0.0082
142,1.192190,0.0082
143,1.190468,0.0100
144,1.187761,0.0095
145,1.183705,0.0095
146,1.180891,0.0095
147,1.180023,0.0096
148,1.178197,0.0095
149,1.176105,0.0082
150,1.174120,0.0082
151,1.174215,0.0082
152,1.172689,0.0097
153,1.171386,0.0096
154,1.169592,0.0096
155,1.169426,0.0082
156,1.170015,0.0086
157,1.168949,0.0058
158,1.166212,0.0055
159,1.164129,0.0055
160,1.162366,0.0055
161,1.160278,0.0115
162,1.158071,0.0093
163,1.156866,0.0094
164,1.155152,0.0095
165,1.153808,0.0095
166,1.152450,0.0082
167,1.150873,0.0095
168,1.148231,0.0096
169,1.145101,0.0096
170,1.144108,0.0082
171,1.142052,0.0097
172,1.138743,0.0096
173,1.135926,0.0097
174,1.133577,0.0086
175,1.131854,0.0075
176,1.129529,0.0055
177,1.128758,0.0088
178,1.126788,0.0098
179,1.125320,0.0095
180,1.123245,0.0067
181,1.120637,0.0094
182,1.119156,0.0082
183,1.116960,0.0096
184,1.114755,0.0096
185,1.111190,0.0096
186,1.109775,0.0097
187,1.110419,0.0083
188,1.108674,0.0083
189,1.107441,0.0097
190,1.105436,0.0097
191,1.103671,0.0097
192,1.103086,0.0061
193,1.102805,0.0055
194,1.102425,0.0055
195,1.104089,0.0055
196,1.103221,0.0084
197,1.102825,0.0100
198,1.103264,0.0081
199,1.103537,0.0083
200,1.102142,0.0095
201,1.099757,0.0095
202,1.100959,0.0082
203,1.101720,0.0082
204,1.101625,0.0096
205,1.101076,0.0096
206,1.099621,0.0096
207,1.097246,0.0096
208,1.096037,0.0098
209,1.095552,0.0096
210,1.096167,0.0096
211,1.094647,0.0096
212,1.093717,0.0096
213,1.092906,0.0096
214,1.092309,0.0095
215,1.090022,0.0095
216,1.089230,0.0096
217,1.087360,0.0086
218,1.087171,0.0076
219,1.085373,0.0059
220,1.083260,0.0088
221,1.081848,0.0100
222,1.081757,0.0096
223,1.081872,0.0097
224,1.080474,0.0097
225,1.078877,0.0097
226,1.077285,0.0087
227,1.074719,0.0059
228,1.073561,0.0055
229,1.071569,0.0056
230,1.070947,0.0062
231,1.071053,0.0113
232,1.070583,0.0081
233,1.071820,0.0084
234,1.072709,0.0081
235,1.072982,0.0081
236,1.072690,0.0081
237,1.071912,0.0094
238,1.070378,0.0096
239,1.069971,0.0083
240,1.070433,0.0096
241,1.070040,0.0096
242,1.069723,0.0096
243,1.069314,0.0096
244,1.068689,0.0083
245,1.067136,0.0097
246,1.064768,0.0097
247,1.063069,0.0097
248,1.060594,0.0097
249,1.059589,0.0096
250,1.058148,0.0096
251,1.055773,0.0097
252,1.054685,0.0097
253,1.052981,0.0097
254,1.051671,0.0097
255,1.050946,0.0097
256,1.050170,0.0098
257,1.048408,0.0097
258,1.047118,0.0097
259,1.045362,0.0087
260,1.044155,0.0059
261,1.042299,0.0056
262,1.041403,0.0056
263,1.040830,0.0061
264,1.039971,0.0078
265,1.038808,0.0060
266,1.037300,0.0085
267,1.036124,0.0097
268,1.034280,0.0094
269,1.033481,0.0095
270,1.033718,0.0095
271,1.034245,0.0096
272,1.034369,0.0096
273,1.032303,0.0096
274,1.032025,0.0097
275,1.031343,0.0097
276,1.029713,0.0097
277,1.028138,0.0097
278,1.025188,0.0097
279,1.023161,0.0098
280,1.022091,0.0097
281,1.021490,0.0097
282,1.021709,0.0097
283,1.022877,0.0097
284,1.024326,0.0096
285,1.025364,0.0097
286,1.024354,0.0083
287,1.022653,0.0083
288,1.019868,0.0097
289,1.018584,0.0097
290,1.016990,0.0096
291,1.014286,0.0096
292,1.013035,0.0096
293,1.012768,0.0074
294,1.012964,0.0062
295,1.012551,0.0056
296,1.013904,0.0056
297,1.013347,0.0062
298,1.011656,0.0112
299,1.009965,0.0094
300,1.010116,0.0095
301,1.011248,0.0095
302,1.011614,0.0096
303,1.011433,0.0096
304,1.010095,0.0073
305,1.009374,0.0076
306,1.011097,0.0056
307,1.013795,0.0089
308,1.015970,0.0100
309,1.017642,0.0096
310,1.018200,0.0096
311,1.018677,0.0095
312,1.019025,0.0096
313,1.017920,0.0096
314,1.017423,0.0096
315,1.016319,0.0097
316,1.014694,0.0097
317,1.013080,0.0083
318,1.011816,0.0097
319,1.008768,0.0097
320,1.004977,0.0097
321,1.001600,0.0097
322,1.000601,0.0097
323,0.999772,0.0097
324,0.999229,0.0097
325,0.997649,0.0082
326,0.996306,0.0097
327,0.995345,0.0087
328,0.995260,0.0059
329,0.996212,0.0061
330,0.997219,0.0056
331,0.997449,0.0062
332,0.997404,0.0113
333,0.996655,0.0095
334,0.996475,0.0095
335,0.995854,0.0095
336,0.995495,0.0096
337,0.993586,0.0096
338,0.992606,0.0097
339,0.990776,0.0096
340,0.988706,0.0097
341,0.987917,0.0096
342,0.987860,0.0096
343,0.986630,0.0096
344,0.987556,0.0097
345,0.987164,0.0078
346,0.985719,0.0057
347,0.985769,0.0062
348,0.986448,0.0099
349,0.988044,0.0095
350,0.987596,0.0095
351,0.988668,0.0096
352,0.990257,0.0096
353,0.987943,0.0097
354,0.985273,0.0097
355,0.983675,0.0098
356,0.983183,0.0098
357,0.984010,0.0098
358,0.982967,0.0098
359,0.980362,0.0099
360,0.977616,0.0098
361,0.976621,0.0064
362,0.974783,0.0057
363,0.974718,0.0057
364,0.977977,0.0063
365,0.980719,0.0115
366,0.983351,0.0083
367,0.985644,0.0084
368,0.988881,0.0095
369,0.991831,0.0096
370,0.993068,0.0096
371,0.994339,0.0096
372,0.995652,0.0097
373,0.993797,0.0097
374,0.992548,0.0098
375,0.992924,0.0098
376,0.997780,0.0098
377,1.001696,0.0098
378,1.006877,0.0098
379,1.010007,0.0098
380,1.011459,0.0097
381,1.011301,0.0098
382,1.010046,0.0097
383,1.011372,0.0098
384,1.012515,0.0097
385,1.012206,0.0091
386,1.009354,0.0059
387,1.008157,0.0064
388,1.005874,0.0087
389,1.004253,0.0099
390,1.002684,0.0096
391,1.002361,0.0096
392,1.002616,0.0067
393,1.002334,0.0096
394,1.002123,0.0097
395,1.003050,0.0075
396,1.002438,0.0058
397,1.001785,0.0057
398,1.001795,0.0057
399,1.003596,0.0062
400,1.006176,0.0115
401,1.006750,0.0092
402,1.006104,0.0096
403,1.005217,0.0096
404,1.003663,0.0096
405,1.002363,0.0068
406,1.000551,0.0097
407,1.000218,0.0098
408,0.999913,0.0098
409,1.000946,0.0098
410,1.001442,0.0098
411,1.000755,0.0098
412,0.999605,0.0098
413,0.999710,0.0098
414,0.999172,0.0098
415,0.997154,0.0098
416,0.995658,0.0098
417,0.994786,0.0098
418,0.993493,0.0098
419,0.994005,0.0098
420,0.995121,0.0098
421,0.995563,0.0098
422,0.993676,0.0098
423,0.993509,0.0097
424,0.993160,0.0101
425,0.995770,0.0085
426,1.000819,0.0099
427,1.004125,0.0074
428,1.004933,0.0060
429,1.004241,0.0057
430,1.003302,0.0057
431,1.000301,0.0061
432,0.998720,0.0080
433,0.994222,0.0061
434,0.990717,0.0085
435,0.986692,0.0095
436,0.983548,0.0094
437,0.981108,0.0096
438,0.980941,0.0097
439,0.979254,0.0098
440,0.978686,0.0097
441,0.980407,0.0099
442,0.981581,0.0101
443,0.981118,0.0099
444,0.979651,0.0099
445,0.979398,0.0099
446,0.978504,0.0099
447,0.979825,0.0099
448,0.980578,0.0099
449,0.982446,0.0099
450,0.983778,0.0099
451,0.985716,0.0099
452,0.987254,0.0098
453,0.987701,0.0098
454,0.988266,0.0098
455,0.986568,0.0099
456,0.982916,0.0098
457,0.981099,0.0085
458,0.979441,0.0098
459,0.976849,0.0099
460,0.974428,0.0099
461,0.973970,0.0064
462,0.975297,0.0057
463,0.975304,0.0057
464,0.976557,0.0067
465,0.976498,0.0114
466,0.976906,0.0095
467,0.975696,0.0096
468,0.973977,0.0097
469,0.974095,0.0098
470,0.976174,0.0099
471,0.979059,0.0093
472,0.983990,0.0060
473,0.986724,0.0065
474,0.987499,0.0088
475,0.986582,0.0101
476,0.983754,0.0098
477,0.982734,0.0098
478,0.981505,0.0098
479,0.980981,0.0097
480,0.979677,0.0098
481,0.978855,0.0098
482,0.979797,0.0098
483,0.979527,0.0098
484,0.980315,0.0098
485,0.981642,0.0098
486,0.979404,0.0099
487,0.975380,0.0099
488,0.972451,0.0099
489,0.970638,0.0099
490,0.972945,0.0099
491,0.974902,0.0099
492,0.975259,0.0099
493,0.974454,0.0100
494,0.973739,0.0065
495,0.972287,0.0058
496,0.969642,0.0058
497,0.967134,0.0064
498,0.967289,0.0115
499,0.967007,0.0095
500,0.965041,0.0081
501,0.964234,0.0096
502,0.962013,0.0098
503,0.961165,0.0098
504,0.959435,0.0098
505,0.959095,0.0098
506,0.958971,0.0098
507,0.959276,0.0098
508,0.958700,0.0098
509,0.959250,0.0098
510,0.958238,0.0098
511,0.957591,0.0096
512,0.957174,0.0058
513,0.956886,0.0061
514,0.957335,0.0087
515,0.959379,0.0100
516,0.966079,0.0097
517,0.972686,0.0097
518,0.978407,0.0098
519,0.981357,0.0099
520,0.983276,0.0098
521,0.985587,0.0099
522,0.986421,0.0099
523,0.987609,0.0099
524,0.987454,0.0100
525,0.986817,0.0100
526,0.985238,0.0100
527,0.984493,0.0080
528,0.985750,0.0058
529,0.987213,0.0058
530,0.988669,0.0058
531,0.989724,0.0107
532,0.990404,0.0097
533,0.989640,0.0097
534,0.987930,0.0098
535,0.984630,0.0097
536,0.980045,0.0084
537,0.974900,0.0098
538,0.971367,0.0098
539,0.970369,0.0098
540,0.967056,0.0099
541,0.964858,0.0099
542,0.962754,0.0099
543,0.960640,0.0100
544,0.960362,0.0100
545,0.962117,0.0100
546,0.963983,0.0101
547,0.961700,0.0100
548,0.957802,0.0086
549,0.956750,0.0086
550,0.958262,0.0085
551,0.960929,0.0100
552,0.963369,0.0093
553,0.964950,0.0060
554,0.964975,0.0066
555,0.965001,0.0087
556,0.965977,0.0100
557,0.965989,0.0097
558,0.964716,0.0097
559,0.960471,0.0098
560,0.957191,0.0099
561,0.953857,0.0088
562,0.951798,0.0066
563,0.950486,0.0058
564,0.950740,0.0058
565,0.946783,0.0084
566,0.945687,0.0104
567,0.945222,0.0096
568,0.946370,0.0096
569,0.947347,0.0098
570,0.948655,0.0098
571,0.949204,0.0099
572,0.950354,0.0099
573,0.950624,0.0100
574,0.949975,0.0100
575,0.947933,0.0100
576,0.946922,0.0100
577,0.945995,0.0101
578,0.950697,0.0100
579,0.961279,0.0100
580,0.967071,0.0100
581,0.965815,0.0101
582,0.962542,0.0100
583,0.964693,0.0100
584,0.968333,0.0100
585,0.969170,0.0099
586,0.966445,0.0100
587,0.962681,0.0099
588,0.959266,0.0099
589,0.956181,0.0100
590,0.953299,0.0101
591,0.953294,0.0101
592,0.960082,0.0064
593,0.964424,0.0059
594,0.966798,0.0059
595,0.963746,0.0059
596,0.959261,0.0086
597,0.956482,0.0063
598,0.955341,0.0087
599,0.954344,0.0099
600,0.952671,0.0097
601,0.952134,0.0095
602,0.949752,0.0098
603,0.950388,0.0100
604,0.954377,0.0099
605,0.959528,0.0098
606,0.962943,0.0098
607,0.964634,0.0098
608,0.967064,0.0099
609,0.970609,0.0100
610,0.973755,0.0101
611,0.973791,0.0101
612,0.972439,0.0101
613,0.970727,0.0101
614,0.969030,0.0100
615,0.966744,0.0101
616,0.963595,0.0101
617,0.960407,0.0102
618,0.958083,0.0101
619,0.956072,0.0101
620,0.953447,0.0100
621,0.950650,0.0101
622,0.947681,0.0100
623,0.944972,0.0101
624,0.943532,0.0090
625,0.941570,0.0062
626,0.942632,0.0059
627,0.947142,0.0059
628,0.949717,0.0064
629,0.950894,0.0115
630,0.949293,0.0097
631,0.945680,0.0098
632,0.941783,0.0098
633,0.938614,0.0099
634,0.936659,0.0099
635,0.936536,0.0093
636,0.935744,0.0061
637,0.934759,0.0068
638,0.934698,0.0090
639,0.934192,0.0097
640,0.933351,0.0097
641,0.931743,0.0098
642,0.928393,0.0098
643,0.924640,0.0099
644,0.922062,0.0099
645,0.921125,0.0100
646,0.922954,0.0100
647,0.926689,0.0101
648,0.931028,0.0100
649,0.932505,0.0101
650,0.932881,0.0101
651,0.931395,0.0100
652,0.928185,0.0100
653,0.926334,0.0100
654,0.926439,0.0100
655,0.926838,0.0100
656,0.927021,0.0100
657,0.928277,0.0101
658,0.929417,0.0067
659,0.931031,0.0059
660,0.931262,0.0059
661,0.929867,0.0065
662,0.928557,0.0115
663,0.926763,0.0096
664,0.925889,0.0097
665,0.925122,0.0099
666,0.928369,0.0099
667,0.930934,0.0100
668,0.930500,0.0100
669,0.929622,0.0100
670,0.927384,0.0100
671,0.927910,0.0101
672,0.930765,0.0101
673,0.932013,0.0101
674,0.929178,0.0100
675,0.924200,0.0083
676,0.921272,0.0060
677,0.919457,0.0095
678,0.921101,0.0102
679,0.921500,0.0098
680,0.922777,0.0098
681,0.921729,0.0100
682,0.919071,0.0100
683,0.919445,0.0100
684,0.919959,0.0101
685,0.919722,0.0100
686,0.919678,0.0101
687,0.921317,0.0100
688,0.926348,0.0101
689,0.928905,0.0101
690,0.928112,0.0078
691,0.927572,0.0060
692,0.928151,0.0060
693,0.925325,0.0059
694,0.922480,0.0065
695,0.922258,0.0115
696,0.924497,0.0097
697,0.924390,0.0098
698,0.923368,0.0098
699,0.923330,0.0099
700,0.923433,0.0100
701,0.921648,0.0100
702,0.919118,0.0100
703,0.918721,0.0100
704,0.918618,0.0099
705,0.917141,0.0100
706,0.916280,0.0100
707,0.915926,0.0100
708,0.915102,0.0100
709,0.916633,0.0099
710,0.919588,0.0099
711,0.925550,0.0100
712,0.930022,0.0101
713,0.932762,0.0101
714,0.935147,0.0090
715,0.934910,0.0079
716,0.933854,0.0064
717,0.930390,0.0092
718,0.928817,0.0099
719,0.927136,0.0099
720,0.925993,0.0099
721,0.922610,0.0099
722,0.921109,0.0100
723,0.921449,0.0089
724,0.923187,0.0062
725,0.924156,0.0060
726,0.924153,0.0060
727,0.920672,0.0077
728,0.917589,0.0105
729,0.921460,0.0099
730,0.926129,0.0099
731,0.925850,0.0099
732,0.925609,0.0087
733,0.927685,0.0099
734,0.933274,0.0084
735,0.934486,0.0097
736,0.931543,0.0101
737,0.927170,0.0098
738,0.923797,0.0098
739,0.923424,0.0098
740,0.923670,0.0100
741,0.924195,0.0100
742,0.922805,0.0102
743,0.921822,0.0101
744,0.921123,0.0101
745,0.921924,0.0101
746,0.921438,0.0102
747,0.919317,0.0101
748,0.917177,0.0100
749,0.918024,0.0100
750,0.918574,0.0101
751,0.918584,0.0101
752,0.917909,0.0101
753,0.914307,0.0100
754,0.912739,0.0101
755,0.910746,0.0067
756,0.910947,0.0060
757,0.908996,0.0059
758,0.908523,0.0065
759,0.911450,0.0083
760,0.913017,0.0064
761,0.913159,0.0100
762,0.911270,0.0097
763,0.911134,0.0097
764,0.912185,0.0098
765,0.912212,0.0099
766,0.911843,0.0100
767,0.911086,0.0101
768,0.912777,0.0101
769,0.913693,0.0101
770,0.914219,0.0101
771,0.914980,0.0101
772,0.915329,0.0101
773,0.915063,0.0101
774,0.916791,0.0101
775,0.916032,0.0101
776,0.920659,0.0100
777,0.929523,0.0101
778,0.935473,0.0100
779,0.935257,0.0101
780,0.931848,0.0100
781,0.929239,0.0101
782,0.927608,0.0101
783,0.925711,0.0101
784,0.924309,0.0102
785,0.922028,0.0102
786,0.915751,0.0102
787,0.911870,0.0080
788,0.910973,0.0064
789,0.912818,0.0061
790,0.910910,0.0061
791,0.911350,0.0067
792,0.914185,0.0116
793,0.916182,0.0098
794,0.914270,0.0099
795,0.911319,0.0099
796,0.911088,0.0100
797,0.911188,0.0100
798,0.910398,0.0095
799,0.910540,0.0063
800,0.911924,0.0066
801,0.913706,0.0100
802,0.913718,0.0100
803,0.914180,0.0099
804,0.912792,0.0099
805,0.910058,0.0100
806,0.906904,0.0100
807,0.904283,0.0101
808,0.903691,0.0101
809,0.902108,0.0102
810,0.906644,0.0101
811,0.910571,0.0101
812,0.908796,0.0101
813,0.907017,0.0102
814,0.910041,0.0101
815,0.912467,0.0102
816,0.914209,0.0101
817,0.914037,0.0102
818,0.911769,0.0101
819,0.908237,0.0102
820,0.905797,0.0091
821,0.903571,0.0064
822,0.902502,0.0062
823,0.903632,0.0061
824,0.904771,0.0090
825,0.905151,0.0107
826,0.904271,0.0101
827,0.903157,0.0100
828,0.903250,0.0085
829,0.902868,0.0100
830,0.900167,0.0101
831,0.901054,0.0101
832,0.906036,0.0101
833,0.915769,0.0101
834,0.927394,0.0102
835,0.938206,0.0102
836,0.942869,0.0102
837,0.946119,0.0102
838,0.952565,0.0085
839,0.951594,0.0062
840,0.943166,0.0094
841,0.936047,0.0104
842,0.932229,0.0101
843,0.928611,0.0102
844,0.923668,0.0101
845,0.917258,0.0102
846,0.912636,0.0101
847,0.911029,0.0102
848,0.910033,0.0102
849,0.909138,0.0102
850,0.906230,0.0103
851,0.902620,0.0102
852,0.899760,0.0102
853,0.897848,0.0081
854,0.897167,0.0064
855,0.895540,0.0063
856,0.893086,0.0062
857,0.892994,0.0090
858,0.892212,0.0107
859,0.890743,0.0100
860,0.893590,0.0101
861,0.897167,0.0101
862,0.898278,0.0101
863,0.899979,0.0101
864,0.904032,0.0103
865,0.907745,0.0101
866,0.909175,0.0102
867,0.909704,0.0102
868,0.911786,0.0102
869,0.912013,0.0103
870,0.908832,0.0102
871,0.907765,0.0102
872,0.905441,0.0104
873,0.904867,0.0102
874,0.904148,0.0102
875,0.903727,0.0103
876,0.905295,0.0104
877,0.909968,0.0099
878,0.914573,0.0066
879,0.916365,0.0069
880,0.915843,0.0106
881,0.914194,0.0102
882,0.912248,0.0102
883,0.909104,0.0102
884,0.905707,0.0103
885,0.903801,0.0120
886,0.902974,0.0070
887,0.901644,0.0064
888,0.903147,0.0064
889,0.906241,0.0092
890,0.908171,0.0107
891,0.908571,0.0101
892,0.906660,0.0101
893,0.906668,0.0103
894,0.904651,0.0102
895,0.902389,0.0103
896,0.900471,0.0103
897,0.899993,0.0105
898,0.900205,0.0103
899,0.900722,0.0103
900,0.901340,0.0104
901,0.899522,0.0103
902,0.898278,0.0102
903,0.900253,0.0103
904,0.903390,0.0104
905,0.903173,0.0105
906,0.902149,0.0103
907,0.901969,0.0104
908,0.903581,0.0104
909,0.905932,0.0104
910,0.906728,0.0105
911,0.909233,0.0105
912,0.909039,0.0103
913,0.908188,0.0103
914,0.906287,0.0104
915,0.904074,0.0104
916,0.902909,0.0071
917,0.902739,0.0065
918,0.902247,0.0065
919,0.900162,0.0071
920,0.896745,0.0084
921,0.894734,0.0095
922,0.895536,0.0100
923,0.902321,0.0100
924,0.912328,0.0102
925,0.926746,0.0102
926,0.932273,0.0103
927,0.928810,0.0103
928,0.919600,0.0103
929,0.908938,0.0103
930,0.903691,0.0103
931,0.901437,0.0105
932,0.901096,0.0104
933,0.901458,0.0104
934,0.903085,0.0103
935,0.902295,0.0103
936,0.898617,0.0104
937,0.898110,0.0104
938,0.896657,0.0105
939,0.896766,0.0103
940,0.897410,0.0105
941,0.897395,0.0103
942,0.898383,0.0102
943,0.898329,0.0104
944,0.898048,0.0105
945,0.897441,0.0105
946,0.897507,0.0106
947,0.896880,0.0095
948,0.895682,0.0068
949,0.894816,0.0065
950,0.894808,0.0065
951,0.894200,0.0093
952,0.893190,0.0107
953,0.895479,0.0101
954,0.897931,0.0101
955,0.898250,0.0103
956,0.897417,0.0103
957,0.899534,0.0105
958,0.901507,0.0088
959,0.904594,0.0065
960,0.907677,0.0100
961,0.947236,0.0105
962,0.932379,0.0102
963,0.915436,0.0102
964,0.928872,0.0102
965,0.923714,0.0103
966,0.906846,0.0103
967,0.901864,0.0104
968,0.905852,0.0103
969,0.910194,0.0105
970,0.904661,0.0105
971,0.900832,0.0105
972,0.900288,0.0105
973,0.902173,0.0105
974,0.901115,0.0104
975,0.898931,0.0104
976,0.897120,0.0105
977,0.898531,0.0090
978,0.897816,0.0104
979,0.896796,0.0105
980,0.895107,0.0082
981,0.894867,0.0069
982,0.894106,0.0065
983,0.894325,0.0065
984,0.892611,0.0111
985,0.892809,0.0102
986,0.893066,0.0102
987,0.895103,0.0103
988,0.893880,0.0104
989,0.895016,0.0102
990,0.898595,0.0103
991,0.898056,0.0103
992,0.895748,0.0104
993,0.894355,0.0104
994,0.896927,0.0105
995,0.901121,0.0106
996,0.900130,0.0104
997,0.896065,0.0098
998,0.892277,0.0067
999,0.891432,0.0071
1000,0.894449,0.0106
1001,0.898713,0.0091
1002,0.901311,0.0102
1003,0.903227,0.0103
1004,0.902557,0.0104
1005,0.899786,0.0103
1006,0.899871,0.0105
1007,0.899705,0.0104
1008,0.898332,0.0104
1009,0.897613,0.0104
1010,0.899050,0.0105
1011,0.902859,0.0105
1012,0.907105,0.0106
1013,0.909330,0.0072
1014,0.909618,0.0066
1015,0.910480,0.0065
1016,0.911980,0.0094
1017,0.912520,0.0108
1018,0.909461,0.0102
1019,0.904563,0.0102
1020,0.901728,0.0103
1021,0.899509,0.0104
1022,0.897596,0.0104
1023,0.896248,0.0103
1024,0.893822,0.0105
1025,0.892722,0.0106
1026,0.896681,0.0105
1027,0.892345,0.0107
1028,0.890978,0.0107
1029,0.889984,0.0106
1030,0.892333,0.0106
1031,0.895497,0.0105
1032,0.898848,0.0106
1033,0.901914,0.0106
1034,0.904109,0.0106
1035,0.904065,0.0106
1036,0.901404,0.0098
1037,0.911891,0.0067
1038,0.924886,0.0070
1039,0.927212,0.0107
1040,0.925848,0.0103
1041,0.925856,0.0105
1042,0.924389,0.0104
1043,0.919820,0.0106
1044,0.912002,0.0105
1045,0.905485,0.0084
1046,0.901559,0.0067
1047,0.901683,0.0066
1048,0.900882,0.0066
1049,0.900164,0.0113
1050,0.898239,0.0103
1051,0.896587,0.0103
1052,0.898701,0.0105
1053,0.904935,0.0104
1054,0.905391,0.0106
1055,0.901083,0.0106
1056,0.897969,0.0106
1057,0.898137,0.0105
1058,0.898239,0.0106
1059,0.896382,0.0106
1060,0.894019,0.0106
1061,0.891664,0.0105
1062,0.894118,0.0106
1063,0.900909,0.0104
1064,0.905226,0.0105
1065,0.909031,0.0104
1066,0.912943,0.0104
1067,0.916293,0.0104
1068,0.919600,0.0106
1069,0.921405,0.0104
1070,0.919289,0.0105
1071,0.916108,0.0105
1072,0.912626,0.0106
1073,0.905987,0.0105
1074,0.898387,0.0106
1075,0.895011,0.0095
1076,0.892781,0.0069
1077,0.891416,0.0066
1078,0.890340,0.0066
1079,0.889261,0.0095
1080,0.888139,0.0069
1081,0.886846,0.0095
1082,0.883753,0.0102
1083,0.883538,0.0100
1084,0.884584,0.0102
1085,0.885377,0.0103
1086,0.891109,0.0104
1087,0.896256,0.0106
1088,0.899970,0.0105
1089,0.902080,0.0105
1090,0.903533,0.0105
1091,0.901494,0.0104
1092,0.895521,0.0105
1093,0.889040,0.0104
1094,0.882871,0.0107
1095,0.880794,0.0105
1096,0.881346,0.0105
1097,0.883928,0.0106
1098,0.884761,0.0106
1099,0.883162,0.0106
1100,0.883434,0.0106
1101,0.888669,0.0107
1102,0.893370,0.0107
1103,0.896075,0.0106
1104,0.895591,0.0107
1105,0.894146,0.0106
1106,0.891717,0.0106
1107,0.892853,0.0095
1108,0.894591,0.0073
1109,0.895782,0.0070
1110,0.897935,0.0069
1111,0.898591,0.0113
1112,0.897083,0.0102
1113,0.893308,0.0102
1114,0.894802,0.0104
1115,0.897895,0.0103
1116,0.900645,0.0104
1117,0.902470,0.0095
1118,0.902375,0.0085
1119,0.899681,0.0071
1120,0.895846,0.0109
1121,0.891208,0.0105
1122,0.887483,0.0105
1123,0.884589,0.0103
1124,0.885158,0.0106
1125,0.886766,0.0105
1126,0.890587,0.0106
1127,0.897340,0.0105
1128,0.903486,0.0105
1129,0.908686,0.0105
1130,0.910642,0.0105
1131,0.909305,0.0105
1132,0.907886,0.0107
1133,0.904531,0.0106
1134,0.900490,0.0106
1135,0.899020,0.0106
1136,0.899047,0.0105
1137,0.897689,0.0106
1138,0.897759,0.0106
1139,0.899494,0.0096
1140,0.899054,0.0070
1141,0.897307,0.0068
1142,0.895017,0.0068
1143,0.891238,0.0095
1144,0.892056,0.0110
1145,0.892940,0.0104
1146,0.894581,0.0104
1147,0.897663,0.0104
1148,0.900990,0.0105
1149,0.903483,0.0106
1150,0.904031,0.0106
1151,0.903505,0.0106
1152,0.901556,0.0106
1153,0.901702,0.0106
1154,0.912206,0.0106
1155,0.932840,0.0107
1156,0.942814,0.0095
1157,0.939845,0.0086
1158,0.928802,0.0072
1159,0.917500,0.0110
1160,0.910574,0.0104
1161,0.904358,0.0104
1162,0.898330,0.0105
1163,0.897895,0.0105
1164,0.902271,0.0106
1165,0.908627,0.0106
1166,0.913253,0.0107
1167,0.913551,0.0107
1168,0.910037,0.0107
1169,0.905633,0.0106
1170,0.904632,0.0107
1171,0.903303,0.0106
1172,0.901180,0.0073
1173,0.900665,0.0068
1174,0.899178,0.0067
1175,0.894440,0.0113
1176,0.899261,0.0104
1177,0.908564,0.0103
1178,0.914739,0.0106
1179,0.919340,0.0106
1180,0.918956,0.0106
1181,0.913343,0.0091
1182,0.907002,0.0107
1183,0.903055,0.0108
1184,0.898297,0.0107
1185,0.900053,0.0107
1186,0.905519,0.0108
1187,0.911709,0.0108
1188,0.913942,0.0107
1189,0.911002,0.0107
1190,0.903554,0.0107
1191,0.897949,0.0107
1192,0.891340,0.0106
1193,0.887469,0.0107
1194,0.887566,0.0106
1195,0.888718,0.0101
1196,0.888827,0.0070
1197,0.888594,0.0073
1198,0.885546,0.0108
1199,0.884061,0.0104
1200,0.883691,0.0105
1201,0.883131,0.0106
1202,0.882620,0.0105
1203,0.885729,0.0106
1204,0.895823,0.0074
1205,0.904941,0.0068
1206,0.904300,0.0068
1207,0.902113,0.0114
1208,0.902267,0.0105
1209,0.902313,0.0105
1210,0.900355,0.0107
1211,0.896603,0.0106
1212,0.896896,0.0107
1213,0.905163,0.0107
1214,0.915611,0.0107
1215,0.916673,0.0106
1216,0.912957,0.0107
1217,0.911252,0.0107
1218,0.912370,0.0107
1219,0.910316,0.0107
1220,0.904301,0.0107
1221,0.899086,0.0106
1222,0.897615,0.0106
1223,0.897387,0.0105
1224,0.898955,0.0106
1225,0.902070,0.0106
1226,0.902110,0.0107
1227,0.898085,0.0107
1228,0.898705,0.0108
1229,0.896957,0.0108
1230,0.899768,0.0108
1231,0.911802,0.0108
1232,0.920541,0.0108
1233,0.917764,0.0097
1234,0.917351,0.0071
1235,0.916151,0.0068
1236,0.911300,0.0068
1237,0.907043,0.0074
1238,0.903433,0.0087
1239,0.900265,0.0096
1240,0.902465,0.0103
1241,0.903284,0.0104
1242,0.911589,0.0104
1243,0.914643,0.0106
1244,0.916099,0.0107
1245,0.915696,0.0107
1246,0.910014,0.0108
1247,0.908324,0.0108
1248,0.905750,0.0108
1249,0.904070,0.0108
1250,0.902599,0.0107
1251,0.905511,0.0107
1252,0.906689,0.0106
1253,0.911022,0.0106
1254,0.913006,0.0107
1255,0.920281,0.0106
1256,0.931853,0.0107
1257,0.939403,0.0107
1258,0.940790,0.0106
1259,0.938483,0.0107
1260,0.933974,0.0107
1261,0.927661,0.0107
1262,0.920365,0.0107
1263,0.913897,0.0108
1264,0.913615,0.0108
1265,0.919224,0.0098
1266,0.923698,0.0071
1267,0.923152,0.0068
1268,0.916788,0.0068
1269,0.910858,0.0114
1270,0.909374,0.0104
1271,0.911049,0.0104
1272,0.912328,0.0105
1273,0.911113,0.0105
1274,0.908662,0.0105
1275,0.905236,0.0097
1276,0.904620,0.0087
1277,0.902854,0.0073
1278,0.901786,0.0110
1279,0.898938,0.0104
1280,0.898498,0.0105
1281,0.912343,0.0105
1282,0.939803,0.0107
1283,0.952193,0.0106
1284,0.942991,0.0107
1285,0.924350,0.0107
1286,0.922972,0.0108
1287,0.919440,0.0108
1288,0.912651,0.0107
1289,0.919155,0.0093
1290,0.924618,0.0107
1291,0.923416,0.0108
1292,0.918434,0.0108
1293,0.913575,0.0108
1294,0.907210,0.0108
1295,0.901034,0.0109
1296,0.901159,0.0108
1297,0.899009,0.0109
1298,0.894356,0.0075
1299,0.890050,0.0069
1300,0.887273,0.0069
1301,0.886157,0.0116
1302,0.881549,0.0105
1303,0.878836,0.0106
1304,0.878412,0.0106
1305,0.877677,0.0106
1306,0.876548,0.0106
1307,0.876615,0.0105
1308,0.877090,0.0106
1309,0.876972,0.0107
1310,0.876155,0.0107
1311,0.873622,0.0107
1312,0.873056,0.0107
1313,0.874217,0.0108
1314,0.877771,0.0102
1315,0.884158,0.0071
1316,0.889386,0.0074
1317,0.891235,0.0111
1318,0.890575,0.0106
1319,0.889189,0.0107
1320,0.885747,0.0106
1321,0.880957,0.0108
1322,0.878289,0.0107
1323,0.875256,0.0107
1324,0.872813,0.0106
1325,0.870515,0.0109
1326,0.868332,0.0109
1327,0.866970,0.0109
1328,0.866173,0.0109
1329,0.865673,0.0109
1330,0.865081,0.0075
1331,0.863797,0.0069
1332,0.864064,0.0068
1333,0.863813,0.0114
1334,0.862382,0.0105
1335,0.860188,0.0104
1336,0.858713,0.0106
1337,0.857908,0.0106
1338,0.857301,0.0107
1339,0.856499,0.0107
1340,0.855226,0.0107
1341,0.854319,0.0107
1342,0.854525,0.0107
1343,0.854434,0.0107
1344,0.855356,0.0109
1345,0.855770,0.0109
1346,0.856507,0.0109
1347,0.856278,0.0108
1348,0.856379,0.0109
1349,0.856130,0.0108
1350,0.856380,0.0108
1351,0.856295,0.0107
1352,0.857160,0.0107
1353,0.857532,0.0090
1354,0.857692,0.0073
1355,0.860316,0.0111
1356,0.862984,0.0107
1357,0.866800,0.0106
1358,0.868119,0.0106
1359,0.869291,0.0106
1360,0.871532,0.0106
1361,0.872511,0.0085
1362,0.872089,0.0069
1363,0.870724,0.0068
1364,0.870157,0.0068
1365,0.870145,0.0125
1366,0.869187,0.0104
1367,0.869889,0.0106
1368,0.870971,0.0105
1369,0.875198,0.0106
1370,0.880305,0.0108
1371,0.882489,0.0107
1372,0.883003,0.0108
1373,0.882249,0.0108
1374,0.881073,0.0108
1375,0.883255,0.0108
1376,0.887397,0.0108
1377,0.889670,0.0108
1378,0.890650,0.0108
1379,0.891022,0.0107
1380,0.886667,0.0108
1381,0.878473,0.0106
1382,0.873418,0.0107
1383,0.869723,0.0108
1384,0.867437,0.0108
1385,0.868128,0.0107
1386,0.872152,0.0107
1387,0.874058,0.0108
1388,0.870831,0.0108
1389,0.865268,0.0109
1390,0.863148,0.0109
1391,0.870094,0.0087
1392,0.886915,0.0070
1393,0.904583,0.0069
1394,0.915381,0.0069
1395,0.919869,0.0095
1396,0.916766,0.0073
1397,0.909895,0.0109
1398,0.903312,0.0105
1399,0.900697,0.0106
1400,0.900502,0.0106
1401,0.894819,0.0107
1402,0.887522,0.0108
1403,0.881479,0.0108
1404,0.878475,0.0108
1405,0.876605,0.0108
1406,0.874459,0.0107
1407,0.873073,0.0108
1408,0.872020,0.0107
1409,0.870596,0.0107
1410,0.869527,0.0107
1411,0.868402,0.0107
1412,0.867142,0.0107
1413,0.866001,0.0109
1414,0.865315,0.0107
1415,0.864441,0.0108
1416,0.863980,0.0108
1417,0.863758,0.0109
1418,0.863598,0.0109
1419,0.866324,0.0110
1420,0.871380,0.0109
1421,0.873961,0.0109
1422,0.874079,0.0108
1423,0.874517,0.0086
1424,0.874045,0.0070
1425,0.874872,0.0069
1426,0.876013,0.0069
1427,0.878537,0.0127
1428,0.879886,0.0105
1429,0.879801,0.0105
1430,0.879370,0.0105
1431,0.876758,0.0107
1432,0.874772,0.0107
1433,0.873051,0.0102
1434,0.871362,0.0071
1435,0.870646,0.0074
1436,0.868872,0.0112
1437,0.868629,0.0106
1438,0.869165,0.0106
1439,0.869898,0.0106
1440,0.870522,0.0107
1441,0.870312,0.0107
1442,0.867903,0.0107
1443,0.865931,0.0107
1444,0.864558,0.0108
1445,0.862411,0.0108
1446,0.861944,0.0108
1447,0.860758,0.0108
1448,0.859495,0.0110
1449,0.858803,0.0110
1450,0.859749,0.0110
1451,0.862938,0.0110
1452,0.870199,0.0110
1453,0.877183,0.0109
1454,0.882993,0.0109
1455,0.886132,0.0098
1456,0.886266,0.0072
1457,0.884866,0.0073
1458,0.883138,0.0072
1459,0.881112,0.0125
1460,0.878072,0.0106
1461,0.876277,0.0106
1462,0.875491,0.0107
1463,0.873601,0.0109
1464,0.871822,0.0108
1465,0.869791,0.0108
1466,0.868726,0.0108
1467,0.869508,0.0108
1468,0.869968,0.0108
1469,0.868664,0.0108
1470,0.867915,0.0108
1471,0.869770,0.0108
1472,0.869341,0.0091
1473,0.867641,0.0074
1474,0.865832,0.0112
1475,0.863637,0.0107
1476,0.861463,0.0108
1477,0.861019,0.0107
1478,0.860488,0.0107
1479,0.858541,0.0108
1480,0.856749,0.0108
1481,0.856626,0.0108
1482,0.858733,0.0109
1483,0.863324,0.0109
1484,0.868948,0.0109
1485,0.874396,0.0108
1486,0.877967,0.0109
1487,0.880072,0.0075
1488,0.878068,0.0070
1489,0.876470,0.0073
1490,0.874858,0.0124
1491,0.873743,0.0105
1492,0.875862,0.0106
1493,0.879721,0.0106
1494,0.879823,0.0108
1495,0.877030,0.0108
1496,0.873104,0.0109
1497,0.869783,0.0093
1498,0.868322,0.0108
1499,0.868439,0.0109
1500,0.867801,0.0108
1501,0.867627,0.0109
1502,0.865329,0.0108
1503,0.863256,0.0109
1504,0.863198,0.0108
1505,0.865125,0.0108
1506,0.867478,0.0108
1507,0.869043,0.0108
1508,0.868726,0.0108
1509,0.866778,0.0109
1510,0.866166,0.0092
1511,0.868854,0.0074
1512,0.872973,0.0113
1513,0.876087,0.0107
1514,0.876800,0.0107
1515,0.875302,0.0108
1516,0.873252,0.0108
1517,0.870519,0.0108
1518,0.869018,0.0087
1519,0.867139,0.0071
1520,0.865153,0.0074
1521,0.864695,0.0070
1522,0.863576,0.0127
1523,0.863650,0.0106
1524,0.863908,0.0107
1525,0.865225,0.0106
1526,0.863303,0.0107
1527,0.860662,0.0107
1528,0.858343,0.0107
1529,0.856105,0.0107
1530,0.854775,0.0107
1531,0.854075,0.0107
1532,0.853896,0.0108
1533,0.854149,0.0108
1534,0.853608,0.0109
1535,0.853718,0.0109
1536,0.853747,0.0109
1537,0.853831,0.0108
1538,0.853214,0.0109
1539,0.853278,0.0109
1540,0.852321,0.0109
1541,0.852390,0.0109
1542,0.851263,0.0109
1543,0.853111,0.0108
1544,0.854292,0.0108
1545,0.854525,0.0107
1546,0.856035,0.0108
1547,0.856945,0.0108
1548,0.857335,0.0087
1549,0.857264,0.0071
1550,0.856899,0.0070
1551,0.856172,0.0069
1552,0.854714,0.0095
1553,0.854508,0.0072
1554,0.854678,0.0110
1555,0.856249,0.0105
1556,0.858173,0.0106
1557,0.857539,0.0106
1558,0.856353,0.0108
1559,0.856195,0.0108
1560,0.856267,0.0109
1561,0.856597,0.0108
1562,0.856055,0.0110
1563,0.855620,0.0109
1564,0.855569,0.0109
1565,0.854797,0.0109
1566,0.853576,0.0109
1567,0.852128,0.0109
1568,0.850141,0.0109
1569,0.848455,0.0108
1570,0.847147,0.0108
1571,0.846192,0.0108
1572,0.846576,0.0108
1573,0.847530,0.0109
1574,0.849902,0.0109
1575,0.852188,0.0109
1576,0.853043,0.0110
1577,0.853149,0.0109
1578,0.852865,0.0109
1579,0.852781,0.0109
1580,0.852912,0.0088
1581,0.853708,0.0071
1582,0.854164,0.0070
1583,0.854469,0.0070
1584,0.853272,0.0128
1585,0.850991,0.0105
1586,0.849449,0.0106
1587,0.847509,0.0108
1588,0.846771,0.0107
1589,0.845025,0.0109
1590,0.843996,0.0103
1591,0.849149,0.0072
1592,0.846523,0.0104
1593,0.847887,0.0108
1594,0.848288,0.0108
1595,0.849017,0.0108
1596,0.851339,0.0110
1597,0.851192,0.0109
1598,0.851574,0.0109
1599,0.854096,0.0110
1600,0.854118,0.0110
1601,0.854150,0.0098
1602,0.854056,0.0110
1603,0.853678,0.0109
1604,0.851592,0.0109
1605,0.848539,0.0109
1606,0.848698,0.0109
1607,0.852896,0.0109
1608,0.861206,0.0109
1609,0.871434,0.0109
1610,0.877736,0.0111
1611,0.878333,0.0110
1612,0.874112,0.0077
1613,0.863118,0.0071
1614,0.852676,0.0071
1615,0.844944,0.0129
1616,0.845824,0.0108
1617,0.851010,0.0107
1618,0.856216,0.0107
1619,0.857035,0.0108
1620,0.853833,0.0108
1621,0.849726,0.0109
1622,0.848066,0.0109
1623,0.847892,0.0110
1624,0.850305,0.0110
1625,0.850928,0.0110
1626,0.850304,0.0110
1627,0.849856,0.0110
1628,0.847702,0.0094
1629,0.844099,0.0075
1630,0.843904,0.0113
1631,0.846297,0.0107
1632,0.850129,0.0107
1633,0.856125,0.0107
1634,0.861381,0.0108
1635,0.866135,0.0108
1636,0.870590,0.0108
1637,0.877023,0.0109
1638,0.881602,0.0110
1639,0.883381,0.0109
1640,0.884185,0.0110
1641,0.883557,0.0111
1642,0.880814,0.0111
1643,0.877899,0.0077
1644,0.875593,0.0072
1645,0.875688,0.0071
1646,0.874831,0.0127
1647,0.873602,0.0107
1648,0.871075,0.0107
1649,0.869225,0.0109
1650,0.868272,0.0108
1651,0.867408,0.0109
1652,0.866276,0.0110
1653,0.864339,0.0110
1654,0.862464,0.0111
1655,0.863128,0.0111
1656,0.868766,0.0111
1657,0.876747,0.0110
1658,0.883798,0.0110
1659,0.888447,0.0109
1660,0.889096,0.0110
1661,0.887656,0.0110
1662,0.885044,0.0110
1663,0.881527,0.0110
1664,0.876822,0.0110
1665,0.870291,0.0100
1666,0.864162,0.0094
1667,0.857821,0.0076
1668,0.852893,0.0112
1669,0.850648,0.0108
1670,0.849645,0.0109
1671,0.851558,0.0109
1672,0.854096,0.0110
1673,0.858868,0.0110
1674,0.864436,0.0088
1675,0.867661,0.0072
1676,0.868861,0.0075
1677,0.868667,0.0071
1678,0.864751,0.0130
1679,0.859383,0.0106
1680,0.857298,0.0107
1681,0.857106,0.0108
1682,0.854904,0.0109
1683,0.850535,0.0109
1684,0.847860,0.0111
1685,0.848763,0.0111
1686,0.850433,0.0111
1687,0.852831,0.0125
1688,0.857380,0.0110
1689,0.858375,0.0111
1690,0.859787,0.0111
1691,0.859208,0.0111
1692,0.856970,0.0110
1693,0.854109,0.0111
1694,0.851557,0.0111
1695,0.848886,0.0125
1696,0.849814,0.0111
1697,0.852854,0.0111
1698,0.856176,0.0111
1699,0.860382,0.0111
1700,0.863624,0.0111
1701,0.865440,0.0111
1702,0.866657,0.0110
1703,0.867614,0.0099
1704,0.868594,0.0078
1705,0.869521,0.0072
1706,0.867749,0.0072
1707,0.865369,0.0097
1708,0.862279,0.0075
1709,0.861309,0.0111
1710,0.859631,0.0106
1711,0.862959,0.0108
1712,0.871625,0.0108
1713,0.877500,0.0109
1714,0.880694,0.0109
1715,0.882779,0.0109
1716,0.882424,0.0109
1717,0.879658,0.0109
1718,0.876120,0.0109
1719,0.872454,0.0110
1720,0.869133,0.0110
1721,0.867778,0.0111
1722,0.865063,0.0110
1723,0.863237,0.0111
1724,0.866910,0.0111
1725,0.871215,0.0124
1726,0.873830,0.0111
1727,0.874480,0.0110
1728,0.872066,0.0110
1729,0.870934,0.0110
1730,0.867770,0.0110
1731,0.864408,0.0110
1732,0.864705,0.0110
1733,0.865073,0.0110
1734,0.865533,0.0110
1735,0.864994,0.0077
1736,0.863517,0.0071
1737,0.862256,0.0071
1738,0.864980,0.0117
1739,0.868738,0.0108
1740,0.872408,0.0107
1741,0.876018,0.0109
1742,0.877798,0.0109
1743,0.878433,0.0109
1744,0.877280,0.0099
1745,0.874535,0.0090
1746,0.873607,0.0080
1747,0.873306,0.0123
1748,0.872410,0.0109
1749,0.872125,0.0109
1750,0.870218,0.0109
1751,0.868071,0.0109
1752,0.864416,0.0110
1753,0.861375,0.0110
1754,0.858988,0.0110
1755,0.858555,0.0109
1756,0.860748,0.0110
1757,0.864098,0.0110
1758,0.866813,0.0110
1759,0.869539,0.0112
1760,0.870270,0.0111
1761,0.870337,0.0111
1762,0.870515,0.0111
1763,0.870022,0.0111
1764,0.868138,0.0110
1765,0.866308,0.0110
1766,0.863470,0.0089
1767,0.860824,0.0072
1768,0.859621,0.0071
1769,0.858987,0.0071
1770,0.857799,0.0117
1771,0.855951,0.0106
1772,0.853954,0.0107
1773,0.852270,0.0108
1774,0.850228,0.0109
1775,0.848823,0.0110
1776,0.846900,0.0110
1777,0.846658,0.0110
1778,0.846539,0.0110
1779,0.845693,0.0110
1780,0.845883,0.0109
1781,0.846129,0.0110
1782,0.845606,0.0110
1783,0.845177,0.0104
1784,0.846096,0.0073
1785,0.846223,0.0105
1786,0.845927,0.0108
1787,0.846015,0.0108
1788,0.849811,0.0109
1789,0.857677,0.0109
1790,0.866935,0.0109
1791,0.874750,0.0110
1792,0.879593,0.0111
1793,0.883799,0.0111
1794,0.884622,0.0125
1795,0.881131,0.0125
1796,0.874749,0.0125
1797,0.869401,0.0090
1798,0.866568,0.0072
1799,0.863727,0.0075
1800,0.860788,0.0100
1801,0.856748,0.0108
1802,0.854383,0.0106
1803,0.852757,0.0109
1804,0.850953,0.0108
1805,0.849666,0.0109
1806,0.847688,0.0109
1807,0.846434,0.0109
1808,0.845749,0.0110
1809,0.846110,0.0111
1810,0.847404,0.0110
1811,0.848969,0.0111
1812,0.852797,0.0110
1813,0.855807,0.0110
1814,0.857913,0.0110
1815,0.859055,0.0109
1816,0.859380,0.0109
1817,0.859157,0.0109
1818,0.857272,0.0109
1819,0.856038,0.0110
1820,0.853485,0.0094
1821,0.852050,0.0076
1822,0.850255,0.0115
1823,0.850069,0.0109
1824,0.849372,0.0109
1825,0.851202,0.0110
1826,0.855313,0.0111
1827,0.859295,0.0110
1828,0.862010,0.0090
1829,0.863491,0.0072
1830,0.863526,0.0072
1831,0.862323,0.0099
1832,0.860329,0.0112
1833,0.858106,0.0108
1834,0.854951,0.0108
1835,0.852498,0.0109
1836,0.851167,0.0110
1837,0.849668,0.0111
1838,0.848679,0.0125
1839,0.848169,0.0111
1840,0.847237,0.0125
1841,0.847393,0.0125
1842,0.847289,0.0125
1843,0.848164,0.0124
1844,0.849817,0.0125
1845,0.851306,0.0125
1846,0.852739,0.0125
1847,0.853091,0.0111
1848,0.854159,0.0111
1849,0.853991,0.0112
1850,0.854167,0.0110
1851,0.854102,0.0110
1852,0.854108,0.0110
1853,0.853871,0.0110
1854,0.854037,0.0124
1855,0.853854,0.0078
1856,0.852709,0.0072
1857,0.851082,0.0072
1858,0.850250,0.0100
1859,0.849010,0.0075
1860,0.847757,0.0113
1861,0.846345,0.0109
1862,0.845164,0.0109
1863,0.843541,0.0109
1864,0.843282,0.0109
1865,0.842366,0.0108
1866,0.842105,0.0109
1867,0.843945,0.0109
1868,0.847215,0.0110
1869,0.852308,0.0110
1870,0.857747,0.0110
1871,0.862107,0.0110
1872,0.866321,0.0111
1873,0.869255,0.0125
1874,0.869861,0.0111
1875,0.869469,0.0111
1876,0.869520,0.0110
1877,0.868755,0.0111
1878,0.868598,0.0111
1879,0.866811,0.0110
1880,0.864355,0.0124
1881,0.861572,0.0124
1882,0.858566,0.0111
1883,0.855536,0.0124
1884,0.853115,0.0111
1885,0.851462,0.0078
1886,0.850076,0.0072
1887,0.849022,0.0072
1888,0.848841,0.0118
1889,0.848828,0.0108
1890,0.848689,0.0107
1891,0.848396,0.0109
1892,0.847932,0.0109
1893,0.846854,0.0108
1894,0.844878,0.0099
1895,0.843581,0.0090
1896,0.842284,0.0077
1897,0.840994,0.0113
1898,0.840091,0.0108
1899,0.839316,0.0108
1900,0.838877,0.0108
1901,0.838639,0.0109
1902,0.837815,0.0109
1903,0.836578,0.0095
1904,0.835386,0.0110
1905,0.835102,0.0110
1906,0.836016,0.0110
1907,0.837433,0.0110
1908,0.838732,0.0111
1909,0.839824,0.0125
1910,0.841436,0.0112
1911,0.842130,0.0112
1912,0.842851,0.0111
1913,0.842901,0.0112
1914,0.843354,0.0111
1915,0.843630,0.0112
1916,0.843636,0.0103
1917,0.843444,0.0073
1918,0.842834,0.0072
1919,0.843810,0.0072
1920,0.845332,0.0130
1921,0.846076,0.0107
1922,0.846047,0.0108
1923,0.846175,0.0108
1924,0.846526,0.0110
1925,0.846807,0.0108
1926,0.847850,0.0110
1927,0.849292,0.0110
1928,0.849947,0.0111
1929,0.852070,0.0124
1930,0.853288,0.0111
1931,0.853503,0.0110
1932,0.854022,0.0100
1933,0.853588,0.0091
1934,0.852354,0.0076
1935,0.850501,0.0114
1936,0.848250,0.0108
1937,0.846409,0.0108
1938,0.844337,0.0108
1939,0.842090,0.0109
1940,0.840283,0.0109
1941,0.839594,0.0109
1942,0.837564,0.0109
1943,0.835770,0.0110
1944,0.833286,0.0111
1945,0.831671,0.0125
1946,0.831480,0.0125
1947,0.832182,0.0090
1948,0.833155,0.0073
1949,0.834336,0.0072
1950,0.834481,0.0072
1951,0.834737,0.0131
1952,0.835133,0.0107
1953,0.835346,0.0108
1954,0.835621,0.0109
1955,0.836764,0.0109
1956,0.836125,0.0110
1957,0.835057,0.0109
1958,0.835018,0.0110
1959,0.834994,0.0110
1960,0.834354,0.0110
1961,0.833665,0.0110
1962,0.833866,0.0110
1963,0.834382,0.0110
1964,0.835428,0.0110
1965,0.837154,0.0112
1966,0.838537,0.0112
1967,0.838087,0.0112
1968,0.838778,0.0112
1969,0.838697,0.0112
1970,0.838540,0.0119
1971,0.838418,0.0074
1972,0.837706,0.0107
1973,0.837551,0.0109
1974,0.836902,0.0110
1975,0.836609,0.0109
1976,0.835839,0.0109
1977,0.834647,0.0110
1978,0.832945,0.0100
1979,0.833591,0.0075
1980,0.837201,0.0072
1981,0.840935,0.0072
1982,0.843267,0.0128
1983,0.843341,0.0108
1984,0.842547,0.0108
1985,0.841208,0.0109
1986,0.839820,0.0109
1987,0.838479,0.0109
1988,0.837485,0.0109
1989,0.835904,0.0110
1990,0.834720,0.0110
1991,0.834201,0.0109
1992,0.836048,0.0095
1993,0.837953,0.0125
1994,0.839206,0.0111
1995,0.839972,0.0111
1996,0.841679,0.0125
1997,0.842835,0.0111
1998,0.844856,0.0125
1999,0.847434,0.0126
2000,0.849161,0.0112
2001,0.850334,0.0100
2002,0.851209,0.0112
2003,0.851749,0.0111
2004,0.851956,0.0110
2005,0.852803,0.0111
2006,0.853260,0.0124
2007,0.852803,0.0078
2008,0.851576,0.0072
2009,0.849892,0.0072
2010,0.849443,0.0098
2011,0.848240,0.0075
2012,0.847396,0.0112
2013,0.847161,0.0107
2014,0.847060,0.0107
2015,0.846998,0.0108
2016,0.847229,0.0108
2017,0.847768,0.0109
2018,0.847407,0.0110
2019,0.846687,0.0110
2020,0.846071,0.0110
2021,0.844650,0.0110
2022,0.843081,0.0124
2023,0.841346,0.0096
2024,0.839867,0.0112
2025,0.838884,0.0125
2026,0.838031,0.0111
2027,0.836285,0.0125
2028,0.835952,0.0112
2029,0.835260,0.0111
2030,0.834631,0.0111
2031,0.833012,0.0111
2032,0.831395,0.0128
2033,0.829553,0.0112
2034,0.828022,0.0125
2035,0.827186,0.0111
2036,0.827073,0.0114
2037,0.827631,0.0075
2038,0.826963,0.0072
2039,0.826197,0.0072
2040,0.826151,0.0131
2041,0.825246,0.0107
2042,0.824806,0.0108
2043,0.824447,0.0108
2044,0.824225,0.0108
2045,0.824305,0.0108
2046,0.823806,0.0102
2047,0.824211,0.0074
2048,0.824632,0.0077
2049,0.825382,0.0112
2050,0.827038,0.0110
2051,0.829590,0.0109
2052,0.830530,0.0108
2053,0.830878,0.0109
2054,0.831105,0.0110
2055,0.830002,0.0111
2056,0.830154,0.0110
2057,0.829539,0.0111
2058,0.829951,0.0126
2059,0.829691,0.0126
2060,0.828594,0.0113
2061,0.828105,0.0127
2062,0.827703,0.0112
2063,0.826648,0.0125
2064,0.825448,0.0111
2065,0.825236,0.0112
2066,0.825321,0.0112
2067,0.826298,0.0089
2068,0.826970,0.0073
2069,0.828384,0.0072
2070,0.829720,0.0072
2071,0.831881,0.0128
2072,0.834764,0.0106
2073,0.837320,0.0107
2074,0.840324,0.0110
2075,0.843365,0.0110
2076,0.845483,0.0111
2077,0.847807,0.0111
2078,0.850038,0.0111
2079,0.850542,0.0111
2080,0.851875,0.0110
2081,0.853970,0.0110
2082,0.855319,0.0110
2083,0.856120,0.0111
2084,0.857233,0.0098
2085,0.857774,0.0077
2086,0.857503,0.0115
2087,0.856867,0.0108
2088,0.856209,0.0108
2089,0.856494,0.0109
2090,0.855250,0.0110
2091,0.854495,0.0111
2092,0.853918,0.0096
2093,0.853972,0.0125
2094,0.854423,0.0125
2095,0.854273,0.0112
2096,0.853023,0.0124
2097,0.852220,0.0127
2098,0.850358,0.0078
2099,0.849850,0.0072
2100,0.848365,0.0072
2101,0.846523,0.0100
2102,0.845456,0.0112
2103,0.843728,0.0107
2104,0.842580,0.0107
2105,0.841501,0.0107
2106,0.840507,0.0108
2107,0.839945,0.0109
2108,0.838476,0.0124
2109,0.838151,0.0111
2110,0.837492,0.0112
2111,0.836390,0.0112
2112,0.834836,0.0112
2113,0.832641,0.0112
2114,0.831082,0.0125
2115,0.830100,0.0112
2116,0.828678,0.0111
2117,0.827100,0.0125
2118,0.826354,0.0124
2119,0.825654,0.0123
2120,0.825353,0.0094
2121,0.825238,0.0077
2122,0.824366,0.0114
2123,0.824124,0.0109
2124,0.823772,0.0109
2125,0.823921,0.0109
2126,0.823209,0.0109
2127,0.822600,0.0110
2128,0.824067,0.0090
2129,0.825687,0.0072
2130,0.826605,0.0072
2131,0.827860,0.0100
2132,0.829444,0.0114
2133,0.830358,0.0108
2134,0.831147,0.0109
2135,0.832199,0.0110
2136,0.833108,0.0110
2137,0.836273,0.0111
2138,0.838963,0.0124
2139,0.841830,0.0110
2140,0.845105,0.0111
2141,0.848642,0.0111
2142,0.850671,0.0111
2143,0.852905,0.0124
2144,0.854187,0.0111
2145,0.854073,0.0110
2146,0.853388,0.0110
2147,0.852532,0.0125
2148,0.851581,0.0126
2149,0.850335,0.0112
2150,0.849255,0.0128
2151,0.846956,0.0112
2152,0.845057,0.0126
2153,0.843269,0.0126
2154,0.841088,0.0126
2155,0.839146,0.0090
2156,0.837347,0.0074
2157,0.835882,0.0072
2158,0.835119,0.0075
2159,0.835373,0.0095
2160,0.835604,0.0076
2161,0.836410,0.0110
2162,0.836732,0.0107
2163,0.836917,0.0107
2164,0.836381,0.0108
2165,0.836389,0.0109
2166,0.834891,0.0109
2167,0.834035,0.0110
2168,0.832570,0.0125
2169,0.830235,0.0125
2170,0.829761,0.0112
2171,0.829075,0.0126
2172,0.829934,0.0112
2173,0.830723,0.0111
2174,0.832261,0.0124
2175,0.838003,0.0110
2176,0.844087,0.0111
2177,0.849107,0.0112
2178,0.852514,0.0126
2179,0.854672,0.0112
2180,0.854645,0.0125
2181,0.853786,0.0112
2182,0.852027,0.0112
2183,0.851195,0.0126
2184,0.849460,0.0115
2185,0.848975,0.0075
2186,0.849224,0.0073
2187,0.848522,0.0073
2188,0.847813,0.0130
2189,0.846687,0.0109
2190,0.845066,0.0110
2191,0.842255,0.0110
2192,0.840387,0.0110
2193,0.838460,0.0110
2194,0.836724,0.0105
2195,0.835348,0.0074
2196,0.834857,0.0104
2197,0.834793,0.0109
2198,0.834776,0.0109
2199,0.834491,0.0109
2200,0.832883,0.0109
2201,0.831067,0.0110
2202,0.829382,0.0110
2203,0.827983,0.0111
2204,0.826767,0.0126
2205,0.825876,0.0126
2206,0.825475,0.0112
2207,0.824408,0.0112
2208,0.823862,0.0111
2209,0.822925,0.0125
2210,0.822448,0.0111
2211,0.821983,0.0111
2212,0.821391,0.0111
2213,0.821341,0.0112
2214,0.821648,0.0101
2215,0.821906,0.0075
2216,0.821421,0.0072
2217,0.821245,0.0072
2218,0.821466,0.0131
2219,0.821137,0.0108
2220,0.820895,0.0109
2221,0.820113,0.0110
2222,0.819214,0.0110
2223,0.818104,0.0111
2224,0.817632,0.0111
2225,0.816922,0.0125
2226,0.816969,0.0125
2227,0.817800,0.0112
2228,0.817787,0.0112
2229,0.818575,0.0111
2230,0.818901,0.0108
2231,0.819845,0.0073
2232,0.819874,0.0105
2233,0.820505,0.0111
2234,0.820310,0.0110
2235,0.820267,0.0109
2236,0.819764,0.0110
2237,0.819652,0.0110
2238,0.819383,0.0110
2239,0.819219,0.0110
2240,0.818669,0.0110
2241,0.818627,0.0111
2242,0.819388,0.0124
2243,0.819865,0.0125
2244,0.820952,0.0101
2245,0.822567,0.0076
2246,0.823620,0.0073
2247,0.824516,0.0072
2248,0.825162,0.0127
2249,0.824564,0.0108
2250,0.824581,0.0108
2251,0.824414,0.0109
2252,0.823778,0.0111
2253,0.823386,0.0111
2254,0.823021,0.0126
2255,0.822936,0.0126
2256,0.822570,0.0112
2257,0.822164,0.0112
2258,0.824161,0.0126
2259,0.824879,0.0112
2260,0.825580,0.0112
2261,0.826282,0.0112
2262,0.826351,0.0111
2263,0.826951,0.0124
2264,0.826734,0.0111
2265,0.826922,0.0110
2266,0.827088,0.0105
2267,0.827632,0.0074
2268,0.827643,0.0106
2269,0.827129,0.0111
2270,0.826733,0.0109
2271,0.825702,0.0110
2272,0.825466,0.0124
2273,0.825567,0.0128
2274,0.825632,0.0079
2275,0.824923,0.0073
2276,0.825050,0.0073
2277,0.825268,0.0119
2278,0.824392,0.0108
2279,0.823657,0.0109
2280,0.823207,0.0110
2281,0.823163,0.0111
2282,0.822651,0.0125
2283,0.824099,0.0112
2284,0.825738,0.0125
2285,0.828495,0.0111
2286,0.829445,0.0112
2287,0.830118,0.0124
2288,0.829936,0.0112
2289,0.830156,0.0125
2290,0.828918,0.0112
2291,0.828449,0.0125
2292,0.827576,0.0126
2293,0.826862,0.0126
2294,0.825085,0.0126
2295,0.823807,0.0127
2296,0.822479,0.0112
2297,0.821454,0.0113
2298,0.820079,0.0113
2299,0.819455,0.0113
2300,0.819191,0.0101
2301,0.819483,0.0076
2302,0.818933,0.0073
2303,0.818901,0.0072
2304,0.818681,0.0098
2305,0.818422,0.0076
2306,0.819112,0.0112
2307,0.820169,0.0106
2308,0.821384,0.0106
2309,0.822314,0.0107
2310,0.822118,0.0109
2311,0.821977,0.0109
2312,0.821157,0.0110
2313,0.820073,0.0111
2314,0.820447,0.0112
2315,0.820515,0.0126
2316,0.820728,0.0126
2317,0.822000,0.0113
2318,0.822397,0.0112
2319,0.822924,0.0126
2320,0.823264,0.0112
2321,0.824235,0.0127
2322,0.826349,0.0112
2323,0.829391,0.0112
2324,0.832034,0.0125
2325,0.833039,0.0112
2326,0.833027,0.0112
2327,0.833220,0.0113
2328,0.833190,0.0112
2329,0.833316,0.0126
2330,0.832737,0.0090
2331,0.832537,0.0074
2332,0.832756,0.0072
2333,0.832725,0.0076
2334,0.832209,0.0139
2335,0.831080,0.0108
2336,0.830151,0.0108
2337,0.828201,0.0109
2338,0.827532,0.0111
2339,0.826111,0.0114
2340,0.824587,0.0091
2341,0.823611,0.0078
2342,0.822682,0.0114
2343,0.822619,0.0108
2344,0.821283,0.0109
2345,0.820894,0.0109
2346,0.820528,0.0110
2347,0.820346,0.0110
2348,0.820177,0.0124
2349,0.820053,0.0110
2350,0.820140,0.0111
2351,0.820141,0.0125
2352,0.819664,0.0112
2353,0.819322,0.0125
2354,0.818435,0.0111
2355,0.817848,0.0111
2356,0.817731,0.0111
2357,0.817580,0.0124
2358,0.817432,0.0126
2359,0.816700,0.0113
2360,0.818099,0.0079
2361,0.821783,0.0073
2362,0.825776,0.0073
2363,0.829731,0.0132
2364,0.834186,0.0109
2365,0.838133,0.0109
2366,0.840468,0.0110
2367,0.842004,0.0124
2368,0.843414,0.0111
2369,0.843947,0.0110
2370,0.848414,0.0111
2371,0.853923,0.0111
2372,0.854345,0.0111
2373,0.851193,0.0111
2374,0.846627,0.0111
2375,0.843813,0.0101
2376,0.842421,0.0092
2377,0.840959,0.0077
2378,0.838250,0.0113
2379,0.835781,0.0110
2380,0.833948,0.0111
2381,0.833254,0.0110
2382,0.832889,0.0110
2383,0.831751,0.0110
2384,0.830769,0.0111
2385,0.829353,0.0110
2386,0.828725,0.0111
2387,0.828160,0.0111
2388,0.828175,0.0127
2389,0.828079,0.0125
2390,0.828420,0.0091
2391,0.827287,0.0073
2392,0.825353,0.0073
2393,0.824849,0.0118
2394,0.824980,0.0123
2395,0.824901,0.0110
2396,0.824811,0.0110
2397,0.825294,0.0111
2398,0.824885,0.0096
2399,0.824280,0.0111
2400,0.823303,0.0124
2401,0.822732,0.0112
2402,0.821395,0.0124
2403,0.821215,0.0125
2404,0.820915,0.0125
2405,0.820766,0.0126
2406,0.820320,0.0112
2407,0.820627,0.0125
2408,0.820462,0.0112
2409,0.819790,0.0112
2410,0.819043,0.0101
2411,0.818515,0.0092
2412,0.817186,0.0077
2413,0.817140,0.0114
2414,0.816244,0.0110
2415,0.815846,0.0110
2416,0.815427,0.0110
2417,0.814676,0.0110
2418,0.815236,0.0110
2419,0.815500,0.0089
2420,0.816033,0.0074
2421,0.816098,0.0073
2422,0.816645,0.0073
2423,0.816921,0.0131
2424,0.816984,0.0109
2425,0.815842,0.0109
2426,0.816252,0.0110
2427,0.815765,0.0110
2428,0.814824,0.0110
2429,0.814501,0.0111
2430,0.813938,0.0110
2431,0.813541,0.0111
2432,0.814690,0.0111
2433,0.817112,0.0125
2434,0.820712,0.0112
2435,0.822915,0.0112
2436,0.825643,0.0112
2437,0.828139,0.0111
2438,0.829009,0.0125
2439,0.829266,0.0111
2440,0.830074,0.0124
2441,0.830112,0.0111
2442,0.830437,0.0126
2443,0.830141,0.0112
2444,0.829756,0.0111
2445,0.829649,0.0125
2446,0.830295,0.0112
2447,0.831092,0.0101
2448,0.831568,0.0076
2449,0.830871,0.0073
2450,0.830930,0.0072
2451,0.830315,0.0099
2452,0.830158,0.0076
2453,0.828962,0.0112
2454,0.829203,0.0107
2455,0.830024,0.0108
2456,0.830490,0.0109
2457,0.828960,0.0110
2458,0.827865,0.0110
2459,0.827802,0.0110
2460,0.827381,0.0110
2461,0.827631,0.0110
2462,0.827353,0.0110
2463,0.827208,0.0111
2464,0.826832,0.0112
2465,0.826477,0.0111
2466,0.825353,0.0111
2467,0.824337,0.0111
2468,0.824170,0.0111
2469,0.823671,0.0111
2470,0.822849,0.0111
2471,0.822211,0.0111
2472,0.821764,0.0111
2473,0.822365,0.0111
2474,0.822924,0.0125
2475,0.824205,0.0112
2476,0.826047,0.0112
2477,0.828312,0.0126
2478,0.830162,0.0104
2479,0.831870,0.0074
2480,0.832518,0.0073
2481,0.832328,0.0073
2482,0.831622,0.0132
2483,0.831093,0.0108
2484,0.830690,0.0108
2485,0.829861,0.0108
2486,0.828039,0.0110
2487,0.826986,0.0110
2488,0.825339,0.0105
2489,0.824665,0.0075
2490,0.823859,0.0105
2491,0.824444,0.0110
2492,0.824864,0.0109
2493,0.824667,0.0110
2494,0.825190,0.0110
2495,0.826579,0.0124
2496,0.827259,0.0110
2497,0.829468,0.0111
2498,0.831041,0.0111
2499,0.831659,0.0112
2500,0.832491,0.0113
2501,0.833648,0.0113
2502,0.834856,0.0127
2503,0.834829,0.0126
2504,0.835593,0.0112
2505,0.835916,0.0126
2506,0.835751,0.0126
2507,0.836343,0.0126
2508,0.836431,0.0079
2509,0.836351,0.0073
2510,0.836496,0.0072
2511,0.836875,0.0129
2512,0.836789,0.0109
2513,0.835997,0.0109
2514,0.836188,0.0109
2515,0.835822,0.0109
2516,0.836092,0.0111
2517,0.835461,0.0111
2518,0.833956,0.0124
2519,0.832727,0.0113
2520,0.832251,0.0126
2521,0.834780,0.0113
2522,0.837283,0.0113
2523,0.839668,0.0106
2524,0.842192,0.0079
2525,0.843481,0.0107
2526,0.843886,0.0111
2527,0.842580,0.0110
2528,0.841463,0.0111
2529,0.839384,0.0110
2530,0.838072,0.0111
2531,0.837390,0.0111
2532,0.836346,0.0111
2533,0.836138,0.0126
2534,0.836882,0.0113
2535,0.836112,0.0126
2536,0.835028,0.0112
2537,0.833804,0.0104
2538,0.833293,0.0075
2539,0.832970,0.0073
2540,0.832990,0.0073
2541,0.834719,0.0129
2542,0.835970,0.0109
2543,0.837703,0.0109
2544,0.838840,0.0108
2545,0.839805,0.0109
2546,0.841635,0.0109
2547,0.841634,0.0110
2548,0.841994,0.0110
2549,0.841080,0.0111
2550,0.840832,0.0111
2551,0.840940,0.0125
2552,0.840461,0.0111
2553,0.839590,0.0111
2554,0.838707,0.0111
2555,0.838216,0.0125
2556,0.838455,0.0125
2557,0.837994,0.0112
2558,0.838121,0.0126
2559,0.837846,0.0109
2560,0.837596,0.0073
2561,0.836905,0.0108
2562,0.835555,0.0110
2563,0.834721,0.0108
2564,0.834292,0.0108
2565,0.834239,0.0109
2566,0.833717,0.0109
2567,0.832798,0.0099
2568,0.831568,0.0075
2569,0.831137,0.0072
2570,0.831477,0.0072
2571,0.831395,0.0131
2572,0.830978,0.0108
2573,0.830925,0.0109
2574,0.830838,0.0110
2575,0.830869,0.0110
2576,0.829752,0.0110
2577,0.828525,0.0110
2578,0.828177,0.0123
2579,0.827885,0.0124
2580,0.829188,0.0126
2581,0.828640,0.0126
2582,0.828300,0.0113
2583,0.827342,0.0113
2584,0.827314,0.0126
2585,0.826799,0.0113
2586,0.826987,0.0113
2587,0.827040,0.0128
2588,0.826403,0.0112
2589,0.825027,0.0112
2590,0.824537,0.0111
2591,0.824319,0.0112
2592,0.824695,0.0126
2593,0.824276,0.0112
2594,0.824109,0.0112
2595,0.823913,0.0079
2596,0.822917,0.0073
2597,0.824050,0.0073
2598,0.828980,0.0098
2599,0.835158,0.0079
2600,0.842995,0.0112
2601,0.850348,0.0109
2602,0.857943,0.0110
2603,0.863197,0.0108
2604,0.867626,0.0109
2605,0.870733,0.0110
2606,0.872610,0.0111
2607,0.873875,0.0111
2608,0.875411,0.0125
2609,0.875932,0.0112
2610,0.876602,0.0112
2611,0.876813,0.0112
2612,0.876200,0.0126
2613,0.875231,0.0112
2614,0.873191,0.0127
2615,0.871589,0.0111
2616,0.869655,0.0125
2617,0.867232,0.0111
2618,0.865996,0.0111
2619,0.864648,0.0112
2620,0.863901,0.0113
2621,0.862046,0.0113
2622,0.860607,0.0112
2623,0.858354,0.0112
2624,0.856602,0.0102
2625,0.853772,0.0076
2626,0.851364,0.0073
2627,0.848335,0.0073
2628,0.845686,0.0119
2629,0.843073,0.0110
2630,0.840367,0.0109
2631,0.837658,0.0109
2632,0.835797,0.0109
2633,0.834832,0.0110
2634,0.833331,0.0100
2635,0.831843,0.0091
2636,0.830414,0.0078
2637,0.829210,0.0115
2638,0.827536,0.0109
2639,0.826488,0.0110
2640,0.825133,0.0109
2641,0.823932,0.0110
2642,0.822093,0.0110
2643,0.821530,0.0123
2644,0.821221,0.0111
2645,0.821573,0.0112
2646,0.822088,0.0113
2647,0.822245,0.0126
2648,0.821106,0.0113
2649,0.820457,0.0112
2650,0.819806,0.0112
2651,0.819162,0.0125
2652,0.817906,0.0112
2653,0.817693,0.0112
2654,0.816867,0.0126
2655,0.816501,0.0091
2656,0.816325,0.0074
2657,0.815805,0.0073
2658,0.815477,0.0073
2659,0.814976,0.0130
2660,0.814020,0.0108
2661,0.812951,0.0110
2662,0.811890,0.0110
2663,0.811798,0.0111
2664,0.811649,0.0129
2665,0.812344,0.0111
2666,0.813100,0.0124
2667,0.813587,0.0110
2668,0.814606,0.0112
2669,0.814898,0.0125
2670,0.814392,0.0111
2671,0.813735,0.0095
2672,0.813041,0.0081
2673,0.811497,0.0116
2674,0.810559,0.0114
2675,0.808914,0.0095
2676,0.807374,0.0124
2677,0.806831,0.0096
2678,0.805782,0.0110
2679,0.805546,0.0110
2680,0.805064,0.0124
2681,0.804819,0.0124
2682,0.804936,0.0111
2683,0.804723,0.0127
2684,0.804605,0.0111
2685,0.803991,0.0090
2686,0.803918,0.0074
2687,0.803352,0.0073
2688,0.803482,0.0078
2689,0.803256,0.0128
2690,0.802988,0.0107
2691,0.803154,0.0108
2692,0.802596,0.0108
2693,0.802652,0.0111
2694,0.802680,0.0125
2695,0.803298,0.0112
2696,0.803212,0.0125
2697,0.803386,0.0124
2698,0.803590,0.0112
2699,0.803335,0.0126
2700,0.802952,0.0113
2701,0.803052,0.0112
2702,0.803450,0.0112
2703,0.803437,0.0112
2704,0.803126,0.0126
2705,0.802847,0.0113
2706,0.802215,0.0113
2707,0.802342,0.0096
2708,0.802500,0.0078
2709,0.802147,0.0116
2710,0.801610,0.0110
2711,0.801166,0.0110
2712,0.802063,0.0110
2713,0.803136,0.0110
2714,0.804499,0.0124
2715,0.805445,0.0083
2716,0.806411,0.0075
2717,0.807295,0.0072
2718,0.808155,0.0130
2719,0.808448,0.0109
2720,0.808011,0.0109
2721,0.807910,0.0109
2722,0.807828,0.0110
2723,0.806957,0.0110
2724,0.806168,0.0124
2725,0.805610,0.0111
2726,0.804518,0.0112
2727,0.803961,0.0112
2728,0.803102,0.0112
2729,0.803039,0.0112
2730,0.803416,0.0111
2731,0.803391,0.0111
2732,0.802709,0.0110
2733,0.803347,0.0111
2734,0.804051,0.0124
2735,0.804651,0.0125
2736,0.805526,0.0125
2737,0.805429,0.0112
2738,0.805419,0.0126
2739,0.806102,0.0126
2740,0.806573,0.0112
2741,0.806558,0.0112
2742,0.806331,0.0092
2743,0.806253,0.0074
2744,0.806427,0.0073
2745,0.806097,0.0079
2746,0.805792,0.0095
2747,0.805309,0.0104
2748,0.804156,0.0108
2749,0.803174,0.0107
2750,0.803145,0.0108
2751,0.802994,0.0109
2752,0.802938,0.0110
2753,0.803292,0.0110
2754,0.803565,0.0112
2755,0.803193,0.0112
2756,0.803292,0.0126
2757,0.803261,0.0113
2758,0.803423,0.0112
2759,0.803751,0.0112
2760,0.803624,0.0112
2761,0.803829,0.0112
2762,0.803495,0.0111
2763,0.803481,0.0112
2764,0.803546,0.0112
2765,0.803682,0.0125
2766,0.804252,0.0125
2767,0.804662,0.0111
2768,0.804633,0.0111
2769,0.804441,0.0111
2770,0.804184,0.0112
2771,0.803984,0.0112
2772,0.803298,0.0102
2773,0.803351,0.0076
2774,0.803406,0.0073
2775,0.802772,0.0073
2776,0.802587,0.0132
2777,0.802531,0.0108
2778,0.802787,0.0108
2779,0.802925,0.0108
2780,0.802414,0.0111
2781,0.802697,0.0112
2782,0.802779,0.0109
2783,0.802456,0.0073
2784,0.802356,0.0104
2785,0.802431,0.0110
2786,0.802857,0.0110
2787,0.803473,0.0110
2788,0.804126,0.0110
2789,0.803794,0.0111
2790,0.804467,0.0124
2791,0.805637,0.0111
2792,0.805610,0.0127
2793,0.805920,0.0125
2794,0.806058,0.0112
2795,0.806290,0.0112
2796,0.806572,0.0125
2797,0.807791,0.0124
2798,0.808141,0.0112
2799,0.808027,0.0113
2800,0.807523,0.0113
2801,0.806667,0.0100
2802,0.806217,0.0090
2803,0.806116,0.0074
2804,0.806803,0.0073
2805,0.807046,0.0072
2806,0.807257,0.0131
2807,0.806825,0.0107
2808,0.806436,0.0110
2809,0.806397,0.0109
2810,0.805900,0.0111
2811,0.805663,0.0125
2812,0.805806,0.0125
2813,0.805595,0.0111
2814,0.805402,0.0112
2815,0.805016,0.0127
2816,0.805390,0.0111
2817,0.805447,0.0112
2818,0.805511,0.0095
2819,0.805096,0.0078
2820,0.804695,0.0116
2821,0.803930,0.0111
2822,0.804161,0.0124
2823,0.803739,0.0111
2824,0.803221,0.0111
2825,0.803259,0.0112
2826,0.803527,0.0111
2827,0.803328,0.0125
2828,0.802480,0.0112
2829,0.802089,0.0112
2830,0.802158,0.0112
2831,0.802166,0.0126
2832,0.801952,0.0079
2833,0.802104,0.0073
2834,0.801564,0.0072
2835,0.801428,0.0132
2836,0.801444,0.0109
2837,0.800891,0.0109
2838,0.800768,0.0110
2839,0.800911,0.0110
2840,0.800578,0.0110
2841,0.800813,0.0111
2842,0.800299,0.0111
2843,0.800178,0.0125
2844,0.799717,0.0125
2845,0.799744,0.0113
2846,0.800176,0.0111
2847,0.800172,0.0126
2848,0.799914,0.0112
2849,0.800414,0.0126
2850,0.801061,0.0126
2851,0.801167,0.0112
2852,0.801234,0.0112
2853,0.800853,0.0095
2854,0.800822,0.0078
2855,0.800617,0.0116
2856,0.800494,0.0110
2857,0.799952,0.0110
2858,0.800497,0.0095
2859,0.801130,0.0110
2860,0.801828,0.0110
2861,0.802313,0.0100
2862,0.802589,0.0075
2863,0.803072,0.0073
2864,0.803693,0.0072
2865,0.803713,0.0118
2866,0.804160,0.0108
2867,0.803517,0.0107
2868,0.803368,0.0110
2869,0.803681,0.0110
2870,0.803655,0.0112
2871,0.803942,0.0112
2872,0.804127,0.0111
2873,0.805667,0.0125
2874,0.805650,0.0125
2875,0.806151,0.0126
2876,0.805654,0.0126
2877,0.805220,0.0126
2878,0.804302,0.0112
2879,0.804556,0.0127
2880,0.804961,0.0113
2881,0.805003,0.0112
2882,0.805718,0.0126
2883,0.806263,0.0127
2884,0.806043,0.0112
2885,0.806501,0.0113
2886,0.806810,0.0126
2887,0.806005,0.0113
2888,0.804770,0.0104
2889,0.803723,0.0074
2890,0.803766,0.0073
2891,0.803750,0.0078
2892,0.804069,0.0095
2893,0.803928,0.0081
2894,0.805527,0.0108
2895,0.807555,0.0107
2896,0.808771,0.0108
2897,0.809069,0.0109
2898,0.809311,0.0110
2899,0.809450,0.0112
2900,0.809572,0.0126
2901,0.810084,0.0113
2902,0.809875,0.0126
2903,0.809897,0.0112
2904,0.810302,0.0112
2905,0.809834,0.0125
2906,0.809721,0.0111
2907,0.809376,0.0125
2908,0.809068,0.0125
2909,0.808799,0.0111
2910,0.808003,0.0125
2911,0.806789,0.0112
2912,0.805654,0.0112
2913,0.805725,0.0112
2914,0.806249,0.0112
2915,0.806835,0.0111
2916,0.808220,0.0125
2917,0.808650,0.0112
2918,0.809333,0.0079
2919,0.810011,0.0073
2920,0.809314,0.0073
2921,0.808507,0.0132
2922,0.807486,0.0109
2923,0.806965,0.0109
2924,0.805956,0.0109
2925,0.805350,0.0110
2926,0.804920,0.0110
2927,0.803875,0.0105
2928,0.803961,0.0075
2929,0.803821,0.0106
2930,0.802839,0.0111
2931,0.802504,0.0096
2932,0.802485,0.0110
2933,0.802090,0.0110
2934,0.801675,0.0110
2935,0.802322,0.0123
2936,0.802886,0.0111
2937,0.803033,0.0125
2938,0.803309,0.0125
2939,0.803152,0.0126
2940,0.802816,0.0113
2941,0.802560,0.0127
2942,0.802428,0.0113
2943,0.802060,0.0112
2944,0.801250,0.0126
2945,0.800803,0.0112
2946,0.801086,0.0126
2947,0.801039,0.0080
2948,0.800601,0.0076
2949,0.800261,0.0073
2950,0.800376,0.0132
2951,0.800353,0.0107
2952,0.800066,0.0109
2953,0.799323,0.0111
2954,0.798719,0.0111
2955,0.797462,0.0111
2956,0.796997,0.0111
2957,0.796769,0.0124
2958,0.797118,0.0112
2959,0.797503,0.0124
2960,0.797833,0.0111
2961,0.797875,0.0111
2962,0.798525,0.0109
2963,0.798945,0.0073
2964,0.799243,0.0105
2965,0.799930,0.0125
2966,0.800572,0.0110
2967,0.800560,0.0110
2968,0.800564,0.0111
2969,0.800200,0.0110
2970,0.800176,0.0111
2971,0.800925,0.0096
2972,0.800908,0.0110
2973,0.801468,0.0110
2974,0.801235,0.0125
2975,0.801072,0.0112
2976,0.801008,0.0112
2977,0.801393,0.0079
2978,0.800738,0.0073
2979,0.800727,0.0073
2980,0.800783,0.0132
2981,0.801067,0.0108
2982,0.800880,0.0110
2983,0.800475,0.0111
2984,0.800308,0.0111
2985,0.800146,0.0124
2986,0.799637,0.0111
2987,0.799538,0.0127
2988,0.799737,0.0111
2989,0.799501,0.0125
2990,0.799535,0.0126
2991,0.799188,0.0126
2992,0.798850,0.0112
2993,0.798660,0.0112
2994,0.799038,0.0126
2995,0.799368,0.0126
2996,0.799364,0.0126
2997,0.799208,0.0096
2998,0.798715,0.0078
2999,0.798621,0.0116
3000,0.798773,0.0109
3001,0.799241,0.0098
3002,0.799082,0.0110
3003,0.799141,0.0111
3004,0.798931,0.0126
3005,0.799127,0.0079
3006,0.799165,0.0073
3007,0.798989,0.0073
3008,0.799052,0.0133
3009,0.799449,0.0109
3010,0.799561,0.0110
3011,0.799742,0.0109
3012,0.800691,0.0110
3013,0.799884,0.0111
3014,0.800270,0.0111
3015,0.799737,0.0111
3016,0.799989,0.0111
3017,0.799788,0.0110
3018,0.799539,0.0111
3019,0.799133,0.0111
3020,0.799168,0.0125
3021,0.798817,0.0112
3022,0.798849,0.0127
3023,0.798687,0.0112
3024,0.798373,0.0125
3025,0.797754,0.0112
3026,0.797894,0.0112
3027,0.798212,0.0113
3028,0.797904,0.0113
3029,0.797518,0.0112
3030,0.796859,0.0112
3031,0.796374,0.0112
3032,0.795796,0.0112
3033,0.795789,0.0091
3034,0.795545,0.0073
3035,0.795647,0.0073
3036,0.795763,0.0099
3037,0.795600,0.0076
3038,0.794993,0.0102
3039,0.795498,0.0109
3040,0.795932,0.0108
3041,0.796417,0.0110
3042,0.796543,0.0110
3043,0.796629,0.0111
3044,0.796417,0.0112
3045,0.796361,0.0112
3046,0.796374,0.0112
3047,0.796113,0.0111
3048,0.796182,0.0111
3049,0.795885,0.0112
3050,0.795879,0.0112
3051,0.796026,0.0125
3052,0.796930,0.0113
3053,0.797256,0.0127
3054,0.797630,0.0113
3055,0.797545,0.0113
3056,0.797250,0.0126
3057,0.797201,0.0113
3058,0.797449,0.0127
3059,0.797756,0.0130
3060,0.798634,0.0113
3061,0.799353,0.0125
3062,0.799267,0.0115
3063,0.800021,0.0076
3064,0.800487,0.0073
3065,0.800720,0.0073
3066,0.800907,0.0130
3067,0.800881,0.0108
3068,0.800966,0.0109
3069,0.803379,0.0109
3070,0.803895,0.0111
3071,0.805680,0.0111
3072,0.807143,0.0108
3073,0.808162,0.0073
3074,0.808845,0.0104
3075,0.809165,0.0110
3076,0.809580,0.0110
3077,0.809410,0.0110
3078,0.809383,0.0111
3079,0.809232,0.0111
3080,0.809329,0.0111
3081,0.809757,0.0124
3082,0.809907,0.0111
3083,0.809252,0.0111
3084,0.808437,0.0125
3085,0.808334,0.0113
3086,0.807383,0.0113
3087,0.807548,0.0112
3088,0.807396,0.0126
3089,0.806625,0.0125
3090,0.806119,0.0112
3091,0.805638,0.0127
3092,0.805244,0.0092
3093,0.804757,0.0074
3094,0.804385,0.0073
3095,0.803893,0.0120
3096,0.803900,0.0110
3097,0.804448,0.0109
3098,0.805202,0.0110
3099,0.805613,0.0110
3100,0.805482,0.0111
3101,0.804788,0.0110
3102,0.804720,0.0111
3103,0.804481,0.0124
3104,0.803813,0.0112
3105,0.803111,0.0112
3106,0.803383,0.0112
3107,0.802851,0.0116
3108,0.802288,0.0093
3109,0.801967,0.0081
3110,0.801879,0.0116
3111,0.802068,0.0124
3112,0.802165,0.0111
3113,0.802231,0.0111
3114,0.802111,0.0127
3115,0.802154,0.0111
3116,0.801746,0.0112
3117,0.802262,0.0112
3118,0.802405,0.0113
3119,0.802738,0.0113
3120,0.802401,0.0113
3121,0.802221,0.0112
3122,0.802496,0.0091
3123,0.802451,0.0073
3124,0.802018,0.0073
3125,0.801874,0.0101
3126,0.801627,0.0114
3127,0.801016,0.0109
3128,0.800877,0.0110
3129,0.801474,0.0110
3130,0.801342,0.0110
3131,0.801517,0.0111
3132,0.803019,0.0124
3133,0.801979,0.0111
3134,0.802733,0.0111
3135,0.803164,0.0128
3136,0.803504,0.0126
3137,0.803645,0.0113
3138,0.803431,0.0126
3139,0.802877,0.0113
3140,0.802858,0.0113
3141,0.802902,0.0113
3142,0.802510,0.0112
3143,0.802406,0.0117
3144,0.801701,0.0092
3145,0.801574,0.0079
3146,0.801254,0.0115
3147,0.801102,0.0095
3148,0.801514,0.0110
3149,0.802160,0.0124
3150,0.802521,0.0125
3151,0.803208,0.0112
3152,0.802966,0.0080
3153,0.803047,0.0073
3154,0.802323,0.0073
3155,0.801610,0.0135
3156,0.801465,0.0110
3157,0.800953,0.0124
3158,0.801146,0.0125
3159,0.801314,0.0112
3160,0.800711,0.0126
3161,0.800404,0.0112
3162,0.801012,0.0112
3163,0.801079,0.0112
3164,0.801327,0.0126
3165,0.801034,0.0125
3166,0.800981,0.0113
3167,0.801040,0.0112
3168,0.800758,0.0112
3169,0.800846,0.0112
3170,0.800833,0.0112
3171,0.800635,0.0112
3172,0.800253,0.0112
3173,0.800664,0.0112
3174,0.799599,0.0126
3175,0.799944,0.0112
3176,0.800162,0.0112
3177,0.799873,0.0111
3178,0.799521,0.0096
3179,0.799622,0.0101
3180,0.799744,0.0076
3181,0.800315,0.0073
3182,0.800678,0.0073
3183,0.800720,0.0099
3184,0.801288,0.0079
3185,0.801508,0.0113
3186,0.801163,0.0107
3187,0.800905,0.0108
3188,0.800877,0.0109
3189,0.799936,0.0110
3190,0.800226,0.0111
3191,0.799592,0.0112
3192,0.799129,0.0112
3193,0.799048,0.0111
3194,0.799191,0.0125
3195,0.799722,0.0124
3196,0.800422,0.0126
3197,0.801312,0.0113
3198,0.801960,0.0113
3199,0.802069,0.0126
3200,0.802501,0.0126
3201,0.802489,0.0115
3202,0.802107,0.0113
3203,0.801962,0.0113
3204,0.801395,0.0113
3205,0.800709,0.0125
3206,0.800212,0.0126
3207,0.800152,0.0112
3208,0.801473,0.0101
3209,0.803987,0.0076
3210,0.807368,0.0073
3211,0.810180,0.0073
3212,0.812620,0.0133
3213,0.813507,0.0109
3214,0.813990,0.0110
3215,0.813372,0.0110
3216,0.812121,0.0111
3217,0.810781,0.0125
3218,0.809507,0.0096
3219,0.807506,0.0078
3220,0.805838,0.0116
3221,0.803979,0.0124
3222,0.801927,0.0111
3223,0.800867,0.0111
3224,0.800148,0.0111
3225,0.799660,0.0111
3226,0.799313,0.0111
3227,0.799468,0.0112
3228,0.799365,0.0126
3229,0.799562,0.0112
3230,0.799063,0.0126
3231,0.798474,0.0113
3232,0.797981,0.0112
3233,0.797776,0.0112
3234,0.797604,0.0126
3235,0.797568,0.0113
3236,0.797088,0.0126
3237,0.797041,0.0113
3238,0.797595,0.0079
3239,0.797667,0.0074
3240,0.797469,0.0073
3241,0.797410,0.0132
3242,0.796541,0.0109
3243,0.795896,0.0110
3244,0.795353,0.0109
3245,0.795218,0.0110
3246,0.795004,0.0123
3247,0.794315,0.0111
3248,0.793471,0.0124
3249,0.792820,0.0112
3250,0.793008,0.0112
3251,0.792961,0.0126
3252,0.792488,0.0116
3253,0.792132,0.0093
3254,0.791917,0.0079
3255,0.791954,0.0114
3256,0.791822,0.0123
3257,0.792057,0.0110
3258,0.791659,0.0111
3259,0.791537,0.0125
3260,0.791604,0.0112
3261,0.791377,0.0126
3262,0.791039,0.0126
3263,0.791172,0.0112
3264,0.791631,0.0126
3265,0.792195,0.0112
3266,0.792127,0.0091
3267,0.792025,0.0074
3268,0.791565,0.0073
3269,0.791288,0.0073
3270,0.790782,0.0130
3271,0.790811,0.0109
3272,0.790704,0.0109
3273,0.790188,0.0110
3274,0.789749,0.0111
3275,0.789602,0.0112
3276,0.789514,0.0127
3277,0.789595,0.0112
3278,0.789480,0.0125
3279,0.789554,0.0112
3280,0.789438,0.0127
3281,0.789808,0.0113
3282,0.790192,0.0112
3283,0.790278,0.0112
3284,0.789660,0.0112
3285,0.790044,0.0112
3286,0.790294,0.0126
3287,0.790137,0.0112
3288,0.789655,0.0107
3289,0.789115,0.0075
3290,0.789226,0.0109
3291,0.789484,0.0127
3292,0.789334,0.0111
3293,0.789367,0.0125
3294,0.788807,0.0111
3295,0.788675,0.0112
3296,0.788340,0.0079
3297,0.788342,0.0073
3298,0.788258,0.0073
3299,0.788224,0.0132
3300,0.787874,0.0108
3301,0.788220,0.0109
3302,0.788612,0.0109
3303,0.788833,0.0110
3304,0.788861,0.0110
3305,0.788941,0.0110
3306,0.788712,0.0110
3307,0.788157,0.0110
3308,0.788083,0.0111
3309,0.788353,0.0125
3310,0.788039,0.0113
3311,0.787741,0.0126
3312,0.787731,0.0126
3313,0.788009,0.0113
3314,0.787930,0.0113
3315,0.788129,0.0113
3316,0.788621,0.0127
3317,0.789125,0.0126
3318,0.789759,0.0126
3319,0.790070,0.0125
3320,0.789936,0.0127
3321,0.789614,0.0127
3322,0.789900,0.0092
3323,0.789555,0.0074
3324,0.788831,0.0073
3325,0.788157,0.0100
3326,0.788036,0.0077
3327,0.788467,0.0100
3328,0.788895,0.0110
3329,0.789481,0.0109
3330,0.788541,0.0110
3331,0.788398,0.0111
3332,0.787858,0.0124
3333,0.787866,0.0111
3334,0.788000,0.0110
3335,0.788295,0.0111
3336,0.788346,0.0111
3337,0.788196,0.0112
3338,0.788242,0.0112
3339,0.787938,0.0110
3340,0.787743,0.0125
3341,0.787752,0.0112
3342,0.787915,0.0112
3343,0.788171,0.0112
3344,0.787688,0.0112
3345,0.787105,0.0111
3346,0.786677,0.0111
3347,0.786515,0.0125
3348,0.786462,0.0111
3349,0.786348,0.0124
3350,0.786653,0.0125
3351,0.786976,0.0113
3352,0.787633,0.0080
3353,0.787659,0.0074
3354,0.787695,0.0074
3355,0.787836,0.0120
3356,0.788443,0.0108
3357,0.788235,0.0109
3358,0.787879,0.0109
3359,0.787916,0.0110
3360,0.788263,0.0111
3361,0.788051,0.0119
3362,0.787783,0.0076
3363,0.787094,0.0110
3364,0.786902,0.0113
3365,0.786655,0.0125
3366,0.786574,0.0112
3367,0.786469,0.0111
3368,0.786325,0.0111
3369,0.786485,0.0111
3370,0.786812,0.0125
3371,0.786483,0.0112
3372,0.786004,0.0126
3373,0.786207,0.0112
3374,0.786689,0.0126
3375,0.786563,0.0126
3376,0.786147,0.0112
3377,0.786444,0.0113
3378,0.786585,0.0114
3379,0.786740,0.0127
3380,0.786819,0.0114
3381,0.786891,0.0080
3382,0.786871,0.0074
3383,0.786970,0.0074
3384,0.787164,0.0133
3385,0.787632,0.0109
3386,0.787328,0.0109
3387,0.786826,0.0109
3388,0.786615,0.0109
3389,0.786323,0.0109
3390,0.786978,0.0110
3391,0.787301,0.0111
3392,0.786954,0.0112
3393,0.786928,0.0126
3394,0.786581,0.0128
3395,0.786782,0.0126
3396,0.786843,0.0096
3397,0.786647,0.0077
3398,0.786780,0.0116
3399,0.786734,0.0124
3400,0.787013,0.0124
3401,0.786246,0.0114
3402,0.785981,0.0112
3403,0.785923,0.0112
3404,0.786428,0.0125
3405,0.786236,0.0111
3406,0.785406,0.0112
3407,0.784735,0.0113
3408,0.784898,0.0127
3409,0.784926,0.0092
3410,0.785748,0.0074
3411,0.786378,0.0074
3412,0.786698,0.0102
3413,0.786852,0.0115
3414,0.786509,0.0109
3415,0.786067,0.0109
3416,0.786115,0.0111
3417,0.785953,0.0126
3418,0.786219,0.0113
3419,0.786712,0.0113
3420,0.786622,0.0126
3421,0.786885,0.0125
3422,0.786758,0.0125
3423,0.787557,0.0126
3424,0.787488,0.0112
3425,0.788217,0.0112
3426,0.788314,0.0112
3427,0.788199,0.0125
3428,0.788741,0.0113
3429,0.788741,0.0126
3430,0.788586,0.0096
3431,0.787794,0.0078
3432,0.787819,0.0116
3433,0.787384,0.0125
3434,0.786816,0.0111
3435,0.786681,0.0112
3436,0.786531,0.0126
3437,0.786372,0.0102
3438,0.786077,0.0082
3439,0.785901,0.0074
3440,0.786189,0.0073
3441,0.785905,0.0134
3442,0.785940,0.0110
3443,0.786180,0.0110
3444,0.785654,0.0124
3445,0.785942,0.0125
3446,0.786122,0.0112
3447,0.786045,0.0126
3448,0.785974,0.0126
3449,0.785584,0.0112
3450,0.786165,0.0113
3451,0.786726,0.0113
3452,0.787328,0.0126
3453,0.787874,0.0126
3454,0.788130,0.0125
3455,0.788261,0.0113
3456,0.788796,0.0113
3457,0.789775,0.0113
3458,0.790505,0.0127
3459,0.791160,0.0127
3460,0.791739,0.0127
3461,0.792372,0.0127
3462,0.793014,0.0126
3463,0.793105,0.0092
3464,0.793016,0.0074
3465,0.793299,0.0074
3466,0.793302,0.0101
3467,0.793617,0.0077
3468,0.793471,0.0113
3469,0.793796,0.0108
3470,0.793760,0.0109
3471,0.793523,0.0110
3472,0.793399,0.0125
3473,0.792828,0.0112
3474,0.792580,0.0111
3475,0.792261,0.0111
3476,0.792137,0.0111
3477,0.792391,0.0124
3478,0.792260,0.0111
3479,0.791333,0.0111
3480,0.791175,0.0112
3481,0.790903,0.0112
3482,0.790765,0.0112
3483,0.791530,0.0112
3484,0.791314,0.0125
3485,0.790762,0.0126
3486,0.790859,0.0112
3487,0.790048,0.0126
3488,0.790126,0.0126
3489,0.790573,0.0113
3490,0.790248,0.0126
3491,0.789926,0.0114
3492,0.790310,0.0080
3493,0.790076,0.0074
3494,0.790283,0.0073
3495,0.790351,0.0134
3496,0.789887,0.0109
3497,0.789936,0.0109
3498,0.790437,0.0110
3499,0.790812,0.0095
3500,0.790725,0.0124
3501,0.790385,0.0105
3502,0.790614,0.0075
3503,0.790502,0.0078
3504,0.790605,0.0114
3505,0.790658,0.0124
3506,0.790639,0.0111
3507,0.790517,0.0124
3508,0.790444,0.0111
3509,0.790037,0.0124
3510,0.790071,0.0125
3511,0.789560,0.0112
3512,0.789852,0.0126
3513,0.790328,0.0126
3514,0.790210,0.0127
3515,0.789596,0.0126
3516,0.789557,0.0126
3517,0.789708,0.0113
3518,0.789833,0.0112
3519,0.789744,0.0112
3520,0.789474,0.0102
3521,0.789515,0.0076
3522,0.789359,0.0073
3523,0.789311,0.0073
3524,0.788713,0.0132
3525,0.788645,0.0109
3526,0.788163,0.0109
3527,0.788360,0.0111
3528,0.788414,0.0111
3529,0.788458,0.0111
3530,0.788479,0.0111
3531,0.788368,0.0112
3532,0.788414,0.0125
3533,0.788637,0.0112
3534,0.788409,0.0113
3535,0.788036,0.0112
3536,0.787770,0.0101
3537,0.787164,0.0092
3538,0.787560,0.0078
3539,0.787804,0.0114
3540,0.788175,0.0110
3541,0.788217,0.0110
3542,0.787736,0.0110
3543,0.787690,0.0110
3544,0.788043,0.0125
3545,0.787606,0.0112
3546,0.787645,0.0113
3547,0.787816,0.0127
3548,0.787788,0.0127
3549,0.787264,0.0112
3550,0.787545,0.0113
3551,0.787204,0.0079
3552,0.786874,0.0073
3553,0.786434,0.0072
3554,0.786175,0.0118
3555,0.786304,0.0109
3556,0.786434,0.0109
3557,0.786270,0.0109
3558,0.786443,0.0109
3559,0.786692,0.0111
3560,0.786896,0.0111
3561,0.786767,0.0111
3562,0.786400,0.0112
3563,0.785637,0.0112
3564,0.785802,0.0113
3565,0.786413,0.0113
3566,0.786807,0.0113
3567,0.786905,0.0113
3568,0.786872,0.0113
3569,0.786611,0.0112
3570,0.786292,0.0126
3571,0.786623,0.0128
3572,0.786325,0.0127
3573,0.786371,0.0096
3574,0.786841,0.0074
3575,0.786784,0.0106
3576,0.786967,0.0127
3577,0.786743,0.0112
3578,0.786577,0.0125
3579,0.786940,0.0125
3580,0.786871,0.0102
3581,0.785972,0.0077
3582,0.786061,0.0073
3583,0.785840,0.0073
3584,0.785741,0.0134
3585,0.785632,0.0110
3586,0.786078,0.0110
3587,0.785919,0.0110
3588,0.786007,0.0112
3589,0.786043,0.0112
3590,0.786391,0.0126
3591,0.786209,0.0127
3592,0.786409,0.0112
3593,0.786022,0.0125
3594,0.785602,0.0111
3595,0.785611,0.0112
3596,0.785452,0.0112
3597,0.785587,0.0112
3598,0.785544,0.0111
3599,0.785892,0.0111
3600,0.785404,0.0111
3601,0.784739,0.0113
3602,0.784903,0.0113
3603,0.784489,0.0113
3604,0.784089,0.0113
3605,0.784708,0.0126
3606,0.785185,0.0112
3607,0.785295,0.0112
3608,0.785653,0.0102
3609,0.786121,0.0076
3610,0.785907,0.0073
3611,0.785438,0.0073
3612,0.785893,0.0098
3613,0.786193,0.0079
3614,0.786428,0.0112
3615,0.786325,0.0107
3616,0.786338,0.0109
3617,0.786531,0.0110
3618,0.786406,0.0111
3619,0.786273,0.0111
3620,0.786374,0.0111
3621,0.786718,0.0111
3622,0.786506,0.0112
3623,0.786981,0.0125
3624,0.787264,0.0111
3625,0.787477,0.0113
3626,0.787180,0.0127
3627,0.786992,0.0112
3628,0.786808,0.0112
3629,0.787508,0.0112
3630,0.787581,0.0125
3631,0.787448,0.0112
3632,0.787298,0.0112
3633,0.787557,0.0113
3634,0.787706,0.0126
3635,0.787945,0.0112
3636,0.787750,0.0126
3637,0.787490,0.0113
3638,0.787099,0.0103
3639,0.786761,0.0077
3640,0.786558,0.0074
3641,0.786202,0.0074
3642,0.786007,0.0133
3643,0.786131,0.0109
3644,0.785928,0.0110
3645,0.785733,0.0110
3646,0.785622,0.0111
3647,0.785289,0.0111
3648,0.784994,0.0109
3649,0.784972,0.0074
3650,0.784584,0.0106
3651,0.784484,0.0126
3652,0.784836,0.0112
3653,0.784736,0.0127
3654,0.784720,0.0115
3655,0.784912,0.0112
3656,0.785269,0.0125
3657,0.785460,0.0112
3658,0.785770,0.0112
3659,0.785745,0.0097
3660,0.785749,0.0125
3661,0.785840,0.0124
3662,0.785659,0.0110
3663,0.785046,0.0128
3664,0.785454,0.0127
3665,0.785795,0.0113
3666,0.785806,0.0127
3667,0.786019,0.0102
3668,0.785991,0.0076
3669,0.785821,0.0073
3670,0.785833,0.0073
3671,0.785636,0.0132
3672,0.786253,0.0108
3673,0.785477,0.0109
3674,0.786173,0.0110
3675,0.786348,0.0111
3676,0.786443,0.0124
3677,0.786104,0.0111
3678,0.786310,0.0112
3679,0.785970,0.0112
3680,0.785910,0.0112
3681,0.785533,0.0127
3682,0.785926,0.0111
3683,0.785730,0.0109
3684,0.785747,0.0073
3685,0.785164,0.0105
3686,0.784913,0.0111
3687,0.785382,0.0109
3688,0.785379,0.0110
3689,0.785678,0.0110
3690,0.785360,0.0111
3691,0.785398,0.0126
3692,0.785592,0.0127
3693,0.785638,0.0113
3694,0.785830,0.0113
3695,0.785868,0.0113
3696,0.785703,0.0113
3697,0.785208,0.0101
3698,0.784908,0.0076
3699,0.784503,0.0073
3700,0.784139,0.0076
3701,0.784750,0.0131
3702,0.785632,0.0108
3703,0.785262,0.0109
3704,0.785141,0.0109
3705,0.785590,0.0110
3706,0.785347,0.0110
3707,0.784854,0.0111
3708,0.784721,0.0112
3709,0.784531,0.0112
3710,0.784635,0.0112
3711,0.784097,0.0112
3712,0.783987,0.0126
3713,0.784353,0.0126
3714,0.784042,0.0126
3715,0.784390,0.0126
3716,0.784464,0.0113
3717,0.784292,0.0113
3718,0.784082,0.0127
3719,0.784387,0.0095
3720,0.784583,0.0078
3721,0.784554,0.0116
3722,0.784571,0.0111
3723,0.784896,0.0111
3724,0.785109,0.0111
3725,0.785310,0.0112
3726,0.785036,0.0112
3727,0.785102,0.0091
3728,0.785628,0.0075
3729,0.785488,0.0074
3730,0.785246,0.0079
3731,0.785375,0.0127
3732,0.785935,0.0109
3733,0.786383,0.0109
3734,0.786323,0.0109
3735,0.785979,0.0111
3736,0.785650,0.0112
3737,0.785851,0.0126
3738,0.785905,0.0126
3739,0.785920,0.0126
3740,0.785332,0.0112
3741,0.785479,0.0112
3742,0.785081,0.0125
3743,0.785167,0.0113
3744,0.785069,0.0126
3745,0.785054,0.0112
3746,0.784642,0.0127
3747,0.785186,0.0125
3748,0.784689,0.0125
3749,0.784623,0.0125
3750,0.784592,0.0112
3751,0.784176,0.0112
3752,0.783702,0.0126
3753,0.783495,0.0113
3754,0.783891,0.0080
3755,0.783315,0.0073
3756,0.783497,0.0073
3757,0.782947,0.0099
3758,0.782655,0.0079
3759,0.783164,0.0112
3760,0.783332,0.0108
3761,0.783570,0.0108
3762,0.783410,0.0108
3763,0.783608,0.0110
3764,0.783907,0.0110
3765,0.783694,0.0111
3766,0.784146,0.0124
3767,0.784438,0.0112
3768,0.784359,0.0126
3769,0.784333,0.0113
3770,0.784240,0.0127
3771,0.783968,0.0113
3772,0.783817,0.0113
3773,0.783592,0.0113
3774,0.784291,0.0126
3775,0.784497,0.0112
3776,0.784190,0.0111
3777,0.784479,0.0125
3778,0.784462,0.0126
3779,0.784331,0.0113
3780,0.784981,0.0114
3781,0.784828,0.0126
3782,0.785404,0.0113
3783,0.785349,0.0080
3784,0.785464,0.0074
3785,0.785208,0.0073
3786,0.784989,0.0133
3787,0.785279,0.0110
3788,0.784839,0.0110
3789,0.784727,0.0110
3790,0.784697,0.0111
3791,0.784810,0.0111
3792,0.784457,0.0105
3793,0.784451,0.0075
3794,0.784290,0.0108
3795,0.784447,0.0109
3796,0.784358,0.0109
3797,0.784750,0.0109
3798,0.784718,0.0111
3799,0.785102,0.0112
3800,0.785127,0.0126
3801,0.784681,0.0113
3802,0.784192,0.0112
3803,0.784302,0.0112
3804,0.784154,0.0126
3805,0.784211,0.0127
3806,0.784545,0.0112
3807,0.784452,0.0125
3808,0.784566,0.0112
3809,0.784325,0.0112
3810,0.784385,0.0113
3811,0.784520,0.0126
3812,0.784428,0.0080
3813,0.784920,0.0074
3814,0.785072,0.0074
3815,0.785208,0.0133
3816,0.784804,0.0111
3817,0.784570,0.0110
3818,0.784801,0.0123
3819,0.785210,0.0124
3820,0.784941,0.0111
3821,0.784263,0.0112
3822,0.783937,0.0126
3823,0.783393,0.0113
3824,0.783307,0.0113
3825,0.782828,0.0112
3826,0.782869,0.0116
3827,0.783083,0.0092
3828,0.782901,0.0081
3829,0.783103,0.0124
3830,0.783083,0.0111
3831,0.782884,0.0110
3832,0.782581,0.0111
3833,0.782960,0.0125
3834,0.783646,0.0113
3835,0.783593,0.0113
3836,0.783607,0.0113
3837,0.784390,0.0126
3838,0.784523,0.0113
3839,0.784659,0.0112
3840,0.784557,0.0115
3841,0.784716,0.0076
3842,0.785178,0.0077
3843,0.785359,0.0074
3844,0.785292,0.0132
3845,0.785324,0.0108
3846,0.785695,0.0109
3847,0.785638,0.0109
3848,0.785311,0.0124
3849,0.785239,0.0113
3850,0.785598,0.0127
3851,0.785315,0.0114
3852,0.785533,0.0127
3853,0.784911,0.0113
3854,0.784457,0.0112
3855,0.784351,0.0112
3856,0.784363,0.0127
3857,0.784278,0.0126
3858,0.783784,0.0113
3859,0.783657,0.0126
3860,0.783560,0.0126
3861,0.782836,0.0107
3862,0.782583,0.0076
3863,0.782514,0.0098
3864,0.782673,0.0126
3865,0.782622,0.0111
3866,0.782694,0.0125
3867,0.783024,0.0112
3868,0.783810,0.0125
3869,0.784552,0.0079
3870,0.784985,0.0073
3871,0.785243,0.0073
3872,0.786060,0.0132
3873,0.786734,0.0109
3874,0.787257,0.0110
3875,0.787501,0.0110
3876,0.787926,0.0111
3877,0.787626,0.0111
3878,0.787073,0.0125
3879,0.786159,0.0112
3880,0.785702,0.0125
3881,0.785890,0.0112
3882,0.785796,0.0127
3883,0.786046,0.0126
3884,0.785874,0.0113
3885,0.786226,0.0112
3886,0.786210,0.0125
3887,0.786317,0.0125
3888,0.786321,0.0126
3889,0.787144,0.0113
3890,0.787608,0.0113
3891,0.787922,0.0113
3892,0.788016,0.0112
3893,0.788568,0.0113
3894,0.788367,0.0112
3895,0.788170,0.0116
3896,0.788521,0.0077
3897,0.788387,0.0073
3898,0.788800,0.0077
3899,0.788860,0.0099
3900,0.788959,0.0077
3901,0.788893,0.0111
3902,0.788849,0.0108
3903,0.788971,0.0108
3904,0.788966,0.0109
3905,0.788722,0.0109
3906,0.788468,0.0110
3907,0.788440,0.0110
3908,0.788048,0.0110
3909,0.787792,0.0110
3910,0.788040,0.0111
3911,0.787124,0.0112
3912,0.787005,0.0112
3913,0.787356,0.0112
3914,0.787196,0.0126
3915,0.787072,0.0126
3916,0.786381,0.0126
3917,0.786382,0.0112
3918,0.786043,0.0113
3919,0.785857,0.0113
3920,0.785611,0.0125
3921,0.785679,0.0125
3922,0.785063,0.0112
3923,0.785479,0.0113
3924,0.785291,0.0127
3925,0.785270,0.0093
3926,0.784502,0.0074
3927,0.784268,0.0074
3928,0.784487,0.0102
3929,0.784493,0.0129
3930,0.784864,0.0110
3931,0.784753,0.0110
3932,0.784549,0.0125
3933,0.784357,0.0110
3934,0.784420,0.0104
3935,0.784301,0.0075
3936,0.784243,0.0105
3937,0.784841,0.0109
3938,0.784817,0.0109
3939,0.785223,0.0109
3940,0.785847,0.0109
3941,0.786256,0.0124
3942,0.786677,0.0112
3943,0.786797,0.0112
3944,0.787059,0.0112
3945,0.786630,0.0126
3946,0.786954,0.0113
3947,0.787337,0.0112
3948,0.788453,0.0125
3949,0.789048,0.0113
3950,0.789848,0.0113
3951,0.790181,0.0113
3952,0.789854,0.0113
3953,0.789295,0.0126
3954,0.789449,0.0102
3955,0.789244,0.0077
3956,0.789410,0.0074
3957,0.789780,0.0073
3958,0.790104,0.0130
3959,0.790442,0.0110
3960,0.790507,0.0110
3961,0.790298,0.0110
3962,0.790053,0.0124
3963,0.789342,0.0111
3964,0.788814,0.0111
3965,0.788356,0.0111
3966,0.788846,0.0112
3967,0.789418,0.0126
3968,0.789542,0.0126
3969,0.789769,0.0112
3970,0.789996,0.0096
3971,0.789439,0.0077
3972,0.789377,0.0116
3973,0.789308,0.0111
3974,0.789070,0.0111
3975,0.788978,0.0110
3976,0.788846,0.0110
3977,0.788115,0.0125
3978,0.787545,0.0113
3979,0.787665,0.0116
3980,0.787513,0.0113
3981,0.787184,0.0126
3982,0.786639,0.0126
3983,0.786672,0.0116
3984,0.786684,0.0077
3985,0.786269,0.0074
3986,0.785806,0.0074
3987,0.785898,0.0132
3988,0.785631,0.0109
3989,0.785656,0.0110
3990,0.786205,0.0110
3991,0.786378,0.0116
3992,0.786824,0.0112
3993,0.786326,0.0125
3994,0.786335,0.0111
3995,0.786245,0.0114
3996,0.786029,0.0125
3997,0.785866,0.0112
3998,0.785676,0.0127
3999,0.785072,0.0112
4000,0.785109,0.0113
4001,0.784675,0.0113
4002,0.784997,0.0112
4003,0.784505,0.0113
4004,0.784326,0.0113
4005,0.784469,0.0106
4006,0.784327,0.0075
4007,0.784620,0.0079
4008,0.784408,0.0114
4009,0.783953,0.0110
4010,0.784180,0.0111
4011,0.784276,0.0125
4012,0.784765,0.0112
4013,0.785064,0.0115
4014,0.785269,0.0076
4015,0.785455,0.0073
4016,0.785114,0.0073
4017,0.785283,0.0132
4018,0.784840,0.0110
4019,0.784333,0.0111
4020,0.783579,0.0111
4021,0.783394,0.0111
4022,0.783429,0.0110
4023,0.783438,0.0111
4024,0.783591,0.0111
4025,0.783499,0.0111
4026,0.783566,0.0125
4027,0.783208,0.0112
4028,0.783231,0.0112
4029,0.783711,0.0127
4030,0.783555,0.0112
4031,0.783683,0.0126
4032,0.783684,0.0127
4033,0.783666,0.0113
4034,0.783881,0.0127
4035,0.784180,0.0113
4036,0.783924,0.0127
4037,0.783752,0.0127
4038,0.783341,0.0113
4039,0.783445,0.0113
4040,0.783212,0.0112
4041,0.783242,0.0079
4042,0.783646,0.0074
4043,0.784165,0.0073
4044,0.785080,0.0099
4045,0.785856,0.0079
4046,0.786659,0.0113
4047,0.787431,0.0108
4048,0.787826,0.0109
4049,0.788213,0.0110
4050,0.788633,0.0111
4051,0.788832,0.0126
4052,0.789301,0.0112
4053,0.788596,0.0112
4054,0.789349,0.0125
4055,0.789838,0.0112
4056,0.790295,0.0112
4057,0.790324,0.0112
4058,0.790236,0.0126
4059,0.789783,0.0127
4060,0.789620,0.0126
4061,0.789488,0.0113
4062,0.789189,0.0127
4063,0.788576,0.0113
4064,0.788180,0.0113
4065,0.787935,0.0126
4066,0.787473,0.0127
4067,0.786557,0.0112
4068,0.786087,0.0112
4069,0.785621,0.0105
4070,0.785164,0.0074
4071,0.785027,0.0074
4072,0.784825,0.0073
4073,0.784861,0.0131
4074,0.784130,0.0109
4075,0.783867,0.0109
4076,0.783988,0.0110
4077,0.783735,0.0125
4078,0.783297,0.0116
4079,0.782683,0.0093
4080,0.782154,0.0079
4081,0.782419,0.0115
4082,0.782252,0.0110
4083,0.782266,0.0111
4084,0.782426,0.0113
4085,0.781868,0.0110
4086,0.781173,0.0110
4087,0.780163,0.0124
4088,0.781014,0.0124
4089,0.780939,0.0126
4090,0.780618,0.0126
4091,0.780665,0.0126
4092,0.780694,0.0127
4093,0.780400,0.0128
4094,0.780337,0.0127
4095,0.780354,0.0127
4096,0.780676,0.0127
4097,0.780499,0.0092
4098,0.780694,0.0074
4099,0.780573,0.0074
4100,0.780619,0.0102
4101,0.780379,0.0130
4102,0.780198,0.0110
4103,0.779761,0.0124
4104,0.779550,0.0124
4105,0.779128,0.0125
4106,0.778968,0.0111
4107,0.778348,0.0111
4108,0.777900,0.0125
4109,0.778315,0.0126
4110,0.778409,0.0126
4111,0.778558,0.0106
4112,0.778956,0.0076
4113,0.778568,0.0108
4114,0.778594,0.0111
4115,0.778054,0.0110
4116,0.777614,0.0110
4117,0.777054,0.0110
4118,0.777332,0.0124
4119,0.777433,0.0126
4120,0.777438,0.0126
4121,0.777177,0.0113
4122,0.777176,0.0127
4123,0.777323,0.0125
4124,0.777327,0.0102
4125,0.776943,0.0077
4126,0.777444,0.0074
4127,0.777635,0.0073
4128,0.777814,0.0133
4129,0.777629,0.0109
4130,0.777592,0.0109
4131,0.777432,0.0110
4132,0.777462,0.0111
4133,0.777717,0.0112
4134,0.777969,0.0112
4135,0.777779,0.0112
4136,0.777558,0.0112
4137,0.777598,0.0111
4138,0.777033,0.0124
4139,0.776682,0.0125
4140,0.776790,0.0113
4141,0.776977,0.0113
4142,0.776830,0.0126
4143,0.776834,0.0113
4144,0.777276,0.0126
4145,0.777361,0.0126
4146,0.777365,0.0096
4147,0.777420,0.0079
4148,0.777119,0.0116
4149,0.777056,0.0110
4150,0.777017,0.0110
4151,0.776751,0.0110
4152,0.776910,0.0111
4153,0.777003,0.0124
4154,0.777393,0.0083
4155,0.777407,0.0073
4156,0.777551,0.0073
4157,0.777025,0.0131
4158,0.777228,0.0109
4159,0.777602,0.0109
4160,0.777505,0.0110
4161,0.777297,0.0110
4162,0.777441,0.0123
4163,0.777445,0.0110
4164,0.777410,0.0124
4165,0.777299,0.0126
4166,0.777534,0.0126
4167,0.777481,0.0113
4168,0.777020,0.0112
4169,0.776992,0.0126
4170,0.776763,0.0113
4171,0.776557,0.0126
4172,0.776669,0.0113
4173,0.776699,0.0113
4174,0.776134,0.0111
4175,0.776549,0.0113
4176,0.776834,0.0127
4177,0.776650,0.0127
4178,0.776841,0.0113
4179,0.776614,0.0126
4180,0.776621,0.0092
4181,0.776159,0.0074
4182,0.776342,0.0074
4183,0.776366,0.0099
4184,0.776039,0.0077
4185,0.775651,0.0113
4186,0.775663,0.0108
4187,0.775553,0.0109
4188,0.775778,0.0108
4189,0.775870,0.0111
4190,0.775662,0.0110
4191,0.775698,0.0111
4192,0.775793,0.0126
4193,0.775634,0.0112
4194,0.775323,0.0111
4195,0.775396,0.0125
4196,0.775443,0.0126
4197,0.775732,0.0112
4198,0.775388,0.0125
4199,0.775740,0.0126
4200,0.775367,0.0127
4201,0.775989,0.0115
4202,0.776372,0.0114
4203,0.776494,0.0113
4204,0.776446,0.0113
4205,0.776541,0.0113
4206,0.776068,0.0126
4207,0.775489,0.0113
4208,0.775685,0.0102
4209,0.775853,0.0076
4210,0.776177,0.0073
4211,0.775945,0.0073
4212,0.776122,0.0127
4213,0.776079,0.0107
4214,0.775935,0.0109
4215,0.775732,0.0109
4216,0.775895,0.0112
4217,0.776310,0.0112
4218,0.776341,0.0109
4219,0.776331,0.0077
4220,0.775992,0.0104
4221,0.775922,0.0110
4222,0.775847,0.0110
4223,0.775602,0.0110
4224,0.775254,0.0110
4225,0.775343,0.0110
4226,0.775334,0.0125
4227,0.774644,0.0127
4228,0.775279,0.0127
4229,0.775234,0.0128
4230,0.775479,0.0127
4231,0.776088,0.0113
4232,0.775838,0.0126
4233,0.775912,0.0113
4234,0.775560,0.0112
4235,0.775528,0.0125
4236,0.775407,0.0112
4237,0.775795,0.0102
4238,0.775683,0.0077
4239,0.775774,0.0074
4240,0.776172,0.0083
4241,0.776272,0.0128
4242,0.776277,0.0108
4243,0.776533,0.0109
4244,0.777055,0.0110
4245,0.777068,0.0111
4246,0.777138,0.0110
4247,0.776998,0.0112
4248,0.776532,0.0127
4249,0.776414,0.0126
4250,0.776122,0.0113
4251,0.776454,0.0113
4252,0.776618,0.0127
4253,0.776953,0.0096
4254,0.777558,0.0079
4255,0.777403,0.0117
4256,0.777451,0.0127
4257,0.777463,0.0125
4258,0.777285,0.0112
4259,0.776719,0.0112
4260,0.776872,0.0112
4261,0.776771,0.0125
4262,0.776500,0.0126
4263,0.776725,0.0113
4264,0.776801,0.0126
4265,0.777198,0.0126
4266,0.777169,0.0080
4267,0.777288,0.0074
4268,0.777078,0.0079
4269,0.776670,0.0134
4270,0.776640,0.0124
4271,0.777207,0.0110
4272,0.777590,0.0111
4273,0.777698,0.0111
4274,0.777936,0.0125
4275,0.777545,0.0112
4276,0.777309,0.0125
4277,0.777145,0.0112
4278,0.777568,0.0113
4279,0.777376,0.0112
4280,0.777515,0.0113
4281,0.777581,0.0112
4282,0.777497,0.0112
4283,0.777462,0.0112
4284,0.777938,0.0126
4285,0.778069,0.0126
4286,0.777798,0.0113
4287,0.777847,0.0096
4288,0.777968,0.0078
4289,0.777824,0.0117
4290,0.777783,0.0125
4291,0.777819,0.0111
4292,0.777367,0.0111
4293,0.777540,0.0125
4294,0.777748,0.0104
4295,0.777503,0.0074
4296,0.776905,0.0073
4297,0.777302,0.0073
4298,0.778005,0.0132
4299,0.777928,0.0108
4300,0.778047,0.0095
4301,0.778389,0.0109
4302,0.778378,0.0111
4303,0.778118,0.0111
4304,0.778224,0.0124
4305,0.777971,0.0111
4306,0.778042,0.0112
4307,0.777749,0.0113
4308,0.777885,0.0113
4309,0.777668,0.0112
4310,0.777419,0.0127
4311,0.777488,0.0126
4312,0.777520,0.0127
4313,0.777045,0.0112
4314,0.777842,0.0115
4315,0.778035,0.0126
4316,0.778195,0.0112
4317,0.777972,0.0112
4318,0.777584,0.0112
4319,0.777454,0.0126
4320,0.777548,0.0112
4321,0.777191,0.0114
4322,0.777020,0.0102
4323,0.776758,0.0076
4324,0.776509,0.0074
4325,0.776323,0.0073
4326,0.775711,0.0099
4327,0.775962,0.0080
4328,0.775920,0.0109
4329,0.776258,0.0108
4330,0.775760,0.0109
4331,0.775752,0.0109
4332,0.775920,0.0111
4333,0.775885,0.0111
4334,0.775958,0.0112
4335,0.775919,0.0126
4336,0.775660,0.0126
4337,0.775207,0.0113
4338,0.774973,0.0126
4339,0.774861,0.0126
4340,0.775340,0.0126
4341,0.775291,0.0127
4342,0.775163,0.0113
4343,0.775341,0.0112
4344,0.775289,0.0128
4345,0.775531,0.0127
4346,0.775491,0.0126
4347,0.775308,0.0112
4348,0.775322,0.0126
4349,0.775284,0.0126
4350,0.775459,0.0104
4351,0.775531,0.0075
4352,0.775339,0.0074
4353,0.775208,0.0073
4354,0.775214,0.0133
4355,0.775233,0.0109
4356,0.775131,0.0110
4357,0.775135,0.0109
4358,0.775583,0.0111
4359,0.775909,0.0125
4360,0.776518,0.0096
4361,0.776374,0.0078
4362,0.776003,0.0117
4363,0.776245,0.0124
4364,0.776353,0.0110
4365,0.776222,0.0126
4366,0.776611,0.0111
4367,0.776208,0.0110
4368,0.775982,0.0124
4369,0.776113,0.0097
4370,0.775674,0.0097
4371,0.775566,0.0126
4372,0.775361,0.0113
4373,0.775528,0.0112
4374,0.775448,0.0112
4375,0.775225,0.0112
4376,0.775000,0.0112
4377,0.774791,0.0125
4378,0.774903,0.0126
4379,0.774876,0.0126
4380,0.774974,0.0080
4381,0.775208,0.0074
4382,0.775184,0.0074
4383,0.775461,0.0133
4384,0.775631,0.0111
4385,0.776037,0.0126
4386,0.776121,0.0111
4387,0.775797,0.0124
4388,0.776102,0.0125
4389,0.775660,0.0112
4390,0.775379,0.0112
4391,0.775120,0.0127
4392,0.775063,0.0112
4393,0.774992,0.0112
4394,0.774857,0.0120
4395,0.775078,0.0076
4396,0.775254,0.0107
4397,0.775379,0.0127
4398,0.775709,0.0111
4399,0.775602,0.0127
4400,0.775562,0.0111
4401,0.775682,0.0113
4402,0.775757,0.0112
4403,0.775649,0.0126
4404,0.775921,0.0112
4405,0.775814,0.0126
4406,0.775538,0.0113
4407,0.775362,0.0103
4408,0.775245,0.0079
4409,0.775574,0.0074
4410,0.775510,0.0074
4411,0.775479,0.0119
4412,0.774999,0.0108
4413,0.775225,0.0109
4414,0.775057,0.0110
4415,0.775492,0.0111
4416,0.775753,0.0112
4417,0.775075,0.0125
4418,0.775313,0.0128
4419,0.775546,0.0127
4420,0.776072,0.0112
4421,0.775878,0.0112
4422,0.775585,0.0125
4423,0.775547,0.0112
4424,0.775439,0.0126
4425,0.775606,0.0129
4426,0.775384,0.0126
4427,0.775569,0.0113
4428,0.775236,0.0102
4429,0.774849,0.0093
4430,0.774247,0.0079
4431,0.774087,0.0116
4432,0.773854,0.0111
4433,0.773798,0.0124
4434,0.773960,0.0112
4435,0.774108,0.0126
4436,0.773961,0.0105
4437,0.773656,0.0075
4438,0.773286,0.0074
4439,0.773043,0.0079
4440,0.772951,0.0141
4441,0.773176,0.0110
4442,0.772916,0.0110
4443,0.772978,0.0110
4444,0.772721,0.0110
4445,0.773060,0.0111
4446,0.772960,0.0111
4447,0.772689,0.0125
4448,0.772697,0.0112
4449,0.773125,0.0126
4450,0.772910,0.0126
4451,0.772754,0.0112
4452,0.772687,0.0126
4453,0.772669,0.0112
4454,0.772691,0.0113
4455,0.772597,0.0113
4456,0.772391,0.0113
4457,0.772435,0.0127
4458,0.772434,0.0113
4459,0.772711,0.0126
4460,0.772465,0.0126
4461,0.772275,0.0113
4462,0.771973,0.0113
4463,0.772052,0.0104
4464,0.772130,0.0075
4465,0.772352,0.0076
4466,0.772190,0.0073
4467,0.772052,0.0099
4468,0.771803,0.0077
4469,0.771147,0.0111
4470,0.770822,0.0107
4471,0.770842,0.0108
4472,0.771345,0.0109
4473,0.771408,0.0111
4474,0.771353,0.0112
4475,0.771370,0.0113
4476,0.771373,0.0127
4477,0.771550,0.0113
4478,0.771627,0.0126
4479,0.771775,0.0126
4480,0.771712,0.0113
4481,0.771668,0.0113
4482,0.771525,0.0113
4483,0.771330,0.0127
4484,0.771447,0.0113
4485,0.771398,0.0126
4486,0.771410,0.0112
4487,0.771330,0.0127
4488,0.771283,0.0127
4489,0.771663,0.0113
4490,0.771852,0.0113
4491,0.771839,0.0128
4492,0.771759,0.0103
4493,0.771455,0.0077
4494,0.771118,0.0074
4495,0.771237,0.0076
4496,0.771164,0.0133
4497,0.771425,0.0109
4498,0.771162,0.0110
4499,0.770792,0.0110
4500,0.771306,0.0110
4501,0.771206,0.0110
4502,0.771690,0.0105
4503,0.771280,0.0076
4504,0.771266,0.0106
4505,0.770891,0.0110
4506,0.770777,0.0110
4507,0.770812,0.0126
4508,0.770778,0.0111
4509,0.770732,0.0125
4510,0.770911,0.0125
4511,0.770919,0.0125
4512,0.771098,0.0125
4513,0.770781,0.0112
4514,0.770823,0.0112
4515,0.771349,0.0112
4516,0.770792,0.0125
4517,0.770536,0.0097
4518,0.770605,0.0125
4519,0.770698,0.0115
4520,0.770701,0.0125
4521,0.770213,0.0101
4522,0.769799,0.0076
4523,0.770061,0.0073
4524,0.769860,0.0073
4525,0.770166,0.0131
4526,0.770427,0.0110
4527,0.771031,0.0110
4528,0.771062,0.0111
4529,0.771031,0.0125
4530,0.771201,0.0125
4531,0.771408,0.0112
4532,0.771270,0.0125
4533,0.771181,0.0112
4534,0.771695,0.0113
4535,0.771657,0.0113
4536,0.771976,0.0116
4537,0.771707,0.0093
4538,0.771432,0.0078
4539,0.771029,0.0115
4540,0.770939,0.0110
4541,0.770776,0.0110
4542,0.770546,0.0110
4543,0.770325,0.0124
4544,0.770712,0.0126
4545,0.771178,0.0127
4546,0.771308,0.0113
4547,0.770958,0.0126
4548,0.770960,0.0113
4549,0.770991,0.0113
4550,0.770648,0.0103
4551,0.770321,0.0077
4552,0.770650,0.0074
4553,0.770458,0.0074
4554,0.770381,0.0134
4555,0.770508,0.0110
4556,0.770209,0.0110
4557,0.770348,0.0110
4558,0.770225,0.0110
4559,0.770012,0.0111
4560,0.770036,0.0111
4561,0.769874,0.0112
4562,0.769673,0.0112
4563,0.769612,0.0112
4564,0.769662,0.0126
4565,0.769899,0.0125
4566,0.769811,0.0113
4567,0.769697,0.0127
4568,0.769889,0.0113
4569,0.769993,0.0127
4570,0.770504,0.0126
4571,0.770870,0.0117
4572,0.770705,0.0093
4573,0.770758,0.0079
4574,0.771008,0.0116
4575,0.771001,0.0128
4576,0.770893,0.0112
4577,0.771009,0.0112
4578,0.771151,0.0112
4579,0.770918,0.0112
4580,0.771032,0.0079
4581,0.770840,0.0073
4582,0.771060,0.0073
4583,0.771232,0.0132
4584,0.771143,0.0108
4585,0.771271,0.0109
4586,0.771255,0.0109
4587,0.771390,0.0110
4588,0.771352,0.0110
4589,0.771305,0.0111
4590,0.771061,0.0110
4591,0.770917,0.0111
4592,0.770806,0.0125
4593,0.770420,0.0112
4594,0.770570,0.0112
4595,0.770910,0.0126
4596,0.770934,0.0112
4597,0.770589,0.0112
4598,0.770679,0.0112
4599,0.770315,0.0126
4600,0.770482,0.0126
4601,0.770477,0.0113
4602,0.770663,0.0113
4603,0.770784,0.0112
4604,0.770687,0.0127
4605,0.770516,0.0127
4606,0.770798,0.0118
4607,0.770606,0.0076
4608,0.770395,0.0073
4609,0.770011,0.0073
4610,0.769877,0.0099
4611,0.769988,0.0077
4612,0.769743,0.0112
4613,0.769384,0.0106
4614,0.769280,0.0107
4615,0.769932,0.0108
4616,0.769840,0.0110
4617,0.769911,0.0124
4618,0.770414,0.0126
4619,0.770311,0.0112
4620,0.770205,0.0126
4621,0.769861,0.0127
4622,0.769936,0.0113
4623,0.769853,0.0113
4624,0.769691,0.0114
4625,0.769203,0.0112
4626,0.769170,0.0112
4627,0.768957,0.0125
4628,0.768990,0.0112
4629,0.768813,0.0112
4630,0.769699,0.0112
4631,0.769846,0.0112
4632,0.769558,0.0126
4633,0.769187,0.0112
4634,0.769555,0.0112
4635,0.769987,0.0112
4636,0.770329,0.0091
4637,0.770448,0.0074
4638,0.770137,0.0072
4639,0.770469,0.0072
4640,0.770283,0.0131
4641,0.770414,0.0108
4642,0.770465,0.0109
4643,0.770443,0.0109
4644,0.770566,0.0110
4645,0.770259,0.0111
4646,0.770149,0.0106
4647,0.770449,0.0076
4648,0.770466,0.0080
4649,0.770367,0.0114
4650,0.770613,0.0110
4651,0.770442,0.0123
4652,0.770115,0.0110
4653,0.770269,0.0110
4654,0.770310,0.0110
4655,0.770524,0.0112
4656,0.770476,0.0127
4657,0.770312,0.0114
4658,0.770273,0.0126
4659,0.770108,0.0126
4660,0.770168,0.0127
4661,0.770013,0.0127
4662,0.769773,0.0113
4663,0.770158,0.0127
4664,0.769838,0.0128
4665,0.769783,0.0114
4666,0.769277,0.0079
4667,0.769272,0.0073
4668,0.769423,0.0073
4669,0.769751,0.0133
4670,0.769706,0.0108
4671,0.769491,0.0110
4672,0.769179,0.0111
4673,0.769214,0.0124
4674,0.769299,0.0125
4675,0.769172,0.0112
4676,0.769074,0.0112
4677,0.769059,0.0127
4678,0.769253,0.0126
4679,0.769173,0.0127
4680,0.769251,0.0107
4681,0.769334,0.0075
4682,0.769433,0.0085
4683,0.769459,0.0137
4684,0.769657,0.0111
4685,0.769398,0.0111
4686,0.768971,0.0110
4687,0.768555,0.0110
4688,0.768946,0.0110
4689,0.768834,0.0112
4690,0.768970,0.0112
4691,0.768769,0.0115
4692,0.768923,0.0112
4693,0.769012,0.0112
4694,0.769020,0.0126
4695,0.769221,0.0079
4696,0.769283,0.0073
4697,0.769051,0.0072
4698,0.769038,0.0132
4699,0.769144,0.0109
4700,0.769046,0.0110
4701,0.768946,0.0109
4702,0.768492,0.0110
4703,0.768816,0.0124
4704,0.769072,0.0126
4705,0.768963,0.0127
4706,0.768915,0.0126
4707,0.768570,0.0126
4708,0.768861,0.0126
4709,0.768615,0.0113
4710,0.768618,0.0126
4711,0.768601,0.0113
4712,0.768657,0.0113
4713,0.768153,0.0113
4714,0.767771,0.0113
4715,0.768273,0.0107
4716,0.768192,0.0075
4717,0.768430,0.0082
4718,0.768499,0.0138
4719,0.768287,0.0110
4720,0.768763,0.0111
4721,0.768996,0.0111
4722,0.769285,0.0112
4723,0.769464,0.0104
4724,0.769549,0.0074
4725,0.769633,0.0073
4726,0.769556,0.0072
4727,0.769506,0.0133
4728,0.769646,0.0110
4729,0.769610,0.0124
4730,0.769637,0.0111
4731,0.769600,0.0113
4732,0.769669,0.0125
4733,0.769365,0.0111
4734,0.769158,0.0111
4735,0.769108,0.0097
4736,0.768796,0.0126
4737,0.769036,0.0128
4738,0.768931,0.0112
4739,0.768882,0.0112
4740,0.768987,0.0112
4741,0.769234,0.0112
4742,0.769029,0.0112
4743,0.769366,0.0127
4744,0.769238,0.0126
4745,0.768945,0.0126
4746,0.769160,0.0112
4747,0.769500,0.0126
4748,0.769476,0.0112
4749,0.769780,0.0112
4750,0.769710,0.0113
4751,0.769680,0.0079
4752,0.769696,0.0073
4753,0.769579,0.0073
4754,0.769097,0.0099
4755,0.768782,0.0078
4756,0.769140,0.0113
4757,0.769302,0.0108
4758,0.769067,0.0108
4759,0.769032,0.0109
4760,0.769324,0.0124
4761,0.769233,0.0112
4762,0.768882,0.0127
4763,0.768933,0.0113
4764,0.769098,0.0113
4765,0.769213,0.0126
4766,0.769312,0.0127
4767,0.769423,0.0126
4768,0.769417,0.0126
4769,0.769486,0.0112
4770,0.769414,0.0112
4771,0.769564,0.0112
4772,0.769388,0.0125
4773,0.769541,0.0126
4774,0.769601,0.0126
4775,0.769728,0.0113
4776,0.769969,0.0112
4777,0.769792,0.0112
4778,0.769483,0.0112
4779,0.769451,0.0093
4780,0.769502,0.0073
4781,0.769755,0.0073
4782,0.769541,0.0079
4783,0.769505,0.0140
4784,0.769080,0.0110
4785,0.769003,0.0110
4786,0.769228,0.0110
4787,0.768933,0.0110
4788,0.768972,0.0112
4789,0.769123,0.0095
4790,0.768982,0.0078
4791,0.768853,0.0117
4792,0.768709,0.0124
4793,0.768980,0.0111
4794,0.768875,0.0111
4795,0.768930,0.0124
4796,0.768861,0.0125
4797,0.769065,0.0113
4798,0.769141,0.0126
4799,0.769168,0.0112
4800,0.768983,0.0113
4801,0.768770,0.0100
4802,0.768822,0.0112
4803,0.768866,0.0111
4804,0.768699,0.0111
4805,0.768620,0.0111
4806,0.768703,0.0112
4807,0.769067,0.0113
4808,0.769098,0.0113
4809,0.769146,0.0091
4810,0.769187,0.0074
4811,0.769213,0.0073
4812,0.768975,0.0073
4813,0.769126,0.0130
4814,0.768896,0.0108
4815,0.769014,0.0109
4816,0.768784,0.0110
4817,0.769031,0.0110
4818,0.768788,0.0111
4819,0.768809,0.0112
4820,0.769116,0.0112
4821,0.769086,0.0112
4822,0.769049,0.0112
4823,0.769284,0.0111
4824,0.769149,0.0111
4825,0.768766,0.0112
4826,0.768808,0.0095
4827,0.768671,0.0077
4828,0.768524,0.0115
4829,0.768642,0.0123
4830,0.768636,0.0110
4831,0.768497,0.0125
4832,0.768339,0.0126
4833,0.768356,0.0126
4834,0.768294,0.0126
4835,0.768301,0.0127
4836,0.768100,0.0114
4837,0.768290,0.0113
4838,0.768547,0.0113
4839,0.768515,0.0079
4840,0.768239,0.0072
4841,0.767984,0.0072
4842,0.767819,0.0132
4843,0.767953,0.0108
4844,0.768089,0.0109
4845,0.768366,0.0109
4846,0.768386,0.0111
4847,0.768456,0.0110
4848,0.768400,0.0110
4849,0.768321,0.0110
4850,0.768668,0.0124
4851,0.768847,0.0111
4852,0.768929,0.0112
4853,0.768817,0.0125
4854,0.768685,0.0111
4855,0.768294,0.0112
4856,0.768273,0.0112
4857,0.768086,0.0111
4858,0.768185,0.0125
4859,0.768092,0.0125
4860,0.768526,0.0106
4861,0.768548,0.0075
4862,0.768671,0.0083
4863,0.768564,0.0139
4864,0.768331,0.0125
4865,0.768706,0.0111
4866,0.768649,0.0111
4867,0.768449,0.0125
4868,0.768352,0.0079
4869,0.768448,0.0073
4870,0.768195,0.0072
4871,0.768024,0.0132
4872,0.768706,0.0109
4873,0.768538,0.0111
4874,0.768702,0.0110
4875,0.768931,0.0110
4876,0.768549,0.0111
4877,0.768403,0.0125
4878,0.768164,0.0126
4879,0.768272,0.0113
4880,0.768222,0.0113
4881,0.768583,0.0112
4882,0.768675,0.0126
4883,0.768363,0.0126
4884,0.768216,0.0113
4885,0.768133,0.0127
4886,0.768288,0.0127
4887,0.768237,0.0127
4888,0.768158,0.0127
4889,0.768207,0.0127
4890,0.767857,0.0127
4891,0.768290,0.0113
4892,0.768400,0.0126
4893,0.768662,0.0104
4894,0.768408,0.0074
4895,0.768189,0.0073
4896,0.768430,0.0073
4897,0.768441,0.0098
4898,0.768392,0.0077
4899,0.768952,0.0111
4900,0.768860,0.0108
4901,0.768766,0.0108
4902,0.768990,0.0109
4903,0.769137,0.0110
4904,0.769219,0.0111
4905,0.769522,0.0112
4906,0.769855,0.0126
4907,0.769682,0.0126
4908,0.769311,0.0126
4909,0.769373,0.0126
4910,0.769118,0.0126
4911,0.769392,0.0127
4912,0.769518,0.0126
4913,0.769204,0.0126
4914,0.768822,0.0126
4915,0.768562,0.0126
4916,0.768308,0.0126
4917,0.768247,0.0113
4918,0.767812,0.0112
4919,0.767480,0.0125
4920,0.767451,0.0112
4921,0.767472,0.0091
4922,0.767219,0.0074
4923,0.767528,0.0073
4924,0.767701,0.0072
4925,0.767568,0.0133
4926,0.767226,0.0109
4927,0.767029,0.0110
4928,0.766863,0.0095
4929,0.767015,0.0110
4930,0.766833,0.0111
4931,0.766621,0.0101
4932,0.766362,0.0091
4933,0.766314,0.0078
4934,0.765992,0.0114
4935,0.766126,0.0109
4936,0.766177,0.0110
4937,0.766057,0.0110
4938,0.765763,0.0110
4939,0.766012,0.0112
4940,0.766055,0.0126
4941,0.766019,0.0113
4942,0.766168,0.0112
4943,0.765961,0.0125
4944,0.766002,0.0127
4945,0.765800,0.0127
4946,0.765394,0.0126
4947,0.765287,0.0112
4948,0.765178,0.0101
4949,0.765197,0.0112
4950,0.764809,0.0112
4951,0.764598,0.0126
4952,0.764854,0.0079
4953,0.764979,0.0073
4954,0.765422,0.0072
4955,0.765379,0.0133
4956,0.765391,0.0110
4957,0.765503,0.0110
4958,0.765492,0.0110
4959,0.765091,0.0096
4960,0.765040,0.0126
4961,0.765005,0.0126
4962,0.765049,0.0112
4963,0.765096,0.0112
4964,0.764809,0.0112
4965,0.764219,0.0112
4966,0.764279,0.0125
4967,0.764535,0.0106
4968,0.764850,0.0074
4969,0.764883,0.0082
4970,0.764897,0.0138
4971,0.764616,0.0110
4972,0.764745,0.0111
4973,0.765078,0.0125
4974,0.765074,0.0125
4975,0.764948,0.0125
4976,0.764710,0.0125
4977,0.764720,0.0126
4978,0.764622,0.0126
4979,0.764434,0.0113
4980,0.764219,0.0091
4981,0.763985,0.0074
4982,0.764414,0.0073
4983,0.764741,0.0072
4984,0.764756,0.0130
4985,0.764651,0.0110
4986,0.764540,0.0109
4987,0.764566,0.0111
4988,0.764617,0.0111
4989,0.764971,0.0111
4990,0.764869,0.0111
4991,0.764699,0.0125
4992,0.764431,0.0112
4993,0.764075,0.0113
4994,0.763849,0.0114
4995,0.763868,0.0113
4996,0.763595,0.0126
4997,0.763665,0.0126
4998,0.763539,0.0126
4999,0.763657,0.0113
5000,0.763818,0.0126
5001,0.763735,0.0103
5002,0.763516,0.0092
5003,0.763284,0.0078
5004,0.763071,0.0114
5005,0.763026,0.0110
5006,0.763072,0.0110
5007,0.762911,0.0124
5008,0.763435,0.0112
5009,0.763493,0.0113
5010,0.763884,0.0079
5011,0.763915,0.0073
5012,0.764091,0.0073
5013,0.763844,0.0132
5014,0.763856,0.0109
5015,0.764064,0.0110
5016,0.764269,0.0111
5017,0.764366,0.0112
5018,0.764056,0.0126
5019,0.763881,0.0127
5020,0.763584,0.0113
5021,0.763754,0.0112
5022,0.763782,0.0125
5023,0.763938,0.0112
5024,0.763730,0.0113
5025,0.763600,0.0126
5026,0.763731,0.0126
5027,0.763922,0.0126
5028,0.763976,0.0112
5029,0.764068,0.0126
5030,0.764161,0.0126
5031,0.764332,0.0112
5032,0.763976,0.0112
5033,0.763969,0.0127
5034,0.764272,0.0127
5035,0.764069,0.0114
5036,0.763666,0.0079
5037,0.763648,0.0073
5038,0.763798,0.0073
5039,0.763923,0.0099
5040,0.763705,0.0077
5041,0.763638,0.0112
5042,0.763431,0.0106
5043,0.763666,0.0107
5044,0.763893,0.0109
5045,0.763729,0.0111
5046,0.763835,0.0112
5047,0.764028,0.0113
5048,0.763954,0.0127
5049,0.763953,0.0127
5050,0.763535,0.0113
5051,0.763791,0.0114
5052,0.764015,0.0127
5053,0.764273,0.0127
5054,0.764669,0.0127
5055,0.764502,0.0126
5056,0.764210,0.0126
5057,0.764376,0.0127
5058,0.764509,0.0127
5059,0.764405,0.0126
5060,0.764239,0.0127
5061,0.763876,0.0128
5062,0.763854,0.0127
5063,0.763892,0.0079
5064,0.764101,0.0073
5065,0.763782,0.0073
5066,0.763456,0.0135
5067,0.763553,0.0124
5068,0.763887,0.0111
5069,0.763914,0.0111
5070,0.763943,0.0111
5071,0.763774,0.0114
5072,0.763615,0.0091
5073,0.763508,0.0078
5074,0.763699,0.0115
5075,0.763608,0.0110
5076,0.763687,0.0110
5077,0.763638,0.0111
5078,0.763631,0.0112
5079,0.763522,0.0112
5080,0.763631,0.0125
5081,0.763957,0.0112
5082,0.764239,0.0126
5083,0.764275,0.0126
5084,0.764147,0.0127
5085,0.763988,0.0127
5086,0.764012,0.0113
5087,0.763920,0.0097
5088,0.763790,0.0126
5089,0.763470,0.0126
5090,0.763163,0.0113
5091,0.763127,0.0102
5092,0.763196,0.0076
5093,0.763105,0.0073
5094,0.763190,0.0073
5095,0.762739,0.0133
5096,0.762704,0.0108
5097,0.763024,0.0110
5098,0.763308,0.0124
5099,0.763486,0.0126
5100,0.763310,0.0126
5101,0.763296,0.0126
5102,0.763371,0.0127
5103,0.763147,0.0127
5104,0.763132,0.0098
5105,0.763014,0.0113
5106,0.763000,0.0106
5107,0.763101,0.0075
5108,0.763147,0.0082
5109,0.763163,0.0136
5110,0.763284,0.0110
5111,0.763510,0.0124
5112,0.763873,0.0112
5113,0.763799,0.0112
5114,0.763592,0.0113
5115,0.763606,0.0113
5116,0.763734,0.0126
5117,0.763796,0.0113
5118,0.763741,0.0112
5119,0.763773,0.0126
5120,0.763820,0.0091
5121,0.763873,0.0074
5122,0.763760,0.0073
5123,0.763781,0.0072
5124,0.763796,0.0133
5125,0.764100,0.0110
5126,0.764193,0.0110
5127,0.764202,0.0123
5128,0.764112,0.0124
5129,0.764024,0.0125
5130,0.763869,0.0127
5131,0.763776,0.0112
5132,0.763574,0.0113
5133,0.763221,0.0112
5134,0.763223,0.0125
5135,0.763546,0.0126
5136,0.763674,0.0126
5137,0.763364,0.0126
5138,0.763414,0.0127
5139,0.763588,0.0113
5140,0.763552,0.0120
5141,0.763930,0.0075
5142,0.763716,0.0083
5143,0.763528,0.0139
5144,0.763419,0.0111
5145,0.763595,0.0111
5146,0.763626,0.0110
5147,0.763531,0.0111
5148,0.763357,0.0104
5149,0.763465,0.0073
5150,0.763679,0.0073
5151,0.763465,0.0072
5152,0.763443,0.0133
5153,0.763456,0.0109
5154,0.763244,0.0109
5155,0.763183,0.0109
5156,0.763285,0.0095
5157,0.762964,0.0095
5158,0.763309,0.0109
5159,0.763248,0.0110
5160,0.763396,0.0110
5161,0.763352,0.0110
5162,0.763530,0.0112
5163,0.763517,0.0112
5164,0.763519,0.0113
5165,0.763360,0.0112
5166,0.763628,0.0126
5167,0.763833,0.0126
5168,0.763633,0.0112
5169,0.763122,0.0126
5170,0.763344,0.0126
5171,0.763062,0.0126
5172,0.763018,0.0111
5173,0.763054,0.0112
5174,0.763109,0.0111
5175,0.763139,0.0127
5176,0.762899,0.0117
5177,0.762927,0.0076
5178,0.762798,0.0073
5179,0.762912,0.0073
5180,0.762819,0.0097
5181,0.762805,0.0075
5182,0.762551,0.0113
5183,0.762670,0.0108
5184,0.762399,0.0108
5185,0.762352,0.0109
5186,0.762580,0.0110
5187,0.762788,0.0111
5188,0.762816,0.0112
5189,0.762908,0.0125
5190,0.762882,0.0125
5191,0.762890,0.0126
5192,0.762885,0.0112
5193,0.762681,0.0126
5194,0.762626,0.0113
5195,0.762849,0.0127
5196,0.762773,0.0127
5197,0.762836,0.0127
5198,0.762938,0.0113
5199,0.762900,0.0127
5200,0.762874,0.0127
5201,0.762716,0.0114
5202,0.762940,0.0126
5203,0.762984,0.0113
5204,0.762884,0.0102
5205,0.762786,0.0076
5206,0.762984,0.0073
5207,0.763192,0.0073
5208,0.763370,0.0120
5209,0.763490,0.0109
5210,0.763702,0.0109
5211,0.763894,0.0109
5212,0.764284,0.0109
5213,0.764094,0.0111
5214,0.764145,0.0102
5215,0.764218,0.0093
5216,0.764326,0.0080
5217,0.764109,0.0116
5218,0.764161,0.0125
5219,0.764122,0.0111
5220,0.764223,0.0111
5221,0.763674,0.0111
5222,0.763535,0.0112
5223,0.763927,0.0125
5224,0.763867,0.0111
5225,0.763690,0.0125
5226,0.763876,0.0126
5227,0.763741,0.0114
5228,0.763368,0.0112
5229,0.763130,0.0126
5230,0.763238,0.0112
5231,0.763286,0.0126
5232,0.763502,0.0126
5233,0.763504,0.0113
5234,0.763637,0.0091
5235,0.763537,0.0074
5236,0.763504,0.0073
5237,0.763371,0.0072
5238,0.763299,0.0132
5239,0.763586,0.0108
5240,0.763440,0.0110
5241,0.763390,0.0110
5242,0.763290,0.0125
5243,0.763335,0.0096
5244,0.763133,0.0125
5245,0.763221,0.0111
5246,0.763322,0.0125
5247,0.763566,0.0114
5248,0.763424,0.0126
5249,0.763367,0.0113
5250,0.763242,0.0096
5251,0.763316,0.0078
5252,0.763396,0.0118
5253,0.763152,0.0125
5254,0.763028,0.0111
5255,0.763113,0.0111
5256,0.763215,0.0111
5257,0.763445,0.0125
5258,0.763631,0.0113
5259,0.763356,0.0127
5260,0.763541,0.0113
5261,0.763539,0.0126
5262,0.763342,0.0113
5263,0.763165,0.0102
5264,0.763289,0.0076
5265,0.763509,0.0073
5266,0.763239,0.0072
5267,0.762856,0.0132
5268,0.762792,0.0109
5269,0.762720,0.0109
5270,0.762807,0.0109
5271,0.762956,0.0110
5272,0.762961,0.0124
5273,0.762800,0.0112
5274,0.762649,0.0127
5275,0.763061,0.0127
5276,0.762967,0.0113
5277,0.762836,0.0113
5278,0.763162,0.0127
5279,0.763332,0.0128
5280,0.763499,0.0113
5281,0.763670,0.0113
5282,0.763483,0.0113
5283,0.763322,0.0126
5284,0.763416,0.0097
5285,0.763274,0.0095
5286,0.763418,0.0077
5287,0.763169,0.0116
5288,0.763191,0.0109
5289,0.763325,0.0111
5290,0.763294,0.0111
5291,0.763113,0.0126
5292,0.763272,0.0113
5293,0.763274,0.0079
5294,0.763037,0.0073
5295,0.763219,0.0073
5296,0.763298,0.0102
5297,0.763052,0.0106
5298,0.763055,0.0110
5299,0.763159,0.0110
5300,0.763555,0.0123
5301,0.763510,0.0111
5302,0.763550,0.0125
5303,0.763427,0.0112
5304,0.763299,0.0125
5305,0.763016,0.0125
5306,0.763035,0.0126
5307,0.762942,0.0113
5308,0.762913,0.0113
5309,0.762986,0.0113
5310,0.762897,0.0113
5311,0.762717,0.0112
5312,0.762346,0.0112
5313,0.762580,0.0112
5314,0.762675,0.0126
5315,0.762997,0.0113
5316,0.763151,0.0112
5317,0.763298,0.0126
5318,0.763241,0.0113
5319,0.763072,0.0127
5320,0.762845,0.0103
5321,0.762873,0.0076
5322,0.763081,0.0073
5323,0.762962,0.0073
5324,0.762876,0.0099
5325,0.762892,0.0077
5326,0.762933,0.0112
5327,0.763121,0.0108
5328,0.763239,0.0109
5329,0.763145,0.0109
5330,0.763025,0.0110
5331,0.762978,0.0111
5332,0.763046,0.0111
5333,0.763123,0.0111
5334,0.763019,0.0126
5335,0.763009,0.0112
5336,0.762787,0.0113
5337,0.763156,0.0112
5338,0.763218,0.0112
5339,0.763024,0.0112
5340,0.762793,0.0111
5341,0.762674,0.0125
5342,0.762284,0.0125
5343,0.762319,0.0126
5344,0.762379,0.0126
5345,0.762842,0.0113
5346,0.762785,0.0113
5347,0.762330,0.0114
5348,0.762234,0.0113
5349,0.762364,0.0097
5350,0.762617,0.0116
5351,0.762488,0.0076
5352,0.762447,0.0073
5353,0.762533,0.0073
5354,0.762702,0.0133
5355,0.762778,0.0108
5356,0.762771,0.0110
5357,0.762476,0.0110
5358,0.762707,0.0125
5359,0.763062,0.0115
5360,0.763080,0.0092
5361,0.762848,0.0079
5362,0.762970,0.0104
5363,0.763287,0.0111
5364,0.763326,0.0111
5365,0.763225,0.0124
5366,0.763240,0.0111
5367,0.763045,0.0111
5368,0.762949,0.0112
5369,0.763122,0.0126
5370,0.763035,0.0113
5371,0.763014,0.0113
5372,0.763054,0.0112
5373,0.762960,0.0112
5374,0.762788,0.0126
5375,0.762845,0.0112
5376,0.762716,0.0112
5377,0.763004,0.0113
5378,0.763265,0.0127
5379,0.763299,0.0126
5380,0.763472,0.0091
5381,0.763398,0.0074
5382,0.763498,0.0072
5383,0.763577,0.0072
5384,0.763781,0.0131
5385,0.763735,0.0107
5386,0.763437,0.0109
5387,0.763168,0.0109
5388,0.762916,0.0111
5389,0.762864,0.0124
5390,0.762931,0.0111
5391,0.763277,0.0112
5392,0.763104,0.0112
5393,0.762759,0.0113
5394,0.762724,0.0126
5395,0.762962,0.0126
5396,0.763166,0.0095
5397,0.763317,0.0077
5398,0.763376,0.0117
5399,0.763495,0.0110
5400,0.763590,0.0124
5401,0.763337,0.0111
5402,0.763389,0.0112
5403,0.763319,0.0113
5404,0.763269,0.0113
5405,0.763128,0.0112
5406,0.763188,0.0112
5407,0.762864,0.0126
5408,0.762474,0.0112
5409,0.762535,0.0113
5410,0.762347,0.0079
5411,0.762392,0.0073
5412,0.762394,0.0072
5413,0.762224,0.0134
5414,0.762342,0.0110
5415,0.762372,0.0111
5416,0.762175,0.0125
5417,0.761736,0.0112
5418,0.761775,0.0113
5419,0.761567,0.0113
5420,0.761701,0.0127
5421,0.761927,0.0113
5422,0.761980,0.0113
5423,0.761936,0.0113
5424,0.761735,0.0128
5425,0.761867,0.0126
5426,0.762122,0.0113
5427,0.762232,0.0113
5428,0.762237,0.0126
5429,0.762294,0.0113
5430,0.762540,0.0116
5431,0.762759,0.0093
5432,0.762731,0.0081
5433,0.762526,0.0117
5434,0.762176,0.0110
5435,0.762345,0.0111
5436,0.762147,0.0096
5437,0.762372,0.0125
5438,0.761982,0.0112
5439,0.762005,0.0092
5440,0.762003,0.0073
5441,0.761824,0.0072
5442,0.761878,0.0078
5443,0.762187,0.0141
5444,0.761995,0.0109
5445,0.761778,0.0110
5446,0.761810,0.0124
5447,0.761784,0.0112
5448,0.761677,0.0125
5449,0.761624,0.0125
5450,0.761211,0.0126
5451,0.761204,0.0113
5452,0.761512,0.0127
5453,0.761427,0.0127
5454,0.761280,0.0113
5455,0.761254,0.0127
5456,0.761392,0.0113
5457,0.761733,0.0112
5458,0.761494,0.0112
5459,0.761430,0.0112
5460,0.761049,0.0111
5461,0.760999,0.0111
5462,0.761026,0.0112
5463,0.761182,0.0113
5464,0.761390,0.0128
5465,0.761235,0.0113
5466,0.761492,0.0093
5467,0.761743,0.0073
5468,0.761731,0.0072
5469,0.761697,0.0077
5470,0.761336,0.0094
5471,0.761640,0.0080
5472,0.761824,0.0117
5473,0.761917,0.0107
5474,0.761784,0.0108
5475,0.761693,0.0109
5476,0.761849,0.0110
5477,0.761894,0.0125
5478,0.761709,0.0112
5479,0.761789,0.0113
5480,0.761660,0.0113
5481,0.761725,0.0112
5482,0.761607,0.0112
5483,0.761987,0.0112
5484,0.762032,0.0112
5485,0.761959,0.0126
5486,0.761832,0.0127
5487,0.761733,0.0128
5488,0.761590,0.0113
5489,0.761728,0.0114
5490,0.761503,0.0127
5491,0.761522,0.0113
5492,0.761128,0.0126
5493,0.761172,0.0126
5494,0.761587,0.0126
5495,0.761623,0.0093
5496,0.761701,0.0073
5497,0.761685,0.0073
5498,0.761748,0.0078
5499,0.761480,0.0142
5500,0.761201,0.0110
5501,0.760994,0.0111
5502,0.760851,0.0124
5503,0.761258,0.0112
5504,0.761324,0.0120
5505,0.761704,0.0075
5506,0.761475,0.0083
5507,0.761477,0.0124
5508,0.761601,0.0109
5509,0.761308,0.0109
5510,0.761356,0.0110
5511,0.761579,0.0112
5512,0.761254,0.0126
5513,0.761779,0.0112
5514,0.761876,0.0112
5515,0.761820,0.0112
5516,0.761945,0.0126
5517,0.762130,0.0126
5518,0.762086,0.0126
5519,0.761962,0.0113
5520,0.761763,0.0113
5521,0.761720,0.0113
5522,0.761656,0.0126
5523,0.761844,0.0126
5524,0.762066,0.0091
5525,0.761761,0.0074
5526,0.761474,0.0073
5527,0.761877,0.0073
5528,0.762045,0.0134
5529,0.762381,0.0111
5530,0.762560,0.0111
5531,0.762077,0.0111
5532,0.761820,0.0124
5533,0.761817,0.0111
5534,0.761852,0.0111
5535,0.761862,0.0125
5536,0.761763,0.0128
5537,0.761696,0.0114
5538,0.761809,0.0127
5539,0.761910,0.0103
5540,0.761750,0.0093
5541,0.761522,0.0079
5542,0.761549,0.0114
5543,0.761411,0.0124
5544,0.761576,0.0110
5545,0.761454,0.0111
5546,0.761323,0.0111
5547,0.761263,0.0126
5548,0.761343,0.0113
5549,0.761455,0.0126
5550,0.761482,0.0128
5551,0.761166,0.0114
5552,0.761172,0.0127
5553,0.761065,0.0092
5554,0.761248,0.0074
5555,0.761531,0.0073
5556,0.761568,0.0079
5557,0.761487,0.0127
5558,0.761433,0.0109
5559,0.761666,0.0111
5560,0.761714,0.0112
5561,0.761480,0.0112
5562,0.761373,0.0112
5563,0.761483,0.0113
5564,0.761927,0.0112
5565,0.762126,0.0112
5566,0.762059,0.0114
5567,0.762355,0.0113
5568,0.762308,0.0112
5569,0.762310,0.0125
5570,0.762237,0.0126
5571,0.762481,0.0113
5572,0.762411,0.0112
5573,0.762323,0.0127
5574,0.762370,0.0125
5575,0.762280,0.0109
5576,0.762329,0.0073
5577,0.762294,0.0082
5578,0.762466,0.0140
5579,0.762404,0.0111
5580,0.762125,0.0126
5581,0.762067,0.0112
5582,0.762402,0.0112
5583,0.762414,0.0090
5584,0.762407,0.0074
5585,0.762472,0.0073
5586,0.762390,0.0078
5587,0.762301,0.0128
5588,0.762343,0.0110
5589,0.762172,0.0111
5590,0.762176,0.0125
5591,0.762074,0.0125
5592,0.762086,0.0125
5593,0.762130,0.0112
5594,0.761936,0.0113
5595,0.762051,0.0113
5596,0.762108,0.0113
5597,0.762306,0.0126
5598,0.762299,0.0126
5599,0.762260,0.0126
5600,0.762255,0.0128
5601,0.762033,0.0114
5602,0.761983,0.0113
5603,0.762149,0.0113
5604,0.762163,0.0112
5605,0.762146,0.0127
5606,0.762136,0.0126
5607,0.761839,0.0113
5608,0.761993,0.0126
5609,0.761819,0.0104
5610,0.761861,0.0074
5611,0.762044,0.0073
5612,0.762189,0.0073
5613,0.762371,0.0098
5614,0.762368,0.0075
5615,0.762081,0.0113
5616,0.762151,0.0097
5617,0.762413,0.0098
5618,0.762373,0.0109
5619,0.762203,0.0111
5620,0.762351,0.0128
5621,0.762322,0.0112
5622,0.762034,0.0112
5623,0.762139,0.0112
5624,0.762096,0.0112
5625,0.761985,0.0112
5626,0.762119,0.0111
5627,0.762269,0.0111
5628,0.762577,0.0112
5629,0.762292,0.0126
5630,0.762405,0.0113
5631,0.762518,0.0127
5632,0.762555,0.0114
5633,0.762094,0.0113
5634,0.762120,0.0113
5635,0.762090,0.0112
5636,0.762231,0.0113
5637,0.762311,0.0126
5638,0.762058,0.0127
5639,0.761902,0.0126
5640,0.761853,0.0079
5641,0.761745,0.0073
5642,0.761741,0.0073
5643,0.761680,0.0132
5644,0.761586,0.0110
5645,0.761415,0.0110
5646,0.761510,0.0111
5647,0.761705,0.0112
5648,0.761746,0.0113
5649,0.761645,0.0110
5650,0.761413,0.0073
5651,0.761570,0.0082
5652,0.761717,0.0138
5653,0.761612,0.0109
5654,0.761419,0.0110
5655,0.761347,0.0110
5656,0.761251,0.0111
5657,0.761117,0.0111
5658,0.761216,0.0125
5659,0.761377,0.0112
5660,0.761397,0.0112
5661,0.761166,0.0113
5662,0.761289,0.0112
5663,0.761251,0.0113
5664,0.761404,0.0113
5665,0.761736,0.0112
5666,0.761875,0.0112
5667,0.761963,0.0126
5668,0.761972,0.0113
5669,0.761900,0.0127
5670,0.761720,0.0079
5671,0.761356,0.0073
5672,0.761299,0.0073
5673,0.761679,0.0120
5674,0.761657,0.0124
5675,0.761697,0.0111
5676,0.761789,0.0125
5677,0.761751,0.0125
5678,0.761569,0.0111
5679,0.761535,0.0126
5680,0.761462,0.0125
5681,0.761304,0.0113
5682,0.761287,0.0127
5683,0.761374,0.0127
5684,0.761289,0.0096
5685,0.761242,0.0078
5686,0.761041,0.0118
5687,0.761158,0.0125
5688,0.761125,0.0112
5689,0.761165,0.0112
5690,0.761051,0.0126
5691,0.761027,0.0112
5692,0.761039,0.0126
5693,0.761079,0.0126
5694,0.761274,0.0126
5695,0.761518,0.0127
5696,0.761662,0.0116
5697,0.761567,0.0076
5698,0.761479,0.0073
5699,0.761422,0.0072
5700,0.761323,0.0132
5701,0.761261,0.0110
5702,0.761267,0.0110
5703,0.761574,0.0110
5704,0.761281,0.0110
5705,0.760636,0.0110
5706,0.760219,0.0111
5707,0.759857,0.0112
5708,0.759797,0.0126
5709,0.759794,0.0126
5710,0.759835,0.0113
5711,0.760085,0.0113
5712,0.759693,0.0112
5713,0.759393,0.0112
5714,0.759095,0.0113
5715,0.758993,0.0126
5716,0.758968,0.0126
5717,0.758945,0.0112
5718,0.758984,0.0106
5719,0.758914,0.0075
5720,0.758910,0.0083
5721,0.758811,0.0137
5722,0.758906,0.0110
5723,0.759000,0.0110
5724,0.759066,0.0110
5725,0.758903,0.0112
5726,0.758974,0.0102
5727,0.758951,0.0076
5728,0.758916,0.0073
5729,0.758951,0.0072
5730,0.758899,0.0130
5731,0.758879,0.0109
5732,0.758711,0.0110
5733,0.758733,0.0110
5734,0.758675,0.0110
5735,0.758759,0.0110
5736,0.758477,0.0111
5737,0.758499,0.0124
5738,0.758628,0.0112
5739,0.758469,0.0113
5740,0.758465,0.0112
5741,0.758419,0.0126
5742,0.758501,0.0113
5743,0.758496,0.0113
5744,0.758738,0.0113
5745,0.758959,0.0126
5746,0.759084,0.0112
5747,0.758989,0.0112
5748,0.758805,0.0126
5749,0.758834,0.0112
5750,0.758796,0.0125
5751,0.758861,0.0111
5752,0.758941,0.0113
5753,0.758911,0.0113
5754,0.759140,0.0102
5755,0.759249,0.0076
5756,0.759486,0.0073
5757,0.759411,0.0072
5758,0.759417,0.0098
5759,0.759409,0.0075
5760,0.759683,0.0113
5761,0.759613,0.0108
5762,0.759320,0.0108
5763,0.759464,0.0109
5764,0.759466,0.0110
5765,0.759528,0.0110
5766,0.759404,0.0112
5767,0.759111,0.0112
5768,0.759347,0.0127
5769,0.759225,0.0127
5770,0.759266,0.0113
5771,0.759171,0.0126
5772,0.759157,0.0126
5773,0.759186,0.0112
5774,0.759371,0.0128
5775,0.759504,0.0113
5776,0.759615,0.0126
5777,0.759528,0.0113
5778,0.759350,0.0113
5779,0.759243,0.0113
5780,0.759185,0.0113
5781,0.759039,0.0112
5782,0.758785,0.0112
5783,0.758622,0.0112
5784,0.759024,0.0093
5785,0.759287,0.0073
5786,0.759070,0.0072
5787,0.758997,0.0078
5788,0.758936,0.0127
5789,0.758707,0.0107
5790,0.758884,0.0109
5791,0.758701,0.0110
5792,0.758811,0.0111
5793,0.758874,0.0125
5794,0.758890,0.0094
5795,0.758991,0.0078
5796,0.759034,0.0115
5797,0.758849,0.0110
5798,0.759015,0.0110
5799,0.758954,0.0109
5800,0.759230,0.0110
5801,0.759334,0.0111
5802,0.759548,0.0110
5803,0.759740,0.0111
5804,0.759640,0.0111
5805,0.759561,0.0112
5806,0.759334,0.0111
5807,0.759210,0.0125
5808,0.759236,0.0112
5809,0.759286,0.0125
5810,0.759335,0.0113
5811,0.759304,0.0114
5812,0.759260,0.0113
5813,0.759284,0.0127
5814,0.759042,0.0093
5815,0.759027,0.0073
5816,0.759365,0.0072
5817,0.759389,0.0078
5818,0.759423,0.0127
5819,0.759335,0.0107
5820,0.758976,0.0109
5821,0.758924,0.0110
5822,0.759021,0.0110
5823,0.759039,0.0124
5824,0.759072,0.0124
5825,0.759253,0.0112
5826,0.759274,0.0114
5827,0.759065,0.0127
5828,0.759155,0.0127
5829,0.759130,0.0103
5830,0.759347,0.0093
5831,0.759313,0.0078
5832,0.759353,0.0115
5833,0.759425,0.0110
5834,0.759376,0.0111
5835,0.759282,0.0111
5836,0.759274,0.0112
5837,0.759234,0.0125
5838,0.759359,0.0113
5839,0.759664,0.0113
5840,0.759956,0.0113
5841,0.760055,0.0126
5842,0.760133,0.0126
5843,0.760091,0.0116
5844,0.759877,0.0076
5845,0.759936,0.0073
5846,0.759963,0.0073
5847,0.760130,0.0121
5848,0.759732,0.0109
5849,0.759786,0.0100
5850,0.759907,0.0109
5851,0.759922,0.0110
5852,0.759747,0.0123
5853,0.759494,0.0112
5854,0.759363,0.0128
5855,0.759441,0.0114
5856,0.759328,0.0113
5857,0.759219,0.0113
5858,0.759239,0.0127
5859,0.759095,0.0113
5860,0.759241,0.0113
5861,0.759216,0.0113
5862,0.759151,0.0113
5863,0.759157,0.0113
5864,0.759299,0.0112
5865,0.759172,0.0126
5866,0.759129,0.0095
5867,0.759212,0.0077
5868,0.759229,0.0117
5869,0.759258,0.0124
5870,0.759244,0.0124
5871,0.759286,0.0112
5872,0.759306,0.0113
5873,0.759291,0.0104
5874,0.759329,0.0074
5875,0.759054,0.0072
5876,0.758955,0.0073
5877,0.758932,0.0119
5878,0.759053,0.0109
5879,0.759197,0.0110
5880,0.759103,0.0111
5881,0.758846,0.0124
5882,0.758654,0.0112
5883,0.758498,0.0112
5884,0.758641,0.0111
5885,0.758714,0.0125
5886,0.758810,0.0113
5887,0.758695,0.0113
5888,0.758741,0.0113
5889,0.758957,0.0113
5890,0.759214,0.0113
5891,0.759341,0.0126
5892,0.758962,0.0112
5893,0.758976,0.0112
5894,0.758783,0.0113
5895,0.758764,0.0113
5896,0.758828,0.0126
5897,0.758678,0.0126
5898,0.758675,0.0126
5899,0.758664,0.0113
5900,0.758957,0.0113
5901,0.759075,0.0102
5902,0.759006,0.0076
5903,0.758659,0.0073
5904,0.758630,0.0072
5905,0.758684,0.0099
5906,0.758499,0.0076
5907,0.758348,0.0113
5908,0.758513,0.0108
5909,0.758389,0.0109
5910,0.758534,0.0110
5911,0.758399,0.0111
5912,0.758502,0.0111
5913,0.758256,0.0111
5914,0.758090,0.0111
5915,0.758189,0.0125
5916,0.758259,0.0126
5917,0.758168,0.0126
5918,0.758239,0.0113
5919,0.758204,0.0126
5920,0.758184,0.0112
5921,0.758547,0.0112
5922,0.758507,0.0112
5923,0.758791,0.0112
5924,0.758636,0.0112
5925,0.758887,0.0125
5926,0.759106,0.0126
5927,0.759009,0.0126
5928,0.758986,0.0114
5929,0.759126,0.0127
5930,0.758989,0.0103
5931,0.758945,0.0076
5932,0.758956,0.0073
5933,0.759026,0.0073
5934,0.758943,0.0134
5935,0.758818,0.0123
5936,0.758884,0.0109
5937,0.759120,0.0111
5938,0.759199,0.0110
5939,0.759085,0.0111
5940,0.759068,0.0095
5941,0.759065,0.0073
5942,0.758933,0.0082
5943,0.758892,0.0137
5944,0.759022,0.0111
5945,0.759005,0.0111
5946,0.759121,0.0125
5947,0.759174,0.0112
5948,0.759159,0.0127
5949,0.759255,0.0113
5950,0.759300,0.0113
5951,0.759089,0.0112
5952,0.759114,0.0112
5953,0.759133,0.0112
5954,0.759120,0.0127
5955,0.759119,0.0127
5956,0.759353,0.0127
5957,0.759345,0.0126
5958,0.759284,0.0113
5959,0.759311,0.0116
5960,0.759246,0.0076
5961,0.759511,0.0073
5962,0.759631,0.0073
5963,0.759732,0.0134
5964,0.759580,0.0111
5965,0.759453,0.0111
5966,0.759545,0.0111
5967,0.759527,0.0111
5968,0.759425,0.0112
5969,0.759076,0.0112
5970,0.759175,0.0112
5971,0.758960,0.0112
5972,0.759151,0.0125
5973,0.759198,0.0125
5974,0.759104,0.0126
5975,0.759063,0.0095
5976,0.759137,0.0077
5977,0.759413,0.0117
5978,0.759594,0.0111
5979,0.759534,0.0125
5980,0.759391,0.0112
5981,0.759271,0.0112
5982,0.759245,0.0112
5983,0.759161,0.0126
5984,0.759207,0.0127
5985,0.758984,0.0113
5986,0.759289,0.0113
5987,0.759377,0.0112
5988,0.759483,0.0112
5989,0.759105,0.0079
5990,0.759229,0.0073
5991,0.759287,0.0072
5992,0.759082,0.0133
5993,0.758861,0.0109
5994,0.758674,0.0110
5995,0.758476,0.0109
5996,0.758803,0.0099
5997,0.758927,0.0110
5998,0.758997,0.0111
5999,0.759173,0.0124
6000,0.759191,0.0127
