epoch,loss,tiempo_s
1,11.163519,0.0075
2,7.602372,0.0074
3,7.163853,0.0074
4,6.957393,0.0074
5,6.823604,0.0074
6,6.728050,0.0074
7,6.651598,0.0074
8,6.587502,0.0074
9,6.535451,0.0074
10,6.487534,0.0074
11,6.443799,0.0074
12,6.404707,0.0074
13,6.365739,0.0074
14,6.330008,0.0074
15,6.296709,0.0074
16,6.264826,0.0074
17,6.233268,0.0074
18,6.205092,0.0074
19,6.176860,0.0074
20,6.150318,0.0074
21,6.123291,0.0074
22,6.098528,0.0074
23,6.073516,0.0074
24,6.048907,0.0074
25,6.025747,0.0074
26,6.003527,0.0074
27,5.980553,0.0074
28,5.960474,0.0074
29,5.939454,0.0074
30,5.919429,0.0074
31,5.899626,0.0074
32,5.879981,0.0074
33,5.861488,0.0074
34,5.843993,0.0074
35,5.825909,0.0074
36,5.809515,0.0074
37,5.793370,0.0074
38,5.776791,0.0074
39,5.762048,0.0074
40,5.746496,0.0074
41,5.732197,0.0074
42,5.718595,0.0074
43,5.704061,0.0074
44,5.690760,0.0074
45,5.678224,0.0074
46,5.665244,0.0075
47,5.653332,0.0075
48,5.639950,0.0075
49,5.626371,0.0075
50,5.614171,0.0075
51,5.600499,0.0075
52,5.591570,0.0074
53,5.578360,0.0075
54,5.566624,0.0075
55,5.555410,0.0075
56,5.545268,0.0075
57,5.535069,0.0075
58,5.524338,0.0075
59,5.514841,0.0075
60,5.503384,0.0075
61,5.494626,0.0075
62,5.483040,0.0075
63,5.474000,0.0075
64,5.464728,0.0075
65,5.455558,0.0075
66,5.447669,0.0075
67,5.436760,0.0075
68,5.428003,0.0075
69,5.418786,0.0075
70,5.409493,0.0075
71,5.400229,0.0075
72,5.391542,0.0075
73,5.382140,0.0075
74,5.374696,0.0075
75,5.365576,0.0075
76,5.355199,0.0075
77,5.346417,0.0075
78,5.337107,0.0075
79,5.329272,0.0075
80,5.320664,0.0075
81,5.312230,0.0075
82,5.304357,0.0075
83,5.296184,0.0075
84,5.289052,0.0075
85,5.280171,0.0075
86,5.270560,0.0075
87,5.263415,0.0075
88,5.255516,0.0075
89,5.248405,0.0075
90,5.241433,0.0075
91,5.233342,0.0075
92,5.226287,0.0075
93,5.219968,0.0075
94,5.211892,0.0075
95,5.204507,0.0075
96,5.197224,0.0075
97,5.192207,0.0075
98,5.186168,0.0076
99,5.178857,0.0075
100,5.171862,0.0075
101,5.164770,0.0075
102,5.157676,0.0075
103,5.151442,0.0075
104,5.145889,0.0075
105,5.139755,0.0075
106,5.133573,0.0076
107,5.126938,0.0076
108,5.120037,0.0076
109,5.113838,0.0076
110,5.107511,0.0076
111,5.100061,0.0076
112,5.093556,0.0076
113,5.086179,0.0076
114,5.081312,0.0076
115,5.074715,0.0076
116,5.071046,0.0076
117,5.066640,0.0076
118,5.062089,0.0076
119,5.055983,0.0076
120,5.050780,0.0076
121,5.046234,0.0076
122,5.041293,0.0076
123,5.036128,0.0076
124,5.029349,0.0076
125,5.022136,0.0076
126,5.014156,0.0076
127,5.007067,0.0076
128,5.001392,0.0076
129,4.994728,0.0076
130,4.989580,0.0076
131,4.984998,0.0076
132,4.978910,0.0076
133,4.972246,0.0076
134,4.965520,0.0076
135,4.960308,0.0076
136,4.952424,0.0076
137,4.947683,0.0076
138,4.942161,0.0076
139,4.935075,0.0076
140,4.930624,0.0076
141,4.923144,0.0076
142,4.919211,0.0077
143,4.915001,0.0076
144,4.910483,0.0077
145,4.906702,0.0076
146,4.901986,0.0076
147,4.897369,0.0077
148,4.892787,0.0077
149,4.887972,0.0077
150,4.884527,0.0076
151,4.879706,0.0076
152,4.874549,0.0077
153,4.868789,0.0077
154,4.865028,0.0077
155,4.858277,0.0077
156,4.852096,0.0077
157,4.847777,0.0077
158,4.842709,0.0077
159,4.835134,0.0077
160,4.829166,0.0077
161,4.822629,0.0077
162,4.818993,0.0077
163,4.814701,0.0077
164,4.809485,0.0077
165,4.807419,0.0077
166,4.800852,0.0077
167,4.795656,0.0077
168,4.788964,0.0077
169,4.782972,0.0077
170,4.776554,0.0077
171,4.771154,0.0077
172,4.767551,0.0077
173,4.762322,0.0077
174,4.756558,0.0077
175,4.753066,0.0077
176,4.748393,0.0077
177,4.744194,0.0077
178,4.739068,0.0077
179,4.735549,0.0077
180,4.734594,0.0077
181,4.733034,0.0077
182,4.731221,0.0077
183,4.728693,0.0077
184,4.722999,0.0077
185,4.718114,0.0077
186,4.710365,0.0077
187,4.718427,0.0077
188,4.714335,0.0078
189,4.703146,0.0078
190,4.700182,0.0078
191,4.699764,0.0078
192,4.697927,0.0078
193,4.690279,0.0077
194,4.685726,0.0078
195,4.683239,0.0078
196,4.683259,0.0078
197,4.677685,0.0078
198,4.673570,0.0078
199,4.674442,0.0078
200,4.677864,0.0078
201,4.679417,0.0078
202,4.677460,0.0078
203,4.671477,0.0078
204,4.671196,0.0078
205,4.668849,0.0078
206,4.664297,0.0078
207,4.660483,0.0078
208,4.651359,0.0078
209,4.644388,0.0078
210,4.637153,0.0078
211,4.630419,0.0078
212,4.625768,0.0078
213,4.614226,0.0078
214,4.605931,0.0078
215,4.603306,0.0078
216,4.603514,0.0078
217,4.597436,0.0078
218,4.595584,0.0078
219,4.592830,0.0078
220,4.591430,0.0078
221,4.589990,0.0078
222,4.588765,0.0078
223,4.586254,0.0078
224,4.580774,0.0078
225,4.577015,0.0078
226,4.570178,0.0079
227,4.563632,0.0079
228,4.558287,0.0078
229,4.552540,0.0079
230,4.551560,0.0079
231,4.547733,0.0079
232,4.549011,0.0079
233,4.545265,0.0079
234,4.540025,0.0079
235,4.537564,0.0079
236,4.534504,0.0079
237,4.528609,0.0079
238,4.521190,0.0079
239,4.522509,0.0079
240,4.517771,0.0079
241,4.514350,0.0079
242,4.508303,0.0079
243,4.503851,0.0079
244,4.501101,0.0079
245,4.497229,0.0079
246,4.491528,0.0079
247,4.491848,0.0079
248,4.491479,0.0079
249,4.489910,0.0079
250,4.488425,0.0079
251,4.491772,0.0079
252,4.498068,0.0079
253,4.497416,0.0079
254,4.490363,0.0080
255,4.483447,0.0080
256,4.475781,0.0080
257,4.471877,0.0080
258,4.472230,0.0080
259,4.467525,0.0080
260,4.460268,0.0080
261,4.455355,0.0080
262,4.448225,0.0080
263,4.447937,0.0080
264,4.449641,0.0080
265,4.450714,0.0080
266,4.445551,0.0080
267,4.442822,0.0080
268,4.441049,0.0080
269,4.441607,0.0080
270,4.438470,0.0080
271,4.434397,0.0080
272,4.425815,0.0080
273,4.425725,0.0080
274,4.423962,0.0080
275,4.416090,0.0080
276,4.414904,0.0080
277,4.419687,0.0080
278,4.431027,0.0080
279,4.436977,0.0080
280,4.441846,0.0080
281,4.459704,0.0080
282,4.464191,0.0080
283,4.468060,0.0080
284,4.464941,0.0081
285,4.454954,0.0081
286,4.445883,0.0081
287,4.440696,0.0081
288,4.422814,0.0081
289,4.403952,0.0081
290,4.382345,0.0081
291,4.378891,0.0081
292,4.376805,0.0081
293,4.377750,0.0081
294,4.371386,0.0081
295,4.363290,0.0081
296,4.356221,0.0081
297,4.349485,0.0081
298,4.347077,0.0081
299,4.358041,0.0081
300,4.358030,0.0081
301,4.352880,0.0081
302,4.347971,0.0081
303,4.344459,0.0081
304,4.329260,0.0081
305,4.323518,0.0081
306,4.319585,0.0082
307,4.317236,0.0082
308,4.309314,0.0082
309,4.299351,0.0082
310,4.297763,0.0082
311,4.300255,0.0082
312,4.297877,0.0082
313,4.288673,0.0082
314,4.283156,0.0082
315,4.277118,0.0082
316,4.272717,0.0082
317,4.287636,0.0082
318,4.312249,0.0082
319,4.326723,0.0082
320,4.319059,0.0082
321,4.295330,0.0082
322,4.280412,0.0082
323,4.278925,0.0082
324,4.272816,0.0082
325,4.278396,0.0082
326,4.274107,0.0082
327,4.262290,0.0082
328,4.254723,0.0082
329,4.249787,0.0083
330,4.244629,0.0083
331,4.247005,0.0083
332,4.245991,0.0083
333,4.245831,0.0083
334,4.243481,0.0083
335,4.236523,0.0083
336,4.229427,0.0083
337,4.230513,0.0083
338,4.231670,0.0083
339,4.230841,0.0083
340,4.234066,0.0083
341,4.242614,0.0083
342,4.234800,0.0083
343,4.221697,0.0083
344,4.217037,0.0083
345,4.217789,0.0083
346,4.224706,0.0083
347,4.224399,0.0083
348,4.213423,0.0083
349,4.199626,0.0083
350,4.191237,0.0083
351,4.180745,0.0083
352,4.172091,0.0083
353,4.168612,0.0084
354,4.161458,0.0084
355,4.154486,0.0084
356,4.148950,0.0084
357,4.146579,0.0084
358,4.142947,0.0084
359,4.139756,0.0084
360,4.134405,0.0084
361,4.134331,0.0084
362,4.133874,0.0084
363,4.139920,0.0084
364,4.142584,0.0084
365,4.150986,0.0084
366,4.161644,0.0084
367,4.178397,0.0084
368,4.181262,0.0084
369,4.174802,0.0084
370,4.167217,0.0084
371,4.162156,0.0084
372,4.156852,0.0084
373,4.168000,0.0084
374,4.164948,0.0084
375,4.152804,0.0085
376,4.140653,0.0085
377,4.129195,0.0085
378,4.132311,0.0085
379,4.139338,0.0085
380,4.143785,0.0085
381,4.150978,0.0085
382,4.156033,0.0085
383,4.153505,0.0085
384,4.137195,0.0085
385,4.114872,0.0085
386,4.092053,0.0085
387,4.077530,0.0085
388,4.071637,0.0085
389,4.072534,0.0085
390,4.069308,0.0085
391,4.063330,0.0085
392,4.056726,0.0086
393,4.052102,0.0086
394,4.050239,0.0086
395,4.046370,0.0086
396,4.042049,0.0086
397,4.031150,0.0086
398,4.025664,0.0086
399,4.019711,0.0086
400,4.016387,0.0086
401,4.006370,0.0086
402,4.016272,0.0086
403,4.012518,0.0086
404,4.003042,0.0087
405,4.004379,0.0087
406,4.016432,0.0087
407,4.008868,0.0086
408,3.992351,0.0087
409,3.985140,0.0087
410,3.988363,0.0087
411,4.001757,0.0087
412,3.999338,0.0087
413,3.974467,0.0087
414,3.955041,0.0087
415,3.957654,0.0087
416,3.972725,0.0087
417,3.973943,0.0087
418,3.980821,0.0087
419,3.983570,0.0087
420,3.963992,0.0087
421,3.950478,0.0087
422,3.946632,0.0087
423,3.944367,0.0087
424,3.938956,0.0087
425,3.930751,0.0087
426,3.930157,0.0088
427,3.928859,0.0087
428,3.927527,0.0088
429,3.920697,0.0088
430,3.939275,0.0088
431,3.943657,0.0088
432,3.934309,0.0088
433,3.936168,0.0088
434,3.954152,0.0088
435,3.962648,0.0088
436,3.953690,0.0088
437,3.944903,0.0088
438,3.936136,0.0088
439,3.933815,0.0088
440,3.921948,0.0088
441,3.902786,0.0088
442,3.884205,0.0088
443,3.874279,0.0088
444,3.888187,0.0088
445,3.934818,0.0088
446,3.986336,0.0089
447,4.047130,0.0088
448,4.091572,0.0088
449,4.107156,0.0088
450,4.107016,0.0089
451,4.100192,0.0089
452,4.084501,0.0089
453,4.065763,0.0089
454,4.040518,0.0089
455,4.022266,0.0089
456,4.008975,0.0089
457,3.994971,0.0089
458,3.983515,0.0089
459,3.977505,0.0089
460,3.968282,0.0090
461,3.949686,0.0090
462,3.938273,0.0090
463,3.923305,0.0090
464,3.903544,0.0090
465,3.894484,0.0090
466,3.883020,0.0090
467,3.869154,0.0090
468,3.859066,0.0090
469,3.848895,0.0090
470,3.837081,0.0090
471,3.827623,0.0091
472,3.811839,0.0090
473,3.806974,0.0091
474,3.799197,0.0091
475,3.792269,0.0091
476,3.786164,0.0091
477,3.784419,0.0091
478,3.781865,0.0091
479,3.797297,0.0091
480,3.812506,0.0092
481,3.835008,0.0092
482,3.844910,0.0092
483,3.856542,0.0092
484,3.857549,0.0092
485,3.851555,0.0092
486,3.837219,0.0092
487,3.825209,0.0092
488,3.810106,0.0093
489,3.791741,0.0093
490,3.785784,0.0093
491,3.781428,0.0093
492,3.778451,0.0093
493,3.769735,0.0093
494,3.761992,0.0093
495,3.762041,0.0094
496,3.763087,0.0094
497,3.761184,0.0094
498,3.746668,0.0094
499,3.729437,0.0094
500,3.713010,0.0094
501,3.700808,0.0095
502,3.693402,0.0095
503,3.687784,0.0095
504,3.686485,0.0095
505,3.686131,0.0095
506,3.678195,0.0096
507,3.665570,0.0096
508,3.662705,0.0096
509,3.663463,0.0096
510,3.651121,0.0096
511,3.641703,0.0097
512,3.639444,0.0097
513,3.640152,0.0097
514,3.646321,0.0097
515,3.647160,0.0098
516,3.636559,0.0098
517,3.628902,0.0098
518,3.622869,0.0098
519,3.614947,0.0098
520,3.617949,0.0098
521,3.619447,0.0099
522,3.616524,0.0099
523,3.610245,0.0099
524,3.607831,0.0099
525,3.610044,0.0100
526,3.623373,0.0100
527,3.643264,0.0101
528,3.639263,0.0101
529,3.626666,0.0101
530,3.618451,0.0101
531,3.615200,0.0102
532,3.612683,0.0102
533,3.617781,0.0103
534,3.625314,0.0103
535,3.624386,0.0103
536,3.611769,0.0104
537,3.601206,0.0104
538,3.589122,0.0104
539,3.579014,0.0105
540,3.571917,0.0105
541,3.575235,0.0106
542,3.568957,0.0106
543,3.573926,0.0106
544,3.578018,0.0106
545,3.565874,0.0108
546,3.562679,0.0107
547,3.562276,0.0108
548,3.555884,0.0108
549,3.555358,0.0109
550,3.550884,0.0110
551,3.543186,0.0109
552,3.540058,0.0110
553,3.528237,0.0110
554,3.526947,0.0111
555,3.545787,0.0112
556,3.561062,0.0112
557,3.570841,0.0112
558,3.571286,0.0113
559,3.563884,0.0114
560,3.539693,0.0114
561,3.531144,0.0115
562,3.560346,0.0115
563,3.553718,0.0116
564,3.535327,0.0117
565,3.537277,0.0117
566,3.530303,0.0118
567,3.510121,0.0119
568,3.493526,0.0119
569,3.493215,0.0120
570,3.485804,0.0122
571,3.475416,0.0123
572,3.469119,0.0123
573,3.466699,0.0124
574,3.466288,0.0124
575,3.465361,0.0125
576,3.455041,0.0125
577,3.474162,0.0126
578,3.516729,0.0128
579,3.552559,0.0128
580,3.574889,0.0128
581,3.586354,0.0129
582,3.571007,0.0130
583,3.553435,0.0132
584,3.533365,0.0133
585,3.510160,0.0133
586,3.487865,0.0134
587,3.468333,0.0135
588,3.446211,0.0136
589,3.433060,0.0137
590,3.415905,0.0138
591,3.414518,0.0139
592,3.407622,0.0139
593,3.401377,0.0141
594,3.397194,0.0143
595,3.395118,0.0143
596,3.391856,0.0144
597,3.396109,0.0145
598,3.401242,0.0146
599,3.402382,0.0148
600,3.399458,0.0148
601,3.391111,0.0150
602,3.383623,0.0151
603,3.377909,0.0152
604,3.363186,0.0153
605,3.355617,0.0154
606,3.339914,0.0156
607,3.339487,0.0159
608,3.332704,0.0159
609,3.328162,0.0160
610,3.356052,0.0161
611,3.380833,0.0163
612,3.397046,0.0166
613,3.412004,0.0166
614,3.402235,0.0167
615,3.377610,0.0171
616,3.359606,0.0173
617,3.341196,0.0172
618,3.327753,0.0174
619,3.332153,0.0176
620,3.318969,0.0177
621,3.321349,0.0179
622,3.314905,0.0180
623,3.313519,0.0183
624,3.305650,0.0185
625,3.294243,0.0186
626,3.304042,0.0188
627,3.314240,0.0190
628,3.320477,0.0192
629,3.318221,0.0194
630,3.306031,0.0196
631,3.290323,0.0198
632,3.277665,0.0200
633,3.279617,0.0202
634,3.265290,0.0205
635,3.265365,0.0207
636,3.254324,0.0209
637,3.255584,0.0215
638,3.248916,0.0213
639,3.246278,0.0216
640,3.247249,0.0222
641,3.231752,0.0225
642,3.226020,0.0227
643,3.224356,0.0226
644,3.225500,0.0229
645,3.224470,0.0232
646,3.213526,0.0235
647,3.207673,0.0237
648,3.200796,0.0241
649,3.205541,0.0244
650,3.205349,0.0252
651,3.202898,0.0256
652,3.198434,0.0259
653,3.213549,0.0258
654,3.214093,0.0266
655,3.218332,0.0270
656,3.208742,0.0273
657,3.210352,0.0273
658,3.213632,0.0276
659,3.207131,0.0281
660,3.203896,0.0290
661,3.194920,0.0289
662,3.182618,0.0292
663,3.173612,0.0298
664,3.164648,0.0307
665,3.156857,0.0306
666,3.149085,0.0317
667,3.144423,0.0315
668,3.127515,0.0317
669,3.128477,0.0320
670,3.116796,0.0330
671,3.120406,0.0325
672,3.098759,0.0327
673,3.095611,0.0330
674,3.090313,0.0339
675,3.078801,0.0344
676,3.080847,0.0339
677,3.077216,0.0341
678,3.078315,0.0352
679,3.076913,0.0347
680,3.067951,0.0358
681,3.059572,0.0361
682,3.050830,0.0363
683,3.047241,0.0360
684,3.039343,0.0363
685,3.024375,0.0367
686,3.046208,0.0370
687,3.102874,0.0380
688,3.142767,0.0374
689,3.168573,0.0379
690,3.179595,0.0382
691,3.163609,0.0393
692,3.142513,0.0387
693,3.118341,0.0399
694,3.106801,0.0395
695,3.061879,0.0398
696,3.038984,0.0402
697,3.025970,0.0404
698,3.002451,0.0408
699,3.002682,0.0421
700,2.999248,0.0414
701,2.992413,0.0427
702,2.973186,0.0420
703,2.976782,0.0423
704,2.967718,0.0426
705,2.953266,0.0430
706,2.952126,0.0434
707,2.940983,0.0437
708,2.941275,0.0448
709,2.962491,0.0452
710,2.950938,0.0444
711,2.952063,0.0457
712,2.940627,0.0450
713,2.929653,0.0455
714,2.921487,0.0458
715,2.912509,0.0471
716,2.905231,0.0464
717,2.912182,0.0467
718,2.892548,0.0470
719,2.904387,0.0471
720,2.886176,0.0475
721,2.881263,0.0490
722,2.876897,0.0481
723,2.872289,0.0483
724,2.876418,0.0486
725,2.870350,0.0491
726,2.859211,0.0492
727,2.853802,0.0497
728,2.856508,0.0499
729,2.852092,0.0514
730,2.860516,0.0505
731,2.852746,0.0508
732,2.845681,0.0511
733,2.848830,0.0512
734,2.849349,0.0515
735,2.844336,0.0518
736,2.850556,0.0522
737,2.836326,0.0521
738,2.832145,0.0522
739,2.838804,0.0522
740,2.831420,0.0532
741,2.823146,0.0532
742,2.824901,0.0521
743,2.833710,0.0521
744,2.839107,0.0523
745,2.836633,0.0525
746,2.832338,0.0527
747,2.838863,0.0530
748,2.855673,0.0532
749,2.856602,0.0534
750,2.854792,0.0536
751,2.853747,0.0538
752,2.868314,0.0540
753,2.855335,0.0543
754,2.851520,0.0545
755,2.849012,0.0548
756,2.841887,0.0551
757,2.824265,0.0555
758,2.833082,0.0560
759,2.813141,0.0564
760,2.800650,0.0568
761,2.811290,0.0572
762,2.833068,0.0576
763,2.803060,0.0580
764,2.811598,0.0584
765,2.818901,0.0589
766,2.794070,0.0593
767,2.788757,0.0597
768,2.785481,0.0601
769,2.784372,0.0604
770,2.776828,0.0608
771,2.760917,0.0612
772,2.757442,0.0616
773,2.749710,0.0618
774,2.757695,0.0617
775,2.748582,0.0618
776,2.753558,0.0618
777,2.764756,0.0618
778,2.749118,0.0618
779,2.742241,0.0618
780,2.749984,0.0618
781,2.746224,0.0618
782,2.759899,0.0618
783,2.753936,0.0618
784,2.751383,0.0618
785,2.744667,0.0618
786,2.751768,0.0618
787,2.729820,0.0618
788,2.725859,0.0618
789,2.728086,0.0618
790,2.715946,0.0618
791,2.709817,0.0618
792,2.700849,0.0618
793,2.707647,0.0618
794,2.714336,0.0618
795,2.709498,0.0618
796,2.721550,0.0618
797,2.723374,0.0618
798,2.712565,0.0619
799,2.732043,0.0618
800,2.732940,0.0618
801,2.727344,0.0618
802,2.723637,0.0618
803,2.711361,0.0618
804,2.719320,0.0618
805,2.703514,0.0618
806,2.689658,0.0618
807,2.692398,0.0618
808,2.687057,0.0618
809,2.686003,0.0618
810,2.674813,0.0618
811,2.685847,0.0618
812,2.672277,0.0618
813,2.681340,0.0618
814,2.681175,0.0618
815,2.696827,0.0618
816,2.695780,0.0618
817,2.698714,0.0618
818,2.691883,0.0618
819,2.690292,0.0618
820,2.690339,0.0618
821,2.682484,0.0618
822,2.685703,0.0618
823,2.671818,0.0618
824,2.681571,0.0618
825,2.677205,0.0618
826,2.667760,0.0618
827,2.666507,0.0618
828,2.665193,0.0618
829,2.669780,0.0620
830,2.664067,0.0619
831,2.657326,0.0628
832,2.644818,0.0621
833,2.652454,0.0622
834,2.654249,0.0623
835,2.655600,0.0634
836,2.651930,0.0652
837,2.646646,0.0626
838,2.646955,0.0667
839,2.638039,0.0649
840,2.627943,0.0653
841,2.643096,0.0643
842,2.621032,0.0658
843,2.616751,0.0671
844,2.616482,0.0675
845,2.631567,0.0655
846,2.641065,0.0658
847,2.649893,0.0692
848,2.656489,0.0681
849,2.660254,0.0709
850,2.654578,0.0690
851,2.645592,0.0693
852,2.633782,0.0661
853,2.631334,0.0666
854,2.624458,0.0668
855,2.625485,0.0673
856,2.637589,0.0693
857,2.645660,0.0679
858,2.648561,0.0701
859,2.656942,0.0689
860,2.659755,0.0692
861,2.653495,0.0696
862,2.670587,0.0739
863,2.663311,0.0702
864,2.642880,0.0776
865,2.649331,0.0752
866,2.666975,0.0757
867,2.683919,0.0736
868,2.682395,0.0720
869,2.687733,0.0782
870,2.661534,0.0773
871,2.652422,0.0775
872,2.658483,0.0742
873,2.644559,0.0742
874,2.630891,0.0783
875,2.616050,0.0742
876,2.620669,0.0742
877,2.615283,0.0789
878,2.616991,0.0742
879,2.620800,0.0812
880,2.599301,0.0798
881,2.598214,0.0742
882,2.595341,0.0832
883,2.602081,0.0743
884,2.599031,0.0744
885,2.589649,0.0742
886,2.570164,0.0734
887,2.574430,0.0737
888,2.574825,0.0815
889,2.575287,0.0820
890,2.557470,0.0839
891,2.556166,0.0760
892,2.552035,0.0758
893,2.566995,0.0758
894,2.549458,0.0758
895,2.545821,0.0859
896,2.548953,0.0760
897,2.547250,0.0861
898,2.539658,0.0830
899,2.530628,0.0830
900,2.535937,0.0832
901,2.535475,0.0833
902,2.539674,0.0835
903,2.551528,0.0743
904,2.547249,0.0742
905,2.536563,0.0757
906,2.529937,0.0741
907,2.532857,0.0757
908,2.536957,0.0757
909,2.524315,0.0744
910,2.523659,0.0744
911,2.523241,0.0759
912,2.527425,0.0759
913,2.536849,0.0744
914,2.528293,0.0744
915,2.519555,0.0744
916,2.528815,0.0744
917,2.525730,0.0740
918,2.517115,0.0744
919,2.527086,0.0744
920,2.525206,0.0744
921,2.521878,0.0744
922,2.523135,0.0744
923,2.521738,0.0744
924,2.517758,0.0744
925,2.517656,0.0744
926,2.527110,0.0744
927,2.511973,0.0744
928,2.507469,0.0744
929,2.510971,0.0744
930,2.501416,0.0744
931,2.507410,0.0744
932,2.504234,0.0744
933,2.492155,0.0744
934,2.505137,0.0744
935,2.507579,0.0744
936,2.511293,0.0744
937,2.514338,0.0744
938,2.508470,0.0744
939,2.511765,0.0744
940,2.529299,0.0744
941,2.524976,0.0744
942,2.531634,0.0744
943,2.519751,0.0744
944,2.526008,0.0744
945,2.525768,0.0744
946,2.529524,0.0744
947,2.527841,0.0744
948,2.522347,0.0744
949,2.512198,0.0759
950,2.512951,0.0759
951,2.511051,0.0759
952,2.492902,0.0759
953,2.487854,0.0759
954,2.500526,0.0759
955,2.488366,0.0759
956,2.481558,0.0759
957,2.476497,0.0759
958,2.468411,0.0759
959,2.469705,0.0759
960,2.469900,0.0759
961,2.459170,0.0759
962,2.468250,0.0759
963,2.470995,0.0759
964,2.476207,0.0759
965,2.479751,0.0759
966,2.472115,0.0759
967,2.478243,0.0759
968,2.489520,0.0759
969,2.484223,0.0759
970,2.486465,0.0759
971,2.496179,0.0759
972,2.496485,0.0759
973,2.492368,0.0759
974,2.489652,0.0759
975,2.497909,0.0759
976,2.505343,0.0759
977,2.502608,0.0759
978,2.492778,0.0759
979,2.502370,0.0759
980,2.502974,0.0759
981,2.502054,0.0743
982,2.504445,0.0745
983,2.513723,0.0746
984,2.509223,0.0745
985,2.519507,0.0746
986,2.530558,0.0744
987,2.529927,0.0746
988,2.520712,0.0748
989,2.515572,0.0747
990,2.509481,0.0741
991,2.507146,0.0759
992,2.504696,0.0759
993,2.482181,0.0759
994,2.472908,0.0747
995,2.462654,0.0747
996,2.457489,0.0747
997,2.457658,0.0749
998,2.454865,0.0745
999,2.444562,0.0745
1000,2.436778,0.0748
1001,2.438043,0.0745
1002,2.442979,0.0748
1003,2.445962,0.0748
1004,2.443445,0.0745
1005,2.427939,0.0749
1006,2.424529,0.0745
1007,2.414994,0.0745
1008,2.412300,0.0745
1009,2.423856,0.0745
1010,2.427991,0.0745
1011,2.446739,0.0745
1012,2.442778,0.0745
1013,2.462381,0.0744
1014,2.452528,0.0745
1015,2.453214,0.0745
1016,2.460161,0.0742
1017,2.458424,0.0741
1018,2.451919,0.0741
1019,2.434856,0.0742
1020,2.415366,0.0742
1021,2.410121,0.0742
1022,2.401597,0.0742
1023,2.404058,0.0741
1024,2.400960,0.0741
1025,2.413580,0.0742
1026,2.409382,0.0742
1027,2.405958,0.0741
1028,2.414623,0.0742
1029,2.415245,0.0742
1030,2.420623,0.0759
1031,2.420892,0.0760
1032,2.424726,0.0760
1033,2.417281,0.0759
1034,2.413121,0.0742
1035,2.410212,0.0742
1036,2.404201,0.0742
1037,2.403627,0.0742
1038,2.418500,0.0742
1039,2.423632,0.0742
1040,2.418107,0.0742
1041,2.423080,0.0742
1042,2.411998,0.0742
1043,2.410056,0.0742
1044,2.402756,0.0742
1045,2.406010,0.0742
1046,2.412011,0.0742
1047,2.411654,0.0741
1048,2.402793,0.0742
1049,2.398104,0.0742
1050,2.407081,0.0742
1051,2.394747,0.0742
1052,2.392819,0.0742
1053,2.401492,0.0742
1054,2.395444,0.0742
1055,2.402095,0.0742
1056,2.416156,0.0742
1057,2.421885,0.0742
1058,2.417654,0.0742
1059,2.406225,0.0742
1060,2.399753,0.0742
1061,2.408124,0.0742
1062,2.400481,0.0742
1063,2.410010,0.0742
1064,2.390864,0.0742
1065,2.391970,0.0742
1066,2.389534,0.0742
1067,2.379489,0.0742
1068,2.380805,0.0742
1069,2.382481,0.0742
1070,2.387114,0.0742
1071,2.382641,0.0742
1072,2.383287,0.0742
1073,2.382417,0.0742
1074,2.375334,0.0742
1075,2.382124,0.0742
1076,2.368244,0.0742
1077,2.370099,0.0742
1078,2.366137,0.0742
1079,2.367990,0.0742
1080,2.370766,0.0742
1081,2.374965,0.0742
1082,2.380354,0.0742
1083,2.365836,0.0745
1084,2.359558,0.0750
1085,2.358459,0.0749
1086,2.351348,0.0750
1087,2.352200,0.0749
1088,2.356077,0.0749
1089,2.366384,0.0750
1090,2.362993,0.0749
1091,2.361479,0.0750
1092,2.358330,0.0748
1093,2.368297,0.0749
1094,2.367100,0.0749
1095,2.371153,0.0750
1096,2.367895,0.0750
1097,2.362441,0.0750
1098,2.362782,0.0750
1099,2.347969,0.0750
1100,2.348032,0.0751
1101,2.339987,0.0751
1102,2.339747,0.0749
1103,2.347587,0.0749
1104,2.337068,0.0749
1105,2.342707,0.0750
1106,2.351943,0.0749
1107,2.345422,0.0751
1108,2.344967,0.0745
1109,2.344720,0.0746
1110,2.337356,0.0745
1111,2.337064,0.0745
1112,2.335261,0.0746
1113,2.328862,0.0745
1114,2.319047,0.0745
1115,2.329173,0.0745
1116,2.327790,0.0756
1117,2.316717,0.0745
1118,2.319186,0.0745
1119,2.314406,0.0745
1120,2.315558,0.0746
1121,2.310728,0.0745
1122,2.305955,0.0759
1123,2.297558,0.0745
1124,2.295907,0.0747
1125,2.307174,0.0746
1126,2.313514,0.0746
1127,2.313690,0.0746
1128,2.320897,0.0745
1129,2.337401,0.0745
1130,2.344817,0.0745
1131,2.340188,0.0751
1132,2.337031,0.0748
1133,2.335432,0.0751
1134,2.336535,0.0751
1135,2.330979,0.0752
1136,2.331921,0.0751
1137,2.326547,0.0758
1138,2.314251,0.0746
1139,2.309774,0.0749
1140,2.304899,0.0753
1141,2.299519,0.0750
1142,2.282736,0.0754
1143,2.281644,0.0793
1144,2.286125,0.0758
1145,2.283396,0.0751
1146,2.291152,0.0743
1147,2.289915,0.0760
1148,2.285826,0.0775
1149,2.284384,0.0759
1150,2.293390,0.0769
1151,2.296370,0.0772
1152,2.284062,0.0770
1153,2.295984,0.0769
1154,2.295643,0.0774
1155,2.301866,0.0775
1156,2.298368,0.0750
1157,2.301953,0.0771
1158,2.290324,0.0771
1159,2.290005,0.0771
1160,2.287045,0.0762
1161,2.291270,0.0761
1162,2.292521,0.0772
1163,2.289866,0.0751
1164,2.289198,0.0760
1165,2.287234,0.0761
1166,2.289971,0.0775
1167,2.281312,0.0775
1168,2.281150,0.0778
1169,2.286948,0.0782
1170,2.285380,0.0750
1171,2.286388,0.0773
1172,2.298316,0.0750
1173,2.311343,0.0783
1174,2.324616,0.0786
1175,2.321152,0.0784
1176,2.321870,0.0786
1177,2.313846,0.0761
1178,2.303791,0.0750
1179,2.297621,0.0751
1180,2.287899,0.0783
1181,2.290359,0.0781
1182,2.278726,0.0783
1183,2.253563,0.0789
1184,2.262987,0.0774
1185,2.258090,0.0775
1186,2.258605,0.0787
1187,2.250088,0.0778
1188,2.246516,0.0765
1189,2.254961,0.0797
1190,2.256417,0.0762
1191,2.270614,0.0796
1192,2.277658,0.0789
1193,2.281915,0.0792
1194,2.294215,0.0791
1195,2.293359,0.0760
1196,2.307130,0.0796
1197,2.318159,0.0764
1198,2.316370,0.0776
1199,2.300593,0.0802
1200,2.301443,0.0777
1201,2.297929,0.0795
1202,2.287265,0.0802
1203,2.272571,0.0779
1204,2.280283,0.0760
1205,2.283144,0.0796
1206,2.275624,0.0798
1207,2.281511,0.0790
1208,2.287885,0.0785
1209,2.299227,0.0766
1210,2.295045,0.0760
1211,2.291672,0.0777
1212,2.290367,0.0781
1213,2.298720,0.0797
1214,2.279621,0.0760
1215,2.284180,0.0798
1216,2.279849,0.0789
1217,2.289778,0.0792
1218,2.283491,0.0790
1219,2.290956,0.0800
1220,2.275654,0.0801
1221,2.282173,0.0789
1222,2.273790,0.0796
1223,2.274462,0.0775
1224,2.271401,0.0760
1225,2.251010,0.0766
1226,2.242400,0.0760
1227,2.243233,0.0756
1228,2.252040,0.0759
1229,2.240994,0.0771
1230,2.243459,0.0760
1231,2.244474,0.0757
1232,2.245074,0.0744
1233,2.250690,0.0803
1234,2.251042,0.0763
1235,2.267313,0.0752
1236,2.268701,0.0775
1237,2.272052,0.0758
1238,2.256354,0.0755
1239,2.258841,0.0806
1240,2.251380,0.0817
1241,2.248691,0.0801
1242,2.242064,0.0771
1243,2.236567,0.0807
1244,2.230080,0.0794
1245,2.239333,0.0758
1246,2.236149,0.0790
1247,2.254215,0.0816
1248,2.244759,0.0752
1249,2.248224,0.0795
1250,2.253113,0.0822
1251,2.259976,0.0808
1252,2.248221,0.0771
1253,2.251892,0.0804
1254,2.238338,0.0798
1255,2.236017,0.0743
1256,2.233923,0.0818
1257,2.236529,0.0819
1258,2.226057,0.0758
1259,2.221721,0.0796
1260,2.231458,0.0772
1261,2.225547,0.0774
1262,2.226599,0.0759
1263,2.223796,0.0777
1264,2.225183,0.0754
1265,2.220437,0.0758
1266,2.211839,0.0765
1267,2.212852,0.0755
1268,2.219730,0.0757
1269,2.222621,0.0756
1270,2.229567,0.0775
1271,2.238471,0.0771
1272,2.244735,0.0770
1273,2.233219,0.0773
1274,2.232676,0.0773
1275,2.234823,0.0758
1276,2.237593,0.0771
1277,2.238747,0.0764
1278,2.242745,0.0771
1279,2.241099,0.0753
1280,2.239383,0.0769
1281,2.227756,0.0771
1282,2.215124,0.0759
1283,2.206616,0.0760
1284,2.212240,0.0779
1285,2.208999,0.0762
1286,2.218937,0.0780
1287,2.206965,0.0771
1288,2.198706,0.0779
1289,2.188191,0.0771
1290,2.185131,0.0778
1291,2.181817,0.0778
1292,2.181914,0.0774
1293,2.187693,0.0763
1294,2.179483,0.0762
1295,2.178778,0.0771
1296,2.184503,0.0789
1297,2.191978,0.0788
1298,2.194681,0.0777
1299,2.196303,0.0790
1300,2.193139,0.0777
1301,2.190468,0.0804
1302,2.184951,0.0772
1303,2.188284,0.0779
1304,2.182627,0.0778
1305,2.186333,0.0779
1306,2.184932,0.0784
1307,2.174126,0.0803
1308,2.171562,0.0781
1309,2.172743,0.0788
1310,2.176278,0.0786
1311,2.174874,0.0805
1312,2.174232,0.0810
1313,2.182185,0.0769
1314,2.183800,0.0782
1315,2.186450,0.0766
1316,2.186259,0.0782
1317,2.192140,0.0764
1318,2.199420,0.0777
1319,2.200426,0.0780
1320,2.217300,0.0787
1321,2.227589,0.0784
1322,2.235933,0.0787
1323,2.228956,0.0780
1324,2.221797,0.0783
1325,2.216327,0.0766
1326,2.209370,0.0801
1327,2.211609,0.0781
1328,2.214138,0.0789
1329,2.205237,0.0765
1330,2.203846,0.0787
1331,2.202005,0.0779
1332,2.196766,0.0799
1333,2.189137,0.0791
1334,2.193615,0.0788
1335,2.193507,0.0799
1336,2.204750,0.0808
1337,2.202923,0.0787
1338,2.208862,0.0813
1339,2.201547,0.0814
1340,2.195791,0.0825
1341,2.193756,0.0836
1342,2.204573,0.0827
1343,2.194203,0.0795
1344,2.190034,0.0851
1345,2.190970,0.0829
1346,2.194823,0.0822
1347,2.200125,0.0860
1348,2.194605,0.0854
1349,2.194957,0.0820
1350,2.200876,0.0851
1351,2.196509,0.0820
1352,2.195413,0.0833
1353,2.191315,0.0852
1354,2.198063,0.0850
1355,2.201253,0.0835
1356,2.198570,0.0864
1357,2.177901,0.0850
1358,2.181692,0.0823
1359,2.187592,0.0843
1360,2.190948,0.0844
1361,2.201999,0.0857
1362,2.195254,0.0817
1363,2.204786,0.0832
1364,2.199529,0.0853
1365,2.194703,0.0831
1366,2.201980,0.0831
1367,2.194363,0.0823
1368,2.186978,0.0824
1369,2.193471,0.0862
1370,2.190393,0.0848
1371,2.198071,0.0831
1372,2.181476,0.0838
1373,2.183374,0.0848
1374,2.188313,0.0851
1375,2.184818,0.0845
1376,2.173030,0.0831
1377,2.174535,0.0811
1378,2.171239,0.0861
1379,2.182715,0.0840
1380,2.173144,0.0869
1381,2.172873,0.0869
1382,2.175106,0.0861
1383,2.176896,0.0859
1384,2.184683,0.0842
1385,2.176620,0.0846
1386,2.167383,0.0848
1387,2.161709,0.0845
1388,2.170095,0.0862
1389,2.153454,0.0822
1390,2.156826,0.0844
1391,2.151355,0.0850
1392,2.147485,0.0838
1393,2.148545,0.0850
1394,2.153236,0.0848
1395,2.157259,0.0848
1396,2.159987,0.0854
1397,2.162418,0.0829
1398,2.162649,0.0859
1399,2.157965,0.0823
1400,2.158785,0.0854
1401,2.150181,0.0851
1402,2.145507,0.0827
1403,2.132186,0.0838
1404,2.133443,0.0824
1405,2.130808,0.0815
1406,2.140070,0.0847
1407,2.131959,0.0837
1408,2.137691,0.0843
1409,2.142693,0.0813
1410,2.138149,0.0865
1411,2.140572,0.0817
1412,2.130620,0.0826
1413,2.130321,0.0815
1414,2.145630,0.0843
1415,2.150000,0.0817
1416,2.154442,0.0821
1417,2.162280,0.0822
1418,2.159753,0.0857
1419,2.161174,0.0820
1420,2.161939,0.0858
1421,2.162849,0.0822
1422,2.150207,0.0825
1423,2.159645,0.0858
1424,2.173690,0.0843
1425,2.168306,0.0856
1426,2.164582,0.0849
1427,2.169512,0.0867
1428,2.175160,0.0870
1429,2.171996,0.0839
1430,2.178812,0.0860
1431,2.200509,0.0844
1432,2.219884,0.0871
1433,2.225080,0.0858
1434,2.230019,0.0845
1435,2.229067,0.0871
1436,2.222955,0.0830
1437,2.204543,0.0840
1438,2.201252,0.0838
1439,2.197856,0.0827
1440,2.201795,0.0841
1441,2.209071,0.0854
1442,2.196725,0.0877
1443,2.208792,0.0873
1444,2.214016,0.0887
1445,2.205183,0.0873
1446,2.190484,0.0840
1447,2.191392,0.0869
1448,2.192875,0.0881
1449,2.207102,0.0863
1450,2.205587,0.0889
1451,2.220842,0.0831
1452,2.209693,0.0848
1453,2.203391,0.0895
1454,2.201404,0.0896
1455,2.184079,0.0889
1456,2.184529,0.0847
1457,2.192410,0.0883
1458,2.188371,0.0827
1459,2.181215,0.0913
1460,2.162495,0.0884
1461,2.179226,0.0884
1462,2.167913,0.0896
1463,2.178715,0.0827
1464,2.183931,0.0882
1465,2.190649,0.0911
1466,2.198071,0.0822
1467,2.201723,0.0818
1468,2.205641,0.0879
1469,2.207052,0.0824
1470,2.209769,0.0819
1471,2.208736,0.0817
1472,2.197674,0.0830
1473,2.196690,0.0820
1474,2.194149,0.0820
1475,2.194292,0.0828
1476,2.178446,0.0821
1477,2.196334,0.0837
1478,2.192225,0.0837
1479,2.192380,0.0846
1480,2.187739,0.0836
1481,2.181970,0.0816
1482,2.182487,0.0814
1483,2.171743,0.0819
1484,2.168962,0.0816
1485,2.163459,0.0820
1486,2.151388,0.0829
1487,2.147222,0.0822
1488,2.150460,0.0828
1489,2.151764,0.0819
1490,2.152750,0.0813
1491,2.162203,0.0815
1492,2.148430,0.0812
1493,2.149230,0.0817
1494,2.137622,0.0820
1495,2.142313,0.0811
1496,2.137308,0.0813
1497,2.140126,0.0838
1498,2.124833,0.0832
1499,2.129760,0.0837
1500,2.132154,0.0837
1501,2.125532,0.0816
1502,2.125511,0.0822
1503,2.136266,0.0815
1504,2.139029,0.0815
1505,2.132217,0.0811
1506,2.125901,0.0818
1507,2.126078,0.0828
1508,2.123202,0.0828
1509,2.122379,0.0812
1510,2.132258,0.0819
1511,2.123020,0.0818
1512,2.132341,0.0817
1513,2.140242,0.0813
1514,2.145821,0.0815
1515,2.143090,0.0812
1516,2.146326,0.0828
1517,2.159393,0.0809
1518,2.171796,0.0818
1519,2.178746,0.0817
1520,2.181028,0.0815
1521,2.169695,0.0804
1522,2.165060,0.0818
1523,2.173662,0.0831
1524,2.164090,0.0822
1525,2.175842,0.0813
1526,2.167021,0.0818
1527,2.173391,0.0820
1528,2.172001,0.0804
1529,2.162230,0.0818
1530,2.168223,0.0818
1531,2.165818,0.0820
1532,2.150466,0.0821
1533,2.140468,0.0821
1534,2.143402,0.0830
1535,2.138605,0.0796
1536,2.138503,0.0816
1537,2.125050,0.0820
1538,2.119170,0.0820
1539,2.121745,0.0815
1540,2.127620,0.0837
1541,2.123240,0.0808
1542,2.129498,0.0811
1543,2.142290,0.0829
1544,2.148088,0.0798
1545,2.159947,0.0819
1546,2.167831,0.0790
1547,2.170708,0.0798
1548,2.172290,0.0818
1549,2.176685,0.0833
1550,2.164013,0.0839
1551,2.170221,0.0811
1552,2.168638,0.0838
1553,2.165498,0.0832
1554,2.168673,0.0805
1555,2.170247,0.0848
1556,2.180123,0.0810
1557,2.179854,0.0805
1558,2.173967,0.0838
1559,2.171487,0.0814
1560,2.168276,0.0804
1561,2.168074,0.0838
1562,2.163719,0.0848
1563,2.169276,0.0802
1564,2.170957,0.0802
1565,2.174624,0.0800
1566,2.187864,0.0811
1567,2.178442,0.0807
1568,2.193681,0.0830
1569,2.187361,0.0810
1570,2.189565,0.0820
1571,2.190985,0.0847
1572,2.178092,0.0838
1573,2.175532,0.0837
1574,2.162269,0.0838
1575,2.148348,0.0801
1576,2.144440,0.0797
1577,2.144159,0.0849
1578,2.133681,0.0838
1579,2.123653,0.0810
1580,2.120422,0.0808
1581,2.125096,0.0839
1582,2.118750,0.0840
1583,2.110760,0.0812
1584,2.110857,0.0823
1585,2.121402,0.0820
1586,2.124258,0.0818
1587,2.132731,0.0820
1588,2.124462,0.0830
1589,2.119947,0.0833
1590,2.126029,0.0825
1591,2.126159,0.0836
1592,2.130743,0.0850
1593,2.142722,0.0824
1594,2.155428,0.0825
1595,2.156097,0.0836
1596,2.153126,0.0826
1597,2.151971,0.0827
1598,2.152966,0.0845
1599,2.148949,0.0825
1600,2.164409,0.0835
1601,2.162036,0.0829
1602,2.157902,0.0837
1603,2.161636,0.0838
1604,2.154178,0.0835
1605,2.142157,0.0839
1606,2.132720,0.0849
1607,2.128020,0.0839
1608,2.122576,0.0849
1609,2.112278,0.0847
1610,2.110236,0.0839
1611,2.110121,0.0836
1612,2.114244,0.0836
1613,2.111071,0.0862
1614,2.107321,0.0834
1615,2.096430,0.0862
1616,2.106716,0.0846
1617,2.109694,0.0859
1618,2.102929,0.0843
1619,2.102592,0.0859
1620,2.104612,0.0829
1621,2.106309,0.0850
1622,2.110718,0.0842
1623,2.112785,0.0840
1624,2.107580,0.0837
1625,2.107347,0.0848
1626,2.116619,0.0857
1627,2.119424,0.0831
1628,2.118752,0.0836
1629,2.115715,0.0830
1630,2.104245,0.0833
1631,2.108792,0.0844
1632,2.113419,0.0837
1633,2.115184,0.0839
1634,2.119710,0.0824
1635,2.119555,0.0831
1636,2.116800,0.0829
1637,2.114774,0.0837
1638,2.117169,0.0835
1639,2.124391,0.0846
1640,2.126039,0.0858
1641,2.120310,0.0857
1642,2.111884,0.0840
1643,2.103408,0.0829
1644,2.099800,0.0842
1645,2.106122,0.0847
1646,2.104466,0.0829
1647,2.104448,0.0842
1648,2.101784,0.0827
1649,2.104117,0.0828
1650,2.099416,0.0830
1651,2.103112,0.0830
1652,2.104952,0.0845
1653,2.109070,0.0829
1654,2.107218,0.0830
1655,2.102829,0.0831
1656,2.091884,0.0856
1657,2.089024,0.0831
1658,2.085196,0.0831
1659,2.082960,0.0837
1660,2.086494,0.0855
1661,2.067686,0.0846
1662,2.062615,0.0845
1663,2.066936,0.0838
1664,2.073111,0.0836
1665,2.060047,0.0838
1666,2.065318,0.0835
1667,2.064002,0.0849
1668,2.060028,0.0836
1669,2.070028,0.0849
1670,2.064701,0.0850
1671,2.064986,0.0850
1672,2.062679,0.0840
1673,2.047158,0.0847
1674,2.060249,0.0849
1675,2.064933,0.0852
1676,2.066929,0.0849
1677,2.065060,0.0851
1678,2.077040,0.0857
1679,2.075391,0.0859
1680,2.090396,0.0857
1681,2.085238,0.0852
1682,2.080301,0.0857
1683,2.088977,0.0860
1684,2.095257,0.0860
1685,2.092146,0.0873
1686,2.089267,0.0861
1687,2.088347,0.0861
1688,2.086505,0.0854
1689,2.097601,0.0874
1690,2.089188,0.0874
1691,2.087829,0.0866
1692,2.075887,0.0855
1693,2.077101,0.0860
1694,2.083792,0.0859
1695,2.090900,0.0862
1696,2.092957,0.0850
1697,2.091431,0.0860
1698,2.096713,0.0863
1699,2.099724,0.0850
1700,2.099454,0.0870
1701,2.095712,0.0852
1702,2.095714,0.0851
1703,2.078110,0.0865
1704,2.079320,0.0856
1705,2.075923,0.0857
1706,2.075370,0.0868
1707,2.073543,0.0856
1708,2.074743,0.0870
1709,2.076167,0.0857
1710,2.079822,0.0869
1711,2.091602,0.0867
1712,2.084325,0.0890
1713,2.094486,0.0896
1714,2.086448,0.0890
1715,2.092368,0.0894
1716,2.093400,0.0896
1717,2.095946,0.0902
1718,2.082952,0.0881
1719,2.073952,0.0891
1720,2.065667,0.0891
1721,2.055403,0.0896
1722,2.061373,0.0908
1723,2.062083,0.0910
1724,2.058741,0.0917
1725,2.055662,0.0899
1726,2.056675,0.0899
1727,2.042987,0.0918
1728,2.056251,0.0918
1729,2.059058,0.0917
1730,2.068181,0.0929
1731,2.071798,0.0920
1732,2.066783,0.0923
1733,2.083597,0.0921
1734,2.079449,0.0930
1735,2.081671,0.0920
1736,2.088696,0.0927
1737,2.091682,0.0920
1738,2.098361,0.0920
1739,2.103103,0.0904
1740,2.114805,0.0921
1741,2.121758,0.0917
1742,2.128537,0.0929
1743,2.134155,0.0918
1744,2.139583,0.0910
1745,2.151912,0.0924
1746,2.148672,0.0917
1747,2.140275,0.0919
1748,2.145059,0.0919
1749,2.136490,0.0928
1750,2.137432,0.0911
1751,2.132214,0.0920
1752,2.132415,0.0918
1753,2.137627,0.0936
1754,2.142071,0.0923
1755,2.137482,0.0930
1756,2.134835,0.0916
1757,2.135838,0.0926
1758,2.122621,0.0918
1759,2.133638,0.0918
1760,2.130838,0.0915
1761,2.131170,0.0927
1762,2.124596,0.0914
1763,2.128703,0.0918
1764,2.114846,0.0922
1765,2.110087,0.0923
1766,2.101142,0.0923
1767,2.094428,0.0929
1768,2.098910,0.0943
1769,2.096672,0.0941
1770,2.079060,0.0942
1771,2.080623,0.0948
1772,2.068023,0.0951
1773,2.072631,0.0939
1774,2.070570,0.0935
1775,2.079070,0.0931
1776,2.070843,0.0955
1777,2.077672,0.0948
1778,2.069368,0.0915
1779,2.081559,0.0940
1780,2.080659,0.0927
1781,2.081153,0.0918
1782,2.073694,0.0933
1783,2.077036,0.0931
1784,2.076855,0.0930
1785,2.079110,0.0933
1786,2.086159,0.0911
1787,2.092220,0.0914
1788,2.094702,0.0923
1789,2.102334,0.0923
1790,2.103711,0.0922
1791,2.105587,0.0912
1792,2.112679,0.0929
1793,2.107278,0.0940
1794,2.098048,0.0930
1795,2.087221,0.0935
1796,2.077209,0.0931
1797,2.062792,0.0938
1798,2.076452,0.0931
1799,2.073663,0.0941
1800,2.073987,0.0935
1801,2.086815,0.0931
1802,2.095051,0.0935
1803,2.094317,0.0936
1804,2.097718,0.0940
1805,2.098949,0.0932
1806,2.089776,0.0914
1807,2.092250,0.0931
1808,2.094231,0.0932
1809,2.084126,0.0934
1810,2.091070,0.0928
1811,2.086450,0.0937
1812,2.081162,0.0922
1813,2.078426,0.0929
1814,2.075722,0.0933
1815,2.093915,0.0933
1816,2.092937,0.0931
1817,2.095068,0.0932
1818,2.088642,0.0929
1819,2.095352,0.0935
1820,2.088628,0.0934
1821,2.094215,0.0924
1822,2.097266,0.0932
1823,2.089497,0.0929
1824,2.079527,0.0929
1825,2.069398,0.0933
1826,2.076590,0.0929
1827,2.058924,0.0918
1828,2.078102,0.0938
1829,2.083082,0.0923
1830,2.101004,0.0930
1831,2.095983,0.0921
1832,2.109469,0.0936
1833,2.104107,0.0934
1834,2.107196,0.0928
1835,2.099112,0.0923
1836,2.104629,0.0930
1837,2.107070,0.0935
1838,2.106174,0.0926
1839,2.104329,0.0928
1840,2.103436,0.0932
1841,2.098534,0.0947
1842,2.098333,0.0922
1843,2.086362,0.0904
1844,2.078642,0.0940
1845,2.072920,0.0944
1846,2.071349,0.0953
1847,2.082302,0.0938
1848,2.072636,0.0936
1849,2.072497,0.0939
1850,2.075651,0.0931
1851,2.061841,0.0933
1852,2.062631,0.0943
1853,2.060264,0.0922
1854,2.059532,0.0928
1855,2.067294,0.0928
1856,2.073565,0.0920
1857,2.067003,0.0928
1858,2.080515,0.0940
1859,2.085649,0.0917
1860,2.079640,0.0936
1861,2.080011,0.0924
1862,2.078988,0.0918
1863,2.084998,0.0939
1864,2.082675,0.0929
1865,2.076913,0.0933
1866,2.066581,0.0938
1867,2.068799,0.0916
1868,2.071124,0.0925
1869,2.062968,0.0936
1870,2.059863,0.0935
1871,2.070075,0.0938
1872,2.066762,0.0926
1873,2.058498,0.0929
1874,2.088570,0.0923
1875,2.111473,0.0926
1876,2.121565,0.0925
1877,2.128124,0.0926
1878,2.120718,0.0930
1879,2.138432,0.0935
1880,2.150709,0.0929
1881,2.144818,0.0926
1882,2.154424,0.0920
1883,2.135531,0.0923
1884,2.150072,0.0937
1885,2.140396,0.0931
1886,2.140677,0.0926
1887,2.138297,0.0932
1888,2.133667,0.0920
1889,2.127848,0.0936
1890,2.123780,0.0934
1891,2.111425,0.0931
1892,2.112683,0.0927
1893,2.103476,0.0934
1894,2.105577,0.0926
1895,2.108354,0.0920
1896,2.096980,0.0922
1897,2.089334,0.0918
1898,2.089843,0.0925
1899,2.084651,0.0937
1900,2.096655,0.0932
1901,2.085376,0.0928
1902,2.091084,0.0934
1903,2.087087,0.0930
1904,2.078555,0.0928
1905,2.081844,0.0928
1906,2.087835,0.0934
1907,2.081949,0.0938
1908,2.066862,0.0917
1909,2.065580,0.0926
1910,2.075354,0.0920
1911,2.078571,0.0944
1912,2.078092,0.0933
1913,2.078915,0.0942
1914,2.087253,0.0929
1915,2.093489,0.0944
1916,2.102970,0.0928
1917,2.104236,0.0931
1918,2.111715,0.0924
1919,2.109527,0.0929
1920,2.103331,0.0922
1921,2.089525,0.0931
1922,2.101589,0.0924
1923,2.091783,0.0918
1924,2.078079,0.0924
1925,2.064948,0.0939
1926,2.043572,0.0933
1927,2.022940,0.0929
1928,2.035095,0.0929
1929,2.037915,0.0924
1930,2.048124,0.0930
1931,2.054430,0.0932
1932,2.058976,0.0925
1933,2.059555,0.0938
1934,2.058570,0.0937
1935,2.080504,0.0919
1936,2.079392,0.0923
1937,2.075916,0.0936
1938,2.057030,0.0926
1939,2.061210,0.0931
1940,2.066477,0.0932
1941,2.068827,0.0926
1942,2.076935,0.0916
1943,2.078213,0.0933
1944,2.083526,0.0932
1945,2.072509,0.0919
1946,2.067347,0.0921
1947,2.055096,0.0938
1948,2.062826,0.0934
1949,2.069816,0.0935
1950,2.066229,0.0925
1951,2.078311,0.0927
1952,2.079828,0.0926
1953,2.068883,0.0918
1954,2.062409,0.0930
1955,2.073086,0.0932
1956,2.064803,0.0935
1957,2.052902,0.0927
1958,2.062168,0.0937
1959,2.065432,0.0925
1960,2.066047,0.0931
1961,2.074174,0.0936
1962,2.079479,0.0933
1963,2.080670,0.0927
1964,2.062959,0.0934
1965,2.052901,0.0937
1966,2.063971,0.0915
1967,2.093926,0.0931
1968,2.094577,0.0920
1969,2.088478,0.0939
1970,2.084593,0.0933
1971,2.077500,0.0938
1972,2.090556,0.0937
1973,2.102781,0.0929
1974,2.113733,0.0942
1975,2.124848,0.0935
1976,2.117895,0.0934
1977,2.121433,0.0914
1978,2.126090,0.0932
1979,2.110916,0.0936
1980,2.105647,0.0913
1981,2.087589,0.0927
1982,2.074935,0.0929
1983,2.067334,0.0930
1984,2.061349,0.0932
1985,2.063384,0.0929
1986,2.066649,0.0936
1987,2.063403,0.0918
1988,2.063545,0.0923
1989,2.069510,0.0944
1990,2.067239,0.0916
1991,2.048933,0.0933
1992,2.066573,0.0912
1993,2.074963,0.0925
1994,2.067962,0.0918
1995,2.061701,0.0937
1996,2.056418,0.0922
1997,2.055726,0.0932
1998,2.055078,0.0924
1999,2.052505,0.0933
2000,2.050056,0.0923
2001,2.041698,0.0918
2002,2.032234,0.0916
2003,2.035863,0.0915
2004,2.037091,0.0917
2005,2.025842,0.0929
2006,2.041515,0.0921
2007,2.045993,0.0931
2008,2.050061,0.0943
2009,2.048566,0.0936
2010,2.042674,0.0916
2011,2.042684,0.0918
2012,2.047427,0.0918
2013,2.053627,0.0931
2014,2.053632,0.0923
2015,2.059191,0.0925
2016,2.059210,0.0931
2017,2.052603,0.0934
2018,2.050742,0.0934
2019,2.058363,0.0934
2020,2.054267,0.0938
2021,2.061902,0.0932
2022,2.060486,0.0920
2023,2.049906,0.0939
2024,2.058862,0.0932
2025,2.059253,0.0937
2026,2.055961,0.0940
2027,2.048466,0.0930
2028,2.050051,0.0939
2029,2.047414,0.0939
2030,2.039663,0.0941
2031,2.028555,0.0937
2032,2.007179,0.0933
2033,2.026245,0.0926
2034,2.036897,0.0942
2035,2.033080,0.0931
2036,2.037285,0.0935
2037,2.051094,0.0930
2038,2.048083,0.0927
2039,2.056140,0.0926
2040,2.053565,0.0936
2041,2.069288,0.0933
2042,2.067664,0.0918
2043,2.066707,0.0926
2044,2.068804,0.0919
2045,2.062534,0.0949
2046,2.062922,0.0947
2047,2.071221,0.0944
2048,2.070912,0.0956
2049,2.068767,0.0947
2050,2.061295,0.0933
2051,2.048944,0.0956
2052,2.053927,0.0934
2053,2.057568,0.0951
2054,2.056259,0.0950
2055,2.047657,0.0935
2056,2.032226,0.0931
2057,2.048079,0.0941
2058,2.043263,0.0949
2059,2.037936,0.0935
2060,2.054336,0.0941
2061,2.052965,0.0930
2062,2.046644,0.0956
2063,2.038892,0.0924
2064,2.023416,0.0931
2065,2.021936,0.0954
2066,2.008451,0.0950
2067,2.012130,0.0937
2068,2.012702,0.0952
2069,2.010587,0.0953
2070,2.025901,0.0956
2071,2.026999,0.0949
2072,2.028896,0.0906
2073,2.002699,0.0930
2074,2.025299,0.0909
2075,2.051219,0.0952
2076,2.063531,0.0959
2077,2.061280,0.0948
2078,2.058737,0.0946
2079,2.053910,0.0933
2080,2.038426,0.0937
2081,2.035354,0.0923
2082,2.028452,0.0922
2083,2.030493,0.0921
2084,2.028315,0.0940
2085,2.025114,0.0951
2086,2.038088,0.0954
2087,2.051733,0.0920
2088,2.053538,0.0948
2089,2.049110,0.0956
2090,2.051549,0.0934
2091,2.048012,0.0915
2092,2.045590,0.0958
2093,2.042356,0.0953
2094,2.050185,0.0950
2095,2.042821,0.0938
2096,2.037416,0.0921
2097,2.044165,0.0949
2098,2.039987,0.0944
2099,2.048683,0.0954
2100,2.050033,0.0938
2101,2.043070,0.0927
2102,2.053041,0.0931
2103,2.059046,0.0928
2104,2.069470,0.0928
2105,2.069725,0.0932
2106,2.069221,0.0919
2107,2.074346,0.0933
2108,2.065130,0.0920
2109,2.065041,0.0926
2110,2.051608,0.0919
2111,2.051967,0.0906
2112,2.060511,0.0918
2113,2.064639,0.0930
2114,2.079718,0.0907
2115,2.075905,0.0929
2116,2.062889,0.0914
2117,2.059430,0.0921
2118,2.048031,0.0920
2119,2.047053,0.0915
2120,2.055080,0.0917
2121,2.060127,0.0918
2122,2.055836,0.0916
2123,2.056265,0.0914
2124,2.045882,0.0920
2125,2.048482,0.0908
2126,2.044595,0.0928
2127,2.071745,0.0916
2128,2.080112,0.0924
2129,2.081778,0.0929
2130,2.098693,0.0925
2131,2.091852,0.0917
2132,2.097178,0.0926
2133,2.118440,0.0912
2134,2.116590,0.0926
2135,2.122107,0.0922
2136,2.122211,0.0930
2137,2.123437,0.0932
2138,2.125967,0.0934
2139,2.120579,0.0924
2140,2.095104,0.0921
2141,2.104052,0.0920
2142,2.098846,0.0926
2143,2.083198,0.0922
2144,2.108962,0.0947
2145,2.096685,0.0938
2146,2.096613,0.0930
2147,2.093447,0.0934
2148,2.093053,0.0961
2149,2.088875,0.0947
2150,2.076707,0.0935
2151,2.082515,0.0945
2152,2.074378,0.0946
2153,2.066238,0.0942
2154,2.061969,0.0949
2155,2.048635,0.0926
2156,2.043790,0.0944
2157,2.051833,0.0931
2158,2.059380,0.0945
2159,2.065740,0.0937
2160,2.057857,0.0941
2161,2.048931,0.0948
2162,2.044224,0.0939
2163,2.044375,0.0939
2164,2.039790,0.0945
2165,2.026862,0.0933
2166,2.023733,0.0944
2167,2.011225,0.0934
2168,2.005221,0.0935
2169,2.004680,0.0928
2170,2.008143,0.0922
2171,1.999736,0.0940
2172,2.009892,0.0934
2173,2.025885,0.0935
2174,2.028385,0.0941
2175,2.034305,0.0932
2176,2.029095,0.0935
2177,2.029212,0.0935
2178,2.027747,0.0959
2179,2.018228,0.0954
2180,2.022701,0.0943
2181,2.027237,0.0937
2182,2.017154,0.0937
2183,2.026723,0.0939
2184,2.030535,0.0941
2185,2.034183,0.0952
2186,2.042840,0.0966
2187,2.043604,0.0932
2188,2.049093,0.0935
2189,2.024487,0.0935
2190,2.034058,0.0929
2191,2.042798,0.0926
2192,2.036585,0.0934
2193,2.031277,0.0945
2194,2.023325,0.0925
2195,2.028693,0.0937
2196,2.022988,0.0935
2197,2.018386,0.0940
2198,2.023039,0.0927
2199,2.019629,0.0928
2200,2.003482,0.0933
2201,1.995587,0.0921
2202,1.985275,0.0938
2203,1.989292,0.0935
2204,1.999375,0.0951
2205,1.990611,0.0941
2206,1.981711,0.0926
2207,1.987461,0.0935
2208,1.989081,0.0916
2209,1.991660,0.0912
2210,1.981675,0.0922
2211,1.974471,0.0922
2212,1.976200,0.0925
2213,1.987494,0.0951
2214,1.990273,0.0933
2215,1.993219,0.0951
2216,2.001165,0.0956
2217,1.997213,0.0936
2218,1.996794,0.0956
2219,1.989518,0.0951
2220,2.001810,0.0958
2221,2.007128,0.0944
2222,1.990691,0.0942
2223,1.992655,0.0946
2224,1.991408,0.0930
2225,1.990008,0.0936
2226,1.987250,0.0920
2227,1.986404,0.0936
2228,1.977318,0.0921
2229,1.981685,0.0951
2230,1.978595,0.0930
2231,1.988301,0.0941
2232,1.998544,0.0929
2233,2.003352,0.0933
2234,2.002243,0.0934
2235,1.988538,0.0929
2236,1.988179,0.0925
2237,2.008797,0.0920
2238,2.015902,0.0923
2239,2.021178,0.0929
2240,2.017314,0.0927
2241,2.014501,0.0923
2242,2.015351,0.0926
2243,2.017518,0.0941
2244,2.026109,0.0936
2245,2.020886,0.0943
2246,2.019103,0.0941
2247,2.034463,0.0943
2248,2.047807,0.0939
2249,2.058866,0.0937
2250,2.050203,0.0943
2251,2.058129,0.0931
2252,2.060027,0.0939
2253,2.052559,0.0947
2254,2.045103,0.0948
2255,2.041694,0.0945
2256,2.036029,0.0949
2257,2.033838,0.0948
2258,2.030573,0.0949
2259,2.018786,0.0958
2260,2.008642,0.0973
2261,2.000651,0.0974
2262,2.004160,0.0968
2263,2.004208,0.0965
2264,2.002978,0.0948
2265,1.989127,0.0953
2266,1.978371,0.0944
2267,1.993633,0.0936
2268,2.003602,0.0952
2269,2.003669,0.0946
2270,2.003746,0.0954
2271,2.007830,0.0956
2272,2.008083,0.0963
2273,2.006181,0.0956
2274,2.003990,0.0947
2275,1.998780,0.0946
2276,2.001776,0.0944
2277,2.001547,0.0948
2278,1.992745,0.0943
2279,1.996837,0.0938
2280,1.985513,0.0949
2281,1.986103,0.0943
2282,1.984245,0.0936
2283,1.991019,0.0926
2284,1.988163,0.0954
2285,1.997132,0.0934
2286,2.001305,0.0929
2287,1.977267,0.0935
2288,2.021377,0.0934
2289,2.019900,0.0927
2290,2.027881,0.0948
2291,2.030869,0.0935
2292,2.032099,0.0928
2293,2.028608,0.0935
2294,2.027379,0.0954
2295,2.038762,0.0945
2296,2.042343,0.0945
2297,2.050593,0.0961
2298,2.047974,0.0953
2299,2.045681,0.0952
2300,2.050111,0.0946
2301,2.039842,0.0947
2302,2.033324,0.0947
2303,2.031338,0.0943
2304,2.037872,0.0946
2305,2.037563,0.0943
2306,2.030049,0.0943
2307,2.042705,0.0942
2308,2.029716,0.0961
2309,2.036494,0.0943
2310,2.038168,0.0943
2311,2.034027,0.0953
2312,2.034910,0.0954
2313,2.031495,0.0961
2314,2.027954,0.0943
2315,2.032285,0.0959
2316,2.034158,0.0954
2317,2.031416,0.0960
2318,2.031930,0.0962
2319,2.025043,0.0965
2320,2.012384,0.0956
2321,2.003792,0.0940
2322,2.023481,0.0944
2323,2.023524,0.0946
2324,2.020221,0.0934
2325,2.019966,0.0937
2326,2.009757,0.0940
2327,2.024231,0.0934
2328,2.006432,0.0941
2329,2.021682,0.0929
2330,2.018687,0.0942
2331,2.022819,0.0940
2332,2.022676,0.0940
2333,2.018786,0.0932
2334,2.029126,0.0933
2335,2.034378,0.0939
2336,2.037907,0.0955
2337,2.026285,0.0942
2338,2.026675,0.0945
2339,2.019724,0.0944
2340,2.026007,0.0937
2341,2.023277,0.0944
2342,2.035076,0.0949
2343,2.041445,0.0950
2344,2.056091,0.0957
2345,2.057676,0.0948
2346,2.053393,0.0948
2347,2.053274,0.0943
2348,2.052183,0.0954
2349,2.036119,0.0947
2350,2.030192,0.0947
2351,2.032631,0.0947
2352,2.036254,0.0944
2353,2.035113,0.0929
2354,2.030001,0.0947
2355,2.045471,0.0954
2356,2.050891,0.0958
2357,2.045492,0.0943
2358,2.048075,0.0952
2359,2.046079,0.0950
2360,2.035740,0.0940
2361,2.022946,0.0941
2362,2.027168,0.0944
2363,2.019705,0.0941
2364,2.011617,0.0943
2365,2.003412,0.0936
2366,2.015598,0.0932
2367,2.016554,0.0935
2368,2.007476,0.0946
2369,2.003949,0.0954
2370,2.013595,0.0958
2371,2.018049,0.0969
2372,2.012907,0.0975
2373,2.016945,0.0962
2374,2.011548,0.0963
2375,2.010908,0.0964
2376,2.024952,0.0964
2377,2.024281,0.0963
2378,2.030124,0.0965
2379,2.019378,0.0965
2380,2.006814,0.0963
2381,2.004795,0.0952
2382,2.006914,0.0963
2383,2.006563,0.0954
2384,2.009402,0.0947
2385,2.002799,0.0973
2386,2.013639,0.0970
2387,2.019239,0.0974
2388,2.015031,0.0979
2389,2.016580,0.0970
2390,2.022320,0.0977
2391,2.020368,0.0979
2392,2.017344,0.0941
2393,2.020167,0.0951
2394,2.011880,0.0954
2395,2.012085,0.0953
2396,2.024161,0.0955
2397,2.034163,0.0957
2398,2.036989,0.0949
2399,2.043164,0.0955
2400,2.040985,0.0947
2401,2.034745,0.0954
2402,2.026944,0.0950
2403,2.029781,0.0937
2404,2.026498,0.0936
2405,2.030510,0.0945
2406,2.025175,0.0936
2407,2.030398,0.0966
2408,2.035437,0.0949
2409,2.031706,0.0938
2410,2.028772,0.0938
2411,2.027083,0.0967
2412,2.024909,0.0943
2413,2.001640,0.0965
2414,1.997457,0.0928
2415,2.000608,0.0940
2416,1.997859,0.0935
2417,1.986989,0.0937
2418,1.981947,0.0936
2419,1.978636,0.0947
2420,1.970591,0.0966
2421,1.959375,0.0937
2422,1.957715,0.0927
2423,1.946424,0.0944
2424,1.954366,0.0946
2425,1.961510,0.0938
2426,1.958286,0.0946
2427,1.948196,0.0946
2428,1.954227,0.0939
2429,1.959945,0.0959
2430,1.958939,0.0948
2431,1.952169,0.0952
2432,1.954302,0.0942
2433,1.952485,0.0957
2434,1.954688,0.0956
2435,1.945135,0.0941
2436,1.941497,0.0948
2437,1.928042,0.0951
2438,1.915335,0.0951
2439,1.907713,0.0949
2440,1.921911,0.0953
2441,1.925681,0.0943
2442,1.922076,0.0942
2443,1.926342,0.0974
2444,1.925646,0.0951
2445,1.917070,0.0953
2446,1.920784,0.0955
2447,1.926558,0.0943
2448,1.924475,0.0955
2449,1.928850,0.0947
2450,1.931199,0.0946
2451,1.923950,0.0967
2452,1.914171,0.0967
2453,1.910898,0.0967
2454,1.920673,0.0951
2455,1.927538,0.0967
2456,1.930324,0.0962
2457,1.941604,0.0962
2458,1.940133,0.0957
2459,1.937514,0.0956
2460,1.939050,0.0974
2461,1.940129,0.0970
2462,1.939250,0.0967
2463,1.926428,0.0954
2464,1.941401,0.0951
2465,1.942675,0.0963
2466,1.942148,0.0969
2467,1.931909,0.0952
2468,1.941257,0.0963
2469,1.938050,0.0959
2470,1.934466,0.0970
2471,1.935612,0.0967
2472,1.926606,0.0957
2473,1.914083,0.0979
2474,1.917349,0.0951
2475,1.916808,0.0968
2476,1.914089,0.0961
2477,1.909163,0.0965
2478,1.897493,0.0970
2479,1.891473,0.0956
2480,1.897995,0.0962
2481,1.902949,0.0962
2482,1.897815,0.0950
2483,1.915179,0.0971
2484,1.916422,0.0967
2485,1.921307,0.0954
2486,1.919499,0.0961
2487,1.911311,0.0960
2488,1.912158,0.0952
2489,1.910254,0.0964
2490,1.916842,0.0961
2491,1.923300,0.0959
2492,1.913798,0.0950
2493,1.900121,0.0967
2494,1.906057,0.0969
2495,1.906287,0.0955
2496,1.904260,0.0962
2497,1.915128,0.0969
2498,1.919930,0.0962
2499,1.927349,0.0957
2500,1.927405,0.0975
2501,1.923321,0.0975
2502,1.928356,0.0973
2503,1.930679,0.0959
2504,1.930428,0.0967
2505,1.925302,0.0973
2506,1.914481,0.0962
2507,1.910480,0.0969
2508,1.911128,0.0971
2509,1.919207,0.0959
2510,1.912895,0.0975
2511,1.912918,0.0965
2512,1.918121,0.0968
2513,1.923546,0.0964
2514,1.931256,0.0965
2515,1.922963,0.0949
2516,1.917660,0.0971
2517,1.914348,0.0972
2518,1.917865,0.0957
2519,1.916874,0.0950
2520,1.926847,0.0967
2521,1.932455,0.0971
2522,1.928400,0.0955
2523,1.926555,0.0960
2524,1.921988,0.0962
2525,1.923261,0.0965
2526,1.922893,0.0964
2527,1.917977,0.0961
2528,1.922126,0.0969
2529,1.917834,0.0968
2530,1.914020,0.0964
2531,1.911617,0.0963
2532,1.907046,0.0966
2533,1.916221,0.0960
2534,1.911305,0.0960
2535,1.921788,0.0956
2536,1.922640,0.0955
2537,1.923455,0.0962
2538,1.930309,0.0963
2539,1.937872,0.0960
2540,1.941047,0.0960
2541,1.934108,0.0968
2542,1.929888,0.0968
2543,1.939288,0.0961
2544,1.941230,0.0966
2545,1.949322,0.0962
2546,1.943329,0.0979
2547,1.944805,0.0967
2548,1.941753,0.0971
2549,1.932224,0.0967
2550,1.928722,0.0969
2551,1.921854,0.0968
2552,1.927418,0.0961
2553,1.931472,0.0974
2554,1.932596,0.0970
2555,1.937333,0.0962
2556,1.932760,0.0959
2557,1.928547,0.0970
2558,1.935946,0.0961
2559,1.940675,0.0969
2560,1.937875,0.0964
2561,1.944096,0.0964
2562,1.935272,0.0963
2563,1.928337,0.0957
2564,1.918574,0.0971
2565,1.926087,0.0989
2566,1.919235,0.0968
2567,1.924972,0.0974
2568,1.932848,0.0965
2569,1.926962,0.0968
2570,1.926250,0.0964
2571,1.924064,0.0973
2572,1.926385,0.0965
2573,1.925898,0.0952
2574,1.929261,0.0961
2575,1.928578,0.0965
2576,1.928446,0.0965
2577,1.928466,0.0947
2578,1.932602,0.0951
2579,1.932668,0.0948
2580,1.930086,0.0961
2581,1.926863,0.0956
2582,1.921419,0.0951
2583,1.926332,0.0948
2584,1.935586,0.0966
2585,1.939781,0.0955
2586,1.936837,0.0963
2587,1.933831,0.0963
2588,1.929663,0.0962
2589,1.925997,0.0969
2590,1.929290,0.0955
2591,1.926637,0.0968
2592,1.928549,0.0960
2593,1.923807,0.0957
2594,1.922480,0.0972
2595,1.923449,0.0964
2596,1.917435,0.0968
2597,1.916433,0.0963
2598,1.905158,0.0962
2599,1.912747,0.0960
2600,1.922008,0.0965
2601,1.921339,0.0964
2602,1.918752,0.0967
2603,1.913398,0.0963
2604,1.910604,0.0975
2605,1.910225,0.0975
2606,1.905706,0.0983
2607,1.909586,0.0989
2608,1.907354,0.0971
2609,1.897432,0.0979
2610,1.899259,0.0978
2611,1.897412,0.0974
2612,1.900906,0.0976
2613,1.898253,0.0974
2614,1.906133,0.0984
2615,1.906507,0.0969
2616,1.900800,0.0970
2617,1.893435,0.0973
2618,1.894388,0.0980
2619,1.890714,0.0991
2620,1.885906,0.0975
2621,1.888937,0.0976
2622,1.890640,0.0982
2623,1.893984,0.0976
2624,1.885342,0.0976
2625,1.880753,0.0988
2626,1.896397,0.0990
2627,1.900761,0.0975
2628,1.902983,0.0980
2629,1.900361,0.0975
2630,1.895975,0.0974
2631,1.879104,0.0976
2632,1.881832,0.0972
2633,1.891356,0.0975
2634,1.896217,0.0980
2635,1.900765,0.0984
2636,1.905169,0.0970
2637,1.894569,0.0986
2638,1.894145,0.0977
2639,1.903238,0.0985
2640,1.896297,0.0975
2641,1.906510,0.0977
2642,1.907910,0.0991
2643,1.905794,0.0976
2644,1.911582,0.0982
2645,1.900357,0.0979
2646,1.909554,0.0977
2647,1.914325,0.0972
2648,1.912083,0.0980
2649,1.912878,0.0977
2650,1.916772,0.0983
2651,1.923946,0.0977
2652,1.922874,0.0979
2653,1.932693,0.0975
2654,1.938779,0.0976
2655,1.936718,0.0976
2656,1.940601,0.0977
2657,1.936939,0.0986
2658,1.934101,0.0983
2659,1.934698,0.0976
2660,1.930713,0.0976
2661,1.929075,0.0973
2662,1.926010,0.0972
2663,1.917849,0.0974
2664,1.915350,0.0973
2665,1.911947,0.0977
2666,1.910434,0.0975
2667,1.897175,0.0984
2668,1.901217,0.0964
2669,1.908567,0.0959
2670,1.909297,0.0961
2671,1.910672,0.0962
2672,1.904194,0.0975
2673,1.905091,0.0975
2674,1.906281,0.0957
2675,1.902205,0.0960
2676,1.894837,0.0949
2677,1.885041,0.0951
2678,1.891577,0.0959
2679,1.900687,0.0962
2680,1.901141,0.0956
2681,1.915343,0.0965
2682,1.913786,0.0963
2683,1.911884,0.0973
2684,1.911082,0.0966
2685,1.913678,0.0955
2686,1.900237,0.0964
2687,1.916834,0.0965
2688,1.923452,0.0947
2689,1.926769,0.0953
2690,1.927210,0.0961
2691,1.920821,0.0972
2692,1.910308,0.0953
2693,1.904512,0.0963
2694,1.908763,0.0974
2695,1.922491,0.0958
2696,1.915758,0.0963
2697,1.919185,0.0967
2698,1.927907,0.0956
2699,1.937166,0.0970
2700,1.939968,0.0954
2701,1.942845,0.0954
2702,1.940040,0.0965
2703,1.940235,0.0967
2704,1.944596,0.0960
2705,1.941137,0.0949
2706,1.935858,0.0950
2707,1.927582,0.0962
2708,1.929814,0.0963
2709,1.927438,0.0958
2710,1.928620,0.0966
2711,1.924380,0.0964
2712,1.926625,0.0973
2713,1.924353,0.0956
2714,1.919709,0.0960
2715,1.932892,0.0962
2716,1.934984,0.0957
2717,1.936950,0.0961
2718,1.933426,0.0967
2719,1.934140,0.0970
2720,1.931365,0.0963
2721,1.931445,0.0966
2722,1.936149,0.0964
2723,1.938195,0.0966
2724,1.933287,0.0966
2725,1.932410,0.0959
2726,1.932700,0.0959
2727,1.932610,0.0963
2728,1.931401,0.0964
2729,1.923775,0.0966
2730,1.924305,0.0967
2731,1.921211,0.0969
2732,1.921392,0.0967
2733,1.919175,0.0964
2734,1.917846,0.0969
2735,1.914770,0.0981
2736,1.908067,0.0964
2737,1.911149,0.0957
2738,1.910981,0.0964
2739,1.905932,0.0954
2740,1.907894,0.0958
2741,1.909786,0.0957
2742,1.906105,0.0958
2743,1.904829,0.0959
2744,1.894627,0.0970
2745,1.888269,0.0969
2746,1.890246,0.0963
2747,1.898701,0.0961
2748,1.902741,0.0974
2749,1.901062,0.0966
2750,1.900263,0.0960
2751,1.891907,0.0963
2752,1.876915,0.0972
2753,1.887434,0.0964
2754,1.891634,0.0960
2755,1.892366,0.0970
2756,1.896790,0.0966
2757,1.900428,0.0968
2758,1.902420,0.0955
2759,1.909054,0.0963
2760,1.914195,0.0958
2761,1.921254,0.0962
2762,1.918210,0.0973
2763,1.917105,0.0955
2764,1.907940,0.0961
2765,1.904991,0.0982
2766,1.909939,0.0975
2767,1.905592,0.0970
2768,1.911836,0.0959
2769,1.909253,0.0960
2770,1.904152,0.0969
2771,1.898892,0.0965
2772,1.900082,0.0961
2773,1.899052,0.0969
2774,1.907041,0.0980
2775,1.902996,0.0971
2776,1.897721,0.0968
2777,1.894328,0.0983
2778,1.883581,0.0964
2779,1.883214,0.0968
2780,1.875690,0.0968
2781,1.883480,0.0975
2782,1.883762,0.0957
2783,1.891010,0.0969
2784,1.894398,0.0967
2785,1.898057,0.0959
2786,1.904860,0.0958
2787,1.911850,0.0969
2788,1.909263,0.0966
2789,1.914862,0.0960
2790,1.912578,0.0963
2791,1.916806,0.0957
2792,1.908916,0.0969
2793,1.903951,0.0956
2794,1.903127,0.0960
2795,1.902727,0.0967
2796,1.892549,0.0963
2797,1.899957,0.0957
2798,1.901872,0.0964
2799,1.902126,0.0960
2800,1.905301,0.0960
2801,1.892829,0.0976
2802,1.893553,0.0970
2803,1.897547,0.0955
2804,1.899617,0.0956
2805,1.894075,0.0962
2806,1.891005,0.0958
2807,1.889315,0.0963
2808,1.883036,0.0968
2809,1.875286,0.0961
2810,1.883006,0.0960
2811,1.886090,0.0957
2812,1.888963,0.0957
2813,1.885255,0.0953
2814,1.878770,0.0953
2815,1.884242,0.0957
2816,1.887667,0.0956
2817,1.884282,0.0950
2818,1.884214,0.0961
2819,1.885387,0.0964
2820,1.872920,0.0960
2821,1.880190,0.0961
2822,1.880108,0.0965
2823,1.882401,0.0957
2824,1.882990,0.0968
2825,1.881712,0.0956
2826,1.871803,0.0963
2827,1.878206,0.0968
2828,1.875262,0.0967
2829,1.868235,0.0962
2830,1.876712,0.0964
2831,1.874464,0.0973
2832,1.883704,0.0959
2833,1.884509,0.0958
2834,1.884846,0.0960
2835,1.877141,0.0967
2836,1.874517,0.0961
2837,1.874628,0.0968
2838,1.873586,0.0954
2839,1.876429,0.0957
2840,1.875148,0.0959
2841,1.869975,0.0953
2842,1.878611,0.0965
2843,1.867914,0.0965
2844,1.859707,0.0958
2845,1.859056,0.0958
2846,1.860433,0.0957
2847,1.859946,0.0963
2848,1.850748,0.0956
2849,1.844894,0.0969
2850,1.843375,0.0973
2851,1.841974,0.0968
2852,1.841283,0.0962
2853,1.838559,0.0963
2854,1.835173,0.0967
2855,1.840166,0.0959
2856,1.836091,0.0969
2857,1.837574,0.0952
2858,1.843845,0.0966
2859,1.846460,0.0961
2860,1.839586,0.0971
2861,1.836517,0.0966
2862,1.851319,0.0961
2863,1.855472,0.0960
2864,1.849627,0.0950
2865,1.849755,0.0969
2866,1.856014,0.0957
2867,1.851567,0.0976
2868,1.856017,0.0953
2869,1.861676,0.0964
2870,1.856644,0.0960
2871,1.866333,0.0964
2872,1.868390,0.0957
2873,1.867526,0.0967
2874,1.869428,0.0959
2875,1.860061,0.0958
2876,1.866455,0.0956
2877,1.864688,0.0972
2878,1.869040,0.0975
2879,1.868268,0.0990
2880,1.869835,0.0964
2881,1.877099,0.0958
2882,1.879165,0.0976
2883,1.878718,0.0960
2884,1.877301,0.0968
2885,1.873939,0.0960
2886,1.872532,0.0980
2887,1.886755,0.0965
2888,1.892477,0.0977
2889,1.892326,0.0947
2890,1.893542,0.0958
2891,1.888309,0.0962
2892,1.888129,0.0972
2893,1.885708,0.0956
2894,1.880616,0.0991
2895,1.874657,0.0978
2896,1.877356,0.0974
2897,1.874140,0.0973
2898,1.878995,0.0960
2899,1.882347,0.0966
2900,1.881272,0.0963
2901,1.872461,0.0964
2902,1.866368,0.0969
2903,1.876475,0.0975
2904,1.875329,0.0972
2905,1.870497,0.0967
2906,1.864743,0.0969
2907,1.867151,0.0964
2908,1.868498,0.0968
2909,1.866988,0.0956
2910,1.861801,0.0961
2911,1.854293,0.0952
2912,1.841240,0.0951
2913,1.844919,0.0964
2914,1.836197,0.0957
2915,1.843737,0.0957
2916,1.841388,0.0963
2917,1.837923,0.0969
2918,1.837026,0.0963
2919,1.829850,0.0965
2920,1.829161,0.0959
2921,1.831544,0.0958
2922,1.828539,0.0981
2923,1.830209,0.0944
2924,1.831539,0.0947
2925,1.832933,0.0964
2926,1.833028,0.0961
2927,1.848329,0.0960
2928,1.855958,0.0968
2929,1.857327,0.0971
2930,1.860723,0.0966
2931,1.860996,0.0957
2932,1.859904,0.0959
2933,1.853066,0.0978
2934,1.845096,0.0974
2935,1.853410,0.0951
2936,1.851930,0.0954
2937,1.846429,0.0955
2938,1.845468,0.0942
2939,1.857454,0.0992
2940,1.856375,0.0977
2941,1.859593,0.0964
2942,1.860873,0.0985
2943,1.865588,0.0972
2944,1.864664,0.0959
2945,1.868074,0.0959
2946,1.866923,0.0955
2947,1.865771,0.0963
2948,1.862646,0.0959
2949,1.862423,0.0963
2950,1.860826,0.0954
2951,1.851576,0.0962
2952,1.850867,0.0953
2953,1.852902,0.0962
2954,1.852273,0.0954
2955,1.842814,0.0959
2956,1.840042,0.0963
2957,1.836973,0.0959
2958,1.832402,0.0958
2959,1.832768,0.0992
2960,1.824925,0.0982
2961,1.824708,0.0965
2962,1.819371,0.0961
2963,1.815351,0.0982
2964,1.830877,0.0970
2965,1.836983,0.0974
2966,1.838470,0.0973
2967,1.836938,0.0953
2968,1.837752,0.0962
2969,1.833602,0.0967
2970,1.835460,0.0975
2971,1.836144,0.0962
2972,1.838212,0.0960
2973,1.842787,0.0964
2974,1.839559,0.0963
2975,1.841518,0.0961
2976,1.843520,0.0964
2977,1.841125,0.0943
2978,1.845204,0.0968
2979,1.838034,0.0963
2980,1.833763,0.0956
2981,1.833192,0.0949
2982,1.838926,0.0963
2983,1.836206,0.0949
2984,1.843773,0.0953
2985,1.845399,0.0968
2986,1.841209,0.0966
2987,1.846995,0.0972
2988,1.849537,0.0975
2989,1.853135,0.0959
2990,1.855684,0.0963
2991,1.854991,0.0952
2992,1.850795,0.0965
2993,1.852782,0.0971
2994,1.858504,0.0959
2995,1.865804,0.0966
2996,1.866536,0.0965
2997,1.860893,0.0953
2998,1.859438,0.0960
2999,1.856568,0.0958
3000,1.856733,0.0955
3001,1.854630,0.0956
3002,1.855812,0.0964
3003,1.853037,0.0960
3004,1.845841,0.0964
3005,1.842497,0.0955
3006,1.834868,0.0965
3007,1.826838,0.0960
3008,1.826864,0.0955
3009,1.826247,0.0963
3010,1.818633,0.0969
3011,1.818196,0.0947
3012,1.807158,0.0953
3013,1.814696,0.0954
3014,1.813772,0.0963
3015,1.815938,0.0958
3016,1.817454,0.0948
3017,1.817501,0.0962
3018,1.823470,0.0955
3019,1.825231,0.0956
3020,1.831888,0.0966
3021,1.827675,0.0950
3022,1.830182,0.0964
3023,1.831185,0.0966
3024,1.829659,0.0958
3025,1.825412,0.0950
3026,1.817549,0.0962
3027,1.828988,0.0950
3028,1.828000,0.0963
3029,1.828537,0.0955
3030,1.834369,0.0968
3031,1.834644,0.0948
3032,1.833654,0.0948
3033,1.831417,0.0954
3034,1.834108,0.0982
3035,1.833431,0.0960
3036,1.835496,0.0952
3037,1.830414,0.0946
3038,1.829904,0.0958
3039,1.827826,0.0955
3040,1.824664,0.0965
3041,1.834810,0.0948
3042,1.832074,0.0956
3043,1.833081,0.0949
3044,1.832641,0.0953
3045,1.827141,0.0946
3046,1.822251,0.0953
3047,1.827104,0.0947
3048,1.836112,0.0950
3049,1.838349,0.0950
3050,1.839830,0.0954
3051,1.839876,0.0950
3052,1.836340,0.0950
3053,1.840733,0.0951
3054,1.839376,0.0948
3055,1.841496,0.0946
3056,1.841979,0.0962
3057,1.837980,0.0953
3058,1.834695,0.0947
3059,1.832848,0.0954
3060,1.830120,0.0960
3061,1.829624,0.0949
3062,1.828756,0.0970
3063,1.821986,0.0960
3064,1.822226,0.0952
3065,1.822585,0.0948
3066,1.817767,0.0949
3067,1.818303,0.0965
3068,1.817404,0.0949
3069,1.815406,0.0954
3070,1.814071,0.0950
3071,1.813666,0.0954
3072,1.810670,0.0947
3073,1.809407,0.0948
3074,1.807561,0.0949
3075,1.802768,0.0946
3076,1.809783,0.0949
3077,1.814895,0.0947
3078,1.815462,0.0956
3079,1.822356,0.0949
3080,1.814768,0.0947
3081,1.817166,0.0950
3082,1.819750,0.0954
3083,1.811477,0.0948
3084,1.811382,0.0964
3085,1.817985,0.0958
3086,1.811681,0.0950
3087,1.818100,0.0954
3088,1.817384,0.0950
3089,1.819727,0.0954
3090,1.815437,0.0955
3091,1.821410,0.0953
3092,1.821948,0.0955
3093,1.818253,0.0945
3094,1.818328,0.0955
3095,1.816584,0.0958
3096,1.818864,0.0940
3097,1.823685,0.0949
3098,1.834344,0.0954
3099,1.840396,0.0947
3100,1.835540,0.0945
3101,1.830839,0.0946
3102,1.823247,0.0951
3103,1.825836,0.0948
3104,1.825962,0.0956
3105,1.826129,0.0978
3106,1.823770,0.0956
3107,1.822610,0.0947
3108,1.814113,0.0946
3109,1.822832,0.0954
3110,1.824837,0.0951
3111,1.835912,0.0969
3112,1.840487,0.0950
3113,1.834671,0.0956
3114,1.826959,0.0952
3115,1.827726,0.0946
3116,1.833227,0.0948
3117,1.836550,0.0953
3118,1.836244,0.0949
3119,1.833098,0.0950
3120,1.828566,0.0945
3121,1.829348,0.0951
3122,1.834600,0.0969
3123,1.831302,0.0974
3124,1.828228,0.0959
3125,1.832197,0.0953
3126,1.825859,0.0950
3127,1.826675,0.0960
3128,1.827698,0.0973
3129,1.837496,0.0960
3130,1.841953,0.0951
3131,1.842639,0.0957
3132,1.841767,0.0957
3133,1.839075,0.0955
3134,1.841974,0.0960
3135,1.840264,0.0969
3136,1.837708,0.0963
3137,1.836237,0.0965
3138,1.831412,0.0991
3139,1.832760,0.0965
3140,1.832566,0.0963
3141,1.832114,0.0958
3142,1.834527,0.0961
3143,1.825958,0.0979
3144,1.832008,0.0965
3145,1.822453,0.0971
3146,1.825666,0.0967
3147,1.824642,0.0962
3148,1.824282,0.0970
3149,1.823742,0.0962
3150,1.824089,0.0961
3151,1.832268,0.0967
3152,1.833743,0.0969
3153,1.831361,0.0959
3154,1.829345,0.0963
3155,1.824228,0.0959
3156,1.825901,0.0976
3157,1.832029,0.0973
3158,1.837450,0.0971
3159,1.835085,0.0963
3160,1.835692,0.0955
3161,1.835188,0.0967
3162,1.832693,0.0962
3163,1.833089,0.0967
3164,1.833869,0.0963
3165,1.836201,0.0965
3166,1.824974,0.0961
3167,1.828091,0.0957
3168,1.839372,0.0957
3169,1.842811,0.0969
3170,1.844437,0.0959
3171,1.842957,0.0973
3172,1.836947,0.0974
3173,1.836308,0.0960
3174,1.842642,0.0982
3175,1.848325,0.0961
3176,1.849700,0.0961
3177,1.850746,0.0963
3178,1.853773,0.0962
3179,1.853637,0.0961
3180,1.853503,0.0966
3181,1.853232,0.0961
3182,1.852275,0.0957
3183,1.847307,0.0975
3184,1.843059,0.0955
3185,1.839654,0.0963
3186,1.838191,0.0965
3187,1.841513,0.0968
3188,1.839755,0.0976
3189,1.837560,0.0965
3190,1.831991,0.0967
3191,1.823884,0.0942
3192,1.820220,0.0947
3193,1.824053,0.0964
3194,1.824523,0.0966
3195,1.822166,0.0975
3196,1.818625,0.0961
3197,1.812322,0.0964
3198,1.803091,0.0964
3199,1.799531,0.0964
3200,1.806366,0.0967
3201,1.800295,0.0965
3202,1.805459,0.0975
3203,1.812954,0.0958
3204,1.816676,0.0983
3205,1.811487,0.0965
3206,1.806896,0.0958
3207,1.803918,0.0959
3208,1.807940,0.0954
3209,1.810260,0.0972
3210,1.815816,0.0965
3211,1.817949,0.0971
3212,1.818286,0.0961
3213,1.807926,0.0960
3214,1.811765,0.0978
3215,1.810981,0.0956
3216,1.804927,0.0961
3217,1.804462,0.0950
3218,1.811743,0.0964
3219,1.814190,0.0963
3220,1.814487,0.0971
3221,1.820205,0.0982
3222,1.821967,0.0962
3223,1.826261,0.0949
3224,1.823592,0.0948
3225,1.818188,0.0962
3226,1.812343,0.0986
3227,1.809635,0.0955
3228,1.810493,0.0965
3229,1.813867,0.0964
3230,1.813916,0.0955
3231,1.814531,0.0970
3232,1.815009,0.0958
3233,1.806168,0.0965
3234,1.803311,0.0964
3235,1.794520,0.1007
3236,1.795069,0.0969
3237,1.795346,0.0969
3238,1.797745,0.0968
3239,1.796311,0.0960
3240,1.798972,0.0960
3241,1.806035,0.0952
3242,1.805250,0.0965
3243,1.801989,0.0960
3244,1.801974,0.0961
3245,1.802011,0.0965
3246,1.803625,0.0959
3247,1.803861,0.0959
3248,1.803030,0.0955
3249,1.800598,0.0964
3250,1.803316,0.0959
3251,1.802094,0.0959
3252,1.796103,0.0965
3253,1.792516,0.0969
3254,1.780915,0.0967
3255,1.792052,0.0972
3256,1.804236,0.0964
3257,1.810483,0.0977
3258,1.810079,0.0965
3259,1.805799,0.0967
3260,1.805144,0.0959
3261,1.810603,0.0964
3262,1.808378,0.0963
3263,1.806888,0.0959
3264,1.816684,0.0965
3265,1.813181,0.0958
3266,1.810785,0.0961
3267,1.805418,0.0968
3268,1.808316,0.0960
3269,1.807575,0.0967
3270,1.810888,0.0955
3271,1.796395,0.0962
3272,1.802938,0.0962
3273,1.805521,0.0958
3274,1.811043,0.0967
3275,1.807380,0.0957
3276,1.807539,0.0960
3277,1.804483,0.0979
3278,1.797777,0.0949
3279,1.800275,0.0960
3280,1.804834,0.0963
3281,1.810006,0.0975
3282,1.808250,0.0969
3283,1.810798,0.0973
3284,1.808470,0.0986
3285,1.806787,0.0985
3286,1.801445,0.0983
3287,1.802965,0.0982
3288,1.806246,0.0990
3289,1.807343,0.0982
3290,1.799413,0.0960
3291,1.804219,0.0980
3292,1.795858,0.0975
3293,1.795325,0.0987
3294,1.796753,0.0982
3295,1.799461,0.0967
3296,1.791011,0.0986
3297,1.787713,0.0966
3298,1.783033,0.0983
3299,1.782345,0.0983
3300,1.787315,0.0956
3301,1.793394,0.0963
3302,1.792356,0.0968
3303,1.790457,0.0973
3304,1.797248,0.0963
3305,1.802641,0.0975
3306,1.797698,0.0950
3307,1.801582,0.0951
3308,1.800087,0.0967
3309,1.803388,0.0967
3310,1.802323,0.0968
3311,1.803275,0.0951
3312,1.802107,0.0972
3313,1.799201,0.0962
3314,1.800504,0.0952
3315,1.801727,0.0966
3316,1.802615,0.0952
3317,1.799028,0.0960
3318,1.797949,0.0951
3319,1.797576,0.0963
3320,1.788266,0.0966
3321,1.793745,0.0966
3322,1.792256,0.0959
3323,1.792272,0.0985
3324,1.784784,0.0986
3325,1.794362,0.0964
3326,1.799697,0.0968
3327,1.803133,0.0966
3328,1.805962,0.0958
3329,1.807923,0.0963
3330,1.808895,0.0974
3331,1.815122,0.0973
3332,1.816074,0.0979
3333,1.814482,0.0968
3334,1.817832,0.0967
3335,1.812065,0.0967
3336,1.812740,0.0976
3337,1.822473,0.0970
3338,1.827072,0.0986
3339,1.831244,0.0961
3340,1.831074,0.0962
3341,1.827171,0.0968
3342,1.834556,0.0972
3343,1.829749,0.0964
3344,1.825984,0.0974
3345,1.826086,0.0983
3346,1.830346,0.0966
3347,1.831489,0.0969
3348,1.826306,0.0979
3349,1.832692,0.0986
3350,1.833402,0.0970
3351,1.829735,0.0962
3352,1.830660,0.0964
3353,1.821861,0.0961
3354,1.819732,0.0962
3355,1.813450,0.0966
3356,1.821224,0.0964
3357,1.818105,0.0965
3358,1.817756,0.0967
3359,1.815846,0.0958
3360,1.819978,0.0971
3361,1.822141,0.0960
3362,1.820071,0.0968
3363,1.823547,0.0954
3364,1.821603,0.0959
3365,1.820912,0.0980
3366,1.822453,0.0972
3367,1.817444,0.0972
3368,1.819892,0.0963
3369,1.819621,0.0988
3370,1.831676,0.0962
3371,1.829686,0.0970
3372,1.825834,0.0980
3373,1.829015,0.0959
3374,1.833338,0.0957
3375,1.829791,0.0979
3376,1.827939,0.0977
3377,1.828307,0.0971
3378,1.828371,0.0957
3379,1.825553,0.0965
3380,1.824341,0.0984
3381,1.817687,0.0976
3382,1.821548,0.0975
3383,1.823979,0.0968
3384,1.828231,0.0976
3385,1.820935,0.0979
3386,1.822309,0.0972
3387,1.817999,0.0979
3388,1.820706,0.0973
3389,1.820210,0.0972
3390,1.818895,0.0976
3391,1.813293,0.0966
3392,1.810688,0.0973
3393,1.811968,0.0961
3394,1.816410,0.0973
3395,1.813547,0.0972
3396,1.815274,0.0980
3397,1.809745,0.0973
3398,1.806368,0.0976
3399,1.801996,0.0978
3400,1.807152,0.0976
3401,1.811523,0.0967
3402,1.814675,0.0968
3403,1.821189,0.0971
3404,1.817931,0.0979
3405,1.814409,0.0983
3406,1.807222,0.0983
3407,1.816616,0.0978
3408,1.814860,0.0976
3409,1.821513,0.0980
3410,1.821848,0.0971
3411,1.823143,0.0977
3412,1.819196,0.0969
3413,1.827081,0.0976
3414,1.828657,0.0974
3415,1.831683,0.0966
3416,1.835012,0.0980
3417,1.832959,0.0976
3418,1.832406,0.0968
3419,1.827836,0.0967
3420,1.829731,0.0977
3421,1.824478,0.0966
3422,1.817743,0.0978
3423,1.818986,0.0977
3424,1.824770,0.0968
3425,1.823393,0.0982
3426,1.820774,0.0986
3427,1.818418,0.0976
3428,1.815336,0.0959
3429,1.813853,0.0969
3430,1.808554,0.0972
3431,1.808504,0.0972
3432,1.803982,0.0975
3433,1.799420,0.0973
3434,1.801418,0.0974
3435,1.802741,0.0963
3436,1.799107,0.0973
3437,1.796033,0.0972
3438,1.798030,0.0982
3439,1.795602,0.0961
3440,1.797088,0.0966
3441,1.789094,0.0963
3442,1.794176,0.0979
3443,1.807545,0.0982
3444,1.808372,0.0960
3445,1.804082,0.0984
3446,1.799481,0.0984
3447,1.793108,0.0965
3448,1.794696,0.0964
3449,1.792555,0.0980
3450,1.799094,0.0963
3451,1.800412,0.0974
3452,1.793748,0.0974
3453,1.792040,0.0970
3454,1.794937,0.0972
3455,1.797228,0.0966
3456,1.799263,0.0964
3457,1.790140,0.0956
3458,1.789100,0.0955
3459,1.795830,0.0975
3460,1.800678,0.0962
3461,1.795520,0.0974
3462,1.794401,0.0989
3463,1.793390,0.0983
3464,1.794199,0.0982
3465,1.791588,0.0955
3466,1.787339,0.0955
3467,1.789570,0.0982
3468,1.787072,0.0963
3469,1.788968,0.0975
3470,1.783801,0.0979
3471,1.777933,0.0979
3472,1.780084,0.0978
3473,1.785594,0.0972
3474,1.782368,0.0976
3475,1.782838,0.0966
3476,1.782462,0.0969
3477,1.780100,0.0964
3478,1.771294,0.0961
3479,1.776958,0.0977
3480,1.781515,0.0972
3481,1.779885,0.0963
3482,1.777241,0.0984
3483,1.771540,0.0958
3484,1.779914,0.0963
3485,1.786981,0.0984
3486,1.792105,0.0981
3487,1.786916,0.0972
3488,1.786352,0.0951
3489,1.786178,0.0960
3490,1.784878,0.0968
3491,1.776341,0.0985
3492,1.775028,0.0982
3493,1.774317,0.0972
3494,1.778039,0.0987
3495,1.781504,0.0962
3496,1.781585,0.0964
3497,1.781263,0.0974
3498,1.782079,0.0967
3499,1.780930,0.0976
3500,1.775560,0.0969
3501,1.774438,0.0969
3502,1.768598,0.0971
3503,1.757885,0.0976
3504,1.765155,0.0952
3505,1.764054,0.0979
3506,1.771135,0.0970
3507,1.775267,0.0965
3508,1.777139,0.0979
3509,1.782700,0.0964
3510,1.781502,0.0977
3511,1.779801,0.0964
3512,1.774185,0.0977
3513,1.777731,0.0978
3514,1.777662,0.0982
3515,1.774836,0.0972
3516,1.773949,0.0972
3517,1.775479,0.0980
3518,1.781331,0.0964
3519,1.781702,0.0971
3520,1.774304,0.0970
3521,1.779968,0.0973
3522,1.775620,0.0982
3523,1.778048,0.0983
3524,1.775177,0.0977
3525,1.768859,0.0964
3526,1.773499,0.0967
3527,1.766017,0.0976
3528,1.760218,0.0970
3529,1.759179,0.0980
3530,1.769892,0.0972
3531,1.770402,0.0972
3532,1.770071,0.0966
3533,1.765846,0.0982
3534,1.767728,0.0970
3535,1.770230,0.0968
3536,1.767677,0.0962
3537,1.764387,0.0977
3538,1.756912,0.0953
3539,1.752667,0.0967
3540,1.761137,0.0973
3541,1.762976,0.0984
3542,1.767257,0.0971
3543,1.776101,0.0971
3544,1.775334,0.0961
3545,1.774220,0.0970
3546,1.774922,0.0960
3547,1.772441,0.0975
3548,1.771469,0.0971
3549,1.764790,0.0972
3550,1.768014,0.0992
3551,1.769408,0.0971
3552,1.771066,0.0971
3553,1.776075,0.0976
3554,1.776843,0.0980
3555,1.777521,0.0985
3556,1.774277,0.0981
3557,1.770798,0.0975
3558,1.771526,0.0978
3559,1.778578,0.0971
3560,1.774850,0.0970
3561,1.774031,0.0985
3562,1.774961,0.0962
3563,1.770848,0.0974
3564,1.770743,0.0971
3565,1.770545,0.0963
3566,1.775675,0.0974
3567,1.776524,0.0962
3568,1.772500,0.0952
3569,1.764812,0.0981
3570,1.765199,0.0969
3571,1.762592,0.0970
3572,1.759492,0.0981
3573,1.758521,0.0981
3574,1.760647,0.0961
3575,1.756993,0.0975
3576,1.760947,0.0974
3577,1.758419,0.0968
3578,1.757392,0.0976
3579,1.754022,0.0965
3580,1.756410,0.0972
3581,1.753513,0.0974
3582,1.755158,0.0961
3583,1.752984,0.0976
3584,1.755582,0.0970
3585,1.756529,0.0965
3586,1.752407,0.0967
3587,1.758693,0.0960
3588,1.759693,0.0975
3589,1.755463,0.0971
3590,1.748630,0.0968
3591,1.748998,0.0978
3592,1.747753,0.0971
3593,1.742092,0.0977
3594,1.734638,0.0964
3595,1.738866,0.0982
3596,1.743777,0.0976
3597,1.751153,0.0961
3598,1.752423,0.0980
3599,1.754772,0.0974
3600,1.756133,0.0962
3601,1.754990,0.0981
3602,1.749505,0.0997
3603,1.753318,0.0982
3604,1.753020,0.0976
3605,1.745714,0.0980
3606,1.751709,0.0975
3607,1.751774,0.0960
3608,1.750135,0.0970
3609,1.757675,0.0988
3610,1.756119,0.0967
3611,1.756187,0.0972
3612,1.753899,0.0987
3613,1.751628,0.0989
3614,1.753518,0.0968
3615,1.753029,0.0965
3616,1.742088,0.0968
3617,1.738619,0.0969
3618,1.743911,0.0976
3619,1.744688,0.0982
3620,1.745226,0.0973
3621,1.743571,0.0970
3622,1.748176,0.0970
3623,1.748167,0.0973
3624,1.748548,0.0969
3625,1.741794,0.0978
3626,1.741314,0.0970
3627,1.746449,0.0974
3628,1.749759,0.0976
3629,1.747534,0.0971
3630,1.739012,0.0970
3631,1.736458,0.0972
3632,1.739879,0.0963
3633,1.738472,0.0970
3634,1.736281,0.0966
3635,1.743017,0.0981
3636,1.741568,0.0993
3637,1.743887,0.0963
3638,1.741904,0.0961
3639,1.739350,0.0971
3640,1.733856,0.0954
3641,1.736705,0.0961
3642,1.737475,0.0958
3643,1.737345,0.0987
3644,1.741760,0.0969
3645,1.742718,0.0960
3646,1.741812,0.0970
3647,1.742904,0.0964
3648,1.740930,0.0973
3649,1.739079,0.0966
3650,1.740180,0.0975
3651,1.730815,0.0950
3652,1.734747,0.0955
3653,1.734446,0.0969
3654,1.729952,0.0960
3655,1.740104,0.0960
3656,1.745187,0.0970
3657,1.747082,0.0971
3658,1.745357,0.0967
3659,1.747277,0.0966
3660,1.746108,0.0963
3661,1.740410,0.0974
3662,1.748498,0.0971
3663,1.746041,0.0970
3664,1.748627,0.0963
3665,1.747629,0.0999
3666,1.746353,0.0965
3667,1.746375,0.0961
3668,1.743897,0.0964
3669,1.745467,0.0967
3670,1.747582,0.0965
3671,1.742260,0.0976
3672,1.739077,0.0961
3673,1.740385,0.0961
3674,1.733647,0.0962
3675,1.739832,0.0951
3676,1.736561,0.0966
3677,1.740262,0.0964
3678,1.742145,0.0971
3679,1.739180,0.0971
3680,1.733768,0.0969
3681,1.737037,0.0969
3682,1.736413,0.0969
3683,1.732379,0.0973
3684,1.735580,0.0985
3685,1.737901,0.0955
3686,1.739938,0.0969
3687,1.736404,0.0969
3688,1.735805,0.0959
3689,1.734743,0.0959
3690,1.743701,0.0957
3691,1.750957,0.0973
3692,1.753028,0.0970
3693,1.753556,0.0958
3694,1.758181,0.0950
3695,1.757425,0.0952
3696,1.762143,0.0966
3697,1.760816,0.0960
3698,1.759564,0.0956
3699,1.752592,0.0957
3700,1.753013,0.0969
3701,1.748248,0.0955
3702,1.749858,0.0950
3703,1.750457,0.0955
3704,1.750748,0.0973
3705,1.751979,0.0958
3706,1.749181,0.0967
3707,1.746369,0.0976
3708,1.744966,0.0945
3709,1.744878,0.0969
3710,1.739173,0.0972
3711,1.735020,0.0969
3712,1.739597,0.0950
3713,1.739136,0.0969
3714,1.736302,0.0959
3715,1.734650,0.0984
3716,1.737740,0.0960
3717,1.736949,0.0957
3718,1.736702,0.0984
3719,1.739308,0.0958
3720,1.737983,0.0962
3721,1.732401,0.0964
3722,1.731889,0.0967
3723,1.736235,0.0957
3724,1.737164,0.0967
3725,1.737576,0.0973
3726,1.733552,0.0960
3727,1.724046,0.0955
3728,1.730865,0.0971
3729,1.733161,0.0965
3730,1.729747,0.0959
3731,1.727946,0.0956
3732,1.735089,0.0947
3733,1.735575,0.0963
3734,1.731588,0.0970
3735,1.720984,0.0976
3736,1.734122,0.0968
3737,1.737193,0.0951
3738,1.737073,0.0951
3739,1.736208,0.0962
3740,1.739659,0.0973
3741,1.738336,0.0964
3742,1.734264,0.0963
3743,1.740947,0.0962
3744,1.742537,0.0963
3745,1.744663,0.0982
3746,1.741068,0.0964
3747,1.740777,0.0978
3748,1.734089,0.0973
3749,1.743293,0.0962
3750,1.746901,0.0966
3751,1.745865,0.0961
3752,1.745102,0.0972
3753,1.734640,0.0965
3754,1.736900,0.0972
3755,1.739860,0.0981
3756,1.740626,0.0956
3757,1.744998,0.0964
3758,1.746227,0.0961
3759,1.748259,0.0963
3760,1.748298,0.0961
3761,1.757568,0.0960
3762,1.762197,0.0963
3763,1.766915,0.0973
3764,1.770032,0.0961
3765,1.771516,0.0955
3766,1.771539,0.0965
3767,1.772977,0.0976
3768,1.773130,0.0965
3769,1.774763,0.0954
3770,1.771762,0.0982
3771,1.770766,0.0953
3772,1.763884,0.0959
3773,1.754805,0.0968
3774,1.755879,0.0961
3775,1.758185,0.0965
3776,1.757864,0.0964
3777,1.761917,0.0967
3778,1.771061,0.0961
3779,1.777040,0.0964
3780,1.778736,0.0964
3781,1.777835,0.0955
3782,1.774420,0.0948
3783,1.767313,0.0957
3784,1.759767,0.0971
3785,1.761638,0.0962
3786,1.758067,0.0961
3787,1.764695,0.0950
3788,1.766750,0.0973
3789,1.765879,0.0962
3790,1.765860,0.0958
3791,1.763994,0.0969
3792,1.763091,0.0970
3793,1.761455,0.0955
3794,1.758024,0.0958
3795,1.755467,0.0976
3796,1.749044,0.0980
3797,1.743670,0.0954
3798,1.738415,0.0975
3799,1.743370,0.0983
3800,1.743873,0.0962
3801,1.739403,0.0962
3802,1.735676,0.0952
3803,1.737265,0.0964
3804,1.745210,0.0973
3805,1.745478,0.0971
3806,1.746140,0.0969
3807,1.739523,0.0969
3808,1.739498,0.0964
3809,1.735668,0.0975
3810,1.733986,0.0967
3811,1.740453,0.0954
3812,1.743671,0.0962
3813,1.747708,0.0970
3814,1.747599,0.0965
3815,1.747515,0.0963
3816,1.742355,0.0964
3817,1.738793,0.0970
3818,1.734185,0.0960
3819,1.728464,0.0970
3820,1.728123,0.0956
3821,1.726720,0.0964
3822,1.730350,0.0964
3823,1.734353,0.0965
3824,1.733141,0.0957
3825,1.733858,0.0987
3826,1.735983,0.0974
3827,1.735713,0.0958
3828,1.733880,0.0955
3829,1.736290,0.0957
3830,1.736508,0.0949
3831,1.735528,0.0961
3832,1.734390,0.0963
3833,1.732586,0.0964
3834,1.725515,0.0965
3835,1.734983,0.0968
3836,1.738470,0.0963
3837,1.741824,0.0970
3838,1.738638,0.0978
3839,1.739146,0.0973
3840,1.735335,0.0964
3841,1.740828,0.0956
3842,1.739254,0.0965
3843,1.734113,0.0965
3844,1.737749,0.0960
3845,1.732998,0.0986
3846,1.730711,0.0968
3847,1.732027,0.0971
3848,1.729228,0.0966
3849,1.728138,0.0963
3850,1.728625,0.0971
3851,1.723877,0.0956
3852,1.721947,0.0964
3853,1.726840,0.0964
3854,1.729934,0.0968
3855,1.729363,0.0960
3856,1.729564,0.0964
3857,1.724980,0.0956
3858,1.726753,0.0958
3859,1.725061,0.0956
3860,1.722452,0.0961
3861,1.725589,0.0973
3862,1.723701,0.0962
3863,1.730308,0.0962
3864,1.728519,0.0956
3865,1.731130,0.0958
3866,1.727235,0.0969
3867,1.728549,0.0951
3868,1.726203,0.0967
3869,1.724458,0.0954
3870,1.730885,0.0962
3871,1.731033,0.0968
3872,1.730716,0.0962
3873,1.728375,0.0962
3874,1.733612,0.0964
3875,1.733540,0.0967
3876,1.733806,0.0973
3877,1.730780,0.0978
3878,1.729539,0.0951
3879,1.729511,0.0959
3880,1.727676,0.0984
3881,1.726762,0.0970
3882,1.729150,0.0960
3883,1.728364,0.0966
3884,1.728230,0.0965
3885,1.727312,0.0963
3886,1.729560,0.0962
3887,1.727858,0.0970
3888,1.727904,0.0961
3889,1.726146,0.0970
3890,1.725106,0.0968
3891,1.725396,0.0972
3892,1.729065,0.0971
3893,1.724162,0.0976
3894,1.722445,0.0963
3895,1.723810,0.0965
3896,1.720622,0.0968
3897,1.717147,0.0965
3898,1.714639,0.0984
3899,1.714773,0.0963
3900,1.718365,0.0954
3901,1.721577,0.0962
3902,1.719575,0.0964
3903,1.716487,0.0982
3904,1.719029,0.1013
3905,1.722188,0.0959
3906,1.720345,0.0982
3907,1.721153,0.0972
3908,1.717628,0.0965
3909,1.720889,0.0963
3910,1.717936,0.0965
3911,1.719259,0.0969
3912,1.725603,0.0966
3913,1.724910,0.0960
3914,1.727910,0.0976
3915,1.728115,0.0981
3916,1.725638,0.0964
3917,1.734019,0.0978
3918,1.741746,0.0959
3919,1.739934,0.0977
3920,1.739951,0.0988
3921,1.739237,0.0974
3922,1.740652,0.0993
3923,1.734957,0.1011
3924,1.734398,0.0967
3925,1.731957,0.0968
3926,1.728273,0.0970
3927,1.724856,0.0966
3928,1.725278,0.0978
3929,1.726871,0.0955
3930,1.729696,0.0976
3931,1.736411,0.0991
3932,1.735433,0.0975
3933,1.736786,0.0986
3934,1.737498,0.0980
3935,1.733252,0.0967
3936,1.731432,0.0984
3937,1.733525,0.0974
3938,1.731245,0.0983
3939,1.730111,0.0961
3940,1.729335,0.0988
3941,1.724653,0.0962
3942,1.722506,0.0967
3943,1.721608,0.0967
3944,1.722763,0.0961
3945,1.727877,0.0972
3946,1.726507,0.0962
3947,1.726292,0.0971
3948,1.723732,0.0981
3949,1.722953,0.0963
3950,1.719461,0.0965
3951,1.720040,0.0961
3952,1.725797,0.0975
3953,1.723402,0.0973
3954,1.724239,0.0961
3955,1.725198,0.0961
3956,1.718666,0.0964
3957,1.720620,0.0973
3958,1.720935,0.0969
3959,1.723061,0.0988
3960,1.719343,0.0959
3961,1.722202,0.0983
3962,1.726376,0.0972
3963,1.723453,0.0977
3964,1.720826,0.0986
3965,1.720299,0.0981
3966,1.713107,0.0972
3967,1.712578,0.0962
3968,1.727439,0.0974
3969,1.731811,0.0955
3970,1.730792,0.0958
3971,1.734418,0.0965
3972,1.737130,0.0987
3973,1.739307,0.0984
3974,1.737314,0.0959
3975,1.731512,0.0972
3976,1.733337,0.0978
3977,1.738812,0.0962
3978,1.737089,0.0956
3979,1.734929,0.0968
3980,1.737486,0.0979
3981,1.734157,0.0977
3982,1.730504,0.0971
3983,1.729674,0.0979
3984,1.726814,0.0972
3985,1.724760,0.0962
3986,1.720852,0.0984
3987,1.718365,0.0970
3988,1.712724,0.0988
3989,1.713553,0.0982
3990,1.709925,0.0983
3991,1.715064,0.0985
3992,1.713845,0.0981
3993,1.710075,0.0975
3994,1.697578,0.0958
3995,1.708098,0.0971
3996,1.712399,0.0959
3997,1.712520,0.0958
3998,1.716298,0.0962
3999,1.717393,0.0961
4000,1.717438,0.0960
4001,1.714958,0.0972
4002,1.715441,0.0973
4003,1.711794,0.0958
4004,1.715713,0.0977
4005,1.715956,0.0966
4006,1.718085,0.0973
4007,1.721481,0.0964
4008,1.714453,0.0962
4009,1.711048,0.0963
4010,1.714734,0.0972
4011,1.711177,0.0953
4012,1.710348,0.0967
4013,1.703326,0.0959
4014,1.708161,0.0955
4015,1.709347,0.0964
4016,1.710710,0.0968
4017,1.705463,0.0970
4018,1.709433,0.0963
4019,1.712533,0.0962
4020,1.713056,0.0962
4021,1.709864,0.0966
4022,1.711394,0.0965
4023,1.709676,0.0972
4024,1.714121,0.0963
4025,1.715818,0.0960
4026,1.713598,0.0971
4027,1.714020,0.0955
4028,1.713811,0.0976
4029,1.711097,0.0958
4030,1.710769,0.0963
4031,1.710506,0.0958
4032,1.713053,0.0972
4033,1.708473,0.0977
4034,1.702876,0.0961
4035,1.706746,0.0958
4036,1.706571,0.0963
4037,1.708516,0.0963
4038,1.704706,0.0956
4039,1.706522,0.0971
4040,1.703021,0.0965
4041,1.703094,0.0962
4042,1.706094,0.0964
4043,1.704315,0.0961
4044,1.708550,0.0960
4045,1.706035,0.0987
4046,1.704402,0.0965
4047,1.703193,0.0977
4048,1.697639,0.0970
4049,1.703426,0.0962
4050,1.704962,0.0961
4051,1.705382,0.0965
4052,1.697320,0.0962
4053,1.703814,0.0961
4054,1.703399,0.0960
4055,1.711379,0.0960
4056,1.715945,0.0961
4057,1.716180,0.0961
4058,1.716222,0.0968
4059,1.711821,0.0963
4060,1.710027,0.0960
4061,1.703408,0.0971
4062,1.703995,0.0966
4063,1.708403,0.0965
4064,1.713709,0.0965
4065,1.718822,0.0977
4066,1.713871,0.0963
4067,1.719642,0.0963
4068,1.722038,0.0958
4069,1.725964,0.0960
4070,1.723796,0.0963
4071,1.718407,0.0975
4072,1.719586,0.0969
4073,1.722157,0.0953
4074,1.718071,0.0967
4075,1.717893,0.0966
4076,1.717094,0.0965
4077,1.714913,0.0956
4078,1.713935,0.0951
4079,1.712768,0.0958
4080,1.714637,0.0961
4081,1.710086,0.0958
4082,1.711264,0.0954
4083,1.722460,0.0949
4084,1.722341,0.0964
4085,1.718490,0.0963
4086,1.714079,0.0958
4087,1.714936,0.0972
4088,1.716323,0.0968
4089,1.717814,0.0957
4090,1.714518,0.0957
4091,1.710180,0.0961
4092,1.708746,0.0972
4093,1.713465,0.0963
4094,1.709995,0.0969
4095,1.708193,0.0961
4096,1.714874,0.0957
4097,1.718447,0.0955
4098,1.718879,0.0961
4099,1.716573,0.0958
4100,1.720036,0.0953
4101,1.718880,0.0961
4102,1.715770,0.0964
4103,1.716496,0.0961
4104,1.714254,0.0962
4105,1.716424,0.0963
4106,1.718629,0.0960
4107,1.714275,0.0956
4108,1.715465,0.0960
4109,1.717097,0.0964
4110,1.715144,0.0960
4111,1.718266,0.0961
4112,1.711863,0.0961
4113,1.711565,0.0970
4114,1.713280,0.0977
4115,1.710157,0.0967
4116,1.704458,0.0962
4117,1.699448,0.0965
4118,1.705053,0.0960
4119,1.711899,0.0961
4120,1.712396,0.0965
4121,1.708928,0.0959
4122,1.703550,0.0952
4123,1.711726,0.0961
4124,1.715347,0.0961
4125,1.713506,0.0963
4126,1.717109,0.0969
4127,1.713713,0.0965
4128,1.718124,0.0972
4129,1.720117,0.0973
4130,1.718972,0.0963
4131,1.715891,0.0967
4132,1.720996,0.0961
4133,1.719197,0.0957
4134,1.722975,0.0962
4135,1.728716,0.0962
4136,1.731079,0.0964
4137,1.731851,0.0957
4138,1.732277,0.0957
4139,1.728857,0.0966
4140,1.728998,0.0964
4141,1.732872,0.0964
4142,1.730496,0.0963
4143,1.726349,0.0954
4144,1.726318,0.0961
4145,1.721871,0.0960
4146,1.718837,0.0968
4147,1.712911,0.0971
4148,1.714793,0.0960
4149,1.715600,0.0952
4150,1.716278,0.0957
4151,1.720843,0.0958
4152,1.721696,0.0963
4153,1.719994,0.0969
4154,1.713624,0.0963
4155,1.714328,0.0966
4156,1.712395,0.0957
4157,1.708229,0.0961
4158,1.709458,0.0975
4159,1.711168,0.0971
4160,1.707479,0.0960
4161,1.705731,0.0970
4162,1.704593,0.0966
4163,1.703622,0.0959
4164,1.707530,0.0962
4165,1.707394,0.0966
4166,1.706704,0.0961
4167,1.708607,0.0950
4168,1.714550,0.0966
4169,1.711591,0.0960
4170,1.711933,0.0971
4171,1.710172,0.0962
4172,1.705356,0.0957
4173,1.710923,0.0958
4174,1.710861,0.0968
4175,1.711010,0.0953
4176,1.711920,0.0962
4177,1.709609,0.0966
4178,1.711241,0.0959
4179,1.717389,0.0969
4180,1.718056,0.0962
4181,1.719946,0.0954
4182,1.720186,0.0966
4183,1.712540,0.0963
4184,1.715424,0.0952
4185,1.712564,0.0967
4186,1.713678,0.0958
4187,1.714374,0.0962
4188,1.710676,0.0964
4189,1.705568,0.0964
4190,1.708677,0.0964
4191,1.708117,0.0962
4192,1.710240,0.0966
4193,1.714845,0.0960
4194,1.715647,0.0958
4195,1.716299,0.0963
4196,1.720080,0.0963
4197,1.719097,0.0969
4198,1.712651,0.0961
4199,1.718216,0.0955
4200,1.718889,0.0948
4201,1.719711,0.0954
4202,1.720149,0.0956
4203,1.715142,0.0979
4204,1.706311,0.0962
4205,1.710993,0.0978
4206,1.721422,0.0948
4207,1.726063,0.0947
4208,1.726192,0.0959
4209,1.728845,0.0973
4210,1.732475,0.0956
4211,1.733214,0.0957
4212,1.731638,0.0958
4213,1.732493,0.0962
4214,1.735226,0.0963
4215,1.736167,0.0962
4216,1.737476,0.0960
4217,1.736986,0.0955
4218,1.736750,0.0966
4219,1.732832,0.0961
4220,1.727720,0.0962
4221,1.722409,0.0947
4222,1.721071,0.0978
4223,1.716720,0.0959
4224,1.714330,0.0978
4225,1.708528,0.0964
4226,1.702745,0.0951
4227,1.704876,0.0948
4228,1.706998,0.0972
4229,1.705040,0.0947
4230,1.702666,0.0963
4231,1.702649,0.0963
4232,1.712007,0.0952
4233,1.713850,0.0958
4234,1.714544,0.0957
4235,1.715662,0.0955
4236,1.714594,0.0953
4237,1.714107,0.0964
4238,1.722080,0.0956
4239,1.723766,0.0963
4240,1.720601,0.0955
4241,1.718343,0.0969
4242,1.721562,0.0963
4243,1.719794,0.0963
4244,1.716302,0.0948
4245,1.715300,0.0964
4246,1.714522,0.0960
4247,1.709473,0.0956
4248,1.703383,0.0959
4249,1.708658,0.0962
4250,1.712107,0.0962
4251,1.713199,0.0950
4252,1.707422,0.0946
4253,1.703204,0.0967
4254,1.696842,0.0961
4255,1.690469,0.0947
4256,1.694311,0.0951
4257,1.696024,0.0962
4258,1.693382,0.0955
4259,1.692678,0.0950
4260,1.687366,0.0951
4261,1.688380,0.0950
4262,1.691603,0.0967
4263,1.694551,0.0960
4264,1.693163,0.0958
4265,1.694894,0.0953
4266,1.693063,0.0964
4267,1.696263,0.0960
4268,1.693301,0.0951
4269,1.686493,0.0960
4270,1.687876,0.0956
4271,1.689949,0.0965
4272,1.686263,0.0960
4273,1.687040,0.0966
4274,1.684614,0.0960
4275,1.684167,0.0956
4276,1.686618,0.0951
4277,1.685186,0.0953
4278,1.681366,0.0970
4279,1.683257,0.0957
4280,1.679830,0.0956
4281,1.677797,0.0953
4282,1.677861,0.0956
4283,1.682493,0.0953
4284,1.686266,0.0959
4285,1.689135,0.0955
4286,1.692167,0.0955
4287,1.692068,0.0952
4288,1.690444,0.0962
4289,1.684523,0.0945
4290,1.679293,0.0963
4291,1.681030,0.0966
4292,1.687320,0.0956
4293,1.686799,0.0960
4294,1.685157,0.0960
4295,1.686748,0.0964
4296,1.686106,0.0965
4297,1.682668,0.0969
4298,1.679703,0.0962
4299,1.674419,0.0961
4300,1.677835,0.0948
4301,1.676287,0.0957
4302,1.679578,0.0961
4303,1.678300,0.0949
4304,1.674116,0.0971
4305,1.674671,0.0959
4306,1.675705,0.0967
4307,1.677446,0.0968
4308,1.670128,0.0963
4309,1.673431,0.0950
4310,1.671518,0.0958
4311,1.669634,0.0958
4312,1.671234,0.0967
4313,1.671334,0.0967
4314,1.666656,0.0968
4315,1.667241,0.0954
4316,1.675597,0.0959
4317,1.673921,0.0966
4318,1.676765,0.0954
4319,1.677605,0.0957
4320,1.680012,0.0959
4321,1.677476,0.0967
4322,1.680161,0.0963
4323,1.678956,0.0949
4324,1.678924,0.0964
4325,1.678219,0.0953
4326,1.676956,0.0955
4327,1.676384,0.0948
4328,1.672767,0.0955
4329,1.670662,0.0968
4330,1.671356,0.0987
4331,1.673878,0.0957
4332,1.675081,0.0960
4333,1.676066,0.0967
4334,1.675303,0.0975
4335,1.669843,0.0960
4336,1.670044,0.0968
4337,1.670566,0.0957
4338,1.670074,0.0958
4339,1.668379,0.0962
4340,1.666663,0.0957
4341,1.670222,0.0968
4342,1.672896,0.0955
4343,1.673553,0.0955
4344,1.670648,0.0971
4345,1.667458,0.0952
4346,1.666349,0.0960
4347,1.665866,0.0954
4348,1.668693,0.0954
4349,1.670857,0.0946
4350,1.668030,0.0970
4351,1.667614,0.0969
4352,1.673250,0.0953
4353,1.671993,0.0966
4354,1.671801,0.0964
4355,1.677407,0.0963
4356,1.680512,0.0962
4357,1.677700,0.0966
4358,1.674626,0.0960
4359,1.669472,0.0971
4360,1.667803,0.0955
4361,1.659600,0.0952
4362,1.660346,0.0963
4363,1.658900,0.0968
4364,1.651688,0.0951
4365,1.663955,0.0950
4366,1.665177,0.0961
4367,1.671266,0.0951
4368,1.672045,0.0960
4369,1.669031,0.0961
4370,1.667586,0.0949
4371,1.672463,0.0989
4372,1.675781,0.0965
4373,1.675448,0.0949
4374,1.674369,0.0959
4375,1.671352,0.0957
4376,1.670666,0.0953
4377,1.667611,0.0974
4378,1.665497,0.0967
4379,1.666456,0.0964
4380,1.666137,0.0958
4381,1.663949,0.0957
4382,1.661991,0.0960
4383,1.663391,0.0950
4384,1.662119,0.0971
4385,1.662675,0.0955
4386,1.660629,0.0967
4387,1.661821,0.0961
4388,1.661701,0.0962
4389,1.655007,0.0963
4390,1.658034,0.0972
4391,1.654002,0.0961
4392,1.646947,0.0958
4393,1.645637,0.0947
4394,1.654526,0.0954
4395,1.655470,0.0966
4396,1.659412,0.0950
4397,1.658640,0.0963
4398,1.651725,0.0968
4399,1.648871,0.0963
4400,1.644612,0.0960
4401,1.644360,0.0956
4402,1.650842,0.0957
4403,1.659756,0.0965
4404,1.659968,0.0971
4405,1.658708,0.0972
4406,1.656180,0.0951
4407,1.650975,0.0957
4408,1.653242,0.0962
4409,1.657223,0.0955
4410,1.661422,0.0963
4411,1.663582,0.0953
4412,1.663746,0.0952
4413,1.666113,0.0977
4414,1.663748,0.0970
4415,1.659432,0.0960
4416,1.657157,0.0962
4417,1.660546,0.0965
4418,1.661318,0.0972
4419,1.665801,0.0964
4420,1.667093,0.0958
4421,1.664235,0.0959
4422,1.663271,0.0981
4423,1.661982,0.0966
4424,1.659003,0.0978
4425,1.661216,0.0959
4426,1.657588,0.0957
4427,1.650355,0.0975
4428,1.651217,0.0955
4429,1.650403,0.0955
4430,1.650831,0.0965
4431,1.652154,0.0956
4432,1.651532,0.0951
4433,1.649256,0.0963
4434,1.644934,0.0953
4435,1.645671,0.0972
4436,1.649063,0.0960
4437,1.647564,0.0949
4438,1.648811,0.0972
4439,1.645791,0.0954
4440,1.648454,0.0960
4441,1.648118,0.0983
4442,1.651636,0.0955
4443,1.656711,0.0961
4444,1.657212,0.0964
4445,1.658127,0.0946
4446,1.658791,0.0963
4447,1.656366,0.0949
4448,1.657838,0.0961
4449,1.659341,0.0964
4450,1.656265,0.0961
4451,1.650000,0.0953
4452,1.648626,0.0954
4453,1.657369,0.0970
4454,1.658729,0.0957
4455,1.662143,0.0963
4456,1.663915,0.0951
4457,1.662935,0.0982
4458,1.663915,0.0959
4459,1.662691,0.0971
4460,1.664156,0.0959
4461,1.663075,0.0970
4462,1.662106,0.0967
4463,1.657124,0.0957
4464,1.656689,0.0962
4465,1.659624,0.0959
4466,1.656777,0.0964
4467,1.655440,0.0958
4468,1.651641,0.0956
4469,1.651482,0.0958
4470,1.652099,0.0990
4471,1.651654,0.0969
4472,1.646393,0.0954
4473,1.651962,0.0976
4474,1.656915,0.0965
4475,1.654655,0.0965
4476,1.654738,0.0960
4477,1.652850,0.0961
4478,1.652921,0.0970
4479,1.654207,0.0957
4480,1.653836,0.0966
4481,1.656080,0.0953
4482,1.651552,0.0971
4483,1.651115,0.0956
4484,1.652207,0.0972
4485,1.652580,0.0961
4486,1.652783,0.0947
4487,1.653986,0.0969
4488,1.653779,0.0954
4489,1.654612,0.0949
4490,1.653498,0.0963
4491,1.645470,0.0958
4492,1.653839,0.0962
4493,1.656028,0.0947
4494,1.655492,0.0957
4495,1.655889,0.0961
4496,1.653687,0.0954
4497,1.656027,0.0963
4498,1.657774,0.0965
4499,1.659106,0.0981
4500,1.654653,0.0950
4501,1.652088,0.0948
4502,1.658002,0.0950
4503,1.658065,0.0958
4504,1.663261,0.0954
4505,1.664897,0.0968
4506,1.666760,0.0956
4507,1.668271,0.0975
4508,1.664903,0.0962
4509,1.663442,0.0958
4510,1.662015,0.0962
4511,1.666947,0.0954
4512,1.666799,0.0959
4513,1.663126,0.0958
4514,1.659928,0.0983
4515,1.658754,0.0954
4516,1.660716,0.0962
4517,1.663923,0.0984
4518,1.663899,0.0968
4519,1.664190,0.0967
4520,1.661361,0.0949
4521,1.657107,0.0965
4522,1.653007,0.0962
4523,1.655806,0.0947
4524,1.654447,0.0955
4525,1.653481,0.0950
4526,1.650333,0.0967
4527,1.644343,0.0956
4528,1.640698,0.0962
4529,1.644991,0.0965
4530,1.649191,0.0966
4531,1.649256,0.0951
4532,1.645267,0.0966
4533,1.646080,0.0969
4534,1.649471,0.0973
4535,1.650760,0.0966
4536,1.647407,0.0960
4537,1.645515,0.0960
4538,1.639850,0.0960
4539,1.643749,0.0962
4540,1.643153,0.0954
4541,1.650075,0.0955
4542,1.652573,0.0961
4543,1.656063,0.0966
4544,1.658216,0.0956
4545,1.656116,0.0961
4546,1.653006,0.0959
4547,1.652454,0.0964
4548,1.647073,0.0956
4549,1.644981,0.0964
4550,1.645165,0.0949
4551,1.639328,0.0955
4552,1.638188,0.0959
4553,1.635476,0.0957
4554,1.636152,0.0951
4555,1.634455,0.0962
4556,1.633253,0.0972
4557,1.635060,0.0981
4558,1.641165,0.0963
4559,1.645601,0.0953
4560,1.647951,0.0959
4561,1.645178,0.0981
4562,1.646006,0.0971
4563,1.648478,0.0961
4564,1.650864,0.0961
4565,1.649618,0.0950
4566,1.645119,0.0969
4567,1.645805,0.0960
4568,1.644846,0.0967
4569,1.644821,0.0961
4570,1.640383,0.0965
4571,1.634393,0.0952
4572,1.636157,0.0961
4573,1.640217,0.0960
4574,1.641311,0.0958
4575,1.646669,0.0961
4576,1.645517,0.0971
4577,1.648274,0.0980
4578,1.653073,0.0982
4579,1.655599,0.0973
4580,1.654237,0.0953
4581,1.653705,0.0966
4582,1.652182,0.0950
4583,1.654683,0.0979
4584,1.652833,0.0958
4585,1.649016,0.0959
4586,1.645178,0.0961
4587,1.642351,0.0957
4588,1.644854,0.0982
4589,1.646281,0.0981
4590,1.648369,0.0953
4591,1.647211,0.0982
4592,1.643852,0.0970
4593,1.643190,0.0958
4594,1.640414,0.0956
4595,1.637374,0.0963
4596,1.633501,0.0950
4597,1.632829,0.0954
4598,1.635450,0.0980
4599,1.634935,0.0953
4600,1.637783,0.0955
4601,1.636952,0.0948
4602,1.631237,0.0979
4603,1.632648,0.0970
4604,1.637192,0.0969
4605,1.635329,0.0979
4606,1.642501,0.0971
4607,1.645472,0.0962
4608,1.646233,0.0960
4609,1.643807,0.0978
4610,1.638403,0.0954
4611,1.635852,0.0958
4612,1.644888,0.0983
4613,1.649877,0.0992
4614,1.652770,0.0959
4615,1.653737,0.0963
4616,1.655523,0.0980
4617,1.654127,0.0957
4618,1.650150,0.0959
4619,1.648864,0.0958
4620,1.650425,0.0983
4621,1.648407,0.0965
4622,1.642938,0.0967
4623,1.641765,0.0975
4624,1.645755,0.0980
4625,1.643475,0.0956
4626,1.645197,0.0956
4627,1.644009,0.0973
4628,1.644362,0.0959
4629,1.642952,0.0954
4630,1.642868,0.0973
4631,1.643772,0.0979
4632,1.640246,0.0958
4633,1.638358,0.0963
4634,1.629794,0.0959
4635,1.638703,0.0956
4636,1.641050,0.0953
4637,1.641879,0.0981
4638,1.641277,0.0960
4639,1.640523,0.0958
4640,1.636643,0.0970
4641,1.633728,0.0964
4642,1.635976,0.0963
4643,1.632832,0.0967
4644,1.631870,0.0959
4645,1.633926,0.0967
4646,1.636040,0.0960
4647,1.632484,0.0961
4648,1.636497,0.0952
4649,1.638437,0.0951
4650,1.634459,0.0957
4651,1.638289,0.0949
4652,1.641082,0.0963
4653,1.639024,0.0970
4654,1.637550,0.0973
4655,1.635490,0.0984
4656,1.635996,0.0978
4657,1.635799,0.0959
4658,1.633352,0.0971
4659,1.629963,0.0967
4660,1.630026,0.0963
4661,1.631674,0.0954
4662,1.629526,0.0978
4663,1.635508,0.0964
4664,1.637741,0.0983
4665,1.637372,0.0967
4666,1.635138,0.0959
4667,1.632722,0.0965
4668,1.630118,0.0970
4669,1.627797,0.0980
4670,1.633795,0.0966
4671,1.639820,0.0963
4672,1.641447,0.0953
4673,1.640956,0.0968
4674,1.641789,0.0955
4675,1.638354,0.0969
4676,1.638979,0.0954
4677,1.640167,0.0992
4678,1.635762,0.0959
4679,1.633940,0.0962
4680,1.633200,0.0974
4681,1.634324,0.0957
4682,1.634382,0.0969
4683,1.626575,0.0957
4684,1.625582,0.0962
4685,1.628945,0.0969
4686,1.629802,0.0966
4687,1.633107,0.0969
4688,1.632589,0.0975
4689,1.632332,0.0990
4690,1.631349,0.0956
4691,1.637161,0.0961
4692,1.636553,0.0954
4693,1.643697,0.0960
4694,1.644351,0.0958
4695,1.648041,0.0960
4696,1.649587,0.0962
4697,1.648984,0.0984
4698,1.649497,0.0982
4699,1.646261,0.0991
4700,1.642518,0.0949
4701,1.638415,0.0985
4702,1.634716,0.0967
4703,1.630628,0.0952
4704,1.631556,0.0976
4705,1.637189,0.0970
4706,1.639403,0.0964
4707,1.633793,0.0961
4708,1.631616,0.0957
4709,1.634611,0.0959
4710,1.635546,0.0984
4711,1.632269,0.0965
4712,1.633828,0.0961
4713,1.638917,0.0970
4714,1.639388,0.0973
4715,1.637079,0.0966
4716,1.635127,0.0969
4717,1.640279,0.0966
4718,1.639908,0.0959
4719,1.635708,0.0978
4720,1.635687,0.0956
4721,1.635722,0.0965
4722,1.630993,0.0957
4723,1.626036,0.0960
4724,1.624845,0.0963
4725,1.623869,0.0964
4726,1.626244,0.0967
4727,1.628189,0.0957
4728,1.630988,0.0958
4729,1.638857,0.0969
4730,1.640167,0.0950
4731,1.639416,0.0969
4732,1.637380,0.0959
4733,1.635086,0.0958
4734,1.629555,0.0980
4735,1.629348,0.0982
4736,1.633805,0.0978
4737,1.633829,0.0970
4738,1.633314,0.0970
4739,1.635906,0.0968
4740,1.635607,0.0954
4741,1.632754,0.0953
4742,1.634876,0.0975
4743,1.634328,0.0962
4744,1.636681,0.0955
4745,1.636119,0.0980
4746,1.633215,0.0963
4747,1.629750,0.0951
4748,1.633862,0.0964
4749,1.638123,0.0948
4750,1.638536,0.0961
4751,1.639721,0.0962
4752,1.637391,0.0976
4753,1.633051,0.0978
4754,1.635803,0.0950
4755,1.638665,0.0954
4756,1.638996,0.0957
4757,1.634936,0.0957
4758,1.637593,0.0952
4759,1.636932,0.0951
4760,1.638664,0.0965
4761,1.635641,0.0958
4762,1.635719,0.0984
4763,1.639426,0.0960
4764,1.640401,0.0953
4765,1.640832,0.0960
4766,1.643598,0.0984
4767,1.643391,0.0950
4768,1.641105,0.0967
4769,1.638609,0.0967
4770,1.639188,0.0984
4771,1.633501,0.0972
4772,1.638865,0.0970
4773,1.636819,0.0969
4774,1.635885,0.0960
4775,1.635897,0.0979
4776,1.631560,0.0956
4777,1.631983,0.0961
4778,1.635711,0.0969
4779,1.638626,0.0966
4780,1.638360,0.0955
4781,1.635710,0.0954
4782,1.635346,0.0958
4783,1.635245,0.0989
4784,1.633131,0.0966
4785,1.633283,0.0983
4786,1.635627,0.0963
4787,1.635394,0.0966
4788,1.634611,0.0968
4789,1.633867,0.0952
4790,1.634381,0.0965
4791,1.635154,0.0962
4792,1.633698,0.0956
4793,1.633131,0.0960
4794,1.634327,0.0974
4795,1.636997,0.0968
4796,1.631306,0.0970
4797,1.626774,0.0947
4798,1.624446,0.0985
4799,1.625436,0.0952
4800,1.622048,0.0962
4801,1.618378,0.0962
4802,1.620670,0.0960
4803,1.616070,0.0962
4804,1.618685,0.0950
4805,1.618086,0.0954
4806,1.618444,0.0954
4807,1.622124,0.0969
4808,1.623891,0.0950
4809,1.622666,0.0961
4810,1.624531,0.0991
4811,1.625837,0.0955
4812,1.623747,0.0954
4813,1.620656,0.0974
4814,1.615297,0.0962
4815,1.612019,0.0963
4816,1.613130,0.0958
4817,1.616985,0.0952
4818,1.612067,0.0962
4819,1.608046,0.0972
4820,1.614228,0.0960
4821,1.613811,0.0963
4822,1.616498,0.0955
4823,1.621632,0.0955
4824,1.620225,0.0985
4825,1.620357,0.0949
4826,1.623744,0.0957
4827,1.624532,0.0968
4828,1.623347,0.0966
4829,1.625490,0.0959
4830,1.623981,0.0967
4831,1.617872,0.0957
4832,1.618612,0.0951
4833,1.619821,0.0969
4834,1.620433,0.0964
4835,1.628346,0.0953
4836,1.627574,0.0957
4837,1.628699,0.0959
4838,1.628784,0.0971
4839,1.627200,0.0970
4840,1.620450,0.0968
4841,1.620607,0.0956
4842,1.619821,0.0957
4843,1.623637,0.0953
4844,1.627119,0.0959
4845,1.628330,0.0962
4846,1.628318,0.0968
4847,1.630433,0.0985
4848,1.632581,0.0960
4849,1.632469,0.0959
4850,1.633702,0.0955
4851,1.634534,0.0959
4852,1.630168,0.0973
4853,1.628952,0.0962
4854,1.624614,0.0977
4855,1.622944,0.0984
4856,1.625794,0.0968
4857,1.623443,0.0967
4858,1.625065,0.0957
4859,1.625112,0.0960
4860,1.623776,0.0964
4861,1.619133,0.0986
4862,1.617980,0.0954
4863,1.615055,0.0980
4864,1.619166,0.0972
4865,1.617198,0.0953
4866,1.615631,0.0967
4867,1.623051,0.0957
4868,1.626169,0.0965
4869,1.626925,0.0962
4870,1.623608,0.0955
4871,1.625577,0.0948
4872,1.621740,0.0961
4873,1.619108,0.0968
4874,1.620762,0.0964
4875,1.626707,0.0962
4876,1.626361,0.0956
4877,1.625358,0.0957
4878,1.619469,0.0962
4879,1.616008,0.0956
4880,1.622599,0.0955
4881,1.624304,0.0958
4882,1.623308,0.0972
4883,1.626437,0.0959
4884,1.630549,0.0985
4885,1.631622,0.0965
4886,1.630207,0.0967
4887,1.630128,0.0960
4888,1.628746,0.0961
4889,1.631353,0.0963
4890,1.632096,0.0954
4891,1.629938,0.0958
4892,1.627247,0.0967
4893,1.625186,0.0982
4894,1.624477,0.0956
4895,1.621666,0.0957
4896,1.625306,0.0961
4897,1.628069,0.0959
4898,1.626674,0.0969
4899,1.626948,0.0987
4900,1.623951,0.0957
4901,1.622623,0.0964
4902,1.620895,0.0960
4903,1.621990,0.0955
4904,1.617157,0.0969
4905,1.619134,0.0957
4906,1.618261,0.0964
4907,1.619930,0.0949
4908,1.622096,0.0964
4909,1.623487,0.0953
4910,1.623782,0.0958
4911,1.620607,0.0977
4912,1.620524,0.0957
4913,1.617256,0.0972
4914,1.616024,0.0959
4915,1.612770,0.0952
4916,1.609668,0.0978
4917,1.613182,0.0966
4918,1.612688,0.0970
4919,1.615042,0.0967
4920,1.617517,0.0954
4921,1.615142,0.0976
4922,1.609528,0.0980
4923,1.609467,0.0950
4924,1.612385,0.0953
4925,1.613807,0.0979
4926,1.613774,0.0974
4927,1.614087,0.0959
4928,1.610503,0.0967
4929,1.606935,0.0979
4930,1.609399,0.0963
4931,1.610357,0.0960
4932,1.613300,0.0953
4933,1.617229,0.0985
4934,1.617977,0.0987
4935,1.616835,0.0973
4936,1.621297,0.0980
4937,1.622455,0.0960
4938,1.620320,0.0971
4939,1.621655,0.0955
4940,1.619372,0.0971
4941,1.623264,0.0958
4942,1.625278,0.0975
4943,1.623851,0.0970
4944,1.623541,0.0968
4945,1.619786,0.0986
4946,1.617290,0.0981
4947,1.616349,0.0970
4948,1.618966,0.0960
4949,1.619975,0.0954
4950,1.615625,0.0962
4951,1.614695,0.0961
4952,1.615508,0.0949
4953,1.615167,0.0958
4954,1.616523,0.0956
4955,1.611368,0.0979
4956,1.612164,0.0954
4957,1.616235,0.0956
4958,1.618220,0.0953
4959,1.618532,0.0960
4960,1.617355,0.0971
4961,1.619566,0.0950
4962,1.620719,0.0973
4963,1.619161,0.0951
4964,1.619355,0.0950
4965,1.620515,0.0966
4966,1.617019,0.0964
4967,1.617624,0.0984
4968,1.618197,0.0959
4969,1.616819,0.0957
4970,1.618738,0.0979
4971,1.616563,0.0974
4972,1.616456,0.0986
4973,1.613454,0.0967
4974,1.614517,0.0957
4975,1.617602,0.0966
4976,1.613525,0.0969
4977,1.617510,0.0982
4978,1.615680,0.0955
4979,1.619777,0.0960
4980,1.620490,0.0954
4981,1.616450,0.0955
4982,1.623052,0.0975
4983,1.624787,0.0971
4984,1.625599,0.0959
4985,1.624642,0.0981
4986,1.621666,0.0953
4987,1.619381,0.0945
4988,1.614836,0.0949
4989,1.615803,0.0961
4990,1.617662,0.0957
4991,1.618054,0.0959
4992,1.617375,0.0964
4993,1.619539,0.0962
4994,1.624991,0.0961
4995,1.625508,0.0965
4996,1.624660,0.0982
4997,1.625282,0.0964
4998,1.623641,0.0952
4999,1.620059,0.0953
5000,1.626091,0.0958
5001,1.627100,0.0987
5002,1.625222,0.0968
5003,1.623472,0.0958
5004,1.622575,0.0963
5005,1.617591,0.0961
5006,1.620256,0.0954
5007,1.624119,0.0986
5008,1.625545,0.0955
5009,1.627136,0.0982
5010,1.628324,0.0969
5011,1.629522,0.0970
5012,1.628051,0.0966
5013,1.627410,0.0966
5014,1.626707,0.0963
5015,1.627337,0.0975
5016,1.628097,0.0960
5017,1.625301,0.0962
5018,1.626451,0.0961
5019,1.621444,0.0957
5020,1.619947,0.0968
5021,1.626775,0.0967
5022,1.627923,0.0957
5023,1.626292,0.0965
5024,1.626726,0.0966
5025,1.626408,0.0965
5026,1.625525,0.0980
5027,1.625500,0.0969
5028,1.623180,0.0964
5029,1.622975,0.0981
5030,1.619561,0.0971
5031,1.617073,0.0963
5032,1.616026,0.0970
5033,1.613782,0.0965
5034,1.618316,0.0958
5035,1.617766,0.0984
5036,1.613222,0.0976
5037,1.611473,0.0955
5038,1.614919,0.0978
5039,1.622167,0.0970
5040,1.625463,0.0961
5041,1.626957,0.0973
5042,1.625922,0.0963
5043,1.624405,0.0954
5044,1.623624,0.0963
5045,1.622468,0.0970
5046,1.620255,0.0958
5047,1.621323,0.0958
5048,1.623860,0.0965
5049,1.628441,0.0962
5050,1.628594,0.0975
5051,1.627609,0.0955
5052,1.621460,0.0949
5053,1.619132,0.0959
5054,1.618384,0.0970
5055,1.618874,0.0957
5056,1.616898,0.0963
5057,1.613297,0.0951
5058,1.612693,0.0963
5059,1.616811,0.0972
5060,1.614730,0.0974
5061,1.616977,0.0960
5062,1.614992,0.0963
5063,1.612900,0.0958
5064,1.615774,0.0956
5065,1.618503,0.0954
5066,1.620936,0.0962
5067,1.622735,0.0957
5068,1.617325,0.0959
5069,1.616035,0.0961
5070,1.617602,0.0963
5071,1.618144,0.0977
5072,1.618818,0.0964
5073,1.618026,0.0959
5074,1.622022,0.0967
5075,1.621816,0.0957
5076,1.620989,0.0962
5077,1.620152,0.0959
5078,1.617484,0.0961
5079,1.613860,0.0955
5080,1.614612,0.0973
5081,1.619310,0.0972
5082,1.623682,0.0965
5083,1.626383,0.0949
5084,1.626734,0.0959
5085,1.624893,0.0955
5086,1.623468,0.0972
5087,1.621461,0.0951
5088,1.624645,0.0956
5089,1.625282,0.0972
5090,1.623733,0.0957
5091,1.624758,0.0952
5092,1.623992,0.0962
5093,1.621561,0.0964
5094,1.620976,0.0959
5095,1.623700,0.0966
5096,1.624299,0.0964
5097,1.624410,0.0966
5098,1.622063,0.0962
5099,1.618916,0.0959
5100,1.614286,0.0968
5101,1.615254,0.0964
5102,1.613851,0.0966
5103,1.618080,0.0953
5104,1.616928,0.0950
5105,1.620169,0.0978
5106,1.622254,0.0955
5107,1.622010,0.0971
5108,1.621976,0.0955
5109,1.624757,0.0970
5110,1.624799,0.0958
5111,1.624656,0.0959
5112,1.624666,0.0949
5113,1.621622,0.0967
5114,1.617705,0.0967
5115,1.614780,0.0959
5116,1.618276,0.0951
5117,1.615507,0.0967
5118,1.617303,0.0959
5119,1.620140,0.0959
5120,1.622508,0.0961
5121,1.622537,0.0967
5122,1.622741,0.0962
5123,1.621838,0.0986
5124,1.621189,0.0969
5125,1.621920,0.0959
5126,1.618134,0.0956
5127,1.620226,0.0964
5128,1.616960,0.0950
5129,1.610645,0.0961
5130,1.611392,0.0960
5131,1.611217,0.0967
5132,1.607605,0.0959
5133,1.601167,0.0965
5134,1.602337,0.0965
5135,1.600875,0.0968
5136,1.601257,0.0962
5137,1.599885,0.0966
5138,1.598105,0.0959
5139,1.596881,0.0959
5140,1.594843,0.0957
5141,1.592288,0.0948
5142,1.587851,0.0965
5143,1.588219,0.0966
5144,1.586904,0.0968
5145,1.586621,0.0969
5146,1.590461,0.0952
5147,1.593791,0.0966
5148,1.593157,0.0954
5149,1.591178,0.0974
5150,1.588210,0.0954
5151,1.583418,0.0971
5152,1.585839,0.0970
5153,1.587793,0.0959
5154,1.590204,0.0960
5155,1.591374,0.0958
5156,1.592355,0.0970
5157,1.590364,0.0962
5158,1.586751,0.0965
5159,1.586374,0.0969
5160,1.586616,0.0963
5161,1.587363,0.0956
5162,1.583926,0.0962
5163,1.580672,0.0973
5164,1.578088,0.0966
5165,1.581904,0.0972
5166,1.584430,0.0959
5167,1.586634,0.0959
5168,1.582973,0.0964
5169,1.583486,0.0967
5170,1.585470,0.0960
5171,1.584764,0.0959
5172,1.584082,0.0969
5173,1.584102,0.0970
5174,1.584576,0.0963
5175,1.582876,0.0955
5176,1.583410,0.0962
5177,1.581525,0.0963
5178,1.579475,0.0963
5179,1.580772,0.0965
5180,1.581985,0.0964
5181,1.580289,0.0958
5182,1.586234,0.0965
5183,1.587557,0.0967
5184,1.583983,0.0965
5185,1.590540,0.0961
5186,1.590258,0.0954
5187,1.590753,0.0965
5188,1.587927,0.0963
5189,1.587568,0.0969
5190,1.587841,0.0953
5191,1.585528,0.0960
5192,1.584580,0.0977
5193,1.584422,0.0968
5194,1.586090,0.0960
5195,1.587422,0.0964
5196,1.586581,0.0963
5197,1.584532,0.0956
5198,1.586089,0.0956
5199,1.582647,0.0974
5200,1.578878,0.0963
5201,1.583805,0.0958
5202,1.586825,0.0967
5203,1.588420,0.0974
5204,1.586817,0.0967
5205,1.587934,0.0973
5206,1.587247,0.0970
5207,1.585100,0.0963
5208,1.587496,0.0956
5209,1.588248,0.0968
5210,1.585208,0.0960
5211,1.586375,0.0961
5212,1.588231,0.0972
5213,1.588288,0.0963
5214,1.590563,0.0960
5215,1.591335,0.0962
5216,1.588701,0.0973
5217,1.588455,0.0964
5218,1.586078,0.0987
5219,1.587732,0.0974
5220,1.586594,0.0963
5221,1.585177,0.0966
5222,1.584342,0.0964
5223,1.584421,0.0958
5224,1.582191,0.0971
5225,1.578363,0.0949
5226,1.580657,0.0973
5227,1.582618,0.0974
5228,1.583140,0.0956
5229,1.584694,0.0967
5230,1.585791,0.0968
5231,1.584355,0.0975
5232,1.584393,0.0970
5233,1.583918,0.0961
5234,1.579685,0.0969
5235,1.582159,0.0965
5236,1.584224,0.0967
5237,1.583870,0.0958
5238,1.587848,0.0970
5239,1.588883,0.0961
5240,1.589383,0.0957
5241,1.589023,0.0948
5242,1.589456,0.0966
5243,1.588599,0.0973
5244,1.586980,0.0967
5245,1.585780,0.0970
5246,1.585566,0.0964
5247,1.585802,0.0959
5248,1.587356,0.0968
5249,1.586264,0.0965
5250,1.585854,0.0953
5251,1.586135,0.0957
5252,1.584724,0.0957
5253,1.581980,0.0956
5254,1.578664,0.0960
5255,1.581808,0.0963
5256,1.581180,0.0963
5257,1.580561,0.0963
5258,1.579496,0.0964
5259,1.582947,0.0957
5260,1.582472,0.0962
5261,1.582808,0.0972
5262,1.579860,0.0974
5263,1.578970,0.0959
5264,1.574188,0.0967
5265,1.577114,0.0972
5266,1.575981,0.0962
5267,1.575840,0.0957
5268,1.580206,0.0975
5269,1.581009,0.0959
5270,1.579892,0.0958
5271,1.580202,0.0967
5272,1.576971,0.0957
5273,1.577822,0.0969
5274,1.577726,0.0964
5275,1.578998,0.0975
5276,1.578950,0.0959
5277,1.579725,0.0970
5278,1.579747,0.0963
5279,1.577947,0.0988
5280,1.577991,0.0963
5281,1.577381,0.0976
5282,1.575133,0.0972
5283,1.575022,0.0959
5284,1.578165,0.0971
5285,1.577981,0.0968
5286,1.579020,0.0957
5287,1.575968,0.0970
5288,1.572531,0.0961
5289,1.571380,0.0988
5290,1.573839,0.0969
5291,1.570523,0.0956
5292,1.569238,0.0974
5293,1.574632,0.0969
5294,1.577902,0.0968
5295,1.578742,0.0976
5296,1.577471,0.0954
5297,1.577790,0.0964
5298,1.579497,0.0981
5299,1.576369,0.0969
5300,1.574338,0.0962
5301,1.575449,0.0975
5302,1.573943,0.0957
5303,1.573343,0.0965
5304,1.578527,0.0960
5305,1.582875,0.0961
5306,1.585588,0.0975
5307,1.586256,0.0967
5308,1.584868,0.0990
5309,1.581164,0.0969
5310,1.581878,0.0957
5311,1.578182,0.0955
5312,1.576813,0.0952
5313,1.580685,0.0972
5314,1.580940,0.0957
5315,1.580056,0.0965
5316,1.578364,0.0971
5317,1.578983,0.0977
5318,1.576859,0.0957
5319,1.575535,0.0965
5320,1.570872,0.0965
5321,1.573689,0.0951
5322,1.575803,0.0967
5323,1.575024,0.0974
5324,1.573679,0.0969
5325,1.573535,0.0966
5326,1.570141,0.0957
5327,1.577931,0.0981
5328,1.579934,0.0970
5329,1.578964,0.0964
5330,1.579279,0.0966
5331,1.576247,0.0970
5332,1.575093,0.0962
5333,1.577383,0.0968
5334,1.578128,0.0975
5335,1.576805,0.0963
5336,1.578828,0.0960
5337,1.580195,0.0969
5338,1.577629,0.0967
5339,1.572121,0.0959
5340,1.575836,0.0967
5341,1.576224,0.0957
5342,1.578148,0.0959
5343,1.578314,0.0952
5344,1.577697,0.0959
5345,1.579139,0.0968
5346,1.579277,0.0967
5347,1.577932,0.0961
5348,1.579275,0.0974
5349,1.578977,0.0962
5350,1.577157,0.0975
5351,1.577590,0.0963
5352,1.577887,0.0968
5353,1.576174,0.0961
5354,1.572241,0.0974
5355,1.575319,0.0965
5356,1.573953,0.0980
5357,1.574648,0.0981
5358,1.572789,0.0961
5359,1.570708,0.0975
5360,1.572164,0.0965
5361,1.575170,0.0959
5362,1.577105,0.0958
5363,1.579025,0.0961
5364,1.580030,0.0959
5365,1.577693,0.0971
5366,1.576310,0.0954
5367,1.579413,0.0952
5368,1.577084,0.0962
5369,1.572091,0.0957
5370,1.569680,0.0973
5371,1.571976,0.0953
5372,1.573134,0.0963
5373,1.574970,0.0962
5374,1.575850,0.0970
5375,1.576057,0.0970
5376,1.576859,0.0958
5377,1.577470,0.0963
5378,1.579972,0.0959
5379,1.580622,0.0971
5380,1.579857,0.0966
5381,1.577117,0.0959
5382,1.573989,0.0957
5383,1.572221,0.0961
5384,1.576386,0.0965
5385,1.575121,0.0969
5386,1.572320,0.0967
5387,1.573739,0.0953
5388,1.576074,0.0951
5389,1.574950,0.0965
5390,1.573525,0.0957
5391,1.574453,0.0961
5392,1.573573,0.0958
5393,1.573361,0.0955
5394,1.576564,0.0957
5395,1.575763,0.0971
5396,1.573552,0.0959
5397,1.575761,0.0967
5398,1.573503,0.0963
5399,1.575083,0.0967
5400,1.575131,0.0970
5401,1.573186,0.0965
5402,1.571764,0.0965
5403,1.571011,0.0966
5404,1.570809,0.0967
5405,1.567641,0.0972
5406,1.570261,0.0968
5407,1.568004,0.0969
5408,1.571878,0.0964
5409,1.574913,0.0965
5410,1.572483,0.0968
5411,1.573037,0.0968
5412,1.571711,0.0953
5413,1.571244,0.0965
5414,1.570001,0.0961
5415,1.571542,0.0952
5416,1.570206,0.0959
5417,1.565211,0.0950
5418,1.568052,0.0967
5419,1.569896,0.0959
5420,1.568356,0.0969
5421,1.567545,0.0966
5422,1.565349,0.0956
5423,1.565057,0.0976
5424,1.569374,0.0969
5425,1.567261,0.0970
5426,1.565318,0.0955
5427,1.567934,0.0969
5428,1.572443,0.0968
5429,1.570655,0.0966
5430,1.574514,0.0959
5431,1.575290,0.0972
5432,1.575093,0.0970
5433,1.575254,0.0966
5434,1.575551,0.0955
5435,1.572182,0.0961
5436,1.572390,0.0967
5437,1.571377,0.0955
5438,1.568333,0.0971
5439,1.567931,0.0966
5440,1.569132,0.0969
5441,1.568245,0.0958
5442,1.566068,0.0963
5443,1.560143,0.0969
5444,1.564775,0.0969
5445,1.569372,0.0965
5446,1.570833,0.0963
5447,1.572304,0.0956
5448,1.571712,0.0973
5449,1.568755,0.0964
5450,1.569629,0.0973
5451,1.573100,0.0954
5452,1.575070,0.0959
5453,1.573829,0.0958
5454,1.575764,0.0968
5455,1.573913,0.0966
5456,1.568011,0.0977
5457,1.571511,0.0962
5458,1.575721,0.0965
5459,1.575883,0.0962
5460,1.575599,0.0962
5461,1.574284,0.0966
5462,1.573750,0.0951
5463,1.574045,0.0970
5464,1.571361,0.0956
5465,1.570384,0.0958
5466,1.568085,0.0959
5467,1.567261,0.0962
5468,1.567311,0.0967
5469,1.568267,0.0964
5470,1.568257,0.0965
5471,1.566639,0.0960
5472,1.563015,0.0962
5473,1.566436,0.0958
5474,1.565118,0.0970
5475,1.566021,0.0965
5476,1.562819,0.0963
5477,1.561639,0.0966
5478,1.565163,0.0959
5479,1.565786,0.0952
5480,1.567630,0.0959
5481,1.569630,0.0963
5482,1.566311,0.0957
5483,1.567795,0.0975
5484,1.570138,0.0981
5485,1.569432,0.0964
5486,1.569364,0.0958
5487,1.572031,0.0963
5488,1.575881,0.0967
5489,1.575239,0.0968
5490,1.575271,0.0962
5491,1.575431,0.0967
5492,1.574591,0.0960
5493,1.573011,0.0959
5494,1.568015,0.0961
5495,1.567431,0.0971
5496,1.570701,0.0970
5497,1.570862,0.0971
5498,1.570041,0.0974
5499,1.568094,0.0974
5500,1.570241,0.0963
5501,1.569878,0.0961
5502,1.568792,0.0967
5503,1.565915,0.0972
5504,1.571002,0.0958
5505,1.572656,0.0961
5506,1.571144,0.0955
5507,1.571255,0.0959
5508,1.572082,0.0970
5509,1.568759,0.0970
5510,1.566015,0.0972
5511,1.562321,0.0974
5512,1.564531,0.0951
5513,1.565131,0.0959
5514,1.565762,0.0959
5515,1.567069,0.0980
5516,1.567101,0.0958
5517,1.565169,0.0982
5518,1.565184,0.0947
5519,1.565694,0.0965
5520,1.566799,0.0969
5521,1.566481,0.0964
5522,1.562976,0.0964
5523,1.565149,0.0980
5524,1.568190,0.0970
5525,1.569738,0.0968
5526,1.568380,0.0960
5527,1.565942,0.0972
5528,1.566963,0.0959
5529,1.565757,0.0955
5530,1.565374,0.0967
5531,1.566415,0.0955
5532,1.567158,0.0965
5533,1.565100,0.0958
5534,1.562140,0.0983
5535,1.563447,0.0975
5536,1.563839,0.0971
5537,1.566446,0.0972
5538,1.568889,0.0961
5539,1.567028,0.0968
5540,1.567301,0.0967
5541,1.568352,0.0958
5542,1.568381,0.0962
5543,1.567724,0.0965
5544,1.566556,0.0959
5545,1.563801,0.0960
5546,1.559415,0.0963
5547,1.565346,0.0962
5548,1.565774,0.0957
5549,1.568235,0.0968
5550,1.570757,0.0975
5551,1.570481,0.0971
5552,1.568519,0.0976
5553,1.568297,0.0960
5554,1.570436,0.0971
5555,1.567732,0.0961
5556,1.567960,0.0966
5557,1.571541,0.0962
5558,1.569724,0.0962
5559,1.567743,0.0967
5560,1.570375,0.0969
5561,1.570442,0.0965
5562,1.568903,0.0967
5563,1.566848,0.0956
5564,1.563187,0.0977
5565,1.564776,0.0968
5566,1.565871,0.0967
5567,1.564084,0.0973
5568,1.565629,0.0959
5569,1.564490,0.0957
5570,1.563097,0.0971
5571,1.561557,0.0969
5572,1.561746,0.0970
5573,1.562926,0.0968
5574,1.563633,0.0954
5575,1.563341,0.0970
5576,1.565278,0.0967
5577,1.564216,0.0972
5578,1.561706,0.0973
5579,1.562295,0.0964
5580,1.563036,0.0966
5581,1.559375,0.0962
5582,1.556687,0.0968
5583,1.561846,0.0959
5584,1.561310,0.0960
5585,1.561027,0.0965
5586,1.561564,0.0974
5587,1.564244,0.0960
5588,1.563262,0.0965
5589,1.563800,0.0958
5590,1.567061,0.0968
5591,1.565687,0.0950
5592,1.564978,0.0974
5593,1.561424,0.0955
5594,1.564246,0.0973
5595,1.565114,0.0960
5596,1.562467,0.0973
5597,1.561110,0.0963
5598,1.567129,0.0970
5599,1.567473,0.0969
5600,1.564633,0.0950
5601,1.566849,0.0965
5602,1.566495,0.0964
5603,1.564562,0.0972
5604,1.563393,0.0962
5605,1.562618,0.0970
5606,1.563190,0.0966
5607,1.563642,0.0965
5608,1.563125,0.0975
5609,1.558462,0.0969
5610,1.557687,0.0968
5611,1.561346,0.0964
5612,1.560885,0.0975
5613,1.563644,0.0965
5614,1.564312,0.0967
5615,1.564054,0.0977
5616,1.562155,0.0956
5617,1.563413,0.0959
5618,1.560610,0.0970
5619,1.559419,0.0975
5620,1.563528,0.0953
5621,1.564838,0.0968
5622,1.565992,0.0975
5623,1.567115,0.0965
5624,1.565103,0.0965
5625,1.562396,0.0967
5626,1.562373,0.0968
5627,1.563708,0.0973
5628,1.561848,0.0969
5629,1.560070,0.0960
5630,1.561783,0.0972
5631,1.561317,0.0964
5632,1.564346,0.0964
5633,1.564891,0.0965
5634,1.565133,0.0963
5635,1.565684,0.0969
5636,1.564218,0.0970
5637,1.567477,0.0973
5638,1.565680,0.0972
5639,1.564137,0.0961
5640,1.563639,0.0976
5641,1.561401,0.0970
5642,1.560726,0.0961
5643,1.559710,0.0953
5644,1.558472,0.0954
5645,1.559570,0.0956
5646,1.556907,0.0972
5647,1.559478,0.0976
5648,1.558512,0.0969
5649,1.561186,0.0967
5650,1.560321,0.0964
5651,1.558995,0.0968
5652,1.556139,0.0961
5653,1.555478,0.0969
5654,1.559520,0.0974
5655,1.558199,0.0975
5656,1.558023,0.0955
5657,1.558409,0.0967
5658,1.556291,0.0974
5659,1.556475,0.0965
5660,1.557549,0.0965
5661,1.556087,0.0957
5662,1.554315,0.0971
5663,1.560662,0.0970
5664,1.564167,0.0968
5665,1.564437,0.0957
5666,1.563436,0.0963
5667,1.562101,0.0966
5668,1.566636,0.0962
5669,1.567292,0.0975
5670,1.567106,0.0959
5671,1.567565,0.0960
5672,1.565338,0.0959
5673,1.563260,0.0962
5674,1.564404,0.0962
5675,1.562931,0.0966
5676,1.562938,0.0982
5677,1.565078,0.0965
5678,1.564367,0.0967
5679,1.565978,0.0966
5680,1.567946,0.0966
5681,1.566853,0.0969
5682,1.564362,0.0965
5683,1.567304,0.0982
5684,1.567160,0.0964
5685,1.566211,0.0955
5686,1.567100,0.0952
5687,1.565815,0.0973
5688,1.568049,0.0963
5689,1.565558,0.0967
5690,1.566876,0.0966
5691,1.568315,0.0951
5692,1.568665,0.0964
5693,1.568955,0.0961
5694,1.565344,0.0967
5695,1.562426,0.0957
5696,1.563602,0.0973
5697,1.564776,0.0968
5698,1.563101,0.0962
5699,1.557616,0.0965
5700,1.560143,0.0964
5701,1.566680,0.0960
5702,1.568432,0.0972
5703,1.566280,0.0972
5704,1.567967,0.0957
5705,1.571334,0.0978
5706,1.570517,0.0968
5707,1.569237,0.0962
5708,1.565204,0.0961
5709,1.566727,0.0963
5710,1.569592,0.0976
5711,1.568375,0.0962
5712,1.563583,0.0953
5713,1.561571,0.0960
5714,1.562807,0.0979
5715,1.563538,0.0966
5716,1.564802,0.0956
5717,1.564377,0.0962
5718,1.562086,0.0975
5719,1.560716,0.0982
5720,1.562013,0.0961
5721,1.562278,0.0974
5722,1.563905,0.0971
5723,1.565997,0.0968
5724,1.566289,0.0958
5725,1.567927,0.0968
5726,1.566827,0.0968
5727,1.564139,0.0964
5728,1.563964,0.0968
5729,1.563890,0.0975
5730,1.561630,0.0968
5731,1.559284,0.0977
5732,1.558311,0.0964
5733,1.555003,0.0979
5734,1.558586,0.0968
5735,1.557856,0.0964
5736,1.557323,0.0967
5737,1.556279,0.0972
5738,1.558708,0.0959
5739,1.559295,0.0968
5740,1.558080,0.0964
5741,1.560712,0.0961
5742,1.561177,0.0970
5743,1.559398,0.0968
5744,1.556965,0.0979
5745,1.555113,0.0961
5746,1.555435,0.0960
5747,1.556459,0.0974
5748,1.558293,0.0965
5749,1.555561,0.0962
5750,1.556617,0.0959
5751,1.557010,0.0973
5752,1.557884,0.0971
5753,1.559558,0.0961
5754,1.558720,0.0966
5755,1.557866,0.0957
5756,1.553160,0.0958
5757,1.555536,0.0959
5758,1.557959,0.0957
5759,1.559560,0.0961
5760,1.559842,0.0957
5761,1.559593,0.0969
5762,1.560938,0.0955
5763,1.560669,0.0973
5764,1.555974,0.0963
5765,1.560138,0.0972
5766,1.559679,0.0957
5767,1.559084,0.0969
5768,1.557407,0.0958
5769,1.559498,0.0968
5770,1.563043,0.0967
5771,1.564729,0.0975
5772,1.564025,0.0963
5773,1.564647,0.0977
5774,1.561830,0.0959
5775,1.558961,0.0975
5776,1.554914,0.0962
5777,1.555153,0.0958
5778,1.559062,0.0966
5779,1.558305,0.0962
5780,1.558276,0.0966
5781,1.556033,0.0969
5782,1.558336,0.0963
5783,1.559851,0.0982
5784,1.559514,0.0969
5785,1.561271,0.0973
5786,1.557955,0.0963
5787,1.560116,0.0973
5788,1.560583,0.0968
5789,1.561771,0.0964
5790,1.558466,0.0974
5791,1.558418,0.0966
5792,1.560597,0.0955
5793,1.559990,0.0976
5794,1.560894,0.0972
5795,1.563425,0.0970
5796,1.562173,0.0963
5797,1.562925,0.0970
5798,1.561429,0.0976
5799,1.560375,0.0963
5800,1.559394,0.0976
5801,1.558299,0.0972
5802,1.560635,0.0968
5803,1.557955,0.0956
5804,1.561506,0.0960
5805,1.561752,0.0962
5806,1.562736,0.0966
5807,1.567112,0.0966
5808,1.568590,0.0979
5809,1.569600,0.0973
5810,1.567713,0.0957
5811,1.562863,0.0972
5812,1.563167,0.0973
5813,1.560306,0.0970
5814,1.555683,0.0970
5815,1.557716,0.0967
5816,1.556673,0.0956
5817,1.555516,0.0968
5818,1.557341,0.0964
5819,1.558406,0.0979
5820,1.557259,0.0969
5821,1.562162,0.0974
5822,1.563234,0.0967
5823,1.561991,0.0961
5824,1.560064,0.0960
5825,1.559295,0.0962
5826,1.559421,0.0971
5827,1.559986,0.0973
5828,1.560816,0.0958
5829,1.561632,0.0962
5830,1.563016,0.0969
5831,1.559916,0.0953
5832,1.560988,0.0991
5833,1.560892,0.0969
5834,1.556700,0.0955
5835,1.558514,0.0960
5836,1.555612,0.0964
5837,1.557173,0.0964
5838,1.559366,0.0985
5839,1.562622,0.0972
5840,1.560902,0.0964
5841,1.559773,0.0983
5842,1.561046,0.0963
5843,1.558642,0.0967
5844,1.555479,0.0968
5845,1.555912,0.0971
5846,1.557978,0.0960
5847,1.556359,0.0969
5848,1.557137,0.0962
5849,1.556341,0.0963
5850,1.552783,0.0960
5851,1.552541,0.0978
5852,1.559580,0.0974
5853,1.561778,0.0968
5854,1.559555,0.0955
5855,1.557551,0.0967
5856,1.561605,0.0955
5857,1.564558,0.0961
5858,1.564828,0.0974
5859,1.564009,0.0993
5860,1.560894,0.0971
5861,1.559914,0.0964
5862,1.558246,0.0960
5863,1.560630,0.0966
5864,1.559754,0.0976
5865,1.560795,0.0954
5866,1.561191,0.0962
5867,1.561356,0.0972
5868,1.560107,0.0976
5869,1.559067,0.0969
5870,1.559151,0.0962
5871,1.561494,0.0977
5872,1.560629,0.0977
5873,1.560276,0.0965
5874,1.556654,0.0967
5875,1.555053,0.0961
5876,1.557170,0.0957
5877,1.557139,0.0951
5878,1.557459,0.0962
5879,1.559628,0.0973
5880,1.559615,0.0956
5881,1.560706,0.0963
5882,1.559753,0.0973
5883,1.561434,0.0960
5884,1.564454,0.0955
5885,1.563606,0.0964
5886,1.561768,0.0959
5887,1.562311,0.0968
5888,1.563530,0.0987
5889,1.562674,0.0966
5890,1.563343,0.0965
5891,1.561871,0.0971
5892,1.561192,0.0983
5893,1.561690,0.0982
5894,1.560361,0.0965
5895,1.563007,0.0983
5896,1.565323,0.0968
5897,1.565772,0.0968
5898,1.565608,0.0966
5899,1.562137,0.0964
5900,1.563859,0.0988
5901,1.564537,0.0972
5902,1.562645,0.0975
5903,1.560823,0.0961
5904,1.559799,0.0962
5905,1.558974,0.0977
5906,1.556897,0.0966
5907,1.558878,0.0968
5908,1.558600,0.0960
5909,1.556386,0.0963
5910,1.554166,0.0963
5911,1.552450,0.0962
5912,1.557299,0.0959
5913,1.556833,0.0964
5914,1.558519,0.0960
5915,1.557772,0.0965
5916,1.557517,0.0964
5917,1.556159,0.0972
5918,1.558724,0.0958
5919,1.559440,0.0968
5920,1.559740,0.0973
5921,1.557579,0.0960
5922,1.556316,0.0965
5923,1.555929,0.0958
5924,1.553971,0.0973
5925,1.552903,0.0969
5926,1.554259,0.0968
5927,1.556181,0.0964
5928,1.555641,0.0958
5929,1.554785,0.0970
5930,1.552811,0.0971
5931,1.555203,0.0966
5932,1.557211,0.0976
5933,1.556871,0.0973
5934,1.557865,0.0966
5935,1.556394,0.0966
5936,1.561344,0.0968
5937,1.564838,0.0973
5938,1.562724,0.0984
5939,1.560762,0.0966
5940,1.558869,0.0968
5941,1.560563,0.0968
5942,1.559809,0.0979
5943,1.556676,0.0962
5944,1.556446,0.0970
5945,1.553052,0.0977
5946,1.552141,0.0977
5947,1.551188,0.0967
5948,1.553738,0.0968
5949,1.553602,0.0955
5950,1.550297,0.0975
5951,1.550302,0.0969
5952,1.553214,0.0967
5953,1.555500,0.0964
5954,1.555740,0.0962
5955,1.552696,0.0972
5956,1.553220,0.0957
5957,1.554256,0.0968
5958,1.553910,0.0968
5959,1.551066,0.0969
5960,1.552169,0.0974
5961,1.547642,0.0966
5962,1.548753,0.0980
5963,1.552610,0.0966
5964,1.551293,0.0966
5965,1.552580,0.0971
5966,1.554135,0.0968
5967,1.554034,0.0959
5968,1.555618,0.0978
5969,1.554723,0.0969
5970,1.554221,0.0960
5971,1.550837,0.0991
5972,1.552059,0.0956
5973,1.553739,0.0968
5974,1.552717,0.0972
5975,1.548630,0.0964
5976,1.551579,0.0972
5977,1.553387,0.0978
5978,1.554603,0.0973
5979,1.555710,0.0975
5980,1.555964,0.0974
5981,1.553410,0.0973
5982,1.551385,0.0973
5983,1.551933,0.0955
5984,1.552525,0.0973
5985,1.552045,0.0963
5986,1.548441,0.0976
5987,1.547687,0.0975
5988,1.551641,0.0970
5989,1.550143,0.0958
5990,1.546772,0.0997
5991,1.550016,0.0980
5992,1.551968,0.0973
5993,1.552580,0.0961
5994,1.552800,0.0973
5995,1.550711,0.0965
5996,1.551062,0.0977
5997,1.552498,0.0966
5998,1.554852,0.0974
5999,1.552462,0.0966
6000,1.556822,0.0965
