epoch,loss,tiempo_s
1,9.641626,0.2784
2,5.880048,0.0108
3,5.363862,0.0098
4,5.114834,0.0103
5,4.949568,0.0107
6,4.822937,0.0109
7,4.719849,0.0113
8,4.632292,0.0117
9,4.552879,0.0116
10,4.482674,0.0118
11,4.419073,0.0122
12,4.361881,0.0122
13,4.307403,0.0121
14,4.255677,0.0120
15,4.207804,0.0120
16,4.162122,0.0117
17,4.119716,0.0121
18,4.076913,0.0120
19,4.038450,0.0120
20,4.001010,0.0119
21,3.964318,0.0118
22,3.929095,0.0116
23,3.894827,0.0120
24,3.862073,0.0121
25,3.831437,0.0120
26,3.801512,0.0121
27,3.771284,0.0119
28,3.742231,0.0114
29,3.713635,0.0116
30,3.686472,0.0120
31,3.659103,0.0120
32,3.632246,0.0120
33,3.607532,0.0120
34,3.581629,0.0114
35,3.558815,0.0115
36,3.535693,0.0116
37,3.513451,0.0120
38,3.491929,0.0120
39,3.470783,0.0119
40,3.449659,0.0118
41,3.429869,0.0115
42,3.409844,0.0115
43,3.391863,0.0120
44,3.371867,0.0120
45,3.352383,0.0120
46,3.333936,0.0120
47,3.316383,0.0118
48,3.298461,0.0114
49,3.281190,0.0117
50,3.263595,0.0119
51,3.246152,0.0120
52,3.228978,0.0120
53,3.212607,0.0119
54,3.195100,0.0115
55,3.178684,0.0115
56,3.162553,0.0119
57,3.146122,0.0120
58,3.129653,0.0120
59,3.113346,0.0119
60,3.097379,0.0115
61,3.082629,0.0116
62,3.066876,0.0120
63,3.051977,0.0120
64,3.036489,0.0120
65,3.021951,0.0120
66,3.007319,0.0119
67,2.992102,0.0115
68,2.977785,0.0119
69,2.962895,0.0120
70,2.948013,0.0120
71,2.933057,0.0119
72,2.919754,0.0114
73,2.905958,0.0114
74,2.890640,0.0116
75,2.876473,0.0120
76,2.862605,0.0120
77,2.848753,0.0120
78,2.834323,0.0119
79,2.820673,0.0114
80,2.806703,0.0116
81,2.792047,0.0120
82,2.777356,0.0120
83,2.762804,0.0120
84,2.749120,0.0118
85,2.734082,0.0115
86,2.719892,0.0115
87,2.706704,0.0115
88,2.693215,0.0120
89,2.679688,0.0120
90,2.666289,0.0120
91,2.651961,0.0129
92,2.637730,0.0112
93,2.624340,0.0113
94,2.610478,0.0119
95,2.596393,0.0120
96,2.582456,0.0120
97,2.568178,0.0120
98,2.553643,0.0119
99,2.539932,0.0115
100,2.525274,0.0117
101,2.511019,0.0119
102,2.498195,0.0120
103,2.483517,0.0120
104,2.469642,0.0119
105,2.456777,0.0115
106,2.442989,0.0116
107,2.430067,0.0119
108,2.416588,0.0120
109,2.402786,0.0120
110,2.389149,0.0119
111,2.375476,0.0115
112,2.362263,0.0116
113,2.349760,0.0108
114,2.336120,0.0099
115,2.322206,0.0100
116,2.308868,0.0104
117,2.294675,0.0107
118,2.281436,0.0112
119,2.267505,0.0117
120,2.254439,0.0120
121,2.242383,0.0119
122,2.229591,0.0115
123,2.217319,0.0162
124,2.205510,0.0119
125,2.192234,0.0120
126,2.178933,0.0115
127,2.166028,0.0115
128,2.152965,0.0116
129,2.138425,0.0120
130,2.126363,0.0120
131,2.112962,0.0120
132,2.100319,0.0120
133,2.088239,0.0119
134,2.075675,0.0114
135,2.062084,0.0116
136,2.049557,0.0120
137,2.036375,0.0120
138,2.023972,0.0120
139,2.010846,0.0119
140,1.997839,0.0115
141,1.985293,0.0117
142,1.973144,0.0120
143,1.960474,0.0120
144,1.947679,0.0120
145,1.934862,0.0119
146,1.922935,0.0115
147,1.911688,0.0115
148,1.900183,0.0116
149,1.888632,0.0120
150,1.876123,0.0120
151,1.866019,0.0120
152,1.855172,0.0119
153,1.844034,0.0115
154,1.832823,0.0116
155,1.822373,0.0120
156,1.812149,0.0120
157,1.801547,0.0120
158,1.790990,0.0121
159,1.780883,0.0119
160,1.770450,0.0115
161,1.760357,0.0118
162,1.750250,0.0121
163,1.739975,0.0121
164,1.729758,0.0120
165,1.720144,0.0119
166,1.710338,0.0115
167,1.701004,0.0117
168,1.691751,0.0120
169,1.681957,0.0121
170,1.672045,0.0121
171,1.663113,0.0120
172,1.653787,0.0115
173,1.644976,0.0117
174,1.634918,0.0120
175,1.625509,0.0120
176,1.616438,0.0121
177,1.608254,0.0120
178,1.599899,0.0115
179,1.590762,0.0117
180,1.580471,0.0121
181,1.571213,0.0120
182,1.562829,0.0120
183,1.554690,0.0120
184,1.546879,0.0115
185,1.537657,0.0115
186,1.529119,0.0117
187,1.520993,0.0121
188,1.513604,0.0120
189,1.506687,0.0120
190,1.499855,0.0116
191,1.492805,0.0116
192,1.485791,0.0117
193,1.478482,0.0121
194,1.470946,0.0121
195,1.463248,0.0119
196,1.456607,0.0115
197,1.449678,0.0115
198,1.442038,0.0116
199,1.435395,0.0121
200,1.428813,0.0107
201,1.421818,0.0121
202,1.415705,0.0120
203,1.409983,0.0120
204,1.405008,0.0115
205,1.398462,0.0117
206,1.391745,0.0121
207,1.386271,0.0121
208,1.380308,0.0121
209,1.373902,0.0119
210,1.367472,0.0115
211,1.361698,0.0116
212,1.355897,0.0120
213,1.349780,0.0120
214,1.343944,0.0121
215,1.337457,0.0119
216,1.332014,0.0115
217,1.327507,0.0116
218,1.322020,0.0120
219,1.316616,0.0120
220,1.310583,0.0162
221,1.304699,0.0127
222,1.298500,0.0121
223,1.293740,0.0121
224,1.290615,0.0120
225,1.287046,0.0115
226,1.282587,0.0115
227,1.277462,0.0117
228,1.271291,0.0120
229,1.266145,0.0121
230,1.261491,0.0119
231,1.257367,0.0115
232,1.253151,0.0116
233,1.250170,0.0117
234,1.245741,0.0121
235,1.239681,0.0120
236,1.235048,0.0120
237,1.230576,0.0119
238,1.226147,0.0115
239,1.220779,0.0117
240,1.214564,0.0121
241,1.208525,0.0121
242,1.203832,0.0120
243,1.199095,0.0121
244,1.193940,0.0120
245,1.189260,0.0116
246,1.185284,0.0122
247,1.181738,0.0121
248,1.178699,0.0120
249,1.176088,0.0120
250,1.173480,0.0115
251,1.169605,0.0115
252,1.165999,0.0118
253,1.162819,0.0121
254,1.160331,0.0121
255,1.158167,0.0120
256,1.156631,0.0116
257,1.154120,0.0116
258,1.150777,0.0116
259,1.147184,0.0121
260,1.143444,0.0121
261,1.139327,0.0120
262,1.135290,0.0120
263,1.131255,0.0116
264,1.126742,0.0117
265,1.121427,0.0121
266,1.116721,0.0121
267,1.111742,0.0121
268,1.106824,0.0120
269,1.103471,0.0116
270,1.099372,0.0117
271,1.095090,0.0121
272,1.090984,0.0121
273,1.087308,0.0121
274,1.082119,0.0115
275,1.077001,0.0104
276,1.071593,0.0121
277,1.066591,0.0121
278,1.061861,0.0121
279,1.058378,0.0121
280,1.056024,0.0121
281,1.055358,0.0120
282,1.056303,0.0116
283,1.057472,0.0117
284,1.057904,0.0121
285,1.056950,0.0121
286,1.054200,0.0121
287,1.051359,0.0115
288,1.048565,0.0099
289,1.045158,0.0100
290,1.040430,0.0104
291,1.033788,0.0107
292,1.029261,0.0110
293,1.024580,0.0112
294,1.022090,0.0112
295,1.019877,0.0116
296,1.015240,0.0121
297,1.011150,0.0121
298,1.005958,0.0120
299,1.002142,0.0116
300,0.998236,0.0115
301,0.993913,0.0124
302,0.988416,0.0120
303,0.983282,0.0108
304,0.978833,0.0100
305,0.974672,0.0099
306,0.969557,0.0099
307,0.965270,0.0110
308,0.960355,0.0112
309,0.956352,0.0113
310,0.954655,0.0113
311,0.952500,0.0119
312,0.949544,0.0121
313,0.946086,0.0121
314,0.943226,0.0120
315,0.940414,0.0116
316,0.936550,0.0117
317,0.932296,0.0117
318,0.928241,0.0121
319,0.925632,0.0121
320,0.923593,0.0122
321,0.921711,0.0120
322,0.919134,0.0116
323,0.916737,0.0117
324,0.915195,0.0122
325,0.913771,0.0121
326,0.910756,0.0121
327,0.906636,0.0120
328,0.902397,0.0116
329,0.897823,0.0120
330,0.893032,0.0122
331,0.889295,0.0121
332,0.886420,0.0120
333,0.883214,0.0116
334,0.880123,0.0117
335,0.877076,0.0119
336,0.875110,0.0122
337,0.871265,0.0121
338,0.866930,0.0121
339,0.862953,0.0120
340,0.859978,0.0116
341,0.857015,0.0119
342,0.851454,0.0121
343,0.847969,0.0122
344,0.845042,0.0121
345,0.844631,0.0117
346,0.842549,0.0116
347,0.838726,0.0118
348,0.834360,0.0121
349,0.830752,0.0122
350,0.828674,0.0120
351,0.826912,0.0117
352,0.826490,0.0117
353,0.826641,0.0119
354,0.825353,0.0121
355,0.824120,0.0122
356,0.823254,0.0121
357,0.822545,0.0116
358,0.818808,0.0117
359,0.814780,0.0106
360,0.811924,0.0099
361,0.810526,0.0099
362,0.808234,0.0091
363,0.806679,0.0091
364,0.803657,0.0090
365,0.802268,0.0092
366,0.800927,0.0095
367,0.798892,0.0103
368,0.796526,0.0106
369,0.791336,0.0108
370,0.790199,0.0110
371,0.789451,0.0113
372,0.787842,0.0112
373,0.784688,0.0114
374,0.781690,0.0118
375,0.780299,0.0122
376,0.780347,0.0122
377,0.779505,0.0121
378,0.776841,0.0116
379,0.773669,0.0117
380,0.770331,0.0118
381,0.767094,0.0122
382,0.767086,0.0122
383,0.765759,0.0121
384,0.761584,0.0117
385,0.758435,0.0117
386,0.757415,0.0119
387,0.758221,0.0122
388,0.759700,0.0122
389,0.759779,0.0121
390,0.757657,0.0118
391,0.753073,0.0118
392,0.747305,0.0122
393,0.741717,0.0122
394,0.737543,0.0122
395,0.734811,0.0121
396,0.732099,0.0117
397,0.727467,0.0118
398,0.724366,0.0122
399,0.722737,0.0122
400,0.718915,0.0122
401,0.713261,0.0123
402,0.710091,0.0117
403,0.710688,0.0119
404,0.712076,0.0122
405,0.710264,0.0123
406,0.707583,0.0122
407,0.705789,0.0117
408,0.704331,0.0117
409,0.700350,0.0119
410,0.697853,0.0123
411,0.693808,0.0122
412,0.690068,0.0121
413,0.686325,0.0118
414,0.684089,0.0117
415,0.681959,0.0119
416,0.679764,0.0122
417,0.677348,0.0123
418,0.673970,0.0121
419,0.669434,0.0117
420,0.664989,0.0117
421,0.662083,0.0119
422,0.661333,0.0122
423,0.659482,0.0122
424,0.655479,0.0121
425,0.653972,0.0117
426,0.652167,0.0118
427,0.648416,0.0122
428,0.644474,0.0122
429,0.642097,0.0123
430,0.639103,0.0121
431,0.637747,0.0117
432,0.637381,0.0119
433,0.642031,0.0122
434,0.649345,0.0122
435,0.652927,0.0121
436,0.651522,0.0116
437,0.648443,0.0117
438,0.644073,0.0119
439,0.639237,0.0123
440,0.634260,0.0122
441,0.628398,0.0121
442,0.622449,0.0117
443,0.618196,0.0117
444,0.615967,0.0119
445,0.615533,0.0123
446,0.615013,0.0123
447,0.614150,0.0121
448,0.612571,0.0117
449,0.611542,0.0117
450,0.607095,0.0120
451,0.604560,0.0123
452,0.603231,0.0123
453,0.600477,0.0121
454,0.597737,0.0117
455,0.595696,0.0119
456,0.594507,0.0123
457,0.592845,0.0123
458,0.592738,0.0121
459,0.592340,0.0117
460,0.591614,0.0116
461,0.590657,0.0115
462,0.589172,0.0119
463,0.588077,0.0122
464,0.584642,0.0123
465,0.579648,0.0122
466,0.578514,0.0117
467,0.576715,0.0120
468,0.573491,0.0122
469,0.569197,0.0123
470,0.565457,0.0121
471,0.562600,0.0117
472,0.561034,0.0118
473,0.558460,0.0120
474,0.555986,0.0149
475,0.553549,0.0124
476,0.550595,0.0117
477,0.548464,0.0119
478,0.545005,0.0123
479,0.542559,0.0122
480,0.541035,0.0121
481,0.540939,0.0118
482,0.539960,0.0117
483,0.538688,0.0119
484,0.537647,0.0123
485,0.534617,0.0123
486,0.532955,0.0122
487,0.531053,0.0117
488,0.531637,0.0119
489,0.530631,0.0123
490,0.528493,0.0123
491,0.531633,0.0122
492,0.529506,0.0117
493,0.524820,0.0118
494,0.521135,0.0119
495,0.518505,0.0123
496,0.518444,0.0123
497,0.518037,0.0122
498,0.518262,0.0117
499,0.519007,0.0117
500,0.520718,0.0120
501,0.521989,0.0123
502,0.520291,0.0123
503,0.517703,0.0122
504,0.518752,0.0118
505,0.520669,0.0118
506,0.521359,0.0120
507,0.520035,0.0123
508,0.516755,0.0123
509,0.511433,0.0121
510,0.507010,0.0118
511,0.505488,0.0120
512,0.499921,0.0123
513,0.495870,0.0124
514,0.495233,0.0122
515,0.491981,0.0118
516,0.489898,0.0118
517,0.490319,0.0120
518,0.494150,0.0124
519,0.501078,0.0124
520,0.507563,0.0122
521,0.508473,0.0118
522,0.509417,0.0119
523,0.508568,0.0123
524,0.504977,0.0123
525,0.499939,0.0122
526,0.497133,0.0118
527,0.492273,0.0118
528,0.485089,0.0120
529,0.479149,0.0124
530,0.475571,0.0123
531,0.473433,0.0122
532,0.470907,0.0118
533,0.466780,0.0119
534,0.465473,0.0123
535,0.465753,0.0123
536,0.464559,0.0123
537,0.462159,0.0118
538,0.458746,0.0117
539,0.458046,0.0121
540,0.457211,0.0124
541,0.458384,0.0122
542,0.460087,0.0118
543,0.463458,0.0118
544,0.461283,0.0120
545,0.457721,0.0124
546,0.454815,0.0123
547,0.451946,0.0123
548,0.448614,0.0118
549,0.446769,0.0117
550,0.447406,0.0119
551,0.453597,0.0123
552,0.457883,0.0123
553,0.457823,0.0123
554,0.454578,0.0118
555,0.449905,0.0116
556,0.444586,0.0124
557,0.441332,0.0124
558,0.439458,0.0123
559,0.438770,0.0118
560,0.433699,0.0118
561,0.431794,0.0120
562,0.431010,0.0124
563,0.429939,0.0123
564,0.429873,0.0122
565,0.426028,0.0118
566,0.423457,0.0115
567,0.422569,0.0109
568,0.421812,0.0104
569,0.421146,0.0109
570,0.418409,0.0113
571,0.414584,0.0117
572,0.413017,0.0123
573,0.413764,0.0123
574,0.414341,0.0118
575,0.416754,0.0117
576,0.420543,0.0121
577,0.424409,0.0124
578,0.427813,0.0124
579,0.430217,0.0123
580,0.431589,0.0118
581,0.428938,0.0121
582,0.427767,0.0124
583,0.425876,0.0125
584,0.423703,0.0123
585,0.419845,0.0118
586,0.417329,0.0116
587,0.416871,0.0121
588,0.415371,0.0124
589,0.413923,0.0124
590,0.411998,0.0123
591,0.409122,0.0119
592,0.405887,0.0120
593,0.405129,0.0125
594,0.401334,0.0124
595,0.402978,0.0123
596,0.409520,0.0119
597,0.412269,0.0121
598,0.407049,0.0124
599,0.397641,0.0125
600,0.389954,0.0123
601,0.383448,0.0115
602,0.380654,0.0117
603,0.380202,0.0124
604,0.378029,0.0123
605,0.378579,0.0118
606,0.380208,0.0116
607,0.380065,0.0121
608,0.379810,0.0125
609,0.379291,0.0124
610,0.376409,0.0123
611,0.375218,0.0119
612,0.374018,0.0121
613,0.373118,0.0125
614,0.372753,0.0124
615,0.372862,0.0124
616,0.375112,0.0119
617,0.380287,0.0121
618,0.382355,0.0124
619,0.378666,0.0124
620,0.373787,0.0123
621,0.370744,0.0119
622,0.371703,0.0121
623,0.375218,0.0124
624,0.376621,0.0125
625,0.373360,0.0123
626,0.368733,0.0119
627,0.366048,0.0122
628,0.366163,0.0124
629,0.368945,0.0124
630,0.371334,0.0123
631,0.373388,0.0119
632,0.373876,0.0122
633,0.372170,0.0125
634,0.368326,0.0124
635,0.363953,0.0124
636,0.361832,0.0119
637,0.361470,0.0121
638,0.359124,0.0124
639,0.356924,0.0125
640,0.353149,0.0124
641,0.353692,0.0120
642,0.355452,0.0121
643,0.354690,0.0125
644,0.352806,0.0124
645,0.350225,0.0119
646,0.347133,0.0115
647,0.346364,0.0117
648,0.346605,0.0122
649,0.347247,0.0125
650,0.348774,0.0124
651,0.348818,0.0119
652,0.350423,0.0116
653,0.359824,0.0122
654,0.365659,0.0125
655,0.360471,0.0124
656,0.351953,0.0119
657,0.348391,0.0117
658,0.348664,0.0121
659,0.347886,0.0125
660,0.349927,0.0125
661,0.346543,0.0124
662,0.341918,0.0120
663,0.337084,0.0122
664,0.336117,0.0125
665,0.337961,0.0125
666,0.341491,0.0124
667,0.347071,0.0119
668,0.349718,0.0121
669,0.349760,0.0125
670,0.348501,0.0125
671,0.349146,0.0125
672,0.349440,0.0120
673,0.351162,0.0122
674,0.354875,0.0126
675,0.354982,0.0125
676,0.352735,0.0124
677,0.346762,0.0121
678,0.339210,0.0122
679,0.334372,0.0125
680,0.330149,0.0124
681,0.327524,0.0119
682,0.326098,0.0117
683,0.325786,0.0122
684,0.325575,0.0125
685,0.326600,0.0124
686,0.327623,0.0119
687,0.324966,0.0116
688,0.322508,0.0120
689,0.321620,0.0126
690,0.319813,0.0126
691,0.317165,0.0124
692,0.316011,0.0119
693,0.317615,0.0144
694,0.318743,0.0126
695,0.320909,0.0125
696,0.321851,0.0119
697,0.323642,0.0121
698,0.322039,0.0126
699,0.319837,0.0126
700,0.320026,0.0124
701,0.319305,0.0120
702,0.315332,0.0120
703,0.310561,0.0126
704,0.309731,0.0126
705,0.311427,0.0125
706,0.312537,0.0119
707,0.311296,0.0118
708,0.309007,0.0124
709,0.305558,0.0126
710,0.303015,0.0125
711,0.296568,0.0120
712,0.293738,0.0117
713,0.293339,0.0123
714,0.298041,0.0126
715,0.298941,0.0125
716,0.293371,0.0119
717,0.288573,0.0118
718,0.287856,0.0123
719,0.288551,0.0126
720,0.289336,0.0124
721,0.287031,0.0120
722,0.284789,0.0116
723,0.284665,0.0121
724,0.283745,0.0126
725,0.285929,0.0126
726,0.290696,0.0125
727,0.292074,0.0120
728,0.293556,0.0122
729,0.291540,0.0126
730,0.288930,0.0125
731,0.287952,0.0120
732,0.287524,0.0117
733,0.285428,0.0122
734,0.282798,0.0112
735,0.279829,0.0104
736,0.283492,0.0105
737,0.289370,0.0107
738,0.296214,0.0111
739,0.305137,0.0114
740,0.313012,0.0114
741,0.316325,0.0115
742,0.313432,0.0114
743,0.307752,0.0115
744,0.301374,0.0121
745,0.294869,0.0128
746,0.288200,0.0125
747,0.285694,0.0120
748,0.286812,0.0117
749,0.291026,0.0120
750,0.295243,0.0127
751,0.297271,0.0127
752,0.294540,0.0126
753,0.292471,0.0122
754,0.288443,0.0123
755,0.284566,0.0127
756,0.280393,0.0125
757,0.280110,0.0120
758,0.283982,0.0119
759,0.288285,0.0124
760,0.291822,0.0127
761,0.298413,0.0127
762,0.302387,0.0120
763,0.307122,0.0119
764,0.309614,0.0123
765,0.308251,0.0128
766,0.301209,0.0126
767,0.290363,0.0122
768,0.283768,0.0124
769,0.283770,0.0127
770,0.285681,0.0126
771,0.286071,0.0121
772,0.284128,0.0118
773,0.284264,0.0124
774,0.279771,0.0127
775,0.272437,0.0126
776,0.270623,0.0121
777,0.272153,0.0118
778,0.270167,0.0119
779,0.266695,0.0126
780,0.264115,0.0127
781,0.262919,0.0126
782,0.264197,0.0121
783,0.268421,0.0124
784,0.269679,0.0127
785,0.268604,0.0126
786,0.263156,0.0121
787,0.260272,0.0122
788,0.253620,0.0123
789,0.250238,0.0127
790,0.248155,0.0126
791,0.245889,0.0121
792,0.251330,0.0118
793,0.260706,0.0125
794,0.266955,0.0127
795,0.272855,0.0126
796,0.278055,0.0121
797,0.272514,0.0120
798,0.267536,0.0124
799,0.262627,0.0127
800,0.260093,0.0126
801,0.265612,0.0122
802,0.263445,0.0122
803,0.254433,0.0127
804,0.258280,0.0128
805,0.270843,0.0126
806,0.276775,0.0120
807,0.274608,0.0126
808,0.267097,0.0127
809,0.259339,0.0127
810,0.252557,0.0122
811,0.253567,0.0124
812,0.258645,0.0128
813,0.263265,0.0126
814,0.268608,0.0121
815,0.270562,0.0122
816,0.264290,0.0128
817,0.257331,0.0126
818,0.250029,0.0121
819,0.248136,0.0118
820,0.250759,0.0119
821,0.255228,0.0125
822,0.252881,0.0128
823,0.254007,0.0127
824,0.258382,0.0122
825,0.263891,0.0124
826,0.268635,0.0127
827,0.278019,0.0127
828,0.285896,0.0122
829,0.289897,0.0119
830,0.293287,0.0125
831,0.291957,0.0128
832,0.280372,0.0126
833,0.269407,0.0122
834,0.262444,0.0120
835,0.261923,0.0126
836,0.263705,0.0128
837,0.263987,0.0126
838,0.262673,0.0120
839,0.258848,0.0125
840,0.255601,0.0128
841,0.249614,0.0127
842,0.243947,0.0122
843,0.240679,0.0119
844,0.238142,0.0125
845,0.237153,0.0128
846,0.236780,0.0127
847,0.237391,0.0122
848,0.237984,0.0122
849,0.237679,0.0128
850,0.238730,0.0127
851,0.241325,0.0121
852,0.244504,0.0119
853,0.246075,0.0123
854,0.241421,0.0128
855,0.240479,0.0127
856,0.245599,0.0121
857,0.252786,0.0118
858,0.256691,0.0121
859,0.260242,0.0127
860,0.256042,0.0128
861,0.252721,0.0128
862,0.253189,0.0123
863,0.251950,0.0126
864,0.259763,0.0129
865,0.265933,0.0127
866,0.260296,0.0122
867,0.255561,0.0122
868,0.256353,0.0128
869,0.250734,0.0128
870,0.246507,0.0127
871,0.245127,0.0119
872,0.241667,0.0123
873,0.233784,0.0128
874,0.231219,0.0127
875,0.235388,0.0122
876,0.230739,0.0121
877,0.229750,0.0126
878,0.242975,0.0129
879,0.253484,0.0125
880,0.265648,0.0115
881,0.270562,0.0116
882,0.269904,0.0119
883,0.265699,0.0127
884,0.258213,0.0127
885,0.249207,0.0122
886,0.242413,0.0120
887,0.236800,0.0141
888,0.234300,0.0135
889,0.233348,0.0119
890,0.237327,0.0118
891,0.243766,0.0126
892,0.247073,0.0128
893,0.246635,0.0128
894,0.246659,0.0123
895,0.242434,0.0123
896,0.240194,0.0129
897,0.237115,0.0128
898,0.235443,0.0123
899,0.236501,0.0121
900,0.238263,0.0125
901,0.239056,0.0124
902,0.248390,0.0119
903,0.265869,0.0120
904,0.279741,0.0128
905,0.288374,0.0129
906,0.296234,0.0127
907,0.302764,0.0119
908,0.305564,0.0124
909,0.302141,0.0129
910,0.293124,0.0128
911,0.276129,0.0123
912,0.262260,0.0121
913,0.250134,0.0127
914,0.242142,0.0129
915,0.238979,0.0127
916,0.235478,0.0121
917,0.234633,0.0126
918,0.234793,0.0129
919,0.233776,0.0128
920,0.233858,0.0120
921,0.233524,0.0122
922,0.234183,0.0128
923,0.232067,0.0129
924,0.232020,0.0123
925,0.227310,0.0120
926,0.222866,0.0122
927,0.218595,0.0128
928,0.219297,0.0128
929,0.219522,0.0123
930,0.224145,0.0122
931,0.226547,0.0127
932,0.227962,0.0130
933,0.232345,0.0127
934,0.233394,0.0120
935,0.233985,0.0122
936,0.234807,0.0128
937,0.236014,0.0128
938,0.236069,0.0123
939,0.235173,0.0121
940,0.233716,0.0127
941,0.229673,0.0129
942,0.224130,0.0127
943,0.219632,0.0120
944,0.218114,0.0122
945,0.217968,0.0129
946,0.217994,0.0128
947,0.214792,0.0120
948,0.209734,0.0119
949,0.214635,0.0122
950,0.222212,0.0129
951,0.223693,0.0129
952,0.225498,0.0124
953,0.226594,0.0122
954,0.228857,0.0128
955,0.228679,0.0129
956,0.227804,0.0123
957,0.225280,0.0121
958,0.225861,0.0125
959,0.227334,0.0130
960,0.227084,0.0128
961,0.226044,0.0121
962,0.224663,0.0121
963,0.221675,0.0128
964,0.218299,0.0129
965,0.215903,0.0124
966,0.212508,0.0121
967,0.213517,0.0125
968,0.211649,0.0131
969,0.213076,0.0128
970,0.217001,0.0122
971,0.217785,0.0125
972,0.220454,0.0131
973,0.226469,0.0129
974,0.222958,0.0122
975,0.218095,0.0121
976,0.214924,0.0130
977,0.214210,0.0129
978,0.219813,0.0125
979,0.224801,0.0122
980,0.221677,0.0128
981,0.216118,0.0130
982,0.214822,0.0129
983,0.215224,0.0122
984,0.214649,0.0125
985,0.214554,0.0130
986,0.220099,0.0130
987,0.224784,0.0125
988,0.226064,0.0125
989,0.224876,0.0130
990,0.222951,0.0130
991,0.218576,0.0125
992,0.218580,0.0123
993,0.219195,0.0129
994,0.216865,0.0130
995,0.212715,0.0125
996,0.210748,0.0122
997,0.212211,0.0125
998,0.211137,0.0131
999,0.209949,0.0130
1000,0.211151,0.0123
1001,0.212197,0.0126
1002,0.215328,0.0131
1003,0.219104,0.0130
1004,0.228742,0.0123
1005,0.247176,0.0127
1006,0.265122,0.0131
1007,0.274463,0.0130
1008,0.274370,0.0123
1009,0.262136,0.0127
1010,0.244805,0.0131
1011,0.233459,0.0130
1012,0.225587,0.0123
1013,0.221543,0.0127
1014,0.217149,0.0131
1015,0.212676,0.0131
1016,0.212295,0.0124
1017,0.215190,0.0129
1018,0.217017,0.0131
1019,0.218838,0.0127
1020,0.217125,0.0125
1021,0.214010,0.0131
1022,0.210684,0.0131
1023,0.206579,0.0123
1024,0.202590,0.0116
1025,0.202489,0.0117
1026,0.200632,0.0120
1027,0.200771,0.0124
1028,0.208441,0.0124
1029,0.223974,0.0122
1030,0.241831,0.0123
1031,0.254285,0.0130
1032,0.255809,0.0132
1033,0.243636,0.0127
1034,0.229868,0.0125
1035,0.219911,0.0131
1036,0.216376,0.0132
1037,0.218514,0.0128
1038,0.219640,0.0127
1039,0.219971,0.0132
1040,0.217101,0.0132
1041,0.214644,0.0125
1042,0.215936,0.0124
1043,0.216460,0.0131
1044,0.224293,0.0132
1045,0.229444,0.0125
1046,0.232057,0.0124
1047,0.232769,0.0126
1048,0.231135,0.0131
1049,0.226276,0.0128
1050,0.220376,0.0126
1051,0.214724,0.0132
1052,0.214271,0.0132
1053,0.212727,0.0128
1054,0.210744,0.0126
1055,0.210143,0.0132
1056,0.210563,0.0132
1057,0.209265,0.0125
1058,0.206855,0.0125
1059,0.215471,0.0132
1060,0.216643,0.0133
1061,0.219826,0.0126
1062,0.222827,0.0125
1063,0.222916,0.0132
1064,0.219283,0.0133
1065,0.213874,0.0125
1066,0.212068,0.0125
1067,0.206264,0.0132
1068,0.201537,0.0140
1069,0.200074,0.0127
1070,0.197040,0.0130
1071,0.194931,0.0133
1072,0.192602,0.0134
1073,0.193992,0.0127
1074,0.205480,0.0133
1075,0.206619,0.0133
1076,0.206501,0.0126
1077,0.205920,0.0125
1078,0.203342,0.0133
1079,0.196618,0.0134
1080,0.195327,0.0126
1081,0.192863,0.0125
1082,0.192343,0.0133
1083,0.195660,0.0134
1084,0.198443,0.0127
1085,0.196769,0.0131
1086,0.195133,0.0133
1087,0.194597,0.0130
1088,0.206178,0.0125
1089,0.220903,0.0129
1090,0.231470,0.0134
1091,0.237204,0.0130
1092,0.233599,0.0126
1093,0.231113,0.0129
1094,0.220956,0.0134
1095,0.209787,0.0127
1096,0.205292,0.0126
1097,0.200700,0.0134
1098,0.198347,0.0134
1099,0.202207,0.0127
1100,0.209531,0.0132
1101,0.213261,0.0135
1102,0.215111,0.0130
1103,0.214495,0.0125
1104,0.215008,0.0130
1105,0.213121,0.0135
1106,0.210863,0.0130
1107,0.207410,0.0127
1108,0.210098,0.0134
1109,0.214950,0.0135
1110,0.213763,0.0128
1111,0.213733,0.0127
1112,0.212122,0.0135
1113,0.210371,0.0135
1114,0.205792,0.0128
1115,0.202112,0.0134
1116,0.201463,0.0135
1117,0.200894,0.0128
1118,0.198995,0.0132
1119,0.201718,0.0135
1120,0.204242,0.0131
1121,0.201960,0.0127
1122,0.199975,0.0135
1123,0.193872,0.0135
1124,0.193054,0.0128
1125,0.192678,0.0134
1126,0.191045,0.0136
1127,0.189593,0.0128
1128,0.191483,0.0128
1129,0.190809,0.0135
1130,0.188210,0.0136
1131,0.187132,0.0129
1132,0.185048,0.0136
1133,0.185063,0.0136
1134,0.194021,0.0129
1135,0.210233,0.0128
1136,0.212430,0.0136
1137,0.212279,0.0136
1138,0.208434,0.0130
1139,0.199921,0.0135
1140,0.194634,0.0136
1141,0.195000,0.0128
1142,0.196442,0.0132
1143,0.196723,0.0136
1144,0.198643,0.0129
1145,0.203061,0.0128
1146,0.203940,0.0136
1147,0.202624,0.0137
1148,0.200153,0.0130
1149,0.199917,0.0136
1150,0.198423,0.0137
1151,0.197811,0.0130
1152,0.195624,0.0134
1153,0.191750,0.0137
1154,0.188533,0.0130
1155,0.187015,0.0131
1156,0.186938,0.0137
1157,0.186128,0.0134
1158,0.186901,0.0129
1159,0.185391,0.0137
1160,0.187921,0.0139
1161,0.191181,0.0131
1162,0.193470,0.0138
1163,0.190564,0.0139
1164,0.188652,0.0132
1165,0.189756,0.0139
1166,0.201897,0.0139
1167,0.221294,0.0133
1168,0.232280,0.0136
1169,0.231730,0.0141
1170,0.223193,0.0133
1171,0.213028,0.0140
1172,0.205174,0.0141
1173,0.195949,0.0133
1174,0.191475,0.0141
1175,0.188738,0.0142
1176,0.187253,0.0136
1177,0.192059,0.0143
1178,0.200154,0.0140
1179,0.201508,0.0138
1180,0.199816,0.0144
1181,0.195202,0.0137
1182,0.194601,0.0140
1183,0.192874,0.0146
1184,0.190398,0.0138
1185,0.189678,0.0146
1186,0.189819,0.0143
1187,0.191005,0.0143
1188,0.202267,0.0149
1189,0.212113,0.0141
1190,0.235984,0.0146
1191,0.239542,0.0142
1192,0.247735,0.0141
1193,0.249284,0.0144
1194,0.244948,0.0140
1195,0.237114,0.0143
1196,0.228843,0.0145
1197,0.220426,0.0144
1198,0.218190,0.0148
1199,0.218183,0.0144
1200,0.217290,0.0147
1201,0.213800,0.0143
1202,0.219176,0.0147
1203,0.219868,0.0145
1204,0.217335,0.0148
1205,0.210111,0.0149
1206,0.209138,0.0147
1207,0.207667,0.0151
1208,0.205110,0.0149
1209,0.204635,0.0151
1210,0.204220,0.0150
1211,0.203732,0.0152
1212,0.203325,0.0150
1213,0.203922,0.0152
1214,0.206699,0.0152
1215,0.210618,0.0154
1216,0.213377,0.0153
1217,0.213299,0.0156
1218,0.215018,0.0157
1219,0.217901,0.0158
1220,0.211481,0.0157
1221,0.204651,0.0160
1222,0.198158,0.0159
1223,0.196033,0.0162
1224,0.208083,0.0162
1225,0.200126,0.0166
1226,0.203762,0.0167
1227,0.213213,0.0165
1228,0.212869,0.0168
1229,0.214066,0.0169
1230,0.212689,0.0172
1231,0.209448,0.0174
1232,0.204063,0.0173
1233,0.207924,0.0175
1234,0.207970,0.0176
1235,0.207102,0.0179
1236,0.206423,0.0179
1237,0.203335,0.0184
1238,0.200666,0.0183
1239,0.197319,0.0186
1240,0.194496,0.0187
1241,0.192504,0.0189
1242,0.190689,0.0192
1243,0.192616,0.0194
1244,0.201564,0.0199
1245,0.206135,0.0200
1246,0.204688,0.0201
1247,0.199200,0.0205
1248,0.196914,0.0209
1249,0.196821,0.0210
1250,0.195665,0.0211
1251,0.198096,0.0216
1252,0.196392,0.0220
1253,0.192345,0.0221
1254,0.189567,0.0224
1255,0.186217,0.0226
1256,0.183736,0.0231
1257,0.184726,0.0233
1258,0.182835,0.0235
1259,0.183328,0.0239
1260,0.184267,0.0246
1261,0.182683,0.0246
1262,0.195724,0.0247
1263,0.204072,0.0252
1264,0.208998,0.0256
1265,0.212646,0.0259
1266,0.216172,0.0260
1267,0.215899,0.0266
1268,0.220784,0.0267
1269,0.228507,0.0277
1270,0.233264,0.0280
1271,0.247614,0.0280
1272,0.248667,0.0283
1273,0.240285,0.0293
1274,0.236749,0.0290
1275,0.235926,0.0301
1276,0.233375,0.0298
1277,0.234925,0.0305
1278,0.245586,0.0309
1279,0.250581,0.0315
1280,0.245621,0.0319
1281,0.235051,0.0326
1282,0.223803,0.0329
1283,0.214776,0.0339
1284,0.205303,0.0341
1285,0.199962,0.0349
1286,0.194872,0.0359
1287,0.191033,0.0364
1288,0.190330,0.0363
1289,0.189867,0.0372
1290,0.189284,0.0375
1291,0.189602,0.0387
1292,0.187947,0.0399
1293,0.186207,0.0406
1294,0.184652,0.0403
1295,0.183359,0.0420
1296,0.185819,0.0416
1297,0.183243,0.0437
1298,0.183572,0.0432
1299,0.189547,0.0453
1300,0.193911,0.0450
1301,0.194838,0.0468
1302,0.191595,0.0455
1303,0.190171,0.0467
1304,0.185093,0.0471
1305,0.182374,0.0484
1306,0.181601,0.0493
1307,0.182393,0.0502
1308,0.179796,0.0513
1309,0.180312,0.0523
1310,0.183983,0.0531
1311,0.183823,0.0546
1312,0.189789,0.0554
1313,0.194108,0.0580
1314,0.195567,0.0574
1315,0.199635,0.0585
1316,0.196917,0.0586
1317,0.208154,0.0592
1318,0.189937,0.0590
1319,0.200084,0.0594
1320,0.191545,0.0592
1321,0.208845,0.0590
1322,0.203095,0.0581
1323,0.195343,0.0576
1324,0.204004,0.0564
1325,0.209739,0.0559
1326,0.205782,0.0548
1327,0.185319,0.0543
1328,0.207879,0.0530
1329,0.218518,0.0524
1330,0.215987,0.0523
1331,0.203241,0.0516
1332,0.203192,0.0490
1333,0.191363,0.0484
1334,0.177538,0.0469
1335,0.182917,0.0474
1336,0.184003,0.0453
1337,0.186437,0.0443
1338,0.190423,0.0442
1339,0.185933,0.0425
1340,0.181198,0.0416
1341,0.179633,0.0413
1342,0.185473,0.0415
1343,0.187964,0.0403
1344,0.186360,0.0394
1345,0.184382,0.0391
1346,0.193409,0.0384
1347,0.205268,0.0384
1348,0.212253,0.0374
1349,0.216370,0.0380
1350,0.217065,0.0376
1351,0.214850,0.0370
1352,0.206439,0.0361
1353,0.199624,0.0360
1354,0.191704,0.0353
1355,0.183652,0.0352
1356,0.181211,0.0348
1357,0.180897,0.0348
1358,0.183568,0.0342
1359,0.187483,0.0349
1360,0.190827,0.0338
1361,0.189462,0.0346
1362,0.198937,0.0332
1363,0.214503,0.0336
1364,0.220449,0.0338
1365,0.222318,0.0329
1366,0.214551,0.0326
1367,0.222718,0.0327
1368,0.231581,0.0321
1369,0.240598,0.0324
1370,0.238464,0.0316
1371,0.242311,0.0324
1372,0.238701,0.0315
1373,0.240521,0.0309
1374,0.243182,0.0300
1375,0.240248,0.0299
1376,0.238381,0.0291
1377,0.237997,0.0291
1378,0.238227,0.0282
1379,0.236186,0.0281
1380,0.234173,0.0272
1381,0.218632,0.0270
1382,0.224890,0.0266
1383,0.218670,0.0267
1384,0.216055,0.0263
1385,0.212916,0.0256
1386,0.208726,0.0250
1387,0.202908,0.0248
1388,0.201667,0.0245
1389,0.194848,0.0243
1390,0.190583,0.0242
1391,0.192276,0.0241
1392,0.192993,0.0238
1393,0.192136,0.0233
1394,0.190470,0.0231
1395,0.190499,0.0230
1396,0.208600,0.0225
1397,0.232584,0.0225
1398,0.241317,0.0222
1399,0.260831,0.0222
1400,0.255920,0.0219
1401,0.236726,0.0222
1402,0.218802,0.0222
1403,0.211752,0.0219
1404,0.207502,0.0218
1405,0.205941,0.0220
1406,0.206660,0.0228
1407,0.204524,0.0227
1408,0.198795,0.0235
1409,0.198514,0.0239
1410,0.198581,0.0240
1411,0.197667,0.0243
1412,0.194405,0.0248
1413,0.194497,0.0251
1414,0.210760,0.0257
1415,0.237748,0.0261
1416,0.240231,0.0271
1417,0.243649,0.0271
1418,0.246836,0.0276
1419,0.246164,0.0281
1420,0.245012,0.0288
1421,0.244067,0.0293
1422,0.237807,0.0299
1423,0.233301,0.0308
1424,0.227509,0.0312
1425,0.223163,0.0314
1426,0.216903,0.0318
1427,0.213590,0.0321
1428,0.219563,0.0324
1429,0.218607,0.0329
1430,0.209969,0.0332
1431,0.202653,0.0335
1432,0.235559,0.0339
1433,0.241361,0.0343
1434,0.239715,0.0345
1435,0.230440,0.0349
1436,0.226707,0.0354
1437,0.224409,0.0356
1438,0.221292,0.0359
1439,0.216678,0.0363
1440,0.215933,0.0367
1441,0.220610,0.0371
1442,0.221633,0.0376
1443,0.219489,0.0379
1444,0.220019,0.0382
1445,0.222457,0.0390
1446,0.221842,0.0391
1447,0.220994,0.0395
1448,0.212972,0.0399
1449,0.203201,0.0403
1450,0.196224,0.0407
1451,0.192289,0.0411
1452,0.189279,0.0417
1453,0.192114,0.0421
1454,0.192857,0.0426
1455,0.191240,0.0430
1456,0.192996,0.0434
1457,0.195268,0.0438
1458,0.197877,0.0443
1459,0.195836,0.0449
1460,0.196709,0.0453
1461,0.192724,0.0456
1462,0.196744,0.0460
1463,0.187897,0.0464
1464,0.200505,0.0467
1465,0.201397,0.0469
1466,0.195537,0.0471
1467,0.192577,0.0469
1468,0.200812,0.0471
1469,0.192267,0.0472
1470,0.194546,0.0474
1471,0.193994,0.0475
1472,0.190477,0.0476
1473,0.188168,0.0474
1474,0.187414,0.0476
1475,0.189862,0.0475
1476,0.190449,0.0477
1477,0.191424,0.0477
1478,0.190838,0.0479
1479,0.183016,0.0481
1480,0.181687,0.0483
1481,0.186657,0.0485
1482,0.194198,0.0488
1483,0.198276,0.0489
1484,0.185049,0.0493
1485,0.183392,0.0495
1486,0.193722,0.0499
1487,0.194857,0.0502
1488,0.192862,0.0505
1489,0.196696,0.0508
1490,0.192753,0.0512
1491,0.186758,0.0516
1492,0.185946,0.0521
1493,0.187142,0.0524
1494,0.177487,0.0530
1495,0.176342,0.0529
1496,0.181155,0.0532
1497,0.178232,0.0529
1498,0.177751,0.0531
1499,0.170936,0.0529
1500,0.175793,0.0529
1501,0.181418,0.0529
1502,0.186322,0.0530
1503,0.189854,0.0530
1504,0.187536,0.0531
1505,0.185350,0.0529
1506,0.180205,0.0530
1507,0.174278,0.0530
1508,0.169878,0.0530
1509,0.172500,0.0531
1510,0.169336,0.0531
1511,0.181092,0.0532
1512,0.181356,0.0531
1513,0.177862,0.0531
1514,0.176757,0.0531
1515,0.175758,0.0530
1516,0.166090,0.0531
1517,0.167457,0.0529
1518,0.161160,0.0530
1519,0.161606,0.0530
1520,0.165124,0.0530
1521,0.168536,0.0530
1522,0.158837,0.0531
1523,0.159662,0.0529
1524,0.155080,0.0532
1525,0.148733,0.0530
1526,0.146078,0.0531
1527,0.150369,0.0530
1528,0.151439,0.0533
1529,0.153931,0.0530
1530,0.157723,0.0533
1531,0.157429,0.0531
1532,0.153054,0.0531
1533,0.152461,0.0530
1534,0.151492,0.0531
1535,0.151175,0.0530
1536,0.159243,0.0532
1537,0.150388,0.0531
1538,0.152302,0.0531
1539,0.150500,0.0532
1540,0.155010,0.0532
1541,0.157215,0.0532
1542,0.161805,0.0533
1543,0.162771,0.0532
1544,0.162839,0.0533
1545,0.163325,0.0533
1546,0.157820,0.0532
1547,0.151472,0.0532
1548,0.152996,0.0533
1549,0.152706,0.0532
1550,0.152626,0.0533
1551,0.158708,0.0532
1552,0.154085,0.0532
1553,0.157681,0.0532
1554,0.153899,0.0533
1555,0.155753,0.0533
1556,0.161401,0.0534
1557,0.170207,0.0532
1558,0.174527,0.0534
1559,0.172930,0.0532
1560,0.171593,0.0535
1561,0.165086,0.0532
1562,0.160148,0.0534
1563,0.155286,0.0532
1564,0.154731,0.0533
1565,0.154161,0.0532
1566,0.154184,0.0534
1567,0.155198,0.0532
1568,0.162777,0.0534
1569,0.160722,0.0533
1570,0.159627,0.0534
1571,0.164788,0.0533
1572,0.155571,0.0535
1573,0.156375,0.0534
1574,0.156500,0.0535
1575,0.169649,0.0535
1576,0.170385,0.0534
1577,0.173771,0.0533
1578,0.173269,0.0535
1579,0.173239,0.0532
1580,0.176029,0.0535
1581,0.175923,0.0533
1582,0.175409,0.0534
1583,0.173736,0.0532
1584,0.172568,0.0535
1585,0.174474,0.0533
1586,0.173448,0.0535
1587,0.173204,0.0533
1588,0.170629,0.0537
1589,0.167024,0.0533
1590,0.162623,0.0537
1591,0.155574,0.0533
1592,0.155151,0.0535
1593,0.155526,0.0533
1594,0.150059,0.0535
1595,0.149217,0.0532
1596,0.144374,0.0535
1597,0.154344,0.0533
1598,0.156028,0.0535
1599,0.161623,0.0534
1600,0.165357,0.0535
1601,0.161328,0.0535
1602,0.161768,0.0536
1603,0.160382,0.0536
1604,0.164649,0.0536
1605,0.157412,0.0536
1606,0.157178,0.0536
1607,0.158671,0.0534
1608,0.155285,0.0536
1609,0.149272,0.0534
1610,0.149049,0.0535
1611,0.148759,0.0535
1612,0.147689,0.0535
1613,0.146157,0.0534
1614,0.154626,0.0536
1615,0.147713,0.0535
1616,0.151921,0.0537
1617,0.161380,0.0535
1618,0.162071,0.0538
1619,0.155170,0.0533
1620,0.146754,0.0535
1621,0.147005,0.0534
1622,0.149059,0.0535
1623,0.148728,0.0534
1624,0.143524,0.0536
1625,0.141160,0.0534
1626,0.147461,0.0535
1627,0.152435,0.0535
1628,0.155048,0.0535
1629,0.159492,0.0536
1630,0.163687,0.0537
1631,0.159395,0.0536
1632,0.160509,0.0536
1633,0.159099,0.0536
1634,0.159376,0.0536
1635,0.157292,0.0534
1636,0.150467,0.0536
1637,0.146019,0.0534
1638,0.148152,0.0534
1639,0.138966,0.0535
1640,0.141606,0.0536
1641,0.138676,0.0534
1642,0.140377,0.0537
1643,0.138318,0.0535
1644,0.134398,0.0537
1645,0.127128,0.0534
1646,0.126295,0.0538
1647,0.126326,0.0534
1648,0.181963,0.0536
1649,0.215358,0.0535
1650,0.226607,0.0535
1651,0.209062,0.0534
1652,0.178705,0.0536
1653,0.149988,0.0534
1654,0.139358,0.0536
1655,0.134173,0.0536
1656,0.134525,0.0537
1657,0.132987,0.0543
1658,0.127779,0.0538
1659,0.124016,0.0537
1660,0.121674,0.0537
1661,0.120601,0.0536
1662,0.121592,0.0538
1663,0.118779,0.0535
1664,0.119797,0.0537
1665,0.113292,0.0535
1666,0.109488,0.0537
1667,0.111673,0.0536
1668,0.111778,0.0537
1669,0.111961,0.0536
1670,0.113100,0.0538
1671,0.112517,0.0536
1672,0.115012,0.0588
1673,0.110430,0.0536
1674,0.113872,0.0537
1675,0.108046,0.0536
1676,0.107539,0.0539
1677,0.105328,0.0538
1678,0.102543,0.0541
1679,0.105975,0.0543
1680,0.108754,0.0545
1681,0.127996,0.0548
1682,0.145399,0.0550
1683,0.139431,0.0553
1684,0.126683,0.0557
1685,0.128380,0.0564
1686,0.127920,0.0569
1687,0.131797,0.0577
1688,0.128897,0.0582
1689,0.129765,0.0590
1690,0.124852,0.0595
1691,0.122209,0.0618
1692,0.114417,0.0610
1693,0.114352,0.0620
1694,0.104459,0.0643
1695,0.104449,0.0638
1696,0.106387,0.0645
1697,0.105652,0.0656
1698,0.107120,0.0665
1699,0.107059,0.0673
1700,0.111182,0.0682
1701,0.108186,0.0694
1702,0.116165,0.0701
1703,0.115945,0.0729
1704,0.114711,0.0720
1705,0.108051,0.0743
1706,0.103271,0.0740
1707,0.100870,0.0742
1708,0.097821,0.0741
1709,0.097800,0.0742
1710,0.107261,0.0740
1711,0.104766,0.0723
1712,0.102567,0.0721
1713,0.104574,0.0723
1714,0.103342,0.0721
1715,0.107394,0.0723
1716,0.105150,0.0722
1717,0.098692,0.0722
1718,0.100011,0.0721
1719,0.100569,0.0722
1720,0.098682,0.0722
1721,0.096230,0.0721
1722,0.094538,0.0721
1723,0.094126,0.0723
1724,0.090472,0.0720
1725,0.101549,0.0722
1726,0.103347,0.0721
1727,0.109308,0.0722
1728,0.100931,0.0739
1729,0.101806,0.0741
1730,0.101505,0.0739
1731,0.100361,0.0741
1732,0.088689,0.0739
1733,0.087440,0.0740
1734,0.084159,0.0740
1735,0.082274,0.0741
1736,0.085832,0.0739
1737,0.085647,0.0740
1738,0.085113,0.0740
1739,0.090114,0.0740
1740,0.091094,0.0740
1741,0.093000,0.0725
1742,0.091146,0.0723
1743,0.089396,0.0724
1744,0.093808,0.0723
1745,0.092545,0.0723
1746,0.085746,0.0723
1747,0.087711,0.0723
1748,0.083108,0.0722
1749,0.081850,0.0724
1750,0.077118,0.0722
1751,0.083866,0.0741
1752,0.077753,0.0740
1753,0.076674,0.0741
1754,0.069396,0.0740
1755,0.075988,0.0740
1756,0.072127,0.0739
1757,0.063720,0.0740
1758,0.074268,0.0739
1759,0.073300,0.0740
1760,0.068216,0.0739
1761,0.065469,0.0740
1762,0.065580,0.0739
1763,0.063437,0.0721
1764,0.063398,0.0721
1765,0.068989,0.0721
1766,0.067693,0.0722
1767,0.067958,0.0722
1768,0.067888,0.0722
1769,0.072289,0.0722
1770,0.062528,0.0721
1771,0.057118,0.0722
1772,0.060431,0.0722
1773,0.060383,0.0732
1774,0.051273,0.0722
1775,0.062446,0.0722
1776,0.076169,0.0739
1777,0.077275,0.0739
1778,0.072443,0.0739
1779,0.062614,0.0740
1780,0.061321,0.0720
1781,0.064350,0.0721
1782,0.063075,0.0720
1783,0.060601,0.0720
1784,0.058613,0.0722
1785,0.062060,0.0722
1786,0.055094,0.0722
1787,0.060472,0.0722
1788,0.059025,0.0722
1789,0.061093,0.0722
1790,0.047853,0.0722
1791,0.049891,0.0722
1792,0.049411,0.0722
1793,0.048087,0.0722
1794,0.047504,0.0722
1795,0.048877,0.0722
1796,0.050233,0.0722
1797,0.043400,0.0722
1798,0.040131,0.0721
1799,0.042169,0.0720
1800,0.040884,0.0720
1801,0.041538,0.0739
1802,0.050271,0.0739
1803,0.053931,0.0724
1804,0.048384,0.0722
1805,0.042463,0.0728
1806,0.038666,0.0724
1807,0.041583,0.0727
1808,0.037319,0.0726
1809,0.042099,0.0726
1810,0.041570,0.0726
1811,0.039177,0.0727
1812,0.041087,0.0725
1813,0.045915,0.0728
1814,0.042924,0.0725
1815,0.036622,0.0727
1816,0.041189,0.0728
1817,0.034775,0.0727
1818,0.036185,0.0726
1819,0.036786,0.0730
1820,0.033678,0.0724
1821,0.041341,0.0729
1822,0.034787,0.0725
1823,0.032148,0.0728
1824,0.027580,0.0726
1825,0.026410,0.0727
1826,0.026441,0.0725
1827,0.033201,0.0728
1828,0.051879,0.0724
1829,0.069092,0.0726
1830,0.069290,0.0726
1831,0.067939,0.0725
1832,0.069136,0.0725
1833,0.069870,0.0725
1834,0.067157,0.0724
1835,0.064299,0.0726
1836,0.061710,0.0723
1837,0.057546,0.0726
1838,0.057176,0.0723
1839,0.049483,0.0725
1840,0.045056,0.0724
1841,0.039037,0.0726
1842,0.038166,0.0723
1843,0.036918,0.0725
1844,0.038530,0.0723
1845,0.037946,0.0725
1846,0.036512,0.0723
1847,0.032707,0.0724
1848,0.035384,0.0726
1849,0.033177,0.0725
1850,0.033221,0.0725
1851,0.034858,0.0726
1852,0.038852,0.0724
1853,0.033721,0.0726
1854,0.036507,0.0724
1855,0.036248,0.0725
1856,0.034248,0.0724
1857,0.032230,0.0725
1858,0.039157,0.0740
1859,0.048804,0.0744
1860,0.044143,0.0740
1861,0.039745,0.0742
1862,0.032997,0.0741
1863,0.033131,0.0744
1864,0.033636,0.0740
1865,0.026046,0.0742
1866,0.027713,0.0741
1867,0.038227,0.0741
1868,0.051068,0.0721
1869,0.042302,0.0740
1870,0.032697,0.0743
1871,0.040262,0.0733
1872,0.032471,0.0756
1873,0.026584,0.0757
1874,0.030299,0.0755
1875,0.024826,0.0756
1876,0.021476,0.0756
1877,0.016230,0.0757
1878,0.019823,0.0755
1879,0.024118,0.0756
1880,0.016224,0.0755
1881,0.014639,0.0757
1882,0.020890,0.0756
1883,0.016307,0.0757
1884,0.016839,0.0755
1885,0.017960,0.0757
1886,0.020665,0.0756
1887,0.022952,0.0757
1888,0.016868,0.0755
1889,0.016186,0.0757
1890,0.011763,0.0756
1891,0.009234,0.0757
1892,0.007132,0.0755
1893,0.008637,0.0758
1894,0.006070,0.0755
1895,0.008537,0.0757
1896,0.009119,0.0755
1897,0.006974,0.0756
1898,0.005040,0.0755
1899,0.004871,0.0757
1900,0.008877,0.0755
1901,0.010774,0.0755
1902,0.014619,0.0755
1903,0.015710,0.0756
1904,0.019256,0.0756
1905,0.018155,0.0756
1906,0.017149,0.0755
1907,0.017594,0.0756
1908,0.017194,0.0756
1909,0.018359,0.0756
1910,0.009801,0.0755
1911,0.003492,0.0755
1912,0.005200,0.0755
1913,0.001069,0.0756
1914,-0.001150,0.0755
1915,0.003117,0.0755
1916,0.005576,0.0755
1917,0.007069,0.0756
1918,0.008926,0.0756
1919,0.009768,0.0755
1920,0.007086,0.0755
1921,0.005906,0.0755
1922,-0.000441,0.0755
1923,0.000623,0.0755
1924,0.001765,0.0755
1925,0.000387,0.0755
1926,-0.000165,0.0755
1927,0.002449,0.0756
1928,0.001184,0.0755
1929,0.001155,0.0755
1930,-0.005473,0.0755
1931,-0.008582,0.0755
1932,-0.009582,0.0755
1933,-0.005153,0.0755
1934,0.003241,0.0755
1935,0.007042,0.0755
1936,0.002301,0.0756
1937,0.005089,0.0755
1938,0.001834,0.0756
1939,-0.001981,0.0755
1940,-0.000112,0.0755
1941,-0.003022,0.0755
1942,-0.003496,0.0755
1943,-0.006625,0.0755
1944,-0.005508,0.0755
1945,0.007649,0.0756
1946,0.014538,0.0755
1947,0.013831,0.0755
1948,0.015470,0.0755
1949,0.007865,0.0756
1950,-0.002055,0.0755
1951,-0.005641,0.0755
1952,-0.003488,0.0755
1953,-0.009427,0.0756
1954,-0.010804,0.0756
1955,0.021488,0.0756
1956,0.033787,0.0756
1957,0.041115,0.0755
1958,0.048423,0.0755
1959,0.050762,0.0755
1960,0.041627,0.0755
1961,0.038734,0.0756
1962,0.029012,0.0755
1963,0.034947,0.0755
1964,0.035884,0.0755
1965,0.036351,0.0755
1966,0.039943,0.0755
1967,0.043564,0.0755
1968,0.038497,0.0755
1969,0.041101,0.0755
1970,0.035814,0.0755
1971,0.033373,0.0755
1972,0.027824,0.0755
1973,0.022816,0.0755
1974,0.022832,0.0755
1975,0.021203,0.0755
1976,0.033331,0.0755
1977,0.043743,0.0755
1978,0.047536,0.0755
1979,0.035283,0.0755
1980,0.032423,0.0756
1981,0.028139,0.0755
1982,0.024887,0.0755
1983,0.021572,0.0755
1984,0.030470,0.0755
1985,0.032105,0.0755
1986,0.028245,0.0755
1987,0.034220,0.0755
1988,0.026785,0.0755
1989,0.020448,0.0755
1990,0.024016,0.0755
1991,0.014072,0.0755
1992,0.011548,0.0755
1993,0.006869,0.0755
1994,0.000796,0.0755
1995,-0.000247,0.0755
1996,-0.003632,0.0755
1997,-0.002317,0.0755
1998,-0.001538,0.0755
1999,0.007107,0.0755
2000,0.004698,0.0755
2001,0.002039,0.0755
2002,-0.007348,0.0756
2003,-0.006813,0.0755
2004,-0.009176,0.0756
2005,-0.005343,0.0755
2006,-0.005771,0.0756
2007,-0.008445,0.0755
2008,-0.004877,0.0755
2009,-0.006850,0.0756
2010,-0.005011,0.0755
2011,-0.005185,0.0756
2012,-0.010724,0.0755
2013,-0.011155,0.0755
2014,-0.009358,0.0755
2015,-0.015202,0.0755
2016,-0.013847,0.0755
2017,-0.017567,0.0754
2018,-0.014987,0.0755
2019,-0.019775,0.0754
2020,-0.009559,0.0755
2021,-0.003565,0.0754
2022,-0.003539,0.0755
2023,0.000764,0.0754
2024,-0.005991,0.0755
2025,-0.011012,0.0754
2026,-0.014973,0.0755
2027,-0.012719,0.0755
2028,-0.011492,0.0755
2029,0.011629,0.0755
2030,0.031054,0.0756
2031,0.027919,0.0755
2032,0.020054,0.0755
2033,0.016609,0.0756
2034,0.010941,0.0756
2035,0.009642,0.0756
2036,0.007454,0.0756
2037,0.011176,0.0756
2038,0.006378,0.0756
2039,0.006348,0.0756
2040,0.008989,0.0755
2041,0.003143,0.0756
2042,-0.005783,0.0756
2043,-0.009331,0.0756
2044,-0.010290,0.0755
2045,-0.012726,0.0756
2046,-0.018725,0.0755
2047,-0.022191,0.0756
2048,-0.022468,0.0756
2049,-0.022721,0.0755
2050,-0.020607,0.0755
2051,-0.025277,0.0755
2052,-0.025203,0.0755
2053,-0.022735,0.0754
2054,-0.023086,0.0755
2055,-0.024755,0.0754
2056,-0.025873,0.0755
2057,-0.028911,0.0754
2058,-0.026844,0.0755
2059,-0.024834,0.0754
2060,-0.026693,0.0755
2061,-0.022707,0.0754
2062,-0.026441,0.0755
2063,-0.030660,0.0755
2064,-0.032013,0.0756
2065,-0.035539,0.0756
2066,-0.003913,0.0756
2067,0.002869,0.0755
2068,0.008382,0.0756
2069,0.010669,0.0756
2070,0.000033,0.0755
2071,0.004989,0.0755
2072,0.019168,0.0756
2073,0.025827,0.0755
2074,0.025823,0.0756
2075,0.016131,0.0756
2076,0.013140,0.0756
2077,0.006386,0.0756
2078,0.003850,0.0756
2079,0.002137,0.0755
2080,0.000538,0.0756
2081,-0.000463,0.0755
2082,-0.003676,0.0756
2083,-0.006380,0.0756
2084,-0.010774,0.0756
2085,-0.013105,0.0756
2086,-0.012649,0.0756
2087,-0.014281,0.0755
2088,-0.010896,0.0756
2089,-0.014755,0.0756
2090,-0.014368,0.0756
2091,-0.020950,0.0756
2092,-0.019968,0.0756
2093,-0.022799,0.0756
2094,-0.022121,0.0756
2095,-0.025751,0.0756
2096,-0.029979,0.0755
2097,-0.035046,0.0755
2098,-0.032413,0.0755
2099,-0.035268,0.0755
2100,-0.037169,0.0756
2101,-0.040142,0.0755
2102,-0.036996,0.0755
2103,-0.043577,0.0755
2104,-0.030574,0.0756
2105,-0.028390,0.0777
2106,-0.033836,0.0756
2107,-0.039126,0.0755
2108,-0.029950,0.0756
2109,-0.031515,0.0755
2110,-0.032750,0.0756
2111,-0.035663,0.0755
2112,-0.035074,0.0756
2113,-0.037236,0.0755
2114,-0.036878,0.0756
2115,-0.037879,0.0755
2116,-0.032947,0.0756
2117,-0.035545,0.0756
2118,-0.038510,0.0756
2119,-0.032676,0.0756
2120,-0.039093,0.0756
2121,-0.040413,0.0756
2122,-0.044032,0.0756
2123,-0.044788,0.0756
2124,-0.046792,0.0756
2125,-0.048075,0.0756
2126,-0.050360,0.0756
2127,-0.048932,0.0756
2128,-0.049598,0.0756
2129,-0.050074,0.0756
2130,-0.043766,0.0756
2131,-0.040085,0.0756
2132,-0.042163,0.0756
2133,-0.041126,0.0756
2134,-0.045141,0.0755
2135,-0.046250,0.0756
2136,-0.051645,0.0756
2137,-0.051122,0.0756
2138,-0.046862,0.0756
2139,-0.041466,0.0755
2140,-0.042644,0.0755
2141,-0.047395,0.0756
2142,-0.052461,0.0756
2143,-0.053007,0.0756
2144,-0.052935,0.0755
2145,-0.056640,0.0755
2146,-0.055897,0.0756
2147,-0.056918,0.0756
2148,-0.057951,0.0756
2149,-0.055631,0.0756
2150,-0.040084,0.0755
2151,-0.038498,0.0755
2152,-0.038230,0.0756
2153,-0.037122,0.0756
2154,-0.033161,0.0757
2155,-0.038660,0.0756
2156,-0.037301,0.0756
2157,-0.041587,0.0756
2158,-0.047304,0.0756
2159,-0.048168,0.0756
2160,-0.048563,0.0769
2161,-0.047232,0.0768
2162,-0.047255,0.0769
2163,-0.049636,0.0755
2164,-0.051184,0.0755
2165,-0.052706,0.0755
2166,-0.055481,0.0756
2167,-0.056840,0.0755
2168,-0.057987,0.0755
2169,-0.055623,0.0755
2170,-0.058225,0.0756
2171,-0.060488,0.0755
2172,-0.057293,0.0756
2173,-0.057457,0.0755
2174,-0.061067,0.0756
2175,-0.055717,0.0755
2176,-0.051657,0.0756
2177,-0.049093,0.0755
2178,-0.050574,0.0756
2179,-0.048496,0.0755
2180,-0.048994,0.0756
2181,-0.049468,0.0755
2182,-0.045272,0.0756
2183,-0.039652,0.0755
2184,-0.038853,0.0756
2185,-0.033962,0.0755
2186,-0.038134,0.0756
2187,-0.038410,0.0755
2188,-0.041596,0.0769
2189,-0.039945,0.0768
2190,-0.041118,0.0769
2191,-0.046350,0.0768
2192,-0.045148,0.0769
2193,-0.046505,0.0768
2194,-0.050540,0.0769
2195,-0.045851,0.0768
2196,-0.046716,0.0769
2197,-0.046361,0.0768
2198,-0.047970,0.0769
2199,-0.050742,0.0768
2200,-0.051235,0.0769
2201,-0.053962,0.0768
2202,-0.052146,0.0769
2203,-0.052110,0.0768
2204,-0.056636,0.0769
2205,-0.053645,0.0768
2206,-0.056445,0.0756
2207,-0.059027,0.0755
2208,-0.058139,0.0756
2209,-0.046075,0.0755
2210,-0.037977,0.0756
2211,-0.046051,0.0755
2212,-0.052263,0.0756
2213,-0.051419,0.0755
2214,-0.052281,0.0756
2215,-0.041655,0.0755
2216,-0.033257,0.0756
2217,-0.027895,0.0755
2218,-0.033551,0.0756
2219,-0.040257,0.0755
2220,-0.046605,0.0756
2221,-0.053125,0.0755
2222,-0.057187,0.0756
2223,-0.060897,0.0755
2224,-0.057672,0.0756
2225,-0.055228,0.0756
2226,-0.052661,0.0756
2227,-0.054034,0.0756
2228,-0.049336,0.0756
2229,-0.055303,0.0755
2230,-0.058847,0.0756
2231,-0.059374,0.0755
2232,-0.061177,0.0756
2233,-0.059136,0.0755
2234,-0.058735,0.0755
2235,-0.062269,0.0755
2236,-0.060823,0.0755
2237,-0.060913,0.0755
2238,-0.062821,0.0755
2239,-0.065174,0.0755
2240,-0.067829,0.0756
2241,-0.069244,0.0755
2242,-0.067937,0.0755
2243,-0.065819,0.0754
2244,-0.069207,0.0755
2245,-0.069167,0.0755
2246,-0.067885,0.0755
2247,-0.067474,0.0768
2248,-0.070286,0.0770
2249,-0.076092,0.0768
2250,-0.075831,0.0769
2251,-0.074301,0.0768
2252,-0.072833,0.0769
2253,-0.067543,0.0768
2254,-0.065654,0.0769
2255,-0.065413,0.0755
2256,-0.065521,0.0757
2257,-0.057098,0.0755
2258,-0.058531,0.0756
2259,-0.054146,0.0756
2260,-0.054579,0.0757
2261,-0.061315,0.0757
2262,-0.061816,0.0762
2263,-0.062962,0.0769
2264,-0.062331,0.0757
2265,-0.063603,0.0757
2266,-0.064807,0.0764
2267,-0.065793,0.0763
2268,-0.067255,0.0757
2269,-0.069561,0.0757
2270,-0.070452,0.0757
2271,-0.072043,0.0756
2272,-0.074078,0.0756
2273,-0.074785,0.0756
2274,-0.075960,0.0756
2275,-0.074939,0.0756
2276,-0.073640,0.0756
2277,-0.075580,0.0756
2278,-0.074395,0.0756
2279,-0.072951,0.0756
2280,-0.070764,0.0756
2281,-0.072492,0.0756
2282,-0.067250,0.0756
2283,-0.062729,0.0755
2284,-0.066075,0.0756
2285,-0.065540,0.0756
2286,-0.067939,0.0756
2287,-0.071539,0.0755
2288,-0.073955,0.0756
2289,-0.072716,0.0755
2290,-0.074269,0.0756
2291,-0.073677,0.0755
2292,-0.073462,0.0756
2293,-0.075573,0.0766
2294,-0.073690,0.0758
2295,-0.077101,0.0757
2296,-0.076292,0.0758
2297,-0.078550,0.0757
2298,-0.077541,0.0759
2299,-0.075651,0.0758
2300,-0.068184,0.0756
2301,-0.065746,0.0756
2302,-0.065552,0.0756
2303,-0.053962,0.0756
2304,-0.051740,0.0756
2305,-0.052114,0.0755
2306,-0.048575,0.0756
2307,-0.054598,0.0755
2308,-0.062955,0.0756
2309,-0.061944,0.0755
2310,-0.064081,0.0757
2311,-0.068800,0.0756
2312,-0.072269,0.0756
2313,-0.075133,0.0756
2314,-0.074634,0.0757
2315,-0.078368,0.0757
2316,-0.079384,0.0758
2317,-0.078642,0.0756
2318,-0.075140,0.0756
2319,-0.073838,0.0755
2320,-0.072130,0.0756
2321,-0.074823,0.0755
2322,-0.073314,0.0756
2323,-0.076254,0.0755
2324,-0.077467,0.0756
2325,-0.083655,0.0755
2326,-0.082742,0.0756
2327,-0.079362,0.0755
2328,-0.078710,0.0756
2329,-0.078512,0.0755
2330,-0.081566,0.0756
2331,-0.079874,0.0756
2332,-0.080067,0.0756
2333,-0.082486,0.0756
2334,-0.084309,0.0756
2335,-0.082242,0.0756
2336,-0.077879,0.0756
2337,-0.079749,0.0756
2338,-0.077801,0.0756
2339,-0.076670,0.0757
2340,-0.077798,0.0756
2341,-0.079508,0.0756
2342,-0.081853,0.0757
2343,-0.081186,0.0756
2344,-0.080697,0.0757
2345,-0.080598,0.0756
2346,-0.069813,0.0757
2347,-0.064420,0.0756
2348,-0.060835,0.0758
2349,-0.059087,0.0756
2350,-0.060915,0.0757
2351,-0.061135,0.0756
2352,-0.062304,0.0758
2353,-0.063479,0.0756
2354,-0.068755,0.0756
2355,-0.068569,0.0756
2356,-0.071985,0.0757
2357,-0.072487,0.0756
2358,-0.074599,0.0768
2359,-0.073697,0.0756
2360,-0.077602,0.0769
2361,-0.084071,0.0767
2362,-0.082595,0.0769
2363,-0.081245,0.0756
2364,-0.086626,0.0757
2365,-0.085273,0.0756
2366,-0.082519,0.0757
2367,-0.078749,0.0761
2368,-0.078532,0.0757
2369,-0.081390,0.0756
2370,-0.082544,0.0756
2371,-0.081944,0.0756
2372,-0.082318,0.0757
2373,-0.083411,0.0762
2374,-0.086173,0.0757
2375,-0.084128,0.0756
2376,-0.084214,0.0757
2377,-0.082439,0.0756
2378,-0.083693,0.0757
2379,-0.087729,0.0756
2380,-0.086867,0.0757
2381,-0.089343,0.0756
2382,-0.087111,0.0757
2383,-0.086710,0.0756
2384,-0.085752,0.0757
2385,-0.087944,0.0756
2386,-0.085870,0.0757
2387,-0.088458,0.0766
2388,-0.089571,0.0757
2389,-0.090037,0.0756
2390,-0.089212,0.0757
2391,-0.090734,0.0760
2392,-0.090164,0.0758
2393,-0.091925,0.0757
2394,-0.092267,0.0758
2395,-0.094292,0.0757
2396,-0.094173,0.0758
2397,-0.092983,0.0758
2398,-0.094777,0.0758
2399,-0.093659,0.0769
2400,-0.094567,0.0758
2401,-0.095631,0.0769
2402,-0.088764,0.0770
2403,-0.082775,0.0757
2404,-0.084462,0.0758
2405,-0.089091,0.0757
2406,-0.090604,0.0758
2407,-0.093444,0.0757
2408,-0.093772,0.0758
2409,-0.090648,0.0757
2410,-0.091149,0.0758
2411,-0.088886,0.0757
2412,-0.089954,0.0760
2413,-0.093821,0.0757
2414,-0.097843,0.0760
2415,-0.099906,0.0757
2416,-0.101697,0.0772
2417,-0.103703,0.0758
2418,-0.102767,0.0779
2419,-0.102621,0.0757
2420,-0.095681,0.0758
2421,-0.093388,0.0789
2422,-0.090119,0.0780
2423,-0.085706,0.0758
2424,-0.080263,0.0758
2425,-0.067078,0.0757
2426,-0.049834,0.0758
2427,-0.042965,0.0757
2428,-0.045575,0.0758
2429,-0.056571,0.0788
2430,-0.063096,0.0762
2431,-0.067253,0.0771
2432,-0.071592,0.0758
2433,-0.074366,0.0757
2434,-0.079091,0.0758
2435,-0.085716,0.0758
2436,-0.087147,0.0758
2437,-0.091539,0.0757
2438,-0.089011,0.0767
2439,-0.091089,0.0759
2440,-0.092076,0.0758
2441,-0.090101,0.0757
2442,-0.088096,0.0766
2443,-0.083584,0.0757
2444,-0.086212,0.0758
2445,-0.089084,0.0757
2446,-0.091153,0.0765
2447,-0.093605,0.0764
2448,-0.092754,0.0758
2449,-0.094053,0.0758
2450,-0.095701,0.0758
2451,-0.096374,0.0764
2452,-0.098876,0.0758
2453,-0.098690,0.0757
2454,-0.093529,0.0758
2455,-0.094976,0.0757
2456,-0.096743,0.0758
2457,-0.096783,0.0757
2458,-0.097822,0.0757
2459,-0.099133,0.0757
2460,-0.100776,0.0757
2461,-0.103617,0.0757
2462,-0.100890,0.0757
2463,-0.101189,0.0757
2464,-0.099874,0.0759
2465,-0.104557,0.0757
2466,-0.102995,0.0758
2467,-0.101567,0.0756
2468,-0.101539,0.0758
2469,-0.101376,0.0757
2470,-0.098289,0.0758
2471,-0.100833,0.0757
2472,-0.099871,0.0762
2473,-0.098118,0.0757
2474,-0.098140,0.0758
2475,-0.102061,0.0757
2476,-0.100898,0.0758
2477,-0.099677,0.0757
2478,-0.099963,0.0758
2479,-0.102522,0.0757
2480,-0.100701,0.0758
2481,-0.105037,0.0757
2482,-0.104777,0.0758
2483,-0.104276,0.0762
2484,-0.106069,0.0763
2485,-0.107316,0.0758
2486,-0.105583,0.0758
2487,-0.093076,0.0757
2488,-0.087177,0.0758
2489,-0.089243,0.0757
2490,-0.087632,0.0758
2491,-0.090212,0.0757
2492,-0.093164,0.0758
2493,-0.094233,0.0758
2494,-0.098313,0.0758
2495,-0.099173,0.0757
2496,-0.098692,0.0758
2497,-0.101056,0.0760
2498,-0.101135,0.0758
2499,-0.102077,0.0759
2500,-0.105598,0.0760
2501,-0.104171,0.0760
2502,-0.107269,0.0760
2503,-0.104762,0.0760
2504,-0.101086,0.0760
2505,-0.099944,0.0758
2506,-0.096106,0.0758
2507,-0.096200,0.0758
2508,-0.097662,0.0758
2509,-0.096500,0.0764
2510,-0.098088,0.0765
2511,-0.098480,0.0759
2512,-0.102412,0.0760
2513,-0.105554,0.0759
2514,-0.106778,0.0760
2515,-0.106544,0.0760
2516,-0.108861,0.0766
2517,-0.108284,0.0758
2518,-0.111047,0.0759
2519,-0.110436,0.0758
2520,-0.109327,0.0767
2521,-0.105679,0.0766
2522,-0.107485,0.0767
2523,-0.110422,0.0758
2524,-0.113409,0.0758
2525,-0.112019,0.0767
2526,-0.109912,0.0758
2527,-0.109163,0.0760
2528,-0.110361,0.0761
2529,-0.108721,0.0766
2530,-0.110010,0.0767
2531,-0.108432,0.0760
2532,-0.105583,0.0760
2533,-0.103466,0.0761
2534,-0.104620,0.0766
2535,-0.102167,0.0760
2536,-0.105293,0.0765
2537,-0.106773,0.0760
2538,-0.109313,0.0764
2539,-0.105271,0.0760
2540,-0.104648,0.0760
2541,-0.102598,0.0780
2542,-0.100387,0.0771
2543,-0.107770,0.0760
2544,-0.108592,0.0760
2545,-0.108775,0.0760
2546,-0.104455,0.0771
2547,-0.108013,0.0769
2548,-0.111588,0.0760
2549,-0.106047,0.0760
2550,-0.101981,0.0770
2551,-0.097611,0.0759
2552,-0.093005,0.0770
2553,-0.094466,0.0769
2554,-0.100603,0.0760
2555,-0.101446,0.0760
2556,-0.106170,0.0762
2557,-0.111006,0.0758
2558,-0.113969,0.0758
2559,-0.114289,0.0760
2560,-0.111716,0.0758
2561,-0.111060,0.0757
2562,-0.109544,0.0758
2563,-0.111886,0.0758
2564,-0.114317,0.0758
2565,-0.117059,0.0761
2566,-0.117010,0.0762
2567,-0.120189,0.0758
2568,-0.120581,0.0758
2569,-0.119006,0.0758
2570,-0.119310,0.0762
2571,-0.118673,0.0758
2572,-0.117517,0.0759
2573,-0.116740,0.0758
2574,-0.120142,0.0759
2575,-0.119941,0.0758
2576,-0.117823,0.0758
2577,-0.115163,0.0758
2578,-0.113226,0.0759
2579,-0.114619,0.0758
2580,-0.113535,0.0763
2581,-0.114268,0.0758
2582,-0.102901,0.0759
2583,-0.104666,0.0758
2584,-0.105356,0.0759
2585,-0.108664,0.0758
2586,-0.108549,0.0759
2587,-0.110777,0.0758
2588,-0.106992,0.0759
2589,-0.106178,0.0758
2590,-0.106557,0.0759
2591,-0.104596,0.0758
2592,-0.105142,0.0758
2593,-0.102736,0.0758
2594,-0.096435,0.0758
2595,-0.097664,0.0757
2596,-0.098202,0.0758
2597,-0.101089,0.0764
2598,-0.105547,0.0758
2599,-0.103504,0.0757
2600,-0.103592,0.0765
2601,-0.105864,0.0758
2602,-0.105881,0.0759
2603,-0.108861,0.0757
2604,-0.108404,0.0758
2605,-0.110051,0.0757
2606,-0.112632,0.0758
2607,-0.111397,0.0757
2608,-0.110435,0.0758
2609,-0.111257,0.0757
2610,-0.108164,0.0765
2611,-0.107231,0.0757
2612,-0.108528,0.0758
2613,-0.099438,0.0757
2614,-0.098102,0.0758
2615,-0.102099,0.0757
2616,-0.106828,0.0758
2617,-0.106355,0.0758
2618,-0.108678,0.0759
2619,-0.107906,0.0757
2620,-0.111883,0.0759
2621,-0.106979,0.0758
2622,-0.104234,0.0759
2623,-0.108900,0.0758
2624,-0.111933,0.0759
2625,-0.111476,0.0758
2626,-0.110074,0.0759
2627,-0.115271,0.0758
2628,-0.115677,0.0768
2629,-0.117793,0.0757
2630,-0.118041,0.0758
2631,-0.114302,0.0775
2632,-0.113675,0.0768
2633,-0.117128,0.0757
2634,-0.116417,0.0758
2635,-0.119246,0.0758
2636,-0.121050,0.0769
2637,-0.123467,0.0768
2638,-0.123655,0.0761
2639,-0.120726,0.0760
2640,-0.125530,0.0761
2641,-0.124389,0.0761
2642,-0.124742,0.0762
2643,-0.125699,0.0760
2644,-0.126796,0.0771
2645,-0.127046,0.0761
2646,-0.125923,0.0761
2647,-0.126841,0.0758
2648,-0.131083,0.0761
2649,-0.128536,0.0759
2650,-0.127618,0.0759
2651,-0.121005,0.0759
2652,-0.110827,0.0761
2653,-0.106122,0.0760
2654,-0.105086,0.0760
2655,-0.109769,0.0759
2656,-0.112884,0.0760
2657,-0.116084,0.0758
2658,-0.114783,0.0759
2659,-0.113117,0.0770
2660,-0.113863,0.0759
2661,-0.113026,0.0770
2662,-0.116937,0.0759
2663,-0.118586,0.0759
2664,-0.119452,0.0771
2665,-0.119524,0.0770
2666,-0.122226,0.0773
2667,-0.118485,0.0758
2668,-0.117454,0.0773
2669,-0.119275,0.0758
2670,-0.121304,0.0762
2671,-0.120849,0.0761
2672,-0.122930,0.0762
2673,-0.123190,0.0761
2674,-0.125286,0.0762
2675,-0.119858,0.0761
2676,-0.122531,0.0764
2677,-0.122442,0.0762
2678,-0.123582,0.0761
2679,-0.122153,0.0762
2680,-0.122050,0.0761
2681,-0.119524,0.0761
2682,-0.124757,0.0761
2683,-0.123862,0.0760
2684,-0.127228,0.0762
2685,-0.128853,0.0760
2686,-0.126644,0.0763
2687,-0.123860,0.0761
2688,-0.116536,0.0761
2689,-0.111246,0.0761
2690,-0.107643,0.0763
2691,-0.111768,0.0760
2692,-0.114305,0.0762
2693,-0.116836,0.0758
2694,-0.113869,0.0762
2695,-0.115533,0.0758
2696,-0.118107,0.0759
2697,-0.117286,0.0761
2698,-0.120970,0.0759
2699,-0.119798,0.0758
2700,-0.122222,0.0759
2701,-0.125875,0.0758
2702,-0.127760,0.0759
2703,-0.120426,0.0762
2704,-0.120953,0.0763
2705,-0.123141,0.0761
2706,-0.126011,0.0759
2707,-0.123136,0.0773
2708,-0.125431,0.0760
2709,-0.113991,0.0762
2710,-0.101921,0.0759
2711,-0.098851,0.0759
2712,-0.098491,0.0762
2713,-0.096861,0.0762
2714,-0.093097,0.0763
2715,-0.092373,0.0759
2716,-0.095330,0.0759
2717,-0.096263,0.0762
2718,-0.095909,0.0759
2719,-0.092510,0.0761
2720,-0.096120,0.0759
2721,-0.100539,0.0772
2722,-0.096129,0.0759
2723,-0.094883,0.0758
2724,-0.085454,0.0759
2725,-0.090121,0.0759
2726,-0.090801,0.0773
2727,-0.092416,0.0759
2728,-0.095651,0.0762
2729,-0.096929,0.0761
2730,-0.100085,0.0773
2731,-0.106292,0.0759
2732,-0.108893,0.0760
2733,-0.107105,0.0758
2734,-0.105814,0.0759
2735,-0.103585,0.0758
2736,-0.111409,0.0777
2737,-0.110871,0.0758
2738,-0.111046,0.0778
2739,-0.113304,0.0759
2740,-0.106411,0.0777
2741,-0.104577,0.0777
2742,-0.103743,0.0759
2743,-0.113478,0.0758
2744,-0.111167,0.0759
2745,-0.114542,0.0777
2746,-0.116103,0.0759
2747,-0.114443,0.0777
2748,-0.108788,0.0777
2749,-0.111478,0.0758
2750,-0.112212,0.0777
2751,-0.103401,0.0769
2752,-0.100414,0.0759
2753,-0.096727,0.0758
2754,-0.096650,0.0759
2755,-0.100597,0.0758
2756,-0.102108,0.0759
2757,-0.102617,0.0758
2758,-0.101678,0.0769
2759,-0.106759,0.0758
2760,-0.110563,0.0759
2761,-0.104049,0.0758
2762,-0.111168,0.0769
2763,-0.105650,0.0758
2764,-0.112067,0.0759
2765,-0.110155,0.0758
2766,-0.115596,0.0760
2767,-0.120486,0.0769
2768,-0.123510,0.0760
2769,-0.125808,0.0770
2770,-0.126675,0.0759
2771,-0.130135,0.0758
2772,-0.126164,0.0761
2773,-0.129560,0.0758
2774,-0.130052,0.0760
2775,-0.130623,0.0760
2776,-0.126218,0.0771
2777,-0.125001,0.0758
2778,-0.126715,0.0771
2779,-0.128333,0.0760
2780,-0.125982,0.0759
2781,-0.110187,0.0771
2782,-0.107862,0.0759
2783,-0.111191,0.0760
2784,-0.114138,0.0762
2785,-0.118853,0.0760
2786,-0.120979,0.0759
2787,-0.123026,0.0760
2788,-0.119227,0.0759
2789,-0.120446,0.0759
2790,-0.118854,0.0761
2791,-0.116823,0.0759
2792,-0.120003,0.0760
2793,-0.123863,0.0760
2794,-0.123444,0.0763
2795,-0.125615,0.0762
2796,-0.126707,0.0762
2797,-0.129362,0.0762
2798,-0.131055,0.0760
2799,-0.135693,0.0761
2800,-0.134339,0.0761
2801,-0.133181,0.0759
2802,-0.131942,0.0762
2803,-0.126830,0.0761
2804,-0.129990,0.0762
2805,-0.133121,0.0762
2806,-0.132995,0.0774
2807,-0.133638,0.0759
2808,-0.134960,0.0760
2809,-0.136350,0.0763
2810,-0.132636,0.0760
2811,-0.130759,0.0764
2812,-0.131291,0.0762
2813,-0.134794,0.0764
2814,-0.135196,0.0761
2815,-0.134216,0.0758
2816,-0.136225,0.0765
2817,-0.137666,0.0774
2818,-0.139436,0.0776
2819,-0.139095,0.0762
2820,-0.139789,0.0762
2821,-0.137819,0.0765
2822,-0.136833,0.0765
2823,-0.136828,0.0763
2824,-0.138042,0.0763
2825,-0.140617,0.0767
2826,-0.139798,0.0767
2827,-0.138607,0.0778
2828,-0.135444,0.0769
2829,-0.134107,0.0769
2830,-0.134973,0.0765
2831,-0.133067,0.0771
2832,-0.130645,0.0771
2833,-0.130317,0.0766
2834,-0.132198,0.0772
2835,-0.132253,0.0773
2836,-0.136390,0.0783
2837,-0.136127,0.0772
2838,-0.138196,0.0773
2839,-0.138442,0.0773
2840,-0.140935,0.0774
2841,-0.139486,0.0771
2842,-0.138588,0.0771
2843,-0.141627,0.0770
2844,-0.139903,0.0770
2845,-0.140163,0.0776
2846,-0.142925,0.0771
2847,-0.143109,0.0778
2848,-0.144823,0.0789
2849,-0.143678,0.0788
2850,-0.140881,0.0790
2851,-0.142909,0.0801
2852,-0.142609,0.0790
2853,-0.142794,0.0801
2854,-0.140686,0.0775
2855,-0.138802,0.0775
2856,-0.141546,0.0791
2857,-0.143153,0.0783
2858,-0.145644,0.0785
2859,-0.145107,0.0802
2860,-0.147087,0.0781
2861,-0.148379,0.0792
2862,-0.148656,0.0786
2863,-0.144792,0.0777
2864,-0.139872,0.0778
2865,-0.135505,0.0778
2866,-0.133026,0.0778
2867,-0.131548,0.0785
2868,-0.134346,0.0780
2869,-0.134116,0.0787
2870,-0.132678,0.0786
2871,-0.132052,0.0782
2872,-0.134048,0.0785
2873,-0.138580,0.0779
2874,-0.139505,0.0789
2875,-0.143747,0.0786
2876,-0.141970,0.0780
2877,-0.142955,0.0788
2878,-0.144416,0.0781
2879,-0.143448,0.0781
2880,-0.141720,0.0790
2881,-0.144119,0.0781
2882,-0.144722,0.0782
2883,-0.146881,0.0790
2884,-0.146422,0.0782
2885,-0.145130,0.0773
2886,-0.142920,0.0791
2887,-0.141475,0.0793
2888,-0.137018,0.0793
2889,-0.132810,0.0794
2890,-0.133560,0.0785
2891,-0.131116,0.0797
2892,-0.130757,0.0797
2893,-0.130980,0.0796
2894,-0.132923,0.0797
2895,-0.134807,0.0791
2896,-0.134681,0.0800
2897,-0.134946,0.0790
2898,-0.136131,0.0804
2899,-0.141092,0.0791
2900,-0.140458,0.0803
2901,-0.139400,0.0792
2902,-0.136830,0.0793
2903,-0.137874,0.0794
2904,-0.141290,0.0795
2905,-0.138470,0.0807
2906,-0.138237,0.0795
2907,-0.141356,0.0781
2908,-0.140564,0.0795
2909,-0.143976,0.0797
2910,-0.146144,0.0786
2911,-0.147141,0.0809
2912,-0.148993,0.0810
2913,-0.146697,0.0800
2914,-0.149058,0.0792
2915,-0.146893,0.0803
2916,-0.145510,0.0785
2917,-0.147521,0.0815
2918,-0.146511,0.0815
2919,-0.147563,0.0813
2920,-0.147268,0.0817
2921,-0.146168,0.0802
2922,-0.147810,0.0803
2923,-0.150754,0.0802
2924,-0.149133,0.0806
2925,-0.143626,0.0802
2926,-0.142179,0.0802
2927,-0.143104,0.0819
2928,-0.142429,0.0815
2929,-0.141931,0.0814
2930,-0.139833,0.0814
2931,-0.134121,0.0813
2932,-0.135416,0.0802
2933,-0.133998,0.0816
2934,-0.131531,0.0800
2935,-0.115980,0.0784
2936,-0.106000,0.0812
2937,-0.097373,0.0809
2938,-0.096250,0.0797
2939,-0.101766,0.0809
2940,-0.108100,0.0795
2941,-0.112266,0.0808
2942,-0.118626,0.0807
2943,-0.115124,0.0793
2944,-0.115524,0.0779
2945,-0.114868,0.0791
2946,-0.116237,0.0791
2947,-0.123486,0.0790
2948,-0.122096,0.0790
2949,-0.123940,0.0777
2950,-0.125739,0.0788
2951,-0.126506,0.0788
2952,-0.128912,0.0788
2953,-0.129834,0.0797
2954,-0.130574,0.0776
2955,-0.130431,0.0784
2956,-0.132270,0.0775
2957,-0.136032,0.0796
2958,-0.137975,0.0783
2959,-0.140947,0.0785
2960,-0.141084,0.0785
2961,-0.141416,0.0784
2962,-0.142737,0.0784
2963,-0.143261,0.0783
2964,-0.141971,0.0792
2965,-0.140989,0.0790
2966,-0.141996,0.0792
2967,-0.140697,0.0780
2968,-0.144079,0.0792
2969,-0.147801,0.0790
2970,-0.149582,0.0790
2971,-0.150845,0.0782
2972,-0.128791,0.0792
2973,-0.111841,0.0790
2974,-0.102960,0.0782
2975,-0.103823,0.0791
2976,-0.107544,0.0782
2977,-0.110123,0.0785
2978,-0.110843,0.0782
2979,-0.120285,0.0782
2980,-0.124969,0.0782
2981,-0.128022,0.0789
2982,-0.133633,0.0782
2983,-0.137566,0.0772
2984,-0.136775,0.0783
2985,-0.136333,0.0790
2986,-0.134382,0.0783
2987,-0.135522,0.0793
2988,-0.135230,0.0793
2989,-0.137038,0.0793
2990,-0.139553,0.0791
2991,-0.141050,0.0783
2992,-0.143331,0.0782
2993,-0.145208,0.0792
2994,-0.144307,0.0784
2995,-0.145611,0.0795
2996,-0.146526,0.0788
2997,-0.143634,0.0795
2998,-0.143713,0.0789
2999,-0.143651,0.0785
3000,-0.143338,0.0794
3001,-0.139889,0.0793
3002,-0.146733,0.0797
3003,-0.147242,0.0794
3004,-0.144442,0.0798
3005,-0.141438,0.0786
3006,-0.135691,0.0787
3007,-0.131368,0.0797
3008,-0.130935,0.0798
3009,-0.131293,0.0788
3010,-0.140148,0.0776
3011,-0.145347,0.0798
3012,-0.146162,0.0800
3013,-0.144186,0.0801
3014,-0.137798,0.0789
3015,-0.137086,0.0798
3016,-0.138097,0.0793
3017,-0.144410,0.0789
3018,-0.146941,0.0790
3019,-0.149773,0.0790
3020,-0.149056,0.0790
3021,-0.147145,0.0790
3022,-0.145718,0.0801
3023,-0.148340,0.0803
3024,-0.151434,0.0804
3025,-0.150589,0.0791
3026,-0.151570,0.0804
3027,-0.144639,0.0792
3028,-0.140958,0.0793
3029,-0.144284,0.0806
3030,-0.149976,0.0806
3031,-0.148553,0.0804
3032,-0.144157,0.0806
3033,-0.143577,0.0807
3034,-0.145360,0.0798
3035,-0.146515,0.0805
3036,-0.153850,0.0795
3037,-0.125816,0.0794
3038,-0.106561,0.0809
3039,-0.101020,0.0795
3040,-0.094518,0.0795
3041,-0.102443,0.0806
3042,-0.089109,0.0809
3043,-0.086286,0.0809
3044,-0.095887,0.0796
3045,-0.111368,0.0810
3046,-0.127569,0.0809
3047,-0.126623,0.0808
3048,-0.120377,0.0811
3049,-0.115818,0.0812
3050,-0.126342,0.0810
3051,-0.135969,0.0812
3052,-0.102993,0.0798
3053,-0.084240,0.0799
3054,-0.075654,0.0804
3055,-0.074042,0.0799
3056,-0.063454,0.0800
3057,-0.071353,0.0804
3058,-0.072910,0.0813
3059,-0.080744,0.0816
3060,-0.100205,0.0817
3061,-0.115794,0.0801
3062,-0.129111,0.0817
3063,-0.134095,0.0802
3064,-0.116418,0.0806
3065,-0.110859,0.0815
3066,-0.117461,0.0803
3067,-0.118972,0.0802
3068,-0.127181,0.0803
3069,-0.131736,0.0819
3070,-0.136620,0.0820
3071,-0.146949,0.0818
3072,-0.140897,0.0821
3073,-0.144472,0.0809
3074,-0.145861,0.0805
3075,-0.144294,0.0805
3076,-0.149566,0.0805
3077,-0.147563,0.0806
3078,-0.147355,0.0823
3079,-0.156485,0.0820
3080,-0.130685,0.0807
3081,-0.118771,0.0812
3082,-0.108773,0.0824
3083,-0.102751,0.0807
3084,-0.099200,0.0825
3085,-0.113635,0.0808
3086,-0.099954,0.0814
3087,-0.104687,0.0808
3088,-0.110522,0.0808
3089,-0.114975,0.0808
3090,-0.129063,0.0809
3091,-0.136473,0.0809
3092,-0.147724,0.0791
3093,-0.155583,0.0827
3094,-0.156685,0.0828
3095,-0.150453,0.0827
3096,-0.147111,0.0811
3097,-0.151593,0.0825
3098,-0.152233,0.0830
3099,-0.148007,0.0811
3100,-0.151559,0.0826
3101,-0.151623,0.0828
3102,-0.155092,0.0829
3103,-0.157674,0.0829
3104,-0.158892,0.0829
3105,-0.159779,0.0811
3106,-0.158616,0.0811
3107,-0.159778,0.0828
3108,-0.161028,0.0815
3109,-0.161629,0.0829
3110,-0.163077,0.0811
3111,-0.161251,0.0811
3112,-0.160606,0.0825
3113,-0.164242,0.0829
3114,-0.161365,0.0830
3115,-0.162380,0.0816
3116,-0.164811,0.0812
3117,-0.164750,0.0812
3118,-0.166119,0.0813
3119,-0.163604,0.0813
3120,-0.164093,0.0813
3121,-0.164141,0.0813
3122,-0.162389,0.0833
3123,-0.162123,0.0819
3124,-0.160288,0.0834
3125,-0.159244,0.0834
3126,-0.161123,0.0818
3127,-0.163260,0.0834
3128,-0.164100,0.0797
3129,-0.164838,0.0832
3130,-0.162586,0.0835
3131,-0.154481,0.0832
3132,-0.152226,0.0817
3133,-0.152341,0.0836
3134,-0.154023,0.0817
3135,-0.145084,0.0837
3136,-0.139232,0.0817
3137,-0.138826,0.0818
3138,-0.140596,0.0819
3139,-0.149760,0.0840
3140,-0.147802,0.0819
3141,-0.140736,0.0836
3142,-0.143484,0.0841
3143,-0.149439,0.0821
3144,-0.153090,0.0819
3145,-0.147312,0.0819
3146,-0.150332,0.0819
3147,-0.159624,0.0819
3148,-0.134287,0.0842
3149,-0.125265,0.0823
3150,-0.118190,0.0820
3151,-0.112432,0.0820
3152,-0.116963,0.0820
3153,-0.121873,0.0820
3154,-0.131456,0.0842
3155,-0.144927,0.0841
3156,-0.151792,0.0822
3157,-0.150505,0.0819
3158,-0.146438,0.0819
3159,-0.147356,0.0818
3160,-0.146935,0.0842
3161,-0.153191,0.0826
3162,-0.158630,0.0836
3163,-0.159509,0.0837
3164,-0.160102,0.0841
3165,-0.158285,0.0818
3166,-0.159590,0.0818
3167,-0.155322,0.0836
3168,-0.156766,0.0835
3169,-0.157160,0.0839
3170,-0.152842,0.0818
3171,-0.151733,0.0817
3172,-0.147777,0.0805
3173,-0.146781,0.0837
3174,-0.148084,0.0817
3175,-0.145513,0.0839
3176,-0.143565,0.0818
3177,-0.147839,0.0823
3178,-0.150775,0.0821
3179,-0.149365,0.0833
3180,-0.151391,0.0815
3181,-0.152658,0.0822
3182,-0.154472,0.0825
3183,-0.155782,0.0815
3184,-0.156681,0.0814
3185,-0.160136,0.0821
3186,-0.162484,0.0835
3187,-0.164624,0.0814
3188,-0.164913,0.0836
3189,-0.165284,0.0814
3190,-0.168607,0.0836
3191,-0.169544,0.0820
3192,-0.170251,0.0815
3193,-0.168972,0.0836
3194,-0.170545,0.0837
3195,-0.172454,0.0815
3196,-0.172849,0.0815
3197,-0.170311,0.0822
3198,-0.169189,0.0832
3199,-0.167254,0.0831
3200,-0.165681,0.0836
3201,-0.166505,0.0819
3202,-0.167931,0.0816
3203,-0.166810,0.0814
3204,-0.163237,0.0816
3205,-0.164600,0.0834
3206,-0.160456,0.0838
3207,-0.155455,0.0816
3208,-0.154166,0.0833
3209,-0.153678,0.0816
3210,-0.153552,0.0833
3211,-0.157509,0.0836
3212,-0.161218,0.0796
3213,-0.162611,0.0816
3214,-0.158437,0.0838
3215,-0.160815,0.0822
3216,-0.157808,0.0816
3217,-0.157602,0.0833
3218,-0.156062,0.0838
3219,-0.156520,0.0816
3220,-0.159903,0.0816
3221,-0.161009,0.0816
3222,-0.159634,0.0816
3223,-0.158442,0.0833
3224,-0.157288,0.0836
3225,-0.158201,0.0816
3226,-0.163035,0.0816
3227,-0.163815,0.0832
3228,-0.163599,0.0836
3229,-0.166072,0.0820
3230,-0.165276,0.0816
3231,-0.164816,0.0832
3232,-0.164862,0.0838
3233,-0.164982,0.0836
3234,-0.160602,0.0836
3235,-0.158305,0.0838
3236,-0.153863,0.0816
3237,-0.149131,0.0820
3238,-0.151557,0.0816
3239,-0.149549,0.0816
3240,-0.148363,0.0826
3241,-0.146029,0.0815
3242,-0.146537,0.0817
3243,-0.145092,0.0838
3244,-0.145906,0.0816
3245,-0.149150,0.0817
3246,-0.150537,0.0839
3247,-0.152390,0.0804
3248,-0.154058,0.0818
3249,-0.157133,0.0838
3250,-0.156653,0.0818
3251,-0.157502,0.0818
3252,-0.154115,0.0818
3253,-0.152653,0.0818
3254,-0.155051,0.0819
3255,-0.159528,0.0822
3256,-0.163067,0.0827
3257,-0.167926,0.0836
3258,-0.167380,0.0835
3259,-0.162393,0.0837
3260,-0.161179,0.0843
3261,-0.162008,0.0829
3262,-0.165242,0.0821
3263,-0.165075,0.0839
3264,-0.166893,0.0844
3265,-0.165569,0.0844
3266,-0.169104,0.0840
3267,-0.169543,0.0822
3268,-0.167344,0.0846
3269,-0.170466,0.0823
3270,-0.170448,0.0823
3271,-0.167194,0.0823
3272,-0.168727,0.0832
3273,-0.169536,0.0848
3274,-0.169558,0.0849
3275,-0.172112,0.0825
3276,-0.172820,0.0825
3277,-0.171558,0.0831
3278,-0.169624,0.0851
3279,-0.168653,0.0836
3280,-0.159752,0.0850
3281,-0.156458,0.0827
3282,-0.159096,0.0829
3283,-0.160859,0.0826
3284,-0.163575,0.0843
3285,-0.164509,0.0830
3286,-0.167381,0.0845
3287,-0.169351,0.0845
3288,-0.170236,0.0848
3289,-0.170935,0.0841
3290,-0.171187,0.0823
3291,-0.171157,0.0841
3292,-0.173406,0.0841
3293,-0.173034,0.0823
3294,-0.171839,0.0823
3295,-0.174346,0.0801
3296,-0.174400,0.0845
3297,-0.175124,0.0845
3298,-0.176230,0.0840
3299,-0.176826,0.0804
3300,-0.177248,0.0837
3301,-0.178392,0.0827
3302,-0.175483,0.0846
3303,-0.176029,0.0828
3304,-0.178252,0.0827
3305,-0.179418,0.0826
3306,-0.138390,0.0846
3307,-0.134977,0.0829
3308,-0.125956,0.0829
3309,-0.124810,0.0846
3310,-0.133625,0.0822
3311,-0.139854,0.0847
3312,-0.144978,0.0848
3313,-0.146531,0.0824
3314,-0.148165,0.0825
3315,-0.154413,0.0839
3316,-0.154765,0.0825
3317,-0.156040,0.0811
3318,-0.162505,0.0824
3319,-0.164109,0.0846
3320,-0.164513,0.0825
3321,-0.167585,0.0831
3322,-0.168205,0.0832
3323,-0.170542,0.0826
3324,-0.170324,0.0832
3325,-0.171055,0.0825
3326,-0.119874,0.0825
3327,-0.100395,0.0826
3328,-0.094174,0.0826
3329,-0.084575,0.0826
3330,-0.085539,0.0837
3331,-0.098242,0.0825
3332,-0.105141,0.0849
3333,-0.107875,0.0811
3334,-0.107065,0.0826
3335,-0.102365,0.0826
3336,-0.090618,0.0826
3337,-0.078985,0.0832
3338,-0.073964,0.0833
3339,-0.069620,0.0825
3340,-0.077595,0.0845
3341,-0.089182,0.0826
3342,-0.096422,0.0845
3343,-0.102550,0.0826
3344,-0.106670,0.0825
3345,-0.111374,0.0825
3346,-0.115049,0.0843
3347,-0.119488,0.0843
3348,-0.101671,0.0806
3349,-0.093834,0.0824
3350,-0.096564,0.0825
3351,-0.100293,0.0809
3352,-0.105465,0.0827
3353,-0.111470,0.0823
3354,-0.116438,0.0822
3355,-0.118816,0.0822
3356,-0.122505,0.0808
3357,-0.124596,0.0844
3358,-0.092204,0.0842
3359,-0.060957,0.0822
3360,-0.042967,0.0822
3361,-0.035834,0.0839
3362,-0.035772,0.0844
3363,-0.038665,0.0841
3364,-0.052327,0.0822
3365,-0.066762,0.0821
3366,-0.076496,0.0826
3367,-0.083466,0.0839
3368,-0.093040,0.0821
3369,-0.104698,0.0841
3370,-0.114885,0.0821
3371,-0.123727,0.0839
3372,-0.129574,0.0826
3373,-0.134789,0.0828
3374,-0.137100,0.0838
3375,-0.135037,0.0820
3376,-0.132273,0.0826
3377,-0.130272,0.0820
3378,-0.130201,0.0828
3379,-0.130163,0.0836
3380,-0.133246,0.0816
3381,-0.137851,0.0833
3382,-0.139634,0.0815
3383,-0.144669,0.0814
3384,-0.144343,0.0813
3385,-0.144971,0.0832
3386,-0.146158,0.0826
3387,-0.136810,0.0813
3388,-0.130068,0.0830
3389,-0.129758,0.0823
3390,-0.132109,0.0811
3391,-0.132797,0.0811
3392,-0.136709,0.0801
3393,-0.143129,0.0812
3394,-0.143917,0.0822
3395,-0.147597,0.0812
3396,-0.149758,0.0805
3397,-0.154658,0.0808
3398,-0.158975,0.0821
3399,-0.161265,0.0809
3400,-0.161083,0.0816
3401,-0.163739,0.0802
3402,-0.164819,0.0803
3403,-0.165035,0.0818
3404,-0.167599,0.0818
3405,-0.166847,0.0813
3406,-0.167704,0.0793
3407,-0.168386,0.0805
3408,-0.169591,0.0818
3409,-0.170786,0.0816
3410,-0.170093,0.0807
3411,-0.170019,0.0809
3412,-0.171163,0.0812
3413,-0.172904,0.0818
3414,-0.171521,0.0816
3415,-0.169708,0.0803
3416,-0.172220,0.0786
3417,-0.172641,0.0800
3418,-0.173780,0.0815
3419,-0.174588,0.0816
3420,-0.167854,0.0812
3421,-0.169554,0.0786
3422,-0.169244,0.0800
3423,-0.169585,0.0804
3424,-0.169399,0.0806
3425,-0.172848,0.0800
3426,-0.175860,0.0813
3427,-0.175086,0.0795
3428,-0.170773,0.0802
3429,-0.170810,0.0816
3430,-0.170621,0.0801
3431,-0.172503,0.0817
3432,-0.171531,0.0801
3433,-0.173006,0.0803
3434,-0.175281,0.0815
3435,-0.177251,0.0802
3436,-0.174495,0.0803
3437,-0.174739,0.0817
3438,-0.174468,0.0802
3439,-0.176794,0.0803
3440,-0.178699,0.0817
3441,-0.180726,0.0820
3442,-0.179003,0.0804
3443,-0.180589,0.0816
3444,-0.180774,0.0818
3445,-0.179507,0.0804
3446,-0.180527,0.0804
3447,-0.185361,0.0804
3448,-0.184633,0.0804
3449,-0.185498,0.0802
3450,-0.186790,0.0805
3451,-0.185303,0.0814
3452,-0.187202,0.0805
3453,-0.186384,0.0805
3454,-0.186329,0.0822
3455,-0.175599,0.0822
3456,-0.172888,0.0822
3457,-0.175646,0.0812
3458,-0.175717,0.0819
3459,-0.178244,0.0805
3460,-0.178318,0.0821
3461,-0.180545,0.0807
3462,-0.179799,0.0821
3463,-0.181796,0.0807
3464,-0.183150,0.0813
3465,-0.182399,0.0822
3466,-0.182585,0.0792
3467,-0.181185,0.0808
3468,-0.182458,0.0808
3469,-0.183899,0.0826
3470,-0.174493,0.0822
3471,-0.181988,0.0828
3472,-0.180376,0.0809
3473,-0.180160,0.0809
3474,-0.179836,0.0809
3475,-0.177692,0.0825
3476,-0.183169,0.0818
3477,-0.186002,0.0810
3478,-0.183457,0.0816
3479,-0.182581,0.0827
3480,-0.181971,0.0811
3481,-0.183088,0.0825
3482,-0.183020,0.0811
3483,-0.185412,0.0800
3484,-0.185858,0.0816
3485,-0.186195,0.0826
3486,-0.186470,0.0826
3487,-0.185892,0.0819
3488,-0.188462,0.0812
3489,-0.188858,0.0812
3490,-0.186518,0.0832
3491,-0.186398,0.0794
3492,-0.189989,0.0819
3493,-0.189165,0.0831
3494,-0.189643,0.0828
3495,-0.189648,0.0813
3496,-0.190233,0.0813
3497,-0.186929,0.0829
3498,-0.186586,0.0818
3499,-0.178350,0.0814
3500,-0.172520,0.0812
3501,-0.175002,0.0822
3502,-0.174765,0.0835
3503,-0.175556,0.0815
3504,-0.176559,0.0829
3505,-0.176431,0.0832
3506,-0.179192,0.0816
3507,-0.175455,0.0815
3508,-0.173169,0.0815
3509,-0.172112,0.0834
3510,-0.171991,0.0823
3511,-0.174247,0.0814
3512,-0.175570,0.0799
3513,-0.174418,0.0805
3514,-0.175611,0.0814
3515,-0.174966,0.0837
3516,-0.177031,0.0822
3517,-0.177932,0.0833
3518,-0.179112,0.0815
3519,-0.179280,0.0820
3520,-0.179333,0.0834
3521,-0.178424,0.0817
3522,-0.177501,0.0798
3523,-0.181253,0.0834
3524,-0.181349,0.0818
3525,-0.182088,0.0833
3526,-0.184173,0.0818
3527,-0.184351,0.0818
3528,-0.184956,0.0817
3529,-0.182877,0.0835
3530,-0.185017,0.0807
3531,-0.186439,0.0838
3532,-0.186221,0.0823
3533,-0.188458,0.0816
3534,-0.188672,0.0800
3535,-0.189533,0.0800
3536,-0.189245,0.0820
3537,-0.189306,0.0837
3538,-0.190030,0.0839
3539,-0.190211,0.0836
3540,-0.190260,0.0820
3541,-0.191237,0.0836
3542,-0.190385,0.0841
3543,-0.190376,0.0838
3544,-0.191650,0.0838
3545,-0.191949,0.0823
3546,-0.193662,0.0841
3547,-0.193379,0.0818
3548,-0.188732,0.0839
3549,-0.185905,0.0834
3550,-0.187668,0.0841
3551,-0.181727,0.0819
3552,-0.177116,0.0841
3553,-0.174140,0.0819
3554,-0.175072,0.0839
3555,-0.175880,0.0819
3556,-0.181303,0.0839
3557,-0.178511,0.0819
3558,-0.174376,0.0829
3559,-0.177746,0.0819
3560,-0.175467,0.0841
3561,-0.174698,0.0825
3562,-0.176665,0.0820
3563,-0.176702,0.0836
3564,-0.181734,0.0824
3565,-0.183951,0.0835
3566,-0.181787,0.0820
3567,-0.180744,0.0837
3568,-0.181612,0.0821
3569,-0.182818,0.0831
3570,-0.180466,0.0829
3571,-0.180909,0.0839
3572,-0.183688,0.0822
3573,-0.185992,0.0841
3574,-0.185464,0.0820
3575,-0.184113,0.0844
3576,-0.184563,0.0820
3577,-0.167929,0.0841
3578,-0.176391,0.0844
3579,-0.150273,0.0822
3580,-0.158158,0.0822
3581,-0.156732,0.0838
3582,-0.157331,0.0829
3583,-0.160735,0.0822
3584,-0.160524,0.0822
3585,-0.168749,0.0823
3586,-0.166137,0.0822
3587,-0.166374,0.0839
3588,-0.167334,0.0841
3589,-0.168832,0.0842
3590,-0.169735,0.0821
3591,-0.172083,0.0838
3592,-0.172912,0.0842
3593,-0.176540,0.0845
3594,-0.174684,0.0843
3595,-0.176602,0.0835
3596,-0.180065,0.0841
3597,-0.179004,0.0841
3598,-0.171812,0.0843
3599,-0.168046,0.0843
3600,-0.163845,0.0836
3601,-0.163297,0.0823
3602,-0.167529,0.0824
3603,-0.171496,0.0823
3604,-0.174346,0.0822
3605,-0.174325,0.0822
3606,-0.175744,0.0823
3607,-0.175205,0.0821
3608,-0.172591,0.0820
3609,-0.173633,0.0826
3610,-0.178293,0.0845
3611,-0.177834,0.0844
3612,-0.180687,0.0827
3613,-0.179681,0.0841
3614,-0.182046,0.0830
3615,-0.178562,0.0845
3616,-0.179130,0.0825
3617,-0.183169,0.0822
3618,-0.185624,0.0828
3619,-0.186869,0.0840
3620,-0.185856,0.0839
3621,-0.184235,0.0837
3622,-0.188245,0.0828
3623,-0.185258,0.0841
3624,-0.185842,0.0823
3625,-0.185483,0.0822
3626,-0.189501,0.0838
3627,-0.185638,0.0831
3628,-0.182602,0.0841
3629,-0.179855,0.0823
3630,-0.181608,0.0827
3631,-0.182708,0.0823
3632,-0.183217,0.0846
3633,-0.180022,0.0823
3634,-0.180897,0.0802
3635,-0.180543,0.0841
3636,-0.182345,0.0823
3637,-0.184544,0.0846
3638,-0.180697,0.0841
3639,-0.183172,0.0839
3640,-0.184641,0.0824
3641,-0.185701,0.0824
3642,-0.185262,0.0843
3643,-0.183696,0.0846
3644,-0.182460,0.0822
3645,-0.184500,0.0819
3646,-0.187215,0.0823
3647,-0.187072,0.0843
3648,-0.183587,0.0837
3649,-0.183734,0.0833
3650,-0.184918,0.0824
3651,-0.184465,0.0823
3652,-0.185853,0.0843
3653,-0.188156,0.0830
3654,-0.188214,0.0843
3655,-0.187505,0.0825
3656,-0.190478,0.0847
3657,-0.188219,0.0826
3658,-0.188055,0.0826
3659,-0.187875,0.0820
3660,-0.187746,0.0824
3661,-0.189095,0.0825
3662,-0.189769,0.0821
3663,-0.187630,0.0826
3664,-0.186233,0.0825
3665,-0.183292,0.0845
3666,-0.182799,0.0825
3667,-0.186014,0.0821
3668,-0.188202,0.0825
3669,-0.186539,0.0849
3670,-0.188792,0.0826
3671,-0.189202,0.0827
3672,-0.189113,0.0826
3673,-0.189548,0.0845
3674,-0.191571,0.0846
3675,-0.191586,0.0826
3676,-0.190683,0.0850
3677,-0.191642,0.0850
3678,-0.191602,0.0838
3679,-0.193225,0.0846
3680,-0.192960,0.0850
3681,-0.196759,0.0821
3682,-0.193525,0.0850
3683,-0.192095,0.0850
3684,-0.193182,0.0841
3685,-0.193862,0.0832
3686,-0.194577,0.0848
3687,-0.192545,0.0827
3688,-0.191118,0.0837
3689,-0.191904,0.0852
3690,-0.190493,0.0851
3691,-0.190697,0.0847
3692,-0.192775,0.0849
3693,-0.191056,0.0848
3694,-0.191787,0.0828
3695,-0.191620,0.0828
3696,-0.190478,0.0829
3697,-0.189999,0.0829
3698,-0.175082,0.0849
3699,-0.166673,0.0848
3700,-0.167773,0.0827
3701,-0.170074,0.0836
3702,-0.168391,0.0832
3703,-0.175794,0.0848
3704,-0.180940,0.0852
3705,-0.185045,0.0847
3706,-0.189030,0.0829
3707,-0.185865,0.0832
3708,-0.184564,0.0823
3709,-0.182341,0.0852
3710,-0.184176,0.0823
3711,-0.185802,0.0824
3712,-0.184969,0.0853
3713,-0.184643,0.0847
3714,-0.185303,0.0830
3715,-0.181054,0.0828
3716,-0.180302,0.0831
3717,-0.177714,0.0828
3718,-0.178000,0.0830
3719,-0.178894,0.0830
3720,-0.183400,0.0830
3721,-0.167120,0.0834
3722,-0.158387,0.0850
3723,-0.152690,0.0830
3724,-0.155719,0.0855
3725,-0.146147,0.0831
3726,-0.150874,0.0855
3727,-0.153568,0.0829
3728,-0.155840,0.0846
3729,-0.165748,0.0829
3730,-0.170181,0.0855
3731,-0.172922,0.0857
3732,-0.175096,0.0840
3733,-0.175336,0.0829
3734,-0.177854,0.0855
3735,-0.180570,0.0830
3736,-0.183472,0.0830
3737,-0.180240,0.0851
3738,-0.182253,0.0817
3739,-0.185182,0.0824
3740,-0.184714,0.0856
3741,-0.188002,0.0830
3742,-0.190065,0.0856
3743,-0.193247,0.0821
3744,-0.187675,0.0817
3745,-0.179840,0.0849
3746,-0.175110,0.0850
3747,-0.174083,0.0836
3748,-0.175559,0.0840
3749,-0.180311,0.0831
3750,-0.183219,0.0851
3751,-0.187017,0.0846
3752,-0.190693,0.0850
3753,-0.194422,0.0834
3754,-0.192495,0.0851
3755,-0.194162,0.0847
3756,-0.194482,0.0842
3757,-0.194854,0.0855
3758,-0.195075,0.0831
3759,-0.195523,0.0826
3760,-0.194585,0.0839
3761,-0.195074,0.0853
3762,-0.192210,0.0832
3763,-0.193974,0.0856
3764,-0.195912,0.0856
3765,-0.196766,0.0831
3766,-0.196556,0.0831
3767,-0.195950,0.0857
3768,-0.191567,0.0832
3769,-0.194479,0.0856
3770,-0.194968,0.0833
3771,-0.193788,0.0843
3772,-0.194139,0.0832
3773,-0.193628,0.0843
3774,-0.194538,0.0830
3775,-0.195869,0.0852
3776,-0.192679,0.0833
3777,-0.192193,0.0856
3778,-0.191378,0.0833
3779,-0.188659,0.0839
3780,-0.190789,0.0851
3781,-0.192875,0.0850
3782,-0.194576,0.0831
3783,-0.193640,0.0829
3784,-0.193225,0.0829
3785,-0.192690,0.0849
3786,-0.191652,0.0854
3787,-0.195367,0.0841
3788,-0.196566,0.0837
3789,-0.197968,0.0829
3790,-0.197631,0.0828
3791,-0.196221,0.0844
3792,-0.194485,0.0830
3793,-0.193545,0.0831
3794,-0.194870,0.0828
3795,-0.194888,0.0829
3796,-0.197316,0.0847
3797,-0.197359,0.0830
3798,-0.198335,0.0828
3799,-0.197589,0.0843
3800,-0.197072,0.0828
3801,-0.194334,0.0828
3802,-0.193736,0.0838
3803,-0.191066,0.0830
3804,-0.193921,0.0834
3805,-0.192839,0.0852
3806,-0.195573,0.0828
3807,-0.197400,0.0819
3808,-0.200371,0.0830
3809,-0.201532,0.0818
3810,-0.201341,0.0829
3811,-0.197542,0.0842
3812,-0.195482,0.0830
3813,-0.199272,0.0853
3814,-0.196385,0.0853
3815,-0.196669,0.0846
3816,-0.194559,0.0843
3817,-0.191684,0.0853
3818,-0.197834,0.0821
3819,-0.198442,0.0840
3820,-0.198215,0.0844
3821,-0.197454,0.0835
3822,-0.196236,0.0828
3823,-0.195961,0.0831
3824,-0.198233,0.0842
3825,-0.200871,0.0846
3826,-0.200484,0.0854
3827,-0.185623,0.0850
3828,-0.185832,0.0831
3829,-0.184244,0.0839
3830,-0.182416,0.0829
3831,-0.184436,0.0829
3832,-0.186625,0.0844
3833,-0.187077,0.0850
3834,-0.190974,0.0847
3835,-0.190335,0.0831
3836,-0.190343,0.0847
3837,-0.190101,0.0846
3838,-0.188301,0.0833
3839,-0.186595,0.0829
3840,-0.189651,0.0843
3841,-0.192431,0.0838
3842,-0.193390,0.0821
3843,-0.191001,0.0856
3844,-0.189649,0.0834
3845,-0.191646,0.0830
3846,-0.193300,0.0848
3847,-0.194477,0.0845
3848,-0.188795,0.0834
3849,-0.188537,0.0851
3850,-0.188709,0.0833
3851,-0.189549,0.0832
3852,-0.175680,0.0846
3853,-0.174995,0.0827
3854,-0.175468,0.0833
3855,-0.170957,0.0845
3856,-0.170364,0.0857
3857,-0.175417,0.0856
3858,-0.176419,0.0833
3859,-0.180927,0.0850
3860,-0.180944,0.0830
3861,-0.186110,0.0833
3862,-0.189599,0.0833
3863,-0.190385,0.0847
3864,-0.195430,0.0830
3865,-0.194260,0.0829
3866,-0.196639,0.0844
3867,-0.198190,0.0833
3868,-0.198812,0.0843
3869,-0.199005,0.0856
3870,-0.199577,0.0857
3871,-0.200460,0.0833
3872,-0.201142,0.0833
3873,-0.200690,0.0826
3874,-0.204153,0.0833
3875,-0.201466,0.0856
3876,-0.198909,0.0856
3877,-0.198279,0.0857
3878,-0.199245,0.0848
3879,-0.199646,0.0832
3880,-0.200356,0.0855
3881,-0.198970,0.0845
3882,-0.198256,0.0840
3883,-0.198169,0.0834
3884,-0.197191,0.0844
3885,-0.198107,0.0835
3886,-0.199261,0.0839
3887,-0.200581,0.0846
3888,-0.197593,0.0854
3889,-0.202225,0.0851
3890,-0.201958,0.0847
3891,-0.203985,0.0851
3892,-0.204811,0.0856
3893,-0.205141,0.0833
3894,-0.204021,0.0848
3895,-0.206030,0.0835
3896,-0.206760,0.0836
3897,-0.207254,0.0861
3898,-0.210607,0.0853
3899,-0.207829,0.0853
3900,-0.206467,0.0845
3901,-0.207473,0.0837
3902,-0.208699,0.0857
3903,-0.210181,0.0857
3904,-0.209814,0.0837
3905,-0.210352,0.0843
3906,-0.211598,0.0845
3907,-0.208908,0.0854
3908,-0.205720,0.0858
3909,-0.205779,0.0861
3910,-0.204964,0.0844
3911,-0.202981,0.0844
3912,-0.203943,0.0850
3913,-0.202019,0.0855
3914,-0.203861,0.0829
3915,-0.198094,0.0833
3916,-0.198599,0.0840
3917,-0.202949,0.0853
3918,-0.204975,0.0855
3919,-0.200168,0.0839
3920,-0.195257,0.0864
3921,-0.195013,0.0856
3922,-0.197549,0.0840
3923,-0.201721,0.0841
3924,-0.203518,0.0847
3925,-0.200327,0.0852
3926,-0.198655,0.0857
3927,-0.201120,0.0856
3928,-0.203977,0.0857
3929,-0.205300,0.0866
3930,-0.205351,0.0839
3931,-0.205363,0.0841
3932,-0.206244,0.0839
3933,-0.210241,0.0841
3934,-0.201822,0.0844
3935,-0.197598,0.0859
3936,-0.195365,0.0858
3937,-0.194376,0.0853
3938,-0.192624,0.0868
3939,-0.192703,0.0867
3940,-0.197705,0.0866
3941,-0.197198,0.0843
3942,-0.197042,0.0840
3943,-0.194250,0.0842
3944,-0.194637,0.0863
3945,-0.195452,0.0868
3946,-0.197551,0.0844
3947,-0.196337,0.0868
3948,-0.197161,0.0863
3949,-0.202091,0.0857
3950,-0.199617,0.0843
3951,-0.197599,0.0842
3952,-0.200624,0.0862
3953,-0.204656,0.0843
3954,-0.209095,0.0870
3955,-0.204455,0.0840
3956,-0.197948,0.0846
3957,-0.196841,0.0856
3958,-0.195137,0.0857
3959,-0.194829,0.0862
3960,-0.198348,0.0856
3961,-0.190420,0.0849
3962,-0.182530,0.0863
3963,-0.182048,0.0856
3964,-0.180918,0.0863
3965,-0.187586,0.0850
3966,-0.191106,0.0856
3967,-0.197198,0.0868
3968,-0.203894,0.0844
3969,-0.198768,0.0844
3970,-0.201029,0.0851
3971,-0.202201,0.0866
3972,-0.204476,0.0846
3973,-0.202174,0.0852
3974,-0.206323,0.0844
3975,-0.193099,0.0868
3976,-0.188872,0.0844
3977,-0.187100,0.0845
3978,-0.180783,0.0855
3979,-0.180358,0.0868
3980,-0.184694,0.0849
3981,-0.189860,0.0844
3982,-0.202683,0.0843
3983,-0.183922,0.0849
3984,-0.175530,0.0851
3985,-0.170985,0.0839
3986,-0.169013,0.0839
3987,-0.162290,0.0857
3988,-0.168981,0.0847
3989,-0.170927,0.0842
3990,-0.174836,0.0842
3991,-0.184636,0.0850
3992,-0.196416,0.0850
3993,-0.202933,0.0856
3994,-0.200910,0.0849
3995,-0.200753,0.0837
3996,-0.203373,0.0848
3997,-0.204390,0.0837
3998,-0.204281,0.0837
3999,-0.204067,0.0856
4000,-0.204879,0.0837
4001,-0.207684,0.0840
4002,-0.207897,0.0863
4003,-0.206585,0.0836
4004,-0.206292,0.0861
4005,-0.207656,0.0858
4006,-0.209327,0.0836
4007,-0.209592,0.0844
4008,-0.208732,0.0858
4009,-0.210281,0.0837
4010,-0.206245,0.0842
4011,-0.204474,0.0859
4012,-0.203545,0.0864
4013,-0.204420,0.0848
4014,-0.207315,0.0837
4015,-0.209244,0.0849
4016,-0.212839,0.0838
4017,-0.213702,0.0837
4018,-0.212003,0.0839
4019,-0.211748,0.0843
4020,-0.209135,0.0841
4021,-0.209900,0.0860
4022,-0.213925,0.0846
4023,-0.214030,0.0847
4024,-0.212161,0.0861
4025,-0.212085,0.0864
4026,-0.214519,0.0846
4027,-0.214679,0.0847
4028,-0.212424,0.0869
4029,-0.214087,0.0868
4030,-0.214138,0.0861
4031,-0.212133,0.0865
4032,-0.215932,0.0843
4033,-0.214381,0.0840
4034,-0.217987,0.0845
4035,-0.211495,0.0864
4036,-0.211979,0.0867
4037,-0.214029,0.0840
4038,-0.213049,0.0869
4039,-0.215296,0.0839
4040,-0.213505,0.0863
4041,-0.213224,0.0869
4042,-0.215237,0.0868
4043,-0.215300,0.0850
4044,-0.213904,0.0871
4045,-0.215197,0.0848
4046,-0.206378,0.0842
4047,-0.205457,0.0842
4048,-0.209976,0.0855
4049,-0.202554,0.0865
4050,-0.202461,0.0855
4051,-0.204615,0.0855
4052,-0.203147,0.0869
4053,-0.210195,0.0870
4054,-0.203657,0.0846
4055,-0.198670,0.0848
4056,-0.198714,0.0842
4057,-0.202074,0.0849
4058,-0.198512,0.0870
4059,-0.200199,0.0843
4060,-0.202677,0.0848
4061,-0.203149,0.0872
4062,-0.210141,0.0872
4063,-0.210555,0.0852
4064,-0.214930,0.0849
4065,-0.211705,0.0849
4066,-0.211305,0.0854
4067,-0.213637,0.0848
4068,-0.212183,0.0853
4069,-0.212413,0.0845
4070,-0.216135,0.0852
4071,-0.209689,0.0851
4072,-0.206481,0.0863
4073,-0.203252,0.0858
4074,-0.203634,0.0845
4075,-0.201249,0.0846
4076,-0.202738,0.0845
4077,-0.190199,0.0874
4078,-0.190763,0.0867
4079,-0.186854,0.0875
4080,-0.187070,0.0847
4081,-0.186362,0.0847
4082,-0.187703,0.0854
4083,-0.186295,0.0867
4084,-0.186796,0.0859
4085,-0.187343,0.0875
4086,-0.191200,0.0880
4087,-0.195945,0.0873
4088,-0.198350,0.0859
4089,-0.196875,0.0853
4090,-0.199364,0.0858
4091,-0.197017,0.0861
4092,-0.198336,0.0883
4093,-0.195806,0.0859
4094,-0.199533,0.0854
4095,-0.196067,0.0858
4096,-0.196516,0.0878
4097,-0.199108,0.0866
4098,-0.201857,0.0859
4099,-0.202019,0.0885
4100,-0.198926,0.0879
4101,-0.202741,0.0887
4102,-0.200272,0.0883
4103,-0.203228,0.0856
4104,-0.201768,0.0854
4105,-0.201624,0.0874
4106,-0.202599,0.0885
4107,-0.203452,0.0857
4108,-0.204690,0.0864
4109,-0.202159,0.0869
4110,-0.200137,0.0872
4111,-0.198857,0.0879
4112,-0.196813,0.0868
4113,-0.197547,0.0887
4114,-0.196104,0.0894
4115,-0.197616,0.0864
4116,-0.201550,0.0866
4117,-0.204513,0.0893
4118,-0.207690,0.0863
4119,-0.209878,0.0886
4120,-0.203921,0.0867
4121,-0.203581,0.0866
4122,-0.204033,0.0886
4123,-0.198047,0.0881
4124,-0.199349,0.0882
4125,-0.198431,0.0895
4126,-0.200082,0.0886
4127,-0.202335,0.0883
4128,-0.201897,0.0883
4129,-0.202610,0.0893
4130,-0.202392,0.0887
4131,-0.202509,0.0904
4132,-0.206089,0.0901
4133,-0.204700,0.0904
4134,-0.202007,0.0912
4135,-0.204428,0.0884
4136,-0.207971,0.0890
4137,-0.205513,0.0896
4138,-0.203844,0.0891
4139,-0.203425,0.0902
4140,-0.208160,0.0890
4141,-0.204809,0.0890
4142,-0.208362,0.0919
4143,-0.207055,0.0889
4144,-0.207363,0.0888
4145,-0.209883,0.0886
4146,-0.210208,0.0891
4147,-0.208558,0.0891
4148,-0.207663,0.0906
4149,-0.209600,0.0890
4150,-0.206053,0.0893
4151,-0.208468,0.0886
4152,-0.209475,0.0889
4153,-0.210340,0.0884
4154,-0.213178,0.0902
4155,-0.216979,0.0914
4156,-0.210560,0.0915
4157,-0.207411,0.0887
4158,-0.206720,0.0882
4159,-0.203413,0.0883
4160,-0.202355,0.0893
4161,-0.199132,0.0883
4162,-0.198527,0.0881
4163,-0.198187,0.0899
4164,-0.200297,0.0895
4165,-0.198065,0.0911
4166,-0.201001,0.0899
4167,-0.204218,0.0910
4168,-0.202465,0.0897
4169,-0.201807,0.0894
4170,-0.200908,0.0899
4171,-0.205323,0.0899
4172,-0.202607,0.0888
4173,-0.203513,0.0882
4174,-0.204014,0.0884
4175,-0.201507,0.0891
4176,-0.202756,0.0883
4177,-0.202799,0.0885
4178,-0.203555,0.0913
4179,-0.202908,0.0876
4180,-0.202967,0.0913
4181,-0.200560,0.0884
4182,-0.203290,0.0883
4183,-0.202949,0.0880
4184,-0.206725,0.0914
4185,-0.200641,0.0885
4186,-0.198828,0.0884
4187,-0.203689,0.0896
4188,-0.200194,0.0903
4189,-0.197696,0.0885
4190,-0.200649,0.0902
4191,-0.196039,0.0913
4192,-0.192786,0.0880
4193,-0.194420,0.0890
4194,-0.195886,0.0913
4195,-0.198630,0.0882
4196,-0.197105,0.0901
4197,-0.202848,0.0902
4198,-0.210012,0.0897
4199,-0.210192,0.0885
4200,-0.209740,0.0912
4201,-0.212918,0.0887
4202,-0.211842,0.0915
4203,-0.209090,0.0912
4204,-0.204115,0.0903
4205,-0.205454,0.0888
4206,-0.209803,0.0913
4207,-0.210799,0.0903
4208,-0.210833,0.0888
4209,-0.213251,0.0901
4210,-0.206647,0.0904
4211,-0.200224,0.0887
4212,-0.197471,0.0904
4213,-0.201441,0.0913
4214,-0.198684,0.0888
4215,-0.203756,0.0883
4216,-0.199216,0.0888
4217,-0.197584,0.0887
4218,-0.193911,0.0885
4219,-0.190247,0.0885
4220,-0.194986,0.0905
4221,-0.199603,0.0888
4222,-0.204179,0.0891
4223,-0.216346,0.0885
4224,-0.199615,0.0915
4225,-0.195899,0.0888
4226,-0.191600,0.0906
4227,-0.189746,0.0888
4228,-0.188465,0.0901
4229,-0.188657,0.0916
4230,-0.189392,0.0891
4231,-0.202340,0.0907
4232,-0.209521,0.0886
4233,-0.199489,0.0894
4234,-0.190576,0.0906
4235,-0.190031,0.0887
4236,-0.190841,0.0889
4237,-0.194501,0.0903
4238,-0.197316,0.0887
4239,-0.198587,0.0918
4240,-0.201472,0.0883
4241,-0.206956,0.0886
4242,-0.213248,0.0902
4243,-0.222595,0.0886
4244,-0.215921,0.0901
4245,-0.207415,0.0894
4246,-0.206318,0.0882
4247,-0.202291,0.0898
4248,-0.203119,0.0886
4249,-0.204243,0.0885
4250,-0.206201,0.0911
4251,-0.211978,0.0885
4252,-0.213181,0.0910
4253,-0.220697,0.0898
4254,-0.229250,0.0900
4255,-0.223051,0.0891
4256,-0.222118,0.0880
4257,-0.224921,0.0883
4258,-0.229373,0.0898
4259,-0.229927,0.0883
4260,-0.231962,0.0897
4261,-0.236005,0.0882
4262,-0.226210,0.0893
4263,-0.222366,0.0907
4264,-0.219195,0.0891
4265,-0.219441,0.0888
4266,-0.223744,0.0886
4267,-0.223238,0.0890
4268,-0.224508,0.0884
4269,-0.236825,0.0905
4270,-0.220417,0.0893
4271,-0.211741,0.0886
4272,-0.208181,0.0904
4273,-0.203161,0.0889
4274,-0.198210,0.0903
4275,-0.195989,0.0906
4276,-0.195126,0.0890
4277,-0.195105,0.0893
4278,-0.198684,0.0884
4279,-0.201420,0.0889
4280,-0.206019,0.0884
4281,-0.211060,0.0903
4282,-0.209274,0.0890
4283,-0.213965,0.0903
4284,-0.216652,0.0888
4285,-0.224184,0.0882
4286,-0.234373,0.0902
4287,-0.238235,0.0902
4288,-0.232883,0.0902
4289,-0.232984,0.0882
4290,-0.238217,0.0890
4291,-0.228828,0.0888
4292,-0.222213,0.0887
4293,-0.221307,0.0890
4294,-0.219067,0.0882
4295,-0.222074,0.0862
4296,-0.215891,0.0883
4297,-0.220046,0.0883
4298,-0.224688,0.0888
4299,-0.239258,0.0888
4300,-0.215622,0.0891
4301,-0.203026,0.0882
4302,-0.196027,0.0888
4303,-0.197993,0.0888
4304,-0.190167,0.0889
4305,-0.187904,0.0890
4306,-0.175869,0.0902
4307,-0.179514,0.0902
4308,-0.184984,0.0902
4309,-0.176980,0.0888
4310,-0.179582,0.0887
4311,-0.178831,0.0889
4312,-0.186124,0.0889
4313,-0.181771,0.0892
4314,-0.176398,0.0887
4315,-0.185804,0.0885
4316,-0.183239,0.0886
4317,-0.195165,0.0900
4318,-0.193132,0.0901
4319,-0.198806,0.0889
4320,-0.206430,0.0881
4321,-0.212618,0.0886
4322,-0.224894,0.0891
4323,-0.227959,0.0889
4324,-0.232094,0.0882
4325,-0.224588,0.0887
4326,-0.222191,0.0887
4327,-0.221803,0.0883
4328,-0.222575,0.0882
4329,-0.223804,0.0892
4330,-0.228296,0.0893
4331,-0.231974,0.0876
4332,-0.229434,0.0879
4333,-0.230847,0.0902
4334,-0.239047,0.0894
4335,-0.233159,0.0903
4336,-0.231709,0.0891
4337,-0.235604,0.0879
4338,-0.233505,0.0894
4339,-0.234133,0.0878
4340,-0.234639,0.0905
4341,-0.242655,0.0906
4342,-0.230531,0.0904
4343,-0.224133,0.0880
4344,-0.218476,0.0879
4345,-0.210653,0.0895
4346,-0.207616,0.0879
4347,-0.204951,0.0880
4348,-0.203682,0.0882
4349,-0.202794,0.0878
4350,-0.204616,0.0879
4351,-0.208530,0.0897
4352,-0.204224,0.0896
4353,-0.207980,0.0877
4354,-0.213747,0.0902
4355,-0.218609,0.0896
4356,-0.223046,0.0906
4357,-0.232490,0.0895
4358,-0.242591,0.0908
4359,-0.236767,0.0908
4360,-0.230042,0.0881
4361,-0.226547,0.0894
4362,-0.228220,0.0879
4363,-0.226705,0.0906
4364,-0.223156,0.0881
4365,-0.219583,0.0887
4366,-0.218044,0.0879
4367,-0.219560,0.0891
4368,-0.218666,0.0878
4369,-0.221406,0.0878
4370,-0.225954,0.0877
4371,-0.227741,0.0906
4372,-0.228768,0.0878
4373,-0.229336,0.0905
4374,-0.232008,0.0894
4375,-0.236682,0.0902
4376,-0.239273,0.0878
4377,-0.233782,0.0878
4378,-0.232910,0.0904
4379,-0.235680,0.0894
4380,-0.239859,0.0877
4381,-0.240303,0.0877
4382,-0.238956,0.0894
4383,-0.241621,0.0877
4384,-0.238192,0.0891
4385,-0.236515,0.0882
4386,-0.236998,0.0878
4387,-0.241001,0.0874
4388,-0.235199,0.0876
4389,-0.230045,0.0878
4390,-0.227705,0.0880
4391,-0.226538,0.0905
4392,-0.228503,0.0890
4393,-0.231762,0.0906
4394,-0.239921,0.0879
4395,-0.231885,0.0904
4396,-0.224258,0.0880
4397,-0.221356,0.0880
4398,-0.219688,0.0879
4399,-0.219957,0.0886
4400,-0.222238,0.0907
4401,-0.224305,0.0880
4402,-0.225639,0.0893
4403,-0.230067,0.0895
4404,-0.239372,0.0882
4405,-0.230930,0.0881
4406,-0.222815,0.0875
4407,-0.218931,0.0908
4408,-0.214946,0.0909
4409,-0.215374,0.0879
4410,-0.211800,0.0876
4411,-0.209648,0.0881
4412,-0.214281,0.0879
4413,-0.213136,0.0881
4414,-0.217209,0.0882
4415,-0.223243,0.0897
4416,-0.224539,0.0909
4417,-0.239842,0.0880
4418,-0.220165,0.0899
4419,-0.217893,0.0909
4420,-0.201427,0.0881
4421,-0.194544,0.0898
4422,-0.192932,0.0875
4423,-0.191706,0.0907
4424,-0.188135,0.0879
4425,-0.186592,0.0880
4426,-0.181667,0.0898
4427,-0.201478,0.0880
4428,-0.186756,0.0880
4429,-0.186392,0.0908
4430,-0.195898,0.0896
4431,-0.192212,0.0882
4432,-0.191807,0.0908
4433,-0.198767,0.0882
4434,-0.197435,0.0879
4435,-0.199674,0.0897
4436,-0.200781,0.0909
4437,-0.208289,0.0908
4438,-0.220278,0.0881
4439,-0.217226,0.0908
4440,-0.221661,0.0880
4441,-0.227936,0.0892
4442,-0.234061,0.0890
4443,-0.243093,0.0895
4444,-0.232417,0.0881
4445,-0.224385,0.0907
4446,-0.221330,0.0881
4447,-0.216846,0.0881
4448,-0.216477,0.0909
4449,-0.217283,0.0878
4450,-0.219585,0.0881
4451,-0.220079,0.0881
4452,-0.222602,0.0908
4453,-0.229346,0.0908
4454,-0.233442,0.0895
4455,-0.230005,0.0886
4456,-0.229181,0.0911
4457,-0.231875,0.0883
4458,-0.236036,0.0882
4459,-0.252289,0.0884
4460,-0.223143,0.0884
4461,-0.207285,0.0911
4462,-0.192169,0.0897
4463,-0.182651,0.0894
4464,-0.173346,0.0882
4465,-0.180119,0.0897
4466,-0.169774,0.0911
4467,-0.163666,0.0884
4468,-0.165269,0.0883
4469,-0.158363,0.0909
4470,-0.163888,0.0881
4471,-0.151856,0.0884
4472,-0.150334,0.0897
4473,-0.162020,0.0909
4474,-0.146946,0.0910
4475,-0.148642,0.0881
4476,-0.151273,0.0883
4477,-0.148267,0.0884
4478,-0.148063,0.0881
4479,-0.151357,0.0908
4480,-0.152846,0.0897
4481,-0.153033,0.0876
4482,-0.148870,0.0880
4483,-0.153363,0.0908
4484,-0.149289,0.0894
4485,-0.150524,0.0908
4486,-0.152848,0.0910
4487,-0.162807,0.0880
4488,-0.166109,0.0896
4489,-0.163567,0.0907
4490,-0.166917,0.0880
4491,-0.169005,0.0897
4492,-0.172807,0.0894
4493,-0.174952,0.0893
4494,-0.173863,0.0893
4495,-0.178485,0.0881
4496,-0.181027,0.0907
4497,-0.181641,0.0878
4498,-0.182094,0.0879
4499,-0.184800,0.0872
4500,-0.190021,0.0880
4501,-0.190804,0.0879
4502,-0.198326,0.0878
4503,-0.200743,0.0880
4504,-0.202723,0.0879
4505,-0.202808,0.0859
4506,-0.207191,0.0893
4507,-0.208770,0.0893
4508,-0.210702,0.0879
4509,-0.209055,0.0881
4510,-0.213325,0.0883
4511,-0.216010,0.0880
4512,-0.220288,0.0888
4513,-0.230307,0.0898
4514,-0.231083,0.0895
4515,-0.230869,0.0881
4516,-0.233484,0.0890
4517,-0.242741,0.0881
4518,-0.241306,0.0879
4519,-0.235830,0.0905
4520,-0.226581,0.0895
4521,-0.217831,0.0894
4522,-0.214694,0.0888
4523,-0.214878,0.0880
4524,-0.217445,0.0908
4525,-0.217622,0.0852
4526,-0.221701,0.0880
4527,-0.226773,0.0893
4528,-0.229717,0.0896
4529,-0.235544,0.0907
4530,-0.245483,0.0880
4531,-0.246393,0.0891
4532,-0.241407,0.0881
4533,-0.241755,0.0880
4534,-0.243114,0.0883
4535,-0.250342,0.0880
4536,-0.239590,0.0897
4537,-0.235035,0.0893
4538,-0.233284,0.0896
4539,-0.230998,0.0893
4540,-0.230698,0.0884
4541,-0.232417,0.0899
4542,-0.233409,0.0880
4543,-0.238366,0.0880
4544,-0.243083,0.0881
4545,-0.239258,0.0900
4546,-0.235514,0.0882
4547,-0.232455,0.0898
4548,-0.230917,0.0883
4549,-0.232661,0.0894
4550,-0.236135,0.0880
4551,-0.236839,0.0883
4552,-0.238549,0.0896
4553,-0.238140,0.0880
4554,-0.240594,0.0897
4555,-0.247615,0.0909
4556,-0.240390,0.0896
4557,-0.236350,0.0899
4558,-0.231579,0.0884
4559,-0.230139,0.0878
4560,-0.230393,0.0895
4561,-0.230427,0.0909
4562,-0.230024,0.0881
4563,-0.230678,0.0889
4564,-0.234027,0.0881
4565,-0.237369,0.0908
4566,-0.242203,0.0885
4567,-0.253536,0.0884
4568,-0.249653,0.0908
4569,-0.253141,0.0898
4570,-0.242337,0.0886
4571,-0.237749,0.0897
4572,-0.234273,0.0889
4573,-0.230292,0.0892
4574,-0.230134,0.0893
4575,-0.229453,0.0898
4576,-0.229368,0.0898
4577,-0.228481,0.0896
4578,-0.230014,0.0887
4579,-0.233374,0.0909
4580,-0.235401,0.0887
4581,-0.238734,0.0887
4582,-0.241856,0.0887
4583,-0.248212,0.0893
4584,-0.249450,0.0909
4585,-0.245834,0.0896
4586,-0.242655,0.0894
4587,-0.243969,0.0896
4588,-0.244446,0.0897
4589,-0.244843,0.0899
4590,-0.243448,0.0894
4591,-0.244314,0.0888
4592,-0.249972,0.0900
4593,-0.248641,0.0897
4594,-0.243242,0.0896
4595,-0.241881,0.0913
4596,-0.244493,0.0894
4597,-0.251074,0.0911
4598,-0.242472,0.0895
4599,-0.240555,0.0898
4600,-0.240664,0.0897
4601,-0.240443,0.0911
4602,-0.244318,0.0911
4603,-0.254920,0.0895
4604,-0.238413,0.0895
4605,-0.231843,0.0899
4606,-0.227909,0.0914
4607,-0.226747,0.0888
4608,-0.223260,0.0913
4609,-0.221428,0.0899
4610,-0.219202,0.0897
4611,-0.217634,0.0895
4612,-0.217928,0.0898
4613,-0.220203,0.0895
4614,-0.221707,0.0913
4615,-0.225740,0.0898
4616,-0.227038,0.0897
4617,-0.226441,0.0900
4618,-0.226933,0.0892
4619,-0.226899,0.0889
4620,-0.229923,0.0889
4621,-0.232928,0.0889
4622,-0.236418,0.0911
4623,-0.241320,0.0898
4624,-0.248962,0.0891
4625,-0.236696,0.0911
4626,-0.231350,0.0898
4627,-0.231702,0.0889
4628,-0.225891,0.0890
4629,-0.222583,0.0900
4630,-0.223093,0.0895
4631,-0.222550,0.0899
4632,-0.217472,0.0911
4633,-0.217549,0.0898
4634,-0.218647,0.0914
4635,-0.222825,0.0892
4636,-0.226625,0.0914
4637,-0.230111,0.0913
4638,-0.231358,0.0902
4639,-0.232378,0.0899
4640,-0.240125,0.0902
4641,-0.233326,0.0899
4642,-0.226774,0.0893
4643,-0.228676,0.0913
4644,-0.224074,0.0911
4645,-0.222793,0.0899
4646,-0.224561,0.0900
4647,-0.228663,0.0916
4648,-0.234973,0.0891
4649,-0.232352,0.0904
4650,-0.236274,0.0891
4651,-0.232540,0.0913
4652,-0.227090,0.0891
4653,-0.225789,0.0897
4654,-0.226745,0.0902
4655,-0.229276,0.0896
4656,-0.231851,0.0894
4657,-0.237158,0.0900
4658,-0.240479,0.0897
4659,-0.238699,0.0895
4660,-0.245370,0.0901
4661,-0.228802,0.0897
4662,-0.223331,0.0896
4663,-0.219768,0.0900
4664,-0.222544,0.0891
4665,-0.218976,0.0896
4666,-0.218833,0.0900
4667,-0.221936,0.0890
4668,-0.222351,0.0897
4669,-0.223072,0.0901
4670,-0.225640,0.0903
4671,-0.227911,0.0913
4672,-0.233124,0.0916
4673,-0.231674,0.0911
4674,-0.228734,0.0897
4675,-0.229356,0.0900
4676,-0.230960,0.0899
4677,-0.230220,0.0900
4678,-0.234052,0.0903
4679,-0.235184,0.0894
4680,-0.240558,0.0901
4681,-0.239525,0.0888
4682,-0.232618,0.0892
4683,-0.230637,0.0915
4684,-0.231884,0.0889
4685,-0.227838,0.0903
4686,-0.225410,0.0893
4687,-0.227582,0.0901
4688,-0.226037,0.0901
4689,-0.229477,0.0896
4690,-0.236123,0.0892
4691,-0.239291,0.0896
4692,-0.238640,0.0911
4693,-0.234759,0.0886
4694,-0.235328,0.0904
4695,-0.237740,0.0914
4696,-0.241554,0.0913
4697,-0.253148,0.0885
4698,-0.222785,0.0914
4699,-0.212153,0.0883
4700,-0.204540,0.0892
4701,-0.202527,0.0889
4702,-0.203195,0.0891
4703,-0.191525,0.0916
4704,-0.176454,0.0904
4705,-0.176545,0.0901
4706,-0.172390,0.0879
4707,-0.175900,0.0904
4708,-0.194963,0.0883
4709,-0.171687,0.0915
4710,-0.165143,0.0878
4711,-0.169741,0.0914
4712,-0.168063,0.0899
4713,-0.171624,0.0902
4714,-0.179233,0.0892
4715,-0.167532,0.0887
4716,-0.161389,0.0891
4717,-0.144812,0.0914
4718,-0.171624,0.0900
4719,-0.163869,0.0911
4720,-0.166796,0.0915
4721,-0.164789,0.0886
4722,-0.170457,0.0902
4723,-0.195226,0.0890
4724,-0.174979,0.0903
4725,-0.172269,0.0915
4726,-0.178546,0.0881
4727,-0.181726,0.0916
4728,-0.176861,0.0914
4729,-0.178495,0.0913
4730,-0.182658,0.0885
4731,-0.185668,0.0905
4732,-0.185479,0.0892
4733,-0.185425,0.0900
4734,-0.188862,0.0885
4735,-0.191673,0.0905
4736,-0.195171,0.0905
4737,-0.194739,0.0904
4738,-0.197463,0.0915
4739,-0.192928,0.0903
4740,-0.195929,0.0918
4741,-0.199655,0.0891
4742,-0.201641,0.0901
4743,-0.204673,0.0916
4744,-0.202681,0.0915
4745,-0.205453,0.0913
4746,-0.207140,0.0892
4747,-0.210658,0.0915
4748,-0.216139,0.0885
4749,-0.221588,0.0899
4750,-0.219721,0.0917
4751,-0.220355,0.0891
4752,-0.222436,0.0913
4753,-0.223712,0.0890
4754,-0.228814,0.0912
4755,-0.226245,0.0916
4756,-0.227365,0.0914
4757,-0.230909,0.0892
4758,-0.234864,0.0891
4759,-0.241066,0.0900
4760,-0.246955,0.0904
4761,-0.256215,0.0884
4762,-0.253140,0.0886
4763,-0.252951,0.0898
4764,-0.251899,0.0903
4765,-0.248807,0.0914
4766,-0.248132,0.0913
4767,-0.252801,0.0904
4768,-0.245892,0.0907
4769,-0.244392,0.0904
4770,-0.245280,0.0916
4771,-0.244888,0.0902
4772,-0.249371,0.0884
4773,-0.255914,0.0883
4774,-0.249434,0.0892
4775,-0.246359,0.0907
4776,-0.242248,0.0900
4777,-0.240382,0.0891
4778,-0.239113,0.0898
4779,-0.236850,0.0894
4780,-0.234534,0.0906
4781,-0.235657,0.0894
4782,-0.239358,0.0908
4783,-0.242016,0.0904
4784,-0.239906,0.0895
4785,-0.240969,0.0894
4786,-0.241229,0.0884
4787,-0.243503,0.0894
4788,-0.244494,0.0916
4789,-0.250462,0.0915
4790,-0.247373,0.0917
4791,-0.242291,0.0913
4792,-0.239469,0.0895
4793,-0.240075,0.0895
4794,-0.240100,0.0899
4795,-0.239412,0.0915
4796,-0.240014,0.0887
4797,-0.242835,0.0898
4798,-0.249819,0.0903
4799,-0.253168,0.0900
4800,-0.249474,0.0900
4801,-0.248564,0.0895
4802,-0.252602,0.0899
4803,-0.249178,0.0902
4804,-0.244568,0.0905
4805,-0.243079,0.0887
4806,-0.242471,0.0896
4807,-0.244021,0.0909
4808,-0.248814,0.0895
4809,-0.250421,0.0889
4810,-0.246522,0.0896
4811,-0.246678,0.0892
4812,-0.248414,0.0892
4813,-0.253346,0.0911
4814,-0.255214,0.0924
4815,-0.243949,0.0913
4816,-0.240173,0.0899
4817,-0.237973,0.0901
4818,-0.238479,0.0908
4819,-0.237946,0.0894
4820,-0.239454,0.0902
4821,-0.242489,0.0919
4822,-0.245340,0.0925
4823,-0.246684,0.0911
4824,-0.249447,0.0902
4825,-0.251634,0.0908
4826,-0.255369,0.0926
4827,-0.253060,0.0920
4828,-0.251768,0.0925
4829,-0.247330,0.0904
4830,-0.244773,0.0905
4831,-0.245954,0.0894
4832,-0.244079,0.0919
4833,-0.245333,0.0916
4834,-0.254167,0.0927
4835,-0.246143,0.0920
4836,-0.241642,0.0910
4837,-0.239269,0.0890
4838,-0.239577,0.0921
4839,-0.238483,0.0904
4840,-0.238972,0.0901
4841,-0.241045,0.0928
4842,-0.244404,0.0910
4843,-0.249571,0.0896
4844,-0.256703,0.0904
4845,-0.253827,0.0891
4846,-0.260094,0.0902
4847,-0.233510,0.0931
4848,-0.225421,0.0923
4849,-0.218621,0.0903
4850,-0.211459,0.0886
4851,-0.208273,0.0903
4852,-0.204860,0.0894
4853,-0.196575,0.0917
4854,-0.195889,0.0909
4855,-0.192567,0.0894
4856,-0.196088,0.0921
4857,-0.199797,0.0909
4858,-0.196478,0.0900
4859,-0.195470,0.0901
4860,-0.190487,0.0914
4861,-0.194970,0.0914
4862,-0.195631,0.0898
4863,-0.195950,0.0925
4864,-0.199214,0.0894
4865,-0.195717,0.0887
4866,-0.190608,0.0901
4867,-0.193472,0.0906
4868,-0.195034,0.0894
4869,-0.194457,0.0905
4870,-0.206488,0.0898
4871,-0.209778,0.0903
4872,-0.209722,0.0923
4873,-0.203687,0.0899
4874,-0.202724,0.0914
4875,-0.204090,0.0892
4876,-0.209078,0.0908
4877,-0.209180,0.0930
4878,-0.217237,0.0905
4879,-0.210834,0.0922
4880,-0.204219,0.0897
4881,-0.194948,0.0919
4882,-0.202873,0.0912
4883,-0.210807,0.0897
4884,-0.206485,0.0919
4885,-0.207789,0.0909
4886,-0.215678,0.0912
4887,-0.214727,0.0912
4888,-0.219928,0.0919
4889,-0.226902,0.0904
4890,-0.232219,0.0925
4891,-0.229379,0.0925
4892,-0.228696,0.0899
4893,-0.228973,0.0920
4894,-0.227660,0.0905
4895,-0.232488,0.0908
4896,-0.235125,0.0930
4897,-0.229977,0.0899
4898,-0.233065,0.0911
4899,-0.234338,0.0919
4900,-0.239491,0.0932
4901,-0.249098,0.0905
4902,-0.241136,0.0929
4903,-0.242329,0.0930
4904,-0.243932,0.0923
4905,-0.255000,0.0921
4906,-0.238976,0.0924
4907,-0.233071,0.0935
4908,-0.231145,0.0920
4909,-0.227666,0.0931
4910,-0.226003,0.0897
4911,-0.224453,0.0901
4912,-0.224699,0.0900
4913,-0.223322,0.0890
4914,-0.222934,0.0911
4915,-0.222980,0.0910
4916,-0.224410,0.0897
4917,-0.226244,0.0903
4918,-0.226164,0.0897
4919,-0.226520,0.0928
4920,-0.228584,0.0902
4921,-0.230168,0.0930
4922,-0.229442,0.0898
4923,-0.228504,0.0911
4924,-0.231799,0.0912
4925,-0.233356,0.0916
4926,-0.233963,0.0931
4927,-0.235382,0.0905
4928,-0.238761,0.0914
4929,-0.243875,0.0918
4930,-0.250181,0.0912
4931,-0.258241,0.0913
4932,-0.258905,0.0907
4933,-0.251480,0.0922
4934,-0.247307,0.0915
4935,-0.246076,0.0913
4936,-0.245750,0.0929
4937,-0.247653,0.0932
4938,-0.247824,0.0928
4939,-0.252259,0.0933
4940,-0.261904,0.0912
4941,-0.247883,0.0903
4942,-0.242926,0.0906
4943,-0.239261,0.0935
4944,-0.237134,0.0927
4945,-0.235445,0.0916
4946,-0.235132,0.0917
4947,-0.234625,0.0908
4948,-0.234575,0.0925
4949,-0.235399,0.0921
4950,-0.235203,0.0915
4951,-0.235924,0.0918
4952,-0.237057,0.0900
4953,-0.239731,0.0895
4954,-0.239533,0.0913
4955,-0.240077,0.0921
4956,-0.242240,0.0935
4957,-0.242926,0.0918
4958,-0.245310,0.0913
4959,-0.245143,0.0912
4960,-0.247653,0.0898
4961,-0.250539,0.0910
4962,-0.256343,0.0919
4963,-0.260348,0.0913
4964,-0.256980,0.0915
4965,-0.257111,0.0913
4966,-0.259853,0.0926
4967,-0.259503,0.0917
4968,-0.257538,0.0934
4969,-0.259873,0.0925
4970,-0.266575,0.0918
4971,-0.256100,0.0904
4972,-0.248497,0.0933
4973,-0.242596,0.0906
4974,-0.239879,0.0935
4975,-0.234900,0.0912
4976,-0.231567,0.0915
4977,-0.230491,0.0911
4978,-0.231842,0.0925
4979,-0.236424,0.0912
4980,-0.231954,0.0901
4981,-0.224815,0.0914
4982,-0.223314,0.0918
4983,-0.223439,0.0928
4984,-0.222610,0.0913
4985,-0.219317,0.0925
4986,-0.217565,0.0916
4987,-0.218694,0.0932
4988,-0.220717,0.0899
4989,-0.222447,0.0907
4990,-0.226419,0.0896
4991,-0.234218,0.0924
4992,-0.229913,0.0920
4993,-0.230159,0.0917
4994,-0.229993,0.0892
4995,-0.230632,0.0904
4996,-0.233766,0.0919
4997,-0.237116,0.0910
4998,-0.238355,0.0893
4999,-0.239877,0.0913
5000,-0.243772,0.0908
5001,-0.249430,0.0913
5002,-0.254590,0.0917
5003,-0.263195,0.0914
5004,-0.254540,0.0901
5005,-0.248960,0.0905
5006,-0.245801,0.0908
5007,-0.242553,0.0914
5008,-0.240266,0.0917
5009,-0.238446,0.0909
5010,-0.238287,0.0900
5011,-0.239788,0.0922
5012,-0.242038,0.0936
5013,-0.241334,0.0908
5014,-0.242919,0.0913
5015,-0.247364,0.0906
5016,-0.249678,0.0917
5017,-0.256385,0.0925
5018,-0.258811,0.0915
5019,-0.257617,0.0913
5020,-0.252574,0.0908
5021,-0.253156,0.0913
5022,-0.251770,0.0912
5023,-0.252561,0.0902
5024,-0.256166,0.0897
5025,-0.262970,0.0915
5026,-0.256347,0.0930
5027,-0.257508,0.0901
5028,-0.260581,0.0935
5029,-0.249957,0.0923
5030,-0.243626,0.0926
5031,-0.244112,0.0938
5032,-0.245307,0.0924
5033,-0.242687,0.0913
5034,-0.240629,0.0907
5035,-0.236668,0.0939
5036,-0.234308,0.0930
5037,-0.237418,0.0934
5038,-0.241081,0.0928
5039,-0.244846,0.0899
5040,-0.248365,0.0904
5041,-0.245204,0.0926
5042,-0.241979,0.0916
5043,-0.243391,0.0907
5044,-0.245071,0.0923
5045,-0.248752,0.0934
5046,-0.254093,0.0934
5047,-0.235000,0.0903
5048,-0.223726,0.0930
5049,-0.217190,0.0916
5050,-0.215284,0.0915
5051,-0.214581,0.0916
5052,-0.221335,0.0934
5053,-0.219102,0.0929
5054,-0.213812,0.0931
5055,-0.210714,0.0924
5056,-0.211171,0.0927
5057,-0.210350,0.0924
5058,-0.212368,0.0904
5059,-0.213238,0.0927
5060,-0.217196,0.0916
5061,-0.210869,0.0927
5062,-0.209907,0.0923
5063,-0.214121,0.0906
5064,-0.222141,0.0897
5065,-0.220504,0.0930
5066,-0.218808,0.0927
5067,-0.216202,0.0898
5068,-0.215771,0.0924
5069,-0.217785,0.0920
5070,-0.220034,0.0923
5071,-0.220580,0.0919
5072,-0.221959,0.0928
5073,-0.224917,0.0927
5074,-0.226645,0.0909
5075,-0.228448,0.0899
5076,-0.230184,0.0933
5077,-0.234322,0.0916
5078,-0.230462,0.0913
5079,-0.223524,0.0936
5080,-0.221067,0.0904
5081,-0.226272,0.0905
5082,-0.226589,0.0910
5083,-0.220512,0.0920
5084,-0.218029,0.0942
5085,-0.217808,0.0919
5086,-0.220726,0.0917
5087,-0.224189,0.0925
5088,-0.227059,0.0940
5089,-0.232018,0.0914
5090,-0.236792,0.0911
5091,-0.242353,0.0918
5092,-0.244960,0.0924
5093,-0.242901,0.0936
5094,-0.243944,0.0919
5095,-0.245121,0.0917
5096,-0.249811,0.0931
5097,-0.248106,0.0938
5098,-0.246969,0.0928
5099,-0.245664,0.0912
5100,-0.246835,0.0940
5101,-0.250875,0.0899
5102,-0.252800,0.0915
5103,-0.250197,0.0912
5104,-0.256556,0.0943
5105,-0.249301,0.0922
5106,-0.245899,0.0901
5107,-0.242941,0.0917
5108,-0.245223,0.0915
5109,-0.245076,0.0924
5110,-0.243206,0.0930
5111,-0.242412,0.0933
5112,-0.240706,0.0918
5113,-0.243530,0.0910
5114,-0.246408,0.0928
5115,-0.250054,0.0899
5116,-0.251959,0.0933
5117,-0.254113,0.0906
5118,-0.257511,0.0916
5119,-0.253194,0.0929
5120,-0.257390,0.0937
5121,-0.254539,0.0914
5122,-0.253377,0.0920
5123,-0.254252,0.0920
5124,-0.260059,0.0909
5125,-0.253071,0.0911
5126,-0.248274,0.0924
5127,-0.247078,0.0922
5128,-0.244512,0.0921
5129,-0.244366,0.0915
5130,-0.246652,0.0928
5131,-0.247732,0.0941
5132,-0.250384,0.0923
5133,-0.254531,0.0949
5134,-0.259520,0.0941
5135,-0.256521,0.0934
5136,-0.257837,0.0938
5137,-0.262064,0.0943
5138,-0.250046,0.0919
5139,-0.245735,0.0926
5140,-0.244300,0.0940
5141,-0.243727,0.0952
5142,-0.243417,0.0939
5143,-0.245233,0.0944
5144,-0.246315,0.0948
5145,-0.249025,0.0905
5146,-0.252809,0.0916
5147,-0.259687,0.0939
5148,-0.252457,0.0920
5149,-0.246654,0.0940
5150,-0.244353,0.0941
5151,-0.243041,0.0942
5152,-0.243172,0.0949
5153,-0.244599,0.0920
5154,-0.245054,0.0945
5155,-0.247103,0.0919
5156,-0.247738,0.0931
5157,-0.250062,0.0935
5158,-0.253687,0.0936
5159,-0.258055,0.0925
5160,-0.262926,0.0930
5161,-0.258478,0.0920
5162,-0.258065,0.0932
5163,-0.265666,0.0940
5164,-0.252206,0.0923
5165,-0.244524,0.0948
5166,-0.240831,0.0944
5167,-0.237044,0.0952
5168,-0.237425,0.0925
5169,-0.234808,0.0945
5170,-0.234867,0.0949
5171,-0.235657,0.0939
5172,-0.237072,0.0941
5173,-0.238141,0.0931
5174,-0.240030,0.0933
5175,-0.243650,0.0949
5176,-0.246056,0.0943
5177,-0.247774,0.0925
5178,-0.250254,0.0933
5179,-0.249788,0.0929
5180,-0.250739,0.0916
5181,-0.250978,0.0962
5182,-0.254513,0.0919
5183,-0.256930,0.0943
5184,-0.260363,0.0946
5185,-0.263647,0.0941
5186,-0.267325,0.0938
5187,-0.265021,0.0930
5188,-0.263879,0.0921
5189,-0.263625,0.0948
5190,-0.265802,0.0937
5191,-0.273221,0.0940
5192,-0.262999,0.0948
5193,-0.258566,0.0942
5194,-0.255412,0.0941
5195,-0.254529,0.0929
5196,-0.253258,0.0939
5197,-0.252696,0.0951
5198,-0.250401,0.0918
5199,-0.251659,0.0940
5200,-0.253000,0.0945
5201,-0.253950,0.0946
5202,-0.252936,0.0949
5203,-0.251696,0.0963
5204,-0.253426,0.0964
5205,-0.253356,0.0966
5206,-0.254079,0.0963
5207,-0.256872,0.0949
5208,-0.256463,0.0945
5209,-0.257489,0.0940
5210,-0.260411,0.0927
5211,-0.263651,0.0938
5212,-0.269949,0.0954
5213,-0.268933,0.0917
5214,-0.264786,0.0937
5215,-0.263049,0.0944
5216,-0.262930,0.0940
5217,-0.263545,0.0929
5218,-0.263495,0.0948
5219,-0.263544,0.0941
5220,-0.265443,0.0944
5221,-0.267303,0.0969
5222,-0.271020,0.0979
5223,-0.279817,0.0959
5224,-0.271334,0.0924
5225,-0.267641,0.0957
5226,-0.266481,0.0947
5227,-0.265465,0.0957
5228,-0.267188,0.0964
5229,-0.268231,0.0961
5230,-0.271466,0.0936
5231,-0.278680,0.0963
5232,-0.269265,0.0942
5233,-0.264291,0.0941
5234,-0.261314,0.0959
5235,-0.259918,0.0944
5236,-0.260580,0.0963
5237,-0.257745,0.0964
5238,-0.258138,0.0954
5239,-0.257627,0.0949
5240,-0.258457,0.0950
5241,-0.258735,0.0939
5242,-0.259024,0.0955
5243,-0.258516,0.0961
5244,-0.261111,0.0972
5245,-0.263053,0.0939
5246,-0.265427,0.0945
5247,-0.268908,0.0934
5248,-0.276419,0.0982
5249,-0.274261,0.0959
5250,-0.277778,0.0959
5251,-0.269685,0.0954
5252,-0.269121,0.0952
5253,-0.269115,0.0964
5254,-0.270312,0.0934
5255,-0.273474,0.0950
5256,-0.274080,0.0963
5257,-0.271576,0.0981
5258,-0.272461,0.0975
5259,-0.275892,0.0959
5260,-0.273407,0.0960
5261,-0.269821,0.0942
5262,-0.268825,0.0955
5263,-0.267679,0.0965
5264,-0.268682,0.0945
5265,-0.271779,0.0969
5266,-0.280379,0.0967
5267,-0.269340,0.0957
5268,-0.263990,0.0969
5269,-0.260924,0.0942
5270,-0.259242,0.0954
5271,-0.258444,0.0969
5272,-0.258604,0.0955
5273,-0.258109,0.0952
5274,-0.257402,0.0941
5275,-0.256881,0.0955
5276,-0.256882,0.0952
5277,-0.257210,0.0953
5278,-0.258687,0.0945
5279,-0.260082,0.0964
5280,-0.261404,0.0956
5281,-0.262855,0.0964
5282,-0.264487,0.0962
5283,-0.268446,0.0975
5284,-0.275018,0.0966
5285,-0.271291,0.0963
5286,-0.268248,0.0940
5287,-0.265949,0.0966
5288,-0.264516,0.0965
5289,-0.263848,0.0966
5290,-0.263008,0.0963
5291,-0.264789,0.0945
5292,-0.265240,0.0947
5293,-0.266064,0.0962
5294,-0.268559,0.0967
5295,-0.271788,0.0955
5296,-0.277389,0.0942
5297,-0.272912,0.0942
5298,-0.267717,0.0974
5299,-0.266636,0.0952
5300,-0.266634,0.0947
5301,-0.266124,0.0963
5302,-0.266908,0.0948
5303,-0.265920,0.0955
5304,-0.265321,0.0947
5305,-0.265770,0.0952
5306,-0.267648,0.0960
5307,-0.266379,0.0964
5308,-0.265408,0.0961
5309,-0.265712,0.0952
5310,-0.267768,0.0958
5311,-0.267448,0.0971
5312,-0.263377,0.0947
5313,-0.262723,0.0953
5314,-0.261691,0.0945
5315,-0.263292,0.0935
5316,-0.265406,0.0954
5317,-0.269496,0.0963
5318,-0.271486,0.0945
5319,-0.269227,0.0968
5320,-0.269481,0.0953
5321,-0.271805,0.0960
5322,-0.278621,0.0943
5323,-0.269556,0.0942
5324,-0.267149,0.0954
5325,-0.265587,0.0960
5326,-0.264524,0.0954
5327,-0.264932,0.0952
5328,-0.264754,0.0943
5329,-0.264370,0.0943
5330,-0.264033,0.0956
5331,-0.266426,0.0965
5332,-0.267151,0.0965
5333,-0.271225,0.0943
5334,-0.274076,0.0941
5335,-0.282657,0.0954
5336,-0.269199,0.0950
5337,-0.264180,0.0959
5338,-0.262278,0.0965
5339,-0.260269,0.0964
5340,-0.257701,0.0954
5341,-0.256724,0.0964
5342,-0.256395,0.0945
5343,-0.257234,0.0943
5344,-0.257473,0.0956
5345,-0.257037,0.0955
5346,-0.256888,0.0944
5347,-0.257867,0.0951
5348,-0.259870,0.0958
5349,-0.258828,0.0975
5350,-0.258278,0.0948
5351,-0.258893,0.0953
5352,-0.261134,0.0961
5353,-0.258806,0.0958
5354,-0.256890,0.0964
5355,-0.258839,0.0948
5356,-0.258636,0.0966
5357,-0.261486,0.0949
5358,-0.264281,0.0973
5359,-0.265064,0.0949
5360,-0.265826,0.0978
5361,-0.268762,0.0954
5362,-0.271004,0.0943
5363,-0.275815,0.0953
5364,-0.278812,0.0967
5365,-0.276552,0.0941
5366,-0.274617,0.0973
5367,-0.274832,0.0937
5368,-0.273905,0.0936
5369,-0.272936,0.0943
5370,-0.275030,0.0937
5371,-0.276489,0.0961
5372,-0.279393,0.0959
5373,-0.279410,0.0954
5374,-0.276794,0.0953
5375,-0.275690,0.0973
5376,-0.276521,0.0951
5377,-0.277965,0.0977
5378,-0.283018,0.0961
5379,-0.274460,0.0959
5380,-0.269709,0.0972
5381,-0.267066,0.0947
5382,-0.266092,0.0960
5383,-0.264667,0.0958
5384,-0.265161,0.0952
5385,-0.265269,0.0960
5386,-0.266411,0.0961
5387,-0.266500,0.0959
5388,-0.266652,0.0954
5389,-0.266588,0.0953
5390,-0.267277,0.0959
5391,-0.268233,0.0955
5392,-0.268820,0.0951
5393,-0.270569,0.0965
5394,-0.272074,0.0944
5395,-0.274062,0.0961
5396,-0.279437,0.0961
5397,-0.277100,0.0964
5398,-0.273384,0.0946
5399,-0.273567,0.0959
5400,-0.271884,0.0957
5401,-0.271423,0.0948
5402,-0.273045,0.0972
5403,-0.275577,0.0961
5404,-0.277345,0.0952
5405,-0.287000,0.0953
5406,-0.274882,0.0955
5407,-0.272447,0.0944
5408,-0.271494,0.0955
5409,-0.268124,0.0956
5410,-0.267380,0.0960
5411,-0.268093,0.0943
5412,-0.267702,0.0963
5413,-0.267683,0.0941
5414,-0.268299,0.0964
5415,-0.269395,0.0940
5416,-0.270881,0.0955
5417,-0.272296,0.0937
5418,-0.274200,0.0960
5419,-0.276110,0.0971
5420,-0.279476,0.0958
5421,-0.279950,0.0972
5422,-0.281553,0.0957
5423,-0.279301,0.0960
5424,-0.279701,0.0943
5425,-0.279071,0.0949
5426,-0.282532,0.0954
5427,-0.275348,0.0950
5428,-0.272707,0.0933
5429,-0.270946,0.0946
5430,-0.267220,0.0966
5431,-0.266378,0.0953
5432,-0.264342,0.0953
5433,-0.264880,0.0950
5434,-0.266440,0.0949
5435,-0.264908,0.0952
5436,-0.266022,0.0953
5437,-0.266856,0.0972
5438,-0.267278,0.0952
5439,-0.267939,0.0953
5440,-0.269583,0.0960
5441,-0.271826,0.0940
5442,-0.274717,0.0976
5443,-0.280026,0.0966
5444,-0.281144,0.0961
5445,-0.277988,0.0947
5446,-0.278541,0.0948
5447,-0.278636,0.0953
5448,-0.280338,0.0956
5449,-0.283789,0.0942
5450,-0.282220,0.0967
5451,-0.280154,0.0957
5452,-0.280647,0.0957
5453,-0.283655,0.0946
5454,-0.277985,0.0956
5455,-0.277067,0.0954
5456,-0.275277,0.0936
5457,-0.273079,0.0955
5458,-0.272820,0.0954
5459,-0.274460,0.0941
5460,-0.276066,0.0943
5461,-0.277497,0.0957
5462,-0.279608,0.0955
5463,-0.278392,0.0950
5464,-0.277511,0.0954
5465,-0.275438,0.0942
5466,-0.275786,0.0957
5467,-0.276089,0.0964
5468,-0.277175,0.0967
5469,-0.278619,0.0952
5470,-0.280279,0.0948
5471,-0.282405,0.0943
5472,-0.283888,0.0943
5473,-0.283388,0.0960
5474,-0.283240,0.0956
5475,-0.284873,0.0956
5476,-0.286052,0.0940
5477,-0.280697,0.0947
5478,-0.279385,0.0967
5479,-0.277665,0.0942
5480,-0.278461,0.0960
5481,-0.278159,0.0947
5482,-0.281120,0.0969
5483,-0.291203,0.0960
5484,-0.274945,0.0955
5485,-0.271281,0.0964
5486,-0.267959,0.0968
5487,-0.267715,0.0976
5488,-0.266820,0.0960
5489,-0.264527,0.0961
5490,-0.265945,0.0954
5491,-0.265256,0.0946
5492,-0.264172,0.0951
5493,-0.263198,0.0950
5494,-0.262381,0.0964
5495,-0.263338,0.0960
5496,-0.264089,0.0957
5497,-0.267440,0.0955
5498,-0.269811,0.0946
5499,-0.264522,0.0950
5500,-0.263015,0.0956
5501,-0.262018,0.0954
5502,-0.262129,0.0952
5503,-0.261453,0.0956
5504,-0.262738,0.0978
5505,-0.264255,0.0961
5506,-0.265574,0.0956
5507,-0.267278,0.0950
5508,-0.268561,0.0963
5509,-0.272261,0.0956
5510,-0.274785,0.0969
5511,-0.278948,0.0954
5512,-0.287764,0.0957
5513,-0.278918,0.0948
5514,-0.274992,0.0966
5515,-0.272355,0.0955
5516,-0.268927,0.0978
5517,-0.266151,0.0957
5518,-0.265245,0.0972
5519,-0.263809,0.0945
5520,-0.264211,0.0954
5521,-0.266316,0.0948
5522,-0.264704,0.0955
5523,-0.265487,0.0942
5524,-0.267529,0.0960
5525,-0.268401,0.0953
5526,-0.271280,0.0962
5527,-0.273749,0.0951
5528,-0.271628,0.0952
5529,-0.274508,0.0968
5530,-0.273261,0.0949
5531,-0.273742,0.0943
5532,-0.275384,0.0968
5533,-0.275367,0.0960
5534,-0.276108,0.0948
5535,-0.277148,0.0941
5536,-0.278112,0.0941
5537,-0.279759,0.0960
5538,-0.283147,0.0956
5539,-0.285414,0.0949
5540,-0.281797,0.0949
5541,-0.280408,0.0946
5542,-0.281836,0.0958
5543,-0.285806,0.0949
5544,-0.283487,0.0950
5545,-0.281129,0.0959
5546,-0.280143,0.0947
5547,-0.280315,0.0963
5548,-0.279222,0.0958
5549,-0.280971,0.0961
5550,-0.282748,0.0938
5551,-0.285834,0.0956
5552,-0.285623,0.0953
5553,-0.283085,0.0977
5554,-0.282074,0.0947
5555,-0.282130,0.0957
5556,-0.282667,0.0954
5557,-0.286228,0.0961
5558,-0.282275,0.0961
5559,-0.280225,0.0960
5560,-0.279951,0.0945
5561,-0.279849,0.0956
5562,-0.280758,0.0964
5563,-0.283279,0.0966
5564,-0.290755,0.0959
5565,-0.276501,0.0968
5566,-0.272912,0.0972
5567,-0.270278,0.0956
5568,-0.269053,0.0937
5569,-0.269959,0.0970
5570,-0.266807,0.0961
5571,-0.264616,0.0953
5572,-0.262950,0.0956
5573,-0.262422,0.0949
5574,-0.264269,0.0949
5575,-0.264840,0.0954
5576,-0.264763,0.0940
5577,-0.263269,0.0958
5578,-0.266156,0.0949
5579,-0.260223,0.0959
5580,-0.256102,0.0954
5581,-0.257119,0.0950
5582,-0.254640,0.0975
5583,-0.253238,0.0961
5584,-0.253270,0.0951
5585,-0.253709,0.0949
5586,-0.253834,0.0959
5587,-0.253986,0.0958
5588,-0.251788,0.0964
5589,-0.252109,0.0955
5590,-0.253706,0.0972
5591,-0.254457,0.0966
5592,-0.255012,0.0940
5593,-0.254712,0.0951
5594,-0.256124,0.0958
5595,-0.257130,0.0951
5596,-0.259019,0.0951
5597,-0.260237,0.0950
5598,-0.260753,0.0961
5599,-0.262209,0.0959
5600,-0.264950,0.0968
5601,-0.267231,0.0967
5602,-0.269836,0.0959
5603,-0.271075,0.0946
5604,-0.270429,0.0956
5605,-0.271197,0.0946
5606,-0.268941,0.0954
5607,-0.268477,0.0957
5608,-0.269407,0.0951
5609,-0.271440,0.0961
5610,-0.271565,0.0958
5611,-0.273881,0.0950
5612,-0.274544,0.0958
5613,-0.277040,0.0969
5614,-0.280873,0.0947
5615,-0.284810,0.0969
5616,-0.286051,0.0964
5617,-0.281240,0.0969
5618,-0.280729,0.0973
5619,-0.279938,0.0950
5620,-0.278802,0.0945
5621,-0.279561,0.0956
5622,-0.282167,0.0961
5623,-0.285287,0.0955
5624,-0.286280,0.0961
5625,-0.282950,0.0940
5626,-0.282720,0.0956
5627,-0.283723,0.0961
5628,-0.291641,0.0969
5629,-0.280807,0.0937
5630,-0.277205,0.0970
5631,-0.276034,0.0969
5632,-0.274261,0.0958
5633,-0.273583,0.0969
5634,-0.275137,0.0956
5635,-0.275594,0.0942
5636,-0.276780,0.0968
5637,-0.278379,0.0957
5638,-0.280896,0.0947
5639,-0.289537,0.0966
5640,-0.274100,0.0972
5641,-0.270081,0.0940
5642,-0.266508,0.0955
5643,-0.264910,0.0956
5644,-0.263022,0.0965
5645,-0.260940,0.0950
5646,-0.259964,0.0961
5647,-0.258460,0.0956
5648,-0.259245,0.0946
5649,-0.257885,0.0952
5650,-0.257859,0.0955
5651,-0.259171,0.0962
5652,-0.259553,0.0962
5653,-0.259542,0.0973
5654,-0.259810,0.0958
5655,-0.259358,0.0946
5656,-0.260399,0.0972
5657,-0.261925,0.0951
5658,-0.262514,0.0965
5659,-0.263534,0.0955
5660,-0.266965,0.0965
5661,-0.263074,0.0956
5662,-0.263390,0.0969
5663,-0.265013,0.0937
5664,-0.264791,0.0939
5665,-0.265645,0.0969
5666,-0.266405,0.0937
5667,-0.267372,0.0951
5668,-0.268821,0.0951
5669,-0.269735,0.0947
5670,-0.272155,0.0973
5671,-0.271959,0.0956
5672,-0.274745,0.0951
5673,-0.276738,0.0963
5674,-0.278623,0.0963
5675,-0.281856,0.0954
5676,-0.285334,0.0955
5677,-0.289829,0.0953
5678,-0.288002,0.0946
5679,-0.286980,0.0948
5680,-0.287301,0.0952
5681,-0.288384,0.0955
5682,-0.295629,0.0946
5683,-0.285098,0.0959
5684,-0.283356,0.0937
5685,-0.280370,0.0947
5686,-0.278757,0.0946
5687,-0.278150,0.0973
5688,-0.275882,0.0954
5689,-0.277207,0.0948
5690,-0.277609,0.0958
5691,-0.276949,0.0973
5692,-0.277502,0.0962
5693,-0.277884,0.0944
5694,-0.278387,0.0941
5695,-0.279178,0.0968
5696,-0.279960,0.0953
5697,-0.281192,0.0943
5698,-0.281799,0.0941
5699,-0.283104,0.0941
5700,-0.282758,0.0953
5701,-0.283950,0.0978
5702,-0.284428,0.0958
5703,-0.287642,0.0968
5704,-0.287578,0.0945
5705,-0.285153,0.0946
5706,-0.284402,0.0948
5707,-0.284721,0.0963
5708,-0.283426,0.0953
5709,-0.285108,0.0942
5710,-0.284548,0.0970
5711,-0.286356,0.0969
5712,-0.287878,0.0942
5713,-0.292675,0.0948
5714,-0.287610,0.0947
5715,-0.284579,0.0956
5716,-0.284795,0.0977
5717,-0.283175,0.0964
5718,-0.282234,0.0951
5719,-0.282881,0.0948
5720,-0.281880,0.0965
5721,-0.280415,0.0944
5722,-0.281838,0.0950
5723,-0.281982,0.0939
5724,-0.282363,0.0955
5725,-0.281379,0.0948
5726,-0.281332,0.0955
5727,-0.281020,0.0942
5728,-0.280541,0.0951
5729,-0.279851,0.0943
5730,-0.279801,0.0963
5731,-0.280411,0.0952
5732,-0.280781,0.0974
5733,-0.280931,0.0940
5734,-0.281934,0.0956
5735,-0.282651,0.0961
5736,-0.285063,0.0962
5737,-0.287014,0.0947
5738,-0.291584,0.0938
5739,-0.286714,0.0965
5740,-0.283452,0.0961
5741,-0.280507,0.0952
5742,-0.279999,0.0951
5743,-0.279366,0.0969
5744,-0.277317,0.0944
5745,-0.277365,0.0964
5746,-0.277349,0.0968
5747,-0.278721,0.0968
5748,-0.279774,0.0961
5749,-0.280574,0.0952
5750,-0.281853,0.0973
5751,-0.282840,0.0959
5752,-0.286416,0.0958
5753,-0.291554,0.0977
5754,-0.287944,0.0953
5755,-0.284228,0.0951
5756,-0.282435,0.0941
5757,-0.280354,0.0951
5758,-0.280755,0.0970
5759,-0.280916,0.0954
5760,-0.280955,0.0971
5761,-0.281873,0.0957
5762,-0.283147,0.0966
5763,-0.284446,0.0959
5764,-0.288348,0.0953
5765,-0.296984,0.0948
5766,-0.283104,0.0969
5767,-0.277547,0.0971
5768,-0.272905,0.0952
5769,-0.271395,0.0958
5770,-0.269485,0.0981
5771,-0.268266,0.0980
5772,-0.266084,0.0946
5773,-0.265034,0.0945
5774,-0.265200,0.0958
5775,-0.263815,0.0961
5776,-0.262756,0.0967
5777,-0.263627,0.0954
5778,-0.262288,0.0967
5779,-0.263340,0.0949
5780,-0.262162,0.0966
5781,-0.264100,0.0948
5782,-0.263320,0.0951
5783,-0.263460,0.0938
5784,-0.263521,0.0966
5785,-0.265201,0.0963
5786,-0.266861,0.0964
5787,-0.269964,0.0942
5788,-0.269763,0.0958
5789,-0.269869,0.0938
5790,-0.269348,0.0948
5791,-0.269972,0.0968
5792,-0.270881,0.0958
5793,-0.273380,0.0968
5794,-0.275508,0.0965
5795,-0.276572,0.0968
5796,-0.278831,0.0965
5797,-0.282014,0.0952
5798,-0.284255,0.0967
5799,-0.290942,0.0955
5800,-0.287591,0.0954
5801,-0.284362,0.0954
5802,-0.283579,0.0954
5803,-0.283086,0.0958
5804,-0.283313,0.0978
5805,-0.282512,0.0954
5806,-0.282024,0.0957
5807,-0.280420,0.0961
5808,-0.282278,0.0949
5809,-0.279988,0.0972
5810,-0.280386,0.0956
5811,-0.278614,0.0967
5812,-0.278171,0.0937
5813,-0.278742,0.0964
5814,-0.280131,0.0950
5815,-0.280591,0.0957
5816,-0.282323,0.0957
5817,-0.283113,0.0968
5818,-0.284689,0.0964
5819,-0.285674,0.0948
5820,-0.287789,0.0953
5821,-0.291084,0.0974
5822,-0.289971,0.0956
5823,-0.287845,0.0977
5824,-0.286831,0.0953
5825,-0.286707,0.0966
5826,-0.285129,0.0952
5827,-0.284275,0.0970
5828,-0.284223,0.0947
5829,-0.282786,0.0968
5830,-0.285217,0.0954
5831,-0.285533,0.0955
5832,-0.287109,0.0952
5833,-0.286120,0.0961
5834,-0.287981,0.0940
5835,-0.290166,0.0953
5836,-0.288738,0.0948
5837,-0.286536,0.0956
5838,-0.285063,0.0958
5839,-0.285612,0.0948
5840,-0.286006,0.0956
5841,-0.287243,0.0963
5842,-0.292240,0.0974
5843,-0.287974,0.0949
5844,-0.284092,0.0965
5845,-0.282453,0.0966
5846,-0.279480,0.0964
5847,-0.279369,0.0955
5848,-0.278570,0.0943
5849,-0.278615,0.0958
5850,-0.278178,0.0967
5851,-0.278933,0.0977
5852,-0.279469,0.0961
5853,-0.280182,0.0945
5854,-0.282574,0.0946
5855,-0.282021,0.0970
5856,-0.282881,0.0974
5857,-0.284008,0.0960
5858,-0.284469,0.0953
5859,-0.285605,0.0963
5860,-0.284176,0.0950
5861,-0.285156,0.0936
5862,-0.286349,0.0940
5863,-0.288933,0.0964
5864,-0.294186,0.0948
5865,-0.290164,0.0958
5866,-0.286607,0.0974
5867,-0.284352,0.0974
5868,-0.281104,0.0959
5869,-0.281373,0.0958
5870,-0.281017,0.0964
5871,-0.280453,0.0948
5872,-0.281189,0.0957
5873,-0.281459,0.0942
5874,-0.282271,0.0962
5875,-0.284126,0.0953
5876,-0.285372,0.0962
5877,-0.289363,0.0944
5878,-0.289559,0.0976
5879,-0.285661,0.0963
5880,-0.284631,0.0962
5881,-0.284098,0.0964
5882,-0.285874,0.0954
5883,-0.287949,0.0950
5884,-0.291639,0.0967
5885,-0.287593,0.0979
5886,-0.284689,0.0963
5887,-0.283297,0.0950
5888,-0.281895,0.0965
5889,-0.282954,0.0940
5890,-0.284098,0.0952
5891,-0.285595,0.0953
5892,-0.288689,0.0956
5893,-0.293719,0.0944
5894,-0.288806,0.0968
5895,-0.285746,0.0953
5896,-0.283395,0.0963
5897,-0.282324,0.0950
5898,-0.281000,0.0963
5899,-0.279032,0.0956
5900,-0.278994,0.0952
5901,-0.278540,0.0961
5902,-0.280245,0.0958
5903,-0.280644,0.0960
5904,-0.279174,0.0951
5905,-0.280246,0.0950
5906,-0.280038,0.0962
5907,-0.281265,0.0947
5908,-0.282413,0.0973
5909,-0.282570,0.0970
5910,-0.283394,0.0974
5911,-0.283218,0.0940
5912,-0.282205,0.0948
5913,-0.283797,0.0945
5914,-0.287091,0.0942
5915,-0.290229,0.0962
5916,-0.283455,0.0967
5917,-0.281245,0.0974
5918,-0.279679,0.0949
5919,-0.277833,0.0961
5920,-0.276986,0.0945
5921,-0.276682,0.0953
5922,-0.275875,0.0952
5923,-0.276022,0.0961
5924,-0.274741,0.0955
5925,-0.274893,0.0952
5926,-0.276079,0.0951
5927,-0.277164,0.0962
5928,-0.277557,0.0953
5929,-0.280450,0.0934
5930,-0.282583,0.0969
5931,-0.282376,0.0950
5932,-0.281814,0.0965
5933,-0.281437,0.0962
5934,-0.283179,0.0961
5935,-0.284105,0.0971
5936,-0.285668,0.0950
5937,-0.286034,0.0966
5938,-0.290106,0.0953
5939,-0.295332,0.0962
5940,-0.295363,0.0957
5941,-0.289177,0.0963
5942,-0.287216,0.0977
5943,-0.286074,0.0957
5944,-0.284235,0.0964
5945,-0.283474,0.0960
5946,-0.283101,0.0962
5947,-0.284973,0.0948
5948,-0.287371,0.0966
5949,-0.288273,0.0952
5950,-0.290291,0.0953
5951,-0.295948,0.0942
5952,-0.293794,0.0945
5953,-0.295729,0.0965
5954,-0.289208,0.0933
5955,-0.286875,0.0960
5956,-0.286207,0.0963
5957,-0.286119,0.0947
5958,-0.286508,0.0961
5959,-0.285400,0.0974
5960,-0.284397,0.0950
5961,-0.286339,0.0962
5962,-0.287593,0.0969
5963,-0.290056,0.0964
5964,-0.300509,0.0974
5965,-0.290125,0.0962
5966,-0.287430,0.0945
5967,-0.286572,0.0959
5968,-0.286912,0.0964
5969,-0.288108,0.0963
5970,-0.287123,0.0948
5971,-0.285297,0.0954
5972,-0.284113,0.0942
5973,-0.284549,0.0969
5974,-0.285370,0.0970
5975,-0.285162,0.0975
5976,-0.287299,0.0945
5977,-0.290312,0.0954
5978,-0.298893,0.0963
5979,-0.294068,0.0942
5980,-0.293990,0.0952
5981,-0.295119,0.0953
5982,-0.294263,0.0954
5983,-0.300375,0.0964
5984,-0.284974,0.0952
5985,-0.279098,0.0955
5986,-0.275481,0.0956
5987,-0.273479,0.0965
5988,-0.272397,0.0948
5989,-0.272025,0.0961
5990,-0.270763,0.0962
5991,-0.271048,0.0967
5992,-0.268797,0.0948
5993,-0.269519,0.0980
5994,-0.273081,0.0962
5995,-0.277700,0.0943
5996,-0.273660,0.0951
5997,-0.272160,0.0961
5998,-0.269507,0.0938
5999,-0.269636,0.0938
6000,-0.269094,0.0967
