epoch,loss,tiempo_s
1,11.362105,0.1618
2,6.021983,0.0240
3,5.409079,0.0237
4,5.117223,0.0237
5,4.934355,0.0237
6,4.804175,0.0231
7,4.703198,0.0217
8,4.622719,0.0217
9,4.555117,0.0216
10,4.495576,0.0216
11,4.444618,0.0215
12,4.397985,0.0216
13,4.356882,0.0216
14,4.319079,0.0216
15,4.284348,0.0216
16,4.251492,0.0216
17,4.221392,0.0216
18,4.193652,0.0216
19,4.167993,0.0213
20,4.143400,0.0208
21,4.120902,0.0208
22,4.099554,0.0208
23,4.079567,0.0208
24,4.059513,0.0212
25,4.040379,0.0209
26,4.022243,0.0208
27,4.005271,0.0208
28,3.988434,0.0209
29,3.973319,0.0208
30,3.957443,0.0208
31,3.942314,0.0209
32,3.927575,0.0209
33,3.913997,0.0209
34,3.899725,0.0208
35,3.886943,0.0209
36,3.873767,0.0208
37,3.861518,0.0209
38,3.848106,0.0209
39,3.836936,0.0208
40,3.825208,0.0208
41,3.813756,0.0209
42,3.802936,0.0209
43,3.791892,0.0209
44,3.781949,0.0209
45,3.771129,0.0208
46,3.761217,0.0209
47,3.751903,0.0209
48,3.742356,0.0209
49,3.733044,0.0209
50,3.723896,0.0209
51,3.714844,0.0209
52,3.705337,0.0209
53,3.696313,0.0209
54,3.687539,0.0209
55,3.679566,0.0209
56,3.671027,0.0209
57,3.662814,0.0209
58,3.654284,0.0209
59,3.645758,0.0209
60,3.638308,0.0209
61,3.630264,0.0209
62,3.622672,0.0209
63,3.615445,0.0209
64,3.606815,0.0209
65,3.599314,0.0209
66,3.592338,0.0209
67,3.585624,0.0209
68,3.577197,0.0209
69,3.569312,0.0209
70,3.562658,0.0209
71,3.555396,0.0209
72,3.548214,0.0209
73,3.541406,0.0209
74,3.535097,0.0209
75,3.528435,0.0209
76,3.520593,0.0209
77,3.514095,0.0209
78,3.507975,0.0209
79,3.501070,0.0209
80,3.494517,0.0209
81,3.487418,0.0210
82,3.481542,0.0209
83,3.475346,0.0209
84,3.468472,0.0210
85,3.461725,0.0209
86,3.455517,0.0209
87,3.449660,0.0210
88,3.442922,0.0214
89,3.437523,0.0209
90,3.430702,0.0210
91,3.424665,0.0209
92,3.418443,0.0210
93,3.412783,0.0210
94,3.406561,0.0209
95,3.400368,0.0210
96,3.395168,0.0209
97,3.389609,0.0209
98,3.382981,0.0210
99,3.377321,0.0209
100,3.371630,0.0209
101,3.366037,0.0209
102,3.360010,0.0209
103,3.353947,0.0209
104,3.348636,0.0210
105,3.343680,0.0210
106,3.337306,0.0210
107,3.331895,0.0210
108,3.326752,0.0210
109,3.321462,0.0210
110,3.316303,0.0210
111,3.310024,0.0210
112,3.304924,0.0210
113,3.300017,0.0210
114,3.294326,0.0210
115,3.288530,0.0210
116,3.283796,0.0210
117,3.278106,0.0210
118,3.272515,0.0210
119,3.266913,0.0210
120,3.262177,0.0210
121,3.256155,0.0210
122,3.251203,0.0215
123,3.245613,0.0210
124,3.241281,0.0210
125,3.235831,0.0210
126,3.229287,0.0210
127,3.225110,0.0210
128,3.219966,0.0211
129,3.214756,0.0210
130,3.209170,0.0210
131,3.204525,0.0210
132,3.199049,0.0210
133,3.194041,0.0210
134,3.188276,0.0210
135,3.182694,0.0210
136,3.178268,0.0210
137,3.172822,0.0210
138,3.167415,0.0210
139,3.161180,0.0211
140,3.156718,0.0210
141,3.152063,0.0211
142,3.146104,0.0211
143,3.141209,0.0211
144,3.135252,0.0210
145,3.130276,0.0210
146,3.125561,0.0210
147,3.120676,0.0210
148,3.115978,0.0210
149,3.111143,0.0210
150,3.105734,0.0211
151,3.101031,0.0211
152,3.095904,0.0229
153,3.090409,0.0211
154,3.085418,0.0211
155,3.080904,0.0211
156,3.075505,0.0211
157,3.070523,0.0211
158,3.065459,0.0211
159,3.059735,0.0211
160,3.055417,0.0211
161,3.049523,0.0211
162,3.044239,0.0211
163,3.039127,0.0211
164,3.034341,0.0211
165,3.029110,0.0211
166,3.024193,0.0211
167,3.018965,0.0211
168,3.014427,0.0211
169,3.009459,0.0211
170,3.004273,0.0211
171,2.998873,0.0211
172,2.994103,0.0211
173,2.989895,0.0211
174,2.984421,0.0211
175,2.979778,0.0211
176,2.975363,0.0211
177,2.970328,0.0211
178,2.965405,0.0211
179,2.960091,0.0211
180,2.955213,0.0211
181,2.950655,0.0211
182,2.945267,0.0211
183,2.940135,0.0211
184,2.936346,0.0211
185,2.931069,0.0212
186,2.926207,0.0212
187,2.922045,0.0211
188,2.916819,0.0212
189,2.911636,0.0211
190,2.906736,0.0212
191,2.901673,0.0211
192,2.896614,0.0212
193,2.891609,0.0211
194,2.887383,0.0212
195,2.882111,0.0212
196,2.877582,0.0212
197,2.872481,0.0212
198,2.868562,0.0212
199,2.864107,0.0212
200,2.859072,0.0212
201,2.854553,0.0212
202,2.849865,0.0212
203,2.845109,0.0212
204,2.840590,0.0212
205,2.836493,0.0212
206,2.831841,0.0212
207,2.827120,0.0212
208,2.822712,0.0212
209,2.817815,0.0212
210,2.813561,0.0212
211,2.808362,0.0212
212,2.803056,0.0212
213,2.798910,0.0212
214,2.794010,0.0212
215,2.788943,0.0212
216,2.784399,0.0217
217,2.778944,0.0212
218,2.774621,0.0212
219,2.770257,0.0212
220,2.765952,0.0212
221,2.761297,0.0212
222,2.756463,0.0212
223,2.751724,0.0212
224,2.747097,0.0212
225,2.741985,0.0212
226,2.737581,0.0213
227,2.733587,0.0212
228,2.727829,0.0213
229,2.723634,0.0212
230,2.719024,0.0213
231,2.714838,0.0212
232,2.709532,0.0212
233,2.704420,0.0213
234,2.700273,0.0213
235,2.695970,0.0213
236,2.690568,0.0213
237,2.686526,0.0213
238,2.681662,0.0213
239,2.676748,0.0213
240,2.672797,0.0213
241,2.668532,0.0213
242,2.664365,0.0213
243,2.660474,0.0213
244,2.655543,0.0213
245,2.650537,0.0213
246,2.646837,0.0213
247,2.642488,0.0213
248,2.638562,0.0213
249,2.634344,0.0213
250,2.629417,0.0213
251,2.624726,0.0213
252,2.619735,0.0213
253,2.615157,0.0213
254,2.610600,0.0214
255,2.606825,0.0214
256,2.601900,0.0214
257,2.597149,0.0213
258,2.592847,0.0214
259,2.588850,0.0213
260,2.583517,0.0213
261,2.580578,0.0214
262,2.576222,0.0214
263,2.571260,0.0214
264,2.566560,0.0213
265,2.561974,0.0214
266,2.556851,0.0214
267,2.553099,0.0214
268,2.548304,0.0214
269,2.544690,0.0214
270,2.540301,0.0214
271,2.536478,0.0214
272,2.531087,0.0214
273,2.527370,0.0214
274,2.523336,0.0214
275,2.518323,0.0215
276,2.514491,0.0214
277,2.510498,0.0214
278,2.506578,0.0214
279,2.502996,0.0230
280,2.498563,0.0216
281,2.493754,0.0214
282,2.490750,0.0214
283,2.486404,0.0214
284,2.483584,0.0214
285,2.479306,0.0214
286,2.474953,0.0215
287,2.470328,0.0215
288,2.467067,0.0215
289,2.462620,0.0215
290,2.458814,0.0215
291,2.455216,0.0215
292,2.451035,0.0215
293,2.447182,0.0215
294,2.443544,0.0215
295,2.439590,0.0215
296,2.435348,0.0215
297,2.431168,0.0215
298,2.427361,0.0215
299,2.424290,0.0215
300,2.419507,0.0215
301,2.416593,0.0215
302,2.413404,0.0215
303,2.409248,0.0215
304,2.405942,0.0215
305,2.402143,0.0216
306,2.399761,0.0215
307,2.395799,0.0216
308,2.393308,0.0216
309,2.386930,0.0215
310,2.383378,0.0216
311,2.380142,0.0215
312,2.377251,0.0215
313,2.373469,0.0216
314,2.370049,0.0216
315,2.366433,0.0216
316,2.362020,0.0216
317,2.356872,0.0216
318,2.353376,0.0216
319,2.348154,0.0216
320,2.344860,0.0216
321,2.341672,0.0216
322,2.336421,0.0216
323,2.332463,0.0216
324,2.328301,0.0216
325,2.324395,0.0216
326,2.320102,0.0216
327,2.316184,0.0216
328,2.315021,0.0216
329,2.312202,0.0216
330,2.308059,0.0216
331,2.303641,0.0216
332,2.298558,0.0216
333,2.295198,0.0216
334,2.292513,0.0216
335,2.288395,0.0217
336,2.284476,0.0217
337,2.282580,0.0217
338,2.278170,0.0216
339,2.273878,0.0217
340,2.269896,0.0217
341,2.267842,0.0217
342,2.264047,0.0217
343,2.258475,0.0217
344,2.255532,0.0217
345,2.252271,0.0217
346,2.246898,0.0217
347,2.244972,0.0217
348,2.242884,0.0217
349,2.239521,0.0217
350,2.235337,0.0218
351,2.231900,0.0217
352,2.229390,0.0218
353,2.226171,0.0218
354,2.224178,0.0218
355,2.220456,0.0218
356,2.218067,0.0217
357,2.215195,0.0218
358,2.213190,0.0218
359,2.206775,0.0218
360,2.202759,0.0218
361,2.198855,0.0218
362,2.194982,0.0218
363,2.191518,0.0218
364,2.188203,0.0218
365,2.185183,0.0218
366,2.182171,0.0218
367,2.178143,0.0218
368,2.175520,0.0218
369,2.171381,0.0219
370,2.167138,0.0219
371,2.162747,0.0219
372,2.159127,0.0219
373,2.156764,0.0219
374,2.153468,0.0218
375,2.149023,0.0219
376,2.144859,0.0219
377,2.141107,0.0219
378,2.137312,0.0219
379,2.136052,0.0219
380,2.135364,0.0219
381,2.130510,0.0220
382,2.129110,0.0219
383,2.124516,0.0220
384,2.121236,0.0219
385,2.118563,0.0220
386,2.114380,0.0220
387,2.109844,0.0220
388,2.106315,0.0219
389,2.103239,0.0220
390,2.100856,0.0220
391,2.096699,0.0220
392,2.092454,0.0220
393,2.090070,0.0220
394,2.086190,0.0220
395,2.081031,0.0220
396,2.078263,0.0220
397,2.073894,0.0220
398,2.070611,0.0220
399,2.068014,0.0221
400,2.064977,0.0220
401,2.061738,0.0220
402,2.059212,0.0220
403,2.057388,0.0220
404,2.053205,0.0220
405,2.050929,0.0221
406,2.047348,0.0221
407,2.043069,0.0221
408,2.039399,0.0221
409,2.036747,0.0221
410,2.032128,0.0221
411,2.029097,0.0221
412,2.025737,0.0221
413,2.025573,0.0221
414,2.022806,0.0221
415,2.018315,0.0221
416,2.016058,0.0222
417,2.016761,0.0221
418,2.012105,0.0222
419,2.008078,0.0222
420,2.003845,0.0222
421,1.999543,0.0222
422,1.997262,0.0221
423,1.994009,0.0222
424,1.988869,0.0222
425,1.985588,0.0222
426,1.982770,0.0222
427,1.977871,0.0222
428,1.977642,0.0222
429,1.975867,0.0223
430,1.973694,0.0223
431,1.972088,0.0223
432,1.968864,0.0223
433,1.967427,0.0223
434,1.965736,0.0223
435,1.963658,0.0223
436,1.960033,0.0223
437,1.957473,0.0223
438,1.951766,0.0224
439,1.947595,0.0224
440,1.944249,0.0224
441,1.942233,0.0223
442,1.937737,0.0224
443,1.934181,0.0224
444,1.933435,0.0224
445,1.935491,0.0224
446,1.933616,0.0224
447,1.933568,0.0225
448,1.927896,0.0225
449,1.923822,0.0225
450,1.920062,0.0225
451,1.914653,0.0225
452,1.910071,0.0226
453,1.906502,0.0226
454,1.904597,0.0226
455,1.902112,0.0226
456,1.899528,0.0227
457,1.897105,0.0225
458,1.893097,0.0225
459,1.891181,0.0226
460,1.886272,0.0227
461,1.884209,0.0228
462,1.881535,0.0227
463,1.881375,0.0227
464,1.874859,0.0228
465,1.874996,0.0227
466,1.872071,0.0225
467,1.869611,0.0226
468,1.863616,0.0227
469,1.862340,0.0227
470,1.859474,0.0228
471,1.854087,0.0227
472,1.854090,0.0226
473,1.853296,0.0227
474,1.847862,0.0226
475,1.845789,0.0227
476,1.844030,0.0227
477,1.839491,0.0228
478,1.836920,0.0227
479,1.834105,0.0228
480,1.832949,0.0227
481,1.830234,0.0227
482,1.825073,0.0228
483,1.821133,0.0229
484,1.817729,0.0227
485,1.819235,0.0229
486,1.814035,0.0229
487,1.811445,0.0228
488,1.808659,0.0229
489,1.805510,0.0228
490,1.804335,0.0229
491,1.801728,0.0229
492,1.801824,0.0229
493,1.797113,0.0229
494,1.791428,0.0228
495,1.791611,0.0230
496,1.795822,0.0229
497,1.793604,0.0229
498,1.790968,0.0229
499,1.790487,0.0229
500,1.789531,0.0230
501,1.788189,0.0230
502,1.785858,0.0229
503,1.783446,0.0231
504,1.782445,0.0230
505,1.779708,0.0230
506,1.776439,0.0231
507,1.774011,0.0232
508,1.770458,0.0231
509,1.767589,0.0232
510,1.762110,0.0232
511,1.758485,0.0231
512,1.754306,0.0231
513,1.750976,0.0231
514,1.748395,0.0230
515,1.744603,0.0232
516,1.740042,0.0232
517,1.735788,0.0232
518,1.733931,0.0235
519,1.732128,0.0233
520,1.731005,0.0233
521,1.726925,0.0233
522,1.723427,0.0232
523,1.723598,0.0232
524,1.720524,0.0232
525,1.717929,0.0234
526,1.717790,0.0232
527,1.713264,0.0233
528,1.710324,0.0233
529,1.709485,0.0235
530,1.705805,0.0234
531,1.701658,0.0233
532,1.699133,0.0233
533,1.696261,0.0234
534,1.693147,0.0234
535,1.693704,0.0234
536,1.691396,0.0234
537,1.685805,0.0235
538,1.683141,0.0234
539,1.681924,0.0234
540,1.681510,0.0235
541,1.683131,0.0234
542,1.683385,0.0234
543,1.682486,0.0235
544,1.676120,0.0235
545,1.673786,0.0234
546,1.671719,0.0235
547,1.669002,0.0235
548,1.667107,0.0236
549,1.664244,0.0236
550,1.659938,0.0235
551,1.657876,0.0235
552,1.655159,0.0237
553,1.649416,0.0237
554,1.645280,0.0236
555,1.642749,0.0236
556,1.639792,0.0236
557,1.637478,0.0237
558,1.634399,0.0236
559,1.631885,0.0237
560,1.629427,0.0237
561,1.627196,0.0239
562,1.626052,0.0238
563,1.623078,0.0237
564,1.623883,0.0237
565,1.621228,0.0237
566,1.619470,0.0235
567,1.616078,0.0237
568,1.615044,0.0237
569,1.611999,0.0237
570,1.611087,0.0237
571,1.609690,0.0237
572,1.603397,0.0237
573,1.600705,0.0237
574,1.599161,0.0238
575,1.602204,0.0239
576,1.606961,0.0238
577,1.608935,0.0239
578,1.605856,0.0239
579,1.599504,0.0239
580,1.593736,0.0241
581,1.588607,0.0237
582,1.587819,0.0239
583,1.585808,0.0238
584,1.583902,0.0238
585,1.580844,0.0238
586,1.577347,0.0238
587,1.576606,0.0238
588,1.578188,0.0239
589,1.574916,0.0240
590,1.571139,0.0239
591,1.573070,0.0238
592,1.572974,0.0240
593,1.573732,0.0244
594,1.570664,0.0242
595,1.571335,0.0241
596,1.566550,0.0241
597,1.562637,0.0245
598,1.556442,0.0243
599,1.553668,0.0243
600,1.551412,0.0244
601,1.551461,0.0245
602,1.544840,0.0242
603,1.543911,0.0242
604,1.543827,0.0246
605,1.541074,0.0242
606,1.537823,0.0240
607,1.536439,0.0244
608,1.534946,0.0242
609,1.540540,0.0241
610,1.541573,0.0240
611,1.542577,0.0241
612,1.544392,0.0240
613,1.542334,0.0242
614,1.546035,0.0241
615,1.550359,0.0243
616,1.543122,0.0244
617,1.538969,0.0243
618,1.536312,0.0243
619,1.533790,0.0244
620,1.535936,0.0244
621,1.540522,0.0242
622,1.537737,0.0243
623,1.532298,0.0245
624,1.522877,0.0246
625,1.515791,0.0246
626,1.510326,0.0246
627,1.514510,0.0243
628,1.511113,0.0248
629,1.505780,0.0246
630,1.505330,0.0246
631,1.500367,0.0247
632,1.496145,0.0248
633,1.502027,0.0248
634,1.506247,0.0248
635,1.496844,0.0248
636,1.493467,0.0248
637,1.498096,0.0250
638,1.513739,0.0249
639,1.524552,0.0250
640,1.531712,0.0249
641,1.526905,0.0250
642,1.516575,0.0249
643,1.503277,0.0247
644,1.492809,0.0250
645,1.490548,0.0251
646,1.488168,0.0247
647,1.486012,0.0248
648,1.481837,0.0248
649,1.477521,0.0247
650,1.471886,0.0251
651,1.468734,0.0249
652,1.466802,0.0247
653,1.460819,0.0250
654,1.455297,0.0247
655,1.454441,0.0250
656,1.452115,0.0249
657,1.448571,0.0250
658,1.447213,0.0248
659,1.449897,0.0248
660,1.450012,0.0247
661,1.445915,0.0251
662,1.443245,0.0250
663,1.443266,0.0252
664,1.442865,0.0250
665,1.437471,0.0251
666,1.434392,0.0248
667,1.435626,0.0249
668,1.434169,0.0250
669,1.435828,0.0249
670,1.431669,0.0250
671,1.429098,0.0251
672,1.429400,0.0249
673,1.429086,0.0251
674,1.423566,0.0249
675,1.421714,0.0250
676,1.416775,0.0249
677,1.414948,0.0251
678,1.414784,0.0250
679,1.414589,0.0251
680,1.411890,0.0250
681,1.409519,0.0250
682,1.407742,0.0252
683,1.404469,0.0249
684,1.404092,0.0251
685,1.400771,0.0252
686,1.398200,0.0250
687,1.398792,0.0252
688,1.398317,0.0250
689,1.405431,0.0252
690,1.415158,0.0251
691,1.420940,0.0250
692,1.418941,0.0253
693,1.412739,0.0252
694,1.401431,0.0254
695,1.395303,0.0253
696,1.389094,0.0253
697,1.388794,0.0252
698,1.389502,0.0253
699,1.388894,0.0253
700,1.385497,0.0254
701,1.382857,0.0254
702,1.380358,0.0253
703,1.383632,0.0254
704,1.375677,0.0253
705,1.382877,0.0253
706,1.381076,0.0254
707,1.378590,0.0254
708,1.375808,0.0255
709,1.376626,0.0256
710,1.371292,0.0255
711,1.368143,0.0255
712,1.367997,0.0255
713,1.364500,0.0255
714,1.364318,0.0255
715,1.364133,0.0256
716,1.362986,0.0256
717,1.357327,0.0257
718,1.354961,0.0255
719,1.350638,0.0257
720,1.372061,0.0255
721,1.380663,0.0255
722,1.379034,0.0255
723,1.371406,0.0256
724,1.360273,0.0258
725,1.355690,0.0257
726,1.357047,0.0256
727,1.356560,0.0260
728,1.355661,0.0256
729,1.354129,0.0257
730,1.353364,0.0257
731,1.354698,0.0258
732,1.353043,0.0257
733,1.349305,0.0257
734,1.345115,0.0256
735,1.342293,0.0257
736,1.340445,0.0262
737,1.338852,0.0254
738,1.334934,0.0258
739,1.333638,0.0261
740,1.342533,0.0260
741,1.351426,0.0257
742,1.352398,0.0258
743,1.347373,0.0256
744,1.341810,0.0257
745,1.342890,0.0259
746,1.344009,0.0257
747,1.341449,0.0260
748,1.337634,0.0261
749,1.333822,0.0258
750,1.328347,0.0261
751,1.324698,0.0259
752,1.321581,0.0259
753,1.338636,0.0259
754,1.326378,0.0263
755,1.318263,0.0261
756,1.325156,0.0258
757,1.315909,0.0260
758,1.321915,0.0264
759,1.351107,0.0261
760,1.363789,0.0263
761,1.358007,0.0261
762,1.354681,0.0262
763,1.363069,0.0264
764,1.382375,0.0261
765,1.385738,0.0265
766,1.378581,0.0268
767,1.370685,0.0265
768,1.369321,0.0265
769,1.358539,0.0264
770,1.349107,0.0263
771,1.341204,0.0265
772,1.335721,0.0264
773,1.338749,0.0266
774,1.335572,0.0262
775,1.323309,0.0265
776,1.312993,0.0263
777,1.313951,0.0265
778,1.325584,0.0264
779,1.332558,0.0265
780,1.325687,0.0266
781,1.314471,0.0267
782,1.302206,0.0266
783,1.292782,0.0266
784,1.289253,0.0264
785,1.286154,0.0265
786,1.290653,0.0269
787,1.287583,0.0267
788,1.300714,0.0268
789,1.322617,0.0270
790,1.313731,0.0269
791,1.339031,0.0270
792,1.333580,0.0268
793,1.333786,0.0270
794,1.326485,0.0268
795,1.324640,0.0269
796,1.322497,0.0270
797,1.323996,0.0270
798,1.318138,0.0269
799,1.309381,0.0270
800,1.304155,0.0269
801,1.301334,0.0271
802,1.299914,0.0272
803,1.301521,0.0271
804,1.297927,0.0272
805,1.294684,0.0276
806,1.292792,0.0273
807,1.284307,0.0274
808,1.282948,0.0273
809,1.288822,0.0276
810,1.290410,0.0278
811,1.291458,0.0278
812,1.294050,0.0279
813,1.291000,0.0280
814,1.290848,0.0280
815,1.293181,0.0281
816,1.292510,0.0282
817,1.288070,0.0283
818,1.288526,0.0286
819,1.284067,0.0284
820,1.280300,0.0286
821,1.276418,0.0286
822,1.275883,0.0289
823,1.274698,0.0290
824,1.263865,0.0290
825,1.260659,0.0293
826,1.258827,0.0293
827,1.256664,0.0297
828,1.251425,0.0298
829,1.254586,0.0301
830,1.253163,0.0300
831,1.248677,0.0301
832,1.241657,0.0300
833,1.238785,0.0303
834,1.235578,0.0303
835,1.233281,0.0306
836,1.231595,0.0306
837,1.236924,0.0310
838,1.250111,0.0311
839,1.243985,0.0312
840,1.233658,0.0313
841,1.221650,0.0316
842,1.222780,0.0317
843,1.222846,0.0319
844,1.223747,0.0320
845,1.221854,0.0321
846,1.217184,0.0326
847,1.211236,0.0328
848,1.221657,0.0333
849,1.247132,0.0334
850,1.275970,0.0331
851,1.295919,0.0341
852,1.312769,0.0339
853,1.318053,0.0342
854,1.329094,0.0351
855,1.325208,0.0346
856,1.334780,0.0349
857,1.333273,0.0351
858,1.327781,0.0357
859,1.322493,0.0356
860,1.312221,0.0360
861,1.301112,0.0366
862,1.284698,0.0372
863,1.268444,0.0367
864,1.260428,0.0374
865,1.241848,0.0373
866,1.242881,0.0378
867,1.227483,0.0385
868,1.226782,0.0391
869,1.219073,0.0387
870,1.217145,0.0388
871,1.214187,0.0391
872,1.205866,0.0392
873,1.202717,0.0395
874,1.202395,0.0398
875,1.200628,0.0405
876,1.201669,0.0402
877,1.202512,0.0410
878,1.198097,0.0414
879,1.194701,0.0415
880,1.192522,0.0420
881,1.194380,0.0434
882,1.198382,0.0439
883,1.198950,0.0447
884,1.201060,0.0448
885,1.198929,0.0448
886,1.195235,0.0453
887,1.193315,0.0464
888,1.189909,0.0467
889,1.186137,0.0464
890,1.178995,0.0483
891,1.176249,0.0483
892,1.174569,0.0481
893,1.171518,0.0487
894,1.161682,0.0500
895,1.158251,0.0500
896,1.150946,0.0505
897,1.146973,0.0521
898,1.139074,0.0518
899,1.137008,0.0532
900,1.135328,0.0532
901,1.131489,0.0540
902,1.132125,0.0541
903,1.131221,0.0548
904,1.126564,0.0568
905,1.124161,0.0566
906,1.124380,0.0565
907,1.125887,0.0577
908,1.129111,0.0582
909,1.116772,0.0581
910,1.125233,0.0595
911,1.124702,0.0614
912,1.120916,0.0612
913,1.133536,0.0614
914,1.131609,0.0617
915,1.144752,0.0617
916,1.139788,0.0617
917,1.130472,0.0614
918,1.125123,0.0614
919,1.129445,0.0611
920,1.139489,0.0611
921,1.143417,0.0610
922,1.135466,0.0609
923,1.118904,0.0605
924,1.102250,0.0603
925,1.097861,0.0592
926,1.105642,0.0595
927,1.118402,0.0579
928,1.123772,0.0584
929,1.122645,0.0572
930,1.116684,0.0571
931,1.098489,0.0572
932,1.092873,0.0564
933,1.107990,0.0554
934,1.117654,0.0553
935,1.120023,0.0570
936,1.119166,0.0569
937,1.110254,0.0571
938,1.103537,0.0570
939,1.095063,0.0571
940,1.093518,0.0573
941,1.100454,0.0590
942,1.092185,0.0592
943,1.097701,0.0598
944,1.100586,0.0607
945,1.098656,0.0610
946,1.096273,0.0617
947,1.089261,0.0626
948,1.087940,0.0613
949,1.087853,0.0614
950,1.092786,0.0616
951,1.079808,0.0618
952,1.073928,0.0622
953,1.091461,0.0624
954,1.094088,0.0626
955,1.097945,0.0632
956,1.098265,0.0644
957,1.091027,0.0656
958,1.092624,0.0654
959,1.081162,0.0667
960,1.082452,0.0663
961,1.074123,0.0676
962,1.071972,0.0676
963,1.082877,0.0667
964,1.080051,0.0669
965,1.093289,0.0670
966,1.087808,0.0667
967,1.088582,0.0670
968,1.061642,0.0663
969,1.052498,0.0655
970,1.070525,0.0657
971,1.065899,0.0655
972,1.099261,0.0655
973,1.119025,0.0637
974,1.124709,0.0637
975,1.122622,0.0635
976,1.107097,0.0633
977,1.108658,0.0624
978,1.090189,0.0598
979,1.070006,0.0597
980,1.063421,0.0583
981,1.050813,0.0581
982,1.061798,0.0582
983,1.066852,0.0585
984,1.064934,0.0564
985,1.058602,0.0558
986,1.050077,0.0551
987,1.045928,0.0555
988,1.041928,0.0553
989,1.052006,0.0547
990,1.056426,0.0554
991,1.055334,0.0546
992,1.057751,0.0544
993,1.051851,0.0540
994,1.046107,0.0545
995,1.037008,0.0540
996,1.028642,0.0536
997,1.023862,0.0542
998,1.015713,0.0546
999,1.017501,0.0533
1000,1.015335,0.0538
1001,1.012799,0.0537
1002,1.005064,0.0535
1003,1.006016,0.0549
1004,1.007819,0.0541
1005,1.009288,0.0535
1006,1.002565,0.0540
1007,0.998412,0.0537
1008,0.995831,0.0547
1009,0.993333,0.0541
1010,0.991064,0.0553
1011,0.989358,0.0542
1012,0.983834,0.0548
1013,0.987839,0.0549
1014,0.988012,0.0564
1015,0.986852,0.0555
1016,0.979223,0.0552
1017,0.973555,0.0560
1018,0.976812,0.0561
1019,0.969738,0.0559
1020,0.968782,0.0567
1021,0.963653,0.0573
1022,0.961856,0.0579
1023,0.961508,0.0595
1024,0.959411,0.0584
1025,0.952991,0.0600
1026,0.953838,0.0598
1027,0.956965,0.0602
1028,0.953652,0.0619
1029,0.956198,0.0620
1030,0.951693,0.0635
1031,0.947362,0.0651
1032,0.942007,0.0654
1033,0.941202,0.0664
1034,0.939699,0.0675
1035,0.942876,0.0684
1036,0.934134,0.0688
1037,0.930763,0.0700
1038,0.935929,0.0712
1039,0.940213,0.0722
1040,0.934725,0.0729
1041,0.936211,0.0736
1042,0.942713,0.0756
1043,0.937926,0.0776
1044,0.929523,0.0778
1045,0.922490,0.0774
1046,0.928922,0.0778
1047,0.933626,0.0788
1048,0.927475,0.0793
1049,0.917758,0.0807
1050,0.919419,0.0820
1051,0.932002,0.0828
1052,0.943667,0.0828
1053,0.938118,0.0835
1054,0.929482,0.0846
1055,0.906518,0.0861
1056,0.896596,0.0866
1057,0.886554,0.0878
1058,0.901771,0.0896
1059,0.900220,0.0897
1060,0.909874,0.0902
1061,0.912892,0.0891
1062,1.012036,0.0902
1063,1.046384,0.0887
1064,1.015014,0.0890
1065,0.961033,0.0910
1066,0.927479,0.0893
1067,0.914786,0.0899
1068,0.919203,0.0916
1069,0.930050,0.0907
1070,0.922690,0.0919
1071,0.901592,0.0915
1072,0.905716,0.0919
1073,0.904370,0.0909
1074,0.900910,0.0916
1075,0.890589,0.0910
1076,0.902577,0.0919
1077,0.899483,0.0922
1078,0.918193,0.0906
1079,0.915734,0.0911
1080,0.896207,0.0887
1081,0.883608,0.0891
1082,0.888316,0.0876
1083,0.871719,0.0874
1084,0.863951,0.0856
1085,0.861844,0.0836
1086,0.863378,0.0858
1087,0.859723,0.0842
1088,0.855843,0.0836
1089,0.855771,0.0829
1090,0.872470,0.0818
1091,0.909382,0.0830
1092,0.935851,0.0824
1093,0.968310,0.0832
1094,0.971636,0.0847
1095,0.973002,0.0824
1096,0.965226,0.0823
1097,0.949067,0.0835
1098,0.931757,0.0818
1099,0.926730,0.0824
1100,0.920059,0.0812
1101,0.918566,0.0833
1102,0.911187,0.0830
1103,0.907289,0.0842
1104,0.901212,0.0828
1105,0.894516,0.0835
1106,0.890716,0.0821
1107,0.890932,0.0830
1108,0.885841,0.0821
1109,0.871971,0.0837
1110,0.865096,0.0844
1111,0.851637,0.0849
1112,0.845827,0.0839
1113,0.829749,0.0842
1114,0.825343,0.0853
1115,0.816890,0.0848
1116,0.818643,0.0849
1117,0.816620,0.0853
1118,0.823626,0.0841
1119,0.816435,0.0860
1120,0.815372,0.0871
1121,0.819396,0.0851
1122,0.818646,0.0848
1123,0.818744,0.0876
1124,0.836631,0.0875
1125,0.849668,0.0867
1126,0.847195,0.0869
1127,0.828784,0.0879
1128,0.827926,0.0878
1129,0.821201,0.0892
1130,0.821337,0.0874
1131,0.815270,0.0883
1132,0.816369,0.0876
1133,0.815063,0.0890
1134,0.810519,0.0893
1135,0.818364,0.0887
1136,0.807800,0.0888
1137,0.799322,0.0885
1138,0.794596,0.0886
1139,0.797828,0.0899
1140,0.796085,0.0900
1141,0.791593,0.0910
1142,0.790585,0.0909
1143,0.785199,0.0901
1144,0.787996,0.0911
1145,0.788485,0.0908
1146,0.783051,0.0914
1147,0.788480,0.0903
1148,0.789339,0.0903
1149,0.786561,0.0906
1150,0.780593,0.0909
1151,0.783818,0.0909
1152,0.792722,0.0902
1153,0.798905,0.0910
1154,0.793715,0.0908
1155,0.791902,0.0914
1156,0.790369,0.0912
1157,0.801092,0.0918
1158,0.800290,0.0911
1159,0.797129,0.0920
1160,0.791857,0.0912
1161,0.780532,0.0916
1162,0.777678,0.0911
1163,0.768747,0.0913
1164,0.772385,0.0922
1165,0.766338,0.0909
1166,0.765400,0.0919
1167,0.766554,0.0919
1168,0.760121,0.0931
1169,0.756432,0.0929
1170,0.751375,0.0946
1171,0.747997,0.0955
1172,0.744896,0.0933
1173,0.750810,0.0930
1174,0.752785,0.0959
1175,0.751221,0.0933
1176,0.751270,0.0929
1177,0.749964,0.0939
1178,0.749071,0.0957
1179,0.746552,0.0932
1180,0.743892,0.0953
1181,0.744665,0.0963
1182,0.746451,0.0938
1183,0.746291,0.0963
1184,0.754452,0.0957
1185,0.754080,0.0951
1186,0.748309,0.0961
1187,0.757715,0.0953
1188,0.760158,0.0963
1189,0.770491,0.0962
1190,0.766217,0.0954
1191,0.763777,0.0958
1192,0.765142,0.0975
1193,0.763701,0.0989
1194,0.768498,0.0965
1195,0.781405,0.0962
1196,0.783185,0.0972
1197,0.778284,0.0969
1198,0.769307,0.0984
1199,0.765650,0.0981
1200,0.755352,0.0976
1201,0.758475,0.0969
1202,0.754462,0.0981
1203,0.740090,0.0963
1204,0.741828,0.0977
1205,0.731976,0.1001
1206,0.727710,0.0989
1207,0.729181,0.1014
1208,0.726387,0.0996
1209,0.762458,0.1016
1210,0.771104,0.0996
1211,0.756867,0.1017
1212,0.766081,0.0998
1213,0.768094,0.1019
1214,0.745453,0.0999
1215,0.750414,0.0993
1216,0.759424,0.0984
1217,0.743964,0.0997
1218,0.735476,0.0977
1219,0.732801,0.0976
1220,0.723147,0.0970
1221,0.725059,0.0988
1222,0.721057,0.1016
1223,0.720203,0.1015
1224,0.729813,0.0991
1225,0.741289,0.1000
1226,0.745430,0.1004
1227,0.733473,0.1008
1228,0.739350,0.0993
1229,0.738381,0.1021
1230,0.730893,0.1006
1231,0.729534,0.1006
1232,0.732120,0.1004
1233,0.732947,0.0998
1234,0.727778,0.1012
1235,0.731503,0.1009
1236,0.722163,0.0988
1237,0.708414,0.1001
1238,0.702881,0.0996
1239,0.708108,0.0977
1240,0.708057,0.0988
1241,0.712112,0.0967
1242,0.709231,0.0961
1243,0.706047,0.0987
1244,0.705754,0.1000
1245,0.703647,0.0993
1246,0.692650,0.0984
1247,0.695864,0.0968
1248,0.709279,0.0973
1249,0.709516,0.0968
1250,0.703585,0.0975
1251,0.692519,0.0993
1252,0.683493,0.1010
1253,0.695345,0.1012
1254,0.700816,0.1001
1255,0.697379,0.1006
1256,0.695902,0.0984
1257,0.695410,0.0977
1258,0.694709,0.0964
1259,0.693597,0.0965
1260,0.695936,0.0974
1261,0.689512,0.1012
1262,0.691573,0.0983
1263,0.693123,0.0988
1264,0.691682,0.0975
1265,0.686897,0.0959
1266,0.689762,0.0955
1267,0.689046,0.0969
1268,0.690616,0.0986
1269,0.689159,0.0998
1270,0.689295,0.0988
1271,0.688630,0.0964
1272,0.693297,0.0980
1273,0.686847,0.0997
1274,0.681897,0.0955
1275,0.674827,0.1009
1276,0.667156,0.1017
1277,0.669781,0.0986
1278,0.674578,0.1035
1279,0.673271,0.0969
1280,0.669932,0.0983
1281,0.671476,0.0968
1282,0.666915,0.0963
1283,0.665199,0.1047
1284,0.669945,0.0945
1285,0.672068,0.0968
1286,0.669624,0.0962
1287,0.670831,0.0993
1288,0.670374,0.1006
1289,0.673023,0.1002
1290,0.664601,0.1005
1291,0.660287,0.0993
1292,0.660442,0.1000
1293,0.661963,0.1151
1294,0.662706,0.1093
1295,0.693631,0.1160
1296,0.722246,0.1061
1297,0.737794,0.1057
1298,0.718272,0.1186
1299,0.711895,0.1072
1300,0.704179,0.1075
1301,0.722682,0.1048
1302,0.729064,0.1151
1303,0.728198,0.1058
1304,0.717626,0.1168
1305,0.705688,0.1134
1306,0.704308,0.1085
1307,0.690647,0.1125
1308,0.677651,0.1124
1309,0.678168,0.1129
1310,0.682633,0.1127
1311,0.695128,0.1202
1312,0.688175,0.1205
1313,0.673943,0.1178
1314,0.666762,0.1115
1315,0.677623,0.1099
1316,0.663795,0.1227
1317,0.673294,0.1110
1318,0.672618,0.1095
1319,0.671844,0.1219
1320,0.673285,0.1107
1321,0.666569,0.1095
1322,0.661630,0.1112
1323,0.655784,0.1209
1324,0.657023,0.1084
1325,0.653107,0.1104
1326,0.656193,0.1103
1327,0.658708,0.1157
1328,0.655254,0.1102
1329,0.657480,0.1221
1330,0.664644,0.1219
1331,0.668374,0.1105
1332,0.663154,0.1204
1333,0.676295,0.1198
1334,0.680775,0.1196
1335,0.688319,0.1098
1336,0.682433,0.1125
1337,0.670964,0.1108
1338,0.660480,0.1210
1339,0.658864,0.1105
1340,0.658099,0.1116
1341,0.657159,0.1214
1342,0.660749,0.1115
1343,0.666550,0.1107
1344,0.656806,0.1205
1345,0.646012,0.1118
1346,0.644973,0.1135
1347,0.647648,0.1215
1348,0.646261,0.1107
1349,0.648638,0.1124
1350,0.646495,0.1218
1351,0.649037,0.1110
1352,0.644448,0.1126
1353,0.639462,0.1130
1354,0.640079,0.1116
1355,0.633808,0.1123
1356,0.630613,0.1123
1357,0.634445,0.1121
1358,0.630873,0.1127
1359,0.629168,0.1215
1360,0.626621,0.1123
1361,0.624313,0.1114
1362,0.623400,0.1097
1363,0.620753,0.1116
1364,0.626181,0.1099
1365,0.625848,0.1121
1366,0.626889,0.1114
1367,0.626826,0.1100
1368,0.621827,0.1106
1369,0.617594,0.1122
1370,0.612789,0.1121
1371,0.617165,0.1110
1372,0.619063,0.1130
1373,0.621295,0.1106
1374,0.619626,0.1113
1375,0.616405,0.1137
1376,0.612623,0.1134
1377,0.608911,0.1111
1378,0.611728,0.1118
1379,0.603673,0.1101
1380,0.600764,0.1145
1381,0.608069,0.1119
1382,0.607283,0.1118
1383,0.607512,0.1140
1384,0.608927,0.1092
1385,0.603157,0.1114
1386,0.601482,0.1110
1387,0.598464,0.1105
1388,0.601277,0.1112
1389,0.604083,0.1137
1390,0.599841,0.1122
1391,0.594899,0.1143
1392,0.595632,0.1129
1393,0.598861,0.1117
1394,0.601840,0.1118
1395,0.603885,0.1130
1396,0.599409,0.1126
1397,0.590506,0.1125
1398,0.590023,0.1117
1399,0.585821,0.1102
1400,0.585234,0.1121
1401,0.588345,0.1127
1402,0.585473,0.1155
1403,0.589867,0.1134
1404,0.597786,0.1160
1405,0.602012,0.1127
1406,0.604579,0.1144
1407,0.598732,0.1171
1408,0.592091,0.1108
1409,0.583958,0.1119
1410,0.581649,0.1135
1411,0.578561,0.1130
1412,0.579881,0.1138
1413,0.579579,0.1140
1414,0.586507,0.1138
1415,0.595223,0.1125
1416,0.595706,0.1117
1417,0.611548,0.1163
1418,0.618661,0.1109
1419,0.601979,0.1114
1420,0.593729,0.1111
1421,0.598221,0.1115
1422,0.599868,0.1116
1423,0.599750,0.1117
1424,0.599567,0.1119
1425,0.597958,0.1103
1426,0.593933,0.1122
1427,0.589198,0.1122
1428,0.581912,0.1129
1429,0.580255,0.1102
1430,0.573750,0.1123
1431,0.568436,0.1111
1432,0.572375,0.1120
1433,0.571447,0.1108
1434,0.569142,0.1118
1435,0.572087,0.1121
1436,0.570605,0.1111
1437,0.572275,0.1116
1438,0.569165,0.1114
1439,0.566578,0.1131
1440,0.570910,0.1115
1441,0.580487,0.1128
1442,0.581269,0.1110
1443,0.583048,0.1109
1444,0.592847,0.1112
1445,0.592705,0.1118
1446,0.592844,0.1115
1447,0.581265,0.1126
1448,0.575134,0.1125
1449,0.580961,0.1112
1450,0.584824,0.1131
1451,0.578297,0.1111
1452,0.576736,0.1141
1453,0.570595,0.1120
1454,0.569886,0.1171
1455,0.569259,0.1123
1456,0.577508,0.1114
1457,0.577172,0.1119
1458,0.589728,0.1110
1459,0.588043,0.1129
1460,0.582145,0.1134
1461,0.566759,0.1108
1462,0.567148,0.1131
1463,0.559971,0.1111
1464,0.595922,0.1127
1465,0.614108,0.1114
1466,0.619527,0.1127
1467,0.640811,0.1116
1468,0.637978,0.1121
1469,0.636096,0.1112
1470,0.624864,0.1126
1471,0.619143,0.1124
1472,0.605950,0.1109
1473,0.587566,0.1135
1474,0.581011,0.1114
1475,0.577790,0.1110
1476,0.580730,0.1108
1477,0.575546,0.1112
1478,0.574561,0.1149
1479,0.576020,0.1107
1480,0.576710,0.1118
1481,0.576361,0.1153
1482,0.569105,0.1165
1483,0.560306,0.1127
1484,0.554181,0.1113
1485,0.550013,0.1122
1486,0.546449,0.1098
1487,0.543147,0.1125
1488,0.540346,0.1147
1489,0.547516,0.1111
1490,0.542107,0.1118
1491,0.541052,0.1112
1492,0.536932,0.1130
1493,0.535895,0.1104
1494,0.534899,0.1128
1495,0.541313,0.1114
1496,0.542690,0.1123
1497,0.544004,0.1120
1498,0.540225,0.1111
1499,0.534307,0.1154
1500,0.530840,0.1105
1501,0.529765,0.1118
1502,0.538326,0.1111
1503,0.546989,0.1111
1504,0.551615,0.1104
1505,0.551925,0.1113
1506,0.549147,0.1110
1507,0.551388,0.1152
1508,0.547451,0.1116
1509,0.544459,0.1102
1510,0.538485,0.1106
1511,0.533945,0.1103
1512,0.537156,0.1113
1513,0.538679,0.1109
1514,0.538259,0.1151
1515,0.533554,0.1106
1516,0.547976,0.1150
1517,0.550192,0.1119
1518,0.557549,0.1106
1519,0.560905,0.1113
1520,0.570145,0.1106
1521,0.566225,0.1148
1522,0.568051,0.1141
1523,0.562815,0.1143
1524,0.555722,0.1157
1525,0.553054,0.1138
1526,0.554884,0.1143
1527,0.551093,0.1127
1528,0.546987,0.1114
1529,0.552861,0.1156
1530,0.550289,0.1195
1531,0.545313,0.1119
1532,0.536101,0.1140
1533,0.532779,0.1142
1534,0.543101,0.1153
1535,0.557766,0.1139
1536,0.550012,0.1137
1537,0.534639,0.1127
1538,0.523468,0.1139
1539,0.523612,0.1203
1540,0.527629,0.1128
1541,0.527750,0.1144
1542,0.523582,0.1163
1543,0.516772,0.1198
1544,0.513895,0.1142
1545,0.515031,0.1136
1546,0.519281,0.1152
1547,0.526973,0.1143
1548,0.526550,0.1134
1549,0.526078,0.1167
1550,0.525024,0.1155
1551,0.520596,0.1145
1552,0.513832,0.1148
1553,0.514724,0.1175
1554,0.510767,0.1154
1555,0.515923,0.1152
1556,0.510123,0.1150
1557,0.508142,0.1182
1558,0.505702,0.1159
1559,0.501986,0.1162
1560,0.497709,0.1170
1561,0.494168,0.1182
1562,0.491230,0.1181
1563,0.488525,0.1175
1564,0.491402,0.1168
1565,0.488445,0.1152
1566,0.482416,0.1190
1567,0.482832,0.1204
1568,0.483020,0.1201
1569,0.481001,0.1210
1570,0.480781,0.1197
1571,0.481038,0.1205
1572,0.477827,0.1213
1573,0.477005,0.1209
1574,0.475545,0.1216
1575,0.478842,0.1224
1576,0.476513,0.1243
1577,0.476827,0.1234
1578,0.474528,0.1205
1579,0.477700,0.1224
1580,0.472310,0.1203
1581,0.472548,0.1223
1582,0.480251,0.1219
1583,0.488755,0.1237
1584,0.496238,0.1200
1585,0.505582,0.1215
1586,0.508462,0.1212
1587,0.510160,0.1210
1588,0.507673,0.1218
1589,0.499897,0.1223
1590,0.499046,0.1205
1591,0.495282,0.1259
1592,0.491364,0.1271
1593,0.495233,0.1252
1594,0.493175,0.1228
1595,0.489522,0.1241
1596,0.483650,0.1238
1597,0.481897,0.1282
1598,0.486698,0.1254
1599,0.480312,0.1245
1600,0.485495,0.1266
1601,0.487050,0.1279
1602,0.482655,0.1258
1603,0.479058,0.1257
1604,0.480057,0.1278
1605,0.480536,0.1267
1606,0.479935,0.1256
1607,0.489810,0.1262
1608,0.499717,0.1289
1609,0.491366,0.1264
1610,0.482367,0.1265
1611,0.475463,0.1290
1612,0.478955,0.1265
1613,0.482970,0.1263
1614,0.478680,0.1287
1615,0.470061,0.1267
1616,0.475181,0.1260
1617,0.474003,0.1280
1618,0.477855,0.1274
1619,0.483089,0.1267
1620,0.483733,0.1288
1621,0.473488,0.1283
1622,0.478155,0.1269
1623,0.483523,0.1294
1624,0.494897,0.1274
1625,0.491317,0.1267
1626,0.489860,0.1282
1627,0.477271,0.1276
1628,0.475639,0.1270
1629,0.472844,0.1281
1630,0.476297,0.1273
1631,0.469994,0.1263
1632,0.477342,0.1270
1633,0.481406,0.1280
1634,0.483083,0.1260
1635,0.485001,0.1270
1636,0.476929,0.1289
1637,0.472943,0.1266
1638,0.469510,0.1262
1639,0.474844,0.1284
1640,0.473172,0.1268
1641,0.472473,0.1264
1642,0.470703,0.1284
1643,0.484662,0.1273
1644,0.499334,0.1260
1645,0.514770,0.1280
1646,0.517051,0.1275
1647,0.513324,0.1265
1648,0.505450,0.1277
1649,0.504794,0.1276
1650,0.509012,0.1264
1651,0.503694,0.1279
1652,0.490326,0.1285
1653,0.482102,0.1266
1654,0.473356,0.1276
1655,0.467929,0.1289
1656,0.472115,0.1265
1657,0.468041,0.1280
1658,0.463006,0.1285
1659,0.457858,0.1271
1660,0.455176,0.1278
1661,0.460461,0.1276
1662,0.458314,0.1258
1663,0.459821,0.1280
1664,0.451078,0.1290
1665,0.450245,0.1270
1666,0.450057,0.1280
1667,0.444889,0.1281
1668,0.446450,0.1264
1669,0.445228,0.1276
1670,0.441855,0.1287
1671,0.440720,0.1267
1672,0.442194,0.1279
1673,0.444809,0.1288
1674,0.449524,0.1260
1675,0.452946,0.1267
1676,0.457898,0.1288
1677,0.461493,0.1261
1678,0.453134,0.1263
1679,0.448806,0.1286
1680,0.447598,0.1268
1681,0.443555,0.1258
1682,0.445729,0.1277
1683,0.442479,0.1272
1684,0.442539,0.1258
1685,0.446150,0.1266
1686,0.447975,0.1289
1687,0.443976,0.1266
1688,0.440438,0.1271
1689,0.442109,0.1314
1690,0.444778,0.1258
1691,0.447358,0.1333
1692,0.448900,0.1270
1693,0.449713,0.1284
1694,0.442213,0.1276
1695,0.442060,0.1327
1696,0.440003,0.1290
1697,0.439092,0.1269
1698,0.440613,0.1282
1699,0.443687,0.1332
1700,0.443992,0.1278
1701,0.439412,0.1288
1702,0.434772,0.1271
1703,0.434303,0.1282
1704,0.431994,0.1280
1705,0.429644,0.1269
1706,0.434345,0.1343
1707,0.430854,0.1272
1708,0.430091,0.1284
1709,0.432213,0.1279
1710,0.431303,0.1268
1711,0.429330,0.1285
1712,0.423129,0.1279
1713,0.426795,0.1295
1714,0.429436,0.1293
1715,0.424919,0.1269
1716,0.429843,0.1271
1717,0.431261,0.1334
1718,0.435710,0.1354
1719,0.432980,0.1273
1720,0.429978,0.1269
1721,0.432747,0.1338
1722,0.442594,0.1354
1723,0.438918,0.1276
1724,0.436127,0.1470
1725,0.432633,0.1456
1726,0.431798,0.1304
1727,0.431580,0.1273
1728,0.429547,0.1405
1729,0.427547,0.1347
1730,0.428789,0.1373
1731,0.423991,0.1456
1732,0.419806,0.1473
1733,0.422828,0.1301
1734,0.425667,0.1434
1735,0.424577,0.1440
1736,0.425480,0.1473
1737,0.427503,0.1445
1738,0.425403,0.1395
1739,0.425698,0.1345
1740,0.427323,0.1457
1741,0.431565,0.1301
1742,0.438054,0.1377
1743,0.442344,0.1432
1744,0.442784,0.1379
1745,0.434765,0.1390
1746,0.433144,0.1443
1747,0.435661,0.1380
1748,0.442239,0.1398
1749,0.451532,0.1447
1750,0.441650,0.1395
1751,0.440256,0.1413
1752,0.440283,0.1334
1753,0.447897,0.1355
1754,0.441208,0.1345
1755,0.428924,0.1308
1756,0.424516,0.1371
1757,0.424956,0.1278
1758,0.424976,0.1359
1759,0.423971,0.1286
1760,0.416827,0.1516
1761,0.426781,0.1284
1762,0.434775,0.1275
1763,0.440068,0.1342
1764,0.437723,0.1359
1765,0.432596,0.1347
1766,0.423259,0.1297
1767,0.421089,0.1273
1768,0.423580,0.1363
1769,0.422851,0.1282
1770,0.419498,0.1345
1771,0.427549,0.1365
1772,0.426343,0.1414
1773,0.420263,0.1279
1774,0.419046,0.1362
1775,0.418163,0.1368
1776,0.415373,0.1349
1777,0.406019,0.1357
1778,0.412355,0.1369
1779,0.422751,0.1280
1780,0.426015,0.1364
1781,0.428919,0.1369
1782,0.433153,0.1318
1783,0.434844,0.1356
1784,0.436265,0.1365
1785,0.432188,0.1391
1786,0.432167,0.1382
1787,0.428348,0.1392
1788,0.421988,0.1359
1789,0.417954,0.1349
1790,0.417988,0.1500
1791,0.418242,0.1363
1792,0.414182,0.1475
1793,0.410976,0.1450
1794,0.409651,0.1479
1795,0.406478,0.1392
1796,0.407692,0.1503
1797,0.409735,0.1461
1798,0.414470,0.1368
1799,0.416690,0.1469
1800,0.416075,0.1369
1801,0.412895,0.1344
1802,0.410016,0.1476
1803,0.408148,0.1510
1804,0.406492,0.1475
1805,0.409564,0.1497
1806,0.408711,0.1481
1807,0.409340,0.1472
1808,0.414907,0.1325
1809,0.419823,0.1369
1810,0.422339,0.1376
1811,0.418518,0.1499
1812,0.412818,0.1489
1813,0.419728,0.1350
1814,0.422472,0.1375
1815,0.428551,0.1382
1816,0.425817,0.1556
1817,0.422539,0.1350
1818,0.420537,0.1379
1819,0.424446,0.1375
1820,0.419551,0.1461
1821,0.421894,0.1469
1822,0.422403,0.1396
1823,0.425822,0.1396
1824,0.439222,0.1479
1825,0.438004,0.1576
1826,0.427983,0.1330
1827,0.421499,0.1349
1828,0.414552,0.1326
1829,0.409530,0.1337
1830,0.407588,0.1335
1831,0.407455,0.1309
1832,0.402823,0.1476
1833,0.405486,0.1376
1834,0.407308,0.1505
1835,0.415402,0.1392
1836,0.419340,0.1388
1837,0.417720,0.1304
1838,0.416008,0.1312
1839,0.410574,0.1478
1840,0.410044,0.1289
1841,0.405117,0.1340
1842,0.405421,0.1299
1843,0.402712,0.1328
1844,0.400210,0.1339
1845,0.399910,0.1304
1846,0.404753,0.1316
1847,0.404632,0.1304
1848,0.408153,0.1322
1849,0.408223,0.1306
1850,0.404461,0.1308
1851,0.406671,0.1310
1852,0.405810,0.1320
1853,0.399861,0.1312
1854,0.395838,0.1328
1855,0.391713,0.1346
1856,0.393155,0.1321
1857,0.388140,0.1332
1858,0.382329,0.1315
1859,0.384422,0.1322
1860,0.383074,0.1314
1861,0.381482,0.1388
1862,0.384391,0.1372
1863,0.382161,0.1336
1864,0.379783,0.1331
1865,0.390418,0.1336
1866,0.387038,0.1430
1867,0.383555,0.1487
1868,0.376781,0.1352
1869,0.376466,0.1359
1870,0.380462,0.1318
1871,0.380649,0.1345
1872,0.382200,0.1343
1873,0.379801,0.1338
1874,0.374036,0.1362
1875,0.376039,0.1416
1876,0.376858,0.1369
1877,0.380064,0.1436
1878,0.380517,0.1365
1879,0.391244,0.1341
1880,0.424844,0.1344
1881,0.433183,0.1467
1882,0.429628,0.1351
1883,0.420228,0.1350
1884,0.400844,0.1332
1885,0.382980,0.1337
1886,0.376659,0.1456
1887,0.385127,0.1522
1888,0.397878,0.1329
1889,0.406273,0.1457
1890,0.398532,0.1335
1891,0.393358,0.1534
1892,0.389026,0.1521
1893,0.391633,0.1355
1894,0.385877,0.1353
1895,0.382092,0.1303
1896,0.385551,0.1429
1897,0.387734,0.1378
1898,0.393592,0.1481
1899,0.391324,0.1361
1900,0.385192,0.1363
1901,0.385352,0.1350
1902,0.383952,0.1330
1903,0.382185,0.1402
1904,0.379730,0.1366
1905,0.376419,0.1330
1906,0.372971,0.1343
1907,0.373430,0.1358
1908,0.378415,0.1378
1909,0.380054,0.1357
1910,0.379571,0.1343
1911,0.376603,0.1389
1912,0.373246,0.1379
1913,0.373214,0.1386
1914,0.376021,0.1379
1915,0.375978,0.1388
1916,0.376554,0.1352
1917,0.376720,0.1382
1918,0.377427,0.1385
1919,0.380225,0.1451
1920,0.385483,0.1412
1921,0.385251,0.1394
1922,0.384395,0.1402
1923,0.380207,0.1460
1924,0.375220,0.1428
1925,0.367819,0.1381
1926,0.361502,0.1403
1927,0.362530,0.1401
1928,0.364953,0.1432
1929,0.363177,0.1430
1930,0.365631,0.1435
1931,0.361474,0.1387
1932,0.358669,0.1466
1933,0.364116,0.1393
1934,0.363429,0.1474
1935,0.358835,0.1390
1936,0.356424,0.1481
1937,0.360037,0.1402
1938,0.355086,0.1413
1939,0.353572,0.1427
1940,0.356764,0.1490
1941,0.357856,0.1447
1942,0.354731,0.1452
1943,0.360975,0.1472
1944,0.366593,0.1418
1945,0.367258,0.1446
1946,0.365011,0.1426
1947,0.368942,0.1456
1948,0.374260,0.1485
1949,0.367479,0.1480
1950,0.361519,0.1459
1951,0.355943,0.1427
1952,0.352995,0.1372
1953,0.353942,0.1497
1954,0.356234,0.1415
1955,0.353091,0.1398
1956,0.354010,0.1482
1957,0.356678,0.1411
1958,0.349927,0.1441
1959,0.342627,0.1471
1960,0.344474,0.1405
1961,0.351824,0.1427
1962,0.349577,0.1424
1963,0.347742,0.1471
1964,0.350333,0.1417
1965,0.347983,0.1433
1966,0.344707,0.1472
1967,0.343130,0.1461
1968,0.342744,0.1456
1969,0.337356,0.1416
1970,0.342387,0.1470
1971,0.352666,0.1412
1972,0.356993,0.1434
1973,0.347740,0.1407
1974,0.344513,0.1457
1975,0.341971,0.1398
1976,0.339678,0.1506
1977,0.349029,0.1485
1978,0.345296,0.1557
1979,0.339378,0.1414
1980,0.338231,0.1559
1981,0.343364,0.1537
1982,0.354871,0.1394
1983,0.355286,0.1469
1984,0.349390,0.1503
1985,0.346472,0.1501
1986,0.343059,0.1463
1987,0.336957,0.1476
1988,0.345563,0.1461
1989,0.351784,0.1466
1990,0.350907,0.1745
1991,0.344898,0.1486
1992,0.342013,0.1445
1993,0.343116,0.1432
1994,0.349765,0.1552
1995,0.357102,0.1453
1996,0.362787,0.1439
1997,0.372493,0.1500
1998,0.365956,0.1436
1999,0.365488,0.1487
2000,0.358264,0.1445
2001,0.358818,0.1410
2002,0.358509,0.1410
2003,0.357553,0.1396
2004,0.360976,0.1401
2005,0.360350,0.1400
2006,0.355976,0.1387
2007,0.351377,0.1431
2008,0.347880,0.1417
2009,0.344188,0.1386
2010,0.339386,0.1412
2011,0.344401,0.1399
2012,0.343158,0.1434
2013,0.358330,0.1405
2014,0.372282,0.1402
2015,0.381951,0.1455
2016,0.393637,0.1469
2017,0.398818,0.1504
2018,0.397959,0.1471
2019,0.391930,0.1456
2020,0.385561,0.1556
2021,0.379414,0.1450
2022,0.372292,0.1505
2023,0.376487,0.1427
2024,0.371495,0.1447
2025,0.358718,0.1481
2026,0.358697,0.1450
2027,0.357202,0.1429
2028,0.359023,0.1444
2029,0.356413,0.1432
2030,0.354103,0.1492
2031,0.353484,0.1436
2032,0.357072,0.1441
2033,0.357306,0.1441
2034,0.349991,0.1429
2035,0.346912,0.1435
2036,0.345144,0.1503
2037,0.346110,0.1522
2038,0.340355,0.1429
2039,0.334148,0.1452
2040,0.329636,0.1398
2041,0.331032,0.1458
2042,0.323440,0.1412
2043,0.320420,0.1425
2044,0.316672,0.1519
2045,0.317683,0.1436
2046,0.318299,0.1419
2047,0.315606,0.1420
2048,0.316146,0.1465
2049,0.324077,0.1437
2050,0.323181,0.1446
2051,0.322965,0.1445
2052,0.317533,0.1457
2053,0.320949,0.1434
2054,0.325605,0.1421
2055,0.324236,0.1416
2056,0.327937,0.1417
2057,0.326630,0.1471
2058,0.324785,0.1448
2059,0.327311,0.1449
2060,0.321522,0.1455
2061,0.326239,0.1438
2062,0.333342,0.1410
2063,0.330116,0.1412
2064,0.328100,0.1456
2065,0.328132,0.1440
2066,0.323578,0.1456
2067,0.317461,0.1455
2068,0.314165,0.1450
2069,0.309372,0.1453
2070,0.303264,0.1475
2071,0.298442,0.1472
2072,0.298470,0.1456
2073,0.302896,0.1458
2074,0.305101,0.1478
2075,0.308631,0.1476
2076,0.308434,0.1445
2077,0.307521,0.1492
2078,0.307755,0.1455
2079,0.305458,0.1483
2080,0.306078,0.1460
2081,0.303997,0.1484
2082,0.302167,0.1464
2083,0.300801,0.1443
2084,0.301749,0.1455
2085,0.299990,0.1485
2086,0.297369,0.1464
2087,0.299672,0.1460
2088,0.302410,0.1436
2089,0.304507,0.1522
2090,0.299003,0.1438
2091,0.304768,0.1518
2092,0.304978,0.1465
2093,0.304553,0.1443
2094,0.306417,0.1447
2095,0.307066,0.1443
2096,0.307154,0.1527
2097,0.313921,0.1622
2098,0.325756,0.1478
2099,0.329349,0.1438
2100,0.334287,0.1503
2101,0.331742,0.1474
2102,0.326352,0.1511
2103,0.323820,0.1630
2104,0.316591,0.1455
2105,0.312274,0.1507
2106,0.308039,0.1615
2107,0.304061,0.1601
2108,0.309044,0.1466
2109,0.307652,0.1590
2110,0.306688,0.1487
2111,0.305633,0.1640
2112,0.305208,0.1615
2113,0.309510,0.1618
2114,0.305323,0.1457
2115,0.301120,0.1528
2116,0.308342,0.1538
2117,0.315140,0.1618
2118,0.316137,0.1603
2119,0.311230,0.1516
2120,0.310024,0.1499
2121,0.307913,0.1510
2122,0.308203,0.1498
2123,0.315728,0.1501
2124,0.316900,0.1556
2125,0.317262,0.1489
2126,0.311198,0.1490
2127,0.308482,0.1511
2128,0.315210,0.1490
2129,0.317232,0.1505
2130,0.311579,0.1431
2131,0.306527,0.1476
2132,0.305158,0.1495
2133,0.302883,0.1486
2134,0.300771,0.1501
2135,0.302693,0.1465
2136,0.309360,0.1475
2137,0.312340,0.1471
2138,0.308214,0.1493
2139,0.303380,0.1544
2140,0.298534,0.1603
2141,0.300327,0.1497
2142,0.301208,0.1565
2143,0.299913,0.1610
2144,0.296350,0.1512
2145,0.294977,0.1607
2146,0.287844,0.1603
2147,0.298092,0.1475
2148,0.312103,0.1569
2149,0.322643,0.1564
2150,0.329584,0.1477
2151,0.327214,0.1540
2152,0.322602,0.1645
2153,0.314348,0.1534
2154,0.308258,0.1492
2155,0.309399,0.1625
2156,0.309883,0.1630
2157,0.318457,0.1547
2158,0.321922,0.1528
2159,0.320094,0.1631
2160,0.311408,0.1529
2161,0.305950,0.1540
2162,0.307784,0.1596
2163,0.309487,0.1521
2164,0.309807,0.1692
2165,0.302042,0.1671
2166,0.297709,0.1529
2167,0.308012,0.1611
2168,0.310645,0.1540
2169,0.313508,0.1496
2170,0.315508,0.1530
2171,0.315557,0.1545
2172,0.303879,0.1511
2173,0.293654,0.1619
2174,0.293116,0.1519
2175,0.295519,0.1581
2176,0.299698,0.1598
2177,0.297023,0.1517
2178,0.295163,0.1592
2179,0.284534,0.1534
2180,0.288006,0.1678
2181,0.297761,0.1498
2182,0.295612,0.1522
2183,0.296424,0.1663
2184,0.303886,0.1616
2185,0.297719,0.1556
2186,0.293643,0.1540
2187,0.297457,0.1655
2188,0.301626,0.1676
2189,0.304808,0.1550
2190,0.303190,0.1496
2191,0.304097,0.1640
2192,0.307779,0.1654
2193,0.304831,0.1625
2194,0.302773,0.1519
2195,0.293823,0.1618
2196,0.292675,0.1617
2197,0.289219,0.1619
2198,0.288000,0.1597
2199,0.288089,0.1611
2200,0.288328,0.1568
2201,0.291318,0.1705
2202,0.290674,0.1672
2203,0.291799,0.1716
2204,0.293099,0.1488
2205,0.292554,0.1642
2206,0.293636,0.1614
2207,0.291751,0.1517
2208,0.288969,0.1645
2209,0.295156,0.1648
2210,0.299859,0.1630
2211,0.301964,0.1486
2212,0.299117,0.1601
2213,0.297253,0.1495
2214,0.293813,0.1500
2215,0.296063,0.1610
2216,0.298906,0.1658
2217,0.298882,0.1689
2218,0.295783,0.1596
2219,0.293736,0.1484
2220,0.290964,0.1578
2221,0.285522,0.1592
2222,0.296239,0.1745
2223,0.304103,0.1730
2224,0.304158,0.1566
2225,0.303175,0.1595
2226,0.299127,0.1609
2227,0.293067,0.1600
2228,0.286367,0.1586
2229,0.283937,0.1597
2230,0.291093,0.1638
2231,0.285748,0.1684
2232,0.282153,0.1577
2233,0.274619,0.1735
2234,0.280113,0.1551
2235,0.285450,0.1649
2236,0.288741,0.1650
2237,0.294267,0.1671
2238,0.290659,0.1683
2239,0.293530,0.1662
2240,0.295038,0.1575
2241,0.289253,0.1649
2242,0.286430,0.1661
2243,0.286563,0.1696
2244,0.285779,0.1679
2245,0.285786,0.1637
2246,0.288750,0.1672
2247,0.291030,0.1650
2248,0.293535,0.1644
2249,0.288277,0.1582
2250,0.287451,0.1644
2251,0.283476,0.1570
2252,0.282878,0.1555
2253,0.283797,0.1517
2254,0.281854,0.1661
2255,0.279173,0.1617
2256,0.276090,0.1537
2257,0.273324,0.1605
2258,0.271196,0.1540
2259,0.271908,0.1569
2260,0.273130,0.1627
2261,0.274305,0.1677
2262,0.274231,0.1509
2263,0.270071,0.1589
2264,0.269171,0.1657
2265,0.272431,0.1522
2266,0.271846,0.1550
2267,0.276380,0.1566
2268,0.275525,0.1519
2269,0.275616,0.1553
2270,0.275700,0.1534
2271,0.273197,0.1662
2272,0.271264,0.1595
2273,0.272289,0.1576
2274,0.268682,0.1549
2275,0.266762,0.1522
2276,0.266926,0.1545
2277,0.267546,0.1631
2278,0.267081,0.1544
2279,0.265416,0.1620
2280,0.263972,0.1621
2281,0.261709,0.1531
2282,0.262004,0.1515
2283,0.261523,0.1594
2284,0.264917,0.1497
2285,0.268699,0.1521
2286,0.267391,0.1570
2287,0.265007,0.1621
2288,0.265030,0.1580
2289,0.264100,0.1529
2290,0.263801,0.1569
2291,0.265936,0.1573
2292,0.270179,0.1530
2293,0.275326,0.1521
2294,0.281193,0.1504
2295,0.283377,0.1576
2296,0.277157,0.1566
2297,0.273602,0.1504
2298,0.272967,0.1584
2299,0.273752,0.1572
2300,0.274846,0.1499
2301,0.280921,0.1588
2302,0.284343,0.1582
2303,0.285497,0.1505
2304,0.285735,0.1601
2305,0.293013,0.1602
2306,0.300569,0.1542
2307,0.297151,0.1509
2308,0.299875,0.1550
2309,0.312943,0.1520
2310,0.340416,0.1517
2311,0.345639,0.1585
2312,0.352221,0.1610
2313,0.354728,0.1524
2314,0.362762,0.1538
2315,0.355143,0.1541
2316,0.356044,0.1542
2317,0.359117,0.1548
2318,0.349943,0.1544
2319,0.347110,0.1525
2320,0.335992,0.1546
2321,0.322052,0.1514
2322,0.303257,0.1538
2323,0.296452,0.1527
2324,0.300547,0.1622
2325,0.296280,0.1535
2326,0.293603,0.1537
2327,0.290134,0.1518
2328,0.285865,0.1540
2329,0.293851,0.1527
2330,0.294520,0.1523
2331,0.297966,0.1531
2332,0.296365,0.1523
2333,0.308622,0.1541
2334,0.312210,0.1530
2335,0.311149,0.1552
2336,0.306247,0.1628
2337,0.303744,0.1545
2338,0.295322,0.1551
2339,0.282916,0.1553
2340,0.275982,0.1571
2341,0.276478,0.1558
2342,0.283463,0.1550
2343,0.281920,0.1549
2344,0.275704,0.1563
2345,0.269676,0.1539
2346,0.271478,0.1557
2347,0.278131,0.1543
2348,0.276212,0.1528
2349,0.274298,0.1551
2350,0.276356,0.1553
2351,0.274209,0.1526
2352,0.266335,0.1560
2353,0.259271,0.1565
2354,0.275660,0.1542
2355,0.288490,0.1551
2356,0.294305,0.1576
2357,0.289814,0.1567
2358,0.289467,0.1557
2359,0.293632,0.1564
2360,0.293985,0.1572
2361,0.291672,0.1659
2362,0.291148,0.1558
2363,0.289242,0.1548
2364,0.282942,0.1550
2365,0.281717,0.1584
2366,0.282167,0.1558
2367,0.285626,0.1584
2368,0.287060,0.1539
2369,0.286575,0.1610
2370,0.285051,0.1564
2371,0.280335,0.1558
2372,0.276509,0.1584
2373,0.286650,0.1598
2374,0.314504,0.1600
2375,0.336083,0.1572
2376,0.351203,0.1613
2377,0.353979,0.1571
2378,0.347409,0.1564
2379,0.337698,0.1569
2380,0.328414,0.1596
2381,0.325420,0.1614
2382,0.312865,0.1610
2383,0.304197,0.1611
2384,0.298470,0.1611
2385,0.312568,0.1588
2386,0.311299,0.1571
2387,0.303092,0.1638
2388,0.298127,0.1607
2389,0.292431,0.1606
2390,0.278517,0.1573
2391,0.268989,0.1602
2392,0.257957,0.1557
2393,0.264894,0.1573
2394,0.267205,0.1578
2395,0.267612,0.1572
2396,0.266047,0.1568
2397,0.266259,0.1567
2398,0.261643,0.1588
2399,0.260111,0.1632
2400,0.251489,0.1584
2401,0.250102,0.1588
2402,0.252326,0.1585
2403,0.249746,0.1582
2404,0.252687,0.1568
2405,0.259819,0.1574
2406,0.252446,0.1637
2407,0.249160,0.1563
2408,0.245863,0.1599
2409,0.245122,0.1587
2410,0.249907,0.1585
2411,0.253087,0.1580
2412,0.252134,0.1571
2413,0.249402,0.1576
2414,0.244487,0.1597
2415,0.241730,0.1592
2416,0.243006,0.1584
2417,0.244291,0.1581
2418,0.245166,0.1601
2419,0.242046,0.1581
2420,0.244907,0.1590
2421,0.251052,0.1654
2422,0.258245,0.1630
2423,0.256870,0.1640
2424,0.242413,0.1679
2425,0.239375,0.1615
2426,0.242909,0.1625
2427,0.252434,0.1613
2428,0.247748,0.1685
2429,0.244538,0.1651
2430,0.254252,0.1584
2431,0.268904,0.1615
2432,0.282974,0.1621
2433,0.288663,0.1657
2434,0.289404,0.1684
2435,0.281943,0.1586
2436,0.271625,0.1620
2437,0.260948,0.1617
2438,0.256771,0.1616
2439,0.254557,0.1658
2440,0.253105,0.1643
2441,0.258305,0.1647
2442,0.255088,0.1646
2443,0.253086,0.1683
2444,0.254718,0.1748
2445,0.254288,0.1750
2446,0.249617,0.1759
2447,0.249902,0.1649
2448,0.251994,0.1596
2449,0.250883,0.1630
2450,0.245247,0.1703
2451,0.247598,0.1607
2452,0.249727,0.1728
2453,0.250877,0.1704
2454,0.250766,0.1833
2455,0.245301,0.1825
2456,0.250369,0.1793
2457,0.248441,0.1607
2458,0.242731,0.1859
2459,0.242177,0.1758
2460,0.241765,0.1605
2461,0.244626,0.1731
2462,0.241853,0.1753
2463,0.244708,0.1660
2464,0.240115,0.1715
2465,0.241331,0.1865
2466,0.240960,0.1812
2467,0.237950,0.1647
2468,0.246425,0.1724
2469,0.263633,0.1647
2470,0.286576,0.1782
2471,0.290036,0.1719
2472,0.283037,0.1805
2473,0.277213,0.1876
2474,0.270898,0.1855
2475,0.264425,0.1780
2476,0.260149,0.1785
2477,0.263303,0.1767
2478,0.266237,0.1788
2479,0.268430,0.1754
2480,0.263040,0.1785
2481,0.253357,0.1764
2482,0.251710,0.1770
2483,0.254829,0.1859
2484,0.262058,0.1873
2485,0.260320,0.1780
2486,0.264801,0.1777
2487,0.265112,0.1768
2488,0.262774,0.1769
2489,0.263320,0.1779
2490,0.264615,0.1883
2491,0.268306,0.1862
2492,0.268424,0.1858
2493,0.269304,0.1788
2494,0.267760,0.1863
2495,0.266956,0.1871
2496,0.260994,0.1875
2497,0.256583,0.1784
2498,0.256750,0.1800
2499,0.252694,0.1805
2500,0.242919,0.1804
2501,0.242832,0.1815
2502,0.243573,0.1806
2503,0.243436,0.1818
2504,0.244324,0.1812
2505,0.239169,0.1813
2506,0.241282,0.1807
2507,0.241045,0.1807
2508,0.241393,0.1811
2509,0.240243,0.1815
2510,0.238954,0.1809
2511,0.239023,0.1812
2512,0.241573,0.1811
2513,0.248336,0.1836
2514,0.245677,0.1819
2515,0.248381,0.1817
2516,0.242684,0.1820
2517,0.237734,0.1822
2518,0.251262,0.1879
2519,0.249954,0.1765
2520,0.251044,0.1881
2521,0.255030,0.1881
2522,0.255450,0.1827
2523,0.255445,0.1914
2524,0.250955,0.1874
2525,0.251976,0.1908
2526,0.252548,0.1903
2527,0.251036,0.1900
2528,0.247175,0.1849
2529,0.242979,0.1901
2530,0.239792,0.1857
2531,0.240504,0.1897
2532,0.243752,0.1906
2533,0.245465,0.1875
2534,0.240614,0.1901
2535,0.233676,0.1896
2536,0.229937,0.1841
2537,0.236669,0.1915
2538,0.235759,0.1915
2539,0.234236,0.1904
2540,0.238605,0.1896
2541,0.235917,0.1903
2542,0.230209,0.1858
2543,0.233148,0.1913
2544,0.233938,0.1838
2545,0.233233,0.1837
2546,0.232695,0.1718
2547,0.229552,0.1878
2548,0.225867,0.1854
2549,0.221864,0.1845
2550,0.224892,0.1941
2551,0.227764,0.1865
2552,0.228441,0.1931
2553,0.227725,0.1916
2554,0.227337,0.1876
2555,0.226646,0.1790
2556,0.227579,0.1765
2557,0.227311,0.1756
2558,0.226577,0.1927
2559,0.227798,0.1799
2560,0.231640,0.1767
2561,0.235007,0.1782
2562,0.233157,0.1790
2563,0.230142,0.1779
2564,0.224735,0.1924
2565,0.228055,0.1775
2566,0.229403,0.1790
2567,0.228791,0.1785
2568,0.225618,0.1809
2569,0.226476,0.1858
2570,0.227930,0.1925
2571,0.226684,0.1814
2572,0.228975,0.1801
2573,0.228117,0.1867
2574,0.226335,0.1956
2575,0.228467,0.1961
2576,0.225123,0.1902
2577,0.222853,0.1829
2578,0.221233,0.1950
2579,0.217396,0.1797
2580,0.218463,0.1799
2581,0.219698,0.1821
2582,0.218582,0.1817
2583,0.220039,0.1832
2584,0.216500,0.1912
2585,0.219740,0.1851
2586,0.216194,0.1944
2587,0.215137,0.2014
2588,0.227645,0.1889
2589,0.243034,0.1980
2590,0.254714,0.1887
2591,0.263862,0.1974
2592,0.261906,0.1941
2593,0.259166,0.1861
2594,0.255420,0.1981
2595,0.249179,0.1859
2596,0.235411,0.1995
2597,0.233418,0.1846
2598,0.224342,0.1881
2599,0.213630,0.1755
2600,0.213140,0.1758
2601,0.216050,0.1771
2602,0.229892,0.1899
2603,0.236295,0.1764
2604,0.239911,0.1777
2605,0.235618,0.1773
2606,0.238358,0.1899
2607,0.240339,0.1775
2608,0.237091,0.1782
2609,0.233436,0.1825
2610,0.223894,0.1839
2611,0.224077,0.1906
2612,0.222022,0.1774
2613,0.217135,0.1802
2614,0.217611,0.1787
2615,0.219106,0.1792
2616,0.219339,0.1866
2617,0.225082,0.1789
2618,0.241947,0.1864
2619,0.261576,0.1796
2620,0.268228,0.1801
2621,0.267217,0.1796
2622,0.262509,0.1795
2623,0.246836,0.1794
2624,0.228992,0.1801
2625,0.215185,0.1923
2626,0.211945,0.1806
2627,0.210831,0.1816
2628,0.213279,0.1948
2629,0.213056,0.1807
2630,0.213809,0.1825
2631,0.223099,0.1827
2632,0.223040,0.1906
2633,0.217206,0.1910
2634,0.214565,0.1913
2635,0.214443,0.1939
2636,0.215902,0.1948
2637,0.211496,0.1712
2638,0.221070,0.1944
2639,0.228002,0.1939
2640,0.228786,0.1913
2641,0.229572,0.1903
2642,0.223994,0.1906
2643,0.223656,0.1913
2644,0.226976,0.1909
2645,0.229655,0.1919
2646,0.225794,0.1916
2647,0.218304,0.1922
2648,0.218338,0.1917
2649,0.217830,0.1919
2650,0.213509,0.1915
2651,0.207526,0.1912
2652,0.209936,0.1929
2653,0.210467,0.1917
2654,0.206453,0.1941
2655,0.205619,0.1931
2656,0.206600,0.1939
2657,0.201925,0.1920
2658,0.203789,0.1943
2659,0.201202,0.1870
2660,0.208666,0.1946
2661,0.211077,0.1900
2662,0.214896,0.1922
2663,0.216629,0.1833
2664,0.215288,0.1732
2665,0.215331,0.1829
2666,0.217347,0.1718
2667,0.218573,0.1750
2668,0.221633,0.1815
2669,0.216726,0.1731
2670,0.208990,0.1812
2671,0.204412,0.1916
2672,0.202002,0.1844
2673,0.202851,0.1943
2674,0.202480,0.1859
2675,0.204719,0.1820
2676,0.212630,0.1807
2677,0.219188,0.1789
2678,0.224287,0.1802
2679,0.228467,0.1798
2680,0.230790,0.1801
2681,0.231850,0.1804
2682,0.231053,0.1811
2683,0.233405,0.1814
2684,0.232474,0.1831
2685,0.230618,0.1826
2686,0.230926,0.1811
2687,0.225212,0.1815
2688,0.220937,0.2180
2689,0.218109,0.1825
2690,0.214255,0.1818
2691,0.216119,0.1835
2692,0.215226,0.1845
2693,0.211624,0.2182
2694,0.213134,0.2177
2695,0.205456,0.2165
2696,0.200128,0.1796
2697,0.197993,0.1772
2698,0.194848,0.2126
2699,0.197016,0.1757
2700,0.195206,0.1770
2701,0.195511,0.1771
2702,0.191476,0.1772
2703,0.191661,0.1773
2704,0.190535,0.1772
2705,0.191763,0.1773
2706,0.193832,0.1781
2707,0.194181,0.1779
2708,0.193410,0.1775
2709,0.194300,0.1763
2710,0.193126,0.1788
2711,0.189800,0.2165
2712,0.189263,0.1772
2713,0.189283,0.1760
2714,0.189570,0.1785
2715,0.194844,0.2156
2716,0.194497,0.1773
2717,0.199417,0.1773
2718,0.201017,0.1769
2719,0.199564,0.1766
2720,0.204200,0.1773
2721,0.207418,0.2148
2722,0.206448,0.1763
2723,0.208233,0.1776
2724,0.209369,0.2183
2725,0.213216,0.1763
2726,0.209400,0.1771
2727,0.207790,0.1829
2728,0.209830,0.1767
2729,0.216079,0.1839
2730,0.222579,0.1780
2731,0.223921,0.2260
2732,0.224254,0.1780
2733,0.225756,0.1762
2734,0.226153,0.1768
2735,0.225546,0.1827
2736,0.222532,0.1813
2737,0.214572,0.1821
2738,0.208233,0.1811
2739,0.203937,0.1822
2740,0.202607,0.1949
2741,0.207565,0.1975
2742,0.212376,0.1949
2743,0.211783,0.1796
2744,0.221846,0.1924
2745,0.233778,0.1960
2746,0.241717,0.1930
2747,0.245759,0.1947
2748,0.242589,0.1953
2749,0.239935,0.1882
2750,0.238965,0.1935
2751,0.236471,0.1945
2752,0.233075,0.1956
2753,0.230564,0.1942
2754,0.228042,0.1949
2755,0.221820,0.1949
2756,0.218502,0.1875
2757,0.216912,0.1953
2758,0.213175,0.1848
2759,0.208879,0.1892
2760,0.206059,0.1779
2761,0.208069,0.1796
2762,0.208141,0.1804
2763,0.211123,0.1786
2764,0.212933,0.1805
2765,0.210332,0.1799
2766,0.206906,0.1792
2767,0.205050,0.1943
2768,0.202482,0.1780
2769,0.203362,0.1779
2770,0.201708,0.1838
2771,0.197478,0.1983
2772,0.196625,0.1982
2773,0.197388,0.2080
2774,0.198098,0.1983
2775,0.196910,0.2005
2776,0.193104,0.1797
2777,0.189170,0.1791
2778,0.189316,0.1785
2779,0.186640,0.1785
2780,0.184584,0.1801
2781,0.184388,0.1939
2782,0.184172,0.1795
2783,0.183036,0.1790
2784,0.181789,0.1812
2785,0.181301,0.1792
2786,0.182350,0.2003
2787,0.183777,0.1803
2788,0.182308,0.1804
2789,0.194266,0.1815
2790,0.188817,0.1812
2791,0.189513,0.1804
2792,0.186666,0.1807
2793,0.186079,0.1846
2794,0.185586,0.1814
2795,0.183748,0.1865
2796,0.182219,0.1892
2797,0.183085,0.1854
2798,0.182503,0.1867
2799,0.180134,0.1890
2800,0.180096,0.1879
2801,0.178487,0.1852
2802,0.176627,0.1860
2803,0.175894,0.1907
2804,0.174515,0.1878
2805,0.174986,0.1864
2806,0.176153,0.1941
2807,0.173930,0.1838
2808,0.171185,0.2307
2809,0.172885,0.1989
2810,0.172757,0.1978
2811,0.175185,0.2023
2812,0.174169,0.2003
2813,0.170964,0.1990
2814,0.173754,0.1910
2815,0.171606,0.1986
2816,0.170553,0.1966
2817,0.170319,0.1942
2818,0.170017,0.1974
2819,0.172849,0.2007
2820,0.177696,0.2014
2821,0.184882,0.1892
2822,0.199250,0.1964
2823,0.202950,0.2017
2824,0.204400,0.1880
2825,0.205184,0.1964
2826,0.196865,0.1898
2827,0.192584,0.1895
2828,0.184365,0.1889
2829,0.173763,0.1888
2830,0.169569,0.1907
2831,0.172969,0.1885
2832,0.181008,0.1883
2833,0.185493,0.1930
2834,0.183244,0.1871
2835,0.183422,0.1861
2836,0.184369,0.1855
2837,0.180582,0.1859
2838,0.175650,0.1849
2839,0.170899,0.1855
2840,0.173845,0.1850
2841,0.176258,0.1840
2842,0.175659,0.1849
2843,0.176392,0.1859
2844,0.174635,0.1860
2845,0.175558,0.1855
2846,0.176871,0.1859
2847,0.175623,0.1868
2848,0.175407,0.1856
2849,0.175228,0.1819
2850,0.175252,0.1929
2851,0.178209,0.2091
2852,0.177767,0.1824
2853,0.177170,0.1826
2854,0.181975,0.1869
2855,0.181423,0.1861
2856,0.182776,0.1856
2857,0.182994,0.1843
2858,0.180601,0.1851
2859,0.186744,0.1860
2860,0.190207,0.1867
2861,0.188887,0.1868
2862,0.198916,0.1854
2863,0.201555,0.1845
2864,0.199290,0.1856
2865,0.203469,0.1829
2866,0.200518,0.1838
2867,0.192547,0.1837
2868,0.186168,0.1848
2869,0.178209,0.1839
2870,0.181855,0.1832
2871,0.177207,0.1841
2872,0.175086,0.1851
2873,0.173874,0.1833
2874,0.173563,0.1818
2875,0.170913,0.1848
2876,0.171071,0.1853
2877,0.170739,0.1834
2878,0.182858,0.1866
2879,0.193433,0.1837
2880,0.200525,0.1839
2881,0.197927,0.1837
2882,0.192243,0.1843
2883,0.199088,0.1819
2884,0.194566,0.1825
2885,0.196868,0.1828
2886,0.188173,0.1821
2887,0.187122,0.1819
2888,0.181823,0.1839
2889,0.185402,0.1839
2890,0.197119,0.1835
2891,0.196067,0.1847
2892,0.189182,0.1849
2893,0.191110,0.1840
2894,0.192881,0.1852
2895,0.191548,0.1839
2896,0.186937,0.1827
2897,0.185951,0.1827
2898,0.188042,0.1827
2899,0.188449,0.1833
2900,0.188974,0.1833
2901,0.188855,0.1860
2902,0.187142,0.1841
2903,0.178980,0.1851
2904,0.176390,0.1843
2905,0.174485,0.1840
2906,0.178334,0.1830
2907,0.174669,0.1831
2908,0.174193,0.1836
2909,0.171659,0.1835
2910,0.172053,0.1839
2911,0.171569,0.1839
2912,0.175692,0.1847
2913,0.176012,0.1845
2914,0.171986,0.1840
2915,0.168818,0.1850
2916,0.166935,0.1847
2917,0.169996,0.1834
2918,0.192477,0.1837
2919,0.200038,0.1847
2920,0.199583,0.1840
2921,0.188823,0.1838
2922,0.183193,0.1840
2923,0.188602,0.1841
2924,0.193550,0.1838
2925,0.183498,0.1836
2926,0.177521,0.1826
2927,0.176138,0.1821
2928,0.175778,0.1828
2929,0.177510,0.1815
2930,0.173540,0.1818
2931,0.169655,0.1813
2932,0.169947,0.1823
2933,0.170091,0.1818
2934,0.169872,0.1812
2935,0.171718,0.1812
2936,0.178834,0.1808
2937,0.185452,0.1820
2938,0.184616,0.1822
2939,0.183884,0.1818
2940,0.185062,0.1826
2941,0.181191,0.1820
2942,0.178106,0.1820
2943,0.174124,0.1819
2944,0.180623,0.1743
2945,0.175413,0.1734
2946,0.177444,0.1727
2947,0.176982,0.1730
2948,0.173756,0.1735
2949,0.172897,0.1774
2950,0.171706,0.1765
2951,0.171410,0.1771
2952,0.172375,0.1776
2953,0.171199,0.1783
2954,0.175323,0.1788
2955,0.174772,0.1780
2956,0.172822,0.1779
2957,0.169527,0.1777
2958,0.168033,0.1809
2959,0.161407,0.1808
2960,0.162926,0.1825
2961,0.163921,0.1939
2962,0.164801,0.1792
2963,0.164450,0.2196
2964,0.162887,0.1931
2965,0.161801,0.1738
2966,0.164115,0.1740
2967,0.163396,0.1759
2968,0.161857,0.1732
2969,0.159091,0.1927
2970,0.174089,0.1935
2971,0.180959,0.1744
2972,0.186364,0.1941
2973,0.186155,0.1935
2974,0.190638,0.1939
2975,0.190708,0.1949
2976,0.191043,0.1942
2977,0.187427,0.1956
2978,0.185878,0.1944
2979,0.189927,0.1937
2980,0.184574,0.1955
2981,0.184829,0.1949
2982,0.190100,0.1731
2983,0.195682,0.1941
2984,0.192762,0.1942
2985,0.188800,0.1748
2986,0.192726,0.1953
2987,0.190285,0.1938
2988,0.185842,0.1950
2989,0.184230,0.1931
2990,0.181390,0.1941
2991,0.183045,0.1931
2992,0.180655,0.1940
2993,0.175444,0.1948
2994,0.175319,0.1944
2995,0.176760,0.1921
2996,0.175112,0.1928
2997,0.171592,0.1925
2998,0.171531,0.1985
2999,0.170013,0.2003
3000,0.168446,0.1929
3001,0.164732,0.1924
3002,0.163826,0.1911
3003,0.165840,0.1915
3004,0.170618,0.1920
3005,0.173967,0.1806
3006,0.173988,0.1925
3007,0.172432,0.1901
3008,0.171264,0.1917
3009,0.170839,0.1932
3010,0.167392,0.1918
3011,0.167646,0.1792
3012,0.166298,0.1788
3013,0.171198,0.1821
3014,0.167415,0.1824
3015,0.170812,0.1823
3016,0.170256,0.1822
3017,0.165417,0.1973
3018,0.165717,0.1813
3019,0.162804,0.1930
3020,0.162589,0.2221
3021,0.163453,0.1832
3022,0.162077,0.1833
3023,0.163050,0.1827
3024,0.164904,0.1992
3025,0.175867,0.1991
3026,0.183739,0.2023
3027,0.184510,0.2314
3028,0.187481,0.1940
3029,0.190692,0.1933
3030,0.191894,0.2031
3031,0.190751,0.2081
3032,0.187459,0.2038
3033,0.187209,0.2042
3034,0.184563,0.2358
3035,0.181257,0.2114
3036,0.181827,0.2363
3037,0.182260,0.1987
3038,0.181541,0.2106
3039,0.181072,0.1881
3040,0.177186,0.2094
3041,0.169594,0.1999
3042,0.164783,0.1882
3043,0.161940,0.2023
3044,0.159590,0.1976
3045,0.164554,0.1860
3046,0.168145,0.2009
3047,0.163204,0.2007
3048,0.163002,0.1938
3049,0.162538,0.1856
3050,0.162567,0.1943
3051,0.159153,0.2007
3052,0.157120,0.1895
3053,0.158094,0.1846
3054,0.163217,0.1856
3055,0.164623,0.1874
3056,0.166978,0.1876
3057,0.170287,0.1942
3058,0.173326,0.1949
3059,0.171115,0.1855
3060,0.168853,0.1864
3061,0.168976,0.1944
3062,0.170500,0.1807
3063,0.168842,0.1915
3064,0.166049,0.1855
3065,0.164835,0.2082
3066,0.159295,0.1917
3067,0.156054,0.1849
3068,0.156479,0.1796
3069,0.157394,0.1862
3070,0.154366,0.1881
3071,0.154925,0.1871
3072,0.157762,0.1876
3073,0.157066,0.1873
3074,0.158213,0.1881
3075,0.154154,0.1883
3076,0.152894,0.1877
3077,0.151730,0.1886
3078,0.153014,0.1872
3079,0.154118,0.1876
3080,0.154406,0.1850
3081,0.153705,0.1867
3082,0.152953,0.1839
3083,0.150697,0.1831
3084,0.149084,0.1837
3085,0.149175,0.1842
3086,0.151865,0.1846
3087,0.146241,0.1838
3088,0.142382,0.1839
3089,0.145382,0.1840
3090,0.148724,0.1838
3091,0.151561,0.1843
3092,0.148509,0.1848
3093,0.149209,0.1888
3094,0.143374,0.1873
3095,0.142261,0.1882
3096,0.143704,0.1921
3097,0.145763,0.1900
3098,0.144213,0.2331
3099,0.144723,0.1881
3100,0.143348,0.2322
3101,0.142985,0.2322
3102,0.143640,0.2313
3103,0.143209,0.2325
3104,0.144489,0.1909
3105,0.144729,0.2329
3106,0.147283,0.2308
3107,0.146025,0.1930
3108,0.143220,0.2305
3109,0.143820,0.2275
3110,0.141502,0.1871
3111,0.141164,0.2292
3112,0.137042,0.2298
3113,0.136376,0.2297
3114,0.138630,0.1902
3115,0.137864,0.2307
3116,0.140846,0.1884
3117,0.140484,0.1876
3118,0.147651,0.2282
3119,0.151450,0.1901
3120,0.147928,0.2277
3121,0.147384,0.1888
3122,0.147265,0.1839
3123,0.148343,0.1930
3124,0.156945,0.1949
3125,0.157997,0.1913
3126,0.156471,0.1888
3127,0.156792,0.1927
3128,0.154717,0.1947
3129,0.143860,0.1875
3130,0.136344,0.1870
3131,0.140672,0.1975
3132,0.140036,0.1934
3133,0.138181,0.1862
3134,0.135559,0.1856
3135,0.151032,0.2011
3136,0.159598,0.1876
3137,0.179178,0.1892
3138,0.197434,0.1882
3139,0.213974,0.1869
3140,0.224857,0.1997
3141,0.226625,0.1985
3142,0.218829,0.1865
3143,0.209722,0.2007
3144,0.200314,0.2007
3145,0.184274,0.1983
3146,0.173458,0.1899
3147,0.169948,0.1931
3148,0.202438,0.1882
3149,0.209480,0.1961
3150,0.196913,0.1809
3151,0.183444,0.1909
3152,0.175205,0.1947
3153,0.171037,0.1983
3154,0.169060,0.1969
3155,0.165614,0.1926
3156,0.165863,0.1962
3157,0.162087,0.2012
3158,0.158368,0.1917
3159,0.157201,0.1958
3160,0.158349,0.1922
3161,0.159894,0.1945
3162,0.157791,0.1951
3163,0.157917,0.1927
3164,0.155282,0.1963
3165,0.155863,0.1948
3166,0.154182,0.1964
3167,0.156334,0.1968
3168,0.155066,0.1957
3169,0.160883,0.1951
3170,0.156984,0.1961
3171,0.156039,0.1953
3172,0.154221,0.1953
3173,0.163038,0.1959
3174,0.163237,0.1940
3175,0.161564,0.1965
3176,0.160423,0.1964
3177,0.158202,0.1951
3178,0.153958,0.1968
3179,0.149508,0.2102
3180,0.143781,0.2067
3181,0.139291,0.2065
3182,0.143542,0.2118
3183,0.163749,0.1967
3184,0.168916,0.1957
3185,0.174076,0.1935
3186,0.171926,0.1973
3187,0.169208,0.1863
3188,0.167736,0.1877
3189,0.163404,0.1965
3190,0.158298,0.1962
3191,0.155117,0.1829
3192,0.159419,0.1856
3193,0.158010,0.1949
3194,0.160310,0.1950
3195,0.157769,0.1914
3196,0.156847,0.1886
3197,0.156909,0.1913
3198,0.157519,0.1898
3199,0.151325,0.1895
3200,0.148752,0.1913
3201,0.147218,0.1885
3202,0.147844,0.1898
3203,0.153162,0.2061
3204,0.152375,0.2044
3205,0.148371,0.1874
3206,0.150469,0.1897
3207,0.150775,0.2468
3208,0.161579,0.2189
3209,0.177241,0.2084
3210,0.195719,0.2279
3211,0.198726,0.2203
3212,0.198583,0.2206
3213,0.206521,0.2054
3214,0.197967,0.2021
3215,0.205463,0.2196
3216,0.212345,0.2012
3217,0.222559,0.2198
3218,0.245249,0.2191
3219,0.260173,0.2197
3220,0.264884,0.2016
3221,0.280797,0.2209
3222,0.286998,0.2194
3223,0.279329,0.2213
3224,0.261112,0.2210
3225,0.249983,0.2213
3226,0.242507,0.2207
3227,0.229014,0.2201
3228,0.228346,0.2199
3229,0.226849,0.2203
3230,0.219817,0.2207
3231,0.216214,0.2216
3232,0.211462,0.2014
3233,0.209574,0.2205
3234,0.199075,0.2007
3235,0.197740,0.2033
3236,0.191753,0.2010
3237,0.190161,0.2129
3238,0.187991,0.2000
3239,0.181565,0.2015
3240,0.178620,0.2119
3241,0.178743,0.2014
3242,0.175361,0.2083
3243,0.170428,0.2009
3244,0.171387,0.2007
3245,0.163400,0.2017
3246,0.163327,0.2016
3247,0.162695,0.2007
3248,0.161790,0.1985
3249,0.164199,0.1821
3250,0.169715,0.1903
3251,0.174418,0.1823
3252,0.173704,0.1919
3253,0.174314,0.1910
3254,0.182292,0.2038
3255,0.180192,0.1918
3256,0.178527,0.1906
3257,0.180970,0.1797
3258,0.182390,0.1901
3259,0.176789,0.1903
3260,0.170991,0.2057
3261,0.168977,0.1960
3262,0.165374,0.1983
3263,0.161766,0.1858
3264,0.165624,0.1981
3265,0.166247,0.1849
3266,0.171726,0.1854
3267,0.174304,0.1863
3268,0.172459,0.1946
3269,0.169144,0.1831
3270,0.166152,0.1944
3271,0.162519,0.1821
3272,0.160553,0.1941
3273,0.160366,0.1839
3274,0.157514,0.1833
3275,0.151018,0.1829
3276,0.148884,0.1822
3277,0.144918,0.1916
3278,0.148438,0.1904
3279,0.151902,0.1816
3280,0.150140,0.1829
3281,0.147872,0.1818
3282,0.141906,0.1818
3283,0.142187,0.2014
3284,0.143561,0.1824
3285,0.143963,0.1835
3286,0.139334,0.1890
3287,0.136603,0.1811
3288,0.139193,0.2054
3289,0.142301,0.1809
3290,0.141738,0.1815
3291,0.141750,0.1812
3292,0.144346,0.2007
3293,0.143210,0.2004
3294,0.145570,0.2004
3295,0.145355,0.1828
3296,0.144920,0.1879
3297,0.143637,0.1824
3298,0.144827,0.2005
3299,0.145459,0.2004
3300,0.141321,0.2006
3301,0.138111,0.2011
3302,0.139498,0.1818
3303,0.137753,0.1829
3304,0.136723,0.1995
3305,0.134630,0.1832
3306,0.132535,0.2012
3307,0.141186,0.1974
3308,0.146182,0.1841
3309,0.150742,0.1797
3310,0.154609,0.1847
3311,0.157079,0.2017
3312,0.155224,0.2006
3313,0.157976,0.1805
3314,0.163450,0.2008
3315,0.164720,0.1996
3316,0.162206,0.1845
3317,0.162692,0.1836
3318,0.159302,0.1860
3319,0.156018,0.1878
3320,0.153137,0.1862
3321,0.153055,0.1991
3322,0.155438,0.2012
3323,0.153185,0.1857
3324,0.150007,0.1868
3325,0.152077,0.1855
3326,0.152621,0.1875
3327,0.149880,0.2023
3328,0.147931,0.2012
3329,0.144326,0.1890
3330,0.144049,0.2009
3331,0.147915,0.1874
3332,0.146428,0.1865
3333,0.146434,0.1876
3334,0.142819,0.1939
3335,0.143023,0.1869
3336,0.139909,0.2009
3337,0.143018,0.1927
3338,0.143404,0.2048
3339,0.145020,0.1883
3340,0.146587,0.2015
3341,0.139833,0.1892
3342,0.137620,0.1903
3343,0.135691,0.1888
3344,0.134838,0.2112
3345,0.133739,0.2103
3346,0.131576,0.2083
3347,0.134448,0.2123
3348,0.133456,0.2073
3349,0.132109,0.2083
3350,0.129686,0.2114
3351,0.130719,0.2089
3352,0.132126,0.2083
3353,0.129878,0.2115
3354,0.134416,0.2081
3355,0.134263,0.2123
3356,0.137967,0.2090
3357,0.136284,0.2091
3358,0.137594,0.2093
3359,0.143259,0.2046
3360,0.151435,0.2079
3361,0.150803,0.2124
3362,0.143913,0.2085
3363,0.142753,0.2076
3364,0.144716,0.2074
3365,0.143354,0.2120
3366,0.144323,0.2094
3367,0.141867,0.2127
3368,0.141682,0.2096
3369,0.142465,0.2118
3370,0.136781,0.2106
3371,0.137292,0.2088
3372,0.137553,0.1965
3373,0.143893,0.1961
3374,0.144371,0.1947
3375,0.145143,0.1976
3376,0.142787,0.1963
3377,0.144837,0.1947
3378,0.143467,0.1971
3379,0.136282,0.1969
3380,0.139827,0.1951
3381,0.141570,0.1958
3382,0.137968,0.1976
3383,0.135629,0.1912
3384,0.131495,0.1971
3385,0.130491,0.1955
3386,0.132779,0.2025
3387,0.130948,0.1935
3388,0.130157,0.1930
3389,0.128546,0.1900
3390,0.125665,0.2040
3391,0.126316,0.2104
3392,0.123162,0.1876
3393,0.124231,0.2062
3394,0.127577,0.1904
3395,0.128728,0.1994
3396,0.127916,0.2081
3397,0.126876,0.2099
3398,0.128559,0.2102
3399,0.130642,0.2103
3400,0.129220,0.2090
3401,0.128682,0.2130
3402,0.128426,0.2072
3403,0.126617,0.2126
3404,0.128320,0.2080
3405,0.140334,0.2111
3406,0.140047,0.1907
3407,0.139925,0.2072
3408,0.144470,0.2102
3409,0.144612,0.1896
3410,0.142304,0.1885
3411,0.138096,0.1885
3412,0.140869,0.1896
3413,0.136999,0.1885
3414,0.136676,0.1917
3415,0.141941,0.1934
3416,0.147454,0.1968
3417,0.144463,0.1964
3418,0.143105,0.1928
3419,0.137982,0.1979
3420,0.133740,0.1979
3421,0.133728,0.1951
3422,0.133354,0.1949
3423,0.134734,0.1969
3424,0.141744,0.1993
3425,0.148124,0.2155
3426,0.150831,0.1975
3427,0.157485,0.1980
3428,0.155835,0.2169
3429,0.149952,0.2167
3430,0.142415,0.2191
3431,0.145116,0.2197
3432,0.141547,0.2196
3433,0.137026,0.2153
3434,0.135899,0.2182
3435,0.135356,0.2186
3436,0.136068,0.2209
3437,0.136902,0.2204
3438,0.138031,0.2201
3439,0.139981,0.2191
3440,0.137001,0.2174
3441,0.136571,0.2180
3442,0.134098,0.2210
3443,0.130806,0.2210
3444,0.127804,0.2207
3445,0.129503,0.2195
3446,0.131212,0.2183
3447,0.129027,0.2191
3448,0.129721,0.2192
3449,0.135061,0.2203
3450,0.136472,0.2202
3451,0.133958,0.2063
3452,0.129751,0.2059
3453,0.129649,0.2209
3454,0.128113,0.2127
3455,0.127685,0.2033
3456,0.126648,0.2039
3457,0.127368,0.2197
3458,0.129546,0.2031
3459,0.127044,0.2025
3460,0.126799,0.2040
3461,0.124577,0.2024
3462,0.123237,0.2032
3463,0.122913,0.2040
3464,0.125841,0.2192
3465,0.130479,0.2031
3466,0.136914,0.2192
3467,0.137326,0.2033
3468,0.139152,0.2024
3469,0.132056,0.2019
3470,0.131923,0.2171
3471,0.134414,0.2202
3472,0.136002,0.2207
3473,0.134681,0.2208
3474,0.129726,0.2208
3475,0.125069,0.2190
3476,0.127780,0.2036
3477,0.125599,0.1987
3478,0.125770,0.2175
3479,0.120267,0.2211
3480,0.121716,0.2201
3481,0.128622,0.2218
3482,0.129205,0.2213
3483,0.127998,0.2210
3484,0.131038,0.1999
3485,0.129672,0.1979
3486,0.126710,0.2197
3487,0.124146,0.2207
3488,0.122248,0.2213
3489,0.125147,0.2222
3490,0.124818,0.2211
3491,0.127647,0.2210
3492,0.125543,0.2205
3493,0.124495,0.2213
3494,0.123764,0.2209
3495,0.125895,0.2198
3496,0.123634,0.2205
3497,0.124673,0.2225
3498,0.123851,0.2217
3499,0.119929,0.2213
3500,0.125181,0.2216
3501,0.128108,0.2243
3502,0.126460,0.2228
3503,0.122800,0.2233
3504,0.129777,0.2219
3505,0.139407,0.2228
3506,0.140004,0.2023
3507,0.141158,0.2041
3508,0.138079,0.2028
3509,0.137794,0.2035
3510,0.136037,0.2044
3511,0.134458,0.2033
3512,0.133209,0.2033
3513,0.130038,0.2026
3514,0.133436,0.2009
3515,0.132381,0.2025
3516,0.134811,0.2042
3517,0.133918,0.2049
3518,0.131582,0.2037
3519,0.132915,0.2151
3520,0.128226,0.2064
3521,0.126595,0.2058
3522,0.124153,0.2037
3523,0.123901,0.2047
3524,0.128427,0.2044
3525,0.126038,0.2020
3526,0.126143,0.2031
3527,0.123437,0.2028
3528,0.126559,0.2045
3529,0.125683,0.2054
3530,0.125211,0.2064
3531,0.127612,0.2070
3532,0.127558,0.2051
3533,0.130109,0.2032
3534,0.133778,0.2039
3535,0.135912,0.2024
3536,0.135879,0.2024
3537,0.135148,0.2029
3538,0.132269,0.2016
3539,0.134538,0.2028
3540,0.132151,0.2010
3541,0.133496,0.2009
3542,0.134609,0.2023
3543,0.154247,0.2054
3544,0.169955,0.2011
3545,0.172967,0.2022
3546,0.180473,0.2036
3547,0.176802,0.2029
3548,0.168769,0.2006
3549,0.165621,0.2012
3550,0.163879,0.1973
3551,0.161172,0.2019
3552,0.160054,0.1961
3553,0.158063,0.1990
3554,0.156245,0.1967
3555,0.149930,0.2030
3556,0.150647,0.2173
3557,0.148444,0.2166
3558,0.147049,0.2149
3559,0.147884,0.2170
3560,0.144637,0.2171
3561,0.145920,0.2147
3562,0.144350,0.2166
3563,0.143715,0.2177
3564,0.140951,0.2157
3565,0.143529,0.2152
3566,0.143683,0.2170
3567,0.132761,0.2162
3568,0.135331,0.2145
3569,0.130221,0.2193
3570,0.131030,0.2169
3571,0.130395,0.2154
3572,0.131426,0.2171
3573,0.133767,0.2170
3574,0.133544,0.2165
3575,0.131263,0.2249
3576,0.127383,0.2275
3577,0.125262,0.1938
3578,0.127044,0.2235
3579,0.129619,0.2064
3580,0.126656,0.2077
3581,0.128570,0.2251
3582,0.133824,0.2243
3583,0.136039,0.2236
3584,0.135464,0.2251
3585,0.135732,0.2242
3586,0.135331,0.2261
3587,0.135782,0.2089
3588,0.136109,0.2247
3589,0.135998,0.2263
3590,0.132914,0.2268
3591,0.138683,0.2242
3592,0.141303,0.2262
3593,0.148491,0.2263
3594,0.150211,0.2065
3595,0.153545,0.2280
3596,0.142104,0.2264
3597,0.137308,0.2291
3598,0.130247,0.2289
3599,0.123091,0.2254
3600,0.116632,0.2075
3601,0.116064,0.2293
3602,0.119557,0.2238
3603,0.119368,0.2076
3604,0.121540,0.2063
3605,0.118172,0.2282
3606,0.114319,0.2288
3607,0.110189,0.2277
3608,0.110018,0.2067
3609,0.112908,0.2302
3610,0.113533,0.2079
3611,0.116385,0.2279
3612,0.120443,0.2301
3613,0.122224,0.2288
3614,0.120151,0.2280
3615,0.116061,0.2313
3616,0.120018,0.2251
3617,0.121256,0.2104
3618,0.128010,0.2310
3619,0.127429,0.2103
3620,0.127423,0.2012
3621,0.123276,0.2384
3622,0.117702,0.2182
3623,0.117575,0.2060
3624,0.122016,0.2050
3625,0.120340,0.2045
3626,0.116960,0.2051
3627,0.118790,0.2246
3628,0.116819,0.2105
3629,0.121561,0.2048
3630,0.121658,0.2133
3631,0.121026,0.2137
3632,0.128426,0.2178
3633,0.123059,0.2191
3634,0.118492,0.2101
3635,0.117404,0.2171
3636,0.118655,0.2136
3637,0.115361,0.2092
3638,0.110735,0.2050
3639,0.116846,0.2194
3640,0.118468,0.2101
3641,0.114892,0.2144
3642,0.109349,0.2104
3643,0.111253,0.2096
3644,0.111215,0.2189
3645,0.111021,0.2052
3646,0.111266,0.2078
3647,0.116510,0.2053
3648,0.113876,0.2156
3649,0.115327,0.2083
3650,0.114024,0.2057
3651,0.113977,0.2108
3652,0.112897,0.2083
3653,0.108481,0.1983
3654,0.109644,0.2058
3655,0.114753,0.2156
3656,0.113439,0.2092
3657,0.110416,0.2194
3658,0.107097,0.2156
3659,0.104763,0.2149
3660,0.111500,0.2202
3661,0.116154,0.2196
3662,0.119548,0.2201
3663,0.117555,0.2153
3664,0.115263,0.2202
3665,0.112543,0.2158
3666,0.107995,0.2148
3667,0.107964,0.2179
3668,0.106467,0.2214
3669,0.103476,0.2160
3670,0.106212,0.2199
3671,0.111650,0.2196
3672,0.116247,0.2168
3673,0.113243,0.2206
3674,0.112705,0.2201
3675,0.109124,0.2203
3676,0.107139,0.2176
3677,0.109191,0.2216
3678,0.108749,0.2167
3679,0.107577,0.2154
3680,0.106372,0.2204
3681,0.105044,0.2212
3682,0.106100,0.2054
3683,0.106401,0.2050
3684,0.105118,0.2057
3685,0.108544,0.2057
3686,0.105995,0.2053
3687,0.103368,0.2037
3688,0.101363,0.2034
3689,0.100576,0.2072
3690,0.100073,0.1966
3691,0.098699,0.2046
3692,0.100793,0.2060
3693,0.100068,0.2059
3694,0.099195,0.2063
3695,0.109026,0.2046
3696,0.103348,0.2034
3697,0.103041,0.2048
3698,0.103579,0.2053
3699,0.111028,0.2029
3700,0.114171,0.2066
3701,0.114421,0.2016
3702,0.113166,0.2021
3703,0.112045,0.2093
3704,0.113251,0.2043
3705,0.114202,0.2053
3706,0.115468,0.1955
3707,0.113778,0.2079
3708,0.120475,0.2092
3709,0.124003,0.2097
3710,0.122084,0.2120
3711,0.123557,0.2095
3712,0.123299,0.2063
3713,0.121850,0.2121
3714,0.120872,0.2098
3715,0.120737,0.2123
3716,0.118727,0.1995
3717,0.120797,0.2008
3718,0.120948,0.2113
3719,0.117651,0.2012
3720,0.121610,0.2106
3721,0.125033,0.2037
3722,0.126553,0.2127
3723,0.127297,0.2112
3724,0.128251,0.2126
3725,0.133305,0.2006
3726,0.132639,0.2097
3727,0.128200,0.2028
3728,0.123665,0.2130
3729,0.112726,0.2013
3730,0.110038,0.2111
3731,0.104280,0.2026
3732,0.103743,0.2131
3733,0.103497,0.2016
3734,0.103867,0.2012
3735,0.109934,0.2012
3736,0.110519,0.2117
3737,0.136967,0.2030
3738,0.146316,0.2022
3739,0.151007,0.2021
3740,0.150179,0.2021
3741,0.147378,0.2074
3742,0.147562,0.2019
3743,0.144596,0.2026
3744,0.142694,0.2097
3745,0.143767,0.2056
3746,0.141298,0.2069
3747,0.138429,0.2103
3748,0.140992,0.2008
3749,0.140587,0.2010
3750,0.135745,0.2083
3751,0.137092,0.2325
3752,0.137646,0.2014
3753,0.143005,0.2075
3754,0.144061,0.2054
3755,0.147844,0.2062
3756,0.146537,0.2074
3757,0.139121,0.2061
3758,0.133824,0.2058
3759,0.130772,0.2065
3760,0.129718,0.2382
3761,0.129118,0.2063
3762,0.124805,0.2078
3763,0.121967,0.2319
3764,0.117404,0.2066
3765,0.113801,0.2056
3766,0.113083,0.2067
3767,0.119791,0.2077
3768,0.122120,0.2025
3769,0.126336,0.2014
3770,0.126835,0.2009
3771,0.122963,0.2017
3772,0.123786,0.2000
3773,0.126194,0.1998
3774,0.129377,0.2012
3775,0.133975,0.2005
3776,0.141052,0.2030
3777,0.137651,0.2009
3778,0.126663,0.2021
3779,0.124632,0.2280
3780,0.139352,0.2003
3781,0.143733,0.2009
3782,0.151509,0.2017
3783,0.149317,0.2015
3784,0.145311,0.2030
3785,0.134258,0.2017
3786,0.132404,0.2023
3787,0.129837,0.2018
3788,0.130459,0.2026
3789,0.138476,0.2024
3790,0.140845,0.2029
3791,0.133055,0.2025
3792,0.125790,0.2028
3793,0.121330,0.2145
3794,0.118596,0.2032
3795,0.114758,0.2011
3796,0.116465,0.2102
3797,0.114537,0.2115
3798,0.113147,0.2140
3799,0.111475,0.2117
3800,0.111343,0.2108
3801,0.111752,0.2137
3802,0.113695,0.2119
3803,0.113662,0.2123
3804,0.108859,0.2104
3805,0.110493,0.2110
3806,0.110349,0.2117
3807,0.112647,0.2113
3808,0.110636,0.2117
3809,0.113350,0.2099
3810,0.113833,0.2129
3811,0.116242,0.2107
3812,0.116686,0.2000
3813,0.117210,0.2115
3814,0.117064,0.2129
3815,0.111190,0.2118
3816,0.168006,0.2030
3817,0.192005,0.2133
3818,0.201773,0.2131
3819,0.210822,0.2007
3820,0.221730,0.1999
3821,0.224186,0.2097
3822,0.233844,0.2018
3823,0.231072,0.1995
3824,0.220960,0.2366
3825,0.214534,0.2330
3826,0.210149,0.2369
3827,0.204625,0.2364
3828,0.199107,0.2360
3829,0.193811,0.2359
3830,0.189822,0.2337
3831,0.186964,0.2333
3832,0.187471,0.2373
3833,0.188371,0.2323
3834,0.185730,0.2388
3835,0.179931,0.2371
3836,0.172069,0.2363
3837,0.168915,0.2341
3838,0.166549,0.2366
3839,0.169103,0.2376
3840,0.174142,0.2369
3841,0.177616,0.2367
3842,0.174108,0.2341
3843,0.172144,0.2353
3844,0.170297,0.2369
3845,0.166963,0.2372
3846,0.163239,0.2377
3847,0.158300,0.2354
3848,0.151816,0.2368
3849,0.148227,0.2362
3850,0.145050,0.2376
3851,0.145575,0.2369
3852,0.145555,0.2369
3853,0.146024,0.2358
3854,0.145875,0.2344
3855,0.144881,0.2358
3856,0.139597,0.2370
3857,0.146411,0.2356
3858,0.143982,0.2361
3859,0.149154,0.2541
3860,0.145820,0.2482
3861,0.149194,0.2477
3862,0.143131,0.2507
3863,0.138903,0.2479
3864,0.136346,0.2501
3865,0.136690,0.2492
3866,0.142061,0.2514
3867,0.142793,0.2529
3868,0.142386,0.2389
3869,0.139279,0.2526
3870,0.137844,0.2485
3871,0.137784,0.2472
3872,0.141267,0.2512
3873,0.143895,0.2508
3874,0.148780,0.2384
3875,0.150787,0.2381
3876,0.146853,0.2479
3877,0.140903,0.2473
3878,0.130908,0.2371
3879,0.133514,0.2382
3880,0.133922,0.2514
3881,0.133260,0.2384
3882,0.139067,0.2391
3883,0.133194,0.2382
3884,0.140014,0.2498
3885,0.139381,0.2161
3886,0.137036,0.2490
3887,0.135148,0.2074
3888,0.131916,0.2285
3889,0.131088,0.2331
3890,0.129946,0.2167
3891,0.128949,0.2287
3892,0.122319,0.2451
3893,0.112381,0.2283
3894,0.109169,0.2517
3895,0.105069,0.2445
3896,0.103674,0.2456
3897,0.100809,0.2508
3898,0.099271,0.2362
3899,0.098801,0.2495
3900,0.099435,0.2478
3901,0.098373,0.2452
3902,0.097061,0.2505
3903,0.096008,0.2476
3904,0.094182,0.2287
3905,0.093550,0.2455
3906,0.090434,0.2338
3907,0.086888,0.2490
3908,0.084857,0.2266
3909,0.083945,0.2297
3910,0.083906,0.2495
3911,0.085528,0.2271
3912,0.087622,0.2340
3913,0.087604,0.2484
3914,0.087973,0.2269
3915,0.086984,0.2342
3916,0.086425,0.2308
3917,0.086275,0.2295
3918,0.084961,0.2185
3919,0.084204,0.2302
3920,0.083212,0.2345
3921,0.082658,0.2055
3922,0.080005,0.2169
3923,0.081646,0.2181
3924,0.083122,0.2173
3925,0.082394,0.2350
3926,0.081889,0.2357
3927,0.081782,0.2373
3928,0.080935,0.2373
3929,0.079898,0.2060
3930,0.079493,0.2171
3931,0.078900,0.2066
3932,0.080736,0.2055
3933,0.077914,0.2384
3934,0.080564,0.2059
3935,0.080722,0.2373
3936,0.080956,0.2063
3937,0.078361,0.2395
3938,0.080427,0.2393
3939,0.079934,0.2063
3940,0.079510,0.2061
3941,0.079516,0.2403
3942,0.081655,0.2375
3943,0.084462,0.2071
3944,0.083904,0.2198
3945,0.083353,0.2380
3946,0.079912,0.2082
3947,0.079668,0.2383
3948,0.078262,0.2067
3949,0.078915,0.2397
3950,0.079687,0.2066
3951,0.078790,0.2333
3952,0.078577,0.2402
3953,0.076638,0.2412
3954,0.078199,0.2395
3955,0.077466,0.2393
3956,0.078748,0.2395
3957,0.078109,0.2385
3958,0.080421,0.2390
3959,0.080156,0.2416
3960,0.080565,0.2400
3961,0.081445,0.2392
3962,0.081767,0.2068
3963,0.081004,0.2384
3964,0.080985,0.2089
3965,0.081865,0.2411
3966,0.080350,0.2441
3967,0.078982,0.2185
3968,0.079756,0.2071
3969,0.078745,0.2396
3970,0.079079,0.2423
3971,0.078204,0.2427
3972,0.077784,0.2413
3973,0.075885,0.2387
3974,0.074857,0.2400
3975,0.074445,0.2388
3976,0.074777,0.2398
3977,0.074264,0.2418
3978,0.075164,0.2400
3979,0.075603,0.2095
3980,0.075124,0.2402
3981,0.073952,0.2093
3982,0.074925,0.2407
3983,0.075051,0.2087
3984,0.074276,0.2399
3985,0.072383,0.2387
3986,0.071159,0.2390
3987,0.070165,0.2376
3988,0.068953,0.2190
3989,0.071273,0.2394
3990,0.070944,0.2079
3991,0.072645,0.2114
3992,0.071106,0.2091
3993,0.069325,0.2388
3994,0.073466,0.2088
3995,0.075216,0.2091
3996,0.075796,0.2403
3997,0.076564,0.2388
3998,0.077391,0.2098
3999,0.074501,0.2388
4000,0.075798,0.2398
4001,0.076961,0.2440
4002,0.075093,0.2102
4003,0.073436,0.2396
4004,0.074024,0.2372
4005,0.074617,0.2403
4006,0.074213,0.2397
4007,0.072829,0.2224
4008,0.068174,0.2382
4009,0.069601,0.2084
4010,0.070869,0.2409
4011,0.067506,0.2384
4012,0.069474,0.2360
4013,0.071911,0.2388
4014,0.069688,0.2423
4015,0.068923,0.2393
4016,0.068953,0.2372
4017,0.066891,0.2380
4018,0.068695,0.2387
4019,0.069099,0.2383
4020,0.067458,0.2229
4021,0.064948,0.2404
4022,0.066545,0.2402
4023,0.065697,0.2396
4024,0.066962,0.2382
4025,0.070034,0.2370
4026,0.070674,0.2154
4027,0.069394,0.2418
4028,0.069782,0.2149
4029,0.068640,0.2396
4030,0.068659,0.2399
4031,0.067436,0.2129
4032,0.067335,0.2390
4033,0.068696,0.2150
4034,0.066646,0.2396
4035,0.064903,0.2378
4036,0.066399,0.2397
4037,0.067349,0.2402
4038,0.069105,0.2379
4039,0.070055,0.2400
4040,0.074151,0.2409
4041,0.074488,0.2133
4042,0.073408,0.2409
4043,0.074798,0.2419
4044,0.075046,0.2403
4045,0.072709,0.2398
4046,0.068319,0.2131
4047,0.073137,0.2401
4048,0.075392,0.2408
4049,0.076311,0.2412
4050,0.074468,0.2268
4051,0.071038,0.2184
4052,0.070579,0.2411
4053,0.071519,0.2408
4054,0.072927,0.2418
4055,0.072500,0.2410
4056,0.073578,0.2410
4057,0.073191,0.2267
4058,0.072763,0.2400
4059,0.069819,0.2409
4060,0.069571,0.2418
4061,0.067789,0.2396
4062,0.069389,0.2408
4063,0.073875,0.2422
4064,0.076057,0.2406
4065,0.076386,0.2402
4066,0.078168,0.2394
4067,0.080041,0.2401
4068,0.079713,0.2415
4069,0.077684,0.2411
4070,0.077462,0.2427
4071,0.077290,0.2416
4072,0.074798,0.2408
4073,0.074929,0.2417
4074,0.076308,0.2423
4075,0.080299,0.2431
4076,0.080088,0.2422
4077,0.078340,0.2418
4078,0.077727,0.2410
4079,0.072973,0.2409
4080,0.072377,0.2436
4081,0.071930,0.2430
4082,0.073101,0.2437
4083,0.076685,0.2414
4084,0.076760,0.2405
4085,0.072752,0.2432
4086,0.072971,0.2421
4087,0.070806,0.2424
4088,0.073210,0.2403
4089,0.075754,0.2429
4090,0.074947,0.2397
4091,0.076067,0.2416
4092,0.074171,0.2395
4093,0.075250,0.2384
4094,0.072932,0.2382
4095,0.071316,0.2397
4096,0.069700,0.2407
4097,0.070391,0.2413
4098,0.067909,0.2401
4099,0.066463,0.2449
4100,0.068001,0.2405
4101,0.068768,0.2448
4102,0.068598,0.2449
4103,0.067462,0.2428
4104,0.067664,0.2421
4105,0.067153,0.2463
4106,0.063789,0.2431
4107,0.064294,0.2421
4108,0.061038,0.2433
4109,0.061515,0.2438
4110,0.064061,0.2441
4111,0.065928,0.2464
4112,0.067115,0.2493
4113,0.068575,0.2478
4114,0.067856,0.2446
4115,0.067042,0.2428
4116,0.067084,0.2259
4117,0.068956,0.2473
4118,0.067472,0.2316
4119,0.065940,0.2506
4120,0.065836,0.2281
4121,0.064860,0.2268
4122,0.063158,0.2519
4123,0.059736,0.2308
4124,0.058735,0.2319
4125,0.058830,0.2297
4126,0.061099,0.2515
4127,0.061969,0.2282
4128,0.060793,0.2299
4129,0.060631,0.2539
4130,0.063809,0.2521
4131,0.064848,0.2308
4132,0.065534,0.2502
4133,0.068645,0.2297
4134,0.068620,0.2506
4135,0.068032,0.2296
4136,0.067399,0.2327
4137,0.065384,0.2531
4138,0.064751,0.2537
4139,0.061537,0.2291
4140,0.060690,0.2305
4141,0.060188,0.2336
4142,0.062450,0.2532
4143,0.062036,0.2305
4144,0.063071,0.2524
4145,0.060655,0.2553
4146,0.065731,0.2228
4147,0.068593,0.2514
4148,0.072164,0.2284
4149,0.070589,0.2526
4150,0.069667,0.2548
4151,0.072556,0.2219
4152,0.072123,0.2543
4153,0.072756,0.2216
4154,0.073482,0.2325
4155,0.072868,0.2558
4156,0.069452,0.2250
4157,0.071074,0.2552
4158,0.072961,0.2556
4159,0.071794,0.2543
4160,0.071516,0.2558
4161,0.071417,0.2560
4162,0.069686,0.2217
4163,0.069802,0.2240
4164,0.067375,0.2536
4165,0.066899,0.2575
4166,0.068305,0.2565
4167,0.067263,0.2549
4168,0.066376,0.2563
4169,0.067275,0.2261
4170,0.066621,0.2544
4171,0.068732,0.2542
4172,0.068383,0.2570
4173,0.067326,0.2568
4174,0.065875,0.2549
4175,0.063469,0.2582
4176,0.060399,0.2557
4177,0.060814,0.2567
4178,0.062442,0.2549
4179,0.063215,0.2548
4180,0.062144,0.2551
4181,0.059915,0.2257
4182,0.060126,0.2557
4183,0.059193,0.2558
4184,0.057196,0.2546
4185,0.057454,0.2558
4186,0.055778,0.2554
4187,0.057114,0.2560
4188,0.057955,0.2593
4189,0.058566,0.2597
4190,0.058835,0.2592
4191,0.056827,0.2580
4192,0.057593,0.2573
4193,0.057210,0.2542
4194,0.056141,0.2510
4195,0.056218,0.2530
4196,0.055749,0.2517
4197,0.055516,0.2512
4198,0.055206,0.2527
4199,0.054239,0.2536
4200,0.053799,0.2523
4201,0.051637,0.2595
4202,0.049120,0.2537
4203,0.050495,0.2496
4204,0.049208,0.2539
4205,0.050019,0.2507
4206,0.050602,0.2514
4207,0.050677,0.2538
4208,0.050402,0.2541
4209,0.050070,0.2526
4210,0.051032,0.2529
4211,0.049793,0.2534
4212,0.049821,0.2558
4213,0.047468,0.2536
4214,0.049363,0.2546
4215,0.051937,0.2542
4216,0.050605,0.2528
4217,0.049283,0.2545
4218,0.046430,0.2565
4219,0.045528,0.2548
4220,0.045787,0.2543
4221,0.047101,0.2514
4222,0.049421,0.2514
4223,0.049840,0.2525
4224,0.048448,0.2556
4225,0.047195,0.2557
4226,0.047086,0.2517
4227,0.047267,0.2507
4228,0.045517,0.2520
4229,0.045174,0.2521
4230,0.044975,0.2505
4231,0.045237,0.2510
4232,0.046364,0.2495
4233,0.044806,0.2541
4234,0.045574,0.2504
4235,0.047304,0.2525
4236,0.047082,0.2498
4237,0.046820,0.2509
4238,0.049589,0.2488
4239,0.049884,0.2516
4240,0.048505,0.2483
4241,0.048394,0.2496
4242,0.049010,0.2494
4243,0.049064,0.2486
4244,0.048493,0.2487
4245,0.049499,0.2514
4246,0.051177,0.2485
4247,0.050206,0.2486
4248,0.048670,0.2509
4249,0.048052,0.2486
4250,0.048659,0.2488
4251,0.049737,0.2512
4252,0.050109,0.2488
4253,0.048912,0.2501
4254,0.045916,0.2530
4255,0.045586,0.2510
4256,0.046762,0.2514
4257,0.045996,0.2491
4258,0.047400,0.2487
4259,0.048613,0.2503
4260,0.049947,0.2484
4261,0.049261,0.2493
4262,0.051610,0.2508
4263,0.052636,0.2512
4264,0.052964,0.2489
4265,0.053076,0.2510
4266,0.053439,0.2500
4267,0.053999,0.2496
4268,0.055729,0.2492
4269,0.054423,0.2490
4270,0.054746,0.2492
4271,0.053321,0.2492
4272,0.053784,0.2497
4273,0.051630,0.2501
4274,0.052703,0.2487
4275,0.053480,0.2524
4276,0.054926,0.2483
4277,0.052824,0.2483
4278,0.052238,0.2483
4279,0.053005,0.2493
4280,0.053264,0.2518
4281,0.052715,0.2484
4282,0.052561,0.2494
4283,0.053624,0.2488
4284,0.052424,0.2507
4285,0.053965,0.2484
4286,0.052824,0.2482
4287,0.052928,0.2593
4288,0.052647,0.2492
4289,0.052384,0.2478
4290,0.053133,0.2484
4291,0.052465,0.2488
4292,0.050487,0.2486
4293,0.050736,0.2510
4294,0.049299,0.2585
4295,0.048788,0.2483
4296,0.048507,0.2595
4297,0.049498,0.2491
4298,0.049124,0.2513
4299,0.050557,0.2492
4300,0.053402,0.2486
4301,0.050993,0.2511
4302,0.050484,0.2493
4303,0.050746,0.2497
4304,0.050556,0.2502
4305,0.048407,0.2502
4306,0.048538,0.2518
4307,0.048100,0.2513
4308,0.047410,0.2511
4309,0.046834,0.2520
4310,0.046796,0.2506
4311,0.047520,0.2518
4312,0.045435,0.2514
4313,0.046352,0.2577
4314,0.046227,0.2515
4315,0.045493,0.2580
4316,0.044577,0.2515
4317,0.043357,0.2512
4318,0.044690,0.2508
4319,0.046246,0.2515
4320,0.048395,0.2503
4321,0.051759,0.2641
4322,0.053455,0.2515
4323,0.055416,0.2512
4324,0.056967,0.2524
4325,0.057314,0.2506
4326,0.056900,0.2573
4327,0.057649,0.2510
4328,0.056116,0.2519
4329,0.053469,0.2598
4330,0.052063,0.2578
4331,0.051506,0.2515
4332,0.048501,0.2512
4333,0.049364,0.2528
4334,0.048362,0.2577
4335,0.045979,0.2526
4336,0.045822,0.2521
4337,0.044353,0.2676
4338,0.044073,0.2541
4339,0.044492,0.2525
4340,0.043983,0.2606
4341,0.045030,0.2533
4342,0.046525,0.2533
4343,0.045913,0.2536
4344,0.047086,0.2542
4345,0.046290,0.2543
4346,0.044637,0.2552
4347,0.048127,0.2599
4348,0.049450,0.2585
4349,0.048743,0.2596
4350,0.046386,0.2612
4351,0.050030,0.2618
4352,0.050526,0.2607
4353,0.051117,0.2598
4354,0.052282,0.2598
4355,0.050928,0.2604
4356,0.046607,0.2611
4357,0.047561,0.2610
4358,0.044800,0.2633
4359,0.043287,0.2592
4360,0.042410,0.2610
4361,0.041539,0.2616
4362,0.040231,0.2626
4363,0.040521,0.2603
4364,0.040427,0.2615
4365,0.042052,0.2602
4366,0.043340,0.2594
4367,0.045800,0.2677
4368,0.044856,0.2695
4369,0.044219,0.2604
4370,0.042345,0.2604
4371,0.040667,0.2529
4372,0.039589,0.2609
4373,0.039656,0.2612
4374,0.039073,0.2606
4375,0.038346,0.2620
4376,0.036024,0.2611
4377,0.034822,0.2674
4378,0.036843,0.2514
4379,0.038115,0.2624
4380,0.036803,0.2627
4381,0.037054,0.2628
4382,0.037319,0.2615
4383,0.037012,0.2708
4384,0.036846,0.2618
4385,0.037358,0.2426
4386,0.036043,0.2534
4387,0.037138,0.2620
4388,0.036504,0.2524
4389,0.036517,0.2619
4390,0.036613,0.2630
4391,0.036922,0.2634
4392,0.038375,0.2553
4393,0.037465,0.2559
4394,0.037789,0.2638
4395,0.037079,0.2544
4396,0.037860,0.2553
4397,0.038102,0.2621
4398,0.037868,0.2542
4399,0.038923,0.2555
4400,0.038803,0.2547
4401,0.038974,0.2629
4402,0.040181,0.2549
4403,0.038823,0.2559
4404,0.039812,0.2554
4405,0.045608,0.2727
4406,0.050802,0.2561
4407,0.050359,0.2560
4408,0.052120,0.2559
4409,0.054163,0.2550
4410,0.057134,0.2556
4411,0.057549,0.2553
4412,0.055148,0.2439
4413,0.061036,0.2542
4414,0.063635,0.2583
4415,0.061749,0.2561
4416,0.059420,0.2694
4417,0.061931,0.2479
4418,0.059936,0.2568
4419,0.055758,0.2560
4420,0.053066,0.2532
4421,0.049016,0.2573
4422,0.048982,0.2559
4423,0.051440,0.2550
4424,0.050686,0.2564
4425,0.047961,0.2448
4426,0.045230,0.2576
4427,0.045407,0.2554
4428,0.046027,0.2572
4429,0.045857,0.2568
4430,0.045711,0.2564
4431,0.043401,0.2567
4432,0.041682,0.2556
4433,0.041456,0.2562
4434,0.041166,0.2562
4435,0.042038,0.2559
4436,0.041750,0.2567
4437,0.040630,0.2483
4438,0.042448,0.2566
4439,0.041063,0.2581
4440,0.038571,0.2571
4441,0.038522,0.2582
4442,0.038725,0.2546
4443,0.037543,0.2579
4444,0.037776,0.2569
4445,0.037450,0.2562
4446,0.035974,0.2468
4447,0.033656,0.2546
4448,0.034177,0.2467
4449,0.034318,0.2577
4450,0.034810,0.2570
4451,0.034014,0.2562
4452,0.034397,0.2566
4453,0.035956,0.2568
4454,0.036054,0.2558
4455,0.036642,0.2557
4456,0.037650,0.2556
4457,0.037216,0.2553
4458,0.036053,0.2560
4459,0.035215,0.2567
4460,0.033761,0.2563
4461,0.032625,0.2551
4462,0.034286,0.2578
4463,0.033242,0.2580
4464,0.034288,0.2561
4465,0.036307,0.2554
4466,0.038553,0.2555
4467,0.039403,0.2562
4468,0.042121,0.2576
4469,0.041715,0.2582
4470,0.039672,0.2549
4471,0.041552,0.2576
4472,0.039141,0.2571
4473,0.038934,0.2569
4474,0.037731,0.2578
4475,0.037151,0.2570
4476,0.039444,0.2552
4477,0.041719,0.2580
4478,0.041584,0.2573
4479,0.040779,0.2545
4480,0.041840,0.2551
4481,0.040750,0.2596
4482,0.036694,0.2552
4483,0.030789,0.2563
4484,0.035213,0.2559
4485,0.035564,0.2572
4486,0.036394,0.2566
4487,0.035723,0.2553
4488,0.038660,0.2559
4489,0.040358,0.2546
4490,0.038672,0.2552
4491,0.044205,0.2556
4492,0.043530,0.2572
4493,0.044387,0.2567
4494,0.039928,0.2566
4495,0.039095,0.2551
4496,0.038337,0.2580
4497,0.042986,0.2557
4498,0.039930,0.2560
4499,0.038411,0.2575
4500,0.035516,0.2551
4501,0.037924,0.2576
4502,0.039962,0.2567
4503,0.039393,0.2460
4504,0.038766,0.2443
4505,0.041483,0.2544
4506,0.040667,0.2583
4507,0.045462,0.2550
4508,0.047988,0.2568
4509,0.046607,0.2559
4510,0.053365,0.2549
4511,0.052533,0.2565
4512,0.051276,0.2566
4513,0.043315,0.2571
4514,0.052434,0.2561
4515,0.054829,0.2454
4516,0.060710,0.2567
4517,0.062192,0.2582
4518,0.060516,0.2575
4519,0.057244,0.2576
4520,0.058408,0.2470
4521,0.055541,0.2567
4522,0.053181,0.2575
4523,0.050628,0.2571
4524,0.047108,0.2579
4525,0.042939,0.2569
4526,0.041663,0.2605
4527,0.038747,0.2557
4528,0.039150,0.2549
4529,0.035901,0.2574
4530,0.038609,0.2558
4531,0.038979,0.2467
4532,0.041315,0.2567
4533,0.042278,0.2568
4534,0.044591,0.2570
4535,0.046751,0.2556
4536,0.046113,0.2575
4537,0.044422,0.2563
4538,0.038976,0.2560
4539,0.037434,0.2560
4540,0.039127,0.2568
4541,0.037149,0.2597
4542,0.039172,0.2575
4543,0.039094,0.2591
4544,0.037666,0.2568
4545,0.035481,0.2573
4546,0.034390,0.2557
4547,0.034575,0.2572
4548,0.033623,0.2586
4549,0.032549,0.2560
4550,0.032586,0.2583
4551,0.031664,0.2553
4552,0.031585,0.2579
4553,0.028979,0.2593
4554,0.027943,0.2567
4555,0.026101,0.2567
4556,0.026049,0.2565
4557,0.025700,0.2577
4558,0.027799,0.2555
4559,0.030482,0.2579
4560,0.031006,0.2568
4561,0.030910,0.2570
4562,0.029724,0.2553
4563,0.029227,0.2556
4564,0.029177,0.2562
4565,0.029249,0.2562
4566,0.029336,0.2564
4567,0.027001,0.2486
4568,0.026847,0.2555
4569,0.026688,0.2553
4570,0.028046,0.2579
4571,0.027424,0.2578
4572,0.028537,0.2582
4573,0.027928,0.2487
4574,0.029243,0.2568
4575,0.030359,0.2576
4576,0.029866,0.2719
4577,0.029372,0.2584
4578,0.025970,0.2544
4579,0.025227,0.2569
4580,0.025082,0.2585
4581,0.024590,0.2740
4582,0.026632,0.2610
4583,0.026644,0.2758
4584,0.026878,0.2502
4585,0.026615,0.2771
4586,0.025295,0.2728
4587,0.025034,0.2510
4588,0.023776,0.2471
4589,0.024510,0.2492
4590,0.023639,0.2759
4591,0.022405,0.2743
4592,0.022586,0.2744
4593,0.024372,0.2754
4594,0.024024,0.2711
4595,0.023107,0.2569
4596,0.023505,0.2747
4597,0.023284,0.2739
4598,0.025471,0.2726
4599,0.026474,0.2734
4600,0.027505,0.2748
4601,0.027760,0.2733
4602,0.028180,0.2734
4603,0.029002,0.2718
4604,0.028968,0.2738
4605,0.028323,0.2745
4606,0.027539,0.2753
4607,0.025591,0.2731
4608,0.024680,0.2739
4609,0.024389,0.2748
4610,0.023706,0.2759
4611,0.022674,0.2736
4612,0.023895,0.2751
4613,0.022640,0.2763
4614,0.023906,0.2733
4615,0.023157,0.2748
4616,0.022121,0.2725
4617,0.023326,0.2767
4618,0.022897,0.2746
4619,0.022356,0.2754
4620,0.022305,0.2729
4621,0.022844,0.2740
4622,0.022725,0.2742
4623,0.021742,0.2750
4624,0.022036,0.2729
4625,0.021984,0.2741
4626,0.021295,0.2734
4627,0.021193,0.2731
4628,0.021678,0.2734
4629,0.020563,0.2738
4630,0.020637,0.2743
4631,0.019513,0.2745
4632,0.019629,0.2766
4633,0.021156,0.2743
4634,0.021608,0.2758
4635,0.024622,0.2763
4636,0.025732,0.2736
4637,0.024061,0.2770
4638,0.023342,0.2749
4639,0.024559,0.2746
4640,0.024563,0.2767
4641,0.024292,0.2753
4642,0.023784,0.2761
4643,0.024483,0.2748
4644,0.022566,0.2744
4645,0.021958,0.2772
4646,0.020102,0.2732
4647,0.019096,0.2754
4648,0.021868,0.2766
4649,0.022192,0.2734
4650,0.022602,0.2764
4651,0.019086,0.2749
4652,0.023932,0.2743
4653,0.026881,0.2748
4654,0.026477,0.2761
4655,0.028959,0.2761
4656,0.027921,0.2740
4657,0.030216,0.2758
4658,0.031219,0.2753
4659,0.030116,0.2544
4660,0.031060,0.2534
4661,0.032822,0.2743
4662,0.029193,0.2762
4663,0.030272,0.2541
4664,0.029970,0.2753
4665,0.027708,0.2522
4666,0.026635,0.2551
4667,0.028178,0.2555
4668,0.027577,0.2543
4669,0.027117,0.2763
4670,0.026766,0.2755
4671,0.024728,0.2552
4672,0.024620,0.2547
4673,0.023617,0.2539
4674,0.023070,0.2759
4675,0.022000,0.2549
4676,0.021329,0.2570
4677,0.020000,0.2549
4678,0.019512,0.2749
4679,0.018412,0.2545
4680,0.018559,0.2549
4681,0.019612,0.2518
4682,0.020847,0.2557
4683,0.020263,0.2542
4684,0.024319,0.2543
4685,0.022086,0.2553
4686,0.022486,0.2560
4687,0.020696,0.2549
4688,0.018737,0.2565
4689,0.021140,0.2566
4690,0.022856,0.2564
4691,0.021652,0.2547
4692,0.020962,0.2571
4693,0.020563,0.2562
4694,0.019742,0.2536
4695,0.019016,0.2569
4696,0.019970,0.2553
4697,0.019677,0.2567
4698,0.019672,0.2584
4699,0.021814,0.2560
4700,0.022770,0.2553
4701,0.021809,0.2573
4702,0.020190,0.2562
4703,0.022401,0.2555
4704,0.025320,0.2569
4705,0.024696,0.2560
4706,0.021422,0.2546
4707,0.020202,0.2578
4708,0.016561,0.2556
4709,0.018639,0.2567
4710,0.021556,0.2569
4711,0.019780,0.2567
4712,0.020156,0.2560
4713,0.021455,0.2573
4714,0.020638,0.2565
4715,0.020136,0.2562
4716,0.019624,0.2547
4717,0.016346,0.2584
4718,0.019247,0.2559
4719,0.019190,0.2555
4720,0.017581,0.2576
4721,0.018500,0.2569
4722,0.019249,0.2545
4723,0.018753,0.2582
4724,0.017187,0.2543
4725,0.016399,0.2550
4726,0.017513,0.2584
4727,0.018645,0.2563
4728,0.018927,0.2554
4729,0.019386,0.2588
4730,0.021109,0.2571
4731,0.022130,0.2560
4732,0.021365,0.2573
4733,0.021210,0.2583
4734,0.019930,0.2575
4735,0.022788,0.2557
4736,0.023062,0.2574
4737,0.022046,0.2576
4738,0.022625,0.2572
4739,0.023730,0.2561
4740,0.021609,0.2593
4741,0.022749,0.2576
4742,0.024961,0.2570
4743,0.023546,0.2571
4744,0.024485,0.2588
4745,0.024739,0.2572
4746,0.025441,0.2571
4747,0.026540,0.2585
4748,0.024876,0.2591
4749,0.023337,0.2576
4750,0.024366,0.2573
4751,0.022907,0.2564
4752,0.021335,0.2588
4753,0.019252,0.2570
4754,0.017220,0.2574
4755,0.018283,0.2585
4756,0.019958,0.2552
4757,0.021533,0.2583
4758,0.020986,0.2571
4759,0.021274,0.2588
4760,0.021588,0.2590
4761,0.021898,0.2584
4762,0.030348,0.2568
4763,0.033759,0.2587
4764,0.028420,0.2591
4765,0.026822,0.2579
4766,0.028886,0.2515
4767,0.028492,0.2593
4768,0.025810,0.2571
4769,0.026192,0.2579
4770,0.027195,0.2581
4771,0.028086,0.2596
4772,0.028007,0.2587
4773,0.025283,0.2586
4774,0.024008,0.2523
4775,0.023341,0.2559
4776,0.026524,0.2585
4777,0.026149,0.2567
4778,0.026499,0.2593
4779,0.025290,0.2584
4780,0.025913,0.2544
4781,0.026391,0.2528
4782,0.029843,0.2584
4783,0.029327,0.2584
4784,0.029920,0.2530
4785,0.029078,0.2543
4786,0.026585,0.2531
4787,0.027504,0.2547
4788,0.027805,0.2525
4789,0.025314,0.2541
4790,0.030440,0.2548
4791,0.030797,0.2543
4792,0.026968,0.2552
4793,0.024299,0.2467
4794,0.021914,0.2527
4795,0.021206,0.2514
4796,0.020080,0.2527
4797,0.021590,0.2513
4798,0.022097,0.2533
4799,0.024205,0.2553
4800,0.025012,0.2531
4801,0.024315,0.2485
4802,0.025315,0.2484
4803,0.023437,0.2540
4804,0.021140,0.2491
4805,0.021277,0.2475
4806,0.021627,0.2560
4807,0.019911,0.2478
4808,0.019656,0.2478
4809,0.022406,0.2497
4810,0.022486,0.2477
4811,0.019456,0.2489
4812,0.022034,0.2490
4813,0.022749,0.2468
4814,0.022997,0.2475
4815,0.023137,0.2483
4816,0.020357,0.2505
4817,0.020833,0.2470
4818,0.021483,0.2479
4819,0.020743,0.2494
4820,0.021054,0.2474
4821,0.020376,0.2475
4822,0.018842,0.2478
4823,0.019484,0.2485
4824,0.018656,0.2466
4825,0.019058,0.2463
4826,0.019494,0.2481
4827,0.018185,0.2481
4828,0.018327,0.2629
4829,0.017277,0.2637
4830,0.015519,0.2472
4831,0.017014,0.2471
4832,0.015800,0.2473
4833,0.014670,0.2502
4834,0.014235,0.2470
4835,0.016703,0.2570
4836,0.015984,0.2627
4837,0.015947,0.2631
4838,0.015224,0.2481
4839,0.015774,0.2480
4840,0.015381,0.2491
4841,0.016453,0.2641
4842,0.015557,0.2657
4843,0.014668,0.2469
4844,0.013005,0.2633
4845,0.012104,0.2639
4846,0.012719,0.2488
4847,0.013531,0.2498
4848,0.012509,0.2557
4849,0.013478,0.2515
4850,0.012851,0.2477
4851,0.013198,0.2631
4852,0.016812,0.2484
4853,0.022870,0.2536
4854,0.026142,0.2634
4855,0.030642,0.2483
4856,0.031419,0.2490
4857,0.032362,0.2665
4858,0.034207,0.2805
4859,0.038349,0.2829
4860,0.039863,0.2663
4861,0.041258,0.2805
4862,0.041936,0.2814
4863,0.043943,0.2821
4864,0.041023,0.2539
4865,0.044347,0.2639
4866,0.045236,0.2530
4867,0.044953,0.2544
4868,0.042245,0.2550
4869,0.038566,0.2551
4870,0.035127,0.2614
4871,0.031811,0.2645
4872,0.030971,0.2585
4873,0.029885,0.2616
4874,0.029258,0.2700
4875,0.027814,0.2577
4876,0.026599,0.2603
4877,0.026907,0.2609
4878,0.025467,0.2601
4879,0.025098,0.2567
4880,0.025464,0.2611
4881,0.026848,0.2619
4882,0.025892,0.2592
4883,0.026351,0.2571
4884,0.025614,0.2577
4885,0.025327,0.2592
4886,0.025307,0.2573
4887,0.026435,0.2577
4888,0.027107,0.2688
4889,0.025852,0.2613
4890,0.026401,0.2598
4891,0.026673,0.2576
4892,0.025461,0.2594
4893,0.025541,0.2612
4894,0.024867,0.2585
4895,0.027503,0.2601
4896,0.029375,0.2598
4897,0.027577,0.2625
4898,0.024481,0.2878
4899,0.023817,0.2601
4900,0.023574,0.2688
4901,0.024602,0.2606
4902,0.023582,0.2552
4903,0.021148,0.2601
4904,0.017773,0.2629
4905,0.012991,0.2599
4906,0.015200,0.2831
4907,0.016057,0.2477
4908,0.017155,0.2592
4909,0.018045,0.2612
4910,0.017025,0.2580
4911,0.018987,0.2570
4912,0.019097,0.2593
4913,0.017460,0.2842
4914,0.016499,0.2847
4915,0.014987,0.2885
4916,0.014591,0.2870
4917,0.013307,0.2595
4918,0.012423,0.2710
4919,0.012933,0.2559
4920,0.013328,0.2865
4921,0.015800,0.2596
4922,0.014288,0.2584
4923,0.014806,0.2715
4924,0.013356,0.2608
4925,0.011056,0.2577
4926,0.015305,0.2624
4927,0.016508,0.2566
4928,0.018700,0.2671
4929,0.021717,0.2613
4930,0.024008,0.2861
4931,0.024832,0.2689
4932,0.026289,0.2633
4933,0.028401,0.2646
4934,0.029480,0.2859
4935,0.028940,0.2857
4936,0.026224,0.2715
4937,0.027468,0.2880
4938,0.027660,0.2849
4939,0.027779,0.2871
4940,0.027487,0.2829
4941,0.025347,0.2845
4942,0.025814,0.2845
4943,0.026763,0.2877
4944,0.026721,0.2713
4945,0.025683,0.2534
4946,0.025186,0.2863
4947,0.025736,0.2888
4948,0.023288,0.2611
4949,0.025106,0.2619
4950,0.023985,0.2857
4951,0.024324,0.2591
4952,0.027234,0.2587
4953,0.024059,0.2848
4954,0.021922,0.2632
4955,0.021379,0.2577
4956,0.020799,0.2848
4957,0.020344,0.2562
4958,0.020023,0.2614
4959,0.018092,0.2613
4960,0.014388,0.2608
4961,0.020321,0.2850
4962,0.024074,0.2559
4963,0.024794,0.2889
4964,0.024575,0.2540
4965,0.025774,0.2634
4966,0.023547,0.2602
4967,0.025389,0.2848
4968,0.022058,0.2630
4969,0.017026,0.2638
4970,0.016486,0.2622
4971,0.016712,0.2448
4972,0.017753,0.2598
4973,0.016752,0.2548
4974,0.016000,0.2692
4975,0.016263,0.2613
4976,0.016801,0.2700
4977,0.016654,0.2595
4978,0.015812,0.2456
4979,0.015191,0.2552
4980,0.015470,0.2595
4981,0.015347,0.2676
4982,0.013924,0.2671
4983,0.011696,0.2595
4984,0.013065,0.2607
4985,0.012939,0.2842
4986,0.014129,0.2653
4987,0.014678,0.2452
4988,0.012824,0.2579
4989,0.011179,0.2390
4990,0.012594,0.2569
4991,0.011558,0.2552
4992,0.013830,0.2695
4993,0.017694,0.2715
4994,0.019165,0.2680
4995,0.020998,0.2712
4996,0.024539,0.2540
4997,0.024330,0.2531
4998,0.022069,0.2424
4999,0.024062,0.2561
5000,0.024912,0.2443
5001,0.024119,0.2404
5002,0.020690,0.2346
5003,0.024213,0.2653
5004,0.020537,0.2675
5005,0.018177,0.2646
5006,0.016435,0.2406
5007,0.017982,0.2392
5008,0.019627,0.2420
5009,0.017889,0.2399
5010,0.014607,0.2416
5011,0.016498,0.2415
5012,0.014636,0.2691
5013,0.016587,0.2408
5014,0.016928,0.2673
5015,0.015020,0.2648
5016,0.013594,0.2398
5017,0.013520,0.2675
5018,0.011887,0.2437
5019,0.012715,0.2422
5020,0.013600,0.2401
5021,0.017390,0.2385
5022,0.024423,0.2554
5023,0.024570,0.2681
5024,0.026770,0.2406
5025,0.027198,0.2355
5026,0.025751,0.2620
5027,0.024837,0.2369
5028,0.024392,0.2551
5029,0.022564,0.2562
5030,0.027906,0.2555
5031,0.026878,0.2580
5032,0.027936,0.2800
5033,0.027970,0.2689
5034,0.027475,0.2580
5035,0.026043,0.2620
5036,0.026018,0.2562
5037,0.025004,0.2431
5038,0.023380,0.2563
5039,0.023102,0.2511
5040,0.024450,0.2705
5041,0.022621,0.2618
5042,0.019655,0.2788
5043,0.018660,0.2429
5044,0.015284,0.2613
5045,0.016933,0.2602
5046,0.015825,0.2600
5047,0.020305,0.2586
5048,0.022601,0.2604
5049,0.023810,0.2602
5050,0.024092,0.2597
5051,0.024574,0.2586
5052,0.026154,0.2585
5053,0.026811,0.2376
5054,0.025484,0.2610
5055,0.024067,0.2409
5056,0.020671,0.2591
5057,0.022520,0.2614
5058,0.020362,0.2587
5059,0.020354,0.2558
5060,0.021283,0.2570
5061,0.019106,0.2584
5062,0.019005,0.2572
5063,0.017014,0.2600
5064,0.015583,0.2623
5065,0.013790,0.2603
5066,0.012337,0.2573
5067,0.012928,0.2600
5068,0.013893,0.2602
5069,0.015999,0.2608
5070,0.013853,0.2606
5071,0.012926,0.2610
5072,0.013601,0.2585
5073,0.013936,0.2610
5074,0.012546,0.2631
5075,0.012481,0.2619
5076,0.011965,0.2635
5077,0.009074,0.2620
5078,0.008509,0.2613
5079,0.008987,0.2631
5080,0.010838,0.2642
5081,0.010568,0.2621
5082,0.010003,0.2633
5083,0.009804,0.2637
5084,0.008986,0.2608
5085,0.009689,0.2604
5086,0.010539,0.2631
5087,0.009982,0.2617
5088,0.008172,0.2600
5089,0.008765,0.2611
5090,0.006534,0.2593
5091,0.003424,0.2620
5092,0.003362,0.2599
5093,0.002040,0.2612
5094,0.002674,0.2618
5095,0.013301,0.2602
5096,0.017316,0.2630
5097,0.013398,0.2612
5098,0.009805,0.2612
5099,0.009140,0.2585
5100,0.010870,0.2623
5101,0.013033,0.2615
5102,0.009789,0.2599
5103,0.004825,0.2583
5104,0.005387,0.2592
5105,0.007383,0.2595
5106,0.009571,0.2524
5107,0.006822,0.2497
5108,0.001376,0.2528
5109,0.001578,0.2520
5110,0.002379,0.2485
5111,0.002217,0.2504
5112,0.001898,0.2491
5113,0.000115,0.2502
5114,0.002541,0.2525
5115,0.003768,0.2503
5116,0.004084,0.2517
5117,0.003540,0.2507
5118,0.002607,0.2501
5119,0.002652,0.2539
5120,0.001700,0.2483
5121,0.002628,0.2545
5122,0.001450,0.2483
5123,0.000996,0.2503
5124,0.003720,0.2538
5125,0.007133,0.2517
5126,0.006808,0.2514
5127,0.005923,0.2491
5128,0.006165,0.2574
5129,0.007586,0.2504
5130,0.006876,0.2531
5131,0.005997,0.2485
5132,0.005777,0.2501
5133,0.010138,0.2529
5134,0.009559,0.2522
5135,0.006779,0.2516
5136,0.011115,0.2494
5137,0.012677,0.2487
5138,0.013781,0.2514
5139,0.017313,0.2527
5140,0.016556,0.2515
5141,0.016676,0.2516
5142,0.014857,0.2538
5143,0.013647,0.2563
5144,0.012379,0.2579
5145,0.012652,0.2486
5146,0.010378,0.2540
5147,0.010164,0.2582
5148,0.007687,0.2591
5149,0.005342,0.2541
5150,0.004653,0.2563
5151,0.001807,0.2568
5152,0.003682,0.2498
5153,0.006858,0.2571
5154,0.009545,0.2578
5155,0.010626,0.2657
5156,0.009649,0.2541
5157,0.009585,0.2515
5158,0.010012,0.2531
5159,0.010285,0.2542
5160,0.008640,0.2535
5161,0.011656,0.2580
5162,0.009699,0.2571
5163,0.009344,0.2544
5164,0.011495,0.2608
5165,0.010554,0.2514
5166,0.010047,0.2505
5167,0.008466,0.2658
5168,0.005141,0.2671
5169,0.008768,0.2577
5170,0.011830,0.2636
5171,0.010468,0.2683
5172,0.009033,0.2700
5173,0.009534,0.2620
5174,0.009982,0.2695
5175,0.009134,0.2679
5176,0.011313,0.2572
5177,0.010915,0.2535
5178,0.012422,0.2508
5179,0.011450,0.2570
5180,0.011791,0.2564
5181,0.011419,0.2611
5182,0.009636,0.2644
5183,0.010144,0.2653
5184,0.010441,0.2598
5185,0.010608,0.2576
5186,0.010542,0.2552
5187,0.012400,0.2724
5188,0.013172,0.2580
5189,0.014693,0.2458
5190,0.013721,0.2538
5191,0.013869,0.2713
5192,0.015778,0.2537
5193,0.014473,0.2565
5194,0.014534,0.2688
5195,0.013031,0.2707
5196,0.014005,0.2707
5197,0.015381,0.2695
5198,0.013670,0.2740
5199,0.014930,0.2546
5200,0.015120,0.2545
5201,0.014388,0.2726
5202,0.014946,0.2713
5203,0.013735,0.2610
5204,0.012044,0.2685
5205,0.010016,0.2555
5206,0.010220,0.2534
5207,0.009956,0.2499
5208,0.011800,0.2696
5209,0.010689,0.2532
5210,0.011057,0.2534
5211,0.010614,0.2697
5212,0.010769,0.2569
5213,0.008314,0.2702
5214,0.008936,0.2708
5215,0.007342,0.2679
5216,0.005745,0.2691
5217,0.005136,0.2736
5218,0.004848,0.2684
5219,0.003854,0.2570
5220,0.005413,0.2702
5221,0.004248,0.2729
5222,0.004600,0.2478
5223,0.004980,0.2685
5224,0.003983,0.2698
5225,0.004249,0.2692
5226,0.004864,0.2688
5227,0.002165,0.2725
5228,0.003316,0.2670
5229,0.005813,0.2548
5230,0.005678,0.2700
5231,0.004827,0.2678
5232,0.006858,0.2710
5233,0.009390,0.2688
5234,0.008279,0.2531
5235,0.006352,0.2703
5236,0.009054,0.2694
5237,0.011042,0.2689
5238,0.011048,0.2695
5239,0.013319,0.2688
5240,0.012047,0.2698
5241,0.007026,0.2700
5242,0.007773,0.2689
5243,0.010505,0.2710
5244,0.012902,0.2694
5245,0.012727,0.2699
5246,0.014409,0.2690
5247,0.015313,0.2689
5248,0.015640,0.2669
5249,0.011588,0.2678
5250,0.007167,0.2704
5251,0.010817,0.2524
5252,0.011434,0.2702
5253,0.012199,0.2704
5254,0.011654,0.2690
5255,0.009649,0.2690
5256,0.009791,0.2721
5257,0.010085,0.2676
5258,0.009297,0.2690
5259,0.007352,0.2705
5260,0.005024,0.2681
5261,0.004753,0.2686
5262,0.003628,0.2696
5263,0.000575,0.2682
5264,0.001795,0.2676
5265,0.003527,0.2711
5266,0.004567,0.2690
5267,0.005927,0.2694
5268,0.007522,0.2717
5269,0.008184,0.2666
5270,0.011274,0.2672
5271,0.011859,0.2691
5272,0.012595,0.2695
5273,0.011837,0.2668
5274,0.013430,0.2670
5275,0.011440,0.2713
5276,0.010717,0.2700
5277,0.010477,0.2672
5278,0.008236,0.2714
5279,0.006804,0.2695
5280,0.005602,0.2672
5281,0.005887,0.2685
5282,0.007221,0.2695
5283,0.005384,0.2681
5284,0.004256,0.2670
5285,0.002272,0.2698
5286,0.000606,0.2696
5287,0.002649,0.2666
5288,0.003545,0.2707
5289,0.002269,0.2717
5290,0.002707,0.2680
5291,0.003682,0.2700
5292,0.001423,0.2700
5293,0.001585,0.2673
5294,0.000694,0.2705
5295,0.000919,0.2701
5296,-0.000556,0.2694
5297,-0.001869,0.2688
5298,-0.001384,0.2722
5299,0.001346,0.2674
5300,0.001182,0.2715
5301,-0.002521,0.2699
5302,-0.003184,0.2679
5303,-0.003011,0.2685
5304,-0.005416,0.2704
5305,-0.003073,0.2670
5306,-0.004034,0.2697
5307,-0.004181,0.2728
5308,-0.005356,0.2714
5309,-0.004660,0.2736
5310,-0.005178,0.2698
5311,-0.006294,0.2726
5312,-0.006359,0.2703
5313,-0.007688,0.2709
5314,-0.006671,0.2738
5315,-0.006737,0.2713
5316,-0.008222,0.2729
5317,-0.009518,0.2688
5318,-0.008390,0.2703
5319,-0.006239,0.2729
5320,-0.004931,0.2694
5321,-0.002649,0.2718
5322,-0.002786,0.2687
5323,-0.002976,0.2698
5324,-0.001766,0.2711
5325,-0.003266,0.2712
5326,-0.000448,0.2717
5327,-0.001069,0.2707
5328,-0.001851,0.2703
5329,0.000321,0.2739
5330,-0.000822,0.2692
5331,-0.001582,0.2728
5332,-0.000695,0.2681
5333,0.001926,0.2718
5334,0.002051,0.2710
5335,0.004073,0.2695
5336,0.004437,0.2709
5337,0.003208,0.2688
5338,0.001905,0.2714
5339,0.001256,0.2704
5340,-0.001270,0.2686
5341,-0.001536,0.2701
5342,-0.000919,0.2692
5343,0.000431,0.2666
5344,-0.000418,0.2693
5345,-0.000163,0.2681
5346,-0.003320,0.2683
5347,-0.003201,0.2686
5348,-0.000399,0.2683
5349,-0.000739,0.2654
5350,-0.000785,0.2677
5351,0.000144,0.2542
5352,0.000230,0.2606
5353,-0.000572,0.2568
5354,0.001003,0.2674
5355,-0.001211,0.2660
5356,-0.001333,0.2660
5357,-0.002100,0.2683
5358,-0.001690,0.2647
5359,-0.000202,0.2549
5360,0.000154,0.2567
5361,-0.001383,0.2568
5362,-0.002107,0.2554
5363,-0.002777,0.2595
5364,-0.002440,0.2584
5365,-0.002161,0.2573
5366,-0.003451,0.2668
5367,-0.001046,0.2564
5368,0.000668,0.2647
5369,0.000422,0.2559
5370,-0.001224,0.2586
5371,-0.001228,0.2564
5372,-0.001022,0.2555
5373,0.000049,0.2691
5374,-0.001477,0.2566
5375,-0.001223,0.2658
5376,-0.000891,0.2591
5377,-0.000402,0.2607
5378,-0.001543,0.2584
5379,-0.003412,0.2597
5380,-0.003009,0.2591
5381,-0.007167,0.2579
5382,-0.004212,0.2587
5383,-0.003085,0.2602
5384,-0.003927,0.2563
5385,-0.002981,0.2565
5386,-0.003265,0.2587
5387,-0.004288,0.2552
5388,-0.004604,0.2585
5389,-0.003004,0.2605
5390,-0.002476,0.2594
5391,-0.003507,0.2563
5392,-0.004740,0.2549
5393,-0.007338,0.2578
5394,-0.007354,0.2637
5395,-0.006236,0.2604
5396,-0.005364,0.2569
5397,-0.004392,0.2564
5398,-0.007747,0.2677
5399,-0.006133,0.2658
5400,-0.007100,0.2558
5401,-0.005813,0.2669
5402,-0.005307,0.2562
5403,-0.007197,0.2585
5404,-0.008613,0.2580
5405,-0.008560,0.2643
5406,-0.008683,0.2576
5407,-0.008302,0.2525
5408,-0.008769,0.2607
5409,-0.009476,0.2566
5410,-0.009559,0.2645
5411,-0.011004,0.2523
5412,-0.009978,0.2537
5413,-0.007850,0.2524
5414,-0.008527,0.2592
5415,-0.008185,0.2542
5416,-0.010312,0.2530
5417,-0.010771,0.2536
5418,-0.009700,0.2536
5419,-0.010678,0.2547
5420,-0.011778,0.2521
5421,-0.009166,0.2534
5422,-0.006830,0.2494
5423,-0.007346,0.2521
5424,-0.007537,0.2525
5425,-0.007291,0.2519
5426,-0.007845,0.2524
5427,-0.008094,0.2510
5428,-0.008981,0.2522
5429,-0.011047,0.2496
5430,-0.012791,0.2354
5431,-0.008389,0.2361
5432,-0.005402,0.2381
5433,-0.005746,0.2506
5434,-0.006352,0.2384
5435,-0.005109,0.2517
5436,-0.003855,0.2353
5437,-0.006805,0.2689
5438,-0.005942,0.2381
5439,-0.007356,0.2389
5440,-0.006536,0.2372
5441,-0.007650,0.2629
5442,-0.008831,0.2639
5443,-0.009890,0.2351
5444,-0.011081,0.2659
5445,-0.010901,0.2384
5446,-0.012283,0.2709
5447,-0.010281,0.2370
5448,-0.011390,0.2395
5449,-0.012347,0.2382
5450,-0.005319,0.2371
5451,-0.001746,0.2651
5452,0.003449,0.2376
5453,0.005691,0.2380
5454,0.008483,0.2398
5455,0.011972,0.2400
5456,0.012373,0.2381
5457,0.013389,0.2365
5458,0.013849,0.2388
5459,0.012590,0.2399
5460,0.012375,0.2397
5461,0.011200,0.2384
5462,0.012246,0.2366
5463,0.010358,0.2383
5464,0.010549,0.2393
5465,0.010327,0.2391
5466,0.006435,0.2681
5467,0.007913,0.2391
5468,0.007712,0.2384
5469,0.007084,0.2363
5470,0.005831,0.2398
5471,0.003270,0.2391
5472,0.000755,0.2401
5473,0.004936,0.2375
5474,0.003069,0.2374
5475,0.004161,0.2427
5476,0.002175,0.2397
5477,0.001916,0.2382
5478,-0.000007,0.2364
5479,-0.001626,0.2419
5480,-0.003379,0.2357
5481,-0.002004,0.2390
5482,-0.002274,0.2380
5483,-0.002967,0.2434
5484,-0.004284,0.2436
5485,-0.001173,0.2695
5486,-0.000960,0.2388
5487,-0.001075,0.2372
5488,-0.003379,0.2730
5489,-0.004173,0.2753
5490,-0.006511,0.2442
5491,-0.006454,0.2376
5492,-0.005758,0.2429
5493,-0.005402,0.2372
5494,-0.004467,0.2744
5495,-0.003313,0.2376
5496,-0.002151,0.2430
5497,-0.003931,0.2670
5498,-0.005997,0.2383
5499,0.003120,0.2677
5500,0.012757,0.2702
5501,0.018029,0.2397
5502,0.016439,0.2698
5503,0.012033,0.2399
5504,0.007295,0.2445
5505,0.005382,0.2408
5506,0.004561,0.2524
5507,0.003429,0.2471
5508,0.002626,0.2386
5509,0.001705,0.2681
5510,0.000414,0.2483
5511,0.000054,0.2406
5512,0.000425,0.2396
5513,0.001249,0.2393
5514,-0.000279,0.2467
5515,-0.001479,0.2392
5516,-0.000169,0.2388
5517,0.001092,0.2375
5518,-0.001473,0.2753
5519,-0.000791,0.2496
5520,-0.002607,0.2404
5521,-0.004682,0.2404
5522,0.000457,0.2499
5523,0.002702,0.2408
5524,0.002240,0.2414
5525,0.001176,0.2411
5526,0.001895,0.2411
5527,-0.000797,0.2401
5528,-0.002082,0.2492
5529,0.002951,0.2508
5530,0.004798,0.2384
5531,0.001860,0.2405
5532,0.004630,0.2411
5533,0.007625,0.2418
5534,0.002439,0.2424
5535,0.001004,0.2413
5536,-0.005175,0.2483
5537,0.000253,0.2417
5538,0.002940,0.2419
5539,0.007881,0.2439
5540,0.009276,0.2425
5541,0.009691,0.2489
5542,0.010473,0.2480
5543,0.007146,0.2414
5544,0.009678,0.2485
5545,0.006629,0.2478
5546,0.005920,0.2428
5547,0.003059,0.2421
5548,0.001537,0.2425
5549,-0.003837,0.2492
5550,-0.000824,0.2401
5551,-0.002137,0.2495
5552,-0.003782,0.2395
5553,-0.005799,0.2475
5554,-0.007441,0.2492
5555,-0.006402,0.2526
5556,-0.009071,0.2485
5557,-0.004888,0.2500
5558,-0.005029,0.2519
5559,-0.003898,0.2498
5560,-0.004029,0.2578
5561,-0.005217,0.2603
5562,-0.004826,0.2593
5563,-0.003690,0.2494
5564,-0.004277,0.2603
5565,-0.005265,0.2587
5566,-0.005750,0.2574
5567,-0.006027,0.2742
5568,-0.008639,0.2603
5569,-0.010187,0.2605
5570,-0.011340,0.2597
5571,-0.010468,0.2566
5572,-0.010314,0.2591
5573,-0.009572,0.2745
5574,-0.009207,0.2577
5575,-0.009562,0.2591
5576,-0.009794,0.2776
5577,-0.009079,0.2761
5578,-0.009970,0.2583
5579,-0.011792,0.2597
5580,-0.012269,0.2598
5581,-0.011815,0.2589
5582,-0.012859,0.2598
5583,-0.013712,0.2585
5584,-0.013715,0.2600
5585,-0.010152,0.2776
5586,-0.009150,0.2583
5587,-0.010014,0.2827
5588,-0.010414,0.2822
5589,-0.010850,0.2599
5590,-0.009763,0.2583
5591,-0.008203,0.2616
5592,-0.006501,0.2603
5593,-0.005584,0.2767
5594,-0.003583,0.2591
5595,-0.003630,0.2506
5596,-0.004531,0.2573
5597,-0.008254,0.2511
5598,-0.010004,0.2524
5599,-0.012365,0.2502
5600,-0.011910,0.2582
5601,-0.011544,0.2524
5602,-0.010439,0.2511
5603,-0.011359,0.2726
5604,-0.011429,0.2533
5605,-0.010892,0.2511
5606,-0.010591,0.2539
5607,-0.012263,0.2689
5608,-0.014096,0.2526
5609,-0.014065,0.2523
5610,-0.013322,0.2709
5611,-0.013968,0.2587
5612,-0.018945,0.2565
5613,-0.014426,0.2526
5614,-0.013261,0.2589
5615,-0.012864,0.2726
5616,-0.013388,0.2503
5617,-0.012605,0.2536
5618,-0.012951,0.2524
5619,-0.011535,0.2725
5620,-0.008997,0.2557
5621,-0.008469,0.2507
5622,-0.008279,0.2484
5623,-0.007475,0.2758
5624,-0.008498,0.2523
5625,-0.009617,0.2536
5626,-0.008470,0.2526
5627,-0.008619,0.2540
5628,-0.008729,0.2749
5629,-0.009763,0.2533
5630,-0.009716,0.2737
5631,-0.009624,0.2546
5632,-0.008718,0.2528
5633,-0.006344,0.2536
5634,-0.007280,0.2509
5635,-0.007026,0.2557
5636,-0.006473,0.2538
5637,-0.005872,0.2544
5638,-0.005169,0.2510
5639,-0.004808,0.2546
5640,-0.006792,0.2532
5641,-0.006436,0.2559
5642,-0.007398,0.2564
5643,-0.005090,0.2578
5644,-0.007642,0.2528
5645,-0.007356,0.2547
5646,-0.006592,0.2522
5647,-0.006625,0.2520
5648,-0.004849,0.2536
5649,-0.005215,0.2550
5650,-0.005201,0.2540
5651,-0.004476,0.2548
5652,-0.006751,0.2540
5653,-0.005231,0.2551
5654,-0.004148,0.2533
5655,-0.005797,0.2575
5656,-0.005210,0.2559
5657,-0.006216,0.2531
5658,-0.009836,0.2555
5659,-0.010304,0.2534
5660,-0.008054,0.2575
5661,-0.007432,0.2539
5662,-0.005333,0.2557
5663,-0.003707,0.2544
5664,-0.004904,0.2529
5665,-0.003391,0.2562
5666,-0.003282,0.2569
5667,-0.005087,0.2546
5668,-0.005365,0.2556
5669,-0.008127,0.2537
5670,-0.009793,0.2564
5671,-0.008379,0.2543
5672,-0.010243,0.2551
5673,-0.011355,0.2547
5674,-0.013463,0.2519
5675,-0.013062,0.2536
5676,-0.010807,0.2538
5677,-0.011157,0.2531
5678,-0.007537,0.2541
5679,-0.006747,0.2528
5680,-0.011882,0.2516
5681,-0.004033,0.2538
5682,-0.000673,0.2514
5683,0.001176,0.2530
5684,-0.001838,0.2531
5685,-0.005910,0.2525
5686,0.001804,0.2573
5687,0.010032,0.2528
5688,0.012818,0.2561
5689,0.012098,0.2548
5690,0.005909,0.2542
5691,-0.001221,0.2543
5692,0.007667,0.2525
5693,0.013804,0.2559
5694,0.016257,0.2551
5695,0.017563,0.2525
5696,0.017013,0.2548
5697,0.020381,0.2529
5698,0.019605,0.2574
5699,0.017000,0.2529
5700,0.017528,0.2547
5701,0.014459,0.2562
5702,0.009011,0.2544
5703,0.008009,0.2555
5704,0.009279,0.2539
5705,0.007414,0.2521
5706,0.007886,0.2538
5707,0.009974,0.2570
5708,0.009866,0.2576
5709,0.010876,0.2527
5710,0.006777,0.2549
5711,-0.000713,0.2524
5712,-0.000457,0.2535
5713,0.002846,0.2514
5714,0.006484,0.2546
5715,0.005199,0.2562
5716,0.006974,0.2709
5717,0.006145,0.2539
5718,0.005865,0.2553
5719,0.007035,0.2535
5720,0.008811,0.2504
5721,0.007352,0.2528
5722,0.002492,0.2529
5723,0.000072,0.2530
5724,0.002139,0.2646
5725,0.002630,0.2514
5726,0.000750,0.2602
5727,0.000763,0.2608
5728,-0.005354,0.2611
5729,-0.003442,0.2604
5730,0.000378,0.2587
5731,-0.000283,0.2599
5732,0.002835,0.2601
5733,0.003632,0.2625
5734,0.002217,0.2634
5735,0.000690,0.2601
5736,-0.003282,0.2635
5737,0.001140,0.2631
5738,0.000774,0.2597
5739,-0.000158,0.2638
5740,-0.005451,0.2612
5741,-0.006115,0.2591
5742,-0.003954,0.2624
5743,-0.003783,0.2587
5744,-0.005766,0.2595
5745,-0.006595,0.2594
5746,-0.009838,0.2581
5747,-0.008812,0.2637
5748,-0.011144,0.2638
5749,-0.008972,0.2599
5750,-0.008725,0.2603
5751,-0.010067,0.2582
5752,-0.009536,0.2587
5753,-0.009352,0.2616
5754,-0.009249,0.2635
5755,-0.010922,0.2596
5756,-0.012870,0.2584
5757,-0.014256,0.2597
5758,-0.016008,0.2585
5759,-0.018531,0.2607
5760,-0.017122,0.2599
5761,-0.017154,0.2595
5762,-0.016991,0.2593
5763,-0.020233,0.2601
5764,-0.016566,0.2608
5765,-0.012483,0.2599
5766,-0.011666,0.2595
5767,-0.008085,0.2594
5768,-0.005765,0.2589
5769,-0.005769,0.2605
5770,-0.000117,0.2590
5771,0.004122,0.2598
5772,0.004575,0.2589
5773,0.004780,0.2599
5774,0.002438,0.2597
5775,0.002218,0.2580
5776,0.003121,0.2588
5777,-0.001086,0.2593
5778,-0.004173,0.2603
5779,-0.007507,0.2571
5780,-0.000505,0.2574
5781,-0.000670,0.2555
5782,-0.001758,0.2558
5783,-0.003101,0.2571
5784,-0.002039,0.2559
5785,-0.001024,0.2563
5786,0.002049,0.2552
5787,0.002446,0.2565
5788,0.005320,0.2553
5789,0.002207,0.2574
5790,-0.000631,0.2553
5791,0.000637,0.2551
5792,0.007054,0.2566
5793,0.007909,0.2555
5794,0.006205,0.2557
5795,0.001884,0.2570
5796,0.008740,0.2541
5797,0.013323,0.2575
5798,0.017443,0.2568
5799,0.015422,0.2550
5800,0.014508,0.2561
5801,0.012024,0.2559
5802,0.010900,0.2544
5803,-0.001548,0.2563
5804,0.012501,0.2558
5805,0.017547,0.2565
5806,0.022017,0.2563
5807,0.024444,0.2573
5808,0.018287,0.2551
5809,0.031518,0.2560
5810,0.033526,0.2552
5811,0.029722,0.2573
5812,0.032584,0.2577
5813,0.031751,0.2545
5814,0.032358,0.2550
5815,0.032618,0.2567
5816,0.029688,0.2545
5817,0.022761,0.2582
5818,0.027095,0.2568
5819,0.026880,0.2555
5820,0.022622,0.2558
5821,0.019520,0.2552
5822,0.016619,0.2571
5823,0.016303,0.2552
5824,0.016251,0.2553
5825,0.016903,0.2565
5826,0.013684,0.2689
5827,0.013589,0.2570
5828,0.011079,0.2583
5829,0.007995,0.2794
5830,0.008245,0.2534
5831,0.008540,0.2561
5832,0.008894,0.2546
5833,0.008390,0.2562
5834,0.007965,0.2428
5835,0.010000,0.2426
5836,0.010914,0.2434
5837,0.010970,0.2455
5838,0.011817,0.2431
5839,0.009341,0.2463
5840,0.009955,0.2422
5841,0.010874,0.2439
5842,0.007542,0.2435
5843,0.001967,0.2420
5844,-0.000873,0.2688
5845,-0.001529,0.2442
5846,-0.002416,0.2443
5847,-0.003919,0.2454
5848,-0.004098,0.2469
5849,-0.006879,0.2467
5850,-0.011095,0.2443
5851,-0.011471,0.2452
5852,-0.011211,0.2451
5853,-0.010087,0.2442
5854,-0.011051,0.2432
5855,-0.013244,0.2440
5856,-0.014984,0.2438
5857,-0.014531,0.2455
5858,-0.010561,0.2468
5859,-0.011298,0.2455
5860,-0.013468,0.2435
5861,-0.015548,0.2433
5862,-0.013597,0.2443
5863,-0.011017,0.2441
5864,-0.010284,0.2435
5865,-0.008547,0.2415
5866,-0.008111,0.2443
5867,-0.007811,0.2418
5868,-0.007593,0.2431
5869,-0.007207,0.2414
5870,-0.010005,0.2416
5871,-0.012135,0.2424
5872,-0.012176,0.2427
5873,-0.013853,0.2420
5874,-0.013832,0.2432
5875,-0.012624,0.2423
5876,-0.011867,0.2421
5877,-0.012525,0.2463
5878,-0.011112,0.2412
5879,-0.010478,0.2542
5880,-0.009757,0.2554
5881,-0.009004,0.2538
5882,-0.010523,0.2409
5883,-0.012989,0.2420
5884,-0.012796,0.2550
5885,-0.010790,0.2413
5886,-0.011192,0.2537
5887,-0.010963,0.2557
5888,-0.010862,0.2421
5889,-0.012704,0.2420
5890,-0.013331,0.2416
5891,-0.013935,0.2556
5892,-0.015710,0.2561
5893,-0.016742,0.2568
5894,-0.014456,0.2570
5895,-0.011901,0.2564
5896,-0.006948,0.2576
5897,-0.006697,0.2575
5898,-0.009295,0.2555
5899,-0.010965,0.2580
5900,-0.011713,0.2574
5901,-0.012823,0.2550
5902,-0.013228,0.2562
5903,-0.013953,0.2576
5904,-0.016003,0.2404
5905,-0.016537,0.2555
5906,-0.018981,0.2563
5907,-0.018603,0.2415
5908,-0.016924,0.2552
5909,-0.018017,0.2581
5910,-0.018099,0.2560
5911,-0.017006,0.2576
5912,-0.019745,0.2428
5913,-0.019035,0.2415
5914,-0.018390,0.2577
5915,-0.017416,0.2442
5916,-0.017080,0.2557
5917,-0.015965,0.2417
5918,-0.015809,0.2415
5919,-0.017988,0.2407
5920,-0.016917,0.2399
5921,-0.019274,0.2404
5922,-0.008667,0.2415
5923,-0.004784,0.2429
5924,-0.005098,0.2517
5925,-0.007586,0.2682
5926,-0.006281,0.2561
5927,-0.003106,0.2672
5928,-0.006025,0.2550
5929,-0.010800,0.2641
5930,-0.011441,0.2521
5931,-0.010088,0.2670
5932,-0.011157,0.2558
5933,-0.014719,0.2541
5934,-0.016932,0.2660
5935,-0.015849,0.2660
5936,-0.015531,0.2641
5937,-0.017416,0.2559
5938,-0.018686,0.2445
5939,-0.020461,0.2464
5940,-0.020447,0.2433
5941,-0.017552,0.2438
5942,-0.017046,0.2487
5943,-0.018059,0.2439
5944,-0.017086,0.2442
5945,-0.005932,0.2434
5946,-0.003352,0.2436
5947,-0.002175,0.2568
5948,-0.004023,0.2423
5949,-0.005708,0.2423
5950,-0.003090,0.2426
5951,-0.003796,0.2430
5952,-0.006996,0.2544
5953,-0.007439,0.2579
5954,-0.007822,0.2445
5955,-0.008384,0.2436
5956,-0.006856,0.2712
5957,-0.007739,0.2601
5958,-0.008013,0.2621
5959,-0.011038,0.2619
5960,-0.013468,0.2608
5961,-0.011539,0.2576
5962,-0.010804,0.2585
5963,-0.010228,0.2559
5964,-0.011711,0.2675
5965,-0.009429,0.2561
5966,-0.010021,0.2609
5967,-0.011147,0.2584
5968,-0.012996,0.2662
5969,-0.013767,0.2552
5970,-0.014358,0.2569
5971,-0.014616,0.2582
5972,-0.017553,0.2597
5973,-0.018522,0.2554
5974,-0.018034,0.2625
5975,-0.016866,0.2584
5976,-0.017379,0.2510
5977,-0.018730,0.2580
5978,-0.018096,0.2530
5979,-0.019331,0.2489
5980,-0.020350,0.2627
5981,-0.020729,0.2613
5982,-0.020512,0.2607
5983,-0.020005,0.2502
5984,-0.020384,0.2480
5985,-0.021550,0.2502
5986,-0.020681,0.2446
5987,-0.019948,0.2574
5988,-0.021497,0.2455
5989,-0.022339,0.2452
5990,-0.023267,0.2500
5991,-0.025188,0.2522
5992,-0.023369,0.2498
5993,-0.023860,0.2512
5994,-0.024428,0.2620
5995,-0.024816,0.2498
5996,-0.024197,0.2613
5997,-0.021772,0.2492
5998,-0.021227,0.2514
5999,-0.020121,0.2619
6000,-0.016401,0.2628
