epoch,loss,tiempo_s
1,10.942972,0.0076
2,6.013625,0.0075
3,5.490875,0.0076
4,5.253093,0.0076
5,5.101007,0.0075
6,4.989322,0.0075
7,4.900854,0.0075
8,4.826183,0.0075
9,4.760290,0.0075
10,4.703870,0.0075
11,4.653136,0.0075
12,4.606300,0.0075
13,4.563344,0.0075
14,4.523209,0.0075
15,4.487205,0.0075
16,4.450988,0.0075
17,4.418690,0.0075
18,4.386568,0.0075
19,4.355503,0.0075
20,4.327788,0.0075
21,4.301561,0.0075
22,4.275584,0.0075
23,4.249352,0.0075
24,4.224845,0.0075
25,4.202726,0.0075
26,4.178975,0.0075
27,4.155959,0.0075
28,4.134295,0.0075
29,4.113397,0.0075
30,4.094170,0.0075
31,4.074314,0.0075
32,4.056015,0.0075
33,4.037992,0.0075
34,4.020364,0.0075
35,4.002952,0.0075
36,3.986244,0.0075
37,3.970193,0.0075
38,3.954663,0.0075
39,3.939393,0.0075
40,3.923320,0.0075
41,3.907596,0.0075
42,3.894225,0.0075
43,3.878256,0.0075
44,3.864386,0.0075
45,3.850939,0.0075
46,3.837124,0.0075
47,3.823545,0.0075
48,3.810187,0.0075
49,3.797800,0.0075
50,3.785520,0.0075
51,3.773015,0.0075
52,3.760683,0.0075
53,3.747464,0.0075
54,3.735259,0.0075
55,3.724002,0.0075
56,3.713608,0.0075
57,3.701899,0.0075
58,3.690142,0.0075
59,3.678879,0.0075
60,3.668365,0.0075
61,3.657181,0.0075
62,3.645595,0.0075
63,3.635727,0.0075
64,3.626648,0.0075
65,3.616633,0.0075
66,3.607547,0.0075
67,3.596832,0.0075
68,3.587049,0.0075
69,3.577399,0.0075
70,3.567160,0.0075
71,3.558361,0.0075
72,3.548378,0.0075
73,3.539747,0.0075
74,3.529028,0.0075
75,3.520118,0.0075
76,3.510908,0.0075
77,3.501495,0.0075
78,3.492357,0.0075
79,3.482214,0.0075
80,3.473233,0.0075
81,3.463759,0.0075
82,3.454761,0.0075
83,3.446279,0.0075
84,3.437538,0.0075
85,3.428466,0.0075
86,3.419443,0.0075
87,3.410936,0.0075
88,3.402923,0.0075
89,3.393679,0.0075
90,3.385563,0.0075
91,3.376907,0.0075
92,3.367781,0.0075
93,3.360128,0.0075
94,3.351439,0.0075
95,3.343093,0.0075
96,3.334918,0.0075
97,3.326772,0.0075
98,3.318146,0.0076
99,3.309795,0.0075
100,3.301552,0.0075
101,3.293512,0.0075
102,3.285015,0.0075
103,3.277018,0.0075
104,3.269559,0.0075
105,3.260816,0.0076
106,3.253336,0.0075
107,3.246033,0.0076
108,3.237592,0.0076
109,3.229947,0.0076
110,3.221682,0.0075
111,3.213463,0.0076
112,3.205660,0.0075
113,3.198177,0.0075
114,3.189713,0.0076
115,3.181134,0.0075
116,3.173329,0.0076
117,3.166131,0.0076
118,3.158899,0.0076
119,3.150161,0.0076
120,3.141944,0.0076
121,3.134631,0.0076
122,3.126520,0.0076
123,3.118791,0.0076
124,3.111399,0.0076
125,3.103629,0.0076
126,3.095984,0.0076
127,3.088959,0.0076
128,3.081501,0.0076
129,3.074137,0.0076
130,3.066360,0.0076
131,3.060133,0.0076
132,3.053096,0.0076
133,3.045442,0.0076
134,3.038379,0.0076
135,3.031100,0.0076
136,3.024420,0.0076
137,3.015903,0.0076
138,3.008793,0.0076
139,3.001087,0.0076
140,2.994055,0.0076
141,2.986912,0.0076
142,2.979099,0.0076
143,2.972227,0.0076
144,2.964479,0.0076
145,2.957055,0.0076
146,2.949357,0.0076
147,2.941664,0.0076
148,2.934178,0.0076
149,2.925964,0.0076
150,2.918279,0.0076
151,2.910498,0.0076
152,2.903538,0.0076
153,2.896653,0.0076
154,2.889814,0.0076
155,2.883030,0.0076
156,2.875782,0.0076
157,2.868007,0.0076
158,2.859802,0.0076
159,2.851928,0.0076
160,2.844205,0.0076
161,2.837191,0.0076
162,2.830477,0.0076
163,2.823522,0.0076
164,2.816450,0.0076
165,2.809551,0.0076
166,2.802400,0.0076
167,2.795071,0.0076
168,2.787482,0.0076
169,2.779906,0.0076
170,2.773311,0.0076
171,2.765507,0.0076
172,2.758929,0.0076
173,2.752126,0.0076
174,2.745097,0.0076
175,2.737747,0.0076
176,2.730753,0.0076
177,2.723416,0.0076
178,2.716085,0.0076
179,2.708029,0.0076
180,2.700689,0.0076
181,2.693741,0.0076
182,2.687483,0.0076
183,2.681257,0.0076
184,2.673903,0.0076
185,2.667798,0.0076
186,2.661186,0.0076
187,2.654429,0.0076
188,2.647605,0.0076
189,2.640607,0.0076
190,2.633517,0.0076
191,2.626400,0.0076
192,2.620086,0.0076
193,2.613405,0.0076
194,2.607427,0.0076
195,2.601346,0.0076
196,2.594531,0.0076
197,2.587499,0.0076
198,2.580631,0.0076
199,2.574321,0.0076
200,2.567202,0.0076
201,2.560276,0.0076
202,2.553055,0.0076
203,2.546007,0.0076
204,2.539452,0.0076
205,2.532102,0.0076
206,2.525448,0.0076
207,2.519144,0.0076
208,2.512381,0.0076
209,2.505590,0.0076
210,2.498238,0.0077
211,2.491808,0.0076
212,2.484865,0.0076
213,2.478463,0.0077
214,2.471806,0.0076
215,2.464590,0.0077
216,2.458694,0.0077
217,2.452326,0.0077
218,2.446218,0.0077
219,2.439481,0.0077
220,2.432813,0.0076
221,2.427073,0.0077
222,2.420908,0.0077
223,2.414028,0.0077
224,2.408215,0.0077
225,2.401506,0.0077
226,2.394962,0.0077
227,2.389523,0.0077
228,2.384334,0.0077
229,2.380208,0.0077
230,2.374852,0.0077
231,2.367260,0.0077
232,2.360377,0.0077
233,2.352774,0.0077
234,2.345580,0.0077
235,2.338407,0.0077
236,2.332359,0.0077
237,2.326345,0.0077
238,2.320448,0.0077
239,2.314478,0.0077
240,2.307552,0.0077
241,2.301013,0.0077
242,2.295443,0.0077
243,2.289733,0.0077
244,2.284148,0.0077
245,2.278203,0.0077
246,2.271864,0.0077
247,2.265905,0.0077
248,2.260088,0.0077
249,2.253650,0.0077
250,2.247524,0.0077
251,2.240777,0.0077
252,2.234560,0.0077
253,2.228730,0.0077
254,2.223085,0.0077
255,2.217846,0.0077
256,2.211784,0.0077
257,2.206766,0.0077
258,2.201269,0.0077
259,2.194826,0.0077
260,2.188103,0.0077
261,2.182227,0.0077
262,2.176870,0.0077
263,2.171329,0.0077
264,2.165016,0.0077
265,2.158603,0.0077
266,2.152375,0.0077
267,2.145389,0.0077
268,2.138898,0.0077
269,2.132474,0.0077
270,2.126359,0.0077
271,2.120580,0.0077
272,2.115268,0.0077
273,2.109506,0.0077
274,2.103834,0.0077
275,2.098936,0.0077
276,2.094804,0.0077
277,2.090088,0.0077
278,2.084371,0.0077
279,2.077395,0.0077
280,2.072018,0.0077
281,2.067205,0.0077
282,2.062212,0.0077
283,2.057309,0.0077
284,2.051751,0.0077
285,2.045730,0.0077
286,2.040689,0.0078
287,2.033859,0.0078
288,2.026737,0.0078
289,2.020919,0.0077
290,2.016274,0.0078
291,2.011752,0.0077
292,2.007004,0.0078
293,2.003217,0.0078
294,2.000746,0.0078
295,1.998951,0.0077
296,1.996676,0.0078
297,1.995582,0.0078
298,1.994501,0.0077
299,1.991946,0.0078
300,1.988041,0.0078
301,1.982321,0.0077
302,1.975423,0.0078
303,1.967852,0.0078
304,1.961645,0.0078
305,1.954602,0.0078
306,1.949123,0.0078
307,1.943277,0.0078
308,1.937364,0.0078
309,1.931621,0.0078
310,1.927089,0.0078
311,1.920710,0.0078
312,1.916145,0.0078
313,1.911165,0.0078
314,1.906020,0.0078
315,1.899989,0.0078
316,1.893943,0.0078
317,1.888171,0.0078
318,1.881771,0.0078
319,1.876851,0.0078
320,1.873760,0.0078
321,1.869437,0.0078
322,1.863651,0.0078
323,1.857989,0.0078
324,1.853172,0.0078
325,1.848408,0.0078
326,1.842697,0.0078
327,1.836643,0.0078
328,1.831760,0.0078
329,1.828129,0.0078
330,1.823033,0.0078
331,1.818251,0.0078
332,1.814180,0.0078
333,1.810203,0.0078
334,1.805367,0.0078
335,1.799973,0.0078
336,1.797236,0.0078
337,1.795668,0.0078
338,1.791796,0.0078
339,1.786270,0.0078
340,1.779452,0.0078
341,1.774538,0.0078
342,1.771098,0.0078
343,1.767384,0.0078
344,1.764269,0.0078
345,1.761889,0.0078
346,1.758859,0.0078
347,1.755232,0.0078
348,1.750814,0.0078
349,1.744333,0.0078
350,1.738038,0.0078
351,1.733105,0.0078
352,1.729122,0.0079
353,1.726103,0.0078
354,1.721590,0.0096
355,1.715865,0.0079
356,1.711046,0.0079
357,1.706367,0.0079
358,1.700804,0.0079
359,1.696932,0.0078
360,1.693143,0.0079
361,1.689682,0.0079
362,1.687227,0.0079
363,1.686796,0.0079
364,1.683578,0.0079
365,1.678839,0.0079
366,1.674597,0.0079
367,1.670353,0.0079
368,1.663926,0.0079
369,1.656530,0.0079
370,1.651570,0.0079
371,1.646924,0.0079
372,1.641234,0.0079
373,1.634922,0.0079
374,1.630158,0.0079
375,1.627895,0.0079
376,1.624653,0.0079
377,1.621543,0.0079
378,1.620264,0.0079
379,1.618418,0.0079
380,1.615958,0.0079
381,1.613477,0.0079
382,1.609817,0.0079
383,1.605411,0.0079
384,1.598779,0.0079
385,1.593654,0.0079
386,1.590327,0.0079
387,1.588695,0.0079
388,1.587301,0.0079
389,1.587185,0.0079
390,1.585876,0.0079
391,1.583688,0.0079
392,1.583133,0.0079
393,1.581078,0.0079
394,1.577559,0.0079
395,1.574355,0.0079
396,1.571502,0.0079
397,1.569994,0.0079
398,1.568727,0.0079
399,1.565989,0.0079
400,1.562387,0.0080
401,1.558711,0.0079
402,1.554655,0.0079
403,1.548866,0.0079
404,1.541806,0.0079
405,1.535520,0.0079
406,1.530993,0.0080
407,1.526186,0.0079
408,1.522799,0.0080
409,1.520324,0.0080
410,1.519771,0.0080
411,1.520221,0.0080
412,1.521618,0.0080
413,1.523397,0.0080
414,1.525349,0.0080
415,1.526100,0.0080
416,1.526093,0.0080
417,1.525268,0.0080
418,1.525510,0.0080
419,1.523384,0.0080
420,1.519729,0.0080
421,1.514043,0.0080
422,1.507734,0.0080
423,1.499606,0.0080
424,1.493395,0.0080
425,1.487512,0.0080
426,1.483195,0.0080
427,1.481427,0.0080
428,1.481404,0.0080
429,1.482281,0.0080
430,1.481032,0.0080
431,1.478678,0.0080
432,1.472993,0.0080
433,1.466513,0.0080
434,1.463589,0.0080
435,1.457224,0.0080
436,1.450624,0.0080
437,1.446561,0.0080
438,1.443467,0.0080
439,1.441597,0.0080
440,1.438417,0.0080
441,1.435175,0.0080
442,1.435800,0.0080
443,1.438264,0.0081
444,1.440248,0.0080
445,1.438185,0.0080
446,1.434658,0.0080
447,1.430550,0.0080
448,1.425783,0.0080
449,1.421619,0.0080
450,1.418983,0.0081
451,1.414798,0.0081
452,1.411475,0.0081
453,1.408178,0.0081
454,1.404576,0.0081
455,1.399778,0.0081
456,1.394698,0.0081
457,1.390383,0.0081
458,1.387597,0.0081
459,1.387358,0.0081
460,1.386632,0.0081
461,1.383677,0.0081
462,1.380607,0.0081
463,1.376745,0.0081
464,1.372862,0.0081
465,1.368306,0.0081
466,1.364123,0.0081
467,1.361665,0.0081
468,1.361166,0.0081
469,1.359057,0.0081
470,1.355158,0.0081
471,1.351230,0.0081
472,1.348175,0.0081
473,1.346439,0.0081
474,1.344569,0.0081
475,1.342216,0.0081
476,1.338857,0.0081
477,1.334336,0.0081
478,1.330621,0.0081
479,1.330559,0.0081
480,1.331669,0.0081
481,1.328048,0.0081
482,1.320139,0.0081
483,1.313084,0.0081
484,1.310264,0.0081
485,1.308408,0.0081
486,1.304848,0.0081
487,1.299349,0.0081
488,1.294118,0.0081
489,1.292088,0.0081
490,1.290630,0.0081
491,1.288830,0.0081
492,1.286688,0.0081
493,1.284412,0.0081
494,1.282773,0.0081
495,1.284205,0.0081
496,1.289869,0.0081
497,1.293072,0.0081
498,1.293580,0.0081
499,1.294161,0.0081
500,1.293846,0.0081
501,1.292894,0.0081
502,1.289119,0.0081
503,1.282731,0.0081
504,1.278725,0.0081
505,1.273619,0.0081
506,1.269342,0.0081
507,1.265212,0.0081
508,1.260671,0.0082
509,1.259785,0.0082
510,1.263765,0.0081
511,1.267780,0.0082
512,1.265118,0.0082
513,1.256941,0.0082
514,1.249677,0.0082
515,1.248226,0.0082
516,1.246632,0.0082
517,1.245810,0.0082
518,1.243836,0.0082
519,1.241175,0.0082
520,1.237719,0.0082
521,1.232997,0.0082
522,1.228902,0.0082
523,1.225242,0.0082
524,1.221422,0.0082
525,1.220385,0.0082
526,1.219340,0.0082
527,1.218185,0.0082
528,1.217388,0.0082
529,1.217823,0.0082
530,1.217811,0.0082
531,1.216956,0.0082
532,1.215996,0.0082
533,1.214386,0.0082
534,1.215769,0.0082
535,1.217291,0.0082
536,1.218738,0.0082
537,1.223218,0.0082
538,1.227989,0.0082
539,1.228912,0.0082
540,1.227525,0.0082
541,1.223830,0.0082
542,1.218797,0.0082
543,1.213770,0.0082
544,1.210693,0.0083
545,1.207957,0.0082
546,1.205416,0.0083
547,1.203313,0.0083
548,1.199782,0.0083
549,1.198024,0.0082
550,1.199441,0.0083
551,1.202266,0.0083
552,1.205640,0.0083
553,1.208249,0.0083
554,1.208411,0.0083
555,1.207451,0.0083
556,1.205652,0.0083
557,1.202911,0.0083
558,1.198150,0.0083
559,1.192448,0.0083
560,1.190090,0.0083
561,1.191378,0.0083
562,1.187862,0.0083
563,1.181079,0.0083
564,1.174579,0.0083
565,1.171826,0.0083
566,1.170291,0.0083
567,1.166119,0.0083
568,1.163014,0.0083
569,1.159298,0.0083
570,1.156112,0.0083
571,1.155869,0.0083
572,1.159402,0.0083
573,1.158476,0.0083
574,1.156271,0.0083
575,1.154768,0.0083
576,1.152026,0.0083
577,1.151008,0.0083
578,1.150993,0.0083
579,1.147819,0.0083
580,1.142798,0.0083
581,1.138124,0.0084
582,1.136585,0.0083
583,1.134127,0.0083
584,1.133146,0.0084
585,1.132686,0.0084
586,1.132331,0.0084
587,1.131890,0.0084
588,1.133596,0.0084
589,1.132937,0.0084
590,1.128690,0.0084
591,1.123448,0.0084
592,1.121828,0.0084
593,1.124626,0.0084
594,1.125688,0.0084
595,1.123120,0.0084
596,1.120548,0.0084
597,1.116613,0.0084
598,1.113220,0.0084
599,1.110059,0.0084
600,1.106278,0.0084
601,1.104108,0.0084
602,1.108313,0.0084
603,1.118834,0.0084
604,1.129792,0.0084
605,1.131903,0.0084
606,1.126988,0.0084
607,1.122037,0.0084
608,1.116697,0.0084
609,1.112084,0.0084
610,1.109102,0.0084
611,1.105210,0.0084
612,1.099626,0.0084
613,1.095892,0.0084
614,1.091777,0.0084
615,1.089653,0.0084
616,1.089462,0.0085
617,1.088127,0.0085
618,1.089118,0.0085
619,1.091721,0.0085
620,1.092680,0.0085
621,1.089475,0.0085
622,1.083831,0.0085
623,1.077543,0.0085
624,1.072701,0.0085
625,1.070684,0.0085
626,1.070145,0.0085
627,1.069802,0.0085
628,1.071046,0.0085
629,1.071374,0.0085
630,1.073005,0.0085
631,1.074585,0.0085
632,1.074463,0.0085
633,1.073540,0.0085
634,1.070086,0.0085
635,1.066020,0.0085
636,1.060984,0.0085
637,1.055030,0.0085
638,1.050915,0.0085
639,1.051076,0.0085
640,1.050997,0.0085
641,1.056395,0.0085
642,1.063709,0.0085
643,1.066152,0.0085
644,1.066824,0.0085
645,1.068202,0.0086
646,1.066185,0.0085
647,1.060380,0.0085
648,1.053269,0.0085
649,1.051376,0.0086
650,1.048795,0.0086
651,1.045538,0.0086
652,1.042173,0.0086
653,1.038694,0.0086
654,1.036115,0.0086
655,1.036025,0.0086
656,1.035866,0.0086
657,1.034703,0.0086
658,1.031789,0.0086
659,1.029073,0.0086
660,1.027907,0.0086
661,1.028518,0.0086
662,1.028401,0.0086
663,1.026083,0.0086
664,1.022067,0.0086
665,1.020811,0.0086
666,1.020407,0.0086
667,1.019006,0.0086
668,1.016855,0.0086
669,1.013060,0.0087
670,1.013033,0.0086
671,1.013480,0.0087
672,1.013998,0.0087
673,1.017238,0.0087
674,1.022837,0.0087
675,1.030803,0.0087
676,1.039021,0.0087
677,1.039520,0.0087
678,1.048235,0.0087
679,1.061720,0.0087
680,1.063203,0.0087
681,1.047106,0.0087
682,1.024627,0.0087
683,1.008940,0.0087
684,1.006327,0.0087
685,1.011218,0.0087
686,1.013703,0.0087
687,1.013317,0.0087
688,1.013549,0.0087
689,1.012792,0.0087
690,1.011209,0.0087
691,1.014060,0.0088
692,1.019399,0.0087
693,1.023797,0.0088
694,1.027167,0.0088
695,1.027400,0.0088
696,1.023824,0.0088
697,1.017920,0.0088
698,1.009582,0.0088
699,1.003185,0.0088
700,1.001748,0.0088
701,1.002124,0.0088
702,1.004088,0.0088
703,1.004531,0.0088
704,1.004010,0.0088
705,1.001930,0.0088
706,1.002069,0.0088
707,1.011148,0.0088
708,1.022325,0.0088
709,1.021575,0.0088
710,1.010968,0.0088
711,0.999597,0.0088
712,0.990824,0.0088
713,0.985753,0.0089
714,0.986961,0.0088
715,0.986167,0.0089
716,0.988070,0.0088
717,0.991368,0.0089
718,0.994350,0.0089
719,0.996184,0.0089
720,0.997324,0.0089
721,0.995656,0.0089
722,0.993978,0.0089
723,0.993143,0.0089
724,0.991118,0.0089
725,0.990339,0.0089
726,0.989610,0.0089
727,0.987539,0.0089
728,0.982315,0.0089
729,0.977461,0.0089
730,0.972463,0.0089
731,0.968373,0.0089
732,0.966193,0.0089
733,0.968587,0.0089
734,0.966809,0.0089
735,0.962420,0.0089
736,0.960751,0.0089
737,0.958217,0.0089
738,0.955170,0.0090
739,0.954335,0.0089
740,0.952555,0.0090
741,0.948564,0.0090
742,0.946073,0.0090
743,0.944181,0.0090
744,0.942007,0.0090
745,0.942604,0.0090
746,0.943630,0.0090
747,0.944449,0.0090
748,0.947203,0.0090
749,0.948157,0.0090
750,0.948463,0.0090
751,0.951580,0.0090
752,0.960966,0.0090
753,0.966142,0.0090
754,0.960089,0.0090
755,0.947768,0.0090
756,0.938492,0.0090
757,0.936023,0.0090
758,0.939348,0.0090
759,0.940512,0.0090
760,0.935931,0.0090
761,0.930021,0.0090
762,0.924918,0.0090
763,0.925332,0.0090
764,0.928791,0.0090
765,0.930753,0.0090
766,0.931059,0.0090
767,0.932548,0.0091
768,0.933835,0.0090
769,0.933201,0.0091
770,0.931172,0.0091
771,0.926988,0.0091
772,0.925785,0.0091
773,0.928375,0.0091
774,0.930811,0.0091
775,0.928955,0.0091
776,0.926553,0.0091
777,0.924407,0.0091
778,0.928003,0.0091
779,0.936970,0.0091
780,0.944464,0.0091
781,0.948794,0.0091
782,0.948811,0.0091
783,0.946768,0.0091
784,0.940735,0.0091
785,0.937196,0.0091
786,0.930245,0.0091
787,0.918972,0.0092
788,0.913859,0.0091
789,0.919395,0.0092
790,0.925886,0.0092
791,0.928382,0.0092
792,0.926833,0.0092
793,0.924676,0.0092
794,0.919010,0.0092
795,0.914908,0.0092
796,0.916300,0.0092
797,0.920668,0.0092
798,0.922676,0.0092
799,0.921359,0.0092
800,0.919866,0.0092
801,0.918365,0.0092
802,0.918072,0.0092
803,0.920930,0.0092
804,0.922948,0.0092
805,0.927000,0.0092
806,0.928786,0.0092
807,0.928730,0.0092
808,0.925803,0.0092
809,0.924365,0.0092
810,0.924759,0.0092
811,0.926403,0.0093
812,0.929807,0.0093
813,0.927148,0.0093
814,0.924326,0.0092
815,0.919342,0.0093
816,0.908556,0.0093
817,0.899243,0.0093
818,0.898066,0.0093
819,0.896924,0.0093
820,0.896798,0.0093
821,0.900069,0.0093
822,0.900860,0.0093
823,0.895930,0.0093
824,0.888960,0.0093
825,0.885912,0.0093
826,0.887314,0.0093
827,0.884804,0.0093
828,0.882262,0.0093
829,0.885597,0.0093
830,0.888141,0.0093
831,0.889665,0.0093
832,0.888864,0.0093
833,0.885683,0.0093
834,0.885152,0.0093
835,0.884420,0.0094
836,0.882730,0.0094
837,0.885747,0.0094
838,0.894406,0.0094
839,0.905936,0.0094
840,0.910645,0.0094
841,0.908615,0.0094
842,0.902716,0.0094
843,0.895687,0.0094
844,0.891178,0.0094
845,0.889413,0.0094
846,0.886465,0.0094
847,0.884539,0.0094
848,0.880543,0.0094
849,0.877023,0.0094
850,0.874952,0.0094
851,0.873079,0.0094
852,0.872835,0.0094
853,0.870948,0.0094
854,0.868396,0.0094
855,0.865067,0.0094
856,0.862397,0.0094
857,0.867681,0.0094
858,0.865830,0.0094
859,0.861896,0.0095
860,0.860856,0.0095
861,0.864257,0.0095
862,0.868187,0.0095
863,0.874745,0.0095
864,0.879635,0.0095
865,0.878744,0.0095
866,0.876403,0.0095
867,0.870354,0.0095
868,0.866498,0.0095
869,0.863676,0.0095
870,0.862864,0.0095
871,0.864839,0.0095
872,0.870786,0.0095
873,0.872052,0.0095
874,0.871585,0.0095
875,0.869181,0.0095
876,0.865510,0.0095
877,0.865385,0.0095
878,0.862233,0.0095
879,0.865464,0.0096
880,0.871553,0.0095
881,0.877163,0.0095
882,0.875993,0.0095
883,0.875067,0.0095
884,0.865739,0.0095
885,0.860903,0.0095
886,0.855772,0.0095
887,0.849864,0.0096
888,0.850631,0.0095
889,0.849264,0.0096
890,0.847062,0.0095
891,0.848474,0.0096
892,0.851468,0.0095
893,0.852833,0.0096
894,0.852929,0.0095
895,0.850587,0.0096
896,0.851009,0.0095
897,0.851333,0.0096
898,0.851937,0.0096
899,0.848875,0.0096
900,0.845966,0.0096
901,0.843235,0.0096
902,0.841112,0.0096
903,0.841672,0.0096
904,0.841147,0.0096
905,0.836807,0.0096
906,0.833166,0.0096
907,0.832338,0.0096
908,0.835082,0.0096
909,0.839445,0.0096
910,0.843327,0.0096
911,0.843844,0.0096
912,0.842319,0.0096
913,0.840953,0.0096
914,0.840282,0.0096
915,0.839788,0.0096
916,0.843128,0.0096
917,0.851208,0.0096
918,0.854472,0.0096
919,0.851706,0.0096
920,0.846210,0.0096
921,0.839992,0.0096
922,0.833897,0.0096
923,0.829575,0.0096
924,0.830115,0.0096
925,0.831790,0.0097
926,0.830063,0.0097
927,0.828291,0.0097
928,0.830320,0.0097
929,0.836957,0.0097
930,0.842462,0.0097
931,0.842981,0.0097
932,0.840399,0.0097
933,0.832929,0.0097
934,0.828721,0.0097
935,0.833576,0.0097
936,0.839085,0.0097
937,0.841726,0.0097
938,0.836891,0.0097
939,0.833927,0.0097
940,0.840549,0.0097
941,0.852472,0.0098
942,0.850415,0.0097
943,0.839921,0.0097
944,0.831531,0.0097
945,0.829057,0.0098
946,0.843103,0.0098
947,0.860245,0.0098
948,0.872485,0.0097
949,0.878056,0.0098
950,0.875950,0.0098
951,0.872728,0.0098
952,0.868892,0.0098
953,0.862257,0.0098
954,0.853872,0.0098
955,0.845254,0.0098
956,0.836093,0.0098
957,0.830493,0.0098
958,0.829330,0.0098
959,0.832687,0.0098
960,0.840079,0.0098
961,0.846800,0.0098
962,0.850584,0.0098
963,0.850191,0.0098
964,0.848099,0.0098
965,0.841523,0.0098
966,0.837261,0.0098
967,0.833007,0.0098
968,0.835321,0.0098
969,0.838693,0.0099
970,0.840005,0.0098
971,0.841897,0.0098
972,0.843240,0.0098
973,0.845375,0.0098
974,0.854056,0.0098
975,0.863513,0.0098
976,0.862641,0.0098
977,0.851456,0.0098
978,0.840047,0.0099
979,0.834429,0.0099
980,0.835548,0.0099
981,0.836243,0.0099
982,0.835950,0.0099
983,0.833795,0.0099
984,0.833138,0.0099
985,0.840822,0.0099
986,0.849452,0.0099
987,0.852500,0.0099
988,0.852409,0.0099
989,0.849940,0.0099
990,0.847083,0.0099
991,0.848113,0.0099
992,0.851665,0.0099
993,0.854463,0.0099
994,0.851537,0.0099
995,0.845457,0.0099
996,0.840419,0.0099
997,0.838136,0.0099
998,0.835635,0.0099
999,0.830310,0.0099
1000,0.824747,0.0099
1001,0.825019,0.0099
1002,0.831057,0.0099
1003,0.849384,0.0099
1004,0.875755,0.0099
1005,0.894084,0.0099
1006,0.899622,0.0099
1007,0.891011,0.0099
1008,0.873795,0.0099
1009,0.851084,0.0100
1010,0.833756,0.0099
1011,0.826914,0.0100
1012,0.824248,0.0099
1013,0.824458,0.0100
1014,0.822362,0.0099
1015,0.827720,0.0100
1016,0.838487,0.0099
1017,0.846394,0.0100
1018,0.845478,0.0100
1019,0.846069,0.0100
1020,0.847758,0.0100
1021,0.841856,0.0100
1022,0.832041,0.0100
1023,0.826165,0.0100
1024,0.828193,0.0100
1025,0.831682,0.0100
1026,0.833618,0.0100
1027,0.832355,0.0100
1028,0.827537,0.0100
1029,0.822224,0.0100
1030,0.817185,0.0100
1031,0.814122,0.0100
1032,0.811452,0.0100
1033,0.805437,0.0100
1034,0.804070,0.0100
1035,0.808645,0.0100
1036,0.813453,0.0100
1037,0.819642,0.0101
1038,0.822928,0.0100
1039,0.820085,0.0100
1040,0.814220,0.0100
1041,0.813664,0.0100
1042,0.815124,0.0100
1043,0.815171,0.0100
1044,0.820788,0.0100
1045,0.829809,0.0101
1046,0.832487,0.0100
1047,0.826752,0.0101
1048,0.822360,0.0100
1049,0.816049,0.0101
1050,0.807232,0.0100
1051,0.802511,0.0101
1052,0.801101,0.0100
1053,0.797950,0.0101
1054,0.802089,0.0100
1055,0.801361,0.0101
1056,0.801748,0.0101
1057,0.803292,0.0101
1058,0.802166,0.0101
1059,0.803281,0.0101
1060,0.805259,0.0101
1061,0.810189,0.0101
1062,0.818257,0.0101
1063,0.823101,0.0101
1064,0.826952,0.0101
1065,0.826698,0.0101
1066,0.821078,0.0101
1067,0.813443,0.0101
1068,0.809515,0.0101
1069,0.809155,0.0102
1070,0.807279,0.0101
1071,0.803493,0.0102
1072,0.799052,0.0101
1073,0.795903,0.0102
1074,0.792661,0.0101
1075,0.788894,0.0102
1076,0.786874,0.0101
1077,0.791875,0.0102
1078,0.796958,0.0101
1079,0.800636,0.0102
1080,0.796991,0.0102
1081,0.791220,0.0102
1082,0.787030,0.0102
1083,0.778603,0.0102
1084,0.777524,0.0102
1085,0.776129,0.0102
1086,0.774944,0.0102
1087,0.775373,0.0102
1088,0.776687,0.0102
1089,0.780241,0.0102
1090,0.782546,0.0102
1091,0.783642,0.0102
1092,0.778881,0.0102
1093,0.774425,0.0103
1094,0.773416,0.0102
1095,0.777150,0.0103
1096,0.786584,0.0102
1097,0.799910,0.0103
1098,0.809257,0.0103
1099,0.809118,0.0103
1100,0.801910,0.0103
1101,0.797078,0.0103
1102,0.787506,0.0103
1103,0.786053,0.0103
1104,0.787534,0.0103
1105,0.784406,0.0103
1106,0.783297,0.0103
1107,0.782930,0.0103
1108,0.780125,0.0103
1109,0.797904,0.0104
1110,0.834162,0.0103
1111,0.869261,0.0103
1112,0.890052,0.0103
1113,0.894869,0.0104
1114,0.887466,0.0103
1115,0.871450,0.0104
1116,0.855495,0.0103
1117,0.845582,0.0104
1118,0.842878,0.0104
1119,0.844632,0.0104
1120,0.844283,0.0104
1121,0.835052,0.0104
1122,0.824120,0.0104
1123,0.822668,0.0104
1124,0.821923,0.0104
1125,0.811097,0.0104
1126,0.809193,0.0104
1127,0.813975,0.0104
1128,0.822204,0.0104
1129,0.827383,0.0104
1130,0.829762,0.0104
1131,0.828619,0.0105
1132,0.823543,0.0104
1133,0.827798,0.0105
1134,0.835724,0.0104
1135,0.835975,0.0105
1136,0.828446,0.0104
1137,0.825774,0.0105
1138,0.825052,0.0104
1139,0.821590,0.0105
1140,0.817648,0.0105
1141,0.813166,0.0105
1142,0.806477,0.0105
1143,0.799712,0.0105
1144,0.793610,0.0105
1145,0.790168,0.0105
1146,0.790924,0.0105
1147,0.791312,0.0105
1148,0.788300,0.0105
1149,0.784576,0.0105
1150,0.780111,0.0105
1151,0.778759,0.0106
1152,0.777659,0.0105
1153,0.774157,0.0106
1154,0.770728,0.0105
1155,0.766815,0.0106
1156,0.765283,0.0105
1157,0.761877,0.0106
1158,0.760009,0.0105
1159,0.761743,0.0106
1160,0.763955,0.0106
1161,0.773115,0.0106
1162,0.774051,0.0106
1163,0.774681,0.0106
1164,0.767431,0.0106
1165,0.765177,0.0108
1166,0.765973,0.0106
1167,0.769160,0.0106
1168,0.774024,0.0106
1169,0.772678,0.0106
1170,0.772864,0.0106
1171,0.775140,0.0106
1172,0.775423,0.0106
1173,0.775554,0.0106
1174,0.772550,0.0106
1175,0.765760,0.0107
1176,0.761368,0.0107
1177,0.763570,0.0107
1178,0.771509,0.0108
1179,0.781582,0.0109
1180,0.782704,0.0108
1181,0.774907,0.0109
1182,0.768004,0.0108
1183,0.763768,0.0109
1184,0.761346,0.0109
1185,0.766198,0.0110
1186,0.764966,0.0110
1187,0.759643,0.0111
1188,0.754403,0.0110
1189,0.756558,0.0111
1190,0.762377,0.0111
1191,0.772149,0.0112
1192,0.776577,0.0112
1193,0.771878,0.0114
1194,0.765030,0.0114
1195,0.760602,0.0114
1196,0.759815,0.0115
1197,0.760241,0.0115
1198,0.757218,0.0117
1199,0.753514,0.0117
1200,0.748258,0.0117
1201,0.746081,0.0119
1202,0.743909,0.0119
1203,0.763644,0.0119
1204,0.776436,0.0120
1205,0.795260,0.0120
1206,0.837147,0.0121
1207,0.880284,0.0122
1208,0.907741,0.0123
1209,0.914316,0.0125
1210,0.903508,0.0124
1211,0.883747,0.0125
1212,0.856154,0.0126
1213,0.845238,0.0126
1214,0.831206,0.0127
1215,0.810018,0.0129
1216,0.793556,0.0129
1217,0.791232,0.0131
1218,0.800163,0.0131
1219,0.814842,0.0133
1220,0.821870,0.0132
1221,0.824209,0.0134
1222,0.822650,0.0135
1223,0.817347,0.0136
1224,0.811409,0.0136
1225,0.815175,0.0139
1226,0.816742,0.0139
1227,0.815072,0.0141
1228,0.813105,0.0141
1229,0.807086,0.0144
1230,0.796711,0.0144
1231,0.784408,0.0145
1232,0.776413,0.0146
1233,0.768563,0.0147
1234,0.762797,0.0149
1235,0.759621,0.0152
1236,0.759694,0.0152
1237,0.762252,0.0155
1238,0.768335,0.0157
1239,0.773348,0.0156
1240,0.774702,0.0161
1241,0.774666,0.0159
1242,0.770515,0.0161
1243,0.769847,0.0165
1244,0.767862,0.0168
1245,0.762608,0.0168
1246,0.757040,0.0169
1247,0.750973,0.0172
1248,0.743747,0.0172
1249,0.741316,0.0174
1250,0.741898,0.0176
1251,0.738477,0.0179
1252,0.739642,0.0181
1253,0.737925,0.0182
1254,0.739296,0.0185
1255,0.740065,0.0186
1256,0.737636,0.0189
1257,0.738136,0.0192
1258,0.736726,0.0195
1259,0.734217,0.0197
1260,0.735100,0.0199
1261,0.735510,0.0202
1262,0.736643,0.0205
1263,0.738980,0.0207
1264,0.740862,0.0211
1265,0.742098,0.0213
1266,0.743176,0.0217
1267,0.750280,0.0226
1268,0.747930,0.0225
1269,0.749172,0.0228
1270,0.749212,0.0230
1271,0.751179,0.0233
1272,0.755662,0.0241
1273,0.755011,0.0241
1274,0.755406,0.0246
1275,0.762342,0.0252
1276,0.752874,0.0252
1277,0.751150,0.0256
1278,0.748224,0.0261
1279,0.743928,0.0264
1280,0.742306,0.0269
1281,0.739805,0.0275
1282,0.742646,0.0278
1283,0.750918,0.0285
1284,0.757449,0.0288
1285,0.762759,0.0293
1286,0.778364,0.0298
1287,0.776317,0.0303
1288,0.778101,0.0308
1289,0.773077,0.0320
1290,0.775615,0.0324
1291,0.776435,0.0331
1292,0.765947,0.0327
1293,0.763881,0.0330
1294,0.758034,0.0337
1295,0.756176,0.0340
1296,0.754901,0.0342
1297,0.745735,0.0346
1298,0.743969,0.0347
1299,0.736509,0.0349
1300,0.731328,0.0353
1301,0.736783,0.0365
1302,0.742018,0.0361
1303,0.748352,0.0371
1304,0.751753,0.0368
1305,0.753461,0.0370
1306,0.747526,0.0374
1307,0.740790,0.0386
1308,0.733747,0.0384
1309,0.727002,0.0390
1310,0.730376,0.0396
1311,0.729311,0.0400
1312,0.740916,0.0407
1313,0.764737,0.0412
1314,0.786021,0.0419
1315,0.794719,0.0421
1316,0.794839,0.0438
1317,0.787258,0.0436
1318,0.767431,0.0444
1319,0.755974,0.0453
1320,0.751215,0.0458
1321,0.751321,0.0470
1322,0.751761,0.0476
1323,0.758186,0.0484
1324,0.762814,0.0502
1325,0.761417,0.0501
1326,0.758779,0.0510
1327,0.748408,0.0519
1328,0.743739,0.0530
1329,0.734764,0.0540
1330,0.729070,0.0544
1331,0.728933,0.0557
1332,0.716758,0.0569
1333,0.712562,0.0592
1334,0.715589,0.0591
1335,0.722066,0.0602
1336,0.723719,0.0631
1337,0.723473,0.0625
1338,0.720554,0.0637
1339,0.715537,0.0653
1340,0.709546,0.0662
1341,0.706454,0.0694
1342,0.715865,0.0692
1343,0.728349,0.0705
1344,0.713910,0.0715
1345,0.718230,0.0728
1346,0.761788,0.0759
1347,0.780215,0.0739
1348,0.778629,0.0735
1349,0.746183,0.0733
1350,0.710290,0.0719
1351,0.716030,0.0711
1352,0.730124,0.0703
1353,0.733179,0.0698
1354,0.713070,0.0701
1355,0.695223,0.0677
1356,0.697808,0.0688
1357,0.713290,0.0662
1358,0.726971,0.0657
1359,0.722756,0.0653
1360,0.703777,0.0642
1361,0.695984,0.0637
1362,0.701282,0.0634
1363,0.707882,0.0640
1364,0.727636,0.0621
1365,0.745298,0.0617
1366,0.749486,0.0612
1367,0.762846,0.0607
1368,0.761052,0.0597
1369,0.767391,0.0589
1370,0.768239,0.0583
1371,0.753553,0.0580
1372,0.759272,0.0578
1373,0.772570,0.0583
1374,0.781137,0.0564
1375,0.775601,0.0560
1376,0.773091,0.0554
1377,0.775566,0.0547
1378,0.776647,0.0540
1379,0.779613,0.0537
1380,0.776737,0.0531
1381,0.757879,0.0540
1382,0.752971,0.0527
1383,0.749900,0.0522
1384,0.748011,0.0513
1385,0.739301,0.0513
1386,0.733409,0.0503
1387,0.723115,0.0515
1388,0.716058,0.0503
1389,0.714089,0.0502
1390,0.706864,0.0494
1391,0.710971,0.0483
1392,0.720582,0.0485
1393,0.721038,0.0478
1394,0.722234,0.0472
1395,0.719785,0.0473
1396,0.710944,0.0478
1397,0.699966,0.0466
1398,0.696537,0.0465
1399,0.694975,0.0477
1400,0.693888,0.0461
1401,0.691090,0.0463
1402,0.688470,0.0463
1403,0.688858,0.0471
1404,0.705280,0.0472
1405,0.697028,0.0474
1406,0.696727,0.0462
1407,0.697145,0.0468
1408,0.695672,0.0482
1409,0.694447,0.0465
1410,0.695061,0.0471
1411,0.702441,0.0476
1412,0.703135,0.0482
1413,0.705859,0.0473
1414,0.708280,0.0484
1415,0.707812,0.0477
1416,0.704156,0.0479
1417,0.698453,0.0489
1418,0.691772,0.0482
1419,0.687279,0.0492
1420,0.686150,0.0495
1421,0.686015,0.0496
1422,0.690570,0.0488
1423,0.693924,0.0490
1424,0.692890,0.0492
1425,0.693841,0.0508
1426,0.693786,0.0498
1427,0.690744,0.0500
1428,0.687461,0.0504
1429,0.684327,0.0506
1430,0.684166,0.0507
1431,0.686817,0.0509
1432,0.687695,0.0527
1433,0.687334,0.0528
1434,0.689090,0.0523
1435,0.685859,0.0523
1436,0.688647,0.0525
1437,0.701084,0.0529
1438,0.709906,0.0534
1439,0.712436,0.0543
1440,0.709917,0.0539
1441,0.701854,0.0539
1442,0.689798,0.0540
1443,0.681234,0.0545
1444,0.677090,0.0547
1445,0.675191,0.0551
1446,0.671858,0.0553
1447,0.670189,0.0560
1448,0.672612,0.0563
1449,0.669970,0.0582
1450,0.669578,0.0580
1451,0.673267,0.0572
1452,0.674760,0.0574
1453,0.677252,0.0577
1454,0.679088,0.0584
1455,0.673104,0.0601
1456,0.672800,0.0591
1457,0.669626,0.0608
1458,0.663390,0.0612
1459,0.669119,0.0603
1460,0.674968,0.0604
1461,0.682663,0.0608
1462,0.683314,0.0611
1463,0.685866,0.0631
1464,0.683513,0.0624
1465,0.678070,0.0624
1466,0.674203,0.0643
1467,0.677615,0.0635
1468,0.682648,0.0633
1469,0.678822,0.0640
1470,0.675649,0.0661
1471,0.675939,0.0649
1472,0.678998,0.0665
1473,0.674405,0.0654
1474,0.682807,0.0661
1475,0.703249,0.0663
1476,0.715086,0.0682
1477,0.716315,0.0669
1478,0.714695,0.0687
1479,0.705309,0.0680
1480,0.682091,0.0682
1481,0.677413,0.0682
1482,0.677095,0.0708
1483,0.679022,0.0689
1484,0.682455,0.0694
1485,0.688796,0.0699
1486,0.683761,0.0715
1487,0.675958,0.0702
1488,0.670227,0.0725
1489,0.668361,0.0709
1490,0.675848,0.0712
1491,0.680075,0.0713
1492,0.667885,0.0735
1493,0.670135,0.0736
1494,0.664670,0.0721
1495,0.658665,0.0720
1496,0.653684,0.0729
1497,0.653168,0.0724
1498,0.650547,0.0730
1499,0.658778,0.0736
1500,0.654043,0.0731
1501,0.645490,0.0734
1502,0.646808,0.0754
1503,0.645575,0.0742
1504,0.647986,0.0738
1505,0.652125,0.0742
1506,0.647910,0.0762
1507,0.652193,0.0750
1508,0.656053,0.0744
1509,0.656583,0.0749
1510,0.655801,0.0753
1511,0.659386,0.0758
1512,0.652145,0.0753
1513,0.651742,0.0753
1514,0.649951,0.0755
1515,0.656940,0.0759
1516,0.656764,0.0755
1517,0.646129,0.0752
1518,0.640763,0.0755
1519,0.636801,0.0758
1520,0.634696,0.0773
1521,0.633670,0.0768
1522,0.635070,0.0770
1523,0.630055,0.0770
1524,0.630682,0.0774
1525,0.628797,0.0769
1526,0.622845,0.0772
1527,0.635469,0.0770
1528,0.640513,0.0775
1529,0.642995,0.0770
1530,0.640141,0.0770
1531,0.630161,0.0770
1532,0.624394,0.0773
1533,0.626930,0.0774
1534,0.629345,0.0769
1535,0.632112,0.0753
1536,0.634580,0.0750
1537,0.628751,0.0756
1538,0.625929,0.0752
1539,0.627628,0.0752
1540,0.626598,0.0750
1541,0.627645,0.0757
1542,0.622674,0.0752
1543,0.620210,0.0751
1544,0.618104,0.0750
1545,0.624410,0.0755
1546,0.637182,0.0751
1547,0.637065,0.0752
1548,0.635544,0.0750
1549,0.633945,0.0755
1550,0.630292,0.0751
1551,0.629628,0.0753
1552,0.629653,0.0749
1553,0.627906,0.0771
1554,0.629994,0.0768
1555,0.635265,0.0769
1556,0.638602,0.0768
1557,0.637248,0.0770
1558,0.643912,0.0766
1559,0.657532,0.0767
1560,0.665153,0.0768
1561,0.665361,0.0751
1562,0.653748,0.0749
1563,0.645397,0.0747
1564,0.629371,0.0748
1565,0.622186,0.0752
1566,0.626492,0.0748
1567,0.628068,0.0765
1568,0.644349,0.0764
1569,0.642362,0.0767
1570,0.633888,0.0749
1571,0.634412,0.0747
1572,0.630062,0.0746
1573,0.629287,0.0748
1574,0.623858,0.0748
1575,0.611022,0.0745
1576,0.610088,0.0744
1577,0.608731,0.0748
1578,0.610947,0.0747
1579,0.611474,0.0746
1580,0.605663,0.0745
1581,0.599652,0.0750
1582,0.598252,0.0748
1583,0.594378,0.0746
1584,0.599636,0.0745
1585,0.591921,0.0748
1586,0.589843,0.0746
1587,0.590400,0.0745
1588,0.588988,0.0746
1589,0.584689,0.0748
1590,0.584016,0.0746
1591,0.606932,0.0746
1592,0.622866,0.0745
1593,0.635701,0.0747
1594,0.625971,0.0745
1595,0.618662,0.0744
1596,0.600611,0.0744
1597,0.593800,0.0746
1598,0.593590,0.0743
1599,0.597942,0.0743
1600,0.596394,0.0742
1601,0.594093,0.0744
1602,0.596467,0.0739
1603,0.588468,0.0741
1604,0.586006,0.0741
1605,0.582894,0.0741
1606,0.580806,0.0740
1607,0.581783,0.0741
1608,0.593571,0.0740
1609,0.609417,0.0760
1610,0.620022,0.0759
1611,0.631949,0.0759
1612,0.624706,0.0760
1613,0.616990,0.0760
1614,0.614102,0.0759
1615,0.600473,0.0760
1616,0.602960,0.0760
1617,0.609577,0.0760
1618,0.609840,0.0758
1619,0.601854,0.0741
1620,0.599802,0.0742
1621,0.605123,0.0744
1622,0.608366,0.0741
1623,0.600540,0.0742
1624,0.587599,0.0744
1625,0.580107,0.0746
1626,0.575131,0.0741
1627,0.584520,0.0743
1628,0.600701,0.0743
1629,0.599354,0.0745
1630,0.584454,0.0743
1631,0.581700,0.0745
1632,0.565668,0.0743
1633,0.569437,0.0743
1634,0.574932,0.0743
1635,0.594982,0.0744
1636,0.601733,0.0742
1637,0.590372,0.0745
1638,0.582505,0.0744
1639,0.583683,0.0744
1640,0.580607,0.0743
1641,0.584797,0.0746
1642,0.590745,0.0745
1643,0.578525,0.0744
1644,0.580155,0.0745
1645,0.578002,0.0746
1646,0.578784,0.0745
1647,0.570974,0.0744
1648,0.573412,0.0746
1649,0.575332,0.0747
1650,0.577146,0.0745
1651,0.577480,0.0745
1652,0.582880,0.0747
1653,0.578111,0.0747
1654,0.577297,0.0744
1655,0.574700,0.0746
1656,0.568812,0.0748
1657,0.566819,0.0747
1658,0.571669,0.0744
1659,0.566055,0.0746
1660,0.566205,0.0748
1661,0.573997,0.0747
1662,0.572503,0.0744
1663,0.573528,0.0747
1664,0.571936,0.0748
1665,0.567590,0.0745
1666,0.568937,0.0744
1667,0.565705,0.0746
1668,0.569713,0.0747
1669,0.569501,0.0744
1670,0.572033,0.0744
1671,0.570322,0.0746
1672,0.569961,0.0746
1673,0.564927,0.0745
1674,0.565488,0.0744
1675,0.563541,0.0746
1676,0.558141,0.0745
1677,0.560515,0.0744
1678,0.554127,0.0743
1679,0.557674,0.0745
1680,0.555095,0.0743
1681,0.552108,0.0743
1682,0.556054,0.0742
1683,0.551757,0.0742
1684,0.548477,0.0741
1685,0.548807,0.0742
1686,0.549951,0.0741
1687,0.548316,0.0742
1688,0.554878,0.0741
1689,0.560651,0.0743
1690,0.562894,0.0740
1691,0.565291,0.0741
1692,0.562916,0.0741
1693,0.560271,0.0742
1694,0.560465,0.0741
1695,0.559831,0.0742
1696,0.559232,0.0741
1697,0.556824,0.0741
1698,0.557773,0.0741
1699,0.552958,0.0743
1700,0.561519,0.0739
1701,0.555005,0.0741
1702,0.556815,0.0740
1703,0.550051,0.0742
1704,0.548254,0.0740
1705,0.541779,0.0741
1706,0.541586,0.0740
1707,0.543983,0.0741
1708,0.549927,0.0740
1709,0.550878,0.0741
1710,0.549755,0.0740
1711,0.545763,0.0739
1712,0.544945,0.0740
1713,0.544397,0.0740
1714,0.544334,0.0740
1715,0.552874,0.0739
1716,0.553721,0.0739
1717,0.553353,0.0739
1718,0.549868,0.0739
1719,0.545946,0.0739
1720,0.540365,0.0739
1721,0.541460,0.0739
1722,0.541735,0.0739
1723,0.537188,0.0739
1724,0.543765,0.0739
1725,0.543689,0.0739
1726,0.548273,0.0739
1727,0.553723,0.0740
1728,0.554853,0.0739
1729,0.549320,0.0739
1730,0.558580,0.0739
1731,0.562102,0.0739
1732,0.559278,0.0739
1733,0.550463,0.0739
1734,0.548748,0.0739
1735,0.553223,0.0739
1736,0.550026,0.0739
1737,0.540629,0.0739
1738,0.602879,0.0739
1739,0.648606,0.0739
1740,0.669916,0.0739
1741,0.666733,0.0739
1742,0.690652,0.0741
1743,0.691004,0.0741
1744,0.676556,0.0740
1745,0.703450,0.0741
1746,0.681752,0.0740
1747,0.668351,0.0740
1748,0.656150,0.0741
1749,0.639249,0.0740
1750,0.625016,0.0740
1751,0.601257,0.0740
1752,0.619974,0.0740
1753,0.584082,0.0739
1754,0.552111,0.0739
1755,0.537419,0.0739
1756,0.529956,0.0758
1757,0.536175,0.0758
1758,0.534830,0.0758
1759,0.546793,0.0741
1760,0.540642,0.0741
1761,0.534756,0.0741
1762,0.528457,0.0741
1763,0.528852,0.0741
1764,0.530965,0.0740
1765,0.520111,0.0741
1766,0.514938,0.0739
1767,0.521060,0.0741
1768,0.522799,0.0740
1769,0.526151,0.0741
1770,0.521781,0.0740
1771,0.512562,0.0740
1772,0.515491,0.0739
1773,0.508610,0.0740
1774,0.510024,0.0758
1775,0.508032,0.0759
1776,0.511047,0.0758
1777,0.507664,0.0759
1778,0.511337,0.0758
1779,0.503885,0.0759
1780,0.507338,0.0758
1781,0.504116,0.0759
1782,0.503808,0.0758
1783,0.503458,0.0759
1784,0.502975,0.0741
1785,0.499206,0.0742
1786,0.499125,0.0741
1787,0.498083,0.0742
1788,0.496281,0.0741
1789,0.498257,0.0742
1790,0.501066,0.0741
1791,0.504496,0.0741
1792,0.503189,0.0741
1793,0.507673,0.0741
1794,0.508016,0.0741
1795,0.509416,0.0741
1796,0.506270,0.0741
1797,0.508548,0.0741
1798,0.507608,0.0741
1799,0.506217,0.0741
1800,0.501585,0.0741
1801,0.501855,0.0741
1802,0.500009,0.0741
1803,0.493382,0.0741
1804,0.496766,0.0741
1805,0.498827,0.0741
1806,0.495947,0.0741
1807,0.494410,0.0741
1808,0.495268,0.0741
1809,0.498248,0.0741
1810,0.500372,0.0741
1811,0.509124,0.0740
1812,0.513257,0.0739
1813,0.517163,0.0740
1814,0.524046,0.0741
1815,0.520713,0.0741
1816,0.523804,0.0741
1817,0.512772,0.0741
1818,0.511433,0.0741
1819,0.509394,0.0741
1820,0.507826,0.0741
1821,0.504819,0.0741
1822,0.503650,0.0741
1823,0.503175,0.0742
1824,0.504088,0.0741
1825,0.503808,0.0741
1826,0.501468,0.0741
1827,0.502509,0.0741
1828,0.506025,0.0741
1829,0.503083,0.0741
1830,0.502277,0.0741
1831,0.505091,0.0742
1832,0.505710,0.0741
1833,0.506679,0.0742
1834,0.507362,0.0741
1835,0.505176,0.0741
1836,0.500212,0.0741
1837,0.497691,0.0741
1838,0.493132,0.0740
1839,0.496745,0.0740
1840,0.499953,0.0740
1841,0.506414,0.0740
1842,0.507348,0.0740
1843,0.508990,0.0740
1844,0.512732,0.0740
1845,0.527873,0.0739
1846,0.538164,0.0740
1847,0.541478,0.0740
1848,0.538822,0.0740
1849,0.525261,0.0740
1850,0.509854,0.0740
1851,0.496605,0.0740
1852,0.495355,0.0739
1853,0.494462,0.0741
1854,0.504417,0.0741
1855,0.507382,0.0741
1856,0.506850,0.0742
1857,0.507329,0.0741
1858,0.505017,0.0741
1859,0.502502,0.0741
1860,0.504417,0.0741
1861,0.497751,0.0741
1862,0.494733,0.0741
1863,0.494638,0.0741
1864,0.490460,0.0742
1865,0.489015,0.0742
1866,0.484907,0.0742
1867,0.485702,0.0742
1868,0.483576,0.0740
1869,0.486196,0.0740
1870,0.484985,0.0740
1871,0.486927,0.0740
1872,0.489881,0.0740
1873,0.494979,0.0740
1874,0.495427,0.0740
1875,0.502937,0.0740
1876,0.499244,0.0740
1877,0.500657,0.0740
1878,0.496820,0.0740
1879,0.495238,0.0740
1880,0.493394,0.0740
1881,0.485628,0.0740
1882,0.490883,0.0740
1883,0.483206,0.0740
1884,0.479595,0.0740
1885,0.480977,0.0740
1886,0.485016,0.0740
1887,0.482956,0.0740
1888,0.481815,0.0740
1889,0.478798,0.0740
1890,0.484431,0.0740
1891,0.484993,0.0740
1892,0.480486,0.0740
1893,0.479714,0.0740
1894,0.476409,0.0740
1895,0.475660,0.0742
1896,0.476149,0.0741
1897,0.469440,0.0741
1898,0.466100,0.0742
1899,0.471930,0.0741
1900,0.464830,0.0741
1901,0.476385,0.0741
1902,0.472350,0.0741
1903,0.470785,0.0741
1904,0.470441,0.0742
1905,0.469143,0.0742
1906,0.471936,0.0742
1907,0.469682,0.0759
1908,0.473235,0.0759
1909,0.468235,0.0759
1910,0.467975,0.0759
1911,0.462560,0.0759
1912,0.470058,0.0759
1913,0.471652,0.0759
1914,0.469553,0.0759
1915,0.466160,0.0759
1916,0.464224,0.0759
1917,0.459608,0.0759
1918,0.459612,0.0760
1919,0.467384,0.0759
1920,0.466753,0.0759
1921,0.470909,0.0741
1922,0.467813,0.0742
1923,0.461210,0.0742
1924,0.464232,0.0742
1925,0.463379,0.0742
1926,0.457623,0.0742
1927,0.455277,0.0742
1928,0.454882,0.0741
1929,0.453915,0.0741
1930,0.458776,0.0741
1931,0.463715,0.0741
1932,0.464862,0.0742
1933,0.464373,0.0741
1934,0.464598,0.0741
1935,0.462214,0.0741
1936,0.461836,0.0741
1937,0.462263,0.0741
1938,0.463299,0.0741
1939,0.466444,0.0742
1940,0.462871,0.0742
1941,0.458474,0.0742
1942,0.462523,0.0741
1943,0.460626,0.0742
1944,0.467558,0.0742
1945,0.471147,0.0742
1946,0.464385,0.0742
1947,0.469118,0.0742
1948,0.463958,0.0742
1949,0.471805,0.0742
1950,0.476427,0.0742
1951,0.475039,0.0742
1952,0.474249,0.0742
1953,0.469736,0.0742
1954,0.480444,0.0742
1955,0.486790,0.0742
1956,0.486651,0.0742
1957,0.487168,0.0742
1958,0.480790,0.0742
1959,0.481920,0.0742
1960,0.485384,0.0742
1961,0.488008,0.0742
1962,0.479005,0.0742
1963,0.475389,0.0742
1964,0.485328,0.0742
1965,0.494838,0.0742
1966,0.500267,0.0742
1967,0.491346,0.0742
1968,0.483296,0.0742
1969,0.481183,0.0742
1970,0.475467,0.0742
1971,0.474455,0.0742
1972,0.470831,0.0742
1973,0.475390,0.0742
1974,0.466104,0.0741
1975,0.459736,0.0738
1976,0.463178,0.0737
1977,0.469463,0.0736
1978,0.465445,0.0736
1979,0.466035,0.0736
1980,0.463696,0.0737
1981,0.457604,0.0736
1982,0.455495,0.0737
1983,0.455393,0.0737
1984,0.455384,0.0737
1985,0.454234,0.0737
1986,0.450461,0.0736
1987,0.456121,0.0736
1988,0.454659,0.0736
1989,0.454366,0.0737
1990,0.451863,0.0737
1991,0.448586,0.0736
1992,0.471821,0.0737
1993,0.481206,0.0736
1994,0.478990,0.0736
1995,0.480240,0.0736
1996,0.469821,0.0736
1997,0.465267,0.0736
1998,0.469475,0.0737
1999,0.474511,0.0736
2000,0.480861,0.0737
2001,0.488021,0.0736
2002,0.489016,0.0739
2003,0.492503,0.0737
2004,0.489936,0.0736
2005,0.492250,0.0736
2006,0.493425,0.0737
2007,0.487144,0.0736
2008,0.490051,0.0736
2009,0.488710,0.0736
2010,0.488424,0.0737
2011,0.485004,0.0737
2012,0.487268,0.0737
2013,0.483300,0.0736
2014,0.478148,0.0736
2015,0.478815,0.0737
2016,0.477369,0.0737
2017,0.471516,0.0737
2018,0.470414,0.0737
2019,0.470828,0.0737
2020,0.468627,0.0737
2021,0.468257,0.0737
2022,0.471187,0.0737
2023,0.470805,0.0736
2024,0.474561,0.0737
2025,0.469448,0.0737
2026,0.470382,0.0737
2027,0.475120,0.0736
2028,0.478770,0.0737
2029,0.478190,0.0736
2030,0.474203,0.0737
2031,0.472952,0.0736
2032,0.471818,0.0736
2033,0.475898,0.0737
2034,0.474173,0.0737
2035,0.470155,0.0736
2036,0.461425,0.0737
2037,0.459547,0.0736
2038,0.457367,0.0737
2039,0.457122,0.0737
2040,0.455981,0.0737
2041,0.453170,0.0736
2042,0.451950,0.0737
2043,0.453082,0.0737
2044,0.452896,0.0737
2045,0.462654,0.0736
2046,0.458252,0.0737
2047,0.452770,0.0736
2048,0.444812,0.0737
2049,0.452120,0.0737
2050,0.448874,0.0737
2051,0.449316,0.0736
2052,0.450684,0.0736
2053,0.453004,0.0736
2054,0.447879,0.0737
2055,0.445703,0.0737
2056,0.443302,0.0737
2057,0.441109,0.0737
2058,0.441752,0.0737
2059,0.443946,0.0737
2060,0.442394,0.0737
2061,0.445889,0.0736
2062,0.446502,0.0737
2063,0.447875,0.0754
2064,0.445418,0.0754
2065,0.449237,0.0754
2066,0.449735,0.0754
2067,0.515123,0.0754
2068,0.535578,0.0754
2069,0.544520,0.0754
2070,0.541849,0.0754
2071,0.528016,0.0754
2072,0.515275,0.0754
2073,0.508085,0.0754
2074,0.501307,0.0754
2075,0.503590,0.0754
2076,0.515249,0.0754
2077,0.519869,0.0754
2078,0.521050,0.0735
2079,0.530923,0.0735
2080,0.533106,0.0735
2081,0.532781,0.0735
2082,0.530776,0.0736
2083,0.519001,0.0736
2084,0.501714,0.0736
2085,0.490811,0.0736
2086,0.482766,0.0736
2087,0.478333,0.0736
2088,0.479658,0.0736
2089,0.483217,0.0736
2090,0.483614,0.0736
2091,0.486822,0.0736
2092,0.481002,0.0736
2093,0.480033,0.0736
2094,0.475115,0.0736
2095,0.467724,0.0736
2096,0.469502,0.0736
2097,0.469832,0.0736
2098,0.466902,0.0736
2099,0.467740,0.0735
2100,0.487385,0.0736
2101,0.502321,0.0735
2102,0.502268,0.0736
2103,0.501761,0.0736
2104,0.501067,0.0735
2105,0.495059,0.0735
2106,0.494610,0.0735
2107,0.490532,0.0736
2108,0.481233,0.0736
2109,0.476947,0.0736
2110,0.466351,0.0736
2111,0.465394,0.0736
2112,0.461183,0.0736
2113,0.461095,0.0735
2114,0.459189,0.0736
2115,0.454347,0.0736
2116,0.451746,0.0736
2117,0.450530,0.0736
2118,0.450904,0.0736
2119,0.446396,0.0736
2120,0.447463,0.0736
2121,0.444916,0.0736
2122,0.440219,0.0736
2123,0.440167,0.0736
2124,0.441295,0.0736
2125,0.439862,0.0736
2126,0.432121,0.0736
2127,0.430964,0.0736
2128,0.429391,0.0736
2129,0.430288,0.0736
2130,0.430611,0.0736
2131,0.431338,0.0736
2132,0.437070,0.0736
2133,0.434663,0.0736
2134,0.436710,0.0736
2135,0.432937,0.0736
2136,0.440532,0.0736
2137,0.453004,0.0736
2138,0.446968,0.0736
2139,0.438406,0.0736
2140,0.430161,0.0737
2141,0.421217,0.0736
2142,0.432852,0.0736
2143,0.434367,0.0736
2144,0.426960,0.0736
2145,0.418898,0.0736
2146,0.420615,0.0736
2147,0.428152,0.0737
2148,0.430474,0.0738
2149,0.421812,0.0737
2150,0.417396,0.0738
2151,0.422480,0.0737
2152,0.431961,0.0738
2153,0.440446,0.0737
2154,0.443660,0.0738
2155,0.439383,0.0737
2156,0.432582,0.0738
2157,0.436281,0.0737
2158,0.439892,0.0738
2159,0.437000,0.0738
2160,0.432170,0.0738
2161,0.431118,0.0737
2162,0.426055,0.0738
2163,0.429579,0.0737
2164,0.428872,0.0738
2165,0.422612,0.0737
2166,0.432504,0.0737
2167,0.429897,0.0737
2168,0.435425,0.0737
2169,0.429239,0.0737
2170,0.427346,0.0738
2171,0.421338,0.0738
2172,0.424196,0.0738
2173,0.421539,0.0738
2174,0.427587,0.0738
2175,0.432386,0.0738
2176,0.422929,0.0737
2177,0.413036,0.0737
2178,0.420757,0.0737
2179,0.422513,0.0737
2180,0.428658,0.0736
2181,0.429477,0.0737
2182,0.423273,0.0737
2183,0.415859,0.0737
2184,0.411294,0.0736
2185,0.411825,0.0736
2186,0.415976,0.0737
2187,0.419415,0.0737
2188,0.415129,0.0737
2189,0.412294,0.0737
2190,0.409180,0.0737
2191,0.420664,0.0737
2192,0.421456,0.0737
2193,0.441519,0.0737
2194,0.455173,0.0737
2195,0.456374,0.0737
2196,0.453173,0.0737
2197,0.443752,0.0738
2198,0.434569,0.0737
2199,0.432898,0.0737
2200,0.431965,0.0737
2201,0.435668,0.0737
2202,0.433496,0.0754
2203,0.425864,0.0755
2204,0.421489,0.0755
2205,0.416513,0.0755
2206,0.419003,0.0754
2207,0.415755,0.0755
2208,0.417631,0.0754
2209,0.413269,0.0755
2210,0.420642,0.0754
2211,0.422925,0.0755
2212,0.427289,0.0754
2213,0.421890,0.0754
2214,0.422209,0.0754
2215,0.419530,0.0755
2216,0.420977,0.0755
2217,0.425987,0.0754
2218,0.420939,0.0754
2219,0.414961,0.0754
2220,0.412384,0.0754
2221,0.408059,0.0754
2222,0.411689,0.0754
2223,0.412767,0.0754
2224,0.409037,0.0754
2225,0.414392,0.0755
2226,0.424532,0.0754
2227,0.425488,0.0755
2228,0.430911,0.0755
2229,0.428435,0.0755
2230,0.423252,0.0755
2231,0.421147,0.0755
2232,0.413738,0.0755
2233,0.410017,0.0755
2234,0.409811,0.0754
2235,0.410868,0.0754
2236,0.421761,0.0736
2237,0.422882,0.0736
2238,0.417485,0.0736
2239,0.420325,0.0736
2240,0.413423,0.0736
2241,0.414623,0.0736
2242,0.410054,0.0736
2243,0.408755,0.0736
2244,0.411207,0.0736
2245,0.404485,0.0736
2246,0.402874,0.0736
2247,0.403215,0.0736
2248,0.397887,0.0736
2249,0.402616,0.0736
2250,0.398136,0.0736
2251,0.398559,0.0738
2252,0.398656,0.0738
2253,0.402145,0.0738
2254,0.404261,0.0738
2255,0.404983,0.0738
2256,0.403881,0.0738
2257,0.398907,0.0738
2258,0.403440,0.0738
2259,0.413652,0.0738
2260,0.423565,0.0738
2261,0.424423,0.0738
2262,0.421842,0.0737
2263,0.414822,0.0738
2264,0.410935,0.0738
2265,0.413779,0.0738
2266,0.415365,0.0738
2267,0.413626,0.0738
2268,0.413344,0.0738
2269,0.415227,0.0738
2270,0.414288,0.0738
2271,0.413356,0.0738
2272,0.409696,0.0738
2273,0.404739,0.0738
2274,0.407177,0.0738
2275,0.402090,0.0738
2276,0.397946,0.0738
2277,0.400268,0.0738
2278,0.399548,0.0739
2279,0.398425,0.0738
2280,0.393125,0.0738
2281,0.394489,0.0738
2282,0.393157,0.0738
2283,0.393793,0.0738
2284,0.391818,0.0738
2285,0.392140,0.0738
2286,0.392118,0.0738
2287,0.390109,0.0738
2288,0.386285,0.0738
2289,0.389687,0.0738
2290,0.390427,0.0738
2291,0.393311,0.0738
2292,0.394946,0.0738
2293,0.399787,0.0737
2294,0.398456,0.0738
2295,0.398502,0.0738
2296,0.394980,0.0738
2297,0.394146,0.0738
2298,0.392469,0.0738
2299,0.390538,0.0738
2300,0.388987,0.0738
2301,0.386279,0.0738
2302,0.382763,0.0738
2303,0.384650,0.0738
2304,0.380708,0.0738
2305,0.383085,0.0738
2306,0.383825,0.0738
2307,0.384280,0.0737
2308,0.385145,0.0737
2309,0.390586,0.0737
2310,0.388144,0.0737
2311,0.389541,0.0737
2312,0.385865,0.0737
2313,0.386232,0.0737
2314,0.383111,0.0737
2315,0.381600,0.0737
2316,0.379445,0.0737
2317,0.376327,0.0737
2318,0.381691,0.0737
2319,0.381486,0.0737
2320,0.381215,0.0737
2321,0.383391,0.0737
2322,0.384499,0.0737
2323,0.380976,0.0737
2324,0.384245,0.0737
2325,0.386353,0.0737
2326,0.387218,0.0737
2327,0.391402,0.0737
2328,0.389198,0.0736
2329,0.390030,0.0737
2330,0.394113,0.0737
2331,0.391175,0.0737
2332,0.397514,0.0736
2333,0.395249,0.0737
2334,0.396191,0.0737
2335,0.393314,0.0737
2336,0.395504,0.0737
2337,0.397648,0.0737
2338,0.401196,0.0737
2339,0.400201,0.0737
2340,0.399385,0.0737
2341,0.400605,0.0737
2342,0.412991,0.0736
2343,0.426982,0.0737
2344,0.437200,0.0737
2345,0.452616,0.0737
2346,0.466971,0.0736
2347,0.473386,0.0737
2348,0.487115,0.0736
2349,0.499751,0.0737
2350,0.502921,0.0737
2351,0.506706,0.0737
2352,0.505392,0.0737
2353,0.498837,0.0736
2354,0.495923,0.0737
2355,0.493073,0.0736
2356,0.486720,0.0737
2357,0.476178,0.0736
2358,0.465741,0.0737
2359,0.456713,0.0755
2360,0.451569,0.0755
2361,0.444657,0.0755
2362,0.437032,0.0755
2363,0.437213,0.0755
2364,0.434347,0.0755
2365,0.431256,0.0755
2366,0.423610,0.0755
2367,0.414780,0.0755
2368,0.414863,0.0755
2369,0.411141,0.0755
2370,0.414506,0.0755
2371,0.412966,0.0755
2372,0.413941,0.0755
2373,0.408919,0.0755
2374,0.417446,0.0755
2375,0.423432,0.0755
2376,0.427057,0.0755
2377,0.425169,0.0755
2378,0.426757,0.0756
2379,0.425107,0.0755
2380,0.426546,0.0756
2381,0.426770,0.0756
2382,0.432624,0.0756
2383,0.437567,0.0755
2384,0.439982,0.0756
2385,0.443063,0.0755
2386,0.450374,0.0755
2387,0.448057,0.0755
2388,0.444743,0.0755
2389,0.436308,0.0755
2390,0.423393,0.0755
2391,0.415740,0.0755
2392,0.415285,0.0755
2393,0.407862,0.0755
2394,0.407270,0.0756
2395,0.416266,0.0756
2396,0.432134,0.0736
2397,0.435041,0.0737
2398,0.446845,0.0737
2399,0.449529,0.0737
2400,0.445187,0.0737
2401,0.446175,0.0737
2402,0.448062,0.0737
2403,0.439451,0.0737
2404,0.427606,0.0737
2405,0.415067,0.0737
2406,0.429651,0.0737
2407,0.436915,0.0737
2408,0.440006,0.0737
2409,0.440240,0.0737
2410,0.438396,0.0737
2411,0.431665,0.0737
2412,0.420822,0.0737
2413,0.415138,0.0737
2414,0.403689,0.0737
2415,0.393187,0.0738
2416,0.385580,0.0737
2417,0.380645,0.0737
2418,0.380398,0.0737
2419,0.387181,0.0737
2420,0.389527,0.0739
2421,0.389708,0.0738
2422,0.387534,0.0739
2423,0.387052,0.0738
2424,0.384796,0.0738
2425,0.381279,0.0739
2426,0.377520,0.0738
2427,0.373802,0.0739
2428,0.372191,0.0739
2429,0.371921,0.0738
2430,0.368866,0.0738
2431,0.369570,0.0738
2432,0.368317,0.0739
2433,0.367609,0.0739
2434,0.371917,0.0739
2435,0.372359,0.0739
2436,0.374860,0.0739
2437,0.373887,0.0739
2438,0.375738,0.0739
2439,0.377526,0.0738
2440,0.373866,0.0738
2441,0.369022,0.0738
2442,0.370786,0.0738
2443,0.372996,0.0738
2444,0.372985,0.0738
2445,0.367639,0.0739
2446,0.366212,0.0738
2447,0.366349,0.0738
2448,0.364928,0.0739
2449,0.364938,0.0738
2450,0.368209,0.0739
2451,0.372094,0.0739
2452,0.372775,0.0739
2453,0.378737,0.0738
2454,0.385532,0.0739
2455,0.389612,0.0739
2456,0.390659,0.0738
2457,0.391004,0.0738
2458,0.389334,0.0739
2459,0.386583,0.0738
2460,0.385005,0.0738
2461,0.379374,0.0739
2462,0.374501,0.0738
2463,0.376378,0.0739
2464,0.379163,0.0738
2465,0.377555,0.0738
2466,0.377371,0.0738
2467,0.374657,0.0738
2468,0.373490,0.0738
2469,0.370298,0.0739
2470,0.368851,0.0738
2471,0.369159,0.0738
2472,0.375447,0.0739
2473,0.374216,0.0738
2474,0.371934,0.0738
2475,0.367538,0.0738
2476,0.369398,0.0739
2477,0.370926,0.0739
2478,0.367030,0.0756
2479,0.370617,0.0756
2480,0.368891,0.0756
2481,0.369510,0.0756
2482,0.370080,0.0756
2483,0.379410,0.0756
2484,0.385904,0.0756
2485,0.385874,0.0756
2486,0.387521,0.0756
2487,0.392525,0.0756
2488,0.385400,0.0756
2489,0.384497,0.0757
2490,0.378802,0.0756
2491,0.375805,0.0756
2492,0.373755,0.0755
2493,0.374850,0.0756
2494,0.375766,0.0756
2495,0.371001,0.0756
2496,0.375386,0.0756
2497,0.375396,0.0737
2498,0.371949,0.0737
2499,0.363733,0.0737
2500,0.363104,0.0737
2501,0.363290,0.0737
2502,0.361873,0.0737
2503,0.362324,0.0737
2504,0.363060,0.0737
2505,0.358992,0.0737
2506,0.363379,0.0737
2507,0.372482,0.0737
2508,0.374308,0.0737
2509,0.373872,0.0737
2510,0.372192,0.0737
2511,0.370168,0.0737
2512,0.367179,0.0738
2513,0.369074,0.0737
2514,0.370321,0.0737
2515,0.374286,0.0737
2516,0.370866,0.0737
2517,0.373377,0.0737
2518,0.370265,0.0737
2519,0.370556,0.0737
2520,0.367877,0.0737
2521,0.368050,0.0737
2522,0.368443,0.0737
2523,0.365376,0.0737
2524,0.367171,0.0737
2525,0.365781,0.0737
2526,0.366363,0.0737
2527,0.367263,0.0737
2528,0.364061,0.0737
2529,0.364466,0.0737
2530,0.365635,0.0737
2531,0.362466,0.0737
2532,0.361015,0.0737
2533,0.371080,0.0737
2534,0.370957,0.0737
2535,0.365541,0.0737
2536,0.363519,0.0738
2537,0.364566,0.0737
2538,0.361074,0.0737
2539,0.360060,0.0737
2540,0.360304,0.0737
2541,0.358711,0.0737
2542,0.355567,0.0737
2543,0.354530,0.0737
2544,0.359930,0.0737
2545,0.363561,0.0737
2546,0.357870,0.0737
2547,0.359068,0.0737
2548,0.361659,0.0737
2549,0.361363,0.0737
2550,0.356028,0.0737
2551,0.354914,0.0737
2552,0.356036,0.0739
2553,0.357150,0.0738
2554,0.353827,0.0737
2555,0.358611,0.0737
2556,0.357780,0.0737
2557,0.359656,0.0737
2558,0.360520,0.0737
2559,0.363344,0.0737
2560,0.359528,0.0737
2561,0.358009,0.0737
2562,0.360158,0.0737
2563,0.365304,0.0738
2564,0.363537,0.0737
2565,0.365259,0.0737
2566,0.364060,0.0737
2567,0.363063,0.0737
2568,0.362428,0.0737
2569,0.361907,0.0737
2570,0.363437,0.0738
2571,0.358409,0.0737
2572,0.357170,0.0737
2573,0.358518,0.0737
2574,0.353193,0.0737
2575,0.355957,0.0737
2576,0.356128,0.0737
2577,0.355618,0.0737
2578,0.354639,0.0737
2579,0.354104,0.0737
2580,0.351838,0.0737
2581,0.351830,0.0736
2582,0.356289,0.0756
2583,0.351289,0.0755
2584,0.351335,0.0755
2585,0.351247,0.0755
2586,0.354138,0.0755
2587,0.356763,0.0755
2588,0.357565,0.0755
2589,0.355330,0.0755
2590,0.354308,0.0756
2591,0.355897,0.0756
2592,0.354617,0.0756
2593,0.354116,0.0737
2594,0.359382,0.0738
2595,0.360023,0.0756
2596,0.364037,0.0757
2597,0.362760,0.0756
2598,0.359506,0.0756
2599,0.358388,0.0756
2600,0.355313,0.0757
2601,0.351918,0.0756
2602,0.355642,0.0757
2603,0.367772,0.0756
2604,0.368786,0.0756
2605,0.377742,0.0756
2606,0.374751,0.0757
2607,0.372307,0.0757
2608,0.364023,0.0756
2609,0.357746,0.0756
2610,0.360146,0.0756
2611,0.357727,0.0756
2612,0.357748,0.0757
2613,0.358444,0.0756
2614,0.358278,0.0757
2615,0.359999,0.0757
2616,0.360315,0.0756
2617,0.362153,0.0756
2618,0.367043,0.0756
2619,0.365367,0.0756
2620,0.362531,0.0756
2621,0.356537,0.0757
2622,0.356700,0.0757
2623,0.358139,0.0757
2624,0.351656,0.0757
2625,0.348871,0.0756
2626,0.356220,0.0756
2627,0.363939,0.0756
2628,0.366331,0.0756
2629,0.361119,0.0756
2630,0.359992,0.0757
2631,0.358866,0.0756
2632,0.359573,0.0756
2633,0.356333,0.0757
2634,0.357231,0.0738
2635,0.352142,0.0738
2636,0.350977,0.0738
2637,0.349268,0.0737
2638,0.345527,0.0756
2639,0.346189,0.0756
2640,0.347675,0.0756
2641,0.351252,0.0756
2642,0.353881,0.0756
2643,0.352849,0.0756
2644,0.353463,0.0756
2645,0.353110,0.0756
2646,0.352367,0.0756
2647,0.351490,0.0757
2648,0.355461,0.0756
2649,0.358850,0.0756
2650,0.362693,0.0756
2651,0.362771,0.0756
2652,0.357734,0.0756
2653,0.350339,0.0756
2654,0.344713,0.0756
2655,0.345788,0.0756
2656,0.347850,0.0756
2657,0.348989,0.0756
2658,0.348721,0.0756
2659,0.349270,0.0756
2660,0.352103,0.0756
2661,0.350642,0.0756
2662,0.350561,0.0756
2663,0.353318,0.0756
2664,0.359831,0.0756
2665,0.362688,0.0756
2666,0.356528,0.0756
2667,0.352797,0.0756
2668,0.352022,0.0756
2669,0.349693,0.0756
2670,0.346322,0.0756
2671,0.348108,0.0738
2672,0.347315,0.0738
2673,0.347563,0.0738
2674,0.349028,0.0738
2675,0.347311,0.0738
2676,0.344941,0.0738
2677,0.347846,0.0737
2678,0.350446,0.0738
2679,0.358798,0.0738
2680,0.356454,0.0738
2681,0.356274,0.0737
2682,0.359120,0.0738
2683,0.361113,0.0738
2684,0.360728,0.0738
2685,0.358039,0.0737
2686,0.353796,0.0738
2687,0.354617,0.0738
2688,0.349644,0.0739
2689,0.354270,0.0738
2690,0.360376,0.0738
2691,0.363884,0.0738
2692,0.361719,0.0738
2693,0.358515,0.0738
2694,0.356742,0.0738
2695,0.356412,0.0737
2696,0.356766,0.0737
2697,0.354747,0.0738
2698,0.354370,0.0738
2699,0.358988,0.0738
2700,0.359335,0.0756
2701,0.363550,0.0756
2702,0.364081,0.0756
2703,0.364155,0.0756
2704,0.364686,0.0756
2705,0.361898,0.0756
2706,0.359131,0.0756
2707,0.351686,0.0756
2708,0.348857,0.0756
2709,0.348673,0.0756
2710,0.353280,0.0757
2711,0.349044,0.0756
2712,0.346284,0.0757
2713,0.346378,0.0756
2714,0.343060,0.0756
2715,0.341379,0.0756
2716,0.339637,0.0756
2717,0.336675,0.0756
2718,0.337861,0.0756
2719,0.336637,0.0756
2720,0.337538,0.0756
2721,0.337021,0.0757
2722,0.338997,0.0757
2723,0.336884,0.0757
2724,0.337818,0.0756
2725,0.336409,0.0757
2726,0.336925,0.0757
2727,0.341400,0.0757
2728,0.341341,0.0757
2729,0.339689,0.0739
2730,0.338537,0.0739
2731,0.336323,0.0740
2732,0.335942,0.0740
2733,0.336804,0.0739
2734,0.338168,0.0739
2735,0.339917,0.0740
2736,0.339678,0.0740
2737,0.343783,0.0740
2738,0.337337,0.0740
2739,0.339730,0.0740
2740,0.335320,0.0740
2741,0.336540,0.0739
2742,0.335678,0.0739
2743,0.333379,0.0739
2744,0.334455,0.0740
2745,0.339671,0.0740
2746,0.340230,0.0739
2747,0.339718,0.0739
2748,0.338877,0.0740
2749,0.340726,0.0740
2750,0.342913,0.0740
2751,0.339344,0.0740
2752,0.337487,0.0740
2753,0.337402,0.0739
2754,0.337606,0.0740
2755,0.332942,0.0740
2756,0.336931,0.0739
2757,0.335957,0.0739
2758,0.335545,0.0739
2759,0.334856,0.0740
2760,0.333553,0.0740
2761,0.334987,0.0740
2762,0.337121,0.0740
2763,0.339673,0.0740
2764,0.337350,0.0740
2765,0.341747,0.0740
2766,0.339216,0.0740
2767,0.336751,0.0740
2768,0.337065,0.0740
2769,0.337881,0.0740
2770,0.333888,0.0740
2771,0.336474,0.0740
2772,0.334808,0.0740
2773,0.335895,0.0740
2774,0.336708,0.0740
2775,0.332188,0.0740
2776,0.332806,0.0740
2777,0.331711,0.0740
2778,0.331499,0.0739
2779,0.332029,0.0740
2780,0.333049,0.0740
2781,0.331482,0.0740
2782,0.331668,0.0740
2783,0.331810,0.0740
2784,0.333309,0.0740
2785,0.331928,0.0740
2786,0.334714,0.0740
2787,0.333370,0.0740
2788,0.336860,0.0740
2789,0.335663,0.0740
2790,0.344781,0.0740
2791,0.347324,0.0740
2792,0.343068,0.0740
2793,0.341200,0.0740
2794,0.341159,0.0740
2795,0.341220,0.0740
2796,0.341923,0.0740
2797,0.341785,0.0738
2798,0.341123,0.0739
2799,0.339739,0.0738
2800,0.337668,0.0739
2801,0.337382,0.0738
2802,0.336259,0.0739
2803,0.335662,0.0739
2804,0.334315,0.0739
2805,0.335618,0.0739
2806,0.333699,0.0739
2807,0.335054,0.0738
2808,0.339461,0.0739
2809,0.337406,0.0738
2810,0.346453,0.0739
2811,0.355994,0.0738
2812,0.365357,0.0739
2813,0.371986,0.0738
2814,0.373090,0.0738
2815,0.373084,0.0738
2816,0.372381,0.0739
2817,0.375365,0.0738
2818,0.377079,0.0739
2819,0.371899,0.0738
2820,0.372870,0.0738
2821,0.366413,0.0738
2822,0.367522,0.0739
2823,0.370407,0.0738
2824,0.369813,0.0738
2825,0.369748,0.0739
2826,0.368499,0.0738
2827,0.368327,0.0738
2828,0.361045,0.0739
2829,0.358982,0.0738
2830,0.357764,0.0738
2831,0.350343,0.0738
2832,0.346570,0.0739
2833,0.344516,0.0739
2834,0.346158,0.0738
2835,0.344392,0.0757
2836,0.340173,0.0757
2837,0.342564,0.0757
2838,0.342622,0.0757
2839,0.343098,0.0757
2840,0.345082,0.0757
2841,0.347151,0.0757
2842,0.344657,0.0757
2843,0.347980,0.0757
2844,0.344025,0.0757
2845,0.342181,0.0757
2846,0.340351,0.0757
2847,0.343342,0.0757
2848,0.341655,0.0757
2849,0.341554,0.0757
2850,0.338805,0.0758
2851,0.338681,0.0757
2852,0.339446,0.0740
2853,0.338533,0.0740
2854,0.337752,0.0740
2855,0.338436,0.0739
2856,0.336200,0.0740
2857,0.334183,0.0740
2858,0.331212,0.0740
2859,0.329076,0.0752
2860,0.328166,0.0740
2861,0.328496,0.0740
2862,0.337905,0.0740
2863,0.362235,0.0740
2864,0.375438,0.0756
2865,0.381054,0.0757
2866,0.373461,0.0740
2867,0.361477,0.0740
2868,0.346919,0.0740
2869,0.334835,0.0758
2870,0.327957,0.0744
2871,0.327829,0.0745
2872,0.325500,0.0745
2873,0.326801,0.0743
2874,0.328062,0.0745
2875,0.327061,0.0747
2876,0.325849,0.0764
2877,0.322058,0.0748
2878,0.318751,0.0748
2879,0.318464,0.0747
2880,0.317776,0.0747
2881,0.317382,0.0766
2882,0.318083,0.0748
2883,0.317876,0.0750
2884,0.316658,0.0750
2885,0.316620,0.0747
2886,0.317199,0.0747
2887,0.315197,0.0765
2888,0.317150,0.0746
2889,0.317050,0.0764
2890,0.316239,0.0746
2891,0.317617,0.0749
2892,0.318268,0.0765
2893,0.326401,0.0765
2894,0.334272,0.0745
2895,0.337220,0.0747
2896,0.339381,0.0767
2897,0.339092,0.0749
2898,0.339315,0.0751
2899,0.337518,0.0750
2900,0.334014,0.0749
2901,0.332229,0.0750
2902,0.329530,0.0768
2903,0.323857,0.0750
2904,0.325895,0.0769
2905,0.328512,0.0752
2906,0.327991,0.0749
2907,0.325645,0.0767
2908,0.327298,0.0748
2909,0.323452,0.0745
2910,0.322004,0.0740
2911,0.322089,0.0740
2912,0.326671,0.0739
2913,0.328729,0.0739
2914,0.326086,0.0752
2915,0.325405,0.0740
2916,0.323410,0.0749
2917,0.319575,0.0747
2918,0.322254,0.0740
2919,0.321686,0.0746
2920,0.320326,0.0740
2921,0.319900,0.0745
2922,0.323193,0.0740
2923,0.329395,0.0740
2924,0.330594,0.0740
2925,0.327904,0.0740
2926,0.328083,0.0740
2927,0.328288,0.0740
2928,0.330646,0.0740
2929,0.330574,0.0742
2930,0.326986,0.0740
2931,0.331030,0.0740
2932,0.331471,0.0740
2933,0.336886,0.0740
2934,0.337284,0.0740
2935,0.339349,0.0740
2936,0.332318,0.0740
2937,0.330388,0.0740
2938,0.320376,0.0740
2939,0.331568,0.0740
2940,0.335518,0.0740
2941,0.346567,0.0740
2942,0.350576,0.0740
2943,0.347935,0.0740
2944,0.353828,0.0740
2945,0.348765,0.0740
2946,0.346323,0.0740
2947,0.344142,0.0740
2948,0.339362,0.0740
2949,0.336153,0.0740
2950,0.335722,0.0740
2951,0.326724,0.0740
2952,0.329673,0.0740
2953,0.327239,0.0740
2954,0.323758,0.0740
2955,0.320385,0.0740
2956,0.321452,0.0740
2957,0.321190,0.0740
2958,0.323347,0.0741
2959,0.324478,0.0740
2960,0.328057,0.0740
2961,0.329694,0.0740
2962,0.327283,0.0741
2963,0.324432,0.0740
2964,0.325101,0.0740
2965,0.320234,0.0740
2966,0.320576,0.0740
2967,0.319960,0.0740
2968,0.315302,0.0740
2969,0.317593,0.0740
2970,0.323015,0.0741
2971,0.328674,0.0741
2972,0.329210,0.0741
2973,0.329981,0.0740
2974,0.329851,0.0740
2975,0.326693,0.0740
2976,0.328431,0.0740
2977,0.329154,0.0740
2978,0.332497,0.0740
2979,0.338359,0.0741
2980,0.342769,0.0740
2981,0.345592,0.0740
2982,0.348927,0.0740
2983,0.348208,0.0740
2984,0.344530,0.0741
2985,0.338719,0.0739
2986,0.335623,0.0744
2987,0.328808,0.0740
2988,0.327832,0.0740
2989,0.326242,0.0740
2990,0.325159,0.0740
2991,0.322201,0.0750
2992,0.327430,0.0739
2993,0.332677,0.0752
2994,0.333817,0.0740
2995,0.331730,0.0740
2996,0.326888,0.0740
2997,0.326438,0.0758
2998,0.320880,0.0743
2999,0.321145,0.0742
3000,0.324105,0.0745
3001,0.323029,0.0743
3002,0.331143,0.0763
3003,0.331758,0.0747
3004,0.329498,0.0748
3005,0.328694,0.0747
3006,0.328863,0.0749
3007,0.335449,0.0750
3008,0.330693,0.0767
3009,0.331919,0.0767
3010,0.334638,0.0750
3011,0.334251,0.0769
3012,0.348010,0.0770
3013,0.340786,0.0753
3014,0.331903,0.0753
3015,0.330351,0.0754
3016,0.328932,0.0752
3017,0.324441,0.0771
3018,0.318323,0.0755
3019,0.324846,0.0755
3020,0.326252,0.0755
3021,0.325963,0.0756
3022,0.325703,0.0756
3023,0.325136,0.0757
3024,0.323251,0.0755
3025,0.326555,0.0755
3026,0.325499,0.0755
3027,0.322979,0.0755
3028,0.322640,0.0755
3029,0.321935,0.0755
3030,0.320238,0.0755
3031,0.317978,0.0755
3032,0.320528,0.0755
3033,0.320379,0.0756
3034,0.324860,0.0774
3035,0.321241,0.0774
3036,0.320247,0.0774
3037,0.322753,0.0773
3038,0.323392,0.0774
3039,0.320331,0.0774
3040,0.320764,0.0774
3041,0.324714,0.0774
3042,0.323334,0.0775
3043,0.327216,0.0774
3044,0.328441,0.0774
3045,0.335291,0.0756
3046,0.337234,0.0756
3047,0.337702,0.0774
3048,0.339085,0.0774
3049,0.340668,0.0774
3050,0.333706,0.0774
3051,0.327757,0.0774
3052,0.321649,0.0774
3053,0.319505,0.0774
3054,0.320161,0.0774
3055,0.313387,0.0774
3056,0.318233,0.0774
3057,0.320663,0.0774
3058,0.318748,0.0774
3059,0.315731,0.0774
3060,0.320553,0.0760
3061,0.323986,0.0760
3062,0.323381,0.0760
3063,0.325265,0.0760
3064,0.325530,0.0760
3065,0.323668,0.0775
3066,0.323114,0.0774
3067,0.321369,0.0774
3068,0.325052,0.0774
3069,0.321308,0.0774
3070,0.323271,0.0774
3071,0.320294,0.0775
3072,0.323103,0.0774
3073,0.321723,0.0775
3074,0.320663,0.0774
3075,0.315992,0.0774
3076,0.315082,0.0774
3077,0.316092,0.0774
3078,0.333571,0.0774
3079,0.341112,0.0775
3080,0.349975,0.0774
3081,0.358478,0.0773
3082,0.357970,0.0775
3083,0.362022,0.0775
3084,0.359070,0.0774
3085,0.355598,0.0774
3086,0.354873,0.0773
3087,0.350197,0.0774
3088,0.348972,0.0756
3089,0.346481,0.0756
3090,0.350013,0.0756
3091,0.348740,0.0756
3092,0.345157,0.0754
3093,0.342232,0.0754
3094,0.339134,0.0756
3095,0.336888,0.0756
3096,0.336232,0.0756
3097,0.335967,0.0756
3098,0.333969,0.0754
3099,0.328256,0.0756
3100,0.328562,0.0753
3101,0.326107,0.0756
3102,0.322300,0.0756
3103,0.320484,0.0755
3104,0.316728,0.0756
3105,0.316844,0.0756
3106,0.317254,0.0757
3107,0.317109,0.0757
3108,0.319649,0.0758
3109,0.317890,0.0755
3110,0.317720,0.0755
3111,0.317922,0.0755
3112,0.323941,0.0756
3113,0.324229,0.0755
3114,0.320884,0.0754
3115,0.318016,0.0754
3116,0.318115,0.0754
3117,0.317732,0.0754
3118,0.317142,0.0756
3119,0.314276,0.0754
3120,0.317122,0.0756
3121,0.313434,0.0756
3122,0.315149,0.0753
3123,0.314314,0.0755
3124,0.309498,0.0753
3125,0.306960,0.0753
3126,0.306855,0.0754
3127,0.305848,0.0753
3128,0.306946,0.0753
3129,0.305453,0.0753
3130,0.306021,0.0755
3131,0.307170,0.0755
3132,0.308301,0.0755
3133,0.308921,0.0753
3134,0.310577,0.0753
3135,0.312184,0.0755
3136,0.315260,0.0753
3137,0.320733,0.0754
3138,0.323061,0.0754
3139,0.321536,0.0755
3140,0.325231,0.0755
3141,0.325506,0.0755
3142,0.324286,0.0755
3143,0.323064,0.0754
3144,0.322174,0.0755
3145,0.319088,0.0757
3146,0.315445,0.0755
3147,0.314628,0.0757
3148,0.314735,0.0755
3149,0.316743,0.0756
3150,0.320769,0.0756
3151,0.314444,0.0756
3152,0.314945,0.0756
3153,0.312428,0.0754
3154,0.310960,0.0756
3155,0.310856,0.0755
3156,0.309337,0.0754
3157,0.311421,0.0755
3158,0.309537,0.0756
3159,0.309748,0.0757
3160,0.311986,0.0757
3161,0.313643,0.0756
3162,0.314799,0.0757
3163,0.318213,0.0755
3164,0.315306,0.0757
3165,0.315571,0.0755
3166,0.317500,0.0755
3167,0.317549,0.0757
3168,0.318091,0.0757
3169,0.310734,0.0757
3170,0.313938,0.0756
3171,0.313350,0.0756
3172,0.309152,0.0758
3173,0.311608,0.0757
3174,0.312013,0.0773
3175,0.314879,0.0775
3176,0.314110,0.0774
3177,0.314984,0.0774
3178,0.315420,0.0774
3179,0.315044,0.0773
3180,0.316087,0.0772
3181,0.310829,0.0772
3182,0.313852,0.0773
3183,0.313044,0.0773
3184,0.311145,0.0771
3185,0.316266,0.0773
3186,0.317908,0.0772
3187,0.316395,0.0773
3188,0.315153,0.0773
3189,0.313975,0.0773
3190,0.312132,0.0754
3191,0.315743,0.0757
3192,0.317426,0.0754
3193,0.319247,0.0754
3194,0.316436,0.0756
3195,0.318181,0.0757
3196,0.315858,0.0755
3197,0.315305,0.0756
3198,0.313551,0.0756
3199,0.314613,0.0755
3200,0.314521,0.0753
3201,0.318799,0.0756
3202,0.319769,0.0755
3203,0.319194,0.0754
3204,0.318057,0.0752
3205,0.310253,0.0753
3206,0.308813,0.0753
3207,0.304150,0.0753
3208,0.309147,0.0753
3209,0.308775,0.0753
3210,0.307423,0.0754
3211,0.308602,0.0773
3212,0.308578,0.0773
3213,0.300977,0.0772
3214,0.305991,0.0774
3215,0.308131,0.0773
3216,0.307678,0.0774
3217,0.313941,0.0772
3218,0.316506,0.0774
3219,0.319008,0.0775
3220,0.319595,0.0775
3221,0.316264,0.0775
3222,0.310030,0.0775
3223,0.305148,0.0775
3224,0.304649,0.0774
3225,0.304812,0.0755
3226,0.301800,0.0755
3227,0.300081,0.0755
3228,0.298209,0.0756
3229,0.301394,0.0755
3230,0.299961,0.0758
3231,0.300750,0.0753
3232,0.299650,0.0757
3233,0.301648,0.0758
3234,0.301360,0.0759
3235,0.297912,0.0759
3236,0.300150,0.0759
3237,0.300288,0.0759
3238,0.298924,0.0759
3239,0.296664,0.0759
3240,0.299747,0.0759
3241,0.305424,0.0759
3242,0.300915,0.0760
3243,0.313112,0.0759
3244,0.318380,0.0760
3245,0.320809,0.0760
3246,0.324193,0.0760
3247,0.319397,0.0761
3248,0.316120,0.0763
3249,0.317695,0.0762
3250,0.309579,0.0763
3251,0.308825,0.0764
3252,0.311143,0.0763
3253,0.309598,0.0761
3254,0.307985,0.0764
3255,0.304922,0.0764
3256,0.303503,0.0761
3257,0.305408,0.0760
3258,0.314406,0.0760
3259,0.314913,0.0760
3260,0.307720,0.0764
3261,0.308165,0.0763
3262,0.309745,0.0763
3263,0.310343,0.0760
3264,0.305397,0.0759
3265,0.306626,0.0762
3266,0.306451,0.0759
3267,0.305703,0.0759
3268,0.305132,0.0763
3269,0.301074,0.0764
3270,0.302589,0.0759
3271,0.300465,0.0764
3272,0.301787,0.0759
3273,0.304940,0.0761
3274,0.306580,0.0763
3275,0.304210,0.0760
3276,0.303762,0.0759
3277,0.305074,0.0762
3278,0.307570,0.0760
3279,0.306014,0.0759
3280,0.304211,0.0765
3281,0.304116,0.0760
3282,0.304041,0.0759
3283,0.302383,0.0753
3284,0.299250,0.0760
3285,0.298338,0.0764
3286,0.296883,0.0759
3287,0.294976,0.0760
3288,0.294116,0.0763
3289,0.293481,0.0760
3290,0.292392,0.0764
3291,0.293243,0.0763
3292,0.291925,0.0760
3293,0.292702,0.0762
3294,0.292782,0.0760
3295,0.295814,0.0759
3296,0.292257,0.0760
3297,0.292583,0.0762
3298,0.291476,0.0762
3299,0.293305,0.0761
3300,0.295174,0.0760
3301,0.296914,0.0759
3302,0.294705,0.0762
3303,0.294491,0.0759
3304,0.295476,0.0760
3305,0.295322,0.0762
3306,0.296148,0.0762
3307,0.299915,0.0753
3308,0.303664,0.0762
3309,0.302400,0.0762
3310,0.303469,0.0753
3311,0.307135,0.0764
3312,0.306823,0.0762
3313,0.303403,0.0759
3314,0.299950,0.0762
3315,0.297222,0.0762
3316,0.295217,0.0759
3317,0.293298,0.0760
3318,0.289830,0.0760
3319,0.290670,0.0760
3320,0.289228,0.0759
3321,0.291445,0.0759
3322,0.289349,0.0760
3323,0.292524,0.0759
3324,0.291887,0.0761
3325,0.293110,0.0763
3326,0.290897,0.0761
3327,0.288535,0.0759
3328,0.289296,0.0763
3329,0.289135,0.0762
3330,0.291357,0.0764
3331,0.293623,0.0763
3332,0.293383,0.0765
3333,0.300349,0.0759
3334,0.301565,0.0763
3335,0.304761,0.0764
3336,0.305175,0.0759
3337,0.306954,0.0765
3338,0.301840,0.0765
3339,0.306997,0.0765
3340,0.307452,0.0765
3341,0.308553,0.0759
3342,0.314184,0.0765
3343,0.317216,0.0765
3344,0.318655,0.0765
3345,0.313363,0.0764
3346,0.309935,0.0765
3347,0.314177,0.0765
3348,0.310505,0.0765
3349,0.307956,0.0765
3350,0.302622,0.0765
3351,0.299676,0.0765
3352,0.296687,0.0765
3353,0.301608,0.0764
3354,0.302151,0.0765
3355,0.304978,0.0765
3356,0.304116,0.0765
3357,0.302959,0.0764
3358,0.301405,0.0765
3359,0.295058,0.0764
3360,0.297000,0.0765
3361,0.295019,0.0765
3362,0.295575,0.0765
3363,0.294198,0.0765
3364,0.293567,0.0760
3365,0.292129,0.0760
3366,0.289512,0.0763
3367,0.291059,0.0760
3368,0.291212,0.0761
3369,0.295282,0.0757
3370,0.297314,0.0765
3371,0.297414,0.0761
3372,0.299829,0.0757
3373,0.301527,0.0765
3374,0.301541,0.0754
3375,0.299505,0.0763
3376,0.298352,0.0761
3377,0.296919,0.0765
3378,0.301056,0.0765
3379,0.298889,0.0764
3380,0.297036,0.0757
3381,0.296921,0.0754
3382,0.295532,0.0762
3383,0.295133,0.0757
3384,0.291057,0.0751
3385,0.290465,0.0758
3386,0.292291,0.0757
3387,0.292177,0.0761
3388,0.293425,0.0761
3389,0.292463,0.0761
3390,0.288525,0.0758
3391,0.290120,0.0757
3392,0.288450,0.0758
3393,0.288798,0.0758
3394,0.289922,0.0764
3395,0.290782,0.0762
3396,0.286649,0.0766
3397,0.287253,0.0758
3398,0.286679,0.0764
3399,0.282981,0.0762
3400,0.284519,0.0758
3401,0.294325,0.0762
3402,0.294379,0.0755
3403,0.301946,0.0761
3404,0.312201,0.0761
3405,0.316676,0.0763
3406,0.318161,0.0760
3407,0.320293,0.0761
3408,0.315734,0.0764
3409,0.312921,0.0761
3410,0.307611,0.0763
3411,0.305203,0.0761
3412,0.305584,0.0762
3413,0.307116,0.0763
3414,0.307104,0.0761
3415,0.308057,0.0764
3416,0.307820,0.0759
3417,0.306247,0.0764
3418,0.304984,0.0764
3419,0.302373,0.0766
3420,0.298059,0.0761
3421,0.299471,0.0759
3422,0.294388,0.0759
3423,0.291042,0.0760
3424,0.288951,0.0763
3425,0.290654,0.0761
3426,0.287218,0.0759
3427,0.287117,0.0766
3428,0.286788,0.0766
3429,0.288530,0.0761
3430,0.284898,0.0764
3431,0.283839,0.0760
3432,0.281978,0.0761
3433,0.281543,0.0758
3434,0.280997,0.0763
3435,0.282248,0.0763
3436,0.282042,0.0764
3437,0.280599,0.0758
3438,0.279325,0.0758
3439,0.278730,0.0761
3440,0.278836,0.0759
3441,0.277452,0.0759
3442,0.277223,0.0757
3443,0.277838,0.0763
3444,0.276758,0.0761
3445,0.279339,0.0757
3446,0.278119,0.0757
3447,0.275882,0.0759
3448,0.276981,0.0766
3449,0.277800,0.0762
3450,0.281510,0.0757
3451,0.285350,0.0766
3452,0.286738,0.0764
3453,0.286155,0.0761
3454,0.279393,0.0766
3455,0.279141,0.0759
3456,0.281604,0.0758
3457,0.283056,0.0760
3458,0.282850,0.0758
3459,0.279781,0.0758
3460,0.279719,0.0761
3461,0.279138,0.0761
3462,0.282185,0.0762
3463,0.288116,0.0761
3464,0.285896,0.0761
3465,0.280453,0.0752
3466,0.285005,0.0763
3467,0.290403,0.0762
3468,0.287738,0.0757
3469,0.290402,0.0757
3470,0.294699,0.0757
3471,0.294539,0.0762
3472,0.292605,0.0757
3473,0.301133,0.0760
3474,0.301642,0.0753
3475,0.301948,0.0757
3476,0.299725,0.0763
3477,0.294806,0.0764
3478,0.290975,0.0757
3479,0.287662,0.0765
3480,0.281769,0.0761
3481,0.281043,0.0759
3482,0.278727,0.0763
3483,0.278090,0.0757
3484,0.275388,0.0758
3485,0.276114,0.0761
3486,0.275752,0.0760
3487,0.275559,0.0761
3488,0.277109,0.0776
3489,0.277416,0.0777
3490,0.277197,0.0777
3491,0.279175,0.0776
3492,0.282543,0.0776
3493,0.279851,0.0776
3494,0.294993,0.0776
3495,0.291949,0.0776
3496,0.291317,0.0776
3497,0.289096,0.0770
3498,0.284327,0.0777
3499,0.283219,0.0770
3500,0.281051,0.0770
3501,0.278729,0.0770
3502,0.278037,0.0770
3503,0.275593,0.0770
3504,0.276052,0.0770
3505,0.274746,0.0770
3506,0.274729,0.0771
3507,0.274798,0.0776
3508,0.279067,0.0769
3509,0.276966,0.0770
3510,0.274500,0.0753
3511,0.274696,0.0753
3512,0.271518,0.0758
3513,0.272279,0.0752
3514,0.272238,0.0758
3515,0.272115,0.0757
3516,0.271241,0.0760
3517,0.271752,0.0761
3518,0.271534,0.0756
3519,0.270906,0.0752
3520,0.268872,0.0753
3521,0.273988,0.0752
3522,0.271803,0.0757
3523,0.275595,0.0756
3524,0.276104,0.0756
3525,0.273615,0.0756
3526,0.273636,0.0752
3527,0.274730,0.0752
3528,0.274410,0.0765
3529,0.277780,0.0769
3530,0.274284,0.0769
3531,0.275435,0.0770
3532,0.272352,0.0777
3533,0.271275,0.0769
3534,0.269267,0.0770
3535,0.271808,0.0769
3536,0.273644,0.0777
3537,0.271084,0.0770
3538,0.274226,0.0758
3539,0.273124,0.0759
3540,0.276065,0.0753
3541,0.275327,0.0761
3542,0.275758,0.0761
3543,0.276577,0.0751
3544,0.276662,0.0758
3545,0.280569,0.0758
3546,0.281080,0.0758
3547,0.280618,0.0765
3548,0.282657,0.0758
3549,0.278044,0.0759
3550,0.276099,0.0753
3551,0.271513,0.0751
3552,0.271435,0.0765
3553,0.270818,0.0770
3554,0.267854,0.0754
3555,0.269186,0.0753
3556,0.271707,0.0762
3557,0.272113,0.0754
3558,0.273502,0.0758
3559,0.271574,0.0758
3560,0.276196,0.0758
3561,0.276087,0.0758
3562,0.275555,0.0757
3563,0.273015,0.0757
3564,0.276231,0.0761
3565,0.274036,0.0754
3566,0.273257,0.0758
3567,0.271448,0.0757
3568,0.270586,0.0762
3569,0.269593,0.0764
3570,0.268538,0.0769
3571,0.266649,0.0762
3572,0.267582,0.0755
3573,0.267390,0.0757
3574,0.267893,0.0757
3575,0.268921,0.0759
3576,0.272903,0.0759
3577,0.274185,0.0761
3578,0.274913,0.0758
3579,0.273443,0.0760
3580,0.272314,0.0757
3581,0.271832,0.0758
3582,0.274388,0.0758
3583,0.270979,0.0759
3584,0.268678,0.0769
3585,0.267114,0.0752
3586,0.265688,0.0762
3587,0.266934,0.0752
3588,0.264326,0.0757
3589,0.263013,0.0770
3590,0.260806,0.0753
3591,0.263578,0.0762
3592,0.263728,0.0764
3593,0.262357,0.0762
3594,0.261566,0.0757
3595,0.264788,0.0753
3596,0.262845,0.0757
3597,0.261287,0.0753
3598,0.264563,0.0764
3599,0.264253,0.0763
3600,0.265354,0.0763
3601,0.266155,0.0753
3602,0.268588,0.0756
3603,0.268497,0.0757
3604,0.265700,0.0763
3605,0.266317,0.0756
3606,0.264345,0.0758
3607,0.265814,0.0770
3608,0.264397,0.0770
3609,0.262677,0.0770
3610,0.264422,0.0770
3611,0.263866,0.0770
3612,0.264788,0.0770
3613,0.262536,0.0769
3614,0.261893,0.0770
3615,0.265190,0.0752
3616,0.268341,0.0753
3617,0.264468,0.0752
3618,0.267402,0.0760
3619,0.267126,0.0753
3620,0.269832,0.0755
3621,0.266175,0.0759
3622,0.262857,0.0756
3623,0.264092,0.0758
3624,0.263930,0.0759
3625,0.266755,0.0765
3626,0.267043,0.0753
3627,0.267625,0.0760
3628,0.266191,0.0753
3629,0.265994,0.0759
3630,0.267071,0.0759
3631,0.266599,0.0757
3632,0.263009,0.0753
3633,0.263803,0.0752
3634,0.260911,0.0757
3635,0.261580,0.0753
3636,0.261988,0.0753
3637,0.261223,0.0752
3638,0.260809,0.0766
3639,0.262091,0.0752
3640,0.258989,0.0759
3641,0.259374,0.0752
3642,0.258835,0.0758
3643,0.260123,0.0753
3644,0.258641,0.0773
3645,0.258662,0.0759
3646,0.258974,0.0759
3647,0.256999,0.0766
3648,0.257884,0.0766
3649,0.258239,0.0766
3650,0.260316,0.0759
3651,0.260058,0.0759
3652,0.258974,0.0766
3653,0.258911,0.0759
3654,0.258181,0.0759
3655,0.257601,0.0759
3656,0.258711,0.0774
3657,0.260423,0.0766
3658,0.262297,0.0759
3659,0.263916,0.0767
3660,0.263630,0.0759
3661,0.259314,0.0759
3662,0.262344,0.0760
3663,0.265145,0.0760
3664,0.270689,0.0760
3665,0.270650,0.0759
3666,0.265597,0.0766
3667,0.267762,0.0759
3668,0.272610,0.0767
3669,0.277037,0.0759
3670,0.277699,0.0767
3671,0.278071,0.0767
3672,0.283329,0.0759
3673,0.290857,0.0773
3674,0.292396,0.0768
3675,0.287282,0.0760
3676,0.285779,0.0769
3677,0.286266,0.0768
3678,0.288305,0.0766
3679,0.284304,0.0760
3680,0.297327,0.0760
3681,0.308374,0.0771
3682,0.313137,0.0770
3683,0.323341,0.0770
3684,0.327708,0.0770
3685,0.331207,0.0777
3686,0.324691,0.0776
3687,0.333305,0.0776
3688,0.336086,0.0770
3689,0.332372,0.0770
3690,0.329364,0.0777
3691,0.324509,0.0770
3692,0.312441,0.0766
3693,0.300322,0.0768
3694,0.306396,0.0759
3695,0.309772,0.0768
3696,0.304167,0.0759
3697,0.296583,0.0759
3698,0.292864,0.0762
3699,0.289028,0.0759
3700,0.282732,0.0762
3701,0.286327,0.0762
3702,0.288263,0.0768
3703,0.300728,0.0759
3704,0.308369,0.0773
3705,0.315535,0.0753
3706,0.304356,0.0752
3707,0.294680,0.0762
3708,0.281351,0.0755
3709,0.282866,0.0753
3710,0.296380,0.0753
3711,0.297637,0.0753
3712,0.298291,0.0763
3713,0.302154,0.0758
3714,0.310188,0.0770
3715,0.307478,0.0753
3716,0.300439,0.0768
3717,0.288177,0.0759
3718,0.281450,0.0774
3719,0.279584,0.0759
3720,0.285540,0.0774
3721,0.290557,0.0766
3722,0.288783,0.0769
3723,0.292066,0.0759
3724,0.293703,0.0760
3725,0.290897,0.0754
3726,0.296599,0.0755
3727,0.298032,0.0772
3728,0.291475,0.0772
3729,0.292609,0.0765
3730,0.292690,0.0761
3731,0.293915,0.0754
3732,0.288336,0.0773
3733,0.287317,0.0769
3734,0.282337,0.0770
3735,0.278885,0.0758
3736,0.278363,0.0770
3737,0.280396,0.0754
3738,0.277908,0.0770
3739,0.279251,0.0774
3740,0.277375,0.0759
3741,0.280431,0.0756
3742,0.280822,0.0768
3743,0.278200,0.0767
3744,0.277510,0.0761
3745,0.277299,0.0755
3746,0.277487,0.0757
3747,0.280358,0.0758
3748,0.278587,0.0764
3749,0.274120,0.0757
3750,0.276720,0.0757
3751,0.275684,0.0762
3752,0.273804,0.0774
3753,0.269851,0.0777
3754,0.265091,0.0775
3755,0.270677,0.0775
3756,0.273866,0.0776
3757,0.274016,0.0778
3758,0.272921,0.0775
3759,0.272273,0.0776
3760,0.266542,0.0777
3761,0.277879,0.0776
3762,0.278082,0.0777
3763,0.284791,0.0777
3764,0.286784,0.0777
3765,0.281447,0.0777
3766,0.278180,0.0777
3767,0.272422,0.0777
3768,0.276292,0.0776
3769,0.281480,0.0777
3770,0.282053,0.0777
3771,0.285769,0.0776
3772,0.279492,0.0776
3773,0.278626,0.0776
3774,0.281990,0.0776
3775,0.285150,0.0776
3776,0.283330,0.0776
3777,0.282485,0.0776
3778,0.283619,0.0776
3779,0.277363,0.0777
3780,0.276799,0.0777
3781,0.281854,0.0776
3782,0.281386,0.0777
3783,0.275710,0.0777
3784,0.265852,0.0777
3785,0.274339,0.0777
3786,0.271821,0.0777
3787,0.266001,0.0777
3788,0.266928,0.0776
3789,0.266797,0.0777
3790,0.275473,0.0777
3791,0.281357,0.0777
3792,0.284249,0.0777
3793,0.282479,0.0777
3794,0.276287,0.0777
3795,0.274012,0.0777
3796,0.271995,0.0777
3797,0.278668,0.0777
3798,0.271309,0.0776
3799,0.281315,0.0777
3800,0.290400,0.0778
3801,0.290309,0.0776
3802,0.291048,0.0776
3803,0.293835,0.0776
3804,0.281695,0.0777
3805,0.277895,0.0777
3806,0.272102,0.0777
3807,0.277617,0.0777
3808,0.272985,0.0776
3809,0.268371,0.0777
3810,0.263874,0.0777
3811,0.267744,0.0777
3812,0.267912,0.0777
3813,0.278580,0.0777
3814,0.282089,0.0777
3815,0.280303,0.0777
3816,0.272807,0.0778
3817,0.264754,0.0777
3818,0.292179,0.0776
3819,0.309917,0.0777
3820,0.316760,0.0778
3821,0.328807,0.0777
3822,0.333124,0.0777
3823,0.339285,0.0777
3824,0.342031,0.0777
3825,0.345345,0.0777
3826,0.345363,0.0777
3827,0.340036,0.0777
3828,0.328951,0.0777
3829,0.336443,0.0777
3830,0.347470,0.0777
3831,0.350981,0.0777
3832,0.348346,0.0777
3833,0.330136,0.0777
3834,0.329103,0.0777
3835,0.310147,0.0777
3836,0.298287,0.0778
3837,0.300646,0.0778
3838,0.309149,0.0778
3839,0.316017,0.0777
3840,0.314951,0.0778
3841,0.317621,0.0778
3842,0.313292,0.0778
3843,0.285050,0.0778
3844,0.287822,0.0778
3845,0.283465,0.0777
3846,0.299929,0.0777
3847,0.304534,0.0777
3848,0.311393,0.0777
3849,0.309295,0.0777
3850,0.305895,0.0778
3851,0.293271,0.0777
3852,0.294914,0.0777
3853,0.291137,0.0777
3854,0.283028,0.0777
3855,0.269808,0.0777
3856,0.260219,0.0777
3857,0.268094,0.0777
3858,0.268591,0.0777
3859,0.264395,0.0777
3860,0.258035,0.0777
3861,0.243259,0.0777
3862,0.275034,0.0777
3863,0.287841,0.0777
3864,0.298774,0.0777
3865,0.298325,0.0777
3866,0.322009,0.0777
3867,0.329637,0.0777
3868,0.343276,0.0778
3869,0.346272,0.0777
3870,0.341660,0.0778
3871,0.351581,0.0777
3872,0.350774,0.0778
3873,0.350116,0.0778
3874,0.358047,0.0777
3875,0.352852,0.0777
3876,0.365564,0.0777
3877,0.329108,0.0777
3878,0.349277,0.0777
3879,0.349117,0.0778
3880,0.341966,0.0778
3881,0.345923,0.0777
3882,0.344925,0.0777
3883,0.331758,0.0777
3884,0.337881,0.0777
3885,0.332677,0.0777
3886,0.329470,0.0777
3887,0.333197,0.0777
3888,0.332522,0.0778
3889,0.326521,0.0777
3890,0.326017,0.0777
3891,0.319848,0.0778
3892,0.317504,0.0777
3893,0.316355,0.0777
3894,0.314146,0.0778
3895,0.303231,0.0778
3896,0.297442,0.0778
3897,0.292446,0.0777
3898,0.284394,0.0773
3899,0.277009,0.0777
3900,0.271283,0.0777
3901,0.265374,0.0776
3902,0.262707,0.0778
3903,0.260612,0.0777
3904,0.268320,0.0778
3905,0.274588,0.0777
3906,0.276897,0.0778
3907,0.276996,0.0777
3908,0.273190,0.0777
3909,0.261987,0.0777
3910,0.269499,0.0778
3911,0.269505,0.0777
3912,0.267318,0.0777
3913,0.264855,0.0777
3914,0.273950,0.0778
3915,0.280326,0.0777
3916,0.283635,0.0778
3917,0.280140,0.0778
3918,0.285027,0.0778
3919,0.279318,0.0777
3920,0.280946,0.0778
3921,0.280020,0.0777
3922,0.272019,0.0777
3923,0.270247,0.0777
3924,0.278343,0.0777
3925,0.277591,0.0777
3926,0.272539,0.0778
3927,0.276606,0.0777
3928,0.273768,0.0778
3929,0.268756,0.0776
3930,0.271594,0.0777
3931,0.275552,0.0777
3932,0.271266,0.0778
3933,0.270221,0.0777
3934,0.261618,0.0778
3935,0.259309,0.0777
3936,0.262405,0.0777
3937,0.261423,0.0777
3938,0.264888,0.0777
3939,0.265602,0.0778
3940,0.263900,0.0777
3941,0.265534,0.0777
3942,0.264034,0.0778
3943,0.255247,0.0778
3944,0.264439,0.0778
3945,0.270038,0.0777
3946,0.271364,0.0777
3947,0.273922,0.0777
3948,0.281941,0.0778
3949,0.283721,0.0778
3950,0.287443,0.0777
3951,0.288672,0.0778
3952,0.290490,0.0778
3953,0.289543,0.0777
3954,0.287719,0.0778
3955,0.283371,0.0777
3956,0.279489,0.0778
3957,0.278986,0.0777
3958,0.269318,0.0778
3959,0.259944,0.0778
3960,0.264108,0.0778
3961,0.269023,0.0777
3962,0.271035,0.0778
3963,0.272880,0.0778
3964,0.272500,0.0778
3965,0.269485,0.0777
3966,0.265770,0.0778
3967,0.262492,0.0778
3968,0.268136,0.0778
3969,0.266936,0.0777
3970,0.264535,0.0778
3971,0.261342,0.0778
3972,0.248564,0.0778
3973,0.257849,0.0777
3974,0.265352,0.0778
3975,0.272968,0.0778
3976,0.275847,0.0778
3977,0.276309,0.0778
3978,0.272142,0.0778
3979,0.271650,0.0778
3980,0.270449,0.0778
3981,0.265259,0.0778
3982,0.260436,0.0778
3983,0.263602,0.0778
3984,0.267759,0.0778
3985,0.268138,0.0778
3986,0.269937,0.0778
3987,0.268026,0.0777
3988,0.265294,0.0778
3989,0.262234,0.0778
3990,0.258956,0.0778
3991,0.255180,0.0778
3992,0.246489,0.0778
3993,0.240920,0.0778
3994,0.254480,0.0768
3995,0.261225,0.0767
3996,0.264893,0.0770
3997,0.263089,0.0767
3998,0.262663,0.0767
3999,0.264629,0.0767
4000,0.268368,0.0767
4001,0.269064,0.0767
4002,0.269858,0.0767
4003,0.266864,0.0767
4004,0.263308,0.0767
4005,0.256724,0.0767
4006,0.255140,0.0767
4007,0.254039,0.0767
4008,0.251553,0.0768
4009,0.247922,0.0767
4010,0.247083,0.0768
4011,0.252819,0.0767
4012,0.257152,0.0767
4013,0.258675,0.0767
4014,0.257781,0.0767
4015,0.255395,0.0767
4016,0.253033,0.0768
4017,0.252339,0.0767
4018,0.249632,0.0768
4019,0.242578,0.0767
4020,0.239017,0.0767
4021,0.241901,0.0767
4022,0.239017,0.0767
4023,0.240476,0.0767
4024,0.241977,0.0769
4025,0.240048,0.0767
4026,0.239371,0.0769
4027,0.238816,0.0768
4028,0.237169,0.0768
4029,0.232686,0.0768
4030,0.237228,0.0767
4031,0.241576,0.0767
4032,0.240262,0.0767
4033,0.240098,0.0768
4034,0.239036,0.0768
4035,0.240168,0.0767
4036,0.236930,0.0767
4037,0.232004,0.0767
4038,0.229760,0.0767
4039,0.229671,0.0767
4040,0.229805,0.0767
4041,0.231784,0.0768
4042,0.231719,0.0767
4043,0.233633,0.0767
4044,0.233835,0.0768
4045,0.233904,0.0767
4046,0.233756,0.0768
4047,0.233847,0.0767
4048,0.227464,0.0768
4049,0.242082,0.0767
4050,0.250467,0.0768
4051,0.260984,0.0767
4052,0.266983,0.0770
4053,0.274138,0.0767
4054,0.277079,0.0768
4055,0.283787,0.0767
4056,0.279485,0.0767
4057,0.290223,0.0767
4058,0.292288,0.0767
4059,0.296870,0.0767
4060,0.293927,0.0768
4061,0.287539,0.0767
4062,0.302258,0.0769
4063,0.284166,0.0768
4064,0.284757,0.0768
4065,0.275877,0.0768
4066,0.266592,0.0768
4067,0.271226,0.0770
4068,0.275054,0.0767
4069,0.272374,0.0767
4070,0.273982,0.0768
4071,0.269981,0.0767
4072,0.266984,0.0768
4073,0.259312,0.0767
4074,0.255154,0.0767
4075,0.253554,0.0767
4076,0.252197,0.0768
4077,0.247311,0.0775
4078,0.247330,0.0768
4079,0.243803,0.0767
4080,0.254079,0.0767
4081,0.256855,0.0768
4082,0.260519,0.0767
4083,0.253418,0.0767
4084,0.284413,0.0767
4085,0.302626,0.0767
4086,0.314576,0.0767
4087,0.324150,0.0768
4088,0.317662,0.0767
4089,0.330913,0.0767
4090,0.337605,0.0768
4091,0.343635,0.0767
4092,0.340347,0.0768
4093,0.344244,0.0767
4094,0.344317,0.0767
4095,0.344129,0.0768
4096,0.341731,0.0768
4097,0.340863,0.0767
4098,0.335489,0.0760
4099,0.333145,0.0767
4100,0.329211,0.0768
4101,0.329412,0.0767
4102,0.331077,0.0768
4103,0.324511,0.0767
4104,0.328017,0.0768
4105,0.322360,0.0768
4106,0.320896,0.0767
4107,0.320932,0.0767
4108,0.322734,0.0768
4109,0.314855,0.0768
4110,0.306799,0.0768
4111,0.296038,0.0767
4112,0.313570,0.0767
4113,0.310183,0.0767
4114,0.303369,0.0767
4115,0.301304,0.0769
4116,0.298733,0.0768
4117,0.295110,0.0767
4118,0.291166,0.0768
4119,0.285319,0.0767
4120,0.278593,0.0768
4121,0.274696,0.0768
4122,0.270902,0.0768
4123,0.266724,0.0767
4124,0.260316,0.0768
4125,0.256029,0.0768
4126,0.252445,0.0769
4127,0.249310,0.0767
4128,0.244985,0.0768
4129,0.238569,0.0767
4130,0.234728,0.0768
4131,0.239398,0.0767
4132,0.241514,0.0767
4133,0.243591,0.0767
4134,0.243763,0.0768
4135,0.242200,0.0767
4136,0.241052,0.0767
4137,0.237000,0.0767
4138,0.233746,0.0768
4139,0.238143,0.0767
4140,0.242152,0.0770
4141,0.244566,0.0767
4142,0.244326,0.0768
4143,0.244372,0.0767
4144,0.240737,0.0768
4145,0.239118,0.0767
4146,0.231331,0.0768
4147,0.235711,0.0768
4148,0.240522,0.0769
4149,0.242299,0.0767
4150,0.243355,0.0768
4151,0.244461,0.0768
4152,0.245378,0.0763
4153,0.244232,0.0762
4154,0.240484,0.0761
4155,0.237156,0.0769
4156,0.230356,0.0765
4157,0.238075,0.0764
4158,0.243077,0.0769
4159,0.246269,0.0766
4160,0.247274,0.0762
4161,0.248228,0.0759
4162,0.249564,0.0765
4163,0.247089,0.0763
4164,0.244925,0.0762
4165,0.242711,0.0763
4166,0.239211,0.0759
4167,0.234946,0.0761
4168,0.227435,0.0763
4169,0.224723,0.0765
4170,0.225601,0.0762
4171,0.235636,0.0768
4172,0.237627,0.0759
4173,0.238550,0.0758
4174,0.240627,0.0770
4175,0.240475,0.0759
4176,0.239761,0.0760
4177,0.236677,0.0765
4178,0.232213,0.0762
4179,0.225457,0.0765
4180,0.228695,0.0769
4181,0.233717,0.0760
4182,0.238554,0.0760
4183,0.240961,0.0765
4184,0.238873,0.0760
4185,0.236862,0.0760
4186,0.236546,0.0767
4187,0.233374,0.0773
4188,0.226560,0.0766
4189,0.236950,0.0773
4190,0.239838,0.0768
4191,0.242718,0.0765
4192,0.244330,0.0760
4193,0.247141,0.0759
4194,0.247957,0.0760
4195,0.247350,0.0775
4196,0.246116,0.0759
4197,0.246230,0.0769
4198,0.245318,0.0761
4199,0.242055,0.0776
4200,0.238137,0.0770
4201,0.230984,0.0764
4202,0.228518,0.0770
4203,0.230797,0.0770
4204,0.232742,0.0768
4205,0.228327,0.0767
4206,0.232422,0.0766
4207,0.231720,0.0768
4208,0.234557,0.0768
4209,0.232405,0.0765
4210,0.227099,0.0768
4211,0.237103,0.0766
4212,0.243999,0.0765
4213,0.245639,0.0760
4214,0.246931,0.0760
4215,0.245147,0.0764
4216,0.244904,0.0760
4217,0.243788,0.0762
4218,0.239038,0.0764
4219,0.234234,0.0762
4220,0.224924,0.0768
4221,0.246174,0.0768
4222,0.259572,0.0768
4223,0.271835,0.0768
4224,0.280238,0.0768
4225,0.287250,0.0768
4226,0.293164,0.0768
4227,0.293556,0.0768
4228,0.292215,0.0760
4229,0.296641,0.0761
4230,0.294929,0.0760
4231,0.295669,0.0760
4232,0.291444,0.0766
4233,0.294615,0.0760
4234,0.295399,0.0762
4235,0.291842,0.0760
4236,0.271562,0.0760
4237,0.289485,0.0764
4238,0.293842,0.0763
4239,0.292322,0.0764
4240,0.295188,0.0768
4241,0.294364,0.0768
4242,0.288637,0.0759
4243,0.285410,0.0766
4244,0.285953,0.0768
4245,0.276639,0.0764
4246,0.269374,0.0760
4247,0.275478,0.0760
4248,0.274626,0.0760
4249,0.273108,0.0768
4250,0.273930,0.0766
4251,0.271446,0.0759
4252,0.267045,0.0762
4253,0.262776,0.0760
4254,0.267253,0.0764
4255,0.263593,0.0760
4256,0.264011,0.0768
4257,0.257504,0.0766
4258,0.249409,0.0768
4259,0.243075,0.0760
4260,0.237107,0.0760
4261,0.228650,0.0763
4262,0.224143,0.0760
4263,0.226894,0.0760
4264,0.233706,0.0766
4265,0.236210,0.0767
4266,0.237894,0.0760
4267,0.238418,0.0760
4268,0.239160,0.0768
4269,0.240615,0.0764
4270,0.238398,0.0769
4271,0.236725,0.0768
4272,0.236786,0.0760
4273,0.234657,0.0768
4274,0.228806,0.0764
4275,0.231346,0.0769
4276,0.238919,0.0768
4277,0.241130,0.0760
4278,0.239722,0.0764
4279,0.240763,0.0772
4280,0.240534,0.0776
4281,0.239392,0.0761
4282,0.236788,0.0761
4283,0.233813,0.0760
4284,0.220502,0.0761
4285,0.245899,0.0760
4286,0.259003,0.0767
4287,0.269304,0.0764
4288,0.282086,0.0769
4289,0.283953,0.0763
4290,0.290977,0.0768
4291,0.294218,0.0767
4292,0.296309,0.0761
4293,0.300042,0.0766
4294,0.299791,0.0761
4295,0.301742,0.0760
4296,0.298322,0.0766
4297,0.301500,0.0764
4298,0.302526,0.0769
4299,0.292251,0.0760
4300,0.297783,0.0773
4301,0.314807,0.0765
4302,0.311207,0.0769
4303,0.297344,0.0760
4304,0.305769,0.0760
4305,0.302075,0.0760
4306,0.299545,0.0763
4307,0.294478,0.0766
4308,0.299053,0.0764
4309,0.294198,0.0763
4310,0.285829,0.0766
4311,0.286124,0.0766
4312,0.287964,0.0765
4313,0.294081,0.0765
4314,0.285435,0.0763
4315,0.288891,0.0763
4316,0.287365,0.0769
4317,0.282615,0.0763
4318,0.276503,0.0762
4319,0.274796,0.0762
4320,0.273085,0.0763
4321,0.259367,0.0769
4322,0.263395,0.0765
4323,0.269234,0.0760
4324,0.267316,0.0760
4325,0.268546,0.0760
4326,0.263984,0.0767
4327,0.263421,0.0762
4328,0.260416,0.0766
4329,0.254372,0.0768
4330,0.245927,0.0775
4331,0.243166,0.0762
4332,0.248547,0.0763
4333,0.250128,0.0763
4334,0.244656,0.0762
4335,0.242304,0.0768
4336,0.234098,0.0768
4337,0.228796,0.0768
4338,0.216623,0.0774
4339,0.214384,0.0768
4340,0.218665,0.0774
4341,0.218997,0.0768
4342,0.218334,0.0768
4343,0.217132,0.0768
4344,0.217502,0.0770
4345,0.216550,0.0769
4346,0.214550,0.0773
4347,0.216353,0.0768
4348,0.219353,0.0768
4349,0.220444,0.0768
4350,0.220235,0.0768
4351,0.222293,0.0768
4352,0.219283,0.0769
4353,0.219980,0.0769
4354,0.218709,0.0769
4355,0.219656,0.0768
4356,0.218554,0.0774
4357,0.213450,0.0768
4358,0.220797,0.0768
4359,0.223485,0.0769
4360,0.227243,0.0769
4361,0.231016,0.0762
4362,0.238665,0.0767
4363,0.242587,0.0762
4364,0.250644,0.0763
4365,0.253892,0.0762
4366,0.253645,0.0768
4367,0.253752,0.0761
4368,0.248515,0.0769
4369,0.253394,0.0761
4370,0.246388,0.0762
4371,0.248237,0.0768
4372,0.246367,0.0763
4373,0.252315,0.0762
4374,0.248815,0.0768
4375,0.246368,0.0762
4376,0.240882,0.0774
4377,0.246278,0.0774
4378,0.246482,0.0774
4379,0.243636,0.0762
4380,0.241070,0.0764
4381,0.238215,0.0762
4382,0.226533,0.0762
4383,0.234810,0.0769
4384,0.232632,0.0768
4385,0.232399,0.0775
4386,0.227706,0.0768
4387,0.224813,0.0768
4388,0.226510,0.0781
4389,0.229050,0.0768
4390,0.230739,0.0769
4391,0.229608,0.0791
4392,0.232901,0.0779
4393,0.236539,0.0779
4394,0.236190,0.0768
4395,0.231368,0.0768
4396,0.232453,0.0769
4397,0.229852,0.0768
4398,0.223181,0.0783
4399,0.209673,0.0769
4400,0.235652,0.0769
4401,0.250364,0.0769
4402,0.261111,0.0792
4403,0.270376,0.0769
4404,0.271894,0.0769
4405,0.275320,0.0769
4406,0.280615,0.0783
4407,0.282725,0.0768
4408,0.285695,0.0782
4409,0.288083,0.0782
4410,0.291219,0.0779
4411,0.295506,0.0768
4412,0.297332,0.0781
4413,0.287639,0.0768
4414,0.284452,0.0768
4415,0.298052,0.0781
4416,0.293223,0.0769
4417,0.300956,0.0768
4418,0.296106,0.0777
4419,0.298748,0.0787
4420,0.298524,0.0769
4421,0.307449,0.0776
4422,0.307414,0.0775
4423,0.301846,0.0785
4424,0.291880,0.0768
4425,0.300777,0.0768
4426,0.301266,0.0769
4427,0.303472,0.0773
4428,0.305915,0.0768
4429,0.304952,0.0781
4430,0.298823,0.0769
4431,0.292447,0.0782
4432,0.302130,0.0781
4433,0.303662,0.0775
4434,0.300601,0.0768
4435,0.296329,0.0774
4436,0.291256,0.0769
4437,0.285360,0.0774
4438,0.265807,0.0779
4439,0.278959,0.0779
4440,0.283386,0.0768
4441,0.282932,0.0778
4442,0.278213,0.0768
4443,0.274718,0.0769
4444,0.273092,0.0779
4445,0.269393,0.0769
4446,0.268027,0.0769
4447,0.260476,0.0768
4448,0.261472,0.0769
4449,0.257921,0.0768
4450,0.249165,0.0785
4451,0.234597,0.0785
4452,0.245378,0.0768
4453,0.246249,0.0785
4454,0.245960,0.0768
4455,0.244334,0.0784
4456,0.240325,0.0769
4457,0.240267,0.0785
4458,0.234963,0.0768
4459,0.232200,0.0795
4460,0.229238,0.0769
4461,0.233557,0.0784
4462,0.229690,0.0769
4463,0.225262,0.0786
4464,0.223890,0.0768
4465,0.228485,0.0769
4466,0.229669,0.0769
4467,0.230222,0.0768
4468,0.229823,0.0768
4469,0.227717,0.0768
4470,0.223040,0.0769
4471,0.218497,0.0769
4472,0.218908,0.0768
4473,0.221519,0.0769
4474,0.219896,0.0768
4475,0.219543,0.0769
4476,0.219236,0.0769
4477,0.215966,0.0768
4478,0.212878,0.0769
4479,0.214372,0.0768
4480,0.214501,0.0769
4481,0.216028,0.0768
4482,0.216317,0.0768
4483,0.217470,0.0779
4484,0.217340,0.0780
4485,0.214084,0.0779
4486,0.214902,0.0780
4487,0.212339,0.0780
4488,0.207066,0.0779
4489,0.210227,0.0780
4490,0.215925,0.0780
4491,0.217660,0.0780
4492,0.217939,0.0781
4493,0.218775,0.0779
4494,0.221922,0.0779
4495,0.220043,0.0779
4496,0.229807,0.0780
4497,0.233766,0.0780
4498,0.233523,0.0780
4499,0.232518,0.0779
4500,0.224853,0.0779
4501,0.220684,0.0779
4502,0.221040,0.0779
4503,0.212448,0.0780
4504,0.223279,0.0781
4505,0.224957,0.0779
4506,0.228224,0.0780
4507,0.231068,0.0779
4508,0.240188,0.0780
4509,0.247235,0.0780
4510,0.250381,0.0780
4511,0.254645,0.0779
4512,0.255701,0.0780
4513,0.246584,0.0779
4514,0.245196,0.0780
4515,0.252498,0.0779
4516,0.255202,0.0781
4517,0.253534,0.0779
4518,0.254507,0.0780
4519,0.245347,0.0779
4520,0.250573,0.0780
4521,0.252373,0.0779
4522,0.253373,0.0779
4523,0.252085,0.0780
4524,0.248669,0.0780
4525,0.249136,0.0780
4526,0.245466,0.0780
4527,0.245136,0.0760
4528,0.242303,0.0762
4529,0.240839,0.0761
4530,0.238128,0.0762
4531,0.237187,0.0761
4532,0.233101,0.0762
4533,0.228876,0.0761
4534,0.226442,0.0762
4535,0.223142,0.0761
4536,0.216057,0.0762
4537,0.215968,0.0760
4538,0.220037,0.0763
4539,0.223669,0.0763
4540,0.226371,0.0762
4541,0.226004,0.0762
4542,0.224715,0.0760
4543,0.223528,0.0761
4544,0.220769,0.0764
4545,0.218728,0.0762
4546,0.215888,0.0761
4547,0.211095,0.0761
4548,0.212216,0.0764
4549,0.215835,0.0761
4550,0.214883,0.0761
4551,0.217747,0.0761
4552,0.219355,0.0761
4553,0.218722,0.0761
4554,0.218513,0.0761
4555,0.216363,0.0762
4556,0.214991,0.0762
4557,0.210159,0.0760
4558,0.214485,0.0760
4559,0.217352,0.0761
4560,0.216089,0.0760
4561,0.220676,0.0762
4562,0.221168,0.0761
4563,0.221301,0.0761
4564,0.219382,0.0761
4565,0.218380,0.0761
4566,0.218950,0.0760
4567,0.220475,0.0761
4568,0.219921,0.0762
4569,0.217342,0.0762
4570,0.213513,0.0760
4571,0.209364,0.0760
4572,0.215888,0.0761
4573,0.219614,0.0762
4574,0.220553,0.0760
4575,0.222029,0.0761
4576,0.223343,0.0761
4577,0.222824,0.0761
4578,0.224871,0.0761
4579,0.229271,0.0762
4580,0.229039,0.0762
4581,0.229323,0.0761
4582,0.227475,0.0761
4583,0.225950,0.0761
4584,0.223534,0.0762
4585,0.219878,0.0761
4586,0.212320,0.0761
4587,0.215706,0.0760
4588,0.221027,0.0762
4589,0.223426,0.0761
4590,0.223269,0.0761
4591,0.224530,0.0762
4592,0.225032,0.0769
4593,0.223816,0.0769
4594,0.223390,0.0770
4595,0.219779,0.0768
4596,0.220768,0.0769
4597,0.209911,0.0769
4598,0.228883,0.0769
4599,0.236973,0.0769
4600,0.249039,0.0769
4601,0.259678,0.0769
4602,0.265225,0.0770
4603,0.264655,0.0768
4604,0.264959,0.0769
4605,0.260009,0.0769
4606,0.261792,0.0769
4607,0.269126,0.0769
4608,0.274560,0.0769
4609,0.269919,0.0769
4610,0.262568,0.0769
4611,0.261499,0.0769
4612,0.261439,0.0787
4613,0.261502,0.0786
4614,0.258337,0.0783
4615,0.256014,0.0769
4616,0.258049,0.0783
4617,0.262189,0.0785
4618,0.261709,0.0769
4619,0.260146,0.0769
4620,0.254772,0.0769
4621,0.257260,0.0769
4622,0.258581,0.0769
4623,0.256169,0.0786
4624,0.253026,0.0769
4625,0.247453,0.0784
4626,0.240367,0.0769
4627,0.231455,0.0785
4628,0.225714,0.0785
4629,0.216994,0.0796
4630,0.225382,0.0786
4631,0.226651,0.0769
4632,0.227061,0.0787
4633,0.219929,0.0769
4634,0.214658,0.0768
4635,0.229431,0.0799
4636,0.235587,0.0769
4637,0.238564,0.0762
4638,0.238571,0.0762
4639,0.234473,0.0763
4640,0.234647,0.0798
4641,0.237990,0.0763
4642,0.239778,0.0762
4643,0.235711,0.0788
4644,0.237171,0.0762
4645,0.236209,0.0762
4646,0.234304,0.0790
4647,0.232045,0.0762
4648,0.223778,0.0769
4649,0.209097,0.0763
4650,0.229234,0.0790
4651,0.233372,0.0763
4652,0.238682,0.0763
4653,0.244719,0.0790
4654,0.243968,0.0762
4655,0.249364,0.0762
4656,0.250369,0.0763
4657,0.251087,0.0763
4658,0.248122,0.0787
4659,0.245441,0.0789
4660,0.246501,0.0763
4661,0.250408,0.0787
4662,0.249251,0.0762
4663,0.245975,0.0762
4664,0.249507,0.0762
4665,0.250214,0.0789
4666,0.250687,0.0762
4667,0.250126,0.0763
4668,0.251390,0.0791
4669,0.248781,0.0763
4670,0.244474,0.0762
4671,0.237916,0.0763
4672,0.232869,0.0789
4673,0.228839,0.0763
4674,0.227178,0.0802
4675,0.226691,0.0763
4676,0.227443,0.0763
4677,0.221099,0.0763
4678,0.227634,0.0787
4679,0.232593,0.0788
4680,0.235455,0.0798
4681,0.240060,0.0763
4682,0.240310,0.0763
4683,0.239323,0.0764
4684,0.238366,0.0763
4685,0.234105,0.0786
4686,0.231146,0.0788
4687,0.228814,0.0787
4688,0.225577,0.0788
4689,0.217646,0.0762
4690,0.211738,0.0762
4691,0.212307,0.0787
4692,0.211225,0.0763
4693,0.209724,0.0788
4694,0.204978,0.0799
4695,0.207275,0.0796
4696,0.209053,0.0763
4697,0.205744,0.0763
4698,0.205628,0.0764
4699,0.210449,0.0764
4700,0.211554,0.0763
4701,0.209504,0.0762
4702,0.202209,0.0763
4703,0.204195,0.0763
4704,0.210637,0.0762
4705,0.212977,0.0797
4706,0.214324,0.0764
4707,0.211788,0.0763
4708,0.208582,0.0788
4709,0.207847,0.0784
4710,0.211313,0.0762
4711,0.212597,0.0764
4712,0.212306,0.0762
4713,0.209598,0.0788
4714,0.206802,0.0762
4715,0.206651,0.0763
4716,0.205883,0.0788
4717,0.206525,0.0763
4718,0.200423,0.0788
4719,0.212879,0.0762
4720,0.216530,0.0789
4721,0.218803,0.0764
4722,0.219606,0.0763
4723,0.220542,0.0762
4724,0.221333,0.0762
4725,0.221841,0.0764
4726,0.218735,0.0764
4727,0.216884,0.0763
4728,0.218687,0.0787
4729,0.221059,0.0763
4730,0.220517,0.0763
4731,0.219375,0.0763
4732,0.214966,0.0763
4733,0.218004,0.0789
4734,0.217714,0.0762
4735,0.216831,0.0762
4736,0.215296,0.0789
4737,0.214423,0.0797
4738,0.212562,0.0763
4739,0.210709,0.0763
4740,0.208030,0.0763
4741,0.204550,0.0787
4742,0.199767,0.0763
4743,0.188707,0.0762
4744,0.197887,0.0763
4745,0.198553,0.0763
4746,0.194787,0.0799
4747,0.209793,0.0763
4748,0.216662,0.0764
4749,0.222441,0.0762
4750,0.226449,0.0763
4751,0.227824,0.0763
4752,0.227425,0.0789
4753,0.231751,0.0763
4754,0.235416,0.0801
4755,0.234516,0.0786
4756,0.232955,0.0787
4757,0.228627,0.0786
4758,0.229595,0.0763
4759,0.230411,0.0763
4760,0.230180,0.0763
4761,0.228539,0.0762
4762,0.226290,0.0789
4763,0.226112,0.0763
4764,0.224432,0.0788
4765,0.223239,0.0763
4766,0.224225,0.0764
4767,0.222268,0.0787
4768,0.221915,0.0763
4769,0.221395,0.0764
4770,0.219612,0.0764
4771,0.217582,0.0763
4772,0.214300,0.0763
4773,0.216514,0.0763
4774,0.218446,0.0787
4775,0.217061,0.0764
4776,0.215294,0.0786
4777,0.214400,0.0788
4778,0.211673,0.0763
4779,0.210724,0.0785
4780,0.209787,0.0764
4781,0.207928,0.0764
4782,0.207838,0.0786
4783,0.205961,0.0764
4784,0.201811,0.0786
4785,0.197889,0.0763
4786,0.194506,0.0786
4787,0.198368,0.0797
4788,0.199625,0.0763
4789,0.200922,0.0763
4790,0.200680,0.0787
4791,0.200020,0.0787
4792,0.198280,0.0788
4793,0.194590,0.0763
4794,0.201380,0.0797
4795,0.203549,0.0764
4796,0.203187,0.0787
4797,0.205086,0.0787
4798,0.204106,0.0764
4799,0.204836,0.0786
4800,0.208376,0.0786
4801,0.210507,0.0763
4802,0.209999,0.0787
4803,0.211213,0.0787
4804,0.211731,0.0764
4805,0.213972,0.0787
4806,0.213127,0.0788
4807,0.214610,0.0787
4808,0.214676,0.0797
4809,0.211926,0.0787
4810,0.210925,0.0762
4811,0.208749,0.0764
4812,0.207530,0.0763
4813,0.205635,0.0787
4814,0.204945,0.0764
4815,0.202656,0.0763
4816,0.199860,0.0796
4817,0.200055,0.0764
4818,0.199964,0.0787
4819,0.200335,0.0764
4820,0.200714,0.0764
4821,0.198132,0.0765
4822,0.197906,0.0787
4823,0.194188,0.0764
4824,0.188795,0.0763
4825,0.192653,0.0762
4826,0.196358,0.0765
4827,0.197483,0.0796
4828,0.201112,0.0786
4829,0.201820,0.0765
4830,0.202213,0.0785
4831,0.201631,0.0765
4832,0.202000,0.0763
4833,0.201315,0.0785
4834,0.201155,0.0765
4835,0.200282,0.0765
4836,0.199111,0.0764
4837,0.197929,0.0765
4838,0.195971,0.0764
4839,0.193983,0.0764
4840,0.191451,0.0764
4841,0.187050,0.0795
4842,0.189422,0.0795
4843,0.192213,0.0795
4844,0.191915,0.0764
4845,0.192924,0.0764
4846,0.192771,0.0785
4847,0.192435,0.0764
4848,0.191945,0.0766
4849,0.192123,0.0765
4850,0.191711,0.0766
4851,0.191462,0.0766
4852,0.189022,0.0797
4853,0.186141,0.0766
4854,0.187627,0.0764
4855,0.191014,0.0767
4856,0.193254,0.0784
4857,0.193465,0.0788
4858,0.193642,0.0766
4859,0.193013,0.0765
4860,0.192712,0.0766
4861,0.190871,0.0763
4862,0.189452,0.0796
4863,0.182956,0.0766
4864,0.189525,0.0766
4865,0.191385,0.0784
4866,0.195981,0.0785
4867,0.197614,0.0765
4868,0.197252,0.0784
4869,0.197989,0.0762
4870,0.200118,0.0784
4871,0.201103,0.0762
4872,0.203409,0.0784
4873,0.204469,0.0786
4874,0.204691,0.0763
4875,0.204414,0.0784
4876,0.204077,0.0795
4877,0.202407,0.0784
4878,0.201552,0.0796
4879,0.203287,0.0786
4880,0.202676,0.0765
4881,0.200986,0.0764
4882,0.199251,0.0785
4883,0.195853,0.0786
4884,0.194888,0.0763
4885,0.192809,0.0778
4886,0.185059,0.0779
4887,0.181291,0.0785
4888,0.199275,0.0761
4889,0.203681,0.0779
4890,0.206853,0.0758
4891,0.210251,0.0796
4892,0.213082,0.0764
4893,0.214627,0.0757
4894,0.217030,0.0757
4895,0.217529,0.0761
4896,0.219571,0.0761
4897,0.219517,0.0767
4898,0.219573,0.0762
4899,0.219497,0.0785
4900,0.220339,0.0762
4901,0.220388,0.0764
4902,0.219309,0.0780
4903,0.218095,0.0763
4904,0.219059,0.0779
4905,0.218149,0.0759
4906,0.217524,0.0780
4907,0.216298,0.0762
4908,0.213353,0.0780
4909,0.207969,0.0795
4910,0.208159,0.0786
4911,0.213530,0.0769
4912,0.215530,0.0768
4913,0.218235,0.0758
4914,0.217881,0.0781
4915,0.217860,0.0768
4916,0.216290,0.0790
4917,0.216562,0.0786
4918,0.214274,0.0757
4919,0.215050,0.0780
4920,0.213428,0.0780
4921,0.212497,0.0780
4922,0.210701,0.0769
4923,0.209430,0.0787
4924,0.208715,0.0790
4925,0.209915,0.0795
4926,0.207698,0.0780
4927,0.205883,0.0789
4928,0.202554,0.0779
4929,0.201164,0.0762
4930,0.196891,0.0764
4931,0.198721,0.0764
4932,0.197769,0.0764
4933,0.196819,0.0786
4934,0.196240,0.0784
4935,0.193366,0.0763
4936,0.191545,0.0764
4937,0.188120,0.0763
4938,0.184634,0.0758
4939,0.184275,0.0763
4940,0.188160,0.0758
4941,0.189188,0.0789
4942,0.189324,0.0763
4943,0.190812,0.0764
4944,0.189465,0.0796
4945,0.187050,0.0780
4946,0.182253,0.0764
4947,0.185132,0.0785
4948,0.188854,0.0764
4949,0.191184,0.0757
4950,0.190963,0.0780
4951,0.190749,0.0759
4952,0.189340,0.0758
4953,0.188134,0.0781
4954,0.186898,0.0790
4955,0.183267,0.0765
4956,0.187326,0.0763
4957,0.190759,0.0779
4958,0.192448,0.0770
4959,0.192814,0.0781
4960,0.193626,0.0782
4961,0.193863,0.0790
4962,0.192654,0.0795
4963,0.192949,0.0764
4964,0.193604,0.0765
4965,0.192421,0.0782
4966,0.191303,0.0758
4967,0.189623,0.0766
4968,0.184463,0.0781
4969,0.180846,0.0780
4970,0.183962,0.0782
4971,0.184569,0.0789
4972,0.177615,0.0781
4973,0.193177,0.0782
4974,0.199340,0.0759
4975,0.203736,0.0786
4976,0.208104,0.0764
4977,0.210314,0.0759
4978,0.212492,0.0783
4979,0.214118,0.0764
4980,0.214703,0.0787
4981,0.214589,0.0765
4982,0.213960,0.0760
4983,0.214851,0.0781
4984,0.215466,0.0782
4985,0.210670,0.0770
4986,0.220312,0.0759
4987,0.220730,0.0769
4988,0.224802,0.0781
4989,0.226642,0.0782
4990,0.226268,0.0788
4991,0.224027,0.0792
4992,0.217840,0.0764
4993,0.217388,0.0758
4994,0.223096,0.0792
4995,0.226095,0.0792
4996,0.226909,0.0759
4997,0.226603,0.0782
4998,0.226435,0.0759
4999,0.224503,0.0781
5000,0.223804,0.0783
5001,0.224435,0.0761
5002,0.223303,0.0770
5003,0.223375,0.0787
5004,0.220213,0.0766
5005,0.217281,0.0764
5006,0.213220,0.0786
5007,0.214769,0.0783
5008,0.212643,0.0760
5009,0.212126,0.0792
5010,0.211338,0.0763
5011,0.210179,0.0771
5012,0.207821,0.0766
5013,0.205991,0.0758
5014,0.203706,0.0765
5015,0.202203,0.0781
5016,0.199268,0.0765
5017,0.195599,0.0765
5018,0.192886,0.0791
5019,0.192087,0.0760
5020,0.187974,0.0783
5021,0.181500,0.0792
5022,0.186779,0.0766
5023,0.190914,0.0761
5024,0.193828,0.0782
5025,0.193840,0.0788
5026,0.194515,0.0770
5027,0.194707,0.0783
5028,0.193574,0.0782
5029,0.195084,0.0766
5030,0.195714,0.0782
5031,0.195529,0.0766
5032,0.194441,0.0765
5033,0.194889,0.0765
5034,0.194736,0.0766
5035,0.194568,0.0771
5036,0.194417,0.0765
5037,0.193213,0.0782
5038,0.191158,0.0759
5039,0.189738,0.0793
5040,0.187344,0.0759
5041,0.183512,0.0766
5042,0.184825,0.0770
5043,0.187478,0.0770
5044,0.189033,0.0771
5045,0.189217,0.0763
5046,0.189361,0.0785
5047,0.187422,0.0783
5048,0.186361,0.0767
5049,0.184239,0.0787
5050,0.181962,0.0767
5051,0.176552,0.0785
5052,0.179675,0.0771
5053,0.178557,0.0787
5054,0.179670,0.0763
5055,0.179134,0.0795
5056,0.184421,0.0784
5057,0.185423,0.0788
5058,0.186718,0.0761
5059,0.186882,0.0769
5060,0.187788,0.0785
5061,0.185666,0.0761
5062,0.184886,0.0798
5063,0.182479,0.0786
5064,0.172630,0.0769
5065,0.188766,0.0770
5066,0.195210,0.0768
5067,0.199401,0.0761
5068,0.204405,0.0769
5069,0.207062,0.0761
5070,0.207603,0.0769
5071,0.207473,0.0768
5072,0.206527,0.0762
5073,0.204400,0.0769
5074,0.204588,0.0761
5075,0.204423,0.0770
5076,0.198400,0.0763
5077,0.202878,0.0769
5078,0.205337,0.0769
5079,0.207875,0.0764
5080,0.211266,0.0762
5081,0.212769,0.0763
5082,0.209501,0.0765
5083,0.211618,0.0770
5084,0.211533,0.0763
5085,0.209850,0.0769
5086,0.209807,0.0768
5087,0.207474,0.0762
5088,0.206972,0.0761
5089,0.208962,0.0769
5090,0.206381,0.0761
5091,0.205042,0.0763
5092,0.200954,0.0762
5093,0.201442,0.0770
5094,0.201527,0.0763
5095,0.200514,0.0771
5096,0.200416,0.0762
5097,0.200071,0.0763
5098,0.198991,0.0770
5099,0.197377,0.0769
5100,0.197396,0.0763
5101,0.196306,0.0770
5102,0.195485,0.0765
5103,0.193125,0.0769
5104,0.192225,0.0770
5105,0.191122,0.0798
5106,0.188223,0.0797
5107,0.188163,0.0788
5108,0.185276,0.0765
5109,0.180708,0.0770
5110,0.172937,0.0770
5111,0.181237,0.0788
5112,0.186634,0.0763
5113,0.186817,0.0787
5114,0.189186,0.0789
5115,0.191218,0.0789
5116,0.190710,0.0789
5117,0.191386,0.0798
5118,0.189790,0.0789
5119,0.188651,0.0771
5120,0.189907,0.0790
5121,0.189674,0.0766
5122,0.189753,0.0765
5123,0.188536,0.0772
5124,0.187902,0.0790
5125,0.186800,0.0790
5126,0.187930,0.0772
5127,0.189207,0.0772
5128,0.188995,0.0800
5129,0.189084,0.0790
5130,0.188708,0.0773
5131,0.186496,0.0790
5132,0.184266,0.0765
5133,0.178422,0.0790
5134,0.179911,0.0789
5135,0.182355,0.0766
5136,0.184556,0.0765
5137,0.184016,0.0790
5138,0.183162,0.0788
5139,0.182571,0.0788
5140,0.181041,0.0772
5141,0.170675,0.0790
5142,0.187481,0.0771
5143,0.193535,0.0799
5144,0.197160,0.0799
5145,0.199348,0.0772
5146,0.201052,0.0799
5147,0.205500,0.0766
5148,0.208859,0.0765
5149,0.210928,0.0766
5150,0.212068,0.0799
5151,0.212540,0.0788
5152,0.214769,0.0775
5153,0.214351,0.0767
5154,0.215560,0.0789
5155,0.215636,0.0789
5156,0.217100,0.0764
5157,0.216447,0.0774
5158,0.216287,0.0773
5159,0.215582,0.0789
5160,0.215335,0.0800
5161,0.214771,0.0766
5162,0.210996,0.0767
5163,0.211542,0.0767
5164,0.209215,0.0766
5165,0.208702,0.0790
5166,0.208283,0.0791
5167,0.210463,0.0775
5168,0.209215,0.0801
5169,0.208782,0.0790
5170,0.206581,0.0760
5171,0.202499,0.0767
5172,0.203601,0.0776
5173,0.200963,0.0776
5174,0.200612,0.0766
5175,0.200356,0.0767
5176,0.200727,0.0776
5177,0.198942,0.0768
5178,0.197366,0.0777
5179,0.196384,0.0777
5180,0.194967,0.0776
5181,0.193797,0.0767
5182,0.191877,0.0777
5183,0.189468,0.0776
5184,0.188396,0.0776
5185,0.187358,0.0777
5186,0.186656,0.0777
5187,0.185014,0.0777
5188,0.181057,0.0777
5189,0.172697,0.0769
5190,0.179371,0.0767
5191,0.178537,0.0777
5192,0.177059,0.0767
5193,0.177283,0.0770
5194,0.176856,0.0769
5195,0.173645,0.0778
5196,0.182469,0.0778
5197,0.184393,0.0769
5198,0.187144,0.0766
5199,0.188147,0.0767
5200,0.188574,0.0777
5201,0.189475,0.0777
5202,0.189014,0.0766
5203,0.188568,0.0777
5204,0.188676,0.0776
5205,0.188411,0.0769
5206,0.187919,0.0768
5207,0.186427,0.0778
5208,0.186189,0.0777
5209,0.185095,0.0769
5210,0.182930,0.0778
5211,0.180324,0.0778
5212,0.178087,0.0769
5213,0.172910,0.0778
5214,0.177058,0.0771
5215,0.180586,0.0779
5216,0.182041,0.0778
5217,0.182276,0.0770
5218,0.184278,0.0763
5219,0.185282,0.0769
5220,0.186350,0.0778
5221,0.186691,0.0768
5222,0.186300,0.0778
5223,0.184155,0.0769
5224,0.182927,0.0769
5225,0.180371,0.0768
5226,0.178486,0.0769
5227,0.174163,0.0778
5228,0.177619,0.0778
5229,0.181125,0.0770
5230,0.183789,0.0777
5231,0.182580,0.0769
5232,0.183234,0.0769
5233,0.184433,0.0776
5234,0.183176,0.0778
5235,0.182157,0.0770
5236,0.179970,0.0769
5237,0.178981,0.0769
5238,0.176046,0.0769
5239,0.171944,0.0771
5240,0.176216,0.0770
5241,0.179472,0.0770
5242,0.178437,0.0770
5243,0.181295,0.0768
5244,0.181717,0.0777
5245,0.181173,0.0778
5246,0.180259,0.0770
5247,0.179875,0.0778
5248,0.178237,0.0777
5249,0.177909,0.0778
5250,0.178805,0.0776
5251,0.179411,0.0770
5252,0.176021,0.0771
5253,0.174773,0.0770
5254,0.173649,0.0770
5255,0.173035,0.0779
5256,0.175442,0.0778
5257,0.175074,0.0778
5258,0.177741,0.0778
5259,0.177731,0.0770
5260,0.177638,0.0778
5261,0.176150,0.0779
5262,0.175264,0.0778
5263,0.174553,0.0779
5264,0.175525,0.0772
5265,0.177273,0.0772
5266,0.175978,0.0780
5267,0.178879,0.0780
5268,0.180593,0.0780
5269,0.181402,0.0780
5270,0.182976,0.0772
5271,0.183466,0.0772
5272,0.184927,0.0772
5273,0.184084,0.0780
5274,0.183369,0.0772
5275,0.183617,0.0781
5276,0.183721,0.0773
5277,0.182719,0.0779
5278,0.182123,0.0770
5279,0.180576,0.0779
5280,0.179135,0.0773
5281,0.178630,0.0773
5282,0.175830,0.0773
5283,0.175839,0.0773
5284,0.177590,0.0780
5285,0.177750,0.0781
5286,0.175973,0.0771
5287,0.175055,0.0784
5288,0.172237,0.0781
5289,0.173097,0.0780
5290,0.176025,0.0774
5291,0.176515,0.0774
5292,0.176154,0.0775
5293,0.174984,0.0774
5294,0.173172,0.0774
5295,0.175074,0.0776
5296,0.174140,0.0772
5297,0.173575,0.0781
5298,0.174702,0.0776
5299,0.174296,0.0776
5300,0.173565,0.0777
5301,0.173772,0.0772
5302,0.174855,0.0774
5303,0.174362,0.0790
5304,0.173079,0.0783
5305,0.170853,0.0778
5306,0.173061,0.0791
5307,0.174168,0.0779
5308,0.176480,0.0784
5309,0.177097,0.0778
5310,0.177474,0.0778
5311,0.175680,0.0778
5312,0.176449,0.0785
5313,0.176621,0.0784
5314,0.174479,0.0784
5315,0.173010,0.0784
5316,0.172484,0.0784
5317,0.171587,0.0780
5318,0.167991,0.0782
5319,0.175618,0.0784
5320,0.178730,0.0784
5321,0.179769,0.0792
5322,0.179845,0.0779
5323,0.182353,0.0779
5324,0.185134,0.0784
5325,0.185819,0.0779
5326,0.185767,0.0784
5327,0.185209,0.0784
5328,0.185141,0.0783
5329,0.185399,0.0784
5330,0.184002,0.0784
5331,0.184205,0.0784
5332,0.184578,0.0784
5333,0.183978,0.0785
5334,0.185622,0.0777
5335,0.185289,0.0774
5336,0.188354,0.0785
5337,0.187521,0.0784
5338,0.187812,0.0777
5339,0.188506,0.0785
5340,0.187371,0.0783
5341,0.187919,0.0793
5342,0.187215,0.0777
5343,0.186737,0.0787
5344,0.184621,0.0786
5345,0.183969,0.0786
5346,0.182449,0.0781
5347,0.180992,0.0785
5348,0.178091,0.0785
5349,0.176543,0.0779
5350,0.172773,0.0776
5351,0.175005,0.0785
5352,0.179094,0.0785
5353,0.180390,0.0780
5354,0.181310,0.0795
5355,0.181859,0.0785
5356,0.181366,0.0785
5357,0.181520,0.0779
5358,0.178769,0.0785
5359,0.178880,0.0787
5360,0.176701,0.0786
5361,0.175245,0.0785
5362,0.177105,0.0779
5363,0.177068,0.0782
5364,0.174247,0.0788
5365,0.172208,0.0789
5366,0.169894,0.0780
5367,0.172033,0.0779
5368,0.169136,0.0787
5369,0.174958,0.0789
5370,0.176081,0.0787
5371,0.178674,0.0797
5372,0.180843,0.0788
5373,0.181635,0.0777
5374,0.182269,0.0780
5375,0.181411,0.0796
5376,0.180737,0.0789
5377,0.180751,0.0773
5378,0.180444,0.0789
5379,0.179868,0.0788
5380,0.179788,0.0779
5381,0.179453,0.0789
5382,0.177108,0.0777
5383,0.172742,0.0787
5384,0.174734,0.0788
5385,0.177070,0.0774
5386,0.178097,0.0788
5387,0.179731,0.0782
5388,0.179391,0.0782
5389,0.179529,0.0782
5390,0.178367,0.0793
5391,0.178409,0.0788
5392,0.175464,0.0802
5393,0.173100,0.0789
5394,0.168091,0.0783
5395,0.175293,0.0785
5396,0.179842,0.0789
5397,0.181663,0.0784
5398,0.181806,0.0787
5399,0.182432,0.0790
5400,0.183189,0.0785
5401,0.183633,0.0792
5402,0.183766,0.0792
5403,0.183450,0.0786
5404,0.182570,0.0793
5405,0.181199,0.0790
5406,0.181653,0.0788
5407,0.179721,0.0793
5408,0.178236,0.0792
5409,0.174760,0.0790
5410,0.167864,0.0786
5411,0.180110,0.0802
5412,0.185667,0.0793
5413,0.189421,0.0786
5414,0.191794,0.0784
5415,0.192752,0.0794
5416,0.194335,0.0804
5417,0.194840,0.0796
5418,0.195496,0.0801
5419,0.194442,0.0800
5420,0.194961,0.0800
5421,0.193729,0.0785
5422,0.194740,0.0797
5423,0.192858,0.0786
5424,0.193880,0.0785
5425,0.193447,0.0783
5426,0.193487,0.0802
5427,0.192405,0.0801
5428,0.191055,0.0796
5429,0.190383,0.0805
5430,0.188789,0.0801
5431,0.188295,0.0801
5432,0.186933,0.0796
5433,0.186050,0.0797
5434,0.183824,0.0784
5435,0.182034,0.0785
5436,0.181150,0.0807
5437,0.180051,0.0786
5438,0.179834,0.0802
5439,0.178049,0.0784
5440,0.174731,0.0797
5441,0.169942,0.0780
5442,0.170123,0.0796
5443,0.174395,0.0807
5444,0.175876,0.0795
5445,0.175683,0.0797
5446,0.176257,0.0798
5447,0.175272,0.0797
5448,0.175550,0.0783
5449,0.174603,0.0795
5450,0.171677,0.0783
5451,0.166521,0.0797
5452,0.174317,0.0798
5453,0.178215,0.0816
5454,0.178944,0.0798
5455,0.179797,0.0798
5456,0.182058,0.0798
5457,0.182707,0.0784
5458,0.183020,0.0799
5459,0.182443,0.0798
5460,0.182335,0.0810
5461,0.183110,0.0788
5462,0.181833,0.0799
5463,0.182672,0.0785
5464,0.182170,0.0799
5465,0.180485,0.0799
5466,0.180092,0.0797
5467,0.178400,0.0805
5468,0.175986,0.0805
5469,0.173042,0.0797
5470,0.170223,0.0799
5471,0.160576,0.0818
5472,0.176840,0.0785
5473,0.183329,0.0785
5474,0.188905,0.0800
5475,0.191627,0.0804
5476,0.196173,0.0805
5477,0.199480,0.0805
5478,0.200840,0.0791
5479,0.202841,0.0800
5480,0.205886,0.0789
5481,0.207590,0.0800
5482,0.208463,0.0819
5483,0.208482,0.0800
5484,0.208901,0.0799
5485,0.209531,0.0789
5486,0.210308,0.0799
5487,0.207362,0.0798
5488,0.214211,0.0807
5489,0.213841,0.0798
5490,0.213127,0.0799
5491,0.213117,0.0798
5492,0.212154,0.0799
5493,0.214161,0.0783
5494,0.213361,0.0797
5495,0.213660,0.0798
5496,0.212935,0.0799
5497,0.212912,0.0780
5498,0.212475,0.0799
5499,0.211461,0.0807
5500,0.210431,0.0785
5501,0.210336,0.0799
5502,0.209155,0.0784
5503,0.208376,0.0788
5504,0.208523,0.0806
5505,0.207933,0.0784
5506,0.207399,0.0800
5507,0.206248,0.0783
5508,0.204274,0.0800
5509,0.204616,0.0800
5510,0.202420,0.0781
5511,0.203213,0.0815
5512,0.202055,0.0786
5513,0.200413,0.0786
5514,0.199595,0.0803
5515,0.196809,0.0802
5516,0.197851,0.0786
5517,0.195871,0.0800
5518,0.195180,0.0799
5519,0.193585,0.0800
5520,0.192931,0.0799
5521,0.192152,0.0801
5522,0.190703,0.0795
5523,0.189283,0.0800
5524,0.188548,0.0801
5525,0.186655,0.0800
5526,0.185891,0.0800
5527,0.184820,0.0801
5528,0.182875,0.0800
5529,0.182552,0.0798
5530,0.179996,0.0784
5531,0.178625,0.0802
5532,0.177098,0.0788
5533,0.172596,0.0783
5534,0.167860,0.0803
5535,0.170418,0.0802
5536,0.173017,0.0800
5537,0.174278,0.0784
5538,0.175690,0.0803
5539,0.176463,0.0807
5540,0.177174,0.0804
5541,0.177091,0.0804
5542,0.176386,0.0803
5543,0.176051,0.0812
5544,0.174924,0.0804
5545,0.173031,0.0806
5546,0.171383,0.0818
5547,0.170303,0.0826
5548,0.166469,0.0827
5549,0.161215,0.0809
5550,0.163563,0.0797
5551,0.163769,0.0804
5552,0.162857,0.0804
5553,0.161712,0.0829
5554,0.167939,0.0807
5555,0.170729,0.0815
5556,0.173267,0.0817
5557,0.173463,0.0798
5558,0.174499,0.0821
5559,0.174916,0.0819
5560,0.174359,0.0819
5561,0.174701,0.0837
5562,0.174470,0.0799
5563,0.174360,0.0810
5564,0.172038,0.0805
5565,0.170587,0.0814
5566,0.167971,0.0805
5567,0.160727,0.0806
5568,0.165215,0.0807
5569,0.166705,0.0798
5570,0.167071,0.0817
5571,0.166355,0.0805
5572,0.167537,0.0807
5573,0.168656,0.0816
5574,0.168315,0.0815
5575,0.167218,0.0800
5576,0.166774,0.0823
5577,0.167426,0.0807
5578,0.166847,0.0806
5579,0.164279,0.0823
5580,0.165946,0.0819
5581,0.166549,0.0801
5582,0.164862,0.0824
5583,0.161757,0.0813
5584,0.160616,0.0819
5585,0.164846,0.0824
5586,0.167098,0.0814
5587,0.167571,0.0825
5588,0.169068,0.0808
5589,0.168758,0.0807
5590,0.168785,0.0808
5591,0.171010,0.0808
5592,0.173017,0.0825
5593,0.173873,0.0830
5594,0.174658,0.0818
5595,0.175445,0.0816
5596,0.173841,0.0844
5597,0.171187,0.0827
5598,0.171128,0.0822
5599,0.168792,0.0808
5600,0.169147,0.0826
5601,0.170530,0.0825
5602,0.171356,0.0816
5603,0.172184,0.0831
5604,0.172363,0.0810
5605,0.170482,0.0808
5606,0.169201,0.0819
5607,0.167858,0.0809
5608,0.162874,0.0819
5609,0.169741,0.0828
5610,0.172294,0.0817
5611,0.174808,0.0808
5612,0.175606,0.0809
5613,0.179104,0.0818
5614,0.178967,0.0832
5615,0.178473,0.0797
5616,0.179596,0.0817
5617,0.182373,0.0819
5618,0.180472,0.0826
5619,0.179871,0.0819
5620,0.180019,0.0845
5621,0.179018,0.0820
5622,0.177235,0.0811
5623,0.176974,0.0797
5624,0.175301,0.0810
5625,0.175069,0.0811
5626,0.166870,0.0799
5627,0.178837,0.0820
5628,0.182766,0.0823
5629,0.184075,0.0834
5630,0.185252,0.0821
5631,0.185484,0.0832
5632,0.183510,0.0822
5633,0.185482,0.0829
5634,0.186871,0.0820
5635,0.183891,0.0826
5636,0.184514,0.0812
5637,0.182766,0.0811
5638,0.185458,0.0836
5639,0.188114,0.0833
5640,0.190109,0.0814
5641,0.191372,0.0823
5642,0.191082,0.0850
5643,0.191243,0.0824
5644,0.192047,0.0831
5645,0.192250,0.0833
5646,0.193030,0.0821
5647,0.192499,0.0849
5648,0.191925,0.0833
5649,0.188461,0.0823
5650,0.187294,0.0822
5651,0.184816,0.0835
5652,0.183510,0.0822
5653,0.180372,0.0831
5654,0.181090,0.0834
5655,0.182950,0.0822
5656,0.183678,0.0830
5657,0.183943,0.0830
5658,0.183606,0.0821
5659,0.180961,0.0820
5660,0.182019,0.0830
5661,0.180702,0.0802
5662,0.178214,0.0820
5663,0.176723,0.0830
5664,0.174864,0.0849
5665,0.171104,0.0833
5666,0.166212,0.0828
5667,0.169614,0.0812
5668,0.173747,0.0850
5669,0.175055,0.0831
5670,0.177514,0.0824
5671,0.177943,0.0834
5672,0.177966,0.0826
5673,0.176647,0.0831
5674,0.175289,0.0850
5675,0.173310,0.0830
5676,0.173642,0.0824
5677,0.173256,0.0813
5678,0.172739,0.0824
5679,0.171114,0.0827
5680,0.170413,0.0833
5681,0.168911,0.0826
5682,0.166528,0.0836
5683,0.165651,0.0831
5684,0.162556,0.0837
5685,0.156186,0.0852
5686,0.160624,0.0838
5687,0.163964,0.0812
5688,0.166255,0.0838
5689,0.166964,0.0832
5690,0.167222,0.0807
5691,0.167536,0.0822
5692,0.167774,0.0826
5693,0.166113,0.0808
5694,0.166050,0.0827
5695,0.164386,0.0823
5696,0.163166,0.0807
5697,0.162897,0.0827
5698,0.162643,0.0837
5699,0.160868,0.0816
5700,0.157760,0.0853
5701,0.151254,0.0833
5702,0.155282,0.0822
5703,0.153802,0.0826
5704,0.156052,0.0832
5705,0.158211,0.0812
5706,0.157496,0.0808
5707,0.156857,0.0834
5708,0.154868,0.0827
5709,0.156844,0.0827
5710,0.159920,0.0835
5711,0.160601,0.0854
5712,0.160893,0.0833
5713,0.160000,0.0823
5714,0.157706,0.0830
5715,0.155503,0.0856
5716,0.154161,0.0833
5717,0.153250,0.0833
5718,0.155139,0.0841
5719,0.157095,0.0830
5720,0.155334,0.0830
5721,0.150761,0.0857
5722,0.159564,0.0841
5723,0.162982,0.0832
5724,0.163876,0.0817
5725,0.166323,0.0832
5726,0.167901,0.0846
5727,0.167134,0.0840
5728,0.168906,0.0844
5729,0.168851,0.0812
5730,0.168645,0.0843
5731,0.168612,0.0810
5732,0.168074,0.0844
5733,0.169531,0.0861
5734,0.169333,0.0824
5735,0.168853,0.0835
5736,0.167668,0.0813
5737,0.167789,0.0835
5738,0.167419,0.0836
5739,0.166088,0.0826
5740,0.164963,0.0836
5741,0.164653,0.0813
5742,0.163791,0.0827
5743,0.163339,0.0838
5744,0.162314,0.0845
5745,0.161497,0.0848
5746,0.160033,0.0817
5747,0.160501,0.0842
5748,0.157865,0.0826
5749,0.156980,0.0849
5750,0.155775,0.0816
5751,0.155448,0.0851
5752,0.151526,0.0850
5753,0.151540,0.0838
5754,0.154897,0.0839
5755,0.155829,0.0840
5756,0.156236,0.0839
5757,0.157115,0.0828
5758,0.157308,0.0840
5759,0.157070,0.0844
5760,0.155985,0.0847
5761,0.155410,0.0850
5762,0.153535,0.0840
5763,0.151017,0.0844
5764,0.148869,0.0838
5765,0.147616,0.0843
5766,0.151742,0.0851
5767,0.151433,0.0841
5768,0.151925,0.0844
5769,0.153364,0.0851
5770,0.152454,0.0851
5771,0.146099,0.0819
5772,0.157730,0.0842
5773,0.160261,0.0846
5774,0.164699,0.0830
5775,0.166093,0.0842
5776,0.167230,0.0847
5777,0.168379,0.0846
5778,0.170740,0.0842
5779,0.172026,0.0845
5780,0.172225,0.0843
5781,0.172728,0.0843
5782,0.172813,0.0852
5783,0.172987,0.0821
5784,0.172709,0.0851
5785,0.171711,0.0821
5786,0.171635,0.0853
5787,0.172192,0.0830
5788,0.171789,0.0844
5789,0.172117,0.0846
5790,0.170255,0.0855
5791,0.170585,0.0851
5792,0.170133,0.0841
5793,0.170737,0.0831
5794,0.170469,0.0832
5795,0.170071,0.0846
5796,0.170327,0.0844
5797,0.172081,0.0846
5798,0.170708,0.0851
5799,0.171340,0.0857
5800,0.171743,0.0847
5801,0.171649,0.0874
5802,0.172396,0.0857
5803,0.171391,0.0850
5804,0.171239,0.0847
5805,0.169057,0.0849
5806,0.169172,0.0875
5807,0.168463,0.0848
5808,0.167192,0.0833
5809,0.166336,0.0827
5810,0.166633,0.0852
5811,0.167115,0.0843
5812,0.165498,0.0860
5813,0.164177,0.0860
5814,0.164910,0.0851
5815,0.164800,0.0829
5816,0.164052,0.0850
5817,0.164057,0.0851
5818,0.162977,0.0878
5819,0.160944,0.0865
5820,0.161341,0.0863
5821,0.160320,0.0862
5822,0.158251,0.0857
5823,0.157354,0.0878
5824,0.154962,0.0828
5825,0.152722,0.0858
5826,0.146158,0.0834
5827,0.155051,0.0844
5828,0.157371,0.0853
5829,0.160016,0.0856
5830,0.160635,0.0835
5831,0.161975,0.0868
5832,0.162985,0.0855
5833,0.162814,0.0866
5834,0.163295,0.0831
5835,0.162909,0.0856
5836,0.165081,0.0860
5837,0.163902,0.0869
5838,0.165236,0.0856
5839,0.164173,0.0867
5840,0.164476,0.0836
5841,0.163375,0.0864
5842,0.163471,0.0859
5843,0.163749,0.0862
5844,0.163615,0.0845
5845,0.162210,0.0835
5846,0.161373,0.0867
5847,0.161711,0.0857
5848,0.161559,0.0884
5849,0.160909,0.0856
5850,0.160612,0.0834
5851,0.159661,0.0867
5852,0.158508,0.0837
5853,0.157851,0.0871
5854,0.156656,0.0837
5855,0.154952,0.0835
5856,0.153036,0.0858
5857,0.151111,0.0868
5858,0.146510,0.0870
5859,0.147373,0.0833
5860,0.143231,0.0858
5861,0.149845,0.0836
5862,0.152989,0.0836
5863,0.154136,0.0857
5864,0.155538,0.0866
5865,0.155387,0.0857
5866,0.153941,0.0886
5867,0.153435,0.0836
5868,0.153286,0.0859
5869,0.153019,0.0836
5870,0.151020,0.0859
5871,0.145015,0.0857
5872,0.152026,0.0833
5873,0.154785,0.0859
5874,0.156334,0.0849
5875,0.158393,0.0836
5876,0.158660,0.0836
5877,0.159879,0.0867
5878,0.160573,0.0836
5879,0.160930,0.0837
5880,0.161040,0.0837
5881,0.161950,0.0857
5882,0.160786,0.0872
5883,0.160727,0.0859
5884,0.159870,0.0863
5885,0.160144,0.0857
5886,0.159920,0.0859
5887,0.158418,0.0836
5888,0.158326,0.0861
5889,0.157708,0.0858
5890,0.155898,0.0872
5891,0.156384,0.0836
5892,0.154619,0.0837
5893,0.152928,0.0859
5894,0.149324,0.0869
5895,0.148604,0.0861
5896,0.152099,0.0836
5897,0.153808,0.0836
5898,0.154907,0.0863
5899,0.153809,0.0837
5900,0.151276,0.0871
5901,0.149363,0.0886
5902,0.148109,0.0874
5903,0.149204,0.0870
5904,0.151302,0.0868
5905,0.152552,0.0868
5906,0.152591,0.0838
5907,0.152006,0.0836
5908,0.149859,0.0874
5909,0.143193,0.0872
5910,0.154119,0.0859
5911,0.156798,0.0848
5912,0.158726,0.0888
5913,0.160013,0.0871
5914,0.160232,0.0839
5915,0.161189,0.0839
5916,0.161966,0.0847
5917,0.162010,0.0869
5918,0.162066,0.0872
5919,0.162132,0.0866
5920,0.162379,0.0866
5921,0.162135,0.0875
5922,0.161589,0.0841
5923,0.160808,0.0863
5924,0.161002,0.0840
5925,0.160455,0.0840
5926,0.160533,0.0871
5927,0.159316,0.0841
5928,0.159186,0.0878
5929,0.157380,0.0872
5930,0.156218,0.0879
5931,0.154990,0.0865
5932,0.153806,0.0865
5933,0.151683,0.0841
5934,0.148453,0.0867
5935,0.144792,0.0843
5936,0.148221,0.0842
5937,0.147971,0.0875
5938,0.144226,0.0868
5939,0.149830,0.0868
5940,0.151484,0.0876
5941,0.152318,0.0845
5942,0.153616,0.0868
5943,0.154366,0.0882
5944,0.155451,0.0846
5945,0.155979,0.0897
5946,0.155253,0.0881
5947,0.155641,0.0869
5948,0.154883,0.0847
5949,0.154829,0.0881
5950,0.153663,0.0847
5951,0.152792,0.0872
5952,0.151006,0.0899
5953,0.149082,0.0871
5954,0.144996,0.0882
5955,0.145044,0.0849
5956,0.148145,0.0883
5957,0.148443,0.0875
5958,0.148619,0.0873
5959,0.148609,0.0884
5960,0.148608,0.0873
5961,0.147070,0.0873
5962,0.140663,0.0886
5963,0.148740,0.0902
5964,0.151769,0.0888
5965,0.152914,0.0903
5966,0.153229,0.0875
5967,0.154521,0.0886
5968,0.155128,0.0880
5969,0.155042,0.0853
5970,0.155250,0.0851
5971,0.154512,0.0884
5972,0.154340,0.0888
5973,0.154641,0.0905
5974,0.152892,0.0905
5975,0.153770,0.0883
5976,0.151655,0.0855
5977,0.150063,0.0855
5978,0.147436,0.0889
5979,0.140832,0.0890
5980,0.147899,0.0884
5981,0.150635,0.0880
5982,0.151115,0.0880
5983,0.152125,0.0854
5984,0.151686,0.0862
5985,0.151870,0.0888
5986,0.152929,0.0855
5987,0.150212,0.0858
5988,0.148314,0.0858
5989,0.143671,0.0860
5990,0.144675,0.0895
5991,0.148198,0.0909
5992,0.148847,0.0890
5993,0.148961,0.0872
5994,0.147953,0.0859
5995,0.143268,0.0859
5996,0.147373,0.0860
5997,0.147429,0.0883
5998,0.147143,0.0885
5999,0.144841,0.0895
6000,0.144982,0.0862
