epoch,loss,tiempo_s
1,9.752131,0.3278
2,5.962747,0.0114
3,5.441072,0.0104
4,5.188247,0.0107
5,5.020062,0.0109
6,4.891230,0.0158
7,4.786200,0.0132
8,4.696673,0.0115
9,4.617510,0.0125
10,4.547938,0.0124
11,4.483642,0.0119
12,4.424547,0.0117
13,4.369220,0.0122
14,4.317503,0.0126
15,4.268031,0.0125
16,4.222085,0.0120
17,4.177815,0.0119
18,4.136311,0.0121
19,4.097788,0.0125
20,4.061016,0.0124
21,4.024392,0.0124
22,3.991149,0.0119
23,3.957499,0.0121
24,3.925140,0.0124
25,3.893963,0.0123
26,3.863827,0.0123
27,3.834483,0.0119
28,3.805522,0.0119
29,3.776183,0.0125
30,3.748458,0.0124
31,3.722118,0.0123
32,3.697779,0.0118
33,3.673357,0.0119
34,3.649145,0.0120
35,3.625935,0.0125
36,3.602925,0.0124
37,3.582072,0.0123
38,3.560820,0.0118
39,3.540328,0.0119
40,3.520224,0.0104
41,3.500258,0.0102
42,3.480997,0.0111
43,3.462530,0.0118
44,3.443677,0.0124
45,3.425531,0.0123
46,3.406780,0.0118
47,3.389593,0.0120
48,3.371869,0.0124
49,3.353731,0.0124
50,3.336525,0.0123
51,3.319603,0.0118
52,3.303432,0.0119
53,3.286302,0.0120
54,3.269898,0.0124
55,3.253494,0.0124
56,3.237032,0.0123
57,3.220228,0.0119
58,3.204716,0.0119
59,3.189383,0.0124
60,3.175561,0.0125
61,3.160037,0.0123
62,3.144747,0.0119
63,3.129274,0.0120
64,3.114226,0.0124
65,3.099780,0.0125
66,3.085483,0.0123
67,3.070245,0.0118
68,3.057354,0.0120
69,3.042235,0.0125
70,3.028019,0.0125
71,3.013515,0.0123
72,2.999430,0.0119
73,2.984510,0.0120
74,2.970236,0.0124
75,2.956401,0.0124
76,2.942641,0.0123
77,2.929660,0.0119
78,2.915549,0.0118
79,2.901419,0.0120
80,2.889283,0.0125
81,2.875269,0.0124
82,2.861469,0.0123
83,2.849062,0.0119
84,2.835524,0.0119
85,2.821232,0.0126
86,2.807980,0.0124
87,2.795373,0.0123
88,2.781913,0.0118
89,2.768394,0.0119
90,2.756294,0.0120
91,2.742765,0.0125
92,2.729789,0.0124
93,2.716059,0.0125
94,2.702959,0.0118
95,2.689002,0.0120
96,2.676253,0.0124
97,2.664383,0.0124
98,2.651288,0.0123
99,2.637787,0.0118
100,2.625127,0.0118
101,2.611345,0.0121
102,2.599104,0.0125
103,2.585063,0.0125
104,2.573046,0.0123
105,2.560740,0.0118
106,2.548749,0.0120
107,2.535429,0.0125
108,2.523454,0.0124
109,2.510363,0.0124
110,2.497762,0.0118
111,2.485222,0.0120
112,2.472702,0.0125
113,2.460438,0.0125
114,2.447327,0.0123
115,2.434651,0.0119
116,2.422040,0.0120
117,2.409090,0.0125
118,2.395676,0.0125
119,2.382902,0.0124
120,2.370487,0.0119
121,2.357766,0.0120
122,2.344523,0.0125
123,2.331751,0.0139
124,2.319726,0.0119
125,2.307013,0.0119
126,2.294299,0.0121
127,2.282282,0.0125
128,2.270582,0.0152
129,2.257966,0.0113
130,2.246484,0.0118
131,2.232894,0.0125
132,2.220705,0.0125
133,2.207929,0.0124
134,2.195632,0.0118
135,2.183388,0.0121
136,2.170900,0.0125
137,2.159698,0.0126
138,2.147752,0.0123
139,2.135498,0.0119
140,2.123628,0.0120
141,2.111899,0.0125
142,2.100909,0.0125
143,2.088973,0.0123
144,2.078113,0.0119
145,2.066705,0.0121
146,2.055085,0.0125
147,2.042645,0.0125
148,2.031489,0.0124
149,2.020280,0.0119
150,2.010070,0.0120
151,1.998439,0.0124
152,1.987519,0.0125
153,1.976681,0.0124
154,1.964664,0.0119
155,1.954003,0.0121
156,1.943781,0.0125
157,1.933645,0.0125
158,1.922246,0.0124
159,1.910766,0.0119
160,1.899591,0.0121
161,1.888590,0.0125
162,1.878626,0.0125
163,1.868736,0.0124
164,1.859190,0.0119
165,1.849435,0.0121
166,1.839125,0.0125
167,1.828583,0.0125
168,1.819777,0.0124
169,1.810578,0.0119
170,1.800018,0.0119
171,1.790396,0.0121
172,1.781075,0.0125
173,1.772396,0.0125
174,1.764052,0.0124
175,1.755018,0.0120
176,1.746870,0.0126
177,1.738334,0.0125
178,1.730864,0.0125
179,1.723294,0.0118
180,1.714528,0.0120
181,1.704777,0.0125
182,1.696403,0.0126
183,1.687992,0.0124
184,1.679199,0.0119
185,1.671910,0.0119
186,1.663925,0.0122
187,1.655589,0.0126
188,1.648240,0.0125
189,1.640372,0.0124
190,1.633888,0.0121
191,1.626714,0.0126
192,1.619370,0.0125
193,1.612178,0.0124
194,1.605039,0.0119
195,1.598352,0.0119
196,1.591928,0.0122
197,1.586075,0.0125
198,1.579135,0.0124
199,1.572601,0.0120
200,1.566099,0.0120
201,1.558758,0.0122
202,1.551721,0.0125
203,1.543998,0.0125
204,1.536831,0.0124
205,1.530815,0.0119
206,1.523899,0.0120
207,1.517406,0.0126
208,1.510175,0.0125
209,1.502414,0.0124
210,1.495440,0.0119
211,1.489711,0.0121
212,1.484921,0.0125
213,1.479682,0.0125
214,1.474229,0.0124
215,1.468277,0.0119
216,1.463343,0.0119
217,1.458278,0.0122
218,1.453831,0.0125
219,1.448830,0.0125
220,1.444783,0.0119
221,1.440624,0.0119
222,1.436108,0.0122
223,1.431330,0.0125
224,1.425984,0.0125
225,1.420238,0.0124
226,1.415773,0.0119
227,1.410674,0.0122
228,1.405427,0.0125
229,1.401998,0.0125
230,1.400199,0.0124
231,1.397477,0.0119
232,1.393256,0.0122
233,1.387871,0.0125
234,1.382903,0.0124
235,1.377465,0.0119
236,1.372448,0.0120
237,1.368033,0.0121
238,1.363356,0.0125
239,1.357041,0.0150
240,1.351559,0.0114
241,1.346037,0.0119
242,1.339810,0.0126
243,1.334165,0.0125
244,1.328495,0.0125
245,1.325742,0.0119
246,1.322439,0.0121
247,1.318486,0.0126
248,1.315092,0.0126
249,1.310598,0.0124
250,1.306554,0.0119
251,1.301326,0.0122
252,1.296165,0.0125
253,1.290845,0.0125
254,1.286494,0.0124
255,1.280689,0.0119
256,1.275446,0.0122
257,1.271357,0.0125
258,1.267350,0.0125
259,1.262870,0.0125
260,1.259469,0.0119
261,1.255468,0.0121
262,1.251938,0.0125
263,1.248791,0.0126
264,1.245309,0.0124
265,1.243629,0.0120
266,1.240189,0.0123
267,1.237920,0.0125
268,1.235610,0.0124
269,1.232250,0.0120
270,1.228575,0.0119
271,1.224362,0.0122
272,1.219743,0.0125
273,1.216995,0.0125
274,1.213543,0.0119
275,1.208901,0.0119
276,1.206259,0.0121
277,1.203901,0.0125
278,1.202480,0.0125
279,1.202261,0.0124
280,1.201097,0.0120
281,1.198344,0.0122
282,1.195637,0.0126
283,1.193708,0.0125
284,1.191181,0.0124
285,1.187162,0.0119
286,1.182282,0.0121
287,1.177065,0.0126
288,1.171017,0.0126
289,1.165319,0.0124
290,1.158933,0.0119
291,1.152714,0.0121
292,1.146697,0.0125
293,1.141916,0.0125
294,1.137576,0.0124
295,1.134833,0.0119
296,1.131123,0.0122
297,1.128278,0.0126
298,1.125995,0.0125
299,1.122901,0.0125
300,1.119580,0.0119
301,1.117254,0.0129
302,1.115530,0.0124
303,1.113508,0.0120
304,1.109676,0.0122
305,1.106224,0.0126
306,1.105047,0.0125
307,1.104258,0.0125
308,1.099333,0.0120
309,1.093280,0.0123
310,1.086379,0.0125
311,1.079620,0.0125
312,1.075598,0.0119
313,1.070987,0.0121
314,1.068881,0.0126
315,1.067101,0.0125
316,1.065249,0.0124
317,1.062993,0.0120
318,1.062811,0.0122
319,1.062720,0.0125
320,1.062819,0.0126
321,1.063444,0.0125
322,1.062597,0.0120
323,1.059926,0.0122
324,1.055341,0.0127
325,1.051893,0.0126
326,1.045190,0.0124
327,1.039993,0.0120
328,1.036435,0.0122
329,1.032088,0.0126
330,1.028918,0.0126
331,1.026988,0.0125
332,1.026656,0.0120
333,1.024894,0.0122
334,1.022943,0.0126
335,1.019730,0.0125
336,1.015650,0.0120
337,1.012840,0.0121
338,1.008470,0.0122
339,1.002991,0.0127
340,0.998019,0.0124
341,0.993326,0.0120
342,0.990017,0.0120
343,0.985966,0.0121
344,0.982718,0.0126
345,0.979596,0.0127
346,0.977377,0.0125
347,0.975694,0.0120
348,0.975246,0.0122
349,0.972524,0.0126
350,0.968564,0.0125
351,0.965389,0.0120
352,0.961796,0.0120
353,0.956259,0.0123
354,0.951191,0.0163
355,0.949611,0.0117
356,0.950256,0.0117
357,0.950652,0.0123
358,0.951802,0.0126
359,0.951620,0.0125
360,0.952674,0.0120
361,0.948398,0.0120
362,0.939461,0.0123
363,0.935395,0.0126
364,0.933127,0.0125
365,0.929717,0.0120
366,0.924322,0.0122
367,0.921834,0.0126
368,0.918954,0.0126
369,0.914930,0.0125
370,0.911362,0.0121
371,0.909279,0.0122
372,0.908165,0.0126
373,0.905793,0.0126
374,0.903434,0.0125
375,0.899159,0.0121
376,0.897218,0.0124
377,0.894830,0.0126
378,0.893285,0.0125
379,0.891395,0.0120
380,0.888996,0.0120
381,0.886339,0.0122
382,0.884497,0.0126
383,0.883284,0.0126
384,0.879594,0.0125
385,0.875433,0.0120
386,0.871377,0.0122
387,0.870590,0.0127
388,0.870729,0.0125
389,0.867196,0.0120
390,0.864170,0.0122
391,0.861360,0.0127
392,0.860002,0.0127
393,0.864121,0.0125
394,0.868554,0.0120
395,0.872268,0.0120
396,0.874932,0.0127
397,0.877304,0.0126
398,0.879240,0.0125
399,0.881804,0.0121
400,0.883761,0.0123
401,0.884663,0.0127
402,0.883430,0.0126
403,0.882235,0.0125
404,0.880715,0.0121
405,0.878169,0.0123
406,0.875029,0.0127
407,0.872497,0.0127
408,0.871415,0.0126
409,0.871118,0.0121
410,0.867678,0.0122
411,0.861260,0.0127
412,0.855659,0.0125
413,0.854083,0.0120
414,0.851704,0.0117
415,0.849227,0.0123
416,0.847400,0.0127
417,0.848718,0.0126
418,0.852482,0.0119
419,0.855022,0.0117
420,0.855103,0.0124
421,0.853205,0.0127
422,0.852483,0.0126
423,0.849169,0.0120
424,0.845221,0.0117
425,0.839077,0.0123
426,0.833579,0.0127
427,0.830729,0.0126
428,0.827591,0.0121
429,0.822357,0.0122
430,0.814559,0.0127
431,0.811051,0.0126
432,0.811259,0.0126
433,0.811338,0.0121
434,0.806261,0.0124
435,0.802340,0.0126
436,0.801742,0.0125
437,0.803407,0.0120
438,0.803174,0.0118
439,0.802928,0.0124
440,0.799714,0.0127
441,0.792759,0.0126
442,0.786106,0.0121
443,0.778898,0.0118
444,0.773272,0.0123
445,0.767736,0.0127
446,0.763231,0.0126
447,0.759972,0.0120
448,0.757147,0.0118
449,0.755577,0.0124
450,0.754101,0.0127
451,0.751427,0.0126
452,0.747871,0.0120
453,0.746571,0.0120
454,0.745423,0.0127
455,0.742641,0.0127
456,0.742219,0.0126
457,0.743777,0.0122
458,0.743290,0.0124
459,0.740447,0.0127
460,0.733848,0.0126
461,0.728439,0.0121
462,0.725773,0.0123
463,0.728184,0.0127
464,0.735166,0.0127
465,0.738779,0.0126
466,0.738893,0.0121
467,0.736954,0.0123
468,0.733784,0.0127
469,0.729851,0.0126
470,0.726022,0.0120
471,0.723131,0.0118
472,0.717114,0.0124
473,0.709655,0.0127
474,0.706651,0.0127
475,0.708598,0.0121
476,0.716038,0.0121
477,0.720345,0.0124
478,0.718827,0.0127
479,0.715962,0.0126
480,0.717447,0.0120
481,0.722388,0.0118
482,0.722819,0.0123
483,0.720641,0.0127
484,0.714507,0.0126
485,0.705169,0.0121
486,0.695627,0.0117
487,0.688672,0.0121
488,0.687570,0.0128
489,0.686571,0.0126
490,0.686246,0.0120
491,0.681592,0.0117
492,0.681236,0.0121
493,0.682089,0.0128
494,0.678321,0.0126
495,0.672569,0.0121
496,0.666873,0.0122
497,0.660850,0.0125
498,0.658121,0.0128
499,0.659412,0.0126
500,0.656814,0.0121
501,0.652166,0.0120
502,0.648374,0.0128
503,0.653857,0.0127
504,0.667617,0.0126
505,0.674036,0.0124
506,0.671804,0.0128
507,0.664783,0.0128
508,0.654554,0.0126
509,0.644429,0.0123
510,0.633916,0.0127
511,0.627520,0.0127
512,0.627910,0.0127
513,0.630275,0.0121
514,0.629685,0.0121
515,0.628111,0.0128
516,0.629806,0.0128
517,0.627471,0.0127
518,0.622109,0.0122
519,0.618007,0.0125
520,0.616432,0.0128
521,0.615378,0.0128
522,0.612640,0.0121
523,0.612540,0.0119
524,0.609955,0.0125
525,0.609977,0.0127
526,0.608459,0.0127
527,0.607392,0.0121
528,0.612044,0.0119
529,0.618497,0.0125
530,0.620150,0.0127
531,0.616292,0.0128
532,0.610874,0.0122
533,0.605467,0.0124
534,0.603195,0.0128
535,0.601831,0.0127
536,0.602807,0.0121
537,0.603539,0.0119
538,0.602344,0.0125
539,0.601842,0.0129
540,0.602328,0.0127
541,0.602530,0.0123
542,0.600960,0.0125
543,0.600844,0.0128
544,0.598477,0.0126
545,0.598088,0.0121
546,0.595223,0.0118
547,0.599105,0.0126
548,0.599265,0.0128
549,0.591827,0.0127
550,0.585313,0.0121
551,0.579526,0.0121
552,0.578375,0.0129
553,0.577317,0.0128
554,0.574625,0.0137
555,0.577486,0.0127
556,0.585468,0.0128
557,0.595372,0.0127
558,0.606251,0.0122
559,0.620684,0.0118
560,0.634641,0.0122
561,0.643926,0.0129
562,0.646858,0.0128
563,0.642841,0.0128
564,0.638170,0.0122
565,0.633730,0.0125
566,0.624580,0.0128
567,0.611367,0.0127
568,0.600423,0.0122
569,0.593588,0.0121
570,0.586569,0.0128
571,0.585070,0.0128
572,0.586430,0.0122
573,0.579241,0.0119
574,0.575343,0.0125
575,0.577058,0.0129
576,0.571237,0.0128
577,0.561979,0.0122
578,0.558402,0.0122
579,0.556791,0.0129
580,0.554737,0.0128
581,0.552102,0.0122
582,0.551966,0.0119
583,0.549160,0.0123
584,0.543416,0.0129
585,0.541187,0.0128
586,0.542636,0.0122
587,0.542984,0.0123
588,0.545078,0.0129
589,0.541061,0.0128
590,0.539082,0.0122
591,0.542456,0.0120
592,0.545326,0.0125
593,0.544206,0.0129
594,0.543178,0.0128
595,0.541110,0.0123
596,0.541632,0.0124
597,0.538998,0.0129
598,0.530025,0.0128
599,0.523744,0.0122
600,0.521008,0.0120
601,0.524019,0.0126
602,0.528759,0.0128
603,0.533083,0.0124
604,0.535561,0.0126
605,0.535489,0.0129
606,0.533064,0.0128
607,0.532881,0.0123
608,0.536840,0.0126
609,0.537004,0.0129
610,0.532477,0.0128
611,0.528849,0.0122
612,0.527748,0.0123
613,0.528900,0.0129
614,0.531420,0.0128
615,0.532810,0.0122
616,0.531768,0.0113
617,0.533502,0.0119
618,0.535675,0.0122
619,0.533701,0.0121
620,0.527051,0.0120
621,0.520290,0.0115
622,0.519095,0.0114
623,0.531219,0.0117
624,0.544291,0.0120
625,0.551510,0.0121
626,0.549342,0.0119
627,0.543220,0.0115
628,0.533153,0.0114
629,0.522497,0.0114
630,0.521554,0.0117
631,0.521288,0.0120
632,0.516891,0.0120
633,0.507985,0.0120
634,0.501745,0.0115
635,0.503460,0.0114
636,0.511522,0.0115
637,0.527433,0.0117
638,0.538307,0.0120
639,0.542625,0.0120
640,0.541951,0.0119
641,0.538038,0.0115
642,0.532398,0.0115
643,0.527568,0.0116
644,0.525203,0.0121
645,0.522947,0.0120
646,0.521212,0.0121
647,0.520411,0.0120
648,0.511839,0.0115
649,0.503723,0.0115
650,0.500080,0.0117
651,0.494671,0.0120
652,0.488766,0.0120
653,0.496239,0.0119
654,0.509922,0.0115
655,0.517122,0.0115
656,0.518857,0.0116
657,0.513410,0.0121
658,0.508039,0.0121
659,0.503350,0.0120
660,0.500270,0.0115
661,0.496804,0.0115
662,0.491289,0.0116
663,0.488388,0.0121
664,0.481748,0.0121
665,0.474693,0.0121
666,0.470669,0.0121
667,0.468111,0.0116
668,0.466025,0.0117
669,0.461006,0.0122
670,0.460128,0.0123
671,0.458488,0.0122
672,0.457939,0.0117
673,0.458042,0.0119
674,0.461539,0.0120
675,0.460607,0.0125
676,0.458678,0.0126
677,0.463597,0.0128
678,0.467511,0.0123
679,0.464366,0.0124
680,0.458306,0.0131
681,0.451125,0.0130
682,0.446537,0.0123
683,0.450899,0.0124
684,0.453061,0.0130
685,0.451409,0.0129
686,0.449941,0.0124
687,0.460806,0.0122
688,0.463310,0.0127
689,0.466842,0.0130
690,0.470592,0.0128
691,0.472915,0.0121
692,0.472880,0.0127
693,0.474077,0.0130
694,0.471760,0.0128
695,0.466570,0.0120
696,0.461849,0.0124
697,0.458441,0.0131
698,0.454865,0.0129
699,0.453958,0.0123
700,0.446771,0.0122
701,0.446399,0.0128
702,0.443867,0.0130
703,0.436204,0.0130
704,0.434724,0.0124
705,0.434975,0.0129
706,0.440574,0.0131
707,0.453193,0.0129
708,0.463190,0.0125
709,0.465756,0.0128
710,0.459614,0.0131
711,0.456228,0.0128
712,0.451539,0.0121
713,0.444885,0.0128
714,0.450804,0.0131
715,0.455124,0.0130
716,0.459165,0.0125
717,0.464669,0.0145
718,0.469677,0.0107
719,0.471685,0.0109
720,0.472732,0.0114
721,0.473879,0.0115
722,0.486112,0.0116
723,0.506865,0.0121
724,0.530703,0.0129
725,0.548819,0.0130
726,0.560902,0.0124
727,0.564573,0.0125
728,0.557739,0.0131
729,0.542487,0.0130
730,0.522678,0.0124
731,0.503127,0.0122
732,0.487384,0.0129
733,0.479646,0.0131
734,0.474276,0.0129
735,0.466917,0.0123
736,0.460926,0.0129
737,0.456291,0.0131
738,0.450157,0.0125
739,0.446807,0.0107
740,0.445943,0.0108
741,0.446919,0.0109
742,0.454453,0.0113
743,0.461416,0.0118
744,0.453743,0.0125
745,0.438934,0.0131
746,0.428410,0.0125
747,0.425337,0.0121
748,0.424010,0.0129
749,0.426718,0.0131
750,0.434815,0.0131
751,0.436350,0.0121
752,0.432360,0.0126
753,0.424797,0.0132
754,0.422805,0.0130
755,0.426109,0.0121
756,0.432751,0.0126
757,0.437676,0.0131
758,0.444769,0.0130
759,0.448478,0.0122
760,0.446051,0.0129
761,0.438709,0.0132
762,0.429535,0.0129
763,0.426643,0.0123
764,0.423391,0.0130
765,0.421651,0.0130
766,0.421695,0.0125
767,0.420568,0.0122
768,0.420180,0.0130
769,0.421111,0.0131
770,0.420026,0.0130
771,0.417911,0.0122
772,0.415974,0.0130
773,0.412942,0.0132
774,0.411234,0.0130
775,0.409107,0.0122
776,0.408067,0.0126
777,0.406358,0.0132
778,0.407287,0.0131
779,0.408103,0.0126
780,0.411043,0.0127
781,0.411969,0.0132
782,0.411441,0.0132
783,0.408986,0.0127
784,0.407805,0.0130
785,0.408180,0.0132
786,0.405663,0.0130
787,0.400942,0.0124
788,0.400090,0.0130
789,0.408789,0.0132
790,0.420129,0.0125
791,0.430685,0.0124
792,0.430151,0.0130
793,0.419749,0.0132
794,0.412498,0.0126
795,0.409591,0.0123
796,0.406910,0.0130
797,0.403894,0.0132
798,0.400417,0.0125
799,0.396149,0.0124
800,0.391773,0.0131
801,0.387382,0.0131
802,0.384453,0.0126
803,0.383035,0.0125
804,0.388227,0.0132
805,0.396351,0.0130
806,0.400032,0.0121
807,0.398155,0.0133
808,0.395617,0.0134
809,0.391885,0.0119
810,0.391098,0.0111
811,0.395371,0.0109
812,0.405131,0.0111
813,0.415299,0.0115
814,0.417113,0.0120
815,0.408167,0.0132
816,0.400145,0.0131
817,0.395972,0.0123
818,0.393469,0.0128
819,0.390769,0.0133
820,0.389729,0.0131
821,0.395247,0.0123
822,0.407343,0.0127
823,0.422612,0.0133
824,0.442139,0.0131
825,0.452575,0.0124
826,0.451234,0.0131
827,0.455817,0.0132
828,0.470191,0.0127
829,0.481229,0.0124
830,0.483252,0.0131
831,0.471091,0.0133
832,0.453190,0.0126
833,0.434254,0.0125
834,0.416219,0.0132
835,0.403460,0.0134
836,0.396907,0.0131
837,0.391748,0.0125
838,0.390645,0.0133
839,0.391003,0.0132
840,0.390628,0.0123
841,0.397613,0.0123
842,0.415542,0.0133
843,0.428009,0.0132
844,0.430584,0.0128
845,0.426966,0.0127
846,0.419906,0.0134
847,0.412312,0.0132
848,0.403269,0.0123
849,0.398317,0.0131
850,0.395229,0.0134
851,0.398202,0.0132
852,0.401341,0.0125
853,0.398037,0.0133
854,0.423883,0.0133
855,0.425787,0.0123
856,0.403157,0.0129
857,0.395407,0.0135
858,0.402315,0.0132
859,0.408750,0.0125
860,0.403979,0.0133
861,0.397713,0.0134
862,0.390859,0.0127
863,0.391890,0.0126
864,0.395447,0.0134
865,0.402883,0.0132
866,0.409870,0.0123
867,0.407105,0.0124
868,0.401305,0.0132
869,0.395214,0.0132
870,0.392135,0.0123
871,0.393738,0.0124
872,0.393737,0.0133
873,0.397037,0.0134
874,0.398518,0.0127
875,0.396225,0.0130
876,0.393324,0.0134
877,0.391306,0.0132
878,0.389677,0.0125
879,0.388444,0.0132
880,0.386523,0.0134
881,0.387696,0.0128
882,0.390984,0.0128
883,0.396861,0.0134
884,0.398526,0.0132
885,0.399052,0.0124
886,0.394598,0.0130
887,0.389203,0.0135
888,0.383961,0.0132
889,0.379620,0.0126
890,0.377171,0.0133
891,0.376368,0.0133
892,0.379028,0.0123
893,0.381283,0.0124
894,0.376843,0.0134
895,0.371205,0.0133
896,0.369248,0.0124
897,0.368676,0.0130
898,0.370055,0.0135
899,0.371241,0.0133
900,0.374576,0.0126
901,0.375635,0.0131
902,0.381460,0.0128
903,0.380986,0.0130
904,0.380447,0.0135
905,0.382827,0.0132
906,0.392099,0.0126
907,0.394631,0.0133
908,0.392964,0.0134
909,0.389388,0.0127
910,0.384077,0.0127
911,0.375538,0.0134
912,0.370343,0.0133
913,0.373603,0.0124
914,0.372743,0.0125
915,0.372308,0.0133
916,0.375806,0.0133
917,0.375232,0.0125
918,0.374275,0.0132
919,0.372853,0.0134
920,0.367904,0.0128
921,0.376246,0.0132
922,0.392430,0.0135
923,0.400836,0.0135
924,0.397980,0.0125
925,0.387867,0.0130
926,0.381306,0.0134
927,0.375794,0.0128
928,0.372332,0.0126
929,0.375383,0.0134
930,0.379746,0.0134
931,0.384663,0.0129
932,0.393241,0.0131
933,0.397424,0.0135
934,0.396738,0.0134
935,0.393087,0.0126
936,0.387832,0.0134
937,0.387624,0.0134
938,0.387496,0.0129
939,0.388226,0.0130
940,0.387822,0.0136
941,0.383611,0.0134
942,0.383698,0.0126
943,0.385925,0.0135
944,0.385041,0.0135
945,0.383591,0.0128
946,0.376460,0.0129
947,0.372021,0.0136
948,0.367983,0.0134
949,0.363631,0.0126
950,0.359693,0.0132
951,0.358688,0.0135
952,0.359778,0.0141
953,0.361059,0.0132
954,0.358628,0.0134
955,0.355621,0.0129
956,0.356148,0.0126
957,0.357979,0.0135
958,0.361222,0.0134
959,0.363739,0.0127
960,0.368582,0.0126
961,0.373046,0.0136
962,0.372078,0.0134
963,0.368328,0.0127
964,0.361732,0.0135
965,0.360076,0.0135
966,0.363400,0.0130
967,0.378220,0.0132
968,0.384795,0.0136
969,0.377879,0.0134
970,0.371512,0.0127
971,0.370489,0.0135
972,0.370205,0.0135
973,0.374803,0.0127
974,0.376353,0.0127
975,0.372096,0.0135
976,0.369047,0.0135
977,0.363309,0.0128
978,0.362196,0.0136
979,0.362823,0.0135
980,0.364461,0.0127
981,0.366396,0.0132
982,0.369622,0.0135
983,0.373447,0.0130
984,0.373519,0.0125
985,0.373041,0.0135
986,0.369734,0.0136
987,0.372704,0.0127
988,0.381066,0.0126
989,0.381273,0.0136
990,0.382952,0.0135
991,0.377276,0.0128
992,0.373630,0.0136
993,0.368140,0.0135
994,0.363641,0.0127
995,0.364493,0.0127
996,0.364479,0.0137
997,0.368068,0.0136
998,0.371488,0.0128
999,0.373325,0.0135
1000,0.371527,0.0136
1001,0.371718,0.0128
1002,0.366961,0.0127
1003,0.365795,0.0136
1004,0.364994,0.0136
1005,0.362303,0.0130
1006,0.358313,0.0137
1007,0.356063,0.0136
1008,0.355240,0.0128
1009,0.351173,0.0136
1010,0.349894,0.0136
1011,0.350795,0.0128
1012,0.362000,0.0136
1013,0.368811,0.0137
1014,0.367828,0.0132
1015,0.364217,0.0134
1016,0.365328,0.0138
1017,0.363406,0.0134
1018,0.360255,0.0130
1019,0.358413,0.0139
1020,0.357260,0.0139
1021,0.358366,0.0133
1022,0.356118,0.0140
1023,0.355796,0.0141
1024,0.356366,0.0135
1025,0.368256,0.0142
1026,0.369079,0.0143
1027,0.368010,0.0140
1028,0.373851,0.0143
1029,0.383274,0.0135
1030,0.388270,0.0143
1031,0.387538,0.0145
1032,0.388381,0.0140
1033,0.385909,0.0146
1034,0.384706,0.0138
1035,0.383192,0.0143
1036,0.374672,0.0149
1037,0.370737,0.0138
1038,0.368925,0.0150
1039,0.369026,0.0141
1040,0.370122,0.0145
1041,0.376694,0.0148
1042,0.381030,0.0147
1043,0.376645,0.0154
1044,0.370825,0.0144
1045,0.373137,0.0156
1046,0.383648,0.0147
1047,0.385570,0.0158
1048,0.374685,0.0148
1049,0.366768,0.0155
1050,0.364123,0.0149
1051,0.365904,0.0152
1052,0.370456,0.0150
1053,0.375533,0.0152
1054,0.373333,0.0152
1055,0.369665,0.0155
1056,0.371098,0.0153
1057,0.368258,0.0160
1058,0.360021,0.0155
1059,0.355420,0.0159
1060,0.354994,0.0155
1061,0.350032,0.0160
1062,0.350405,0.0157
1063,0.347010,0.0161
1064,0.340485,0.0160
1065,0.340968,0.0163
1066,0.345412,0.0164
1067,0.347103,0.0163
1068,0.355902,0.0166
1069,0.364989,0.0165
1070,0.370393,0.0168
1071,0.377771,0.0171
1072,0.384010,0.0170
1073,0.383295,0.0174
1074,0.384223,0.0174
1075,0.387372,0.0175
1076,0.381126,0.0177
1077,0.380266,0.0180
1078,0.384849,0.0183
1079,0.389403,0.0183
1080,0.386391,0.0185
1081,0.375040,0.0188
1082,0.363654,0.0191
1083,0.360998,0.0194
1084,0.358171,0.0193
1085,0.353049,0.0198
1086,0.346772,0.0199
1087,0.344246,0.0201
1088,0.341849,0.0204
1089,0.347325,0.0206
1090,0.350992,0.0209
1091,0.354838,0.0212
1092,0.358492,0.0215
1093,0.361040,0.0217
1094,0.357882,0.0224
1095,0.354803,0.0224
1096,0.348826,0.0227
1097,0.344388,0.0234
1098,0.342649,0.0237
1099,0.355048,0.0236
1100,0.367342,0.0240
1101,0.377625,0.0245
1102,0.391315,0.0247
1103,0.397083,0.0252
1104,0.396855,0.0256
1105,0.388491,0.0265
1106,0.382995,0.0264
1107,0.379382,0.0268
1108,0.369684,0.0278
1109,0.372644,0.0281
1110,0.374872,0.0283
1111,0.372791,0.0285
1112,0.365856,0.0296
1113,0.361791,0.0300
1114,0.358473,0.0301
1115,0.360162,0.0305
1116,0.361079,0.0310
1117,0.359716,0.0313
1118,0.357013,0.0319
1119,0.357211,0.0324
1120,0.352800,0.0330
1121,0.356330,0.0334
1122,0.366415,0.0339
1123,0.370102,0.0345
1124,0.371881,0.0353
1125,0.371255,0.0356
1126,0.363184,0.0362
1127,0.356261,0.0369
1128,0.350236,0.0383
1129,0.349035,0.0381
1130,0.344379,0.0387
1131,0.350121,0.0396
1132,0.346724,0.0402
1133,0.346018,0.0408
1134,0.339221,0.0415
1135,0.337098,0.0421
1136,0.333545,0.0426
1137,0.336786,0.0443
1138,0.343080,0.0451
1139,0.347249,0.0448
1140,0.344664,0.0466
1141,0.348706,0.0461
1142,0.348119,0.0467
1143,0.347136,0.0486
1144,0.343906,0.0493
1145,0.341881,0.0492
1146,0.339760,0.0499
1147,0.348408,0.0512
1148,0.354925,0.0526
1149,0.361986,0.0521
1150,0.360551,0.0532
1151,0.349936,0.0536
1152,0.342653,0.0545
1153,0.349537,0.0552
1154,0.332637,0.0561
1155,0.335595,0.0564
1156,0.342205,0.0569
1157,0.341349,0.0570
1158,0.339500,0.0573
1159,0.329856,0.0574
1160,0.327312,0.0571
1161,0.339214,0.0575
1162,0.338383,0.0574
1163,0.349862,0.0577
1164,0.360973,0.0580
1165,0.366862,0.0582
1166,0.357005,0.0586
1167,0.347050,0.0583
1168,0.341469,0.0595
1169,0.341889,0.0580
1170,0.340004,0.0599
1171,0.327319,0.0586
1172,0.327369,0.0587
1173,0.327246,0.0594
1174,0.333124,0.0593
1175,0.327523,0.0596
1176,0.320510,0.0599
1177,0.331663,0.0602
1178,0.339541,0.0621
1179,0.346573,0.0609
1180,0.344795,0.0614
1181,0.353679,0.0635
1182,0.366604,0.0625
1183,0.370408,0.0630
1184,0.368376,0.0652
1185,0.365533,0.0644
1186,0.363523,0.0653
1187,0.368014,0.0656
1188,0.363084,0.0666
1189,0.360789,0.0681
1190,0.357103,0.0705
1191,0.354488,0.0705
1192,0.347345,0.0692
1193,0.349556,0.0701
1194,0.356025,0.0717
1195,0.356862,0.0710
1196,0.353219,0.0717
1197,0.346826,0.0715
1198,0.345008,0.0716
1199,0.342342,0.0713
1200,0.332617,0.0716
1201,0.331074,0.0712
1202,0.325101,0.0715
1203,0.323669,0.0717
1204,0.320862,0.0713
1205,0.319935,0.0731
1206,0.324864,0.0731
1207,0.324057,0.0737
1208,0.331541,0.0731
1209,0.328261,0.0731
1210,0.334691,0.0733
1211,0.336701,0.0734
1212,0.338918,0.0730
1213,0.329600,0.0732
1214,0.326262,0.0735
1215,0.325116,0.0715
1216,0.324467,0.0716
1217,0.321383,0.0716
1218,0.318507,0.0718
1219,0.317430,0.0714
1220,0.313952,0.0711
1221,0.316786,0.0716
1222,0.313233,0.0713
1223,0.309518,0.0713
1224,0.305683,0.0713
1225,0.308512,0.0714
1226,0.309578,0.0711
1227,0.309882,0.0711
1228,0.304766,0.0716
1229,0.303802,0.0713
1230,0.300698,0.0713
1231,0.298785,0.0712
1232,0.295389,0.0715
1233,0.291881,0.0711
1234,0.290086,0.0711
1235,0.291708,0.0717
1236,0.287838,0.0712
1237,0.296090,0.0712
1238,0.306508,0.0710
1239,0.296839,0.0715
1240,0.297729,0.0728
1241,0.308240,0.0728
1242,0.317347,0.0733
1243,0.316707,0.0731
1244,0.321798,0.0711
1245,0.318222,0.0715
1246,0.313019,0.0722
1247,0.322305,0.0714
1248,0.316371,0.0714
1249,0.311612,0.0714
1250,0.304067,0.0715
1251,0.300783,0.0712
1252,0.296791,0.0713
1253,0.298901,0.0715
1254,0.298790,0.0713
1255,0.298725,0.0713
1256,0.301082,0.0715
1257,0.299603,0.0733
1258,0.302255,0.0729
1259,0.303643,0.0732
1260,0.296996,0.0735
1261,0.297485,0.0732
1262,0.295326,0.0732
1263,0.294203,0.0731
1264,0.292654,0.0734
1265,0.289693,0.0732
1266,0.285003,0.0732
1267,0.282384,0.0730
1268,0.290319,0.0737
1269,0.295991,0.0715
1270,0.300759,0.0715
1271,0.295564,0.0720
1272,0.291325,0.0716
1273,0.286645,0.0718
1274,0.278363,0.0716
1275,0.275974,0.0720
1276,0.281754,0.0716
1277,0.292544,0.0715
1278,0.289907,0.0720
1279,0.290310,0.0717
1280,0.288649,0.0717
1281,0.285141,0.0717
1282,0.280078,0.0719
1283,0.275531,0.0717
1284,0.277042,0.0717
1285,0.290247,0.0719
1286,0.289250,0.0719
1287,0.288401,0.0716
1288,0.282453,0.0717
1289,0.278850,0.0720
1290,0.273498,0.0721
1291,0.270053,0.0715
1292,0.264839,0.0714
1293,0.268314,0.0718
1294,0.275996,0.0713
1295,0.281646,0.0716
1296,0.282642,0.0717
1297,0.285399,0.0714
1298,0.280168,0.0715
1299,0.277223,0.0713
1300,0.275316,0.0717
1301,0.273009,0.0713
1302,0.276181,0.0715
1303,0.273784,0.0737
1304,0.278934,0.0733
1305,0.268983,0.0734
1306,0.266158,0.0733
1307,0.265172,0.0736
1308,0.265313,0.0733
1309,0.261198,0.0735
1310,0.259158,0.0732
1311,0.256832,0.0738
1312,0.259390,0.0735
1313,0.262550,0.0733
1314,0.270267,0.0736
1315,0.268588,0.0736
1316,0.265083,0.0731
1317,0.263187,0.0734
1318,0.261283,0.0738
1319,0.265682,0.0734
1320,0.267883,0.0738
1321,0.273023,0.0736
1322,0.269837,0.0739
1323,0.265017,0.0737
1324,0.260256,0.0736
1325,0.257904,0.0735
1326,0.250661,0.0738
1327,0.253565,0.0735
1328,0.250415,0.0735
1329,0.249483,0.0734
1330,0.251577,0.0722
1331,0.244856,0.0716
1332,0.243856,0.0736
1333,0.240755,0.0740
1334,0.241518,0.0718
1335,0.234166,0.0719
1336,0.235925,0.0718
1337,0.239529,0.0720
1338,0.243591,0.0718
1339,0.244610,0.0717
1340,0.245694,0.0720
1341,0.248354,0.0719
1342,0.240496,0.0717
1343,0.246413,0.0718
1344,0.245405,0.0719
1345,0.246318,0.0717
1346,0.242589,0.0717
1347,0.240519,0.0717
1348,0.243193,0.0718
1349,0.264620,0.0722
1350,0.273417,0.0717
1351,0.266250,0.0718
1352,0.259934,0.0717
1353,0.255122,0.0718
1354,0.250401,0.0715
1355,0.244891,0.0719
1356,0.241336,0.0714
1357,0.239268,0.0717
1358,0.236124,0.0719
1359,0.232766,0.0714
1360,0.233979,0.0716
1361,0.230371,0.0712
1362,0.223457,0.0722
1363,0.230496,0.0712
1364,0.225569,0.0714
1365,0.220930,0.0716
1366,0.217892,0.0712
1367,0.219646,0.0714
1368,0.224018,0.0711
1369,0.240389,0.0715
1370,0.240914,0.0711
1371,0.255427,0.0713
1372,0.255225,0.0715
1373,0.251165,0.0711
1374,0.236850,0.0713
1375,0.237614,0.0710
1376,0.238543,0.0714
1377,0.233094,0.0710
1378,0.234934,0.0730
1379,0.232655,0.0732
1380,0.226037,0.0728
1381,0.225474,0.0730
1382,0.221162,0.0730
1383,0.225919,0.0731
1384,0.223378,0.0730
1385,0.222349,0.0730
1386,0.233733,0.0727
1387,0.225510,0.0731
1388,0.216948,0.0728
1389,0.219407,0.0729
1390,0.215824,0.0731
1391,0.208189,0.0731
1392,0.209337,0.0714
1393,0.209085,0.0712
1394,0.253972,0.0713
1395,0.300740,0.0711
1396,0.325947,0.0711
1397,0.316692,0.0714
1398,0.305662,0.0711
1399,0.276492,0.0713
1400,0.249984,0.0711
1401,0.238045,0.0712
1402,0.224436,0.0710
1403,0.224945,0.0710
1404,0.219971,0.0712
1405,0.215916,0.0708
1406,0.215059,0.0711
1407,0.210710,0.0709
1408,0.208659,0.0712
1409,0.218478,0.0709
1410,0.220474,0.0727
1411,0.217218,0.0729
1412,0.212178,0.0727
1413,0.208299,0.0729
1414,0.211347,0.0727
1415,0.202926,0.0728
1416,0.194772,0.0728
1417,0.195209,0.0728
1418,0.193159,0.0726
1419,0.192106,0.0732
1420,0.190171,0.0729
1421,0.186908,0.0726
1422,0.188336,0.0729
1423,0.188373,0.0727
1424,0.196090,0.0726
1425,0.191687,0.0726
1426,0.188427,0.0711
1427,0.185194,0.0709
1428,0.185390,0.0711
1429,0.186700,0.0711
1430,0.185231,0.0710
1431,0.189121,0.0711
1432,0.182177,0.0710
1433,0.190574,0.0711
1434,0.197703,0.0711
1435,0.204048,0.0711
1436,0.204376,0.0713
1437,0.204708,0.0711
1438,0.197243,0.0713
1439,0.196613,0.0712
1440,0.194824,0.0713
1441,0.189145,0.0710
1442,0.193241,0.0709
1443,0.199381,0.0713
1444,0.210980,0.0709
1445,0.202225,0.0711
1446,0.199498,0.0711
1447,0.196162,0.0712
1448,0.204492,0.0713
1449,0.205718,0.0711
1450,0.202401,0.0715
1451,0.193512,0.0711
1452,0.197272,0.0713
1453,0.205054,0.0711
1454,0.210911,0.0714
1455,0.199922,0.0711
1456,0.193249,0.0712
1457,0.183714,0.0714
1458,0.179309,0.0709
1459,0.171732,0.0712
1460,0.168065,0.0709
1461,0.166228,0.0712
1462,0.171210,0.0710
1463,0.180647,0.0712
1464,0.179688,0.0713
1465,0.173349,0.0725
1466,0.180981,0.0727
1467,0.188013,0.0727
1468,0.182449,0.0729
1469,0.175029,0.0727
1470,0.185061,0.0727
1471,0.181920,0.0730
1472,0.175506,0.0729
1473,0.174991,0.0725
1474,0.181215,0.0727
1475,0.186912,0.0730
1476,0.187575,0.0726
1477,0.181365,0.0729
1478,0.186325,0.0713
1479,0.178177,0.0715
1480,0.170747,0.0711
1481,0.169353,0.0712
1482,0.164182,0.0716
1483,0.165090,0.0712
1484,0.166685,0.0714
1485,0.163363,0.0712
1486,0.169569,0.0715
1487,0.166103,0.0712
1488,0.163912,0.0712
1489,0.161548,0.0716
1490,0.154974,0.0711
1491,0.154090,0.0713
1492,0.154083,0.0712
1493,0.149014,0.0730
1494,0.155234,0.0727
1495,0.158686,0.0727
1496,0.152388,0.0729
1497,0.151983,0.0729
1498,0.147822,0.0730
1499,0.151651,0.0729
1500,0.159564,0.0729
1501,0.160664,0.0725
1502,0.168120,0.0728
1503,0.168082,0.0729
1504,0.164994,0.0731
1505,0.160687,0.0726
1506,0.161302,0.0729
1507,0.159054,0.0730
1508,0.150950,0.0712
1509,0.150171,0.0710
1510,0.148909,0.0711
1511,0.147987,0.0714
1512,0.150353,0.0712
1513,0.152543,0.0712
1514,0.152148,0.0716
1515,0.150987,0.0711
1516,0.152491,0.0711
1517,0.150411,0.0713
1518,0.146220,0.0715
1519,0.146203,0.0711
1520,0.139299,0.0714
1521,0.144475,0.0713
1522,0.150572,0.0713
1523,0.149564,0.0712
1524,0.148560,0.0713
1525,0.145942,0.0715
1526,0.158570,0.0712
1527,0.150153,0.0713
1528,0.161582,0.0713
1529,0.150164,0.0713
1530,0.151002,0.0711
1531,0.157208,0.0713
1532,0.151155,0.0714
1533,0.152737,0.0711
1534,0.150077,0.0713
1535,0.147323,0.0712
1536,0.157166,0.0712
1537,0.162068,0.0713
1538,0.160991,0.0713
1539,0.165659,0.0714
1540,0.168742,0.0711
1541,0.175586,0.0712
1542,0.161726,0.0713
1543,0.152894,0.0713
1544,0.149742,0.0713
1545,0.140770,0.0712
1546,0.142181,0.0713
1547,0.143030,0.0711
1548,0.144279,0.0712
1549,0.137501,0.0713
1550,0.143390,0.0709
1551,0.138741,0.0712
1552,0.138764,0.0714
1553,0.137178,0.0712
1554,0.139717,0.0710
1555,0.143523,0.0710
1556,0.141819,0.0712
1557,0.136548,0.0709
1558,0.143515,0.0710
1559,0.134934,0.0710
1560,0.138885,0.0712
1561,0.133594,0.0710
1562,0.134347,0.0710
1563,0.136256,0.0712
1564,0.138397,0.0709
1565,0.140774,0.0711
1566,0.142703,0.0709
1567,0.149913,0.0711
1568,0.141292,0.0709
1569,0.139522,0.0710
1570,0.147523,0.0712
1571,0.153331,0.0710
1572,0.159469,0.0711
1573,0.150393,0.0709
1574,0.154544,0.0711
1575,0.156642,0.0709
1576,0.149248,0.0711
1577,0.142867,0.0713
1578,0.141043,0.0711
1579,0.138531,0.0712
1580,0.134599,0.0711
1581,0.134114,0.0711
1582,0.132742,0.0710
1583,0.130912,0.0710
1584,0.135186,0.0713
1585,0.128035,0.0710
1586,0.129922,0.0710
1587,0.126559,0.0711
1588,0.139551,0.0711
1589,0.143299,0.0712
1590,0.138238,0.0716
1591,0.136721,0.0718
1592,0.129178,0.0715
1593,0.133088,0.0716
1594,0.133396,0.0716
1595,0.134630,0.0717
1596,0.128314,0.0716
1597,0.129529,0.0716
1598,0.127461,0.0717
1599,0.126668,0.0715
1600,0.128934,0.0717
1601,0.123470,0.0716
1602,0.120708,0.0716
1603,0.116939,0.0714
1604,0.121011,0.0716
1605,0.120060,0.0717
1606,0.118701,0.0716
1607,0.114934,0.0718
1608,0.120581,0.0715
1609,0.126991,0.0716
1610,0.128271,0.0714
1611,0.119316,0.0715
1612,0.119749,0.0718
1613,0.128019,0.0716
1614,0.120748,0.0717
1615,0.123822,0.0714
1616,0.116683,0.0716
1617,0.119855,0.0713
1618,0.121075,0.0715
1619,0.117305,0.0716
1620,0.119558,0.0717
1621,0.120948,0.0718
1622,0.125332,0.0715
1623,0.117775,0.0716
1624,0.123919,0.0715
1625,0.114871,0.0716
1626,0.112055,0.0718
1627,0.114553,0.0714
1628,0.114995,0.0718
1629,0.116466,0.0710
1630,0.112282,0.0709
1631,0.112078,0.0707
1632,0.115930,0.0709
1633,0.109154,0.0711
1634,0.113882,0.0709
1635,0.112604,0.0709
1636,0.116597,0.0707
1637,0.120295,0.0707
1638,0.117235,0.0707
1639,0.110885,0.0708
1640,0.104408,0.0709
1641,0.111131,0.0707
1642,0.111563,0.0707
1643,0.107936,0.0708
1644,0.107872,0.0707
1645,0.108014,0.0708
1646,0.112697,0.0707
1647,0.111083,0.0708
1648,0.113675,0.0707
1649,0.119861,0.0707
1650,0.118530,0.0709
1651,0.118367,0.0706
1652,0.115841,0.0708
1653,0.116890,0.0706
1654,0.119272,0.0723
1655,0.120275,0.0722
1656,0.114277,0.0708
1657,0.122906,0.0725
1658,0.123653,0.0705
1659,0.122777,0.0708
1660,0.132900,0.0705
1661,0.126890,0.0708
1662,0.125471,0.0704
1663,0.124498,0.0707
1664,0.121119,0.0706
1665,0.120368,0.0707
1666,0.122066,0.0707
1667,0.120945,0.0707
1668,0.119854,0.0707
1669,0.123601,0.0707
1670,0.122780,0.0707
1671,0.121366,0.0707
1672,0.115441,0.0722
1673,0.119608,0.0720
1674,0.123459,0.0722
1675,0.114815,0.0723
1676,0.114250,0.0722
1677,0.113586,0.0722
1678,0.120918,0.0723
1679,0.108435,0.0722
1680,0.116096,0.0723
1681,0.109865,0.0720
1682,0.112724,0.0721
1683,0.111524,0.0720
1684,0.108779,0.0721
1685,0.111904,0.0708
1686,0.109107,0.0705
1687,0.109703,0.0707
1688,0.114122,0.0704
1689,0.115529,0.0707
1690,0.123821,0.0703
1691,0.124131,0.0706
1692,0.134107,0.0704
1693,0.138575,0.0705
1694,0.141207,0.0704
1695,0.138233,0.0707
1696,0.129585,0.0704
1697,0.127026,0.0706
1698,0.119335,0.0705
1699,0.119776,0.0706
1700,0.117186,0.0704
1701,0.110241,0.0704
1702,0.120216,0.0704
1703,0.132544,0.0704
1704,0.145991,0.0705
1705,0.149513,0.0703
1706,0.146956,0.0704
1707,0.141405,0.0703
1708,0.142974,0.0703
1709,0.132681,0.0700
1710,0.130357,0.0702
1711,0.122655,0.0701
1712,0.120170,0.0704
1713,0.119682,0.0699
1714,0.114600,0.0722
1715,0.109633,0.0717
1716,0.111941,0.0718
1717,0.103270,0.0717
1718,0.105204,0.0717
1719,0.100422,0.0718
1720,0.099845,0.0716
1721,0.097316,0.0719
1722,0.095227,0.0700
1723,0.096363,0.0701
1724,0.095961,0.0700
1725,0.094832,0.0702
1726,0.092637,0.0703
1727,0.091287,0.0701
1728,0.093801,0.0701
1729,0.095997,0.0701
1730,0.099498,0.0699
1731,0.102162,0.0702
1732,0.099548,0.0699
1733,0.114905,0.0717
1734,0.134432,0.0717
1735,0.142228,0.0716
1736,0.139460,0.0718
1737,0.124614,0.0715
1738,0.120901,0.0699
1739,0.117113,0.0698
1740,0.107292,0.0699
1741,0.106480,0.0698
1742,0.107144,0.0699
1743,0.105361,0.0697
1744,0.101172,0.0699
1745,0.095144,0.0698
1746,0.094897,0.0699
1747,0.098536,0.0698
1748,0.097774,0.0699
1749,0.092592,0.0698
1750,0.093560,0.0699
1751,0.094546,0.0697
1752,0.099449,0.0698
1753,0.096810,0.0697
1754,0.096265,0.0699
1755,0.095329,0.0697
1756,0.099482,0.0699
1757,0.099053,0.0698
1758,0.096573,0.0699
1759,0.098828,0.0697
1760,0.096869,0.0699
1761,0.093245,0.0697
1762,0.090985,0.0698
1763,0.089404,0.0699
1764,0.093649,0.0701
1765,0.084867,0.0698
1766,0.088320,0.0699
1767,0.084294,0.0699
1768,0.089584,0.0699
1769,0.088012,0.0699
1770,0.096484,0.0701
1771,0.091405,0.0699
1772,0.085834,0.0699
1773,0.094613,0.0709
1774,0.093621,0.0700
1775,0.092880,0.0698
1776,0.094512,0.0699
1777,0.096011,0.0698
1778,0.099311,0.0699
1779,0.090531,0.0699
1780,0.092945,0.0699
1781,0.103526,0.0698
1782,0.102443,0.0697
1783,0.096150,0.0697
1784,0.097444,0.0697
1785,0.099121,0.0696
1786,0.100301,0.0697
1787,0.101822,0.0697
1788,0.099804,0.0696
1789,0.098105,0.0697
1790,0.095852,0.0696
1791,0.088629,0.0697
1792,0.095616,0.0696
1793,0.088137,0.0697
1794,0.096884,0.0696
1795,0.092719,0.0696
1796,0.088429,0.0697
1797,0.086653,0.0698
1798,0.091411,0.0697
1799,0.092625,0.0698
1800,0.093069,0.0697
1801,0.096984,0.0697
1802,0.093175,0.0697
1803,0.090013,0.0698
1804,0.088836,0.0698
1805,0.089989,0.0697
1806,0.089635,0.0698
1807,0.097073,0.0698
1808,0.103056,0.0696
1809,0.107973,0.0696
1810,0.106856,0.0696
1811,0.111389,0.0697
1812,0.107456,0.0696
1813,0.112934,0.0697
1814,0.115962,0.0699
1815,0.115894,0.0697
1816,0.108045,0.0696
1817,0.100615,0.0697
1818,0.089228,0.0696
1819,0.087059,0.0715
1820,0.085753,0.0714
1821,0.080290,0.0714
1822,0.080603,0.0714
1823,0.078566,0.0714
1824,0.084566,0.0714
1825,0.089988,0.0714
1826,0.081950,0.0714
1827,0.082044,0.0714
1828,0.080835,0.0714
1829,0.079642,0.0714
1830,0.075322,0.0714
1831,0.074756,0.0714
1832,0.075161,0.0714
1833,0.070197,0.0714
1834,0.074461,0.0714
1835,0.071000,0.0714
1836,0.068985,0.0714
1837,0.066101,0.0696
1838,0.065654,0.0696
1839,0.063040,0.0696
1840,0.063727,0.0697
1841,0.067149,0.0697
1842,0.063204,0.0696
1843,0.062215,0.0696
1844,0.057322,0.0696
1845,0.061555,0.0697
1846,0.055605,0.0696
1847,0.053489,0.0696
1848,0.052154,0.0696
1849,0.055541,0.0697
1850,0.054761,0.0696
1851,0.058053,0.0698
1852,0.060908,0.0698
1853,0.057260,0.0698
1854,0.058046,0.0698
1855,0.063625,0.0698
1856,0.059638,0.0698
1857,0.061496,0.0698
1858,0.060849,0.0697
1859,0.055985,0.0698
1860,0.055487,0.0697
1861,0.056475,0.0697
1862,0.052429,0.0698
1863,0.052285,0.0698
1864,0.059512,0.0697
1865,0.062663,0.0697
1866,0.065272,0.0698
1867,0.065634,0.0698
1868,0.067841,0.0698
1869,0.062849,0.0698
1870,0.064037,0.0698
1871,0.065762,0.0698
1872,0.062735,0.0698
1873,0.058213,0.0698
1874,0.054822,0.0698
1875,0.054297,0.0698
1876,0.050404,0.0698
1877,0.050617,0.0698
1878,0.048865,0.0698
1879,0.051836,0.0698
1880,0.051358,0.0698
1881,0.051873,0.0698
1882,0.052189,0.0698
1883,0.050203,0.0697
1884,0.048602,0.0698
1885,0.048020,0.0698
1886,0.049235,0.0698
1887,0.050298,0.0697
1888,0.046176,0.0698
1889,0.042666,0.0698
1890,0.041044,0.0698
1891,0.040257,0.0698
1892,0.042065,0.0698
1893,0.045807,0.0697
1894,0.041796,0.0698
1895,0.046755,0.0697
1896,0.046283,0.0698
1897,0.047000,0.0698
1898,0.047866,0.0698
1899,0.048811,0.0698
1900,0.047791,0.0698
1901,0.051724,0.0698
1902,0.047635,0.0698
1903,0.041842,0.0698
1904,0.039673,0.0698
1905,0.039689,0.0698
1906,0.040868,0.0698
1907,0.040166,0.0698
1908,0.036335,0.0697
1909,0.038870,0.0698
1910,0.037578,0.0698
1911,0.043133,0.0698
1912,0.042978,0.0698
1913,0.041968,0.0699
1914,0.039394,0.0698
1915,0.040823,0.0698
1916,0.038175,0.0698
1917,0.042350,0.0697
1918,0.039420,0.0698
1919,0.036904,0.0698
1920,0.040042,0.0698
1921,0.036863,0.0698
1922,0.042494,0.0698
1923,0.041917,0.0698
1924,0.042264,0.0698
1925,0.039238,0.0698
1926,0.037158,0.0698
1927,0.039188,0.0698
1928,0.034086,0.0698
1929,0.034389,0.0698
1930,0.032143,0.0698
1931,0.033776,0.0698
1932,0.034253,0.0698
1933,0.033843,0.0698
1934,0.031261,0.0698
1935,0.031911,0.0698
1936,0.031178,0.0698
1937,0.030822,0.0699
1938,0.032295,0.0698
1939,0.033534,0.0698
1940,0.029664,0.0699
1941,0.030180,0.0698
1942,0.030955,0.0698
1943,0.032710,0.0698
1944,0.028054,0.0698
1945,0.023143,0.0698
1946,0.026039,0.0698
1947,0.025892,0.0698
1948,0.023220,0.0698
1949,0.023315,0.0698
1950,0.025919,0.0698
1951,0.026060,0.0698
1952,0.024078,0.0698
1953,0.022375,0.0698
1954,0.022472,0.0698
1955,0.023731,0.0698
1956,0.022361,0.0698
1957,0.025005,0.0698
1958,0.027815,0.0698
1959,0.025160,0.0698
1960,0.026639,0.0698
1961,0.028649,0.0698
1962,0.024192,0.0698
1963,0.024184,0.0698
1964,0.021953,0.0698
1965,0.031402,0.0698
1966,0.030105,0.0698
1967,0.032764,0.0714
1968,0.030342,0.0714
1969,0.029056,0.0715
1970,0.028449,0.0715
1971,0.030434,0.0715
1972,0.024926,0.0714
1973,0.023984,0.0715
1974,0.024893,0.0715
1975,0.025566,0.0715
1976,0.022230,0.0715
1977,0.027438,0.0715
1978,0.029109,0.0719
1979,0.029204,0.0715
1980,0.028664,0.0715
1981,0.025580,0.0715
1982,0.024199,0.0715
1983,0.022098,0.0699
1984,0.022410,0.0699
1985,0.023848,0.0699
1986,0.024058,0.0699
1987,0.023009,0.0699
1988,0.022482,0.0699
1989,0.022442,0.0698
1990,0.025389,0.0699
1991,0.025853,0.0699
1992,0.027755,0.0698
1993,0.028169,0.0699
1994,0.031518,0.0699
1995,0.037137,0.0698
1996,0.035856,0.0698
1997,0.039566,0.0698
1998,0.035334,0.0698
1999,0.030635,0.0698
2000,0.024243,0.0698
2001,0.022797,0.0698
2002,0.024029,0.0699
2003,0.023942,0.0699
2004,0.024935,0.0698
2005,0.020377,0.0698
2006,0.018492,0.0698
2007,0.017938,0.0698
2008,0.016963,0.0699
2009,0.016096,0.0699
2010,0.012747,0.0699
2011,0.011777,0.0699
2012,0.010432,0.0698
2013,0.014336,0.0699
2014,0.019432,0.0699
2015,0.014894,0.0699
2016,0.023777,0.0698
2017,0.026765,0.0698
2018,0.029974,0.0698
2019,0.035751,0.0699
2020,0.023255,0.0698
2021,0.024371,0.0699
2022,0.016943,0.0698
2023,0.023623,0.0698
2024,0.024953,0.0699
2025,0.032045,0.0698
2026,0.031267,0.0699
2027,0.026408,0.0699
2028,0.031624,0.0698
2029,0.023377,0.0699
2030,0.019200,0.0699
2031,0.017294,0.0698
2032,0.015447,0.0698
2033,0.010841,0.0699
2034,0.017951,0.0699
2035,0.017113,0.0699
2036,0.018353,0.0699
2037,0.016867,0.0699
2038,0.016202,0.0698
2039,0.019118,0.0699
2040,0.019178,0.0698
2041,0.018458,0.0699
2042,0.019852,0.0699
2043,0.018972,0.0700
2044,0.013947,0.0699
2045,0.010974,0.0699
2046,0.010971,0.0699
2047,0.011530,0.0699
2048,0.011933,0.0699
2049,0.008772,0.0699
2050,0.008863,0.0699
2051,0.006570,0.0699
2052,0.007526,0.0699
2053,0.011248,0.0699
2054,0.008306,0.0699
2055,0.009760,0.0699
2056,0.007890,0.0699
2057,0.006365,0.0699
2058,0.006925,0.0699
2059,0.006503,0.0699
2060,0.004732,0.0699
2061,0.004587,0.0703
2062,0.003574,0.0698
2063,0.003317,0.0698
2064,0.003745,0.0698
2065,0.004296,0.0698
2066,0.004137,0.0698
2067,0.005212,0.0698
2068,0.002795,0.0698
2069,0.003041,0.0698
2070,0.001415,0.0699
2071,0.002288,0.0716
2072,-0.000479,0.0704
2073,0.002759,0.0699
2074,0.003639,0.0698
2075,0.001432,0.0719
2076,-0.001133,0.0698
2077,-0.001270,0.0699
2078,-0.003387,0.0716
2079,0.001664,0.0720
2080,0.001295,0.0746
2081,0.006396,0.0699
2082,0.010564,0.0723
2083,0.016036,0.0724
2084,0.020419,0.0736
2085,0.021236,0.0753
2086,0.027583,0.0729
2087,0.028375,0.0730
2088,0.027167,0.0746
2089,0.024261,0.0730
2090,0.021386,0.0749
2091,0.018468,0.0699
2092,0.018191,0.0733
2093,0.017819,0.0727
2094,0.015299,0.0689
2095,0.010466,0.0727
2096,0.008572,0.0754
2097,0.007051,0.0730
2098,0.005927,0.0730
2099,0.006356,0.0694
2100,0.000260,0.0740
2101,0.002422,0.0741
2102,0.004787,0.0703
2103,0.001697,0.0696
2104,0.005907,0.0734
2105,0.006676,0.0705
2106,0.007202,0.0745
2107,0.004825,0.0701
2108,0.006833,0.0707
2109,0.003504,0.0754
2110,0.002466,0.0706
2111,0.000181,0.0766
2112,-0.001514,0.0750
2113,-0.000881,0.0742
2114,0.000647,0.0718
2115,0.004925,0.0744
2116,0.004757,0.0713
2117,0.004627,0.0723
2118,0.005402,0.0761
2119,0.004912,0.0721
2120,0.002916,0.0763
2121,0.002023,0.0763
2122,0.006157,0.0771
2123,0.002914,0.0763
2124,0.003308,0.0721
2125,0.004430,0.0723
2126,0.000671,0.0721
2127,0.001016,0.0762
2128,-0.000309,0.0723
2129,0.000100,0.0722
2130,-0.001953,0.0773
2131,0.005207,0.0764
2132,0.013330,0.0774
2133,0.019654,0.0748
2134,0.024359,0.0747
2135,0.025466,0.0711
2136,0.023549,0.0711
2137,0.024287,0.0747
2138,0.022444,0.0747
2139,0.022478,0.0747
2140,0.035306,0.0706
2141,0.031214,0.0705
2142,0.037444,0.0704
2143,0.038774,0.0714
2144,0.042101,0.0748
2145,0.038731,0.0747
2146,0.032522,0.0705
2147,0.032896,0.0749
2148,0.026978,0.0714
2149,0.023771,0.0749
2150,0.014810,0.0705
2151,0.010666,0.0747
2152,0.009057,0.0705
2153,0.002856,0.0704
2154,0.002503,0.0756
2155,0.001170,0.0747
2156,-0.001355,0.0705
2157,-0.003654,0.0705
2158,0.017529,0.0711
2159,0.029222,0.0705
2160,0.035148,0.0721
2161,0.039132,0.0721
2162,0.042426,0.0720
2163,0.043330,0.0764
2164,0.040354,0.0719
2165,0.039966,0.0764
2166,0.036421,0.0719
2167,0.037635,0.0707
2168,0.034908,0.0709
2169,0.033204,0.0711
2170,0.039340,0.0746
2171,0.032647,0.0711
2172,0.026026,0.0713
2173,0.027702,0.0713
2174,0.021679,0.0755
2175,0.014409,0.0703
2176,0.011979,0.0746
2177,0.009722,0.0755
2178,0.008012,0.0746
2179,0.004300,0.0704
2180,0.005077,0.0711
2181,0.000128,0.0721
2182,-0.003957,0.0711
2183,-0.004253,0.0745
2184,-0.009627,0.0746
2185,-0.006652,0.0711
2186,-0.010210,0.0746
2187,-0.009444,0.0746
2188,-0.009635,0.0721
2189,-0.011138,0.0747
2190,-0.010369,0.0749
2191,-0.009006,0.0734
2192,0.016850,0.0769
2193,0.019483,0.0731
2194,0.019650,0.0766
2195,0.019525,0.0766
2196,0.013241,0.0775
2197,0.014174,0.0722
2198,0.009786,0.0765
2199,0.006180,0.0766
2200,0.006453,0.0776
2201,0.001624,0.0775
2202,0.000020,0.0730
2203,-0.003466,0.0775
2204,-0.004901,0.0720
2205,-0.006981,0.0776
2206,-0.001522,0.0720
2207,-0.001867,0.0764
2208,-0.003109,0.0766
2209,-0.009339,0.0765
2210,-0.009861,0.0719
2211,-0.009736,0.0719
2212,-0.009820,0.0777
2213,-0.009406,0.0767
2214,-0.007375,0.0721
2215,-0.012102,0.0766
2216,-0.007752,0.0766
2217,-0.011528,0.0721
2218,-0.011201,0.0764
2219,-0.006809,0.0721
2220,0.002271,0.0733
2221,0.002378,0.0719
2222,0.001212,0.0721
2223,0.003389,0.0732
2224,-0.010839,0.0767
2225,-0.009105,0.0720
2226,-0.012291,0.0720
2227,-0.013429,0.0718
2228,-0.017411,0.0754
2229,-0.019159,0.0721
2230,-0.016881,0.0720
2231,-0.019624,0.0720
2232,-0.014983,0.0718
2233,-0.010481,0.0721
2234,-0.018103,0.0750
2235,-0.014716,0.0721
2236,-0.012992,0.0720
2237,-0.010877,0.0749
2238,-0.014572,0.0719
2239,-0.011408,0.0721
2240,-0.012179,0.0755
2241,-0.017454,0.0748
2242,-0.019284,0.0754
2243,-0.021287,0.0721
2244,-0.021225,0.0747
2245,-0.020111,0.0754
2246,-0.020818,0.0720
2247,-0.021853,0.0747
2248,-0.021961,0.0720
2249,-0.020088,0.0747
2250,-0.018301,0.0747
2251,-0.016198,0.0721
2252,-0.016363,0.0720
2253,-0.021959,0.0747
2254,-0.021324,0.0721
2255,-0.023627,0.0746
2256,-0.016443,0.0719
2257,-0.010987,0.0731
2258,-0.014430,0.0736
2259,-0.018902,0.0730
2260,-0.015830,0.0704
2261,-0.019785,0.0730
2262,-0.014458,0.0709
2263,-0.019486,0.0704
2264,-0.024036,0.0729
2265,-0.020606,0.0704
2266,-0.024498,0.0704
2267,-0.025456,0.0704
2268,-0.023135,0.0703
2269,-0.021757,0.0729
2270,-0.018449,0.0729
2271,-0.018281,0.0729
2272,-0.014093,0.0729
2273,-0.015256,0.0729
2274,-0.015375,0.0728
2275,-0.008484,0.0729
2276,-0.010992,0.0735
2277,-0.013560,0.0729
2278,-0.016800,0.0704
2279,-0.023335,0.0704
2280,-0.027147,0.0730
2281,-0.028949,0.0736
2282,-0.028795,0.0705
2283,-0.027927,0.0710
2284,-0.027777,0.0736
2285,-0.029153,0.0736
2286,-0.029639,0.0736
2287,-0.029667,0.0730
2288,-0.030843,0.0703
2289,-0.027568,0.0730
2290,-0.028591,0.0704
2291,-0.026507,0.0735
2292,-0.031024,0.0730
2293,-0.033379,0.0704
2294,-0.030104,0.0730
2295,-0.029364,0.0728
2296,-0.033333,0.0708
2297,-0.034899,0.0703
2298,-0.034888,0.0708
2299,-0.034266,0.0703
2300,-0.032391,0.0729
2301,-0.033611,0.0703
2302,-0.033321,0.0708
2303,-0.034751,0.0705
2304,-0.036126,0.0731
2305,-0.033173,0.0704
2306,-0.034865,0.0704
2307,-0.031454,0.0704
2308,-0.032022,0.0704
2309,-0.032705,0.0705
2310,-0.032053,0.0708
2311,-0.030126,0.0705
2312,-0.029510,0.0710
2313,-0.029617,0.0731
2314,-0.032134,0.0710
2315,-0.032069,0.0710
2316,-0.009713,0.0731
2317,0.004709,0.0716
2318,0.014135,0.0718
2319,0.022988,0.0748
2320,0.020767,0.0720
2321,0.008372,0.0747
2322,0.005619,0.0747
2323,0.002299,0.0747
2324,0.006086,0.0730
2325,0.009097,0.0720
2326,0.011878,0.0753
2327,0.013621,0.0720
2328,0.011372,0.0720
2329,0.009236,0.0738
2330,0.004508,0.0730
2331,-0.003643,0.0739
2332,-0.002966,0.0723
2333,-0.001457,0.0723
2334,-0.002275,0.0740
2335,-0.007342,0.0730
2336,-0.013307,0.0722
2337,-0.015095,0.0727
2338,-0.017441,0.0747
2339,-0.017915,0.0750
2340,-0.019062,0.0751
2341,-0.022154,0.0753
2342,-0.023380,0.0752
2343,-0.026727,0.0752
2344,-0.022594,0.0752
2345,-0.027789,0.0753
2346,-0.019083,0.0752
2347,-0.014227,0.0752
2348,-0.015216,0.0752
2349,-0.015221,0.0752
2350,-0.015426,0.0754
2351,-0.016721,0.0752
2352,-0.017352,0.0753
2353,-0.018812,0.0753
2354,-0.019392,0.0753
2355,-0.022474,0.0753
2356,-0.022200,0.0754
2357,-0.021410,0.0754
2358,-0.022104,0.0755
2359,-0.021170,0.0755
2360,-0.023231,0.0762
2361,-0.022519,0.0762
2362,-0.020700,0.0757
2363,-0.022235,0.0763
2364,-0.025061,0.0763
2365,-0.024037,0.0758
2366,-0.028602,0.0765
2367,-0.030571,0.0759
2368,-0.034472,0.0760
2369,-0.034907,0.0752
2370,-0.035990,0.0760
2371,-0.036869,0.0761
2372,-0.035923,0.0761
2373,-0.036247,0.0762
2374,-0.036485,0.0762
2375,-0.037799,0.0762
2376,-0.039443,0.0763
2377,-0.033098,0.0763
2378,-0.021365,0.0764
2379,-0.017878,0.0763
2380,-0.017359,0.0764
2381,-0.019556,0.0764
2382,-0.025623,0.0765
2383,-0.029402,0.0764
2384,-0.025887,0.0764
2385,-0.029395,0.0765
2386,-0.032257,0.0765
2387,-0.036803,0.0764
2388,-0.037049,0.0766
2389,-0.038218,0.0767
2390,-0.040346,0.0765
2391,-0.039397,0.0766
2392,-0.040242,0.0768
2393,-0.040711,0.0766
2394,-0.044492,0.0768
2395,-0.041136,0.0766
2396,-0.038734,0.0767
2397,-0.041597,0.0767
2398,-0.039895,0.0775
2399,-0.041552,0.0777
2400,-0.041211,0.0769
2401,-0.037643,0.0769
2402,-0.041424,0.0769
2403,-0.039351,0.0781
2404,-0.040411,0.0770
2405,-0.041174,0.0772
2406,-0.043887,0.0772
2407,-0.042283,0.0791
2408,-0.043674,0.0774
2409,-0.045433,0.0774
2410,-0.045507,0.0778
2411,-0.040438,0.0781
2412,-0.035864,0.0777
2413,-0.035080,0.0782
2414,-0.036585,0.0777
2415,-0.036310,0.0777
2416,-0.033065,0.0785
2417,-0.034790,0.0798
2418,-0.037271,0.0785
2419,-0.034391,0.0785
2420,-0.034786,0.0787
2421,-0.034381,0.0786
2422,-0.037562,0.0787
2423,-0.038627,0.0801
2424,-0.037559,0.0790
2425,-0.037258,0.0791
2426,-0.037227,0.0791
2427,-0.040605,0.0804
2428,-0.040825,0.0792
2429,-0.042024,0.0792
2430,-0.043649,0.0793
2431,-0.049643,0.0768
2432,-0.050227,0.0796
2433,-0.046740,0.0794
2434,-0.044883,0.0795
2435,-0.044353,0.0794
2436,-0.031137,0.0798
2437,-0.011695,0.0814
2438,-0.001879,0.0796
2439,-0.002977,0.0803
2440,-0.003740,0.0798
2441,0.002603,0.0804
2442,0.007650,0.0806
2443,0.009894,0.0802
2444,0.004532,0.0804
2445,0.008379,0.0809
2446,0.005055,0.0806
2447,0.009317,0.0813
2448,0.014245,0.0814
2449,0.011411,0.0827
2450,0.009866,0.0814
2451,0.005123,0.0807
2452,0.001487,0.0818
2453,0.012340,0.0808
2454,0.020979,0.0819
2455,0.019331,0.0807
2456,0.016519,0.0810
2457,0.007152,0.0819
2458,0.008392,0.0817
2459,0.012010,0.0836
2460,0.005155,0.0822
2461,0.001663,0.0811
2462,-0.006943,0.0823
2463,-0.006817,0.0825
2464,-0.008781,0.0821
2465,-0.011914,0.0820
2466,-0.018076,0.0822
2467,-0.017578,0.0844
2468,-0.021165,0.0819
2469,-0.020578,0.0828
2470,-0.028717,0.0826
2471,-0.028324,0.0843
2472,-0.027896,0.0826
2473,-0.029077,0.0822
2474,-0.030235,0.0818
2475,-0.031917,0.0829
2476,-0.032950,0.0841
2477,-0.034201,0.0802
2478,-0.032814,0.0826
2479,-0.032827,0.0820
2480,-0.030821,0.0815
2481,-0.028780,0.0812
2482,-0.032090,0.0815
2483,-0.032855,0.0808
2484,-0.034940,0.0826
2485,-0.033579,0.0803
2486,-0.034546,0.0805
2487,-0.038187,0.0801
2488,-0.040949,0.0815
2489,-0.040631,0.0793
2490,-0.042377,0.0785
2491,-0.040983,0.0787
2492,-0.043258,0.0797
2493,-0.042501,0.0776
2494,-0.047149,0.0779
2495,-0.048628,0.0778
2496,-0.048226,0.0787
2497,-0.047975,0.0773
2498,-0.049057,0.0782
2499,-0.045278,0.0757
2500,-0.050079,0.0772
2501,-0.049283,0.0771
2502,-0.046198,0.0771
2503,-0.044511,0.0773
2504,-0.044304,0.0773
2505,-0.042332,0.0782
2506,-0.040315,0.0771
2507,-0.044266,0.0771
2508,-0.039572,0.0773
2509,-0.044678,0.0773
2510,-0.036004,0.0773
2511,-0.033433,0.0773
2512,-0.029735,0.0774
2513,-0.026626,0.0757
2514,-0.025287,0.0772
2515,-0.027907,0.0774
2516,-0.024180,0.0773
2517,-0.023847,0.0774
2518,-0.027150,0.0790
2519,-0.024161,0.0794
2520,-0.028732,0.0775
2521,-0.030330,0.0790
2522,-0.035248,0.0774
2523,-0.037408,0.0774
2524,-0.039582,0.0791
2525,-0.037072,0.0774
2526,-0.042709,0.0774
2527,-0.044471,0.0774
2528,-0.044502,0.0774
2529,-0.046509,0.0775
2530,-0.046261,0.0775
2531,-0.048058,0.0775
2532,-0.048897,0.0773
2533,-0.052512,0.0773
2534,-0.049167,0.0774
2535,-0.048120,0.0776
2536,-0.048318,0.0790
2537,-0.049672,0.0777
2538,-0.047216,0.0769
2539,-0.041956,0.0774
2540,-0.041268,0.0775
2541,-0.042373,0.0774
2542,-0.044294,0.0775
2543,-0.046040,0.0790
2544,-0.047551,0.0773
2545,-0.046292,0.0790
2546,-0.047096,0.0773
2547,-0.047523,0.0775
2548,-0.049143,0.0775
2549,-0.054230,0.0778
2550,-0.052766,0.0776
2551,-0.052151,0.0778
2552,-0.054537,0.0776
2553,-0.052846,0.0774
2554,-0.057173,0.0778
2555,-0.057379,0.0775
2556,-0.055791,0.0777
2557,-0.053490,0.0778
2558,-0.051639,0.0779
2559,-0.052550,0.0774
2560,-0.052881,0.0776
2561,-0.051129,0.0776
2562,-0.048858,0.0776
2563,-0.049889,0.0780
2564,-0.048763,0.0789
2565,-0.048321,0.0781
2566,-0.046124,0.0796
2567,-0.044915,0.0777
2568,-0.038717,0.0779
2569,-0.036743,0.0774
2570,-0.043279,0.0778
2571,-0.047821,0.0759
2572,-0.048175,0.0778
2573,-0.050000,0.0779
2574,-0.047161,0.0775
2575,-0.049015,0.0798
2576,-0.050431,0.0775
2577,-0.049314,0.0777
2578,-0.051507,0.0777
2579,-0.048826,0.0798
2580,-0.048819,0.0801
2581,-0.047049,0.0777
2582,-0.045601,0.0783
2583,-0.046550,0.0779
2584,-0.046726,0.0777
2585,-0.042722,0.0777
2586,-0.045030,0.0787
2587,-0.038502,0.0781
2588,-0.038295,0.0798
2589,-0.039020,0.0788
2590,-0.043862,0.0782
2591,-0.048953,0.0791
2592,-0.043995,0.0791
2593,-0.038157,0.0808
2594,-0.040352,0.0802
2595,-0.040583,0.0791
2596,-0.043306,0.0803
2597,-0.035257,0.0791
2598,-0.034447,0.0792
2599,-0.037551,0.0792
2600,-0.040227,0.0794
2601,-0.042985,0.0793
2602,-0.042916,0.0793
2603,-0.040487,0.0796
2604,-0.043313,0.0796
2605,-0.043368,0.0794
2606,-0.046126,0.0795
2607,-0.046856,0.0803
2608,-0.047055,0.0796
2609,-0.048269,0.0802
2610,-0.048735,0.0817
2611,-0.049236,0.0804
2612,-0.043862,0.0798
2613,-0.041591,0.0797
2614,-0.044137,0.0824
2615,-0.049854,0.0798
2616,-0.050396,0.0808
2617,-0.049401,0.0809
2618,-0.045479,0.0809
2619,-0.043216,0.0809
2620,-0.041931,0.0803
2621,-0.039170,0.0799
2622,-0.038691,0.0804
2623,-0.039189,0.0800
2624,-0.043046,0.0799
2625,-0.046737,0.0829
2626,-0.048506,0.0814
2627,-0.050314,0.0805
2628,-0.051246,0.0808
2629,-0.055621,0.0816
2630,-0.056301,0.0816
2631,-0.059075,0.0816
2632,-0.058762,0.0836
2633,-0.060093,0.0817
2634,-0.053384,0.0834
2635,-0.052147,0.0818
2636,-0.046596,0.0802
2637,-0.045829,0.0839
2638,-0.044795,0.0804
2639,-0.045725,0.0821
2640,-0.041920,0.0815
2641,-0.037982,0.0823
2642,-0.033894,0.0810
2643,-0.035075,0.0807
2644,-0.033557,0.0806
2645,-0.032425,0.0843
2646,-0.037897,0.0808
2647,-0.036452,0.0825
2648,-0.035720,0.0819
2649,-0.035874,0.0824
2650,-0.037365,0.0816
2651,-0.035798,0.0817
2652,-0.039543,0.0824
2653,-0.039855,0.0823
2654,-0.042921,0.0807
2655,-0.042035,0.0811
2656,-0.050436,0.0813
2657,-0.050022,0.0823
2658,-0.051024,0.0824
2659,-0.051111,0.0821
2660,-0.056371,0.0815
2661,-0.056331,0.0815
2662,-0.054390,0.0806
2663,-0.056120,0.0842
2664,-0.061572,0.0816
2665,-0.055914,0.0825
2666,-0.053153,0.0816
2667,-0.050636,0.0808
2668,-0.051319,0.0842
2669,-0.052760,0.0826
2670,-0.051626,0.0825
2671,-0.047308,0.0808
2672,-0.044297,0.0784
2673,-0.038305,0.0844
2674,-0.035209,0.0828
2675,-0.041380,0.0825
2676,-0.040552,0.0825
2677,-0.036412,0.0827
2678,-0.034522,0.0814
2679,-0.035705,0.0845
2680,-0.038050,0.0813
2681,-0.038803,0.0814
2682,-0.042444,0.0809
2683,-0.043937,0.0820
2684,-0.046955,0.0829
2685,-0.044789,0.0848
2686,-0.047645,0.0817
2687,-0.048850,0.0823
2688,-0.051175,0.0850
2689,-0.055011,0.0824
2690,-0.058987,0.0826
2691,-0.056391,0.0826
2692,-0.058720,0.0827
2693,-0.055678,0.0821
2694,-0.057741,0.0837
2695,-0.057751,0.0828
2696,-0.058653,0.0829
2697,-0.061081,0.0837
2698,-0.061756,0.0831
2699,-0.062592,0.0839
2700,-0.064309,0.0839
2701,-0.062480,0.0840
2702,-0.062872,0.0827
2703,-0.065298,0.0828
2704,-0.064309,0.0829
2705,-0.065275,0.0831
2706,-0.061895,0.0846
2707,-0.065313,0.0848
2708,-0.063377,0.0847
2709,-0.067219,0.0834
2710,-0.068065,0.0831
2711,-0.067670,0.0852
2712,-0.066412,0.0831
2713,-0.068121,0.0869
2714,-0.064354,0.0835
2715,-0.057517,0.0835
2716,-0.057596,0.0869
2717,-0.055772,0.0835
2718,-0.057185,0.0869
2719,-0.056053,0.0869
2720,-0.051910,0.0835
2721,-0.048622,0.0838
2722,-0.050762,0.0836
2723,-0.054211,0.0869
2724,-0.051097,0.0835
2725,-0.051402,0.0869
2726,-0.050010,0.0835
2727,-0.051893,0.0869
2728,-0.053870,0.0840
2729,-0.055393,0.0872
2730,-0.051161,0.0840
2731,-0.050031,0.0841
2732,-0.050796,0.0875
2733,-0.046619,0.0841
2734,-0.045346,0.0840
2735,-0.047168,0.0847
2736,-0.048798,0.0847
2737,-0.052593,0.0847
2738,-0.058258,0.0817
2739,-0.062469,0.0847
2740,-0.061531,0.0847
2741,-0.065126,0.0847
2742,-0.065157,0.0846
2743,-0.062355,0.0847
2744,-0.061635,0.0847
2745,-0.061294,0.0840
2746,-0.061370,0.0840
2747,-0.063371,0.0875
2748,-0.066863,0.0874
2749,-0.065670,0.0841
2750,-0.064011,0.0845
2751,-0.064542,0.0841
2752,-0.069621,0.0841
2753,-0.066041,0.0874
2754,-0.063523,0.0841
2755,-0.066425,0.0875
2756,-0.065957,0.0841
2757,-0.065835,0.0857
2758,-0.069902,0.0857
2759,-0.071878,0.0837
2760,-0.070479,0.0837
2761,-0.070013,0.0854
2762,-0.065701,0.0855
2763,-0.067597,0.0855
2764,-0.067357,0.0854
2765,-0.067728,0.0855
2766,-0.067931,0.0854
2767,-0.070781,0.0854
2768,-0.066843,0.0855
2769,-0.068455,0.0855
2770,-0.069740,0.0855
2771,-0.070053,0.0854
2772,-0.071984,0.0855
2773,-0.071956,0.0854
2774,-0.074742,0.0825
2775,-0.073470,0.0855
2776,-0.072678,0.0855
2777,-0.073659,0.0855
2778,-0.073047,0.0854
2779,-0.069989,0.0855
2780,-0.072155,0.0854
2781,-0.073988,0.0855
2782,-0.073614,0.0855
2783,-0.073705,0.0855
2784,-0.076201,0.0855
2785,-0.076263,0.0855
2786,-0.077605,0.0854
2787,-0.075944,0.0857
2788,-0.078723,0.0837
2789,-0.078796,0.0856
2790,-0.078282,0.0837
2791,-0.078854,0.0857
2792,-0.078133,0.0857
2793,-0.080418,0.0837
2794,-0.081250,0.0857
2795,-0.078811,0.0856
2796,-0.078612,0.0837
2797,-0.074765,0.0837
2798,-0.064728,0.0856
2799,-0.061042,0.0837
2800,-0.061533,0.0837
2801,-0.062838,0.0837
2802,-0.065197,0.0837
2803,-0.066220,0.0837
2804,-0.065593,0.0857
2805,-0.068439,0.0857
2806,-0.071810,0.0837
2807,-0.075681,0.0838
2808,-0.077009,0.0841
2809,-0.075366,0.0841
2810,-0.076254,0.0872
2811,-0.071085,0.0841
2812,-0.066087,0.0840
2813,-0.064882,0.0875
2814,-0.064980,0.0875
2815,-0.066949,0.0841
2816,-0.068403,0.0841
2817,-0.068927,0.0872
2818,-0.073115,0.0823
2819,-0.077194,0.0847
2820,-0.080936,0.0847
2821,-0.081634,0.0847
2822,-0.080499,0.0847
2823,-0.077563,0.0847
2824,-0.073895,0.0848
2825,-0.074556,0.0847
2826,-0.072782,0.0847
2827,-0.070026,0.0847
2828,-0.075339,0.0847
2829,-0.070675,0.0847
2830,-0.065198,0.0847
2831,-0.061058,0.0847
2832,-0.057029,0.0847
2833,-0.061232,0.0846
2834,-0.065122,0.0846
2835,-0.062244,0.0846
2836,-0.063887,0.0847
2837,-0.062884,0.0847
2838,-0.060324,0.0847
2839,-0.062819,0.0847
2840,-0.063137,0.0847
2841,-0.067258,0.0847
2842,-0.070494,0.0847
2843,-0.070154,0.0847
2844,-0.071017,0.0847
2845,-0.072109,0.0847
2846,-0.071794,0.0847
2847,-0.071794,0.0848
2848,-0.073428,0.0823
2849,-0.074199,0.0847
2850,-0.073289,0.0847
2851,-0.075383,0.0847
2852,-0.074811,0.0847
2853,-0.070397,0.0847
2854,-0.070058,0.0848
2855,-0.069389,0.0841
2856,-0.071213,0.0841
2857,-0.071581,0.0875
2858,-0.071494,0.0875
2859,-0.071841,0.0874
2860,-0.074907,0.0875
2861,-0.078305,0.0875
2862,-0.080702,0.0875
2863,-0.080071,0.0841
2864,-0.076122,0.0841
2865,-0.073434,0.0841
2866,-0.074946,0.0837
2867,-0.076880,0.0857
2868,-0.073765,0.0857
2869,-0.075225,0.0857
2870,-0.079248,0.0844
2871,-0.075328,0.0838
2872,-0.077493,0.0837
2873,-0.077165,0.0857
2874,-0.079284,0.0837
2875,-0.082072,0.0837
2876,-0.080311,0.0837
2877,-0.081629,0.0837
2878,-0.077935,0.0837
2879,-0.078922,0.0838
2880,-0.075162,0.0843
2881,-0.068830,0.0844
2882,-0.067558,0.0846
2883,-0.062562,0.0844
2884,-0.064354,0.0844
2885,-0.069335,0.0844
2886,-0.073010,0.0825
2887,-0.077541,0.0844
2888,-0.076754,0.0843
2889,-0.075893,0.0827
2890,-0.075598,0.0844
2891,-0.079151,0.0844
2892,-0.077878,0.0843
2893,-0.077405,0.0843
2894,-0.077565,0.0843
2895,-0.081000,0.0843
2896,-0.079449,0.0843
2897,-0.079620,0.0843
2898,-0.079408,0.0843
2899,-0.077980,0.0842
2900,-0.079513,0.0843
2901,-0.079596,0.0843
2902,-0.079258,0.0842
2903,-0.075809,0.0842
2904,-0.075004,0.0843
2905,-0.067660,0.0843
2906,-0.066023,0.0843
2907,-0.060979,0.0843
2908,-0.059732,0.0843
2909,-0.054212,0.0848
2910,-0.051661,0.0843
2911,-0.053860,0.0845
2912,-0.057319,0.0840
2913,-0.060200,0.0834
2914,-0.066721,0.0845
2915,-0.068041,0.0845
2916,-0.074944,0.0845
2917,-0.077062,0.0845
2918,-0.078354,0.0845
2919,-0.074610,0.0825
2920,-0.074169,0.0845
2921,-0.079066,0.0845
2922,-0.078737,0.0845
2923,-0.083153,0.0827
2924,-0.082795,0.0845
2925,-0.080653,0.0825
2926,-0.083647,0.0825
2927,-0.085517,0.0825
2928,-0.087662,0.0825
2929,-0.081915,0.0845
2930,-0.077500,0.0837
2931,-0.072941,0.0845
2932,-0.077087,0.0845
2933,-0.080453,0.0843
2934,-0.072599,0.0829
2935,-0.071804,0.0825
2936,-0.072354,0.0826
2937,-0.073401,0.0845
2938,-0.067667,0.0829
2939,-0.064475,0.0847
2940,-0.061127,0.0844
2941,-0.057267,0.0843
2942,-0.051767,0.0843
2943,-0.051946,0.0843
2944,-0.050377,0.0843
2945,-0.049903,0.0843
2946,-0.050308,0.0843
2947,-0.049481,0.0843
2948,-0.052569,0.0843
2949,-0.053316,0.0844
2950,-0.057599,0.0843
2951,-0.057518,0.0843
2952,-0.061525,0.0845
2953,-0.064256,0.0826
2954,-0.066708,0.0846
2955,-0.071630,0.0846
2956,-0.073422,0.0846
2957,-0.076151,0.0840
2958,-0.075606,0.0825
2959,-0.079394,0.0846
2960,-0.080773,0.0845
2961,-0.080482,0.0825
2962,-0.082834,0.0845
2963,-0.083063,0.0845
2964,-0.078690,0.0826
2965,-0.079270,0.0845
2966,-0.075550,0.0836
2967,-0.078346,0.0846
2968,-0.078374,0.0826
2969,-0.078830,0.0826
2970,-0.079723,0.0826
2971,-0.081226,0.0848
2972,-0.081372,0.0854
2973,-0.081859,0.0843
2974,-0.082842,0.0842
2975,-0.079771,0.0847
2976,-0.083719,0.0843
2977,-0.081152,0.0864
2978,-0.084232,0.0856
2979,-0.084891,0.0843
2980,-0.085091,0.0844
2981,-0.083556,0.0848
2982,-0.082431,0.0844
2983,-0.084115,0.0850
2984,-0.082789,0.0841
2985,-0.082297,0.0844
2986,-0.084397,0.0844
2987,-0.083233,0.0847
2988,-0.085933,0.0848
2989,-0.085362,0.0844
2990,-0.086538,0.0844
2991,-0.087297,0.0844
2992,-0.088360,0.0848
2993,-0.089790,0.0844
2994,-0.089218,0.0844
2995,-0.092119,0.0846
2996,-0.092635,0.0846
2997,-0.093988,0.0847
2998,-0.093271,0.0826
2999,-0.093236,0.0849
3000,-0.092436,0.0846
3001,-0.093361,0.0825
3002,-0.095007,0.0826
3003,-0.095094,0.0863
3004,-0.091668,0.0863
3005,-0.092281,0.0863
3006,-0.093555,0.0864
3007,-0.094286,0.0838
3008,-0.091537,0.0863
3009,-0.093344,0.0864
3010,-0.091398,0.0826
3011,-0.092689,0.0830
3012,-0.090171,0.0830
3013,-0.090391,0.0843
3014,-0.089821,0.0863
3015,-0.091659,0.0842
3016,-0.090616,0.0845
3017,-0.093661,0.0863
3018,-0.094114,0.0863
3019,-0.095655,0.0861
3020,-0.097520,0.0861
3021,-0.092704,0.0829
3022,-0.093214,0.0863
3023,-0.093670,0.0863
3024,-0.094814,0.0851
3025,-0.096303,0.0824
3026,-0.096097,0.0860
3027,-0.095706,0.0845
3028,-0.093340,0.0846
3029,-0.094727,0.0846
3030,-0.095524,0.0846
3031,-0.092823,0.0855
3032,-0.094625,0.0843
3033,-0.091841,0.0849
3034,-0.092203,0.0831
3035,-0.093614,0.0845
3036,-0.093919,0.0826
3037,-0.094512,0.0846
3038,-0.094766,0.0849
3039,-0.089126,0.0826
3040,-0.085937,0.0829
3041,-0.083145,0.0831
3042,-0.078112,0.0831
3043,-0.075607,0.0859
3044,-0.076680,0.0848
3045,-0.073843,0.0865
3046,-0.075466,0.0865
3047,-0.080235,0.0865
3048,-0.082898,0.0866
3049,-0.085734,0.0832
3050,-0.084861,0.0866
3051,-0.085562,0.0863
3052,-0.089561,0.0833
3053,-0.087944,0.0866
3054,-0.093456,0.0832
3055,-0.094058,0.0851
3056,-0.094728,0.0832
3057,-0.093057,0.0864
3058,-0.093682,0.0868
3059,-0.093942,0.0867
3060,-0.094866,0.0867
3061,-0.095179,0.0834
3062,-0.096650,0.0853
3063,-0.091898,0.0854
3064,-0.091303,0.0859
3065,-0.084376,0.0834
3066,-0.082200,0.0863
3067,-0.083444,0.0835
3068,-0.082384,0.0868
3069,-0.088745,0.0865
3070,-0.081249,0.0868
3071,-0.078043,0.0834
3072,-0.075444,0.0863
3073,-0.078460,0.0837
3074,-0.078353,0.0863
3075,-0.081573,0.0854
3076,-0.084177,0.0836
3077,-0.084122,0.0869
3078,-0.084186,0.0835
3079,-0.082608,0.0842
3080,-0.084341,0.0853
3081,-0.081647,0.0870
3082,-0.082504,0.0854
3083,-0.085172,0.0843
3084,-0.090887,0.0870
3085,-0.085903,0.0849
3086,-0.085638,0.0842
3087,-0.086478,0.0843
3088,-0.084677,0.0858
3089,-0.085450,0.0859
3090,-0.087930,0.0871
3091,-0.089634,0.0878
3092,-0.090769,0.0871
3093,-0.090966,0.0872
3094,-0.091108,0.0842
3095,-0.093578,0.0838
3096,-0.095714,0.0872
3097,-0.095097,0.0852
3098,-0.091832,0.0879
3099,-0.090338,0.0839
3100,-0.093025,0.0854
3101,-0.091238,0.0874
3102,-0.094378,0.0839
3103,-0.092560,0.0865
3104,-0.089684,0.0873
3105,-0.080586,0.0870
3106,-0.079244,0.0848
3107,-0.082680,0.0852
3108,-0.075156,0.0872
3109,-0.071737,0.0867
3110,-0.074229,0.0860
3111,-0.081885,0.0873
3112,-0.078536,0.0862
3113,-0.074040,0.0874
3114,-0.075063,0.0867
3115,-0.080822,0.0861
3116,-0.084744,0.0858
3117,-0.075461,0.0859
3118,-0.073982,0.0858
3119,-0.079094,0.0860
3120,-0.083552,0.0866
3121,-0.061780,0.0867
3122,-0.057448,0.0871
3123,-0.055638,0.0875
3124,-0.052434,0.0864
3125,-0.053257,0.0857
3126,-0.050641,0.0872
3127,-0.050468,0.0872
3128,-0.051117,0.0862
3129,-0.046328,0.0862
3130,-0.044750,0.0855
3131,-0.050045,0.0855
3132,-0.052454,0.0853
3133,-0.062732,0.0853
3134,-0.072410,0.0853
3135,-0.068816,0.0854
3136,-0.064006,0.0855
3137,-0.067270,0.0851
3138,-0.071645,0.0862
3139,-0.079080,0.0855
3140,-0.082119,0.0861
3141,-0.071638,0.0866
3142,-0.066431,0.0869
3143,-0.066908,0.0865
3144,-0.067665,0.0852
3145,-0.068956,0.0860
3146,-0.069518,0.0859
3147,-0.074196,0.0842
3148,-0.080276,0.0854
3149,-0.081792,0.0863
3150,-0.079826,0.0864
3151,-0.080494,0.0863
3152,-0.079146,0.0847
3153,-0.079228,0.0851
3154,-0.082160,0.0870
3155,-0.080122,0.0865
3156,-0.087227,0.0863
3157,-0.085395,0.0867
3158,-0.087239,0.0871
3159,-0.086152,0.0850
3160,-0.086803,0.0869
3161,-0.086855,0.0853
3162,-0.084374,0.0853
3163,-0.087405,0.0871
3164,-0.087441,0.0854
3165,-0.089488,0.0850
3166,-0.088379,0.0852
3167,-0.093124,0.0853
3168,-0.089935,0.0853
3169,-0.088953,0.0879
3170,-0.087731,0.0878
3171,-0.087358,0.0865
3172,-0.089294,0.0869
3173,-0.088733,0.0871
3174,-0.090532,0.0871
3175,-0.089144,0.0870
3176,-0.090216,0.0873
3177,-0.088353,0.0872
3178,-0.089405,0.0887
3179,-0.088036,0.0873
3180,-0.085649,0.0870
3181,-0.087414,0.0858
3182,-0.088231,0.0865
3183,-0.084490,0.0871
3184,-0.081328,0.0859
3185,-0.081721,0.0872
3186,-0.081638,0.0856
3187,-0.086091,0.0873
3188,-0.087285,0.0862
3189,-0.085586,0.0858
3190,-0.085356,0.0859
3191,-0.087079,0.0866
3192,-0.087687,0.0868
3193,-0.088171,0.0860
3194,-0.090596,0.0864
3195,-0.091797,0.0864
3196,-0.093055,0.0865
3197,-0.096852,0.0869
3198,-0.096368,0.0865
3199,-0.095588,0.0881
3200,-0.095112,0.0865
3201,-0.096314,0.0865
3202,-0.097546,0.0865
3203,-0.099720,0.0865
3204,-0.099517,0.0865
3205,-0.101956,0.0881
3206,-0.102625,0.0866
3207,-0.102026,0.0865
3208,-0.101942,0.0868
3209,-0.098226,0.0868
3210,-0.095866,0.0868
3211,-0.096226,0.0867
3212,-0.097247,0.0869
3213,-0.098608,0.0872
3214,-0.095587,0.0868
3215,-0.098156,0.0868
3216,-0.094006,0.0868
3217,-0.087590,0.0868
3218,-0.087811,0.0868
3219,-0.086092,0.0868
3220,-0.087692,0.0867
3221,-0.087814,0.0868
3222,-0.088325,0.0867
3223,-0.090386,0.0867
3224,-0.088593,0.0868
3225,-0.092181,0.0868
3226,-0.091573,0.0868
3227,-0.090171,0.0868
3228,-0.088328,0.0868
3229,-0.090770,0.0867
3230,-0.094134,0.0873
3231,-0.092775,0.0868
3232,-0.096563,0.0867
3233,-0.097335,0.0877
3234,-0.095802,0.0868
3235,-0.094425,0.0868
3236,-0.095450,0.0877
3237,-0.096251,0.0867
3238,-0.095856,0.0877
3239,-0.094425,0.0868
3240,-0.096656,0.0877
3241,-0.092212,0.0884
3242,-0.092198,0.0884
3243,-0.089218,0.0884
3244,-0.087931,0.0884
3245,-0.087686,0.0884
3246,-0.092692,0.0871
3247,-0.094948,0.0870
3248,-0.094615,0.0871
3249,-0.098374,0.0877
3250,-0.102331,0.0883
3251,-0.106544,0.0877
3252,-0.103906,0.0871
3253,-0.104229,0.0876
3254,-0.102955,0.0871
3255,-0.104531,0.0877
3256,-0.105084,0.0877
3257,-0.106871,0.0877
3258,-0.106512,0.0877
3259,-0.109269,0.0871
3260,-0.108199,0.0871
3261,-0.108322,0.0878
3262,-0.109929,0.0869
3263,-0.110915,0.0876
3264,-0.112111,0.0869
3265,-0.111532,0.0872
3266,-0.111422,0.0879
3267,-0.111514,0.0871
3268,-0.107510,0.0876
3269,-0.108765,0.0886
3270,-0.108927,0.0884
3271,-0.108513,0.0884
3272,-0.113059,0.0884
3273,-0.115065,0.0885
3274,-0.110975,0.0886
3275,-0.107858,0.0886
3276,-0.107628,0.0885
3277,-0.108001,0.0869
3278,-0.110028,0.0873
3279,-0.109938,0.0885
3280,-0.106095,0.0884
3281,-0.109158,0.0884
3282,-0.105467,0.0884
3283,-0.107937,0.0884
3284,-0.105368,0.0876
3285,-0.105080,0.0872
3286,-0.104653,0.0871
3287,-0.104224,0.0872
3288,-0.104209,0.0875
3289,-0.103539,0.0872
3290,-0.103010,0.0873
3291,-0.105593,0.0872
3292,-0.102752,0.0872
3293,-0.102871,0.0872
3294,-0.102924,0.0872
3295,-0.101276,0.0885
3296,-0.073254,0.0885
3297,-0.058488,0.0878
3298,-0.048107,0.0878
3299,-0.043974,0.0878
3300,-0.042255,0.0878
3301,-0.038615,0.0878
3302,-0.045421,0.0887
3303,-0.055451,0.0878
3304,-0.064337,0.0878
3305,-0.064326,0.0877
3306,-0.067441,0.0878
3307,-0.074398,0.0878
3308,-0.064936,0.0878
3309,-0.063584,0.0877
3310,-0.056926,0.0871
3311,-0.040179,0.0870
3312,-0.030522,0.0871
3313,-0.030377,0.0871
3314,-0.038875,0.0878
3315,-0.044742,0.0881
3316,-0.048719,0.0871
3317,-0.054213,0.0878
3318,-0.054493,0.0877
3319,-0.059666,0.0877
3320,-0.066074,0.0878
3321,-0.071330,0.0877
3322,-0.075728,0.0871
3323,-0.079274,0.0877
3324,-0.081326,0.0877
3325,-0.084591,0.0878
3326,-0.089134,0.0875
3327,-0.091434,0.0871
3328,-0.089808,0.0871
3329,-0.093524,0.0871
3330,-0.094234,0.0881
3331,-0.081055,0.0887
3332,-0.079618,0.0870
3333,-0.084901,0.0871
3334,-0.088022,0.0882
3335,-0.088163,0.0871
3336,-0.093057,0.0869
3337,-0.094026,0.0881
3338,-0.098602,0.0869
3339,-0.095950,0.0868
3340,-0.096052,0.0868
3341,-0.100599,0.0886
3342,-0.106279,0.0868
3343,-0.104318,0.0869
3344,-0.098326,0.0874
3345,-0.103747,0.0878
3346,-0.105430,0.0868
3347,-0.103635,0.0868
3348,-0.106055,0.0868
3349,-0.106789,0.0884
3350,-0.108359,0.0868
3351,-0.110158,0.0868
3352,-0.108753,0.0869
3353,-0.104604,0.0869
3354,-0.105435,0.0882
3355,-0.106007,0.0887
3356,-0.106205,0.0868
3357,-0.109606,0.0870
3358,-0.106857,0.0870
3359,-0.110469,0.0870
3360,-0.108150,0.0870
3361,-0.106453,0.0884
3362,-0.106127,0.0868
3363,-0.109185,0.0876
3364,-0.108743,0.0867
3365,-0.111329,0.0867
3366,-0.110497,0.0867
3367,-0.111579,0.0878
3368,-0.113835,0.0886
3369,-0.113476,0.0877
3370,-0.114384,0.0878
3371,-0.114307,0.0878
3372,-0.111143,0.0877
3373,-0.109115,0.0882
3374,-0.110106,0.0876
3375,-0.109993,0.0877
3376,-0.110799,0.0884
3377,-0.111597,0.0878
3378,-0.114716,0.0878
3379,-0.114650,0.0877
3380,-0.111812,0.0877
3381,-0.110816,0.0878
3382,-0.112992,0.0877
3383,-0.111951,0.0877
3384,-0.111892,0.0870
3385,-0.114299,0.0869
3386,-0.110837,0.0870
3387,-0.108417,0.0870
3388,-0.110847,0.0871
3389,-0.107255,0.0871
3390,-0.108401,0.0870
3391,-0.110177,0.0886
3392,-0.111557,0.0876
3393,-0.111796,0.0871
3394,-0.109754,0.0869
3395,-0.110194,0.0871
3396,-0.109621,0.0871
3397,-0.110272,0.0878
3398,-0.109975,0.0874
3399,-0.114250,0.0878
3400,-0.110140,0.0883
3401,-0.109226,0.0883
3402,-0.109082,0.0887
3403,-0.106367,0.0884
3404,-0.105714,0.0884
3405,-0.105404,0.0882
3406,-0.105581,0.0881
3407,-0.104456,0.0882
3408,-0.106242,0.0881
3409,-0.102988,0.0884
3410,-0.102310,0.0884
3411,-0.099402,0.0884
3412,-0.101806,0.0884
3413,-0.096784,0.0884
3414,-0.096319,0.0885
3415,-0.101355,0.0884
3416,-0.104801,0.0883
3417,-0.108246,0.0880
3418,-0.106490,0.0871
3419,-0.108453,0.0878
3420,-0.104115,0.0870
3421,-0.104987,0.0878
3422,-0.109789,0.0876
3423,-0.109179,0.0870
3424,-0.107287,0.0882
3425,-0.110154,0.0871
3426,-0.107549,0.0879
3427,-0.110846,0.0878
3428,-0.114622,0.0880
3429,-0.113978,0.0877
3430,-0.113980,0.0878
3431,-0.116051,0.0879
3432,-0.112956,0.0885
3433,-0.112691,0.0884
3434,-0.116087,0.0886
3435,-0.116032,0.0885
3436,-0.115140,0.0884
3437,-0.116855,0.0882
3438,-0.118658,0.0878
3439,-0.100519,0.0868
3440,-0.080255,0.0869
3441,-0.071162,0.0868
3442,-0.065546,0.0868
3443,-0.069210,0.0868
3444,-0.075016,0.0869
3445,-0.080884,0.0868
3446,-0.089406,0.0885
3447,-0.092036,0.0867
3448,-0.094963,0.0869
3449,-0.098889,0.0869
3450,-0.100250,0.0870
3451,-0.101165,0.0866
3452,-0.100455,0.0877
3453,-0.100248,0.0866
3454,-0.099040,0.0866
3455,-0.098873,0.0866
3456,-0.098897,0.0866
3457,-0.097688,0.0866
3458,-0.097380,0.0881
3459,-0.096901,0.0866
3460,-0.098169,0.0866
3461,-0.096927,0.0866
3462,-0.098286,0.0880
3463,-0.099299,0.0865
3464,-0.103824,0.0866
3465,-0.102442,0.0865
3466,-0.104283,0.0870
3467,-0.105153,0.0864
3468,-0.106934,0.0877
3469,-0.107680,0.0880
3470,-0.110231,0.0881
3471,-0.108345,0.0879
3472,-0.108181,0.0881
3473,-0.110773,0.0880
3474,-0.112055,0.0882
3475,-0.115472,0.0880
3476,-0.114402,0.0880
3477,-0.115883,0.0880
3478,-0.115844,0.0878
3479,-0.115477,0.0879
3480,-0.113890,0.0882
3481,-0.113141,0.0881
3482,-0.113957,0.0882
3483,-0.116550,0.0865
3484,-0.116920,0.0867
3485,-0.115962,0.0878
3486,-0.117176,0.0870
3487,-0.119168,0.0871
3488,-0.121366,0.0887
3489,-0.119254,0.0887
3490,-0.120139,0.0892
3491,-0.121294,0.0887
3492,-0.121766,0.0888
3493,-0.122097,0.0887
3494,-0.120185,0.0887
3495,-0.119896,0.0888
3496,-0.121449,0.0887
3497,-0.120441,0.0889
3498,-0.120605,0.0892
3499,-0.120005,0.0886
3500,-0.122294,0.0888
3501,-0.120196,0.0888
3502,-0.118683,0.0887
3503,-0.118334,0.0892
3504,-0.120332,0.0888
3505,-0.121499,0.0885
3506,-0.120498,0.0886
3507,-0.120647,0.0886
3508,-0.119838,0.0886
3509,-0.119803,0.0886
3510,-0.118744,0.0888
3511,-0.118459,0.0889
3512,-0.118066,0.0885
3513,-0.119781,0.0887
3514,-0.120722,0.0891
3515,-0.121399,0.0887
3516,-0.119985,0.0885
3517,-0.118892,0.0891
3518,-0.121254,0.0889
3519,-0.120466,0.0903
3520,-0.123254,0.0903
3521,-0.121994,0.0904
3522,-0.120595,0.0904
3523,-0.122611,0.0904
3524,-0.122995,0.0903
3525,-0.124305,0.0903
3526,-0.121972,0.0902
3527,-0.119924,0.0903
3528,-0.120724,0.0903
3529,-0.120620,0.0905
3530,-0.116516,0.0902
3531,-0.116737,0.0890
3532,-0.114135,0.0889
3533,-0.114711,0.0890
3534,-0.108849,0.0887
3535,-0.105442,0.0890
3536,-0.105422,0.0890
3537,-0.106384,0.0888
3538,-0.104493,0.0891
3539,-0.102477,0.0890
3540,-0.106873,0.0890
3541,-0.107992,0.0891
3542,-0.111175,0.0890
3543,-0.111503,0.0890
3544,-0.114415,0.0905
3545,-0.116294,0.0904
3546,-0.117920,0.0904
3547,-0.118976,0.0905
3548,-0.117318,0.0890
3549,-0.119535,0.0887
3550,-0.121155,0.0901
3551,-0.122252,0.0906
3552,-0.121606,0.0902
3553,-0.120103,0.0906
3554,-0.122162,0.0905
3555,-0.125170,0.0904
3556,-0.121774,0.0903
3557,-0.119576,0.0906
3558,-0.119285,0.0902
3559,-0.123723,0.0886
3560,-0.122478,0.0890
3561,-0.121175,0.0902
3562,-0.120179,0.0903
3563,-0.118346,0.0902
3564,-0.109899,0.0902
3565,-0.108458,0.0903
3566,-0.113303,0.0899
3567,-0.111449,0.0906
3568,-0.110312,0.0907
3569,-0.109708,0.0902
3570,-0.107611,0.0905
3571,-0.112126,0.0898
3572,-0.112990,0.0904
3573,-0.113080,0.0883
3574,-0.114915,0.0886
3575,-0.117920,0.0883
3576,-0.114047,0.0885
3577,-0.112044,0.0886
3578,-0.108337,0.0882
3579,-0.106865,0.0889
3580,-0.100907,0.0870
3581,-0.093115,0.0869
3582,-0.094121,0.0872
3583,-0.097370,0.0871
3584,-0.102196,0.0885
3585,-0.107086,0.0886
3586,-0.110991,0.0882
3587,-0.112173,0.0888
3588,-0.112638,0.0885
3589,-0.112596,0.0882
3590,-0.110980,0.0866
3591,-0.109125,0.0867
3592,-0.107379,0.0866
3593,-0.107464,0.0885
3594,-0.108484,0.0881
3595,-0.109218,0.0887
3596,-0.109450,0.0885
3597,-0.110383,0.0906
3598,-0.112433,0.0905
3599,-0.113416,0.0901
3600,-0.115869,0.0903
3601,-0.118115,0.0903
3602,-0.119609,0.0902
3603,-0.120584,0.0905
3604,-0.118539,0.0902
3605,-0.119635,0.0896
3606,-0.122758,0.0903
3607,-0.122472,0.0906
3608,-0.123644,0.0907
3609,-0.124449,0.0901
3610,-0.124684,0.0881
3611,-0.126503,0.0890
3612,-0.125813,0.0880
3613,-0.125157,0.0883
3614,-0.125920,0.0883
3615,-0.126399,0.0884
3616,-0.125364,0.0884
3617,-0.125763,0.0886
3618,-0.129196,0.0885
3619,-0.128843,0.0886
3620,-0.130377,0.0884
3621,-0.130439,0.0885
3622,-0.129770,0.0883
3623,-0.127705,0.0880
3624,-0.126473,0.0880
3625,-0.124475,0.0884
3626,-0.128146,0.0880
3627,-0.127474,0.0883
3628,-0.126804,0.0889
3629,-0.126021,0.0883
3630,-0.126260,0.0882
3631,-0.123072,0.0868
3632,-0.124887,0.0868
3633,-0.125274,0.0869
3634,-0.126191,0.0869
3635,-0.122445,0.0877
3636,-0.125480,0.0877
3637,-0.124720,0.0888
3638,-0.123197,0.0890
3639,-0.126552,0.0886
3640,-0.130784,0.0890
3641,-0.126722,0.0883
3642,-0.124617,0.0889
3643,-0.125305,0.0891
3644,-0.123897,0.0884
3645,-0.125330,0.0890
3646,-0.125506,0.0891
3647,-0.126342,0.0889
3648,-0.127682,0.0892
3649,-0.129602,0.0890
3650,-0.128212,0.0886
3651,-0.128952,0.0891
3652,-0.128804,0.0891
3653,-0.127987,0.0889
3654,-0.129727,0.0891
3655,-0.127223,0.0892
3656,-0.128164,0.0891
3657,-0.129600,0.0880
3658,-0.131422,0.0878
3659,-0.129847,0.0880
3660,-0.128504,0.0879
3661,-0.129752,0.0890
3662,-0.129614,0.0887
3663,-0.131230,0.0879
3664,-0.123589,0.0877
3665,-0.119761,0.0877
3666,-0.122627,0.0874
3667,-0.122664,0.0878
3668,-0.126157,0.0875
3669,-0.128102,0.0885
3670,-0.127596,0.0885
3671,-0.127712,0.0881
3672,-0.125274,0.0877
3673,-0.126792,0.0877
3674,-0.124764,0.0877
3675,-0.126414,0.0892
3676,-0.125425,0.0891
3677,-0.124916,0.0890
3678,-0.124465,0.0892
3679,-0.123814,0.0891
3680,-0.124132,0.0887
3681,-0.119908,0.0890
3682,-0.122605,0.0890
3683,-0.125675,0.0890
3684,-0.128843,0.0890
3685,-0.128981,0.0892
3686,-0.128143,0.0892
3687,-0.128264,0.0890
3688,-0.130935,0.0891
3689,-0.128030,0.0890
3690,-0.131184,0.0889
3691,-0.131860,0.0891
3692,-0.132341,0.0891
3693,-0.131471,0.0891
3694,-0.130775,0.0891
3695,-0.129967,0.0892
3696,-0.131272,0.0892
3697,-0.127366,0.0890
3698,-0.127804,0.0891
3699,-0.130547,0.0892
3700,-0.088690,0.0893
3701,-0.096732,0.0888
3702,-0.099069,0.0888
3703,-0.095364,0.0889
3704,-0.097849,0.0890
3705,-0.106937,0.0888
3706,-0.112532,0.0888
3707,-0.110118,0.0884
3708,-0.112639,0.0873
3709,-0.110080,0.0875
3710,-0.112115,0.0871
3711,-0.113650,0.0890
3712,-0.112671,0.0872
3713,-0.111837,0.0873
3714,-0.112844,0.0873
3715,-0.107685,0.0873
3716,-0.108414,0.0872
3717,-0.106606,0.0872
3718,-0.110122,0.0885
3719,-0.108438,0.0871
3720,-0.109023,0.0872
3721,-0.110801,0.0884
3722,-0.113951,0.0874
3723,-0.113444,0.0874
3724,-0.115271,0.0873
3725,-0.116536,0.0874
3726,-0.113475,0.0884
3727,-0.115885,0.0873
3728,-0.120549,0.0874
3729,-0.122341,0.0874
3730,-0.121002,0.0874
3731,-0.118868,0.0884
3732,-0.116584,0.0884
3733,-0.117702,0.0882
3734,-0.121822,0.0894
3735,-0.122952,0.0890
3736,-0.123083,0.0897
3737,-0.119908,0.0896
3738,-0.118590,0.0896
3739,-0.120806,0.0892
3740,-0.121066,0.0897
3741,-0.120100,0.0905
3742,-0.121899,0.0890
3743,-0.122599,0.0899
3744,-0.121249,0.0900
3745,-0.124069,0.0891
3746,-0.123547,0.0892
3747,-0.121663,0.0900
3748,-0.120798,0.0896
3749,-0.118411,0.0889
3750,-0.118740,0.0888
3751,-0.118358,0.0901
3752,-0.117443,0.0899
3753,-0.117410,0.0892
3754,-0.117858,0.0892
3755,-0.117812,0.0910
3756,-0.118133,0.0911
3757,-0.114929,0.0909
3758,-0.108668,0.0911
3759,-0.108995,0.0892
3760,-0.099978,0.0891
3761,-0.099152,0.0895
3762,-0.100342,0.0894
3763,-0.097440,0.0895
3764,-0.098058,0.0900
3765,-0.099975,0.0893
3766,-0.102718,0.0898
3767,-0.103984,0.0894
3768,-0.104353,0.0895
3769,-0.105017,0.0890
3770,-0.106820,0.0879
3771,-0.103712,0.0879
3772,-0.101888,0.0876
3773,-0.107093,0.0884
3774,-0.106233,0.0902
3775,-0.108557,0.0892
3776,-0.108605,0.0887
3777,-0.110221,0.0900
3778,-0.109903,0.0895
3779,-0.113588,0.0897
3780,-0.118121,0.0900
3781,-0.115965,0.0883
3782,-0.114405,0.0882
3783,-0.115153,0.0881
3784,-0.116573,0.0883
3785,-0.118602,0.0885
3786,-0.119921,0.0884
3787,-0.121398,0.0900
3788,-0.122077,0.0893
3789,-0.121310,0.0888
3790,-0.121314,0.0910
3791,-0.123857,0.0904
3792,-0.123011,0.0910
3793,-0.122372,0.0900
3794,-0.122214,0.0904
3795,-0.115913,0.0894
3796,-0.107855,0.0904
3797,-0.105450,0.0910
3798,-0.112130,0.0896
3799,-0.108730,0.0906
3800,-0.105761,0.0902
3801,-0.105477,0.0903
3802,-0.106543,0.0904
3803,-0.108775,0.0918
3804,-0.118015,0.0902
3805,-0.104926,0.0902
3806,-0.097485,0.0923
3807,-0.094166,0.0902
3808,-0.089597,0.0902
3809,-0.089404,0.0902
3810,-0.084385,0.0906
3811,-0.085366,0.0911
3812,-0.084100,0.0904
3813,-0.087253,0.0904
3814,-0.085111,0.0920
3815,-0.092641,0.0911
3816,-0.092805,0.0911
3817,-0.094979,0.0898
3818,-0.097060,0.0900
3819,-0.100344,0.0908
3820,-0.103255,0.0906
3821,-0.102509,0.0906
3822,-0.106170,0.0899
3823,-0.107177,0.0901
3824,-0.109814,0.0902
3825,-0.107513,0.0902
3826,-0.107076,0.0910
3827,-0.107978,0.0901
3828,-0.110622,0.0907
3829,-0.112028,0.0912
3830,-0.114543,0.0901
3831,-0.120471,0.0931
3832,-0.120775,0.0902
3833,-0.120139,0.0900
3834,-0.118048,0.0908
3835,-0.117146,0.0922
3836,-0.117036,0.0908
3837,-0.117614,0.0905
3838,-0.119254,0.0930
3839,-0.121192,0.0925
3840,-0.103769,0.0933
3841,-0.096280,0.0918
3842,-0.089886,0.0908
3843,-0.087432,0.0920
3844,-0.090991,0.0922
3845,-0.092019,0.0901
3846,-0.097010,0.0907
3847,-0.098584,0.0913
3848,-0.103161,0.0913
3849,-0.104499,0.0905
3850,-0.108021,0.0920
3851,-0.110631,0.0914
3852,-0.114122,0.0908
3853,-0.117855,0.0909
3854,-0.120241,0.0926
3855,-0.121701,0.0919
3856,-0.122280,0.0919
3857,-0.123864,0.0928
3858,-0.126933,0.0930
3859,-0.129158,0.0910
3860,-0.127448,0.0931
3861,-0.124678,0.0944
3862,-0.122676,0.0910
3863,-0.122776,0.0909
3864,-0.122429,0.0934
3865,-0.120881,0.0935
3866,-0.121677,0.0946
3867,-0.120378,0.0952
3868,-0.116539,0.0949
3869,-0.118002,0.0947
3870,-0.119321,0.0949
3871,-0.117341,0.0953
3872,-0.118419,0.0952
3873,-0.118341,0.0953
3874,-0.117250,0.0949
3875,-0.118253,0.0952
3876,-0.119943,0.0949
3877,-0.121686,0.0941
3878,-0.119694,0.0920
3879,-0.121379,0.0949
3880,-0.121569,0.0948
3881,-0.123606,0.0912
3882,-0.127377,0.0913
3883,-0.129223,0.0920
3884,-0.130368,0.0917
3885,-0.128617,0.0950
3886,-0.130851,0.0914
3887,-0.130463,0.0917
3888,-0.132193,0.0913
3889,-0.134038,0.0918
3890,-0.128967,0.0915
3891,-0.127003,0.0941
3892,-0.125715,0.0946
3893,-0.121388,0.0920
3894,-0.123434,0.0953
3895,-0.126817,0.0911
3896,-0.128983,0.0912
3897,-0.131678,0.0939
3898,-0.132224,0.0951
3899,-0.132243,0.0946
3900,-0.134141,0.0914
3901,-0.135114,0.0913
3902,-0.137389,0.0912
3903,-0.137362,0.0945
3904,-0.136874,0.0948
3905,-0.138141,0.0913
3906,-0.138625,0.0950
3907,-0.137787,0.0913
3908,-0.138056,0.0946
3909,-0.136116,0.0945
3910,-0.136219,0.0944
3911,-0.134098,0.0949
3912,-0.134522,0.0914
3913,-0.128651,0.0947
3914,-0.124827,0.0915
3915,-0.123667,0.0946
3916,-0.128060,0.0913
3917,-0.126174,0.0953
3918,-0.130691,0.0951
3919,-0.128283,0.0950
3920,-0.130145,0.0948
3921,-0.120577,0.0944
3922,-0.113368,0.0914
3923,-0.110139,0.0944
3924,-0.112626,0.0912
3925,-0.110645,0.0946
3926,-0.109321,0.0946
3927,-0.111177,0.0943
3928,-0.110061,0.0947
3929,-0.113738,0.0947
3930,-0.117329,0.0945
3931,-0.118348,0.0946
3932,-0.122140,0.0948
3933,-0.121854,0.0940
3934,-0.118172,0.0947
3935,-0.117369,0.0946
3936,-0.118763,0.0947
3937,-0.121638,0.0950
3938,-0.120596,0.0948
3939,-0.123135,0.0943
3940,-0.124957,0.0934
3941,-0.123492,0.0947
3942,-0.123783,0.0951
3943,-0.126743,0.0951
3944,-0.124508,0.0950
3945,-0.126068,0.0952
3946,-0.126330,0.0915
3947,-0.125670,0.0941
3948,-0.123791,0.0914
3949,-0.124903,0.0954
3950,-0.131080,0.0946
3951,-0.118627,0.0949
3952,-0.105891,0.0914
3953,-0.105455,0.0913
3954,-0.108839,0.0947
3955,-0.117700,0.0949
3956,-0.122111,0.0944
3957,-0.118918,0.0915
3958,-0.116464,0.0944
3959,-0.126184,0.0949
3960,-0.116042,0.0944
3961,-0.112427,0.0914
3962,-0.106863,0.0950
3963,-0.103402,0.0947
3964,-0.097388,0.0944
3965,-0.099590,0.0945
3966,-0.096249,0.0948
3967,-0.091435,0.0943
3968,-0.090747,0.0946
3969,-0.092528,0.0914
3970,-0.103014,0.0915
3971,-0.109569,0.0913
3972,-0.111864,0.0954
3973,-0.110918,0.0915
3974,-0.107613,0.0913
3975,-0.106499,0.0915
3976,-0.108616,0.0939
3977,-0.108588,0.0946
3978,-0.096070,0.0951
3979,-0.093701,0.0955
3980,-0.086877,0.0937
3981,-0.091247,0.0915
3982,-0.099944,0.0914
3983,-0.110334,0.0951
3984,-0.095526,0.0953
3985,-0.092645,0.0923
3986,-0.088552,0.0922
3987,-0.091735,0.0914
3988,-0.093715,0.0914
3989,-0.093894,0.0913
3990,-0.103578,0.0921
3991,-0.113459,0.0916
3992,-0.093566,0.0914
3993,-0.088723,0.0914
3994,-0.076648,0.0915
3995,-0.070438,0.0947
3996,-0.079957,0.0915
3997,-0.074917,0.0914
3998,-0.087511,0.0914
3999,-0.091859,0.0915
4000,-0.091497,0.0914
4001,-0.099315,0.0948
4002,-0.103906,0.0946
4003,-0.113611,0.0950
4004,-0.105264,0.0915
4005,-0.104191,0.0914
4006,-0.107444,0.0943
4007,-0.112941,0.0914
4008,-0.117904,0.0947
4009,-0.115717,0.0948
4010,-0.112401,0.0935
4011,-0.113439,0.0916
4012,-0.117280,0.0915
4013,-0.119684,0.0948
4014,-0.125913,0.0947
4015,-0.125486,0.0914
4016,-0.121704,0.0938
4017,-0.120101,0.0945
4018,-0.122751,0.0945
4019,-0.124859,0.0918
4020,-0.128903,0.0914
4021,-0.128689,0.0947
4022,-0.129883,0.0956
4023,-0.127161,0.0946
4024,-0.129295,0.0938
4025,-0.131918,0.0957
4026,-0.132226,0.0955
4027,-0.134531,0.0948
4028,-0.130954,0.0943
4029,-0.127648,0.0947
4030,-0.127038,0.0926
4031,-0.126811,0.0948
4032,-0.128844,0.0954
4033,-0.131878,0.0931
4034,-0.130217,0.0942
4035,-0.129800,0.0947
4036,-0.132893,0.0948
4037,-0.135531,0.0947
4038,-0.134481,0.0948
4039,-0.136768,0.0947
4040,-0.135245,0.0912
4041,-0.138723,0.0945
4042,-0.137726,0.0949
4043,-0.138587,0.0914
4044,-0.138649,0.0911
4045,-0.139125,0.0945
4046,-0.138718,0.0954
4047,-0.140595,0.0915
4048,-0.141435,0.0945
4049,-0.143243,0.0944
4050,-0.142587,0.0914
4051,-0.143637,0.0947
4052,-0.142275,0.0950
4053,-0.143494,0.0914
4054,-0.144348,0.0949
4055,-0.144384,0.0943
4056,-0.142590,0.0914
4057,-0.141469,0.0948
4058,-0.142084,0.0950
4059,-0.142231,0.0955
4060,-0.142417,0.0946
4061,-0.143365,0.0948
4062,-0.142522,0.0914
4063,-0.142765,0.0914
4064,-0.142061,0.0944
4065,-0.140273,0.0913
4066,-0.140690,0.0949
4067,-0.139632,0.0944
4068,-0.137221,0.0945
4069,-0.134991,0.0947
4070,-0.135819,0.0953
4071,-0.139381,0.0955
4072,-0.138512,0.0912
4073,-0.140600,0.0946
4074,-0.139502,0.0948
4075,-0.137783,0.0951
4076,-0.139378,0.0915
4077,-0.137891,0.0947
4078,-0.139626,0.0914
4079,-0.138796,0.0951
4080,-0.140757,0.0949
4081,-0.139996,0.0947
4082,-0.141951,0.0946
4083,-0.140683,0.0914
4084,-0.139667,0.0958
4085,-0.140490,0.0953
4086,-0.138119,0.0946
4087,-0.136001,0.0954
4088,-0.137030,0.0915
4089,-0.137691,0.0952
4090,-0.138689,0.0953
4091,-0.141773,0.0957
4092,-0.142148,0.0947
4093,-0.140107,0.0947
4094,-0.140039,0.0915
4095,-0.141691,0.0915
4096,-0.141364,0.0949
4097,-0.142870,0.0945
4098,-0.143187,0.0915
4099,-0.142368,0.0944
4100,-0.142297,0.0914
4101,-0.142159,0.0951
4102,-0.143184,0.0948
4103,-0.143638,0.0947
4104,-0.142371,0.0915
4105,-0.142778,0.0943
4106,-0.142438,0.0944
4107,-0.142049,0.0956
4108,-0.141107,0.0946
4109,-0.140751,0.0955
4110,-0.139284,0.0918
4111,-0.140619,0.0915
4112,-0.134941,0.0947
4113,-0.129130,0.0947
4114,-0.125222,0.0920
4115,-0.129653,0.0914
4116,-0.126291,0.0913
4117,-0.128909,0.0951
4118,-0.133484,0.0949
4119,-0.134540,0.0920
4120,-0.130838,0.0956
4121,-0.135614,0.0949
4122,-0.136256,0.0950
4123,-0.134051,0.0924
4124,-0.135780,0.0948
4125,-0.134965,0.0953
4126,-0.135956,0.0950
4127,-0.140224,0.0918
4128,-0.137180,0.0946
4129,-0.136152,0.0951
4130,-0.137847,0.0954
4131,-0.135000,0.0952
4132,-0.134645,0.0913
4133,-0.140834,0.0948
4134,-0.136413,0.0914
4135,-0.132764,0.0914
4136,-0.128976,0.0926
4137,-0.127540,0.0919
4138,-0.131534,0.0928
4139,-0.128946,0.0950
4140,-0.124473,0.0935
4141,-0.126348,0.0924
4142,-0.128324,0.0947
4143,-0.134548,0.0951
4144,-0.130731,0.0948
4145,-0.128627,0.0946
4146,-0.121972,0.0951
4147,-0.123872,0.0947
4148,-0.130364,0.0949
4149,-0.127021,0.0919
4150,-0.126458,0.0948
4151,-0.126680,0.0945
4152,-0.127197,0.0955
4153,-0.137759,0.0950
4154,-0.108186,0.0940
4155,-0.092688,0.0949
4156,-0.082976,0.0950
4157,-0.082736,0.0938
4158,-0.077482,0.0942
4159,-0.076388,0.0925
4160,-0.078238,0.0922
4161,-0.080482,0.0951
4162,-0.096891,0.0950
4163,-0.093820,0.0939
4164,-0.098110,0.0953
4165,-0.100565,0.0952
4166,-0.121024,0.0914
4167,-0.123448,0.0940
4168,-0.109643,0.0938
4169,-0.105699,0.0954
4170,-0.099313,0.0954
4171,-0.107205,0.0915
4172,-0.111874,0.0909
4173,-0.116494,0.0949
4174,-0.127693,0.0913
4175,-0.122976,0.0953
4176,-0.112464,0.0915
4177,-0.111844,0.0952
4178,-0.109876,0.0937
4179,-0.113205,0.0953
4180,-0.119625,0.0944
4181,-0.139851,0.0947
4182,-0.104129,0.0925
4183,-0.096386,0.0939
4184,-0.079898,0.0912
4185,-0.063037,0.0915
4186,-0.068079,0.0954
4187,-0.044783,0.0933
4188,-0.058519,0.0947
4189,-0.052533,0.0916
4190,-0.059892,0.0949
4191,-0.054583,0.0937
4192,-0.051303,0.0945
4193,-0.054869,0.0940
4194,-0.074189,0.0917
4195,-0.066399,0.0945
4196,-0.079475,0.0933
4197,-0.090765,0.0951
4198,-0.088597,0.0934
4199,-0.102948,0.0947
4200,-0.109692,0.0943
4201,-0.124861,0.0917
4202,-0.141825,0.0945
4203,-0.113554,0.0942
4204,-0.100363,0.0919
4205,-0.089032,0.0942
4206,-0.076900,0.0931
4207,-0.065742,0.0918
4208,-0.054253,0.0932
4209,-0.057648,0.0937
4210,-0.058082,0.0944
4211,-0.054351,0.0941
4212,-0.050325,0.0935
4213,-0.050196,0.0945
4214,-0.051935,0.0921
4215,-0.063301,0.0943
4216,-0.065954,0.0922
4217,-0.074111,0.0930
4218,-0.076952,0.0948
4219,-0.084804,0.0933
4220,-0.094365,0.0943
4221,-0.100425,0.0934
4222,-0.109689,0.0930
4223,-0.118685,0.0908
4224,-0.129418,0.0942
4225,-0.114687,0.0920
4226,-0.109136,0.0946
4227,-0.109683,0.0946
4228,-0.113361,0.0934
4229,-0.116456,0.0911
4230,-0.117069,0.0935
4231,-0.129507,0.0936
4232,-0.106784,0.0913
4233,-0.094408,0.0922
4234,-0.085123,0.0910
4235,-0.071592,0.0942
4236,-0.073884,0.0918
4237,-0.072897,0.0921
4238,-0.075643,0.0935
4239,-0.073490,0.0914
4240,-0.076816,0.0934
4241,-0.082427,0.0931
4242,-0.075284,0.0921
4243,-0.073889,0.0912
4244,-0.075428,0.0944
4245,-0.074940,0.0941
4246,-0.079424,0.0940
4247,-0.089637,0.0941
4248,-0.098843,0.0941
4249,-0.104901,0.0946
4250,-0.103068,0.0949
4251,-0.091034,0.0946
4252,-0.088607,0.0944
4253,-0.088060,0.0942
4254,-0.087470,0.0928
4255,-0.090192,0.0939
4256,-0.094677,0.0946
4257,-0.105324,0.0914
4258,-0.106892,0.0928
4259,-0.110972,0.0939
4260,-0.118083,0.0939
4261,-0.126021,0.0941
4262,-0.123343,0.0941
4263,-0.129583,0.0941
4264,-0.136887,0.0951
4265,-0.132237,0.0946
4266,-0.128548,0.0940
4267,-0.125785,0.0947
4268,-0.122390,0.0924
4269,-0.124650,0.0941
4270,-0.126365,0.0914
4271,-0.128165,0.0945
4272,-0.133029,0.0938
4273,-0.135876,0.0938
4274,-0.139260,0.0922
4275,-0.139199,0.0938
4276,-0.130985,0.0950
4277,-0.126687,0.0912
4278,-0.127730,0.0939
4279,-0.133933,0.0910
4280,-0.136502,0.0949
4281,-0.143015,0.0941
4282,-0.135161,0.0917
4283,-0.126716,0.0942
4284,-0.122580,0.0913
4285,-0.120582,0.0906
4286,-0.125786,0.0913
4287,-0.124476,0.0940
4288,-0.123188,0.0940
4289,-0.123725,0.0910
4290,-0.126134,0.0918
4291,-0.127371,0.0942
4292,-0.131217,0.0939
4293,-0.131929,0.0945
4294,-0.122695,0.0915
4295,-0.122804,0.0940
4296,-0.121540,0.0918
4297,-0.121532,0.0915
4298,-0.127138,0.0936
4299,-0.142643,0.0939
4300,-0.114774,0.0912
4301,-0.105607,0.0932
4302,-0.099685,0.0942
4303,-0.094055,0.0929
4304,-0.091465,0.0943
4305,-0.077376,0.0948
4306,-0.082916,0.0921
4307,-0.075252,0.0930
4308,-0.069552,0.0913
4309,-0.062917,0.0934
4310,-0.073074,0.0916
4311,-0.069026,0.0894
4312,-0.064976,0.0916
4313,-0.067451,0.0941
4314,-0.069546,0.0887
4315,-0.068397,0.0931
4316,-0.078485,0.0949
4317,-0.074937,0.0931
4318,-0.077836,0.0939
4319,-0.070710,0.0923
4320,-0.072247,0.0932
4321,-0.076934,0.0934
4322,-0.079756,0.0916
4323,-0.087036,0.0935
4324,-0.092403,0.0923
4325,-0.091004,0.0943
4326,-0.092706,0.0945
4327,-0.093666,0.0917
4328,-0.092761,0.0915
4329,-0.099613,0.0931
4330,-0.097030,0.0935
4331,-0.100273,0.0933
4332,-0.103563,0.0938
4333,-0.106213,0.0925
4334,-0.113127,0.0924
4335,-0.114681,0.0945
4336,-0.113745,0.0943
4337,-0.118976,0.0925
4338,-0.119649,0.0928
4339,-0.122127,0.0948
4340,-0.125154,0.0938
4341,-0.128289,0.0915
4342,-0.132583,0.0943
4343,-0.135835,0.0938
4344,-0.141965,0.0921
4345,-0.148185,0.0945
4346,-0.153790,0.0942
4347,-0.148620,0.0937
4348,-0.145114,0.0932
4349,-0.143509,0.0931
4350,-0.144472,0.0914
4351,-0.145155,0.0944
4352,-0.146264,0.0911
4353,-0.147327,0.0931
4354,-0.151484,0.0942
4355,-0.151047,0.0920
4356,-0.149052,0.0937
4357,-0.148098,0.0928
4358,-0.149196,0.0932
4359,-0.152235,0.0937
4360,-0.154728,0.0941
4361,-0.154234,0.0909
4362,-0.155476,0.0932
4363,-0.156144,0.0930
4364,-0.154939,0.0927
4365,-0.155194,0.0937
4366,-0.156893,0.0922
4367,-0.166072,0.0929
4368,-0.148440,0.0913
4369,-0.140855,0.0936
4370,-0.137740,0.0912
4371,-0.137582,0.0912
4372,-0.133668,0.0928
4373,-0.130869,0.0903
4374,-0.130011,0.0904
4375,-0.128277,0.0913
4376,-0.127126,0.0915
4377,-0.127775,0.0915
4378,-0.124363,0.0915
4379,-0.126845,0.0932
4380,-0.132448,0.0913
4381,-0.139657,0.0947
4382,-0.133959,0.0927
4383,-0.136997,0.0905
4384,-0.139075,0.0934
4385,-0.141553,0.0917
4386,-0.145468,0.0922
4387,-0.150078,0.0916
4388,-0.155381,0.0948
4389,-0.158909,0.0912
4390,-0.170459,0.0913
4391,-0.150061,0.0914
4392,-0.142955,0.0913
4393,-0.128834,0.0933
4394,-0.120055,0.0942
4395,-0.111724,0.0903
4396,-0.106532,0.0932
4397,-0.106132,0.0912
4398,-0.106823,0.0910
4399,-0.093122,0.0931
4400,-0.092892,0.0903
4401,-0.090766,0.0908
4402,-0.090258,0.0911
4403,-0.090708,0.0910
4404,-0.100641,0.0947
4405,-0.090838,0.0905
4406,-0.087664,0.0945
4407,-0.095234,0.0946
4408,-0.096593,0.0924
4409,-0.099717,0.0911
4410,-0.102270,0.0935
4411,-0.101728,0.0914
4412,-0.097197,0.0915
4413,-0.099555,0.0910
4414,-0.093614,0.0909
4415,-0.095883,0.0912
4416,-0.098672,0.0913
4417,-0.100895,0.0913
4418,-0.106347,0.0948
4419,-0.113164,0.0917
4420,-0.111671,0.0911
4421,-0.117908,0.0942
4422,-0.110688,0.0910
4423,-0.115493,0.0912
4424,-0.117928,0.0914
4425,-0.116768,0.0911
4426,-0.121245,0.0943
4427,-0.120363,0.0913
4428,-0.122949,0.0945
4429,-0.125584,0.0916
4430,-0.132010,0.0915
4431,-0.134054,0.0912
4432,-0.136195,0.0910
4433,-0.139513,0.0943
4434,-0.148758,0.0914
4435,-0.146190,0.0911
4436,-0.147771,0.0949
4437,-0.151222,0.0904
4438,-0.156518,0.0925
4439,-0.164034,0.0912
4440,-0.158607,0.0914
4441,-0.151536,0.0945
4442,-0.145724,0.0911
4443,-0.144225,0.0913
4444,-0.144624,0.0926
4445,-0.144755,0.0950
4446,-0.143965,0.0929
4447,-0.147132,0.0910
4448,-0.145938,0.0909
4449,-0.145076,0.0903
4450,-0.146603,0.0914
4451,-0.146204,0.0916
4452,-0.146758,0.0905
4453,-0.150010,0.0913
4454,-0.153140,0.0910
4455,-0.156979,0.0902
4456,-0.165297,0.0909
4457,-0.162390,0.0909
4458,-0.157466,0.0942
4459,-0.153029,0.0930
4460,-0.151087,0.0908
4461,-0.150248,0.0912
4462,-0.151896,0.0913
4463,-0.151693,0.0917
4464,-0.155205,0.0919
4465,-0.160645,0.0891
4466,-0.165547,0.0917
4467,-0.169362,0.0900
4468,-0.162761,0.0916
4469,-0.157182,0.0916
4470,-0.154947,0.0919
4471,-0.153500,0.0924
4472,-0.152306,0.0916
4473,-0.151972,0.0913
4474,-0.154217,0.0913
4475,-0.157522,0.0896
4476,-0.158048,0.0935
4477,-0.163377,0.0914
4478,-0.167550,0.0916
4479,-0.165460,0.0926
4480,-0.168267,0.0942
4481,-0.167974,0.0918
4482,-0.166556,0.0909
4483,-0.167826,0.0900
4484,-0.180348,0.0922
4485,-0.158552,0.0916
4486,-0.150511,0.0913
4487,-0.143451,0.0900
4488,-0.141575,0.0914
4489,-0.137791,0.0916
4490,-0.135756,0.0907
4491,-0.138936,0.0911
4492,-0.132397,0.0910
4493,-0.128039,0.0922
4494,-0.127854,0.0921
4495,-0.131655,0.0899
4496,-0.131089,0.0912
4497,-0.139824,0.0915
4498,-0.129620,0.0915
4499,-0.126305,0.0919
4500,-0.135773,0.0897
4501,-0.129802,0.0914
4502,-0.130249,0.0944
4503,-0.131911,0.0915
4504,-0.134534,0.0915
4505,-0.135767,0.0912
4506,-0.137847,0.0898
4507,-0.140453,0.0912
4508,-0.138266,0.0927
4509,-0.144146,0.0914
4510,-0.156354,0.0910
4511,-0.147534,0.0937
4512,-0.147205,0.0914
4513,-0.150667,0.0901
4514,-0.156521,0.0899
4515,-0.159448,0.0903
4516,-0.165694,0.0916
4517,-0.165983,0.0915
4518,-0.160658,0.0915
4519,-0.159267,0.0949
4520,-0.157023,0.0913
4521,-0.159188,0.0911
4522,-0.161404,0.0905
4523,-0.159844,0.0936
4524,-0.156363,0.0900
4525,-0.156557,0.0903
4526,-0.157638,0.0907
4527,-0.161264,0.0939
4528,-0.170912,0.0944
4529,-0.164570,0.0908
4530,-0.158202,0.0913
4531,-0.155126,0.0914
4532,-0.153705,0.0921
4533,-0.152756,0.0948
4534,-0.151078,0.0922
4535,-0.151587,0.0916
4536,-0.151200,0.0906
4537,-0.151588,0.0913
4538,-0.155323,0.0910
4539,-0.156835,0.0916
4540,-0.161047,0.0915
4541,-0.168863,0.0916
4542,-0.164111,0.0949
4543,-0.158931,0.0921
4544,-0.158826,0.0919
4545,-0.157193,0.0916
4546,-0.157616,0.0916
4547,-0.158708,0.0914
4548,-0.161162,0.0914
4549,-0.161766,0.0918
4550,-0.163271,0.0919
4551,-0.163867,0.0915
4552,-0.166238,0.0905
4553,-0.173960,0.0910
4554,-0.160031,0.0915
4555,-0.154786,0.0916
4556,-0.149682,0.0937
4557,-0.143838,0.0905
4558,-0.140149,0.0920
4559,-0.137850,0.0910
4560,-0.137420,0.0915
4561,-0.138112,0.0916
4562,-0.133481,0.0915
4563,-0.133973,0.0915
4564,-0.135324,0.0915
4565,-0.134383,0.0913
4566,-0.135494,0.0914
4567,-0.140300,0.0913
4568,-0.139224,0.0913
4569,-0.138981,0.0914
4570,-0.140158,0.0915
4571,-0.143428,0.0913
4572,-0.150997,0.0910
4573,-0.152057,0.0949
4574,-0.149103,0.0929
4575,-0.152632,0.0948
4576,-0.154133,0.0916
4577,-0.159739,0.0915
4578,-0.166189,0.0921
4579,-0.180382,0.0918
4580,-0.161688,0.0917
4581,-0.153352,0.0915
4582,-0.147958,0.0915
4583,-0.142463,0.0902
4584,-0.140630,0.0921
4585,-0.138403,0.0908
4586,-0.138122,0.0919
4587,-0.139060,0.0912
4588,-0.136844,0.0916
4589,-0.137918,0.0914
4590,-0.144336,0.0917
4591,-0.140313,0.0912
4592,-0.137778,0.0916
4593,-0.139273,0.0911
4594,-0.138448,0.0916
4595,-0.143791,0.0930
4596,-0.145209,0.0915
4597,-0.146422,0.0916
4598,-0.147284,0.0914
4599,-0.148206,0.0933
4600,-0.151121,0.0917
4601,-0.154759,0.0909
4602,-0.156353,0.0934
4603,-0.159948,0.0913
4604,-0.164912,0.0917
4605,-0.182172,0.0914
4606,-0.164273,0.0910
4607,-0.160563,0.0915
4608,-0.157607,0.0908
4609,-0.159670,0.0938
4610,-0.158084,0.0938
4611,-0.158887,0.0908
4612,-0.158668,0.0920
4613,-0.156068,0.0917
4614,-0.156828,0.0916
4615,-0.158956,0.0940
4616,-0.161331,0.0942
4617,-0.167548,0.0936
4618,-0.174052,0.0935
4619,-0.170611,0.0937
4620,-0.168983,0.0936
4621,-0.173780,0.0912
4622,-0.167729,0.0916
4623,-0.162621,0.0914
4624,-0.162264,0.0913
4625,-0.162941,0.0917
4626,-0.162609,0.0916
4627,-0.163941,0.0915
4628,-0.165056,0.0915
4629,-0.167131,0.0915
4630,-0.169589,0.0916
4631,-0.175092,0.0914
4632,-0.172029,0.0911
4633,-0.168148,0.0916
4634,-0.168550,0.0915
4635,-0.164422,0.0916
4636,-0.162995,0.0919
4637,-0.157927,0.0913
4638,-0.158577,0.0919
4639,-0.161888,0.0908
4640,-0.166273,0.0909
4641,-0.173481,0.0914
4642,-0.161249,0.0915
4643,-0.156463,0.0912
4644,-0.153049,0.0909
4645,-0.150797,0.0912
4646,-0.146360,0.0919
4647,-0.144936,0.0922
4648,-0.148386,0.0915
4649,-0.147114,0.0919
4650,-0.146909,0.0915
4651,-0.146528,0.0912
4652,-0.148479,0.0916
4653,-0.148235,0.0914
4654,-0.151216,0.0913
4655,-0.152401,0.0917
4656,-0.155217,0.0912
4657,-0.157043,0.0914
4658,-0.162407,0.0916
4659,-0.165882,0.0914
4660,-0.169475,0.0915
4661,-0.167780,0.0912
4662,-0.162665,0.0920
4663,-0.162754,0.0920
4664,-0.163740,0.0915
4665,-0.164750,0.0915
4666,-0.166523,0.0920
4667,-0.167984,0.0912
4668,-0.169573,0.0914
4669,-0.180276,0.0916
4670,-0.158064,0.0916
4671,-0.154750,0.0912
4672,-0.148591,0.0913
4673,-0.144475,0.0943
4674,-0.140623,0.0913
4675,-0.139934,0.0915
4676,-0.141029,0.0913
4677,-0.132071,0.0915
4678,-0.124882,0.0916
4679,-0.123025,0.0915
4680,-0.122684,0.0914
4681,-0.119182,0.0916
4682,-0.118191,0.0912
4683,-0.122245,0.0916
4684,-0.115075,0.0916
4685,-0.120807,0.0912
4686,-0.121020,0.0920
4687,-0.116304,0.0916
4688,-0.113720,0.0919
4689,-0.113115,0.0938
4690,-0.110428,0.0914
4691,-0.117270,0.0915
4692,-0.107468,0.0915
4693,-0.107055,0.0916
4694,-0.109024,0.0918
4695,-0.113554,0.0914
4696,-0.115161,0.0914
4697,-0.115544,0.0918
4698,-0.114492,0.0913
4699,-0.116860,0.0915
4700,-0.118204,0.0915
4701,-0.122326,0.0912
4702,-0.127780,0.0918
4703,-0.130098,0.0919
4704,-0.131786,0.0938
4705,-0.135423,0.0914
4706,-0.130846,0.0913
4707,-0.132882,0.0919
4708,-0.137129,0.0914
4709,-0.139229,0.0919
4710,-0.141427,0.0919
4711,-0.151389,0.0919
4712,-0.152388,0.0919
4713,-0.148313,0.0916
4714,-0.150705,0.0935
4715,-0.152082,0.0914
4716,-0.154927,0.0916
4717,-0.160199,0.0917
4718,-0.160575,0.0916
4719,-0.163100,0.0917
4720,-0.162419,0.0916
4721,-0.157735,0.0914
4722,-0.159198,0.0914
4723,-0.158025,0.0942
4724,-0.154840,0.0917
4725,-0.151066,0.0916
4726,-0.152359,0.0915
4727,-0.152999,0.0912
4728,-0.151963,0.0921
4729,-0.156326,0.0915
4730,-0.153470,0.0916
4731,-0.153399,0.0916
4732,-0.159603,0.0920
4733,-0.161063,0.0916
4734,-0.155413,0.0941
4735,-0.153660,0.0916
4736,-0.154876,0.0917
4737,-0.157135,0.0923
4738,-0.157537,0.0912
4739,-0.162515,0.0914
4740,-0.159754,0.0916
4741,-0.163860,0.0915
4742,-0.159376,0.0922
4743,-0.150716,0.0919
4744,-0.147667,0.0915
4745,-0.147088,0.0916
4746,-0.145164,0.0916
4747,-0.145833,0.0915
4748,-0.145903,0.0914
4749,-0.147517,0.0917
4750,-0.155274,0.0923
4751,-0.154883,0.0917
4752,-0.155430,0.0916
4753,-0.151605,0.0915
4754,-0.152207,0.0916
4755,-0.153719,0.0926
4756,-0.153379,0.0923
4757,-0.160159,0.0916
4758,-0.167437,0.0916
4759,-0.155799,0.0917
4760,-0.151396,0.0915
4761,-0.149111,0.0916
4762,-0.147266,0.0916
4763,-0.146865,0.0917
4764,-0.147365,0.0917
4765,-0.146289,0.0925
4766,-0.146074,0.0939
4767,-0.146393,0.0947
4768,-0.145815,0.0916
4769,-0.147769,0.0921
4770,-0.150517,0.0917
4771,-0.149993,0.0916
4772,-0.152936,0.0916
4773,-0.154307,0.0942
4774,-0.157861,0.0921
4775,-0.156005,0.0929
4776,-0.158929,0.0920
4777,-0.161874,0.0917
4778,-0.164077,0.0916
4779,-0.166312,0.0928
4780,-0.170845,0.0927
4781,-0.167527,0.0917
4782,-0.163443,0.0927
4783,-0.160810,0.0916
4784,-0.160870,0.0923
4785,-0.160767,0.0928
4786,-0.162267,0.0916
4787,-0.161636,0.0913
4788,-0.164733,0.0923
4789,-0.165965,0.0917
4790,-0.165251,0.0916
4791,-0.166201,0.0916
4792,-0.167051,0.0928
4793,-0.167374,0.0933
4794,-0.168441,0.0915
4795,-0.170794,0.0933
4796,-0.172865,0.0921
4797,-0.173724,0.0912
4798,-0.169585,0.0928
4799,-0.168444,0.0926
4800,-0.167656,0.0917
4801,-0.169278,0.0917
4802,-0.170874,0.0922
4803,-0.178248,0.0919
4804,-0.165073,0.0920
4805,-0.161874,0.0922
4806,-0.157285,0.0925
4807,-0.157251,0.0925
4808,-0.158023,0.0932
4809,-0.157144,0.0923
4810,-0.155396,0.0918
4811,-0.154226,0.0919
4812,-0.154266,0.0917
4813,-0.155191,0.0922
4814,-0.156270,0.0932
4815,-0.156622,0.0929
4816,-0.154651,0.0920
4817,-0.153144,0.0922
4818,-0.154387,0.0927
4819,-0.155064,0.0920
4820,-0.156000,0.0917
4821,-0.156021,0.0923
4822,-0.157363,0.0916
4823,-0.159303,0.0922
4824,-0.161450,0.0917
4825,-0.163957,0.0933
4826,-0.168520,0.0929
4827,-0.169618,0.0923
4828,-0.164052,0.0923
4829,-0.162528,0.0916
4830,-0.162721,0.0918
4831,-0.162960,0.0922
4832,-0.163678,0.0933
4833,-0.165994,0.0917
4834,-0.164688,0.0922
4835,-0.167094,0.0932
4836,-0.168072,0.0922
4837,-0.169796,0.0916
4838,-0.172774,0.0929
4839,-0.174051,0.0927
4840,-0.176362,0.0930
4841,-0.179522,0.0917
4842,-0.180636,0.0918
4843,-0.186419,0.0928
4844,-0.187131,0.0923
4845,-0.182667,0.0923
4846,-0.181925,0.0936
4847,-0.180324,0.0930
4848,-0.182073,0.0921
4849,-0.183853,0.0923
4850,-0.186633,0.0930
4851,-0.193635,0.0927
4852,-0.186444,0.0928
4853,-0.186311,0.0916
4854,-0.189217,0.0933
4855,-0.189326,0.0923
4856,-0.189050,0.0936
4857,-0.194503,0.0924
4858,-0.185206,0.0917
4859,-0.181135,0.0923
4860,-0.178603,0.0930
4861,-0.177395,0.0934
4862,-0.176813,0.0930
4863,-0.176276,0.0934
4864,-0.177254,0.0916
4865,-0.177076,0.0923
4866,-0.176954,0.0931
4867,-0.177247,0.0929
4868,-0.178889,0.0929
4869,-0.181177,0.0936
4870,-0.183217,0.0922
4871,-0.184537,0.0924
4872,-0.184512,0.0936
4873,-0.185642,0.0936
4874,-0.184232,0.0941
4875,-0.184750,0.0922
4876,-0.186278,0.0932
4877,-0.189806,0.0941
4878,-0.198071,0.0921
4879,-0.186597,0.0937
4880,-0.183191,0.0922
4881,-0.181619,0.0930
4882,-0.179159,0.0937
4883,-0.179274,0.0923
4884,-0.176642,0.0930
4885,-0.176898,0.0930
4886,-0.176415,0.0934
4887,-0.175994,0.0923
4888,-0.176241,0.0922
4889,-0.177334,0.0928
4890,-0.178715,0.0937
4891,-0.178290,0.0936
4892,-0.179217,0.0936
4893,-0.179732,0.0942
4894,-0.179849,0.0930
4895,-0.181293,0.0940
4896,-0.182066,0.0936
4897,-0.183204,0.0930
4898,-0.184787,0.0923
4899,-0.188119,0.0922
4900,-0.191844,0.0935
4901,-0.191937,0.0922
4902,-0.189008,0.0928
4903,-0.188823,0.0923
4904,-0.185700,0.0942
4905,-0.185855,0.0942
4906,-0.186260,0.0933
4907,-0.189172,0.0923
4908,-0.190538,0.0924
4909,-0.199355,0.0931
4910,-0.186202,0.0945
4911,-0.180814,0.0943
4912,-0.177858,0.0942
4913,-0.175136,0.0938
4914,-0.172622,0.0944
4915,-0.171789,0.0923
4916,-0.170653,0.0929
4917,-0.169834,0.0931
4918,-0.169658,0.0942
4919,-0.169277,0.0930
4920,-0.169416,0.0942
4921,-0.169876,0.0942
4922,-0.170125,0.0938
4923,-0.172934,0.0924
4924,-0.174115,0.0923
4925,-0.175063,0.0938
4926,-0.176981,0.0923
4927,-0.172745,0.0922
4928,-0.169946,0.0929
4929,-0.168544,0.0942
4930,-0.167075,0.0938
4931,-0.166599,0.0931
4932,-0.166639,0.0931
4933,-0.168021,0.0931
4934,-0.166130,0.0923
4935,-0.167124,0.0931
4936,-0.167953,0.0922
4937,-0.170304,0.0935
4938,-0.171513,0.0942
4939,-0.174362,0.0930
4940,-0.175599,0.0931
4941,-0.176404,0.0922
4942,-0.177634,0.0938
4943,-0.178079,0.0923
4944,-0.177525,0.0931
4945,-0.177629,0.0942
4946,-0.179002,0.0922
4947,-0.179512,0.0943
4948,-0.181903,0.0932
4949,-0.182599,0.0934
4950,-0.184776,0.0923
4951,-0.187195,0.0944
4952,-0.190559,0.0930
4953,-0.194930,0.0943
4954,-0.194352,0.0937
4955,-0.190259,0.0932
4956,-0.186704,0.0922
4957,-0.186839,0.0933
4958,-0.186058,0.0922
4959,-0.186412,0.0925
4960,-0.188595,0.0945
4961,-0.189706,0.0922
4962,-0.189623,0.0933
4963,-0.192329,0.0932
4964,-0.194714,0.0924
4965,-0.198193,0.0938
4966,-0.200218,0.0934
4967,-0.193706,0.0945
4968,-0.188199,0.0931
4969,-0.186197,0.0933
4970,-0.185644,0.0931
4971,-0.185656,0.0936
4972,-0.185978,0.0937
4973,-0.184982,0.0934
4974,-0.185554,0.0923
4975,-0.185954,0.0933
4976,-0.186628,0.0934
4977,-0.188121,0.0934
4978,-0.189440,0.0934
4979,-0.190873,0.0923
4980,-0.194265,0.0940
4981,-0.200254,0.0939
4982,-0.200093,0.0940
4983,-0.198129,0.0937
4984,-0.198322,0.0922
4985,-0.204270,0.0924
4986,-0.189168,0.0923
4987,-0.182986,0.0924
4988,-0.180208,0.0932
4989,-0.178119,0.0934
4990,-0.176943,0.0925
4991,-0.174918,0.0924
4992,-0.175434,0.0933
4993,-0.174629,0.0923
4994,-0.172351,0.0932
4995,-0.173050,0.0939
4996,-0.173929,0.0935
4997,-0.172553,0.0945
4998,-0.171280,0.0933
4999,-0.172584,0.0941
5000,-0.171890,0.0923
5001,-0.173281,0.0924
5002,-0.174270,0.0934
5003,-0.175536,0.0936
5004,-0.175129,0.0923
5005,-0.174911,0.0941
5006,-0.175903,0.0941
5007,-0.177029,0.0921
5008,-0.180269,0.0923
5009,-0.179855,0.0936
5010,-0.181441,0.0926
5011,-0.184211,0.0951
5012,-0.184248,0.0937
5013,-0.182735,0.0924
5014,-0.183279,0.0940
5015,-0.184415,0.0925
5016,-0.184644,0.0942
5017,-0.183759,0.0942
5018,-0.185910,0.0942
5019,-0.186129,0.0948
5020,-0.185914,0.0949
5021,-0.187723,0.0935
5022,-0.191232,0.0925
5023,-0.191111,0.0925
5024,-0.195619,0.0942
5025,-0.189449,0.0939
5026,-0.186140,0.0947
5027,-0.183538,0.0938
5028,-0.183448,0.0938
5029,-0.181877,0.0923
5030,-0.183332,0.0939
5031,-0.181756,0.0938
5032,-0.181137,0.0949
5033,-0.181430,0.0931
5034,-0.182083,0.0955
5035,-0.183220,0.0951
5036,-0.185207,0.0934
5037,-0.185166,0.0941
5038,-0.186269,0.0941
5039,-0.188779,0.0939
5040,-0.192124,0.0942
5041,-0.197941,0.0946
5042,-0.198767,0.0942
5043,-0.194177,0.0946
5044,-0.192460,0.0955
5045,-0.192111,0.0942
5046,-0.193542,0.0958
5047,-0.195285,0.0942
5048,-0.201829,0.0959
5049,-0.189207,0.0943
5050,-0.184141,0.0946
5051,-0.182220,0.0944
5052,-0.181192,0.0942
5053,-0.181823,0.0951
5054,-0.183645,0.0951
5055,-0.181441,0.0940
5056,-0.177977,0.0944
5057,-0.173511,0.0962
5058,-0.171753,0.0952
5059,-0.169757,0.0945
5060,-0.169526,0.0945
5061,-0.169735,0.0954
5062,-0.168647,0.0957
5063,-0.166679,0.0954
5064,-0.167485,0.0955
5065,-0.171408,0.0945
5066,-0.168402,0.0945
5067,-0.168180,0.0952
5068,-0.169810,0.0954
5069,-0.171800,0.0963
5070,-0.170756,0.0947
5071,-0.172176,0.0945
5072,-0.174742,0.0940
5073,-0.176434,0.0946
5074,-0.178937,0.0944
5075,-0.179107,0.0946
5076,-0.183186,0.0945
5077,-0.181974,0.0940
5078,-0.179756,0.0954
5079,-0.178852,0.0946
5080,-0.180598,0.0944
5081,-0.180646,0.0954
5082,-0.180597,0.0944
5083,-0.182542,0.0954
5084,-0.182909,0.0946
5085,-0.183299,0.0946
5086,-0.184199,0.0948
5087,-0.185805,0.0946
5088,-0.186864,0.0945
5089,-0.188411,0.0948
5090,-0.190430,0.0964
5091,-0.191045,0.0949
5092,-0.195298,0.0946
5093,-0.200681,0.0955
5094,-0.198235,0.0968
5095,-0.204597,0.0969
5096,-0.192764,0.0963
5097,-0.188289,0.0959
5098,-0.185909,0.0964
5099,-0.184448,0.0968
5100,-0.182982,0.0958
5101,-0.182132,0.0957
5102,-0.181229,0.0968
5103,-0.180394,0.0957
5104,-0.180820,0.0975
5105,-0.180042,0.0968
5106,-0.181704,0.0962
5107,-0.182100,0.0958
5108,-0.183204,0.0956
5109,-0.183592,0.0956
5110,-0.182528,0.0967
5111,-0.181795,0.0968
5112,-0.180561,0.0969
5113,-0.182349,0.0961
5114,-0.182529,0.0968
5115,-0.184332,0.0964
5116,-0.186951,0.0951
5117,-0.191867,0.0957
5118,-0.185302,0.0964
5119,-0.180466,0.0962
5120,-0.178414,0.0968
5121,-0.177644,0.0969
5122,-0.177513,0.0975
5123,-0.175326,0.0965
5124,-0.174503,0.0957
5125,-0.176282,0.0961
5126,-0.177922,0.0965
5127,-0.179010,0.0950
5128,-0.178328,0.0951
5129,-0.181803,0.0969
5130,-0.184355,0.0959
5131,-0.186691,0.0964
5132,-0.187972,0.0958
5133,-0.191091,0.0949
5134,-0.196452,0.0975
5135,-0.191914,0.0968
5136,-0.188835,0.0957
5137,-0.187316,0.0953
5138,-0.186722,0.0975
5139,-0.187193,0.0957
5140,-0.187625,0.0968
5141,-0.188325,0.0967
5142,-0.188756,0.0957
5143,-0.189467,0.0951
5144,-0.191467,0.0966
5145,-0.190175,0.0969
5146,-0.192578,0.0975
5147,-0.193705,0.0963
5148,-0.195702,0.0955
5149,-0.203038,0.0955
5150,-0.194181,0.0975
5151,-0.191675,0.0967
5152,-0.189446,0.0964
5153,-0.188327,0.0964
5154,-0.188526,0.0949
5155,-0.188608,0.0975
5156,-0.189574,0.0966
5157,-0.188499,0.0975
5158,-0.189294,0.0958
5159,-0.188596,0.0958
5160,-0.185869,0.0963
5161,-0.186891,0.0963
5162,-0.185626,0.0963
5163,-0.183167,0.0966
5164,-0.182397,0.0962
5165,-0.181916,0.0963
5166,-0.182981,0.0950
5167,-0.183247,0.0966
5168,-0.181762,0.0968
5169,-0.183372,0.0969
5170,-0.183061,0.0965
5171,-0.182860,0.0956
5172,-0.184115,0.0966
5173,-0.184016,0.0960
5174,-0.185771,0.0963
5175,-0.187319,0.0963
5176,-0.188249,0.0975
5177,-0.190385,0.0962
5178,-0.189612,0.0964
5179,-0.191750,0.0975
5180,-0.193785,0.0968
5181,-0.198221,0.0962
5182,-0.206211,0.0950
5183,-0.203177,0.0963
5184,-0.206066,0.0951
5185,-0.194808,0.0976
5186,-0.191838,0.0956
5187,-0.189669,0.0957
5188,-0.188959,0.0957
5189,-0.186713,0.0962
5190,-0.186904,0.0975
5191,-0.186521,0.0968
5192,-0.188492,0.0976
5193,-0.187659,0.0957
5194,-0.187129,0.0957
5195,-0.187351,0.0957
5196,-0.189466,0.0976
5197,-0.191552,0.0956
5198,-0.195065,0.0965
5199,-0.192672,0.0964
5200,-0.191448,0.0964
5201,-0.192861,0.0964
5202,-0.193529,0.0960
5203,-0.193959,0.0957
5204,-0.195536,0.0963
5205,-0.198239,0.0969
5206,-0.200830,0.0976
5207,-0.206381,0.0949
5208,-0.203867,0.0963
5209,-0.208960,0.0963
5210,-0.197683,0.0955
5211,-0.194839,0.0969
5212,-0.192680,0.0965
5213,-0.189919,0.0965
5214,-0.188410,0.0957
5215,-0.187661,0.0963
5216,-0.186119,0.0956
5217,-0.186032,0.0975
5218,-0.185947,0.0955
5219,-0.186096,0.0957
5220,-0.187074,0.0951
5221,-0.186433,0.0969
5222,-0.186268,0.0964
5223,-0.185373,0.0955
5224,-0.186820,0.0969
5225,-0.187374,0.0976
5226,-0.186701,0.0967
5227,-0.187538,0.0957
5228,-0.186712,0.0967
5229,-0.187599,0.0968
5230,-0.188153,0.0955
5231,-0.189073,0.0964
5232,-0.189081,0.0969
5233,-0.190849,0.0967
5234,-0.192676,0.0969
5235,-0.193977,0.0958
5236,-0.195385,0.0976
5237,-0.195766,0.0956
5238,-0.199506,0.0965
5239,-0.194975,0.0955
5240,-0.190380,0.0977
5241,-0.187595,0.0957
5242,-0.186204,0.0954
5243,-0.184966,0.0950
5244,-0.185462,0.0956
5245,-0.186153,0.0969
5246,-0.185967,0.0948
5247,-0.185711,0.0962
5248,-0.186784,0.0955
5249,-0.189719,0.0954
5250,-0.192060,0.0970
5251,-0.193818,0.0951
5252,-0.195279,0.0969
5253,-0.201673,0.0970
5254,-0.197545,0.0958
5255,-0.194511,0.0970
5256,-0.193018,0.0956
5257,-0.192794,0.0968
5258,-0.191926,0.0962
5259,-0.192311,0.0970
5260,-0.192115,0.0969
5261,-0.192348,0.0969
5262,-0.193238,0.0976
5263,-0.194201,0.0957
5264,-0.196265,0.0955
5265,-0.199124,0.0969
5266,-0.201639,0.0957
5267,-0.205297,0.0969
5268,-0.202195,0.0967
5269,-0.205302,0.0961
5270,-0.201212,0.0964
5271,-0.198392,0.0970
5272,-0.198404,0.0958
5273,-0.199752,0.0963
5274,-0.199111,0.0954
5275,-0.200787,0.0957
5276,-0.203324,0.0963
5277,-0.204541,0.0976
5278,-0.204806,0.0976
5279,-0.209144,0.0958
5280,-0.199094,0.0952
5281,-0.196615,0.0969
5282,-0.194500,0.0963
5283,-0.194372,0.0968
5284,-0.193147,0.0976
5285,-0.192305,0.0958
5286,-0.191121,0.0957
5287,-0.191077,0.0950
5288,-0.190720,0.0954
5289,-0.191985,0.0964
5290,-0.193244,0.0976
5291,-0.194228,0.0956
5292,-0.193927,0.0950
5293,-0.193646,0.0955
5294,-0.193778,0.0956
5295,-0.194866,0.0966
5296,-0.197246,0.0955
5297,-0.197207,0.0956
5298,-0.198726,0.0964
5299,-0.201448,0.0977
5300,-0.208789,0.0967
5301,-0.201628,0.0955
5302,-0.197138,0.0969
5303,-0.193882,0.0976
5304,-0.192416,0.0969
5305,-0.190020,0.0968
5306,-0.189968,0.0963
5307,-0.191393,0.0964
5308,-0.191483,0.0970
5309,-0.190475,0.0964
5310,-0.190741,0.0970
5311,-0.191883,0.0970
5312,-0.190737,0.0977
5313,-0.192200,0.0963
5314,-0.191905,0.0956
5315,-0.193150,0.0956
5316,-0.195354,0.0966
5317,-0.196191,0.0958
5318,-0.196649,0.0956
5319,-0.196343,0.0963
5320,-0.197167,0.0956
5321,-0.199658,0.0970
5322,-0.203045,0.0967
5323,-0.211173,0.0969
5324,-0.202992,0.0963
5325,-0.202180,0.0953
5326,-0.201905,0.0964
5327,-0.201326,0.0964
5328,-0.200925,0.0971
5329,-0.203322,0.0964
5330,-0.201579,0.0971
5331,-0.199899,0.0963
5332,-0.200159,0.0957
5333,-0.199730,0.0958
5334,-0.200420,0.0956
5335,-0.204072,0.0964
5336,-0.199733,0.0957
5337,-0.197678,0.0963
5338,-0.196063,0.0970
5339,-0.194509,0.0965
5340,-0.195082,0.0964
5341,-0.195037,0.0963
5342,-0.194874,0.0971
5343,-0.197551,0.0968
5344,-0.199343,0.0956
5345,-0.201325,0.0963
5346,-0.206495,0.0963
5347,-0.204853,0.0971
5348,-0.206929,0.0977
5349,-0.204543,0.0977
5350,-0.204377,0.0963
5351,-0.208076,0.0964
5352,-0.199111,0.0961
5353,-0.196324,0.0977
5354,-0.194226,0.0955
5355,-0.192693,0.0964
5356,-0.191384,0.0970
5357,-0.191946,0.0963
5358,-0.192311,0.0954
5359,-0.192101,0.0978
5360,-0.191674,0.0955
5361,-0.192655,0.0956
5362,-0.193929,0.0966
5363,-0.194512,0.0958
5364,-0.195085,0.0963
5365,-0.195376,0.0966
5366,-0.196909,0.0951
5367,-0.198977,0.0960
5368,-0.201248,0.0977
5369,-0.212424,0.0970
5370,-0.200328,0.0969
5371,-0.196422,0.0977
5372,-0.195525,0.0977
5373,-0.194965,0.0969
5374,-0.194918,0.0978
5375,-0.194083,0.0953
5376,-0.195301,0.0964
5377,-0.195832,0.0972
5378,-0.197297,0.0978
5379,-0.198096,0.0978
5380,-0.198345,0.0970
5381,-0.198329,0.0963
5382,-0.201430,0.0954
5383,-0.206747,0.0955
5384,-0.201498,0.0963
5385,-0.198297,0.0958
5386,-0.196879,0.0973
5387,-0.195575,0.0963
5388,-0.194844,0.0978
5389,-0.194968,0.0978
5390,-0.193088,0.0968
5391,-0.193118,0.0968
5392,-0.194453,0.0969
5393,-0.193484,0.0957
5394,-0.194641,0.0978
5395,-0.195602,0.0970
5396,-0.195317,0.0970
5397,-0.195396,0.0953
5398,-0.196355,0.0978
5399,-0.198926,0.0949
5400,-0.200643,0.0956
5401,-0.203628,0.0963
5402,-0.206535,0.0954
5403,-0.203888,0.0947
5404,-0.202664,0.0956
5405,-0.202531,0.0970
5406,-0.204989,0.0958
5407,-0.208922,0.0978
5408,-0.208229,0.0953
5409,-0.204380,0.0964
5410,-0.202627,0.0978
5411,-0.202370,0.0963
5412,-0.203878,0.0970
5413,-0.209487,0.0954
5414,-0.207607,0.0963
5415,-0.211797,0.0954
5416,-0.201647,0.0970
5417,-0.198278,0.0955
5418,-0.195726,0.0970
5419,-0.193470,0.0968
5420,-0.192875,0.0963
5421,-0.193168,0.0971
5422,-0.192506,0.0952
5423,-0.190585,0.0955
5424,-0.190259,0.0978
5425,-0.190252,0.0957
5426,-0.190736,0.0963
5427,-0.190117,0.0967
5428,-0.190855,0.0963
5429,-0.191905,0.0948
5430,-0.192286,0.0964
5431,-0.191984,0.0963
5432,-0.193623,0.0966
5433,-0.194501,0.0978
5434,-0.195567,0.0960
5435,-0.198116,0.0955
5436,-0.198921,0.0978
5437,-0.200149,0.0978
5438,-0.201717,0.0968
5439,-0.201856,0.0963
5440,-0.203861,0.0956
5441,-0.204349,0.0945
5442,-0.210231,0.0933
5443,-0.204790,0.0944
5444,-0.201805,0.0945
5445,-0.198840,0.0945
5446,-0.198667,0.0944
5447,-0.196357,0.0947
5448,-0.196387,0.0938
5449,-0.197130,0.0945
5450,-0.196377,0.0945
5451,-0.196628,0.0943
5452,-0.196027,0.0945
5453,-0.197595,0.0932
5454,-0.198266,0.0945
5455,-0.200806,0.0944
5456,-0.202335,0.0930
5457,-0.204776,0.0945
5458,-0.207393,0.0938
5459,-0.209976,0.0949
5460,-0.207045,0.0945
5461,-0.207593,0.0950
5462,-0.211857,0.0944
5463,-0.200307,0.0942
5464,-0.196123,0.0949
5465,-0.192875,0.0955
5466,-0.190315,0.0944
5467,-0.190561,0.0929
5468,-0.188610,0.0945
5469,-0.187232,0.0945
5470,-0.186676,0.0960
5471,-0.184881,0.0956
5472,-0.185457,0.0932
5473,-0.184509,0.0947
5474,-0.183960,0.0945
5475,-0.184577,0.0949
5476,-0.185125,0.0944
5477,-0.184847,0.0945
5478,-0.185817,0.0954
5479,-0.186811,0.0943
5480,-0.187095,0.0944
5481,-0.190203,0.0955
5482,-0.190051,0.0944
5483,-0.190204,0.0945
5484,-0.191509,0.0944
5485,-0.192367,0.0952
5486,-0.194638,0.0946
5487,-0.196269,0.0950
5488,-0.197886,0.0930
5489,-0.199564,0.0930
5490,-0.200679,0.0945
5491,-0.204237,0.0940
5492,-0.214169,0.0945
5493,-0.201650,0.0950
5494,-0.199091,0.0945
5495,-0.196570,0.0944
5496,-0.194774,0.0943
5497,-0.194075,0.0942
5498,-0.192958,0.0949
5499,-0.192460,0.0954
5500,-0.190270,0.0956
5501,-0.191594,0.0944
5502,-0.190915,0.0955
5503,-0.192532,0.0947
5504,-0.193466,0.0943
5505,-0.194056,0.0943
5506,-0.189362,0.0950
5507,-0.190378,0.0943
5508,-0.190196,0.0939
5509,-0.189020,0.0944
5510,-0.188920,0.0945
5511,-0.189928,0.0944
5512,-0.192970,0.0946
5513,-0.192077,0.0944
5514,-0.191009,0.0943
5515,-0.193573,0.0944
5516,-0.195037,0.0954
5517,-0.195956,0.0951
5518,-0.198799,0.0944
5519,-0.198487,0.0955
5520,-0.197180,0.0938
5521,-0.198184,0.0954
5522,-0.197425,0.0942
5523,-0.199659,0.0943
5524,-0.201252,0.0947
5525,-0.200817,0.0954
5526,-0.202549,0.0944
5527,-0.203192,0.0937
5528,-0.206458,0.0944
5529,-0.212408,0.0949
5530,-0.204942,0.0945
5531,-0.200592,0.0941
5532,-0.200071,0.0950
5533,-0.199407,0.0954
5534,-0.197101,0.0953
5535,-0.194598,0.0938
5536,-0.194961,0.0940
5537,-0.193995,0.0945
5538,-0.194724,0.0948
5539,-0.193338,0.0941
5540,-0.191605,0.0955
5541,-0.189297,0.0943
5542,-0.185867,0.0947
5543,-0.186441,0.0946
5544,-0.187627,0.0954
5545,-0.191223,0.0955
5546,-0.194177,0.0939
5547,-0.194934,0.0945
5548,-0.193015,0.0954
5549,-0.193130,0.0944
5550,-0.192751,0.0946
5551,-0.193707,0.0951
5552,-0.194097,0.0940
5553,-0.195264,0.0955
5554,-0.195657,0.0937
5555,-0.199897,0.0943
5556,-0.201160,0.0945
5557,-0.204725,0.0945
5558,-0.207307,0.0945
5559,-0.204479,0.0955
5560,-0.204061,0.0945
5561,-0.204848,0.0944
5562,-0.205991,0.0941
5563,-0.210285,0.0943
5564,-0.208910,0.0954
5565,-0.212233,0.0952
5566,-0.205432,0.0942
5567,-0.203306,0.0948
5568,-0.201361,0.0943
5569,-0.202213,0.0951
5570,-0.199336,0.0944
5571,-0.201454,0.0940
5572,-0.201397,0.0945
5573,-0.200794,0.0943
5574,-0.200974,0.0940
5575,-0.202339,0.0952
5576,-0.203763,0.0946
5577,-0.205847,0.0955
5578,-0.207339,0.0944
5579,-0.213690,0.0941
5580,-0.211374,0.0933
5581,-0.207129,0.0946
5582,-0.206304,0.0950
5583,-0.207206,0.0944
5584,-0.207810,0.0946
5585,-0.212075,0.0953
5586,-0.205371,0.0953
5587,-0.204425,0.0944
5588,-0.202507,0.0944
5589,-0.200959,0.0945
5590,-0.200443,0.0943
5591,-0.200507,0.0953
5592,-0.199577,0.0944
5593,-0.200399,0.0955
5594,-0.199044,0.0942
5595,-0.198877,0.0952
5596,-0.199795,0.0955
5597,-0.198484,0.0945
5598,-0.197660,0.0943
5599,-0.196217,0.0947
5600,-0.196445,0.0945
5601,-0.197463,0.0944
5602,-0.198665,0.0946
5603,-0.201359,0.0955
5604,-0.207093,0.0953
5605,-0.199617,0.0943
5606,-0.198494,0.0944
5607,-0.198304,0.0945
5608,-0.199542,0.0950
5609,-0.199704,0.0957
5610,-0.196254,0.0953
5611,-0.195924,0.0944
5612,-0.195561,0.0955
5613,-0.195528,0.0947
5614,-0.195972,0.0955
5615,-0.196338,0.0954
5616,-0.197398,0.0955
5617,-0.198602,0.0945
5618,-0.200144,0.0944
5619,-0.199888,0.0945
5620,-0.198664,0.0945
5621,-0.199096,0.0945
5622,-0.199977,0.0943
5623,-0.199914,0.0955
5624,-0.199918,0.0944
5625,-0.202188,0.0940
5626,-0.202612,0.0955
5627,-0.202782,0.0938
5628,-0.202789,0.0952
5629,-0.202269,0.0948
5630,-0.203569,0.0943
5631,-0.205167,0.0937
5632,-0.206972,0.0946
5633,-0.211513,0.0950
5634,-0.209054,0.0955
5635,-0.206804,0.0945
5636,-0.205047,0.0947
5637,-0.205199,0.0945
5638,-0.204629,0.0944
5639,-0.204685,0.0949
5640,-0.205153,0.0947
5641,-0.204311,0.0949
5642,-0.204614,0.0944
5643,-0.204739,0.0949
5644,-0.204895,0.0947
5645,-0.205102,0.0942
5646,-0.205703,0.0945
5647,-0.205676,0.0944
5648,-0.207183,0.0945
5649,-0.210435,0.0942
5650,-0.214402,0.0944
5651,-0.215897,0.0945
5652,-0.211644,0.0940
5653,-0.210632,0.0959
5654,-0.208198,0.0964
5655,-0.208092,0.0959
5656,-0.207691,0.0954
5657,-0.207852,0.0953
5658,-0.208205,0.0960
5659,-0.209387,0.0955
5660,-0.212772,0.0958
5661,-0.213141,0.0962
5662,-0.210715,0.0954
5663,-0.210301,0.0970
5664,-0.208957,0.0966
5665,-0.210301,0.0960
5666,-0.212170,0.0960
5667,-0.211186,0.0963
5668,-0.208577,0.0960
5669,-0.208149,0.0959
5670,-0.209289,0.0957
5671,-0.208817,0.0959
5672,-0.210521,0.0962
5673,-0.210511,0.0973
5674,-0.209574,0.0953
5675,-0.209270,0.0956
5676,-0.212407,0.0960
5677,-0.212282,0.0953
5678,-0.211263,0.0958
5679,-0.211566,0.0960
5680,-0.215574,0.0969
5681,-0.209683,0.0964
5682,-0.206884,0.0960
5683,-0.206849,0.0976
5684,-0.206587,0.0970
5685,-0.205579,0.0962
5686,-0.206769,0.0960
5687,-0.206956,0.0963
5688,-0.207608,0.0959
5689,-0.208344,0.0961
5690,-0.210938,0.0957
5691,-0.214973,0.0960
5692,-0.210263,0.0959
5693,-0.207107,0.0965
5694,-0.205331,0.0961
5695,-0.203974,0.0960
5696,-0.201599,0.0957
5697,-0.201826,0.0970
5698,-0.200908,0.0965
5699,-0.202697,0.0949
5700,-0.202965,0.0960
5701,-0.203024,0.0965
5702,-0.203248,0.0969
5703,-0.203896,0.0970
5704,-0.204739,0.0968
5705,-0.204785,0.0959
5706,-0.205848,0.0970
5707,-0.206666,0.0960
5708,-0.207525,0.0969
5709,-0.208676,0.0959
5710,-0.211688,0.0958
5711,-0.214113,0.0970
5712,-0.211481,0.0968
5713,-0.209675,0.0952
5714,-0.211150,0.0964
5715,-0.211479,0.0958
5716,-0.213168,0.0945
5717,-0.214297,0.0963
5718,-0.212608,0.0963
5719,-0.211575,0.0949
5720,-0.213762,0.0953
5721,-0.214005,0.0958
5722,-0.213444,0.0968
5723,-0.214763,0.0958
5724,-0.217153,0.0959
5725,-0.213962,0.0970
5726,-0.214650,0.0960
5727,-0.216268,0.0959
5728,-0.216379,0.0974
5729,-0.213448,0.0964
5730,-0.212225,0.0948
5731,-0.212296,0.0959
5732,-0.212120,0.0968
5733,-0.214306,0.0959
5734,-0.212358,0.0970
5735,-0.210931,0.0959
5736,-0.210590,0.0976
5737,-0.210130,0.0970
5738,-0.210069,0.0959
5739,-0.212244,0.0968
5740,-0.215881,0.0964
5741,-0.213980,0.0969
5742,-0.215660,0.0964
5743,-0.212489,0.0957
5744,-0.211787,0.0960
5745,-0.211142,0.0964
5746,-0.210723,0.0970
5747,-0.211442,0.0958
5748,-0.214177,0.0970
5749,-0.212600,0.0959
5750,-0.212392,0.0957
5751,-0.211632,0.0958
5752,-0.211755,0.0957
5753,-0.212839,0.0968
5754,-0.215805,0.0970
5755,-0.215284,0.0963
5756,-0.212426,0.0968
5757,-0.210193,0.0969
5758,-0.210256,0.0956
5759,-0.209511,0.0961
5760,-0.208120,0.0958
5761,-0.208080,0.0954
5762,-0.207873,0.0957
5763,-0.209014,0.0968
5764,-0.210527,0.0957
5765,-0.212465,0.0970
5766,-0.216009,0.0969
5767,-0.210259,0.0970
5768,-0.205745,0.0969
5769,-0.201205,0.0965
5770,-0.199507,0.0968
5771,-0.196869,0.0958
5772,-0.195971,0.0970
5773,-0.193221,0.0973
5774,-0.193500,0.0971
5775,-0.192623,0.0961
5776,-0.192294,0.0964
5777,-0.192719,0.0971
5778,-0.193335,0.0961
5779,-0.192536,0.0968
5780,-0.193325,0.0971
5781,-0.194802,0.0969
5782,-0.195834,0.0958
5783,-0.197088,0.0969
5784,-0.200133,0.0960
5785,-0.202514,0.0958
5786,-0.198234,0.0958
5787,-0.196672,0.0956
5788,-0.194794,0.0958
5789,-0.194546,0.0968
5790,-0.193179,0.0959
5791,-0.192612,0.0969
5792,-0.192884,0.0979
5793,-0.192063,0.0960
5794,-0.193508,0.0941
5795,-0.193784,0.0966
5796,-0.193601,0.0953
5797,-0.194260,0.0960
5798,-0.195142,0.0953
5799,-0.196287,0.0965
5800,-0.197429,0.0955
5801,-0.198390,0.0956
5802,-0.198556,0.0973
5803,-0.201484,0.0959
5804,-0.203524,0.0972
5805,-0.202227,0.0952
5806,-0.200998,0.0953
5807,-0.200714,0.0962
5808,-0.201092,0.0958
5809,-0.199680,0.0955
5810,-0.200405,0.0955
5811,-0.200829,0.0959
5812,-0.200791,0.0955
5813,-0.201093,0.0967
5814,-0.202073,0.0955
5815,-0.203699,0.0961
5816,-0.204717,0.0956
5817,-0.206729,0.0966
5818,-0.204625,0.0960
5819,-0.204192,0.0953
5820,-0.203997,0.0955
5821,-0.207852,0.0950
5822,-0.202132,0.0968
5823,-0.201388,0.0953
5824,-0.200990,0.0953
5825,-0.200789,0.0966
5826,-0.200841,0.0954
5827,-0.201799,0.0953
5828,-0.202648,0.0948
5829,-0.202742,0.0958
5830,-0.205236,0.0950
5831,-0.206046,0.0953
5832,-0.208323,0.0965
5833,-0.209397,0.0951
5834,-0.207415,0.0964
5835,-0.209602,0.0962
5836,-0.209081,0.0965
5837,-0.209135,0.0957
5838,-0.212812,0.0964
5839,-0.213101,0.0953
5840,-0.210774,0.0952
5841,-0.209382,0.0953
5842,-0.210392,0.0958
5843,-0.214197,0.0954
5844,-0.209265,0.0958
5845,-0.207666,0.0962
5846,-0.206584,0.0962
5847,-0.206949,0.0961
5848,-0.207121,0.0957
5849,-0.207602,0.0953
5850,-0.206812,0.0955
5851,-0.206902,0.0967
5852,-0.208764,0.0956
5853,-0.209183,0.0954
5854,-0.210891,0.0967
5855,-0.214233,0.0947
5856,-0.212673,0.0954
5857,-0.215428,0.0964
5858,-0.211799,0.0948
5859,-0.209923,0.0953
5860,-0.210025,0.0955
5861,-0.209762,0.0954
5862,-0.210072,0.0947
5863,-0.210073,0.0967
5864,-0.211164,0.0955
5865,-0.214745,0.0954
5866,-0.215328,0.0964
5867,-0.212898,0.0954
5868,-0.214016,0.0955
5869,-0.213800,0.0967
5870,-0.212785,0.0968
5871,-0.212483,0.0954
5872,-0.216611,0.0959
5873,-0.215573,0.0954
5874,-0.214709,0.0954
5875,-0.214635,0.0955
5876,-0.217094,0.0966
5877,-0.212206,0.0954
5878,-0.209783,0.0955
5879,-0.208506,0.0955
5880,-0.208748,0.0968
5881,-0.208807,0.0968
5882,-0.209383,0.0962
5883,-0.209459,0.0955
5884,-0.209031,0.0966
5885,-0.209748,0.0955
5886,-0.211339,0.0958
5887,-0.213372,0.0954
5888,-0.214656,0.0961
5889,-0.213225,0.0977
5890,-0.212657,0.0968
5891,-0.215373,0.0953
5892,-0.211732,0.0953
5893,-0.210927,0.0958
5894,-0.209891,0.0959
5895,-0.210070,0.0970
5896,-0.210539,0.0954
5897,-0.210024,0.0954
5898,-0.209689,0.0967
5899,-0.211411,0.0944
5900,-0.211024,0.0965
5901,-0.212454,0.0956
5902,-0.217911,0.0957
5903,-0.213212,0.0956
5904,-0.211611,0.0954
5905,-0.211281,0.0966
5906,-0.209880,0.0967
5907,-0.209542,0.0954
5908,-0.209565,0.0948
5909,-0.209349,0.0949
5910,-0.209912,0.0951
5911,-0.209780,0.0966
5912,-0.209264,0.0954
5913,-0.209433,0.0955
5914,-0.209314,0.0953
5915,-0.209223,0.0963
5916,-0.210316,0.0954
5917,-0.211045,0.0956
5918,-0.212768,0.0953
5919,-0.214322,0.0961
5920,-0.217546,0.0958
5921,-0.213854,0.0949
5922,-0.212417,0.0966
5923,-0.212412,0.0965
5924,-0.211196,0.0963
5925,-0.210539,0.0962
5926,-0.209632,0.0969
5927,-0.210166,0.0966
5928,-0.211414,0.0968
5929,-0.210833,0.0955
5930,-0.211177,0.0958
5931,-0.212029,0.0954
5932,-0.211927,0.0967
5933,-0.213529,0.0967
5934,-0.216318,0.0958
5935,-0.216093,0.0970
5936,-0.214368,0.0963
5937,-0.213176,0.0962
5938,-0.213187,0.0955
5939,-0.212484,0.0968
5940,-0.212704,0.0968
5941,-0.215241,0.0955
5942,-0.219793,0.0970
5943,-0.218159,0.0954
5944,-0.216164,0.0967
5945,-0.215655,0.0962
5946,-0.215924,0.0966
5947,-0.218673,0.0970
5948,-0.217091,0.0969
5949,-0.215063,0.0963
5950,-0.214335,0.0968
5951,-0.213291,0.0956
5952,-0.213461,0.0966
5953,-0.213927,0.0970
5954,-0.215684,0.0954
5955,-0.217211,0.0965
5956,-0.214784,0.0952
5957,-0.212318,0.0970
5958,-0.212194,0.0954
5959,-0.211517,0.0966
5960,-0.211453,0.0952
5961,-0.212411,0.0965
5962,-0.213223,0.0951
5963,-0.213558,0.0964
5964,-0.216589,0.0967
5965,-0.219784,0.0954
5966,-0.215285,0.0955
5967,-0.213413,0.0953
5968,-0.213110,0.0963
5969,-0.212707,0.0960
5970,-0.213102,0.0967
5971,-0.211792,0.0974
5972,-0.211513,0.0954
5973,-0.211748,0.0961
5974,-0.212489,0.0966
5975,-0.212699,0.0965
5976,-0.212957,0.0953
5977,-0.214715,0.0953
5978,-0.217969,0.0954
5979,-0.214752,0.0966
5980,-0.213872,0.0953
5981,-0.212947,0.0955
5982,-0.212058,0.0966
5983,-0.211326,0.0955
5984,-0.212386,0.0948
5985,-0.211160,0.0961
5986,-0.212615,0.0965
5987,-0.213878,0.0971
5988,-0.211501,0.0958
5989,-0.212306,0.0965
5990,-0.213340,0.0964
5991,-0.215501,0.0966
5992,-0.219779,0.0964
5993,-0.215466,0.0958
5994,-0.214162,0.0957
5995,-0.213246,0.0967
5996,-0.212729,0.0970
5997,-0.212803,0.0950
5998,-0.212156,0.0966
5999,-0.210482,0.0961
6000,-0.210991,0.0944
