epoch,loss,tiempo_s
1,13.536415,0.2274
2,8.358661,0.0113
3,7.830771,0.0101
4,7.573236,0.0104
5,7.399444,0.0108
6,7.271187,0.0111
7,7.177979,0.0114
8,7.105725,0.0118
9,7.044564,0.0125
10,6.987041,0.0124
11,6.937668,0.0124
12,6.899149,0.0118
13,6.866442,0.0119
14,6.833797,0.0123
15,6.802158,0.0123
16,6.775729,0.0123
17,6.751534,0.0121
18,6.724628,0.0117
19,6.702072,0.0120
20,6.681269,0.0123
21,6.658648,0.0124
22,6.637724,0.0121
23,6.620971,0.0117
24,6.602900,0.0118
25,6.587930,0.0122
26,6.569129,0.0123
27,6.550458,0.0122
28,6.536687,0.0121
29,6.519228,0.0117
30,6.502655,0.0120
31,6.485808,0.0123
32,6.467138,0.0122
33,6.453392,0.0121
34,6.436258,0.0117
35,6.420508,0.0118
36,6.406188,0.0122
37,6.389523,0.0122
38,6.375765,0.0122
39,6.361325,0.0122
40,6.345214,0.0117
41,6.332810,0.0118
42,6.317727,0.0122
43,6.304543,0.0123
44,6.290728,0.0122
45,6.275006,0.0117
46,6.262357,0.0117
47,6.248391,0.0122
48,6.234437,0.0123
49,6.220454,0.0122
50,6.207479,0.0117
51,6.193089,0.0117
52,6.180756,0.0118
53,6.167411,0.0194
54,6.156166,0.0113
55,6.143275,0.0119
56,6.130804,0.0123
57,6.119053,0.0122
58,6.106426,0.0122
59,6.093174,0.0117
60,6.080506,0.0119
61,6.068894,0.0123
62,6.057158,0.0123
63,6.046136,0.0122
64,6.032290,0.0117
65,6.021581,0.0119
66,6.010884,0.0123
67,5.998102,0.0123
68,5.988112,0.0121
69,5.977144,0.0117
70,5.964873,0.0117
71,5.954818,0.0118
72,5.943976,0.0123
73,5.932659,0.0123
74,5.920523,0.0123
75,5.911195,0.0122
76,5.902071,0.0118
77,5.891830,0.0120
78,5.881466,0.0123
79,5.870241,0.0124
80,5.859541,0.0122
81,5.849516,0.0117
82,5.839686,0.0119
83,5.829497,0.0123
84,5.819858,0.0123
85,5.810978,0.0122
86,5.801512,0.0117
87,5.790908,0.0117
88,5.782098,0.0119
89,5.773037,0.0123
90,5.763438,0.0123
91,5.753525,0.0121
92,5.743238,0.0117
93,5.735265,0.0118
94,5.725977,0.0123
95,5.717181,0.0123
96,5.707859,0.0123
97,5.699275,0.0117
98,5.690357,0.0117
99,5.682248,0.0119
100,5.673900,0.0123
101,5.665186,0.0123
102,5.656333,0.0122
103,5.648656,0.0117
104,5.640213,0.0117
105,5.631501,0.0119
106,5.624681,0.0124
107,5.617475,0.0123
108,5.608149,0.0121
109,5.599438,0.0117
110,5.591861,0.0117
111,5.584548,0.0120
112,5.576597,0.0123
113,5.568624,0.0123
114,5.561452,0.0122
115,5.553401,0.0118
116,5.545769,0.0119
117,5.537688,0.0123
118,5.530618,0.0123
119,5.522446,0.0121
120,5.515611,0.0117
121,5.507370,0.0104
122,5.499708,0.0111
123,5.492296,0.0110
124,5.485052,0.0110
125,5.477026,0.0115
126,5.469864,0.0121
127,5.462992,0.0153
128,5.456038,0.0113
129,5.448755,0.0116
130,5.440621,0.0123
131,5.433419,0.0123
132,5.425916,0.0123
133,5.417880,0.0117
134,5.410036,0.0118
135,5.402274,0.0118
136,5.394287,0.0122
137,5.388229,0.0123
138,5.380515,0.0123
139,5.372737,0.0122
140,5.365183,0.0117
141,5.359047,0.0119
142,5.350223,0.0123
143,5.342895,0.0123
144,5.336206,0.0122
145,5.328526,0.0117
146,5.321548,0.0099
147,5.313941,0.0099
148,5.307107,0.0095
149,5.299397,0.0095
150,5.292141,0.0104
151,5.284587,0.0113
152,5.277747,0.0114
153,5.270130,0.0119
154,5.262683,0.0123
155,5.255928,0.0123
156,5.248276,0.0122
157,5.240743,0.0118
158,5.232882,0.0118
159,5.225653,0.0118
160,5.219399,0.0122
161,5.211961,0.0123
162,5.204836,0.0121
163,5.197932,0.0118
164,5.189501,0.0117
165,5.182503,0.0119
166,5.175748,0.0123
167,5.168187,0.0124
168,5.162474,0.0122
169,5.155130,0.0117
170,5.147421,0.0118
171,5.140883,0.0119
172,5.133988,0.0124
173,5.126644,0.0123
174,5.119845,0.0122
175,5.111468,0.0117
176,5.104213,0.0119
177,5.097742,0.0141
178,5.090039,0.0119
179,5.083892,0.0122
180,5.076467,0.0117
181,5.069469,0.0118
182,5.060872,0.0123
183,5.053292,0.0123
184,5.046082,0.0123
185,5.038654,0.0122
186,5.030785,0.0117
187,5.023968,0.0120
188,5.016818,0.0123
189,5.009643,0.0123
190,5.001602,0.0122
191,4.993636,0.0117
192,4.986092,0.0119
193,4.980494,0.0123
194,4.972046,0.0123
195,4.965360,0.0122
196,4.958468,0.0118
197,4.949958,0.0117
198,4.942794,0.0119
199,4.936107,0.0123
200,4.928542,0.0123
201,4.919902,0.0123
202,4.913457,0.0117
203,4.906024,0.0116
204,4.898075,0.0120
205,4.890041,0.0123
206,4.882351,0.0123
207,4.874819,0.0122
208,4.868137,0.0117
209,4.860123,0.0118
210,4.852431,0.0123
211,4.844493,0.0123
212,4.838199,0.0123
213,4.830982,0.0117
214,4.822692,0.0118
215,4.814835,0.0119
216,4.807447,0.0123
217,4.800119,0.0123
218,4.792730,0.0122
219,4.783641,0.0117
220,4.775757,0.0118
221,4.769354,0.0124
222,4.761759,0.0124
223,4.754639,0.0123
224,4.747983,0.0122
225,4.739837,0.0117
226,4.732658,0.0120
227,4.725198,0.0124
228,4.718967,0.0124
229,4.711073,0.0122
230,4.705969,0.0118
231,4.700679,0.0118
232,4.695122,0.0124
233,4.690579,0.0124
234,4.684049,0.0122
235,4.677092,0.0117
236,4.669705,0.0118
237,4.663891,0.0119
238,4.656107,0.0124
239,4.649232,0.0123
240,4.640432,0.0123
241,4.631687,0.0122
242,4.623610,0.0118
243,4.614833,0.0123
244,4.605615,0.0123
245,4.596727,0.0123
246,4.589410,0.0122
247,4.581889,0.0117
248,4.575136,0.0119
249,4.567788,0.0123
250,4.561019,0.0123
251,4.554709,0.0122
252,4.548833,0.0117
253,4.542747,0.0120
254,4.537862,0.0124
255,4.531569,0.0123
256,4.524436,0.0123
257,4.516809,0.0117
258,4.509605,0.0118
259,4.501499,0.0120
260,4.493597,0.0123
261,4.485039,0.0123
262,4.477283,0.0123
263,4.468044,0.0118
264,4.459635,0.0118
265,4.451847,0.0120
266,4.444543,0.0124
267,4.436300,0.0123
268,4.428462,0.0123
269,4.421488,0.0118
270,4.415100,0.0119
271,4.407539,0.0123
272,4.401878,0.0124
273,4.396405,0.0122
274,4.389965,0.0117
275,4.383543,0.0119
276,4.374753,0.0123
277,4.367004,0.0123
278,4.359354,0.0122
279,4.352545,0.0118
280,4.345196,0.0118
281,4.338985,0.0120
282,4.332941,0.0123
283,4.326233,0.0123
284,4.318993,0.0122
285,4.312185,0.0117
286,4.307952,0.0117
287,4.303341,0.0120
288,4.297281,0.0124
289,4.290474,0.0123
290,4.282891,0.0122
291,4.278445,0.0118
292,4.274951,0.0120
293,4.269224,0.0124
294,4.260600,0.0117
295,4.253128,0.0099
296,4.246457,0.0100
297,4.240804,0.0102
298,4.235568,0.0105
299,4.228650,0.0108
300,4.222261,0.0114
301,4.214431,0.0113
302,4.207078,0.0110
303,4.199572,0.0116
304,4.192294,0.0124
305,4.185226,0.0124
306,4.176427,0.0113
307,4.169032,0.0100
308,4.163944,0.0097
309,4.159227,0.0096
310,4.153944,0.0097
311,4.146279,0.0109
312,4.139748,0.0111
313,4.135802,0.0115
314,4.134798,0.0113
315,4.131433,0.0113
316,4.126254,0.0118
317,4.119196,0.0124
318,4.110266,0.0124
319,4.101163,0.0123
320,4.090741,0.0141
321,4.081486,0.0124
322,4.074965,0.0123
323,4.070021,0.0123
324,4.066314,0.0119
325,4.061126,0.0120
326,4.055379,0.0124
327,4.048081,0.0124
328,4.040833,0.0123
329,4.033854,0.0118
330,4.027045,0.0120
331,4.020278,0.0124
332,4.011427,0.0124
333,4.007093,0.0123
334,4.002316,0.0118
335,3.997198,0.0118
336,3.991079,0.0120
337,3.980852,0.0106
338,3.974600,0.0102
339,3.971095,0.0113
340,3.966461,0.0118
341,3.959083,0.0123
342,3.954039,0.0118
343,3.946926,0.0118
344,3.936619,0.0120
345,3.932346,0.0125
346,3.928297,0.0124
347,3.919488,0.0123
348,3.911689,0.0118
349,3.907688,0.0120
350,3.903639,0.0124
351,3.897286,0.0124
352,3.892861,0.0122
353,3.886315,0.0119
354,3.881814,0.0118
355,3.874732,0.0120
356,3.869835,0.0125
357,3.863261,0.0124
358,3.855033,0.0123
359,3.846876,0.0119
360,3.844044,0.0120
361,3.842036,0.0124
362,3.835724,0.0124
363,3.830677,0.0123
364,3.826677,0.0118
365,3.826789,0.0120
366,3.830944,0.0124
367,3.832913,0.0124
368,3.834247,0.0123
369,3.832381,0.0118
370,3.824106,0.0118
371,3.818801,0.0121
372,3.807334,0.0124
373,3.793532,0.0125
374,3.780956,0.0123
375,3.768036,0.0118
376,3.757179,0.0120
377,3.749025,0.0124
378,3.743191,0.0124
379,3.736918,0.0150
380,3.729218,0.0127
381,3.723602,0.0125
382,3.718498,0.0123
383,3.712798,0.0119
384,3.706889,0.0121
385,3.700957,0.0125
386,3.696266,0.0125
387,3.694658,0.0123
388,3.692582,0.0118
389,3.694440,0.0121
390,3.689177,0.0125
391,3.682803,0.0124
392,3.675858,0.0124
393,3.667108,0.0118
394,3.662088,0.0121
395,3.667803,0.0124
396,3.658941,0.0125
397,3.643218,0.0123
398,3.631986,0.0118
399,3.628139,0.0121
400,3.624460,0.0124
401,3.618821,0.0126
402,3.611477,0.0123
403,3.603519,0.0118
404,3.597406,0.0120
405,3.596744,0.0125
406,3.590497,0.0124
407,3.583042,0.0124
408,3.579012,0.0120
409,3.572338,0.0121
410,3.565684,0.0125
411,3.557969,0.0124
412,3.553431,0.0124
413,3.545760,0.0120
414,3.540866,0.0122
415,3.538276,0.0125
416,3.528722,0.0125
417,3.521994,0.0124
418,3.514978,0.0119
419,3.508354,0.0121
420,3.502743,0.0125
421,3.499833,0.0125
422,3.495229,0.0124
423,3.488013,0.0119
424,3.487777,0.0121
425,3.485083,0.0125
426,3.482322,0.0125
427,3.478978,0.0124
428,3.472029,0.0119
429,3.466262,0.0121
430,3.459152,0.0125
431,3.459234,0.0125
432,3.454934,0.0124
433,3.448041,0.0119
434,3.445092,0.0121
435,3.433322,0.0125
436,3.434912,0.0124
437,3.439283,0.0124
438,3.436874,0.0118
439,3.438009,0.0117
440,3.433858,0.0125
441,3.426965,0.0124
442,3.419002,0.0124
443,3.412450,0.0119
444,3.407333,0.0119
445,3.404075,0.0121
446,3.397340,0.0125
447,3.389584,0.0124
448,3.382912,0.0119
449,3.372634,0.0119
450,3.363394,0.0121
451,3.357117,0.0108
452,3.352873,0.0101
453,3.352679,0.0102
454,3.351601,0.0105
455,3.345478,0.0108
456,3.340482,0.0116
457,3.331402,0.0124
458,3.320748,0.0120
459,3.318597,0.0120
460,3.312858,0.0121
461,3.307577,0.0126
462,3.305220,0.0125
463,3.308452,0.0125
464,3.307863,0.0120
465,3.311986,0.0122
466,3.316796,0.0126
467,3.317653,0.0124
468,3.310841,0.0119
469,3.305987,0.0120
470,3.297312,0.0122
471,3.295464,0.0126
472,3.280874,0.0124
473,3.273142,0.0119
474,3.262168,0.0116
475,3.252845,0.0121
476,3.249101,0.0125
477,3.257636,0.0125
478,3.268346,0.0125
479,3.255288,0.0121
480,3.240517,0.0126
481,3.233776,0.0125
482,3.229245,0.0125
483,3.220778,0.0120
484,3.218476,0.0122
485,3.221833,0.0125
486,3.215729,0.0126
487,3.203847,0.0124
488,3.202523,0.0120
489,3.200098,0.0122
490,3.193127,0.0126
491,3.185476,0.0125
492,3.180371,0.0125
493,3.176725,0.0119
494,3.174607,0.0120
495,3.177421,0.0126
496,3.171720,0.0126
497,3.164951,0.0124
498,3.158751,0.0121
499,3.153818,0.0122
500,3.145744,0.0126
501,3.149123,0.0126
502,3.146626,0.0125
503,3.143833,0.0120
504,3.133014,0.0123
505,3.140178,0.0126
506,3.178855,0.0126
507,3.207357,0.0125
508,3.222264,0.0131
509,3.200286,0.0125
510,3.175019,0.0126
511,3.154863,0.0125
512,3.136864,0.0120
513,3.130093,0.0120
514,3.134046,0.0126
515,3.141684,0.0126
516,3.150726,0.0125
517,3.160055,0.0120
518,3.167416,0.0124
519,3.155395,0.0126
520,3.144945,0.0125
521,3.142816,0.0120
522,3.115305,0.0117
523,3.099367,0.0124
524,3.087126,0.0126
525,3.079264,0.0125
526,3.091096,0.0121
527,3.095016,0.0122
528,3.072268,0.0126
529,3.070236,0.0126
530,3.069739,0.0125
531,3.060975,0.0120
532,3.064703,0.0123
533,3.064051,0.0127
534,3.064340,0.0126
535,3.054099,0.0125
536,3.046333,0.0122
537,3.043926,0.0126
538,3.038660,0.0127
539,3.026153,0.0125
540,3.033505,0.0121
541,3.066765,0.0120
542,3.058938,0.0127
543,3.060269,0.0127
544,3.058280,0.0127
545,3.057359,0.0122
546,3.045516,0.0124
547,3.050765,0.0128
548,3.049325,0.0126
549,3.039860,0.0121
550,3.028261,0.0118
551,3.026461,0.0123
552,3.031784,0.0129
553,3.008355,0.0128
554,2.993626,0.0126
555,2.978021,0.0121
556,2.967098,0.0124
557,2.978079,0.0129
558,2.984448,0.0127
559,3.016507,0.0122
560,3.056143,0.0119
561,3.051765,0.0124
562,3.047752,0.0128
563,3.060186,0.0128
564,3.057394,0.0121
565,3.048727,0.0117
566,3.052134,0.0121
567,3.043677,0.0128
568,3.026954,0.0128
569,3.019033,0.0121
570,3.004456,0.0117
571,2.986658,0.0121
572,2.977469,0.0128
573,2.963334,0.0127
574,2.941154,0.0120
575,2.934625,0.0118
576,2.935564,0.0121
577,2.934656,0.0128
578,2.927610,0.0154
579,2.928020,0.0119
580,2.934083,0.0119
581,2.935089,0.0127
582,2.924881,0.0127
583,2.915107,0.0121
584,2.913881,0.0118
585,2.913034,0.0122
586,2.918203,0.0127
587,2.933016,0.0127
588,2.938269,0.0121
589,2.927224,0.0118
590,2.910870,0.0122
591,2.897118,0.0127
592,2.886544,0.0127
593,2.884652,0.0122
594,2.884502,0.0119
595,2.873320,0.0121
596,2.863188,0.0130
597,2.855927,0.0128
598,2.854998,0.0121
599,2.870612,0.0118
600,2.864017,0.0120
601,2.855058,0.0124
602,2.845837,0.0126
603,2.845281,0.0122
604,2.840101,0.0128
605,2.833805,0.0129
606,2.839013,0.0128
607,2.842813,0.0118
608,2.828658,0.0121
609,2.819668,0.0128
610,2.822721,0.0127
611,2.809154,0.0121
612,2.797337,0.0119
613,2.791012,0.0124
614,2.786711,0.0128
615,2.789654,0.0127
616,2.794861,0.0122
617,2.796695,0.0131
618,2.792620,0.0129
619,2.802372,0.0127
620,2.783078,0.0121
621,2.781969,0.0118
622,2.778641,0.0122
623,2.775027,0.0129
624,2.775589,0.0127
625,2.756989,0.0122
626,2.741709,0.0119
627,2.733371,0.0126
628,2.727070,0.0129
629,2.744966,0.0128
630,2.735304,0.0122
631,2.716224,0.0122
632,2.716611,0.0129
633,2.704720,0.0129
634,2.713269,0.0127
635,2.724256,0.0124
636,2.724526,0.0130
637,2.724500,0.0129
638,2.729870,0.0128
639,2.741642,0.0123
640,2.718680,0.0126
641,2.776477,0.0129
642,2.733352,0.0127
643,2.729379,0.0122
644,2.731908,0.0123
645,2.709429,0.0129
646,2.705487,0.0128
647,2.731159,0.0122
648,2.740263,0.0120
649,2.744962,0.0123
650,2.750374,0.0129
651,2.730239,0.0128
652,2.716614,0.0122
653,2.696443,0.0120
654,2.699617,0.0126
655,2.683995,0.0129
656,2.748635,0.0129
657,2.799760,0.0123
658,2.789965,0.0123
659,2.791688,0.0129
660,2.776988,0.0128
661,2.748527,0.0123
662,2.731291,0.0121
663,2.794439,0.0127
664,2.798618,0.0131
665,2.756357,0.0129
666,2.747962,0.0124
667,2.769420,0.0126
668,2.754472,0.0130
669,2.743665,0.0128
670,2.725623,0.0123
671,2.705571,0.0122
672,2.685166,0.0131
673,2.691571,0.0128
674,2.675694,0.0124
675,2.658762,0.0120
676,2.639232,0.0127
677,2.631420,0.0130
678,2.633554,0.0129
679,2.624405,0.0124
680,2.640558,0.0124
681,2.618901,0.0131
682,2.608709,0.0130
683,2.612460,0.0124
684,2.637419,0.0124
685,2.652530,0.0130
686,2.644858,0.0129
687,2.642437,0.0124
688,2.648135,0.0122
689,2.656562,0.0128
690,2.636968,0.0131
691,2.627896,0.0129
692,2.628670,0.0121
693,2.625077,0.0128
694,2.605204,0.0131
695,2.600433,0.0130
696,2.610884,0.0122
697,2.606235,0.0124
698,2.599140,0.0130
699,2.593813,0.0130
700,2.579915,0.0125
701,2.570238,0.0123
702,2.609904,0.0129
703,2.650838,0.0130
704,2.702499,0.0130
705,2.738926,0.0123
706,2.730586,0.0129
707,2.693787,0.0131
708,2.684674,0.0131
709,2.656053,0.0123
710,2.623745,0.0130
711,2.635747,0.0131
712,2.681607,0.0126
713,2.694046,0.0127
714,2.672004,0.0135
715,2.661621,0.0131
716,2.676831,0.0126
717,2.667709,0.0126
718,2.638999,0.0132
719,2.618290,0.0133
720,2.599375,0.0124
721,2.588672,0.0126
722,2.579562,0.0132
723,2.564852,0.0132
724,2.562620,0.0128
725,2.565190,0.0127
726,2.583715,0.0132
727,2.582963,0.0133
728,2.553456,0.0124
729,2.549240,0.0128
730,2.542514,0.0133
731,2.554136,0.0132
732,2.549903,0.0125
733,2.546746,0.0130
734,2.539747,0.0133
735,2.543296,0.0128
736,2.551924,0.0123
737,2.556531,0.0137
738,2.554614,0.0134
739,2.550111,0.0126
740,2.532003,0.0124
741,2.525465,0.0134
742,2.515281,0.0133
743,2.506118,0.0126
744,2.519430,0.0130
745,2.533322,0.0133
746,2.534622,0.0134
747,2.541668,0.0127
748,2.530318,0.0133
749,2.511854,0.0134
750,2.499989,0.0127
751,2.478602,0.0125
752,2.462541,0.0135
753,2.466197,0.0135
754,2.484212,0.0127
755,2.493659,0.0132
756,2.498761,0.0135
757,2.477419,0.0117
758,2.482175,0.0121
759,2.474505,0.0122
760,2.462617,0.0130
761,2.464542,0.0135
762,2.487135,0.0128
763,2.506089,0.0127
764,2.496891,0.0120
765,2.499657,0.0121
766,2.511091,0.0123
767,2.489598,0.0122
768,2.463204,0.0122
769,2.454811,0.0128
770,2.453165,0.0137
771,2.433539,0.0119
772,2.427255,0.0120
773,2.457226,0.0121
774,2.467973,0.0123
775,2.474256,0.0127
776,2.500066,0.0126
777,2.484404,0.0125
778,2.471692,0.0127
779,2.469609,0.0151
780,2.468279,0.0130
781,2.453659,0.0131
782,2.439981,0.0132
783,2.429560,0.0122
784,2.417996,0.0119
785,2.407444,0.0123
786,2.403720,0.0127
787,2.392635,0.0131
788,2.403420,0.0128
789,2.415557,0.0128
790,2.416751,0.0135
791,2.415618,0.0136
792,2.406454,0.0131
793,2.408647,0.0140
794,2.408967,0.0142
795,2.414641,0.0133
796,2.422187,0.0141
797,2.414361,0.0142
798,2.480854,0.0140
799,2.569005,0.0142
800,2.621181,0.0138
801,2.641865,0.0139
802,2.629729,0.0143
803,2.614384,0.0134
804,2.571784,0.0139
805,2.531305,0.0145
806,2.493353,0.0134
807,2.456586,0.0140
808,2.429591,0.0141
809,2.425111,0.0135
810,2.438242,0.0145
811,2.466651,0.0142
812,2.467686,0.0140
813,2.457392,0.0147
814,2.462853,0.0137
815,2.441278,0.0132
816,2.430870,0.0131
817,2.446084,0.0131
818,2.455726,0.0133
819,2.450176,0.0136
820,2.454750,0.0135
821,2.441111,0.0135
822,2.420673,0.0138
823,2.395657,0.0137
824,2.389443,0.0139
825,2.397938,0.0144
826,2.407763,0.0138
827,2.427519,0.0141
828,2.415879,0.0145
829,2.420916,0.0140
830,2.429328,0.0147
831,2.440678,0.0142
832,2.438730,0.0144
833,2.399475,0.0147
834,2.370169,0.0142
835,2.363115,0.0148
836,2.347928,0.0143
837,2.331007,0.0153
838,2.318336,0.0145
839,2.315721,0.0145
840,2.322206,0.0150
841,2.319981,0.0145
842,2.338104,0.0150
843,2.358743,0.0146
844,2.386378,0.0152
845,2.390268,0.0146
846,2.386027,0.0150
847,2.377096,0.0149
848,2.362491,0.0150
849,2.348280,0.0151
850,2.338380,0.0150
851,2.323274,0.0153
852,2.313188,0.0149
853,2.308781,0.0154
854,2.330024,0.0151
855,2.325531,0.0156
856,2.298336,0.0152
857,2.289468,0.0156
858,2.285365,0.0152
859,2.280564,0.0158
860,2.273723,0.0154
861,2.267352,0.0159
862,2.244993,0.0155
863,2.247453,0.0159
864,2.239455,0.0159
865,2.241432,0.0159
866,2.234177,0.0159
867,2.231984,0.0159
868,2.240098,0.0161
869,2.229701,0.0160
870,2.220316,0.0162
871,2.209726,0.0161
872,2.209097,0.0162
873,2.200975,0.0163
874,2.197083,0.0162
875,2.190329,0.0167
876,2.221509,0.0166
877,2.265504,0.0169
878,2.275175,0.0168
879,2.273239,0.0170
880,2.263952,0.0170
881,2.258944,0.0171
882,2.255780,0.0170
883,2.228906,0.0173
884,2.200178,0.0173
885,2.190944,0.0174
886,2.213078,0.0176
887,2.207360,0.0178
888,2.191736,0.0176
889,2.174678,0.0178
890,2.167076,0.0179
891,2.176456,0.0181
892,2.163416,0.0190
893,2.159904,0.0182
894,2.164197,0.0185
895,2.160129,0.0184
896,2.157170,0.0185
897,2.188921,0.0186
898,2.189053,0.0186
899,2.203130,0.0188
900,2.197144,0.0188
901,2.183256,0.0189
902,2.205465,0.0191
903,2.222309,0.0196
904,2.273427,0.0197
905,2.258252,0.0197
906,2.233711,0.0195
907,2.225386,0.0196
908,2.242044,0.0197
909,2.221941,0.0201
910,2.213372,0.0199
911,2.215129,0.0202
912,2.229686,0.0203
913,2.225641,0.0204
914,2.230308,0.0205
915,2.223038,0.0210
916,2.210674,0.0208
917,2.234408,0.0212
918,2.192348,0.0211
919,2.186211,0.0212
920,2.190261,0.0214
921,2.169326,0.0214
922,2.175979,0.0216
923,2.152814,0.0221
924,2.160178,0.0220
925,2.190557,0.0222
926,2.166688,0.0223
927,2.152268,0.0226
928,2.145523,0.0228
929,2.142680,0.0230
930,2.139176,0.0231
931,2.125746,0.0241
932,2.115887,0.0236
933,2.117537,0.0238
934,2.115930,0.0242
935,2.147360,0.0248
936,2.206536,0.0246
937,2.224422,0.0249
938,2.197664,0.0252
939,2.175899,0.0255
940,2.168348,0.0258
941,2.170702,0.0266
942,2.171262,0.0264
943,2.228253,0.0267
944,2.314261,0.0271
945,2.380589,0.0276
946,2.398852,0.0279
947,2.467342,0.0282
948,2.593256,0.0287
949,2.655412,0.0291
950,2.648356,0.0300
951,2.561941,0.0299
952,2.440296,0.0303
953,2.345141,0.0308
954,2.312897,0.0317
955,2.304479,0.0323
956,2.279211,0.0326
957,2.226963,0.0326
958,2.192556,0.0339
959,2.177005,0.0336
960,2.167697,0.0339
961,2.140039,0.0352
962,2.144240,0.0351
963,2.167614,0.0362
964,2.193641,0.0361
965,2.177181,0.0366
966,2.161741,0.0373
967,2.164349,0.0377
968,2.167721,0.0390
969,2.179101,0.0388
970,2.181220,0.0401
971,2.157679,0.0400
972,2.123624,0.0413
973,2.101589,0.0411
974,2.096636,0.0424
975,2.090143,0.0422
976,2.078575,0.0439
977,2.071004,0.0431
978,2.048444,0.0438
979,2.058568,0.0453
980,2.055215,0.0460
981,2.026876,0.0456
982,2.003263,0.0462
983,1.989606,0.0468
984,1.980013,0.0474
985,1.974164,0.0481
986,1.977781,0.0499
987,1.941941,0.0494
988,1.949118,0.0501
989,1.943484,0.0508
990,1.952320,0.0517
991,1.976782,0.0523
992,1.996584,0.0530
993,1.977643,0.0537
994,1.968025,0.0557
995,1.992146,0.0552
996,1.972895,0.0559
997,1.962507,0.0566
998,1.949678,0.0589
999,1.932564,0.0597
1000,1.930145,0.0592
1001,1.920142,0.0601
1002,1.908729,0.0623
1003,1.899621,0.0632
1004,1.878715,0.0649
1005,1.890586,0.0650
1006,1.885937,0.0643
1007,1.890108,0.0670
1008,1.896782,0.0663
1009,1.898588,0.0687
1010,1.882234,0.0679
1011,1.879900,0.0688
1012,1.883692,0.0699
1013,1.871759,0.0723
1014,1.860883,0.0729
1015,1.844898,0.0736
1016,1.830796,0.0739
1017,1.839453,0.0738
1018,1.833628,0.0737
1019,1.820255,0.0738
1020,1.828109,0.0738
1021,1.836498,0.0738
1022,1.831871,0.0738
1023,1.833632,0.0737
1024,1.844955,0.0738
1025,1.856311,0.0740
1026,1.859557,0.0738
1027,1.861062,0.0738
1028,1.848718,0.0738
1029,1.827531,0.0737
1030,1.838148,0.0738
1031,1.828113,0.0738
1032,1.811781,0.0738
1033,1.806986,0.0737
1034,1.912682,0.0738
1035,2.092725,0.0741
1036,2.195877,0.0739
1037,2.242455,0.0737
1038,2.237327,0.0738
1039,2.201640,0.0737
1040,2.159284,0.0738
1041,2.123750,0.0738
1042,2.083343,0.0738
1043,2.044702,0.0737
1044,2.021072,0.0738
1045,1.994541,0.0738
1046,1.978747,0.0740
1047,1.967920,0.0738
1048,1.960149,0.0738
1049,1.931063,0.0738
1050,1.931392,0.0738
1051,1.926632,0.0738
1052,1.911235,0.0738
1053,1.901941,0.0738
1054,1.916873,0.0738
1055,1.915663,0.0737
1056,1.924208,0.0738
1057,1.938083,0.0739
1058,1.951905,0.0746
1059,1.945645,0.0738
1060,2.002530,0.0738
1061,2.016675,0.0738
1062,1.982096,0.0738
1063,1.925558,0.0737
1064,1.896217,0.0738
1065,1.880362,0.0738
1066,1.863451,0.0738
1067,1.842556,0.0738
1068,1.854303,0.0738
1069,1.874739,0.0738
1070,1.922491,0.0741
1071,1.978433,0.0738
1072,1.997512,0.0738
1073,2.001908,0.0738
1074,2.004359,0.0738
1075,1.938818,0.0738
1076,1.930422,0.0738
1077,1.918566,0.0738
1078,1.898802,0.0738
1079,1.885601,0.0738
1080,1.836784,0.0738
1081,1.826213,0.0738
1082,1.798768,0.0738
1083,1.790908,0.0740
1084,1.799278,0.0738
1085,1.801659,0.0738
1086,1.797887,0.0738
1087,1.801816,0.0738
1088,1.803066,0.0738
1089,1.807627,0.0737
1090,1.769162,0.0738
1091,1.786608,0.0738
1092,1.808167,0.0738
1093,1.815900,0.0738
1094,1.831127,0.0738
1095,1.855245,0.0742
1096,1.854573,0.0738
1097,1.863750,0.0738
1098,1.862816,0.0738
1099,1.863957,0.0738
1100,1.843850,0.0738
1101,1.843819,0.0738
1102,1.816271,0.0738
1103,1.807696,0.0738
1104,1.797168,0.0738
1105,1.749167,0.0738
1106,1.810146,0.0738
1107,1.781600,0.0739
1108,1.822014,0.0738
1109,1.814429,0.0738
1110,1.862941,0.0738
1111,1.850291,0.0738
1112,1.846701,0.0738
1113,1.876055,0.0738
1114,1.855569,0.0738
1115,1.864979,0.0737
1116,1.859694,0.0738
1117,1.846954,0.0738
1118,1.860585,0.0738
1119,1.861497,0.0738
1120,1.847714,0.0738
1121,1.819771,0.0738
1122,1.816118,0.0745
1123,1.810464,0.0738
1124,1.807687,0.0738
1125,1.780982,0.0738
1126,1.809656,0.0738
1127,1.807751,0.0738
1128,1.807959,0.0738
1129,1.805045,0.0742
1130,1.788546,0.0752
1131,1.773483,0.0752
1132,1.761420,0.0752
1133,1.743690,0.0751
1134,1.743424,0.0752
1135,1.739982,0.0752
1136,1.729320,0.0752
1137,1.707166,0.0755
1138,1.720387,0.0752
1139,1.687742,0.0752
1140,1.698825,0.0752
1141,1.713823,0.0743
1142,1.736977,0.0743
1143,1.741104,0.0743
1144,1.779832,0.0743
1145,1.781493,0.0743
1146,1.794451,0.0743
1147,1.795725,0.0743
1148,1.800465,0.0743
1149,1.796660,0.0744
1150,1.773133,0.0743
1151,1.754417,0.0746
1152,1.714196,0.0743
1153,1.727565,0.0743
1154,1.736219,0.0743
1155,1.736747,0.0743
1156,1.740810,0.0743
1157,1.743703,0.0760
1158,1.732130,0.0760
1159,1.751602,0.0760
1160,1.763347,0.0760
1161,1.782113,0.0760
1162,1.773466,0.0759
1163,1.760877,0.0744
1164,1.764375,0.0743
1165,1.733837,0.0744
1166,1.710564,0.0747
1167,1.690985,0.0743
1168,1.684280,0.0743
1169,1.664969,0.0743
1170,1.658200,0.0743
1171,1.641747,0.0743
1172,1.638052,0.0743
1173,1.617753,0.0744
1174,1.638324,0.0743
1175,1.635196,0.0744
1176,1.638571,0.0743
1177,1.625646,0.0744
1178,1.629812,0.0744
1179,1.673249,0.0743
1180,1.706759,0.0743
1181,1.673899,0.0745
1182,1.660070,0.0752
1183,1.672083,0.0752
1184,1.662179,0.0752
1185,1.648029,0.0752
1186,1.669000,0.0752
1187,1.653958,0.0752
1188,1.676093,0.0752
1189,1.683294,0.0752
1190,1.674630,0.0752
1191,1.718753,0.0753
1192,1.747981,0.0752
1193,1.769158,0.0753
1194,1.768698,0.0752
1195,1.761369,0.0753
1196,1.788943,0.0753
1197,1.783076,0.0753
1198,1.779377,0.0760
1199,1.787950,0.0753
1200,1.776327,0.0752
1201,1.765765,0.0751
1202,1.789234,0.0752
1203,1.768124,0.0752
1204,1.761874,0.0752
1205,1.750732,0.0745
1206,1.729862,0.0745
1207,1.746679,0.0745
1208,1.748014,0.0746
1209,1.709467,0.0746
1210,1.714181,0.0746
1211,1.712925,0.0747
1212,1.693604,0.0748
1213,1.685675,0.0748
1214,1.668256,0.0749
1215,1.670373,0.0747
1216,1.664630,0.0744
1217,1.652459,0.0749
1218,1.645502,0.0749
1219,1.676626,0.0750
1220,1.661152,0.0749
1221,1.661401,0.0749
1222,1.632425,0.0751
1223,1.623138,0.0750
1224,1.620875,0.0751
1225,1.635516,0.0750
1226,1.667969,0.0744
1227,1.688546,0.0745
1228,1.694232,0.0744
1229,1.697041,0.0744
1230,1.695850,0.0744
1231,1.671315,0.0744
1232,1.650967,0.0752
1233,1.645601,0.0754
1234,1.626266,0.0753
1235,1.631226,0.0753
1236,1.618522,0.0752
1237,1.613291,0.0758
1238,1.599393,0.0757
1239,1.598258,0.0757
1240,1.600875,0.0757
1241,1.576224,0.0757
1242,1.580528,0.0744
1243,1.575450,0.0744
1244,1.585316,0.0744
1245,1.567312,0.0745
1246,1.568318,0.0744
1247,1.569693,0.0745
1248,1.562861,0.0744
1249,1.562232,0.0745
1250,1.567802,0.0748
1251,1.576719,0.0746
1252,1.556885,0.0746
1253,1.561539,0.0746
1254,1.570654,0.0752
1255,1.563718,0.0753
1256,1.571040,0.0752
1257,1.573636,0.0753
1258,1.566795,0.0759
1259,1.549842,0.0760
1260,1.559947,0.0760
1261,1.558791,0.0760
1262,1.547311,0.0761
1263,1.550370,0.0761
1264,1.565008,0.0761
1265,1.580437,0.0760
1266,1.589208,0.0760
1267,1.604869,0.0760
1268,1.608835,0.0758
1269,1.593770,0.0757
1270,1.594399,0.0758
1271,1.581336,0.0758
1272,1.578358,0.0760
1273,1.563004,0.0760
1274,1.556246,0.0761
1275,1.547814,0.0761
1276,1.540439,0.0762
1277,1.540441,0.0763
1278,1.565731,0.0763
1279,1.591977,0.0766
1280,1.643985,0.0766
1281,1.662194,0.0767
1282,1.691417,0.0768
1283,1.686908,0.0768
1284,1.695899,0.0769
1285,1.674391,0.0771
1286,1.674892,0.0771
1287,1.658067,0.0787
1288,1.626591,0.0797
1289,1.598561,0.0790
1290,1.587975,0.0790
1291,1.569960,0.0792
1292,1.559109,0.0793
1293,1.568750,0.0794
1294,1.565168,0.0796
1295,1.564824,0.0799
1296,1.561850,0.0799
1297,1.538287,0.0801
1298,1.547243,0.0802
1299,1.562324,0.0802
1300,1.570959,0.0802
1301,1.568665,0.0802
1302,1.550747,0.0802
1303,1.560016,0.0802
1304,1.573254,0.0802
1305,1.580996,0.0803
1306,1.570371,0.0802
1307,1.586206,0.0802
1308,1.581491,0.0806
1309,1.559574,0.0803
1310,1.556785,0.0802
1311,1.538879,0.0802
1312,1.535843,0.0802
1313,1.522709,0.0802
1314,1.519933,0.0802
1315,1.525879,0.0788
1316,1.510634,0.0787
1317,1.508428,0.0787
1318,1.490190,0.0788
1319,1.484073,0.0788
1320,1.468014,0.0787
1321,1.487708,0.0787
1322,1.522086,0.0787
1323,1.527346,0.0786
1324,1.545918,0.0786
1325,1.552237,0.0786
1326,1.568634,0.0787
1327,1.560668,0.0788
1328,1.558747,0.0787
1329,1.574277,0.0786
1330,1.560053,0.0787
1331,1.563697,0.0786
1332,1.570028,0.0786
1333,1.553936,0.0786
1334,1.535246,0.0787
1335,1.537179,0.0786
1336,1.530107,0.0786
1337,1.519866,0.0786
1338,1.515943,0.0787
1339,1.513101,0.0787
1340,1.512296,0.0788
1341,1.507486,0.0787
1342,1.511006,0.0787
1343,1.509649,0.0787
1344,1.488654,0.0787
1345,1.453551,0.0787
1346,1.464728,0.0787
1347,1.467305,0.0791
1348,1.459859,0.0788
1349,1.461003,0.0787
1350,1.458575,0.0787
1351,1.471577,0.0787
1352,1.488682,0.0787
1353,1.485915,0.0787
1354,1.475487,0.0788
1355,1.513177,0.0787
1356,1.517635,0.0788
1357,1.522854,0.0787
1358,1.510266,0.0787
1359,1.500684,0.0787
1360,1.506027,0.0788
1361,1.517779,0.0788
1362,1.543492,0.0788
1363,1.560698,0.0787
1364,1.537459,0.0788
1365,1.512521,0.0787
1366,1.495727,0.0788
1367,1.486728,0.0789
1368,1.477616,0.0787
1369,1.497070,0.0788
1370,1.476802,0.0787
1371,1.463555,0.0788
1372,1.448194,0.0787
1373,1.437826,0.0788
1374,1.442662,0.0788
1375,1.445972,0.0787
1376,1.440678,0.0787
1377,1.415307,0.0787
1378,1.443186,0.0788
1379,1.448530,0.0787
1380,1.457604,0.0788
1381,1.475139,0.0788
1382,1.484255,0.0803
1383,1.502381,0.0803
1384,1.497175,0.0802
1385,1.485403,0.0802
1386,1.482195,0.0803
1387,1.502851,0.0803
1388,1.499831,0.0803
1389,1.496511,0.0803
1390,1.483519,0.0803
1391,1.479678,0.0811
1392,1.483474,0.0803
1393,1.476277,0.0803
1394,1.471620,0.0802
1395,1.478424,0.0802
1396,1.520301,0.0802
1397,1.531260,0.0803
1398,1.562130,0.0804
1399,1.558856,0.0808
1400,1.542511,0.0783
1401,1.530646,0.0783
1402,1.528759,0.0784
1403,1.525050,0.0783
1404,1.530529,0.0783
1405,1.515184,0.0784
1406,1.518310,0.0783
1407,1.507981,0.0790
1408,1.505270,0.0790
1409,1.501286,0.0790
1410,1.494728,0.0790
1411,1.478035,0.0790
1412,1.463941,0.0790
1413,1.438078,0.0790
1414,1.429166,0.0794
1415,1.412785,0.0790
1416,1.381110,0.0790
1417,1.391288,0.0790
1418,1.389784,0.0790
1419,1.409638,0.0783
1420,1.415111,0.0783
1421,1.428007,0.0783
1422,1.441822,0.0783
1423,1.418651,0.0783
1424,1.437425,0.0783
1425,1.439260,0.0784
1426,1.432193,0.0783
1427,1.412870,0.0783
1428,1.402702,0.0783
1429,1.401221,0.0783
1430,1.388047,0.0807
1431,1.384321,0.0807
1432,1.376878,0.0807
1433,1.375674,0.0807
1434,1.380776,0.0807
1435,1.396560,0.0807
1436,1.386831,0.0807
1437,1.357644,0.0807
1438,1.385415,0.0809
1439,1.414445,0.0792
1440,1.411609,0.0792
1441,1.422970,0.0792
1442,1.432353,0.0792
1443,1.432420,0.0792
1444,1.436474,0.0792
1445,1.452073,0.0792
1446,1.462997,0.0792
1447,1.456552,0.0792
1448,1.474254,0.0792
1449,1.463211,0.0792
1450,1.474923,0.0792
1451,1.467189,0.0792
1452,1.466223,0.0792
1453,1.471252,0.0792
1454,1.471096,0.0792
1455,1.496479,0.0792
1456,1.479847,0.0792
1457,1.478559,0.0792
1458,1.474157,0.0792
1459,1.453848,0.0792
1460,1.426923,0.0792
1461,1.443852,0.0793
1462,1.451789,0.0797
1463,1.425833,0.0792
1464,1.408860,0.0792
1465,1.402237,0.0792
1466,1.405165,0.0792
1467,1.418252,0.0790
1468,1.431211,0.0790
1469,1.427476,0.0790
1470,1.428866,0.0790
1471,1.433780,0.0791
1472,1.427386,0.0790
1473,1.420856,0.0790
1474,1.412647,0.0792
1475,1.421603,0.0792
1476,1.413829,0.0792
1477,1.406718,0.0792
1478,1.404573,0.0792
1479,1.412252,0.0793
1480,1.398902,0.0792
1481,1.388820,0.0792
1482,1.382017,0.0791
1483,1.383329,0.0791
1484,1.372701,0.0790
1485,1.354983,0.0792
1486,1.357263,0.0790
1487,1.354439,0.0791
1488,1.346681,0.0790
1489,1.330713,0.0791
1490,1.325596,0.0791
1491,1.315757,0.0790
1492,1.305571,0.0790
1493,1.357172,0.0791
1494,1.359808,0.0790
1495,1.382037,0.0790
1496,1.393968,0.0790
1497,1.381765,0.0790
1498,1.370297,0.0790
1499,1.391125,0.0791
1500,1.404351,0.0790
1501,1.408015,0.0789
1502,1.396734,0.0790
1503,1.443050,0.0790
1504,1.444368,0.0791
1505,1.435886,0.0790
1506,1.411292,0.0790
1507,1.404913,0.0790
1508,1.398608,0.0790
1509,1.371971,0.0790
1510,1.402086,0.0791
1511,1.413619,0.0790
1512,1.418863,0.0792
1513,1.420793,0.0793
1514,1.441061,0.0800
1515,1.437598,0.0792
1516,1.428565,0.0792
1517,1.405163,0.0792
1518,1.414164,0.0793
1519,1.411622,0.0792
1520,1.402297,0.0792
1521,1.395503,0.0792
1522,1.392360,0.0792
1523,1.375113,0.0793
1524,1.383971,0.0793
1525,1.401376,0.0792
1526,1.427534,0.0784
1527,1.427737,0.0807
1528,1.428512,0.0808
1529,1.421971,0.0807
1530,1.408492,0.0807
1531,1.379837,0.0807
1532,1.363208,0.0808
1533,1.352344,0.0807
1534,1.339777,0.0807
1535,1.333374,0.0807
1536,1.318952,0.0807
1537,1.324268,0.0808
1538,1.330018,0.0807
1539,1.336043,0.0807
1540,1.328372,0.0808
1541,1.326032,0.0807
1542,1.330224,0.0811
1543,1.315389,0.0807
1544,1.310553,0.0808
1545,1.303894,0.0807
1546,1.287985,0.0808
1547,1.326232,0.0808
1548,1.334617,0.0808
1549,1.350551,0.0808
1550,1.343308,0.0808
1551,1.346404,0.0807
1552,1.348275,0.0808
1553,1.361468,0.0808
1554,1.384835,0.0808
1555,1.366340,0.0807
1556,1.379206,0.0808
1557,1.394911,0.0808
1558,1.413418,0.0808
1559,1.404406,0.0808
1560,1.387034,0.0808
1561,1.381269,0.0808
1562,1.378024,0.0808
1563,1.359780,0.0807
1564,1.357821,0.0807
1565,1.356677,0.0807
1566,1.338375,0.0808
1567,1.341788,0.0807
1568,1.348809,0.0808
1569,1.346429,0.0808
1570,1.345306,0.0810
1571,1.324862,0.0808
1572,1.303993,0.0808
1573,1.316534,0.0807
1574,1.305517,0.0808
1575,1.310954,0.0808
1576,1.294978,0.0808
1577,1.307512,0.0807
1578,1.318831,0.0808
1579,1.309043,0.0807
1580,1.330633,0.0807
1581,1.331869,0.0807
1582,1.363956,0.0807
1583,1.375113,0.0808
1584,1.370162,0.0808
1585,1.364052,0.0785
1586,1.352257,0.0786
1587,1.331205,0.0787
1588,1.306774,0.0786
1589,1.298821,0.0787
1590,1.287278,0.0787
1591,1.260850,0.0787
1592,1.250604,0.0787
1593,1.235197,0.0811
1594,1.234867,0.0810
1595,1.241735,0.0811
1596,1.246291,0.0810
1597,1.241367,0.0811
1598,1.249730,0.0815
1599,1.240714,0.0811
1600,1.242445,0.0811
1601,1.240164,0.0811
1602,1.239346,0.0811
1603,1.226567,0.0812
1604,1.225317,0.0797
1605,1.229879,0.0797
1606,1.245056,0.0796
1607,1.243596,0.0798
1608,1.301425,0.0798
1609,1.347455,0.0797
1610,1.368458,0.0812
1611,1.353923,0.0812
1612,1.348282,0.0812
1613,1.343559,0.0812
1614,1.331237,0.0812
1615,1.320258,0.0813
1616,1.307470,0.0812
1617,1.304953,0.0807
1618,1.296192,0.0813
1619,1.287606,0.0813
1620,1.275594,0.0813
1621,1.262482,0.0813
1622,1.266513,0.0813
1623,1.270017,0.0814
1624,1.275711,0.0814
1625,1.273697,0.0800
1626,1.266350,0.0801
1627,1.256707,0.0800
1628,1.260122,0.0800
1629,1.251422,0.0800
1630,1.241680,0.0791
1631,1.253584,0.0791
1632,1.246167,0.0792
1633,1.246070,0.0794
1634,1.234677,0.0794
1635,1.233706,0.0794
1636,1.211491,0.0799
1637,1.234527,0.0797
1638,1.233804,0.0796
1639,1.235561,0.0794
1640,1.237671,0.0798
1641,1.244219,0.0803
1642,1.233771,0.0803
1643,1.243790,0.0804
1644,1.256191,0.0803
1645,1.254274,0.0801
1646,1.253416,0.0797
1647,1.253014,0.0797
1648,1.232455,0.0797
1649,1.222913,0.0795
1650,1.210121,0.0794
1651,1.198214,0.0795
1652,1.201806,0.0795
1653,1.197567,0.0795
1654,1.188208,0.0795
1655,1.173022,0.0795
1656,1.206469,0.0800
1657,1.218811,0.0796
1658,1.227479,0.0819
1659,1.237190,0.0821
1660,1.249714,0.0828
1661,1.274950,0.0821
1662,1.284311,0.0821
1663,1.303360,0.0821
1664,1.319957,0.0821
1665,1.314895,0.0822
1666,1.301620,0.0807
1667,1.294259,0.0810
1668,1.299279,0.0812
1669,1.311004,0.0808
1670,1.294700,0.0808
1671,1.294570,0.0809
1672,1.275472,0.0812
1673,1.263018,0.0809
1674,1.251333,0.0810
1675,1.255627,0.0810
1676,1.247915,0.0810
1677,1.237103,0.0811
1678,1.219529,0.0815
1679,1.236065,0.0816
1680,1.244296,0.0812
1681,1.237489,0.0813
1682,1.234180,0.0818
1683,1.234689,0.0819
1684,1.246984,0.0814
1685,1.238745,0.0814
1686,1.239754,0.0818
1687,1.230926,0.0815
1688,1.232232,0.0820
1689,1.243144,0.0816
1690,1.238027,0.0822
1691,1.232689,0.0819
1692,1.251301,0.0829
1693,1.245571,0.0833
1694,1.230089,0.0829
1695,1.207148,0.0832
1696,1.205222,0.0832
1697,1.205866,0.0843
1698,1.200544,0.0836
1699,1.200830,0.0826
1700,1.193048,0.0837
1701,1.216514,0.0830
1702,1.225501,0.0829
1703,1.231420,0.0831
1704,1.259560,0.0826
1705,1.267612,0.0829
1706,1.273642,0.0830
1707,1.277248,0.0837
1708,1.278294,0.0830
1709,1.285190,0.0830
1710,1.276303,0.0837
1711,1.265294,0.0836
1712,1.233936,0.0836
1713,1.225212,0.0836
1714,1.218612,0.0836
1715,1.253281,0.0837
1716,1.275528,0.0830
1717,1.284965,0.0830
1718,1.268659,0.0830
1719,1.236213,0.0831
1720,1.233353,0.0830
1721,1.231682,0.0829
1722,1.235592,0.0831
1723,1.245818,0.0831
1724,1.242622,0.0833
1725,1.242311,0.0843
1726,1.237208,0.0831
1727,1.222660,0.0836
1728,1.219443,0.0832
1729,1.214100,0.0831
1730,1.204526,0.0831
1731,1.206202,0.0831
1732,1.203216,0.0836
1733,1.186265,0.0833
1734,1.179430,0.0836
1735,1.173550,0.0837
1736,1.187260,0.0836
1737,1.177531,0.0843
1738,1.178299,0.0836
1739,1.160701,0.0837
1740,1.154494,0.0837
1741,1.166298,0.0836
1742,1.164358,0.0829
1743,1.140616,0.0830
1744,1.152828,0.0838
1745,1.149355,0.0829
1746,1.144208,0.0838
1747,1.136566,0.0836
1748,1.132020,0.0831
1749,1.143699,0.0836
1750,1.139857,0.0830
1751,1.139827,0.0837
1752,1.144185,0.0831
1753,1.145386,0.0838
1754,1.140353,0.0836
1755,1.129925,0.0837
1756,1.118097,0.0831
1757,1.118945,0.0832
1758,1.126261,0.0832
1759,1.112010,0.0832
1760,1.102200,0.0831
1761,1.120080,0.0832
1762,1.126837,0.0829
1763,1.145404,0.0837
1764,1.137096,0.0833
1765,1.141530,0.0833
1766,1.145561,0.0833
1767,1.141772,0.0832
1768,1.143916,0.0837
1769,1.149611,0.0835
1770,1.135974,0.0824
1771,1.115447,0.0833
1772,1.149512,0.0860
1773,1.170737,0.0824
1774,1.190832,0.0839
1775,1.196219,0.0832
1776,1.207256,0.0832
1777,1.212062,0.0832
1778,1.208421,0.0831
1779,1.229138,0.0847
1780,1.240824,0.0841
1781,1.252754,0.0832
1782,1.254694,0.0838
1783,1.249667,0.0832
1784,1.234394,0.0831
1785,1.243169,0.0842
1786,1.242254,0.0843
1787,1.240530,0.0831
1788,1.226095,0.0831
1789,1.240739,0.0831
1790,1.231553,0.0827
1791,1.228564,0.0834
1792,1.215803,0.0831
1793,1.208256,0.0831
1794,1.209146,0.0843
1795,1.201374,0.0835
1796,1.196099,0.0841
1797,1.176418,0.0847
1798,1.201692,0.0853
1799,1.181675,0.0853
1800,1.193532,0.0853
1801,1.182015,0.0869
1802,1.159240,0.0870
1803,1.183830,0.0843
1804,1.183112,0.0871
1805,1.173324,0.0871
1806,1.173288,0.0840
1807,1.171879,0.0840
1808,1.176677,0.0844
1809,1.167607,0.0838
1810,1.172010,0.0838
1811,1.138065,0.0866
1812,1.168586,0.0871
1813,1.169881,0.0841
1814,1.186176,0.0832
1815,1.198405,0.0853
1816,1.203610,0.0841
1817,1.192770,0.0841
1818,1.192661,0.0853
1819,1.199817,0.0833
1820,1.193215,0.0843
1821,1.173804,0.0855
1822,1.168388,0.0855
1823,1.155749,0.0855
1824,1.148746,0.0851
1825,1.138590,0.0856
1826,1.116391,0.0855
1827,1.124748,0.0856
1828,1.123317,0.0863
1829,1.127198,0.0855
1830,1.141688,0.0855
1831,1.142233,0.0859
1832,1.146802,0.0859
1833,1.153689,0.0855
1834,1.157014,0.0855
1835,1.176877,0.0855
1836,1.200084,0.0855
1837,1.220849,0.0855
1838,1.236397,0.0855
1839,1.242918,0.0855
1840,1.247514,0.0855
1841,1.236089,0.0855
1842,1.226595,0.0855
1843,1.232337,0.0856
1844,1.228035,0.0855
1845,1.211082,0.0856
1846,1.211190,0.0856
1847,1.212980,0.0856
1848,1.208667,0.0853
1849,1.198048,0.0857
1850,1.196284,0.0858
1851,1.180880,0.0867
1852,1.157738,0.0869
1853,1.157669,0.0834
1854,1.157826,0.0836
1855,1.147208,0.0854
1856,1.148400,0.0864
1857,1.136943,0.0863
1858,1.125163,0.0857
1859,1.133180,0.0863
1860,1.134585,0.0859
1861,1.121108,0.0865
1862,1.122640,0.0859
1863,1.127909,0.0869
1864,1.135408,0.0874
1865,1.123199,0.0871
1866,1.115485,0.0872
1867,1.107093,0.0864
1868,1.132900,0.0867
1869,1.135899,0.0879
1870,1.154540,0.0886
1871,1.153132,0.0882
1872,1.163956,0.0881
1873,1.183541,0.0890
1874,1.177169,0.0906
1875,1.180019,0.0905
1876,1.186441,0.0907
1877,1.195509,0.0911
1878,1.192688,0.0911
1879,1.173784,0.0911
1880,1.173178,0.0911
1881,1.167473,0.0911
1882,1.170851,0.0912
1883,1.173445,0.0881
1884,1.162924,0.0885
1885,1.159850,0.0882
1886,1.145349,0.0900
1887,1.140903,0.0900
1888,1.132123,0.0900
1889,1.143415,0.0908
1890,1.147881,0.0908
1891,1.137933,0.0908
1892,1.141900,0.0908
1893,1.131616,0.0912
1894,1.131082,0.0911
1895,1.132742,0.0893
1896,1.114167,0.0913
1897,1.107706,0.0913
1898,1.117970,0.0893
1899,1.136200,0.0913
1900,1.137896,0.0913
1901,1.123925,0.0915
1902,1.134242,0.0914
1903,1.136321,0.0913
1904,1.125740,0.0913
1905,1.127420,0.0913
1906,1.115562,0.0913
1907,1.113168,0.0913
1908,1.103193,0.0904
1909,1.081195,0.0883
1910,1.070347,0.0871
1911,1.078816,0.0890
1912,1.074748,0.0889
1913,1.085107,0.0902
1914,1.079704,0.0884
1915,1.069176,0.0865
1916,1.062669,0.0902
1917,1.052316,0.0932
1918,1.053257,0.0884
1919,1.046751,0.0902
1920,1.049582,0.0902
1921,1.035126,0.0896
1922,1.050513,0.0896
1923,1.065717,0.0895
1924,1.062725,0.0895
1925,1.077196,0.0896
1926,1.103300,0.0896
1927,1.103774,0.0896
1928,1.100941,0.0879
1929,1.095509,0.0896
1930,1.092302,0.0878
1931,1.092068,0.0896
1932,1.086481,0.0896
1933,1.081032,0.0896
1934,1.088195,0.0904
1935,1.086924,0.0905
1936,1.084355,0.0904
1937,1.089405,0.0890
1938,1.075671,0.0908
1939,1.079671,0.0909
1940,1.066599,0.0883
1941,1.054605,0.0927
1942,1.046166,0.0883
1943,1.042191,0.0909
1944,1.049943,0.0897
1945,1.056672,0.0897
1946,1.055574,0.0897
1947,1.057650,0.0905
1948,1.048588,0.0906
1949,1.051977,0.0905
1950,1.048870,0.0905
1951,1.058487,0.0910
1952,1.048923,0.0909
1953,1.060966,0.0909
1954,1.081628,0.0909
1955,1.092524,0.0897
1956,1.114395,0.0897
1957,1.121093,0.0884
1958,1.134109,0.0884
1959,1.133935,0.0899
1960,1.140812,0.0898
1961,1.123537,0.0898
1962,1.111024,0.0906
1963,1.104925,0.0905
1964,1.107741,0.0906
1965,1.104912,0.0906
1966,1.100533,0.0910
1967,1.098629,0.0910
1968,1.091838,0.0911
1969,1.069029,0.0891
1970,1.048800,0.0910
1971,1.036288,0.0910
1972,1.035517,0.0892
1973,1.043119,0.0911
1974,1.046668,0.0911
1975,1.026494,0.0911
1976,1.016994,0.0912
1977,1.037614,0.0911
1978,1.046313,0.0911
1979,1.068534,0.0912
1980,1.077425,0.0911
1981,1.077196,0.0912
1982,1.081380,0.0912
1983,1.084511,0.0912
1984,1.062832,0.0912
1985,1.071413,0.0889
1986,1.070318,0.0913
1987,1.066185,0.0912
1988,1.062542,0.0892
1989,1.049462,0.0912
1990,1.049183,0.0912
1991,1.052948,0.0913
1992,1.054519,0.0893
1993,1.052306,0.0913
1994,1.063499,0.0913
1995,1.059116,0.0913
1996,1.053708,0.0913
1997,1.063637,0.0913
1998,1.060686,0.0910
1999,1.062929,0.0910
2000,1.070931,0.0910
2001,1.076317,0.0910
2002,1.078895,0.0902
2003,1.079252,0.0902
2004,1.076968,0.0902
2005,1.072443,0.0903
2006,1.075242,0.0902
2007,1.063397,0.0902
2008,1.057088,0.0903
2009,1.037209,0.0904
2010,1.029694,0.0903
2011,1.029298,0.0904
2012,1.012063,0.0903
2013,1.024237,0.0903
2014,1.021191,0.0912
2015,1.030367,0.0916
2016,1.015023,0.0911
2017,1.006434,0.0915
2018,1.004423,0.0914
2019,1.010508,0.0915
2020,1.017744,0.0914
2021,1.026925,0.0915
2022,1.025798,0.0898
2023,1.019318,0.0933
2024,1.026922,0.0899
2025,1.012903,0.0878
2026,1.000276,0.0879
2027,1.002484,0.0933
2028,1.008414,0.0879
2029,1.007284,0.0901
2030,1.004122,0.0901
2031,1.003042,0.0901
2032,1.007833,0.0901
2033,0.996528,0.0935
2034,1.032851,0.0906
2035,1.050214,0.0905
2036,1.061097,0.0905
2037,1.068639,0.0906
2038,1.071482,0.0906
2039,1.074048,0.0906
2040,1.074447,0.0914
2041,1.083749,0.0914
2042,1.086151,0.0914
2043,1.089750,0.0914
2044,1.074831,0.0917
2045,1.085174,0.0897
2046,1.083618,0.0918
2047,1.084233,0.0918
2048,1.082743,0.0936
2049,1.066915,0.0889
2050,1.051283,0.0937
2051,1.078185,0.0937
2052,1.086394,0.0902
2053,1.093998,0.0897
2054,1.090389,0.0936
2055,1.086589,0.0897
2056,1.100453,0.0897
2057,1.088735,0.0938
2058,1.079807,0.0889
2059,1.087962,0.0890
2060,1.090735,0.0937
2061,1.091407,0.0897
2062,1.093129,0.0868
2063,1.087412,0.0937
2064,1.076909,0.0890
2065,1.078212,0.0890
2066,1.078682,0.0915
2067,1.082721,0.0890
2068,1.092084,0.0937
2069,1.107438,0.0890
2070,1.107864,0.0938
2071,1.102470,0.0869
2072,1.100752,0.0895
2073,1.090795,0.0919
2074,1.092467,0.0920
2075,1.099116,0.0919
2076,1.093035,0.0920
2077,1.085588,0.0920
2078,1.067357,0.0919
2079,1.075103,0.0891
2080,1.068031,0.0974
2081,1.055048,0.0896
2082,1.055763,0.0938
2083,1.070889,0.0891
2084,1.048564,0.0895
2085,1.037793,0.0895
2086,1.030121,0.0890
2087,1.034745,0.0890
2088,1.016695,0.0890
2089,1.015394,0.0909
2090,1.042244,0.0890
2091,1.052751,0.0938
2092,1.058298,0.0938
2093,1.059676,0.0908
2094,1.056609,0.0908
2095,1.033242,0.0910
2096,1.031640,0.0909
2097,1.041252,0.0908
2098,1.050925,0.0908
2099,1.034087,0.0910
2100,1.026763,0.0908
2101,1.029929,0.0908
2102,1.028596,0.0908
2103,1.033781,0.0908
2104,1.035180,0.0908
2105,1.021338,0.0908
2106,1.012263,0.0909
2107,1.001352,0.0909
2108,1.017788,0.0909
2109,1.025968,0.0908
2110,1.055340,0.0908
2111,1.072385,0.0887
2112,1.083212,0.0908
2113,1.084837,0.0909
2114,1.085634,0.0908
2115,1.089836,0.0909
2116,1.085333,0.0908
2117,1.086017,0.0909
2118,1.083236,0.0916
2119,1.073445,0.0894
2120,1.076459,0.0916
2121,1.071988,0.0894
2122,1.063993,0.0916
2123,1.075078,0.0916
2124,1.074357,0.0916
2125,1.078365,0.0898
2126,1.072975,0.0920
2127,1.058696,0.0920
2128,1.067401,0.0920
2129,1.053137,0.0920
2130,1.046524,0.0920
2131,1.030023,0.0920
2132,1.025538,0.0920
2133,1.019267,0.0890
2134,1.025150,0.0869
2135,1.028865,0.0891
2136,1.025522,0.0869
2137,1.031017,0.0939
2138,1.041748,0.0890
2139,1.036651,0.0938
2140,1.038555,0.0909
2141,1.039509,0.0909
2142,1.035640,0.0912
2143,1.028441,0.0886
2144,1.017857,0.0909
2145,1.023044,0.0917
2146,1.024125,0.0917
2147,1.025895,0.0917
2148,1.022046,0.0917
2149,1.025703,0.0917
2150,1.034937,0.0920
2151,1.024589,0.0922
2152,1.014507,0.0921
2153,1.017771,0.0922
2154,1.018728,0.0922
2155,0.996990,0.0892
2156,1.005756,0.0939
2157,1.002664,0.0902
2158,1.011554,0.0901
2159,1.018469,0.0941
2160,1.028069,0.0901
2161,1.024290,0.0902
2162,1.011580,0.0872
2163,1.012933,0.0940
2164,1.012823,0.0901
2165,1.020242,0.0901
2166,1.008330,0.0893
2167,0.994376,0.0894
2168,0.993365,0.0893
2169,0.976440,0.0870
2170,0.971858,0.0941
2171,0.968004,0.0918
2172,0.983139,0.0894
2173,0.991931,0.0894
2174,0.979440,0.0893
2175,1.016240,0.0942
2176,1.034880,0.0942
2177,1.046662,0.0896
2178,1.054039,0.0872
2179,1.064255,0.0895
2180,1.073823,0.0920
2181,1.074144,0.0920
2182,1.079586,0.0920
2183,1.084325,0.0919
2184,1.094031,0.0897
2185,1.098367,0.0920
2186,1.109398,0.0896
2187,1.107970,0.0920
2188,1.120486,0.0921
2189,1.114539,0.0921
2190,1.106452,0.0922
2191,1.094188,0.0922
2192,1.077547,0.0922
2193,1.068151,0.0923
2194,1.053546,0.0922
2195,1.025287,0.0923
2196,1.050769,0.0923
2197,1.055241,0.0924
2198,1.057299,0.0924
2199,1.051864,0.0925
2200,1.043047,0.0926
2201,1.052170,0.0924
2202,1.047014,0.0925
2203,1.038966,0.0925
2204,1.034835,0.0925
2205,1.046024,0.0899
2206,1.056180,0.0926
2207,1.046045,0.0926
2208,1.049150,0.0926
2209,1.053829,0.0927
2210,1.050470,0.0926
2211,1.044398,0.0957
2212,1.041545,0.0930
2213,1.039686,0.0912
2214,1.034688,0.0912
2215,1.042451,0.0913
2216,1.020291,0.0959
2217,1.023422,0.0959
2218,1.019857,0.0959
2219,1.017767,0.0915
2220,1.018977,0.0918
2221,1.019319,0.0944
2222,1.038685,0.0943
2223,1.038674,0.0945
2224,1.036657,0.0946
2225,1.028691,0.0916
2226,1.028220,0.0947
2227,1.023001,0.0947
2228,1.027921,0.0948
2229,1.019998,0.0949
2230,1.005820,0.0950
2231,1.002681,0.0950
2232,0.993195,0.0950
2233,0.976670,0.0958
2234,0.972268,0.0956
2235,0.962374,0.0951
2236,0.938889,0.0953
2237,0.937199,0.0953
2238,0.938306,0.0953
2239,0.938454,0.0955
2240,0.939670,0.0955
2241,0.937989,0.0923
2242,0.938601,0.0956
2243,0.940822,0.0925
2244,0.944433,0.0956
2245,0.946211,0.0926
2246,0.945289,0.0958
2247,0.945086,0.0960
2248,0.940710,0.0956
2249,0.941081,0.0957
2250,0.945262,0.0957
2251,0.954765,0.0958
2252,0.954078,0.0957
2253,0.952456,0.0960
2254,0.953816,0.0927
2255,0.951807,0.0960
2256,0.947974,0.0961
2257,0.948710,0.0929
2258,0.930151,0.0963
2259,0.953366,0.0964
2260,0.963112,0.0958
2261,0.973469,0.0960
2262,0.970272,0.0960
2263,0.971635,0.0959
2264,0.965613,0.0962
2265,0.962458,0.0952
2266,0.963333,0.0923
2267,0.971340,0.0953
2268,0.962233,0.0991
2269,0.957523,0.0954
2270,0.950933,0.0974
2271,0.947411,0.0975
2272,0.938975,0.0948
2273,0.935369,0.0977
2274,0.933481,0.0977
2275,0.937629,0.0974
2276,0.934160,0.0974
2277,0.927370,0.0976
2278,0.917348,0.0976
2279,0.911791,0.0971
2280,0.906942,0.0943
2281,0.907920,0.0954
2282,0.908561,0.0974
2283,0.903727,0.0967
2284,0.905080,0.0999
2285,0.917195,0.0975
2286,0.921535,0.0974
2287,0.912216,0.0953
2288,0.926092,0.0969
2289,0.942294,0.1003
2290,0.930817,0.1002
2291,0.936870,0.0998
2292,0.951882,0.0988
2293,0.945328,0.0971
2294,0.947122,0.1004
2295,0.943106,0.0972
2296,0.959061,0.0975
2297,0.978691,0.1006
2298,0.994394,0.0977
2299,0.989731,0.1007
2300,1.007439,0.0975
2301,1.014416,0.0979
2302,1.013428,0.1010
2303,0.997598,0.1010
2304,0.985840,0.1008
2305,0.984422,0.0980
2306,0.987243,0.0978
2307,0.994476,0.0979
2308,0.997342,0.1003
2309,0.988327,0.1005
2310,1.010617,0.1005
2311,1.003151,0.1005
2312,1.024608,0.1009
2313,1.026788,0.1009
2314,1.028198,0.1009
2315,1.048141,0.1012
2316,1.049059,0.1014
2317,1.040411,0.1002
2318,1.027305,0.1004
2319,1.023909,0.1006
2320,1.009951,0.1005
2321,1.027462,0.1000
2322,1.017701,0.1003
2323,1.014423,0.1001
2324,1.021453,0.1005
2325,1.014139,0.1001
2326,1.008118,0.1006
2327,1.007525,0.1006
2328,1.004924,0.1009
2329,1.002266,0.0986
2330,1.000689,0.1007
2331,0.986915,0.1007
2332,0.976135,0.0988
2333,0.978636,0.1008
2334,0.972883,0.0998
2335,0.970109,0.0999
2336,0.978396,0.1011
2337,0.981351,0.1011
2338,0.989618,0.1012
2339,0.992761,0.1011
2340,0.992647,0.1012
2341,0.992266,0.1013
2342,0.998138,0.1000
2343,0.997848,0.1005
2344,1.005198,0.1019
2345,0.999643,0.1009
2346,0.996741,0.1021
2347,0.985580,0.1009
2348,0.979460,0.1034
2349,0.974584,0.1031
2350,0.956617,0.1031
2351,0.961360,0.1030
2352,0.952008,0.1040
2353,0.949100,0.1023
2354,0.952850,0.1042
2355,0.958645,0.1042
2356,0.947197,0.1024
2357,0.951812,0.1042
2358,0.954060,0.1055
2359,0.944099,0.1043
2360,0.945550,0.1065
2361,0.952693,0.1045
2362,0.968059,0.1043
2363,0.964661,0.1070
2364,0.972227,0.1049
2365,0.968855,0.1064
2366,0.967344,0.1079
2367,0.953132,0.1062
2368,0.948761,0.1083
2369,0.950359,0.1094
2370,0.934477,0.1078
2371,0.924142,0.1076
2372,0.922525,0.1087
2373,0.928738,0.1098
2374,0.923400,0.1103
2375,0.918019,0.1082
2376,0.922240,0.1084
2377,0.930353,0.1069
2378,0.920861,0.1071
2379,0.912093,0.1073
2380,0.941352,0.1086
2381,0.948861,0.1081
2382,0.969510,0.1072
2383,0.962528,0.1085
2384,0.970882,0.1072
2385,0.976024,0.1085
2386,0.984768,0.1070
2387,0.973950,0.1073
2388,0.971548,0.1088
2389,0.971603,0.1102
2390,0.966251,0.1091
2391,0.964742,0.1102
2392,0.955611,0.1089
2393,0.947654,0.1102
2394,0.946569,0.1090
2395,0.947456,0.1089
2396,0.936232,0.1086
2397,0.942824,0.1090
2398,0.949567,0.1076
2399,0.948819,0.1077
2400,0.945424,0.1091
2401,0.930832,0.1077
2402,0.939274,0.1090
2403,0.943045,0.1077
2404,0.940976,0.1087
2405,0.946609,0.1071
2406,0.934864,0.1077
2407,0.928571,0.1091
2408,0.931449,0.1078
2409,0.918634,0.1092
2410,0.905988,0.1090
2411,0.899457,0.1079
2412,0.902179,0.1089
2413,0.904267,0.1088
2414,0.902219,0.1090
2415,0.897398,0.1090
2416,0.884451,0.1090
2417,0.878989,0.1091
2418,0.889193,0.1076
2419,0.888003,0.1093
2420,0.909350,0.1080
2421,0.907492,0.1080
2422,0.900588,0.1090
2423,0.897883,0.1080
2424,0.902675,0.1080
2425,0.904312,0.1094
2426,0.882603,0.1080
2427,0.892674,0.1094
2428,0.900464,0.1080
2429,0.899898,0.1081
2430,0.907956,0.1080
2431,0.922715,0.1094
2432,0.923368,0.1093
2433,0.930231,0.1094
2434,0.941233,0.1096
2435,0.953499,0.1080
2436,0.952933,0.1094
2437,0.971974,0.1081
2438,0.977109,0.1080
2439,0.986711,0.1081
2440,0.990436,0.1079
2441,0.990217,0.1079
2442,0.977458,0.1080
2443,0.971821,0.1080
2444,0.963242,0.1080
2445,0.946883,0.1081
2446,0.942680,0.1093
2447,0.943899,0.1081
2448,0.945296,0.1093
2449,0.956245,0.1082
2450,0.944579,0.1094
2451,0.934273,0.1095
2452,0.931562,0.1090
2453,0.932814,0.1080
2454,0.926501,0.1095
2455,0.936135,0.1095
2456,0.928496,0.1096
2457,0.929871,0.1081
2458,0.929152,0.1095
2459,0.929134,0.1097
2460,0.938401,0.1096
2461,0.949459,0.1082
2462,0.958744,0.1093
2463,0.956304,0.1097
2464,0.949348,0.1100
2465,0.953218,0.1105
2466,0.951922,0.1096
2467,0.935411,0.1095
2468,0.929827,0.1081
2469,0.916309,0.1078
2470,0.900528,0.1095
2471,0.890247,0.1096
2472,0.886074,0.1095
2473,0.884841,0.1096
2474,0.882923,0.1096
2475,0.884061,0.1081
2476,0.882728,0.1083
2477,0.877526,0.1098
2478,0.870665,0.1097
2479,0.872246,0.1082
2480,0.875289,0.1084
2481,0.874705,0.1086
2482,0.875945,0.1099
2483,0.865047,0.1085
2484,0.876528,0.1088
2485,0.882111,0.1080
2486,0.890851,0.1100
2487,0.895141,0.1100
2488,0.905338,0.1100
2489,0.905643,0.1090
2490,0.901615,0.1103
2491,0.909531,0.1104
2492,0.919426,0.1090
2493,0.928148,0.1088
2494,0.925516,0.1091
2495,0.932618,0.1105
2496,0.939760,0.1091
2497,0.945520,0.1106
2498,0.942146,0.1106
2499,0.951264,0.1089
2500,0.955267,0.1087
2501,0.949299,0.1090
2502,0.956111,0.1092
2503,0.959070,0.1095
2504,0.962063,0.1095
2505,0.959140,0.1110
2506,0.960765,0.1095
2507,0.967038,0.1095
2508,0.959692,0.1096
2509,0.960159,0.1110
2510,0.949443,0.1110
2511,0.945453,0.1110
2512,0.944505,0.1093
2513,0.945117,0.1107
2514,0.937641,0.1094
2515,0.939562,0.1107
2516,0.935628,0.1107
2517,0.925238,0.1108
2518,0.931620,0.1107
2519,0.927840,0.1106
2520,0.921406,0.1108
2521,0.915966,0.1108
2522,0.909838,0.1110
2523,0.912971,0.1108
2524,0.920905,0.1108
2525,0.913629,0.1095
2526,0.901749,0.1094
2527,0.901013,0.1109
2528,0.890910,0.1108
2529,0.868573,0.1110
2530,0.883482,0.1096
2531,0.893833,0.1105
2532,0.900968,0.1104
2533,0.900758,0.1105
2534,0.899644,0.1108
2535,0.904685,0.1126
2536,0.897659,0.1109
2537,0.905409,0.1127
2538,0.922917,0.1109
2539,0.927543,0.1112
2540,0.923470,0.1097
2541,0.921694,0.1109
2542,0.932835,0.1094
2543,0.922403,0.1112
2544,0.926675,0.1113
2545,0.921182,0.1114
2546,0.912320,0.1100
2547,0.913934,0.1114
2548,0.901708,0.1114
2549,0.908330,0.1100
2550,0.896455,0.1112
2551,0.899915,0.1098
2552,0.885295,0.1098
2553,0.890081,0.1110
2554,0.888047,0.1111
2555,0.884198,0.1101
2556,0.874606,0.1101
2557,0.869520,0.1102
2558,0.864701,0.1111
2559,0.857210,0.1117
2560,0.853834,0.1117
2561,0.848962,0.1105
2562,0.844325,0.1105
2563,0.844674,0.1121
2564,0.843504,0.1109
2565,0.847626,0.1111
2566,0.858018,0.1116
2567,0.847533,0.1109
2568,0.864129,0.1125
2569,0.858626,0.1129
2570,0.861321,0.1113
2571,0.860688,0.1114
2572,0.859147,0.1113
2573,0.854082,0.1125
2574,0.861203,0.1116
2575,0.871153,0.1132
2576,0.873545,0.1132
2577,0.871369,0.1135
2578,0.867074,0.1134
2579,0.857270,0.1122
2580,0.866838,0.1123
2581,0.861505,0.1120
2582,0.856131,0.1125
2583,0.846436,0.1127
2584,0.854557,0.1128
2585,0.859574,0.1128
2586,0.859402,0.1146
2587,0.864626,0.1133
2588,0.876028,0.1150
2589,0.869384,0.1150
2590,0.867973,0.1152
2591,0.864619,0.1141
2592,0.864099,0.1141
2593,0.866449,0.1158
2594,0.860658,0.1143
2595,0.858802,0.1145
2596,0.863110,0.1163
2597,0.857116,0.1164
2598,0.861571,0.1165
2599,0.855437,0.1164
2600,0.846494,0.1150
2601,0.838550,0.1150
2602,0.844724,0.1154
2603,0.844451,0.1153
2604,0.837915,0.1171
2605,0.862225,0.1155
2606,0.858673,0.1175
2607,0.862206,0.1159
2608,0.869181,0.1159
2609,0.871343,0.1177
2610,0.882309,0.1177
2611,0.893625,0.1162
2612,0.907852,0.1167
2613,0.911887,0.1175
2614,0.904448,0.1165
2615,0.898044,0.1167
2616,0.890392,0.1167
2617,0.875570,0.1169
2618,0.875081,0.1168
2619,0.879267,0.1171
2620,0.885272,0.1174
2621,0.889476,0.1190
2622,0.891194,0.1192
2623,0.888170,0.1193
2624,0.885346,0.1196
2625,0.876303,0.1195
2626,0.863199,0.1195
2627,0.853603,0.1198
2628,0.860082,0.1184
2629,0.865747,0.1202
2630,0.855901,0.1184
2631,0.865043,0.1188
2632,0.860344,0.1205
2633,0.870093,0.1191
2634,0.874775,0.1210
2635,0.894041,0.1186
2636,0.917240,0.1195
2637,0.921011,0.1211
2638,0.924642,0.1197
2639,0.940919,0.1214
2640,0.934245,0.1201
2641,0.912373,0.1200
2642,0.900910,0.1201
2643,0.887621,0.1220
2644,0.880713,0.1204
2645,0.864547,0.1222
2646,0.848819,0.1224
2647,0.853805,0.1208
2648,0.848219,0.1210
2649,0.848252,0.1211
2650,0.839696,0.1212
2651,0.855732,0.1218
2652,0.877657,0.1230
2653,0.883997,0.1215
2654,0.884524,0.1231
2655,0.883449,0.1231
2656,0.893828,0.1217
2657,0.897882,0.1218
2658,0.895052,0.1234
2659,0.891906,0.1218
2660,0.887549,0.1220
2661,0.902253,0.1238
2662,0.903017,0.1221
2663,0.898397,0.1223
2664,0.897965,0.1223
2665,0.907395,0.1240
2666,0.907556,0.1226
2667,0.909671,0.1245
2668,0.905570,0.1244
2669,0.893295,0.1230
2670,0.905359,0.1232
2671,0.905963,0.1250
2672,0.901466,0.1235
2673,0.900088,0.1252
2674,0.905587,0.1253
2675,0.898124,0.1240
2676,0.891077,0.1241
2677,0.882571,0.1262
2678,0.875905,0.1268
2679,0.870604,0.1252
2680,0.863319,0.1270
2681,0.859057,0.1256
2682,0.854488,0.1258
2683,0.852442,0.1273
2684,0.860271,0.1275
2685,0.862167,0.1261
2686,0.872218,0.1266
2687,0.880084,0.1266
2688,0.890411,0.1268
2689,0.890862,0.1269
2690,0.899166,0.1269
2691,0.897880,0.1286
2692,0.890271,0.1287
2693,0.886976,0.1290
2694,0.885844,0.1285
2695,0.878807,0.1287
2696,0.886738,0.1275
2697,0.890446,0.1274
2698,0.884427,0.1290
2699,0.888820,0.1291
2700,0.888094,0.1277
2701,0.882013,0.1277
2702,0.875244,0.1278
2703,0.855953,0.1293
2704,0.868381,0.1294
2705,0.879848,0.1280
2706,0.884094,0.1305
2707,0.872786,0.1293
2708,0.868453,0.1305
2709,0.867975,0.1286
2710,0.870266,0.1298
2711,0.868706,0.1301
2712,0.862704,0.1290
2713,0.858589,0.1315
2714,0.858284,0.1310
2715,0.866449,0.1298
2716,0.869058,0.1307
2717,0.872240,0.1307
2718,0.867793,0.1294
2719,0.865239,0.1293
2720,0.864395,0.1309
2721,0.853861,0.1309
2722,0.856387,0.1301
2723,0.858609,0.1313
2724,0.859358,0.1300
2725,0.856964,0.1318
2726,0.842877,0.1302
2727,0.835935,0.1317
2728,0.829786,0.1314
2729,0.828971,0.1313
2730,0.837778,0.1329
2731,0.846917,0.1330
2732,0.852792,0.1330
2733,0.849817,0.1320
2734,0.845777,0.1320
2735,0.852329,0.1334
2736,0.842564,0.1324
2737,0.821641,0.1325
2738,0.840347,0.1338
2739,0.846536,0.1326
2740,0.861719,0.1340
2741,0.859116,0.1331
2742,0.874124,0.1341
2743,0.874353,0.1333
2744,0.880813,0.1333
2745,0.894555,0.1336
2746,0.901116,0.1338
2747,0.901970,0.1352
2748,0.893720,0.1353
2749,0.889416,0.1360
2750,0.892650,0.1362
2751,0.892035,0.1345
2752,0.899945,0.1345
2753,0.891548,0.1355
2754,0.893063,0.1357
2755,0.888540,0.1349
2756,0.890467,0.1351
2757,0.892357,0.1358
2758,0.878573,0.1348
2759,0.886442,0.1364
2760,0.887796,0.1350
2761,0.878870,0.1361
2762,0.878342,0.1364
2763,0.879018,0.1366
2764,0.876000,0.1365
2765,0.885379,0.1366
2766,0.880258,0.1368
2767,0.879660,0.1355
2768,0.883718,0.1365
2769,0.875116,0.1355
2770,0.874305,0.1359
2771,0.870819,0.1358
2772,0.859459,0.1346
2773,0.866280,0.1358
2774,0.869605,0.1346
2775,0.873499,0.1355
2776,0.883987,0.1365
2777,0.888232,0.1348
2778,0.890880,0.1359
2779,0.892352,0.1375
2780,0.887697,0.1348
2781,0.882803,0.1347
2782,0.882129,0.1348
2783,0.878973,0.1364
2784,0.873121,0.1347
2785,0.861130,0.1363
2786,0.880903,0.1362
2787,0.885523,0.1362
2788,0.891950,0.1363
2789,0.904192,0.1363
2790,0.898917,0.1365
2791,0.892437,0.1362
2792,0.863289,0.1365
2793,0.869824,0.1363
2794,0.874662,0.1363
2795,0.863771,0.1354
2796,0.874499,0.1353
2797,0.879877,0.1355
2798,0.878982,0.1364
2799,0.872325,0.1355
2800,0.862774,0.1353
2801,0.851810,0.1354
2802,0.840537,0.1364
2803,0.836116,0.1353
2804,0.835048,0.1352
2805,0.825172,0.1354
2806,0.821522,0.1354
2807,0.819063,0.1361
2808,0.806641,0.1362
2809,0.812770,0.1351
2810,0.818430,0.1362
2811,0.836552,0.1350
2812,0.838708,0.1361
2813,0.843607,0.1350
2814,0.847328,0.1350
2815,0.841468,0.1349
2816,0.834881,0.1350
2817,0.830215,0.1349
2818,0.821536,0.1350
2819,0.816602,0.1361
2820,0.821899,0.1350
2821,0.813487,0.1351
2822,0.816170,0.1361
2823,0.801782,0.1365
2824,0.815665,0.1362
2825,0.833302,0.1352
2826,0.833760,0.1353
2827,0.839629,0.1367
2828,0.849574,0.1364
2829,0.845560,0.1363
2830,0.851189,0.1364
2831,0.844391,0.1363
2832,0.848059,0.1354
2833,0.841201,0.1365
2834,0.834131,0.1353
2835,0.838359,0.1365
2836,0.832685,0.1353
2837,0.828523,0.1355
2838,0.816217,0.1353
2839,0.829135,0.1353
2840,0.838906,0.1361
2841,0.838510,0.1361
2842,0.847028,0.1361
2843,0.851002,0.1361
2844,0.848887,0.1347
2845,0.851739,0.1349
2846,0.840879,0.1349
2847,0.836924,0.1349
2848,0.832456,0.1350
2849,0.822859,0.1351
2850,0.818751,0.1348
2851,0.830726,0.1349
2852,0.838806,0.1350
2853,0.849810,0.1363
2854,0.848997,0.1363
2855,0.841978,0.1354
2856,0.843234,0.1352
2857,0.858851,0.1363
2858,0.866180,0.1354
2859,0.866733,0.1363
2860,0.878745,0.1353
2861,0.881951,0.1364
2862,0.875218,0.1364
2863,0.864749,0.1365
2864,0.855344,0.1353
2865,0.843785,0.1353
2866,0.833342,0.1353
2867,0.831884,0.1365
2868,0.837693,0.1352
2869,0.836073,0.1363
2870,0.840376,0.1355
2871,0.838676,0.1362
2872,0.840870,0.1351
2873,0.836567,0.1350
2874,0.845998,0.1352
2875,0.849811,0.1361
2876,0.848701,0.1358
2877,0.841265,0.1359
2878,0.833110,0.1348
2879,0.837962,0.1359
2880,0.840758,0.1359
2881,0.834556,0.1359
2882,0.833329,0.1348
2883,0.829835,0.1362
2884,0.823813,0.1359
2885,0.813554,0.1349
2886,0.808476,0.1356
2887,0.808475,0.1352
2888,0.796276,0.1365
2889,0.811767,0.1365
2890,0.815639,0.1363
2891,0.828614,0.1367
2892,0.844113,0.1354
2893,0.839634,0.1354
2894,0.846797,0.1354
2895,0.842067,0.1365
2896,0.832614,0.1363
2897,0.835461,0.1363
2898,0.846120,0.1365
2899,0.842489,0.1365
2900,0.838191,0.1364
2901,0.832834,0.1367
2902,0.827835,0.1363
2903,0.824885,0.1365
2904,0.822449,0.1354
2905,0.830848,0.1364
2906,0.833757,0.1357
2907,0.841433,0.1352
2908,0.841034,0.1351
2909,0.849692,0.1355
2910,0.846503,0.1354
2911,0.843420,0.1358
2912,0.829721,0.1355
2913,0.811222,0.1354
2914,0.809455,0.1363
2915,0.809722,0.1346
2916,0.814840,0.1364
2917,0.811930,0.1364
2918,0.806050,0.1363
2919,0.816376,0.1354
2920,0.809573,0.1359
2921,0.809673,0.1360
2922,0.826866,0.1358
2923,0.829873,0.1348
2924,0.827736,0.1360
2925,0.841076,0.1359
2926,0.862672,0.1359
2927,0.870980,0.1359
2928,0.876150,0.1362
2929,0.878358,0.1350
2930,0.878023,0.1348
2931,0.886916,0.1359
2932,0.887716,0.1360
2933,0.886025,0.1349
2934,0.876106,0.1359
2935,0.868288,0.1347
2936,0.853450,0.1345
2937,0.843390,0.1348
2938,0.838639,0.1359
2939,0.835534,0.1359
2940,0.842252,0.1348
2941,0.840202,0.1348
2942,0.832418,0.1348
2943,0.839130,0.1354
2944,0.836667,0.1362
2945,0.837566,0.1362
2946,0.828024,0.1353
2947,0.838914,0.1364
2948,0.845589,0.1353
2949,0.839521,0.1354
2950,0.831793,0.1356
2951,0.824029,0.1354
2952,0.824225,0.1365
2953,0.824063,0.1367
2954,0.822612,0.1356
2955,0.812362,0.1368
2956,0.813860,0.1357
2957,0.807342,0.1357
2958,0.804750,0.1366
2959,0.789903,0.1367
2960,0.773652,0.1367
2961,0.776482,0.1361
2962,0.778434,0.1359
2963,0.779484,0.1366
2964,0.784105,0.1356
2965,0.791327,0.1367
2966,0.784579,0.1367
2967,0.800877,0.1358
2968,0.812108,0.1368
2969,0.824865,0.1368
2970,0.841528,0.1366
2971,0.844505,0.1366
2972,0.850866,0.1365
2973,0.851249,0.1364
2974,0.840527,0.1364
2975,0.830766,0.1363
2976,0.824772,0.1354
2977,0.827898,0.1359
2978,0.823742,0.1347
2979,0.816436,0.1375
2980,0.805568,0.1360
2981,0.810565,0.1366
2982,0.808906,0.1354
2983,0.789041,0.1365
2984,0.800220,0.1353
2985,0.802201,0.1353
2986,0.813352,0.1352
2987,0.841238,0.1366
2988,0.857871,0.1356
2989,0.871843,0.1367
2990,0.875268,0.1364
2991,0.870682,0.1365
2992,0.867189,0.1354
2993,0.862112,0.1364
2994,0.865287,0.1365
2995,0.860455,0.1364
2996,0.863813,0.1361
2997,0.862280,0.1355
2998,0.855972,0.1351
2999,0.852387,0.1354
3000,0.845619,0.1352
3001,0.836271,0.1358
3002,0.822608,0.1354
3003,0.824264,0.1364
3004,0.826383,0.1363
3005,0.823077,0.1364
3006,0.821762,0.1362
3007,0.820176,0.1353
3008,0.816821,0.1363
3009,0.832347,0.1352
3010,0.839745,0.1365
3011,0.846172,0.1363
3012,0.834311,0.1352
3013,0.850540,0.1364
3014,0.852491,0.1355
3015,0.853482,0.1356
3016,0.857470,0.1356
3017,0.858815,0.1371
3018,0.851418,0.1420
3019,0.848776,0.1368
3020,0.848943,0.1367
3021,0.845343,0.1356
3022,0.824232,0.1369
3023,0.824361,0.1367
3024,0.812702,0.1355
3025,0.812252,0.1366
3026,0.801876,0.1365
3027,0.795429,0.1356
3028,0.802866,0.1353
3029,0.819371,0.1351
3030,0.803027,0.1361
3031,0.795263,0.1363
3032,0.793380,0.1352
3033,0.805146,0.1362
3034,0.803610,0.1355
3035,0.815080,0.1355
3036,0.823206,0.1354
3037,0.832530,0.1355
3038,0.845428,0.1356
3039,0.850509,0.1367
3040,0.852115,0.1357
3041,0.848630,0.1367
3042,0.867447,0.1356
3043,0.868832,0.1369
3044,0.877979,0.1369
3045,0.860071,0.1357
3046,0.873792,0.1357
3047,0.883070,0.1366
3048,0.884351,0.1357
3049,0.885049,0.1368
3050,0.874124,0.1367
3051,0.871729,0.1358
3052,0.874198,0.1356
3053,0.880566,0.1358
3054,0.872792,0.1358
3055,0.874225,0.1368
3056,0.868560,0.1356
3057,0.868512,0.1371
3058,0.857801,0.1368
3059,0.843277,0.1369
3060,0.834054,0.1368
3061,0.821809,0.1359
3062,0.802826,0.1363
3063,0.791056,0.1358
3064,0.778814,0.1367
3065,0.771477,0.1367
3066,0.785850,0.1366
3067,0.789623,0.1366
3068,0.802168,0.1359
3069,0.810094,0.1359
3070,0.805948,0.1369
3071,0.809538,0.1357
3072,0.813666,0.1369
3073,0.807591,0.1358
3074,0.817083,0.1358
3075,0.827263,0.1360
3076,0.845059,0.1358
3077,0.838970,0.1359
3078,0.832527,0.1359
3079,0.825358,0.1369
3080,0.823894,0.1358
3081,0.824097,0.1361
3082,0.817721,0.1370
3083,0.809790,0.1371
3084,0.810699,0.1358
3085,0.808540,0.1376
3086,0.812869,0.1375
3087,0.821524,0.1360
3088,0.826937,0.1366
3089,0.847407,0.1349
3090,0.865059,0.1375
3091,0.864129,0.1354
3092,0.869937,0.1361
3093,0.859793,0.1364
3094,0.846286,0.1364
3095,0.826538,0.1355
3096,0.805685,0.1353
3097,0.809278,0.1356
3098,0.831335,0.1368
3099,0.844123,0.1368
3100,0.846584,0.1357
3101,0.861126,0.1371
3102,0.868552,0.1370
3103,0.863223,0.1354
3104,0.862503,0.1355
3105,0.861830,0.1357
3106,0.859916,0.1354
3107,0.852569,0.1364
3108,0.840946,0.1357
3109,0.837763,0.1357
3110,0.843408,0.1347
3111,0.844113,0.1357
3112,0.837645,0.1346
3113,0.826613,0.1357
3114,0.811073,0.1357
3115,0.822144,0.1357
3116,0.824519,0.1365
3117,0.834518,0.1365
3118,0.841402,0.1368
3119,0.853193,0.1369
3120,0.866430,0.1369
3121,0.868681,0.1358
3122,0.862186,0.1368
3123,0.860713,0.1368
3124,0.860680,0.1368
3125,0.861394,0.1359
3126,0.857102,0.1361
3127,0.852131,0.1359
3128,0.843196,0.1358
3129,0.841340,0.1369
3130,0.813755,0.1369
3131,0.823056,0.1368
3132,0.828848,0.1359
3133,0.833286,0.1352
3134,0.828220,0.1359
3135,0.833139,0.1360
3136,0.834312,0.1376
3137,0.832806,0.1349
3138,0.825457,0.1365
3139,0.823102,0.1349
3140,0.825211,0.1376
3141,0.825245,0.1366
3142,0.816415,0.1376
3143,0.826109,0.1366
3144,0.825546,0.1364
3145,0.820970,0.1363
3146,0.815256,0.1377
3147,0.820335,0.1375
3148,0.816385,0.1348
3149,0.818814,0.1359
3150,0.808928,0.1360
3151,0.812117,0.1377
3152,0.810701,0.1349
3153,0.813488,0.1372
3154,0.807914,0.1350
3155,0.807758,0.1361
3156,0.804528,0.1360
3157,0.797940,0.1349
3158,0.795386,0.1364
3159,0.785124,0.1365
3160,0.791313,0.1365
3161,0.794027,0.1356
3162,0.800622,0.1355
3163,0.832360,0.1365
3164,0.842642,0.1354
3165,0.850174,0.1365
3166,0.860803,0.1365
3167,0.878343,0.1365
3168,0.873088,0.1384
3169,0.874779,0.1366
3170,0.876468,0.1353
3171,0.880472,0.1355
3172,0.883196,0.1363
3173,0.885049,0.1367
3174,0.881507,0.1365
3175,0.880750,0.1354
3176,0.859123,0.1366
3177,0.874420,0.1355
3178,0.867824,0.1353
3179,0.855125,0.1355
3180,0.858668,0.1364
3181,0.864706,0.1354
3182,0.864845,0.1365
3183,0.858754,0.1362
3184,0.863178,0.1349
3185,0.853280,0.1372
3186,0.859942,0.1348
3187,0.884383,0.1344
3188,0.894081,0.1356
3189,0.897508,0.1347
3190,0.886728,0.1348
3191,0.898584,0.1363
3192,0.893618,0.1358
3193,0.883619,0.1358
3194,0.894787,0.1347
3195,0.902617,0.1348
3196,0.896624,0.1356
3197,0.894686,0.1349
3198,0.884200,0.1347
3199,0.891100,0.1347
3200,0.879673,0.1358
3201,0.904878,0.1366
3202,0.916264,0.1355
3203,0.922774,0.1358
3204,0.923290,0.1355
3205,0.922919,0.1366
3206,0.924580,0.1366
3207,0.920466,0.1356
3208,0.919994,0.1355
3209,0.914889,0.1364
3210,0.903490,0.1355
3211,0.891289,0.1353
3212,0.878066,0.1365
3213,0.875223,0.1365
3214,0.865252,0.1353
3215,0.854536,0.1360
3216,0.856712,0.1354
3217,0.858297,0.1364
3218,0.849958,0.1366
3219,0.853373,0.1365
3220,0.838749,0.1354
3221,0.822894,0.1355
3222,0.826269,0.1352
3223,0.820825,0.1344
3224,0.829658,0.1351
3225,0.830205,0.1361
3226,0.824515,0.1350
3227,0.840793,0.1362
3228,0.844226,0.1351
3229,0.833531,0.1360
3230,0.832855,0.1351
3231,0.827328,0.1361
3232,0.815406,0.1352
3233,0.824381,0.1350
3234,0.821698,0.1360
3235,0.820845,0.1362
3236,0.838276,0.1362
3237,0.847084,0.1351
3238,0.840936,0.1350
3239,0.842361,0.1360
3240,0.835158,0.1360
3241,0.830494,0.1365
3242,0.822642,0.1356
3243,0.813611,0.1368
3244,0.810409,0.1369
3245,0.808933,0.1366
3246,0.804563,0.1351
3247,0.804407,0.1360
3248,0.810344,0.1359
3249,0.805892,0.1376
3250,0.809590,0.1359
3251,0.802333,0.1359
3252,0.801584,0.1365
3253,0.789410,0.1350
3254,0.813329,0.1350
3255,0.830112,0.1369
3256,0.845607,0.1360
3257,0.857510,0.1376
3258,0.868483,0.1349
3259,0.859745,0.1406
3260,0.855309,0.1359
3261,0.858164,0.1377
3262,0.850213,0.1375
3263,0.834155,0.1360
3264,0.854849,0.1348
3265,0.863106,0.1375
3266,0.863756,0.1359
3267,0.859015,0.1365
3268,0.855632,0.1348
3269,0.839619,0.1360
3270,0.828734,0.1349
3271,0.816622,0.1349
3272,0.820681,0.1359
3273,0.824117,0.1359
3274,0.823049,0.1348
3275,0.826269,0.1377
3276,0.827947,0.1348
3277,0.830585,0.1360
3278,0.806622,0.1361
3279,0.822708,0.1360
3280,0.824588,0.1376
3281,0.820441,0.1376
3282,0.810071,0.1365
3283,0.814451,0.1375
3284,0.807804,0.1376
3285,0.802819,0.1364
3286,0.792650,0.1352
3287,0.803393,0.1363
3288,0.808873,0.1363
3289,0.806028,0.1355
3290,0.818060,0.1364
3291,0.804599,0.1353
3292,0.816355,0.1363
3293,0.821199,0.1364
3294,0.818310,0.1353
3295,0.809541,0.1354
3296,0.807172,0.1364
3297,0.815867,0.1366
3298,0.808627,0.1356
3299,0.817734,0.1365
3300,0.813231,0.1353
3301,0.811031,0.1354
3302,0.813240,0.1356
3303,0.810486,0.1350
3304,0.803725,0.1355
3305,0.797714,0.1357
3306,0.790587,0.1365
3307,0.784842,0.1365
3308,0.778345,0.1364
3309,0.772164,0.1366
3310,0.765045,0.1366
3311,0.750502,0.1355
3312,0.741347,0.1365
3313,0.732142,0.1354
3314,0.735329,0.1365
3315,0.740442,0.1365
3316,0.745107,0.1354
3317,0.745504,0.1355
3318,0.749735,0.1364
3319,0.745017,0.1359
3320,0.752439,0.1365
3321,0.764073,0.1354
3322,0.772393,0.1354
3323,0.771479,0.1354
3324,0.767609,0.1365
3325,0.764552,0.1355
3326,0.752917,0.1365
3327,0.745939,0.1370
3328,0.750401,0.1364
3329,0.748823,0.1364
3330,0.750618,0.1375
3331,0.758390,0.1363
3332,0.754009,0.1363
3333,0.749860,0.1374
3334,0.740064,0.1365
3335,0.743861,0.1364
3336,0.746115,0.1364
3337,0.744431,0.1364
3338,0.740428,0.1373
3339,0.764251,0.1375
3340,0.772957,0.1374
3341,0.776186,0.1375
3342,0.779465,0.1375
3343,0.779018,0.1374
3344,0.773025,0.1376
3345,0.779174,0.1364
3346,0.780362,0.1366
3347,0.776326,0.1364
3348,0.782034,0.1363
3349,0.791868,0.1374
3350,0.788150,0.1363
3351,0.789386,0.1364
3352,0.789939,0.1359
3353,0.788288,0.1366
3354,0.785359,0.1363
3355,0.781906,0.1364
3356,0.783184,0.1363
3357,0.780747,0.1366
3358,0.785426,0.1364
3359,0.788558,0.1365
3360,0.784854,0.1374
3361,0.778173,0.1374
3362,0.777188,0.1374
3363,0.786865,0.1364
3364,0.789967,0.1365
3365,0.791318,0.1360
3366,0.788990,0.1368
3367,0.787159,0.1358
3368,0.781474,0.1370
3369,0.772445,0.1370
3370,0.775175,0.1385
3371,0.778083,0.1387
3372,0.774937,0.1358
3373,0.781745,0.1385
3374,0.784791,0.1358
3375,0.782269,0.1375
3376,0.776406,0.1386
3377,0.775171,0.1386
3378,0.773776,0.1370
3379,0.767923,0.1376
3380,0.767617,0.1375
3381,0.771269,0.1375
3382,0.763267,0.1369
3383,0.757572,0.1370
3384,0.775436,0.1386
3385,0.773825,0.1377
3386,0.771183,0.1369
3387,0.778525,0.1386
3388,0.781146,0.1375
3389,0.781694,0.1385
3390,0.779202,0.1360
3391,0.772835,0.1387
3392,0.766616,0.1368
3393,0.766516,0.1370
3394,0.756216,0.1378
3395,0.767327,0.1379
3396,0.775475,0.1369
3397,0.777219,0.1369
3398,0.776573,0.1378
3399,0.780000,0.1368
3400,0.770255,0.1378
3401,0.772325,0.1378
3402,0.767195,0.1381
3403,0.777009,0.1368
3404,0.779045,0.1367
3405,0.784052,0.1368
3406,0.781221,0.1367
3407,0.782312,0.1370
3408,0.778332,0.1368
3409,0.770504,0.1368
3410,0.764428,0.1377
3411,0.761917,0.1366
3412,0.757877,0.1376
3413,0.759667,0.1366
3414,0.766918,0.1378
3415,0.758736,0.1366
3416,0.753761,0.1366
3417,0.759421,0.1377
3418,0.758874,0.1377
3419,0.754415,0.1379
3420,0.750540,0.1366
3421,0.728671,0.1367
3422,0.754290,0.1376
3423,0.764160,0.1377
3424,0.769600,0.1366
3425,0.772788,0.1376
3426,0.777563,0.1380
3427,0.778363,0.1379
3428,0.775177,0.1379
3429,0.772549,0.1380
3430,0.775922,0.1380
3431,0.780884,0.1368
3432,0.774216,0.1378
3433,0.784664,0.1381
3434,0.791053,0.1379
3435,0.804779,0.1370
3436,0.803633,0.1367
3437,0.797364,0.1378
3438,0.793352,0.1367
3439,0.800770,0.1369
3440,0.796468,0.1378
3441,0.793921,0.1379
3442,0.790249,0.1368
3443,0.779782,0.1380
3444,0.780751,0.1380
3445,0.789670,0.1371
3446,0.787822,0.1377
3447,0.786449,0.1377
3448,0.787945,0.1369
3449,0.786572,0.1383
3450,0.785772,0.1381
3451,0.780440,0.1367
3452,0.775241,0.1370
3453,0.765728,0.1379
3454,0.757941,0.1368
3455,0.746664,0.1380
3456,0.739929,0.1380
3457,0.752978,0.1378
3458,0.750975,0.1379
3459,0.758310,0.1381
3460,0.766045,0.1378
3461,0.765105,0.1366
3462,0.769144,0.1365
3463,0.765559,0.1366
3464,0.761741,0.1366
3465,0.755630,0.1379
3466,0.765044,0.1366
3467,0.769662,0.1376
3468,0.776821,0.1366
3469,0.771542,0.1366
3470,0.774541,0.1366
3471,0.768394,0.1377
3472,0.768709,0.1380
3473,0.768487,0.1376
3474,0.768551,0.1377
3475,0.766270,0.1367
3476,0.762917,0.1369
3477,0.752312,0.1380
3478,0.747931,0.1370
3479,0.752962,0.1379
3480,0.764799,0.1377
3481,0.766136,0.1379
3482,0.754726,0.1370
3483,0.759862,0.1379
3484,0.767686,0.1378
3485,0.766212,0.1378
3486,0.762172,0.1366
3487,0.752128,0.1376
3488,0.752820,0.1374
3489,0.750416,0.1369
3490,0.748316,0.1377
3491,0.748835,0.1379
3492,0.752713,0.1379
3493,0.753314,0.1379
3494,0.748990,0.1368
3495,0.749647,0.1378
3496,0.741836,0.1379
3497,0.745516,0.1369
3498,0.740038,0.1367
3499,0.741430,0.1368
3500,0.738929,0.1380
3501,0.738740,0.1367
3502,0.735387,0.1368
3503,0.729281,0.1379
3504,0.717529,0.1358
3505,0.750950,0.1385
3506,0.758056,0.1374
3507,0.760512,0.1384
3508,0.767157,0.1373
3509,0.767300,0.1357
3510,0.772371,0.1378
3511,0.778220,0.1377
3512,0.776978,0.1385
3513,0.774419,0.1358
3514,0.774809,0.1371
3515,0.775855,0.1369
3516,0.779500,0.1369
3517,0.780223,0.1375
3518,0.779326,0.1369
3519,0.778164,0.1376
3520,0.775109,0.1359
3521,0.778234,0.1387
3522,0.772980,0.1376
3523,0.768061,0.1369
3524,0.763403,0.1359
3525,0.759373,0.1370
3526,0.762108,0.1377
3527,0.761177,0.1387
3528,0.757546,0.1378
3529,0.752512,0.1387
3530,0.754802,0.1370
3531,0.754766,0.1377
3532,0.752437,0.1369
3533,0.754019,0.1388
3534,0.751438,0.1376
3535,0.740973,0.1386
3536,0.724805,0.1387
3537,0.717532,0.1377
3538,0.726485,0.1385
3539,0.737920,0.1375
3540,0.744089,0.1373
3541,0.742050,0.1370
3542,0.744855,0.1382
3543,0.738363,0.1376
3544,0.734208,0.1368
3545,0.735273,0.1369
3546,0.734537,0.1368
3547,0.733485,0.1383
3548,0.730990,0.1368
3549,0.723396,0.1368
3550,0.727001,0.1378
3551,0.728625,0.1368
3552,0.725675,0.1384
3553,0.729158,0.1379
3554,0.727411,0.1369
3555,0.726336,0.1388
3556,0.721330,0.1377
3557,0.711741,0.1358
3558,0.715532,0.1375
3559,0.718347,0.1379
3560,0.717059,0.1368
3561,0.717278,0.1378
3562,0.719355,0.1378
3563,0.721791,0.1371
3564,0.719662,0.1369
3565,0.712618,0.1379
3566,0.714780,0.1368
3567,0.715148,0.1380
3568,0.708834,0.1368
3569,0.706587,0.1368
3570,0.705989,0.1369
3571,0.708527,0.1379
3572,0.708027,0.1368
3573,0.718197,0.1379
3574,0.719710,0.1379
3575,0.718038,0.1387
3576,0.723343,0.1376
3577,0.723491,0.1387
3578,0.719655,0.1379
3579,0.717941,0.1368
3580,0.713711,0.1378
3581,0.710291,0.1369
3582,0.711160,0.1368
3583,0.706616,0.1369
3584,0.702578,0.1368
3585,0.705060,0.1368
3586,0.702393,0.1378
3587,0.711434,0.1378
3588,0.720808,0.1367
3589,0.722411,0.1369
3590,0.716200,0.1368
3591,0.728371,0.1371
3592,0.726344,0.1369
3593,0.729134,0.1379
3594,0.732025,0.1368
3595,0.734134,0.1379
3596,0.734706,0.1378
3597,0.733445,0.1379
3598,0.725863,0.1368
3599,0.726977,0.1368
3600,0.714492,0.1378
3601,0.727532,0.1378
3602,0.728052,0.1378
3603,0.726366,0.1376
3604,0.727530,0.1378
3605,0.717147,0.1378
3606,0.715788,0.1377
3607,0.723694,0.1380
3608,0.728655,0.1376
3609,0.732521,0.1370
3610,0.729444,0.1366
3611,0.733859,0.1364
3612,0.739215,0.1367
3613,0.738391,0.1369
3614,0.736075,0.1366
3615,0.740753,0.1367
3616,0.739759,0.1377
3617,0.745785,0.1386
3618,0.740364,0.1366
3619,0.734830,0.1367
3620,0.730130,0.1377
3621,0.728390,0.1377
3622,0.735367,0.1376
3623,0.730014,0.1367
3624,0.725375,0.1378
3625,0.733039,0.1367
3626,0.719624,0.1366
3627,0.730670,0.1377
3628,0.735210,0.1367
3629,0.732061,0.1366
3630,0.739882,0.1366
3631,0.738319,0.1377
3632,0.732117,0.1367
3633,0.734457,0.1376
3634,0.736672,0.1376
3635,0.742439,0.1367
3636,0.739491,0.1376
3637,0.736011,0.1377
3638,0.725846,0.1366
3639,0.724278,0.1377
3640,0.715766,0.1368
3641,0.713090,0.1379
3642,0.710808,0.1365
3643,0.699246,0.1368
3644,0.710566,0.1365
3645,0.709991,0.1376
3646,0.706171,0.1367
3647,0.706056,0.1368
3648,0.700143,0.1378
3649,0.701313,0.1377
3650,0.699976,0.1366
3651,0.701089,0.1379
3652,0.706713,0.1378
3653,0.708885,0.1377
3654,0.710216,0.1378
3655,0.705338,0.1366
3656,0.703496,0.1377
3657,0.701871,0.1367
3658,0.706923,0.1369
3659,0.699616,0.1378
3660,0.694625,0.1378
3661,0.696797,0.1370
3662,0.699403,0.1374
3663,0.699664,0.1374
3664,0.697196,0.1365
3665,0.698343,0.1366
3666,0.692940,0.1375
3667,0.687907,0.1376
3668,0.678689,0.1364
3669,0.690535,0.1365
3670,0.694954,0.1363
3671,0.693025,0.1365
3672,0.702068,0.1367
3673,0.706304,0.1364
3674,0.705944,0.1367
3675,0.706874,0.1368
3676,0.709199,0.1377
3677,0.713726,0.1368
3678,0.709721,0.1377
3679,0.707820,0.1367
3680,0.701459,0.1377
3681,0.705221,0.1377
3682,0.708982,0.1377
3683,0.706480,0.1381
3684,0.709104,0.1376
3685,0.711374,0.1368
3686,0.707539,0.1377
3687,0.695643,0.1368
3688,0.699168,0.1366
3689,0.695427,0.1366
3690,0.703171,0.1364
3691,0.707097,0.1375
3692,0.706843,0.1376
3693,0.705636,0.1376
3694,0.710841,0.1374
3695,0.713308,0.1377
3696,0.704897,0.1366
3697,0.699562,0.1364
3698,0.701703,0.1375
3699,0.701364,0.1364
3700,0.701648,0.1374
3701,0.696641,0.1364
3702,0.696265,0.1366
3703,0.693895,0.1374
3704,0.695132,0.1363
3705,0.693149,0.1364
3706,0.689485,0.1363
3707,0.689375,0.1374
3708,0.686129,0.1374
3709,0.702085,0.1373
3710,0.701676,0.1374
3711,0.700202,0.1377
3712,0.698080,0.1357
3713,0.705600,0.1374
3714,0.710263,0.1373
3715,0.716422,0.1376
3716,0.714624,0.1363
3717,0.712412,0.1375
3718,0.711784,0.1366
3719,0.722412,0.1363
3720,0.731329,0.1363
3721,0.732455,0.1374
3722,0.729377,0.1373
3723,0.737576,0.1366
3724,0.737152,0.1372
3725,0.739837,0.1363
3726,0.741577,0.1373
3727,0.734967,0.1373
3728,0.745247,0.1371
3729,0.745397,0.1373
3730,0.749000,0.1373
3731,0.745092,0.1360
3732,0.744867,0.1363
3733,0.736571,0.1362
3734,0.741355,0.1363
3735,0.737646,0.1361
3736,0.733867,0.1372
3737,0.728411,0.1363
3738,0.727852,0.1370
3739,0.725648,0.1362
3740,0.715127,0.1360
3741,0.718098,0.1370
3742,0.715274,0.1373
3743,0.719922,0.1373
3744,0.717845,0.1372
3745,0.715232,0.1364
3746,0.710099,0.1373
3747,0.709520,0.1362
3748,0.703284,0.1373
3749,0.700995,0.1364
3750,0.696373,0.1363
3751,0.704049,0.1375
3752,0.709548,0.1373
3753,0.714088,0.1373
3754,0.716454,0.1373
3755,0.715118,0.1374
3756,0.710119,0.1376
3757,0.718897,0.1368
3758,0.711410,0.1376
3759,0.718789,0.1379
3760,0.714762,0.1368
3761,0.710869,0.1365
3762,0.706800,0.1362
3763,0.704817,0.1375
3764,0.698990,0.1373
3765,0.709306,0.1364
3766,0.709125,0.1377
3767,0.712251,0.1364
3768,0.708438,0.1363
3769,0.707233,0.1374
3770,0.705670,0.1375
3771,0.710054,0.1364
3772,0.703054,0.1363
3773,0.695902,0.1374
3774,0.693561,0.1375
3775,0.694500,0.1365
3776,0.696876,0.1363
3777,0.684206,0.1363
3778,0.693628,0.1374
3779,0.693615,0.1366
3780,0.697624,0.1363
3781,0.698024,0.1374
3782,0.694590,0.1363
3783,0.694995,0.1375
3784,0.695405,0.1363
3785,0.697693,0.1374
3786,0.696012,0.1364
3787,0.692659,0.1364
3788,0.687114,0.1373
3789,0.684299,0.1375
3790,0.688590,0.1363
3791,0.689786,0.1374
3792,0.690994,0.1374
3793,0.685342,0.1363
3794,0.687685,0.1374
3795,0.688805,0.1367
3796,0.692391,0.1375
3797,0.695695,0.1375
3798,0.697068,0.1374
3799,0.696412,0.1363
3800,0.692257,0.1365
3801,0.691744,0.1374
3802,0.690587,0.1376
3803,0.696013,0.1375
3804,0.696415,0.1376
3805,0.698216,0.1376
3806,0.707998,0.1366
3807,0.714696,0.1375
3808,0.715002,0.1374
3809,0.712881,0.1375
3810,0.712794,0.1373
3811,0.712272,0.1362
3812,0.707479,0.1364
3813,0.705097,0.1374
3814,0.706703,0.1375
3815,0.712697,0.1365
3816,0.706441,0.1364
3817,0.699149,0.1375
3818,0.701538,0.1374
3819,0.711177,0.1375
3820,0.711441,0.1366
3821,0.713810,0.1374
3822,0.717356,0.1365
3823,0.710569,0.1364
3824,0.702966,0.1376
3825,0.705851,0.1364
3826,0.701155,0.1378
3827,0.713077,0.1374
3828,0.719009,0.1375
3829,0.716903,0.1363
3830,0.716678,0.1374
3831,0.707771,0.1364
3832,0.700751,0.1374
3833,0.703151,0.1374
3834,0.701547,0.1373
3835,0.700934,0.1376
3836,0.692488,0.1364
3837,0.687997,0.1367
3838,0.685529,0.1363
3839,0.673307,0.1377
3840,0.687757,0.1377
3841,0.696052,0.1367
3842,0.699838,0.1368
3843,0.695522,0.1368
3844,0.694903,0.1378
3845,0.692944,0.1377
3846,0.701925,0.1377
3847,0.707513,0.1377
3848,0.712822,0.1368
3849,0.713304,0.1369
3850,0.715689,0.1379
3851,0.717464,0.1366
3852,0.719821,0.1373
3853,0.721669,0.1378
3854,0.729286,0.1367
3855,0.730344,0.1369
3856,0.729064,0.1367
3857,0.729079,0.1369
3858,0.731892,0.1377
3859,0.743366,0.1377
3860,0.747821,0.1367
3861,0.754773,0.1368
3862,0.753160,0.1368
3863,0.754408,0.1378
3864,0.749062,0.1377
3865,0.735503,0.1367
3866,0.731165,0.1377
3867,0.736185,0.1377
3868,0.732927,0.1376
3869,0.721616,0.1376
3870,0.722782,0.1364
3871,0.732168,0.1366
3872,0.726814,0.1366
3873,0.729947,0.1367
3874,0.725524,0.1375
3875,0.720384,0.1376
3876,0.714699,0.1377
3877,0.709809,0.1366
3878,0.711901,0.1365
3879,0.705856,0.1364
3880,0.697320,0.1366
3881,0.702104,0.1376
3882,0.700537,0.1376
3883,0.695488,0.1376
3884,0.705769,0.1376
3885,0.706275,0.1366
3886,0.701301,0.1376
3887,0.693843,0.1366
3888,0.695226,0.1365
3889,0.703186,0.1367
3890,0.700390,0.1376
3891,0.720766,0.1376
3892,0.730601,0.1376
3893,0.738404,0.1369
3894,0.741827,0.1372
3895,0.744565,0.1377
3896,0.744715,0.1378
3897,0.745179,0.1377
3898,0.757915,0.1377
3899,0.758953,0.1376
3900,0.765735,0.1375
3901,0.753118,0.1375
3902,0.750098,0.1376
3903,0.743357,0.1367
3904,0.750179,0.1376
3905,0.746760,0.1378
3906,0.734336,0.1379
3907,0.737412,0.1379
3908,0.735306,0.1367
3909,0.726104,0.1366
3910,0.715957,0.1366
3911,0.711946,0.1386
3912,0.702641,0.1373
3913,0.697618,0.1367
3914,0.699508,0.1377
3915,0.694859,0.1367
3916,0.695694,0.1377
3917,0.686434,0.1376
3918,0.687165,0.1376
3919,0.696023,0.1366
3920,0.700981,0.1375
3921,0.705366,0.1378
3922,0.705352,0.1365
3923,0.701832,0.1366
3924,0.701446,0.1377
3925,0.699311,0.1379
3926,0.694757,0.1367
3927,0.686733,0.1367
3928,0.678398,0.1375
3929,0.685807,0.1375
3930,0.706025,0.1364
3931,0.712587,0.1365
3932,0.713482,0.1375
3933,0.712223,0.1376
3934,0.707328,0.1375
3935,0.698223,0.1366
3936,0.689068,0.1365
3937,0.689742,0.1376
3938,0.684719,0.1375
3939,0.695906,0.1375
3940,0.705925,0.1375
3941,0.707056,0.1375
3942,0.705833,0.1375
3943,0.697386,0.1363
3944,0.685637,0.1375
3945,0.698413,0.1374
3946,0.701631,0.1375
3947,0.701485,0.1384
3948,0.703527,0.1375
3949,0.699174,0.1364
3950,0.684229,0.1374
3951,0.676719,0.1365
3952,0.696112,0.1364
3953,0.695663,0.1365
3954,0.699084,0.1365
3955,0.708546,0.1375
3956,0.704276,0.1364
3957,0.705164,0.1364
3958,0.706723,0.1366
3959,0.708109,0.1375
3960,0.703420,0.1365
3961,0.701402,0.1377
3962,0.696823,0.1374
3963,0.701825,0.1365
3964,0.695631,0.1367
3965,0.693604,0.1375
3966,0.686718,0.1365
3967,0.688593,0.1366
3968,0.685085,0.1365
3969,0.677903,0.1365
3970,0.684739,0.1375
3971,0.681805,0.1375
3972,0.681940,0.1364
3973,0.686554,0.1376
3974,0.685430,0.1377
3975,0.686445,0.1374
3976,0.684689,0.1368
3977,0.676008,0.1375
3978,0.677415,0.1377
3979,0.671532,0.1376
3980,0.671134,0.1374
3981,0.665374,0.1364
3982,0.658272,0.1384
3983,0.653336,0.1364
3984,0.662075,0.1371
3985,0.665267,0.1388
3986,0.667546,0.1369
3987,0.662006,0.1377
3988,0.657988,0.1388
3989,0.655268,0.1370
3990,0.651789,0.1387
3991,0.642418,0.1377
3992,0.651938,0.1359
3993,0.644409,0.1378
3994,0.651471,0.1360
3995,0.658695,0.1376
3996,0.669162,0.1387
3997,0.673378,0.1369
3998,0.676999,0.1371
3999,0.677981,0.1370
4000,0.674247,0.1359
4001,0.662260,0.1359
4002,0.663533,0.1379
4003,0.672374,0.1371
4004,0.667288,0.1376
4005,0.671325,0.1370
4006,0.672698,0.1360
4007,0.666702,0.1356
4008,0.665390,0.1359
4009,0.664831,0.1371
4010,0.664508,0.1362
4011,0.668675,0.1360
4012,0.663190,0.1375
4013,0.655155,0.1370
4014,0.675461,0.1377
4015,0.678370,0.1376
4016,0.680050,0.1371
4017,0.684769,0.1376
4018,0.679353,0.1386
4019,0.676271,0.1361
4020,0.674427,0.1395
4021,0.696102,0.1369
4022,0.699920,0.1380
4023,0.705145,0.1370
4024,0.705080,0.1380
4025,0.710665,0.1370
4026,0.713946,0.1369
4027,0.714224,0.1379
4028,0.708751,0.1380
4029,0.719510,0.1370
4030,0.717146,0.1380
4031,0.717416,0.1369
4032,0.715868,0.1370
4033,0.710412,0.1380
4034,0.714696,0.1370
4035,0.708086,0.1379
4036,0.702377,0.1380
4037,0.702159,0.1368
4038,0.691553,0.1368
4039,0.693902,0.1380
4040,0.694377,0.1367
4041,0.687910,0.1379
4042,0.697127,0.1370
4043,0.704450,0.1380
4044,0.707963,0.1368
4045,0.714432,0.1380
4046,0.710844,0.1368
4047,0.706207,0.1381
4048,0.711882,0.1371
4049,0.720576,0.1380
4050,0.716554,0.1378
4051,0.714368,0.1379
4052,0.706838,0.1369
4053,0.704726,0.1381
4054,0.709841,0.1369
4055,0.713621,0.1380
4056,0.721306,0.1369
4057,0.722978,0.1380
4058,0.726151,0.1370
4059,0.719322,0.1380
4060,0.711838,0.1370
4061,0.704956,0.1381
4062,0.703330,0.1379
4063,0.702443,0.1381
4064,0.700518,0.1370
4065,0.703025,0.1380
4066,0.703430,0.1376
4067,0.707477,0.1380
4068,0.709093,0.1370
4069,0.701887,0.1369
4070,0.713838,0.1380
4071,0.712995,0.1374
4072,0.720803,0.1369
4073,0.713613,0.1379
4074,0.711210,0.1369
4075,0.712904,0.1368
4076,0.710619,0.1382
4077,0.711404,0.1381
4078,0.712649,0.1368
4079,0.715703,0.1371
4080,0.711519,0.1370
4081,0.707326,0.1369
4082,0.699907,0.1381
4083,0.690477,0.1379
4084,0.677268,0.1368
4085,0.682638,0.1379
4086,0.681616,0.1368
4087,0.682584,0.1380
4088,0.673743,0.1369
4089,0.677946,0.1368
4090,0.685906,0.1378
4091,0.700774,0.1369
4092,0.706102,0.1370
4093,0.707908,0.1380
4094,0.709964,0.1368
4095,0.711700,0.1370
4096,0.708304,0.1369
4097,0.708214,0.1379
4098,0.701181,0.1379
4099,0.706203,0.1372
4100,0.696577,0.1368
4101,0.691804,0.1380
4102,0.687057,0.1378
4103,0.701189,0.1381
4104,0.704338,0.1366
4105,0.707980,0.1377
4106,0.707958,0.1377
4107,0.714826,0.1376
4108,0.720780,0.1365
4109,0.720419,0.1375
4110,0.713908,0.1375
4111,0.716553,0.1375
4112,0.713494,0.1375
4113,0.708614,0.1365
4114,0.703720,0.1364
4115,0.706512,0.1364
4116,0.704369,0.1368
4117,0.707118,0.1366
4118,0.701278,0.1366
4119,0.692209,0.1376
4120,0.699792,0.1365
4121,0.698421,0.1365
4122,0.700856,0.1365
4123,0.698823,0.1364
4124,0.696245,0.1365
4125,0.693187,0.1375
4126,0.688778,0.1367
4127,0.690285,0.1366
4128,0.683668,0.1376
4129,0.676354,0.1375
4130,0.667480,0.1365
4131,0.665289,0.1365
4132,0.667038,0.1375
4133,0.665207,0.1367
4134,0.664566,0.1374
4135,0.668648,0.1377
4136,0.664643,0.1375
4137,0.669569,0.1375
4138,0.672379,0.1364
4139,0.676539,0.1377
4140,0.676856,0.1368
4141,0.687296,0.1379
4142,0.685817,0.1376
4143,0.689941,0.1365
4144,0.692236,0.1377
4145,0.697434,0.1358
4146,0.703705,0.1361
4147,0.702793,0.1368
4148,0.702708,0.1367
4149,0.701682,0.1369
4150,0.695291,0.1367
4151,0.693499,0.1358
4152,0.695873,0.1358
4153,0.706144,0.1384
4154,0.710859,0.1358
4155,0.713673,0.1369
4156,0.717448,0.1357
4157,0.715571,0.1358
4158,0.706455,0.1367
4159,0.702708,0.1357
4160,0.703420,0.1367
4161,0.700070,0.1357
4162,0.696794,0.1367
4163,0.694125,0.1357
4164,0.695202,0.1356
4165,0.695205,0.1366
4166,0.691399,0.1366
4167,0.685278,0.1358
4168,0.674851,0.1357
4169,0.674156,0.1368
4170,0.675521,0.1370
4171,0.673570,0.1359
4172,0.667731,0.1369
4173,0.677555,0.1358
4174,0.679058,0.1369
4175,0.681775,0.1368
4176,0.678093,0.1360
4177,0.684014,0.1358
4178,0.680653,0.1358
4179,0.683208,0.1368
4180,0.684116,0.1359
4181,0.684890,0.1367
4182,0.680128,0.1386
4183,0.676150,0.1358
4184,0.670824,0.1368
4185,0.664787,0.1370
4186,0.656844,0.1378
4187,0.646179,0.1359
4188,0.648722,0.1368
4189,0.661097,0.1368
4190,0.668192,0.1377
4191,0.671421,0.1376
4192,0.674858,0.1364
4193,0.668658,0.1366
4194,0.662721,0.1369
4195,0.667349,0.1377
4196,0.667204,0.1365
4197,0.669999,0.1378
4198,0.670815,0.1366
4199,0.672134,0.1366
4200,0.671833,0.1366
4201,0.670917,0.1368
4202,0.671823,0.1376
4203,0.666472,0.1378
4204,0.660363,0.1376
4205,0.661031,0.1365
4206,0.656979,0.1376
4207,0.659256,0.1367
4208,0.655603,0.1376
4209,0.656329,0.1366
4210,0.649003,0.1375
4211,0.661709,0.1366
4212,0.664441,0.1376
4213,0.671001,0.1375
4214,0.671364,0.1367
4215,0.673817,0.1377
4216,0.673015,0.1367
4217,0.669897,0.1365
4218,0.663531,0.1365
4219,0.664547,0.1375
4220,0.662964,0.1377
4221,0.667904,0.1377
4222,0.669612,0.1375
4223,0.669429,0.1376
4224,0.669748,0.1365
4225,0.666564,0.1367
4226,0.662124,0.1365
4227,0.662602,0.1379
4228,0.663387,0.1376
4229,0.664529,0.1377
4230,0.664967,0.1376
4231,0.665578,0.1376
4232,0.660864,0.1366
4233,0.662714,0.1366
4234,0.662099,0.1377
4235,0.658296,0.1376
4236,0.663311,0.1376
4237,0.662589,0.1378
4238,0.658619,0.1366
4239,0.665608,0.1365
4240,0.663607,0.1377
4241,0.664438,0.1366
4242,0.659227,0.1365
4243,0.656315,0.1378
4244,0.655920,0.1375
4245,0.650945,0.1367
4246,0.655937,0.1365
4247,0.658928,0.1376
4248,0.661090,0.1366
4249,0.656659,0.1376
4250,0.664060,0.1375
4251,0.667098,0.1366
4252,0.668858,0.1366
4253,0.668030,0.1376
4254,0.669776,0.1371
4255,0.668217,0.1376
4256,0.668468,0.1365
4257,0.669783,0.1376
4258,0.666108,0.1366
4259,0.663489,0.1376
4260,0.664167,0.1364
4261,0.663011,0.1364
4262,0.662120,0.1377
4263,0.656630,0.1364
4264,0.652686,0.1374
4265,0.649585,0.1363
4266,0.646084,0.1364
4267,0.640644,0.1365
4268,0.636746,0.1363
4269,0.634767,0.1378
4270,0.631324,0.1365
4271,0.630643,0.1365
4272,0.625383,0.1377
4273,0.624248,0.1374
4274,0.620694,0.1374
4275,0.622604,0.1365
4276,0.630019,0.1364
4277,0.630801,0.1378
4278,0.634654,0.1372
4279,0.637931,0.1368
4280,0.641070,0.1368
4281,0.638687,0.1379
4282,0.631331,0.1369
4283,0.634250,0.1379
4284,0.634051,0.1370
4285,0.634741,0.1378
4286,0.634757,0.1369
4287,0.633660,0.1369
4288,0.635968,0.1368
4289,0.636153,0.1368
4290,0.635774,0.1369
4291,0.635542,0.1375
4292,0.633518,0.1369
4293,0.628945,0.1378
4294,0.626208,0.1383
4295,0.625050,0.1379
4296,0.619017,0.1368
4297,0.612256,0.1370
4298,0.604398,0.1369
4299,0.596161,0.1373
4300,0.600081,0.1371
4301,0.615732,0.1368
4302,0.622428,0.1379
4303,0.624662,0.1368
4304,0.626807,0.1369
4305,0.627862,0.1368
4306,0.628656,0.1369
4307,0.625850,0.1379
4308,0.626954,0.1381
4309,0.623826,0.1380
4310,0.615174,0.1369
4311,0.623577,0.1380
4312,0.625649,0.1378
4313,0.628932,0.1379
4314,0.631157,0.1379
4315,0.636690,0.1369
4316,0.642786,0.1380
4317,0.647195,0.1379
4318,0.648948,0.1378
4319,0.648553,0.1368
4320,0.650102,0.1379
4321,0.650798,0.1369
4322,0.653393,0.1379
4323,0.652863,0.1370
4324,0.650850,0.1368
4325,0.650233,0.1368
4326,0.650274,0.1379
4327,0.646357,0.1379
4328,0.640365,0.1378
4329,0.636398,0.1369
4330,0.642168,0.1370
4331,0.641461,0.1367
4332,0.638924,0.1378
4333,0.638458,0.1370
4334,0.639047,0.1378
4335,0.636392,0.1369
4336,0.642991,0.1378
4337,0.643776,0.1367
4338,0.642902,0.1378
4339,0.647072,0.1370
4340,0.650753,0.1377
4341,0.650357,0.1369
4342,0.651913,0.1370
4343,0.651669,0.1369
4344,0.651201,0.1367
4345,0.651941,0.1369
4346,0.650226,0.1368
4347,0.650298,0.1368
4348,0.643819,0.1378
4349,0.640773,0.1379
4350,0.639656,0.1378
4351,0.635139,0.1369
4352,0.629058,0.1368
4353,0.639250,0.1368
4354,0.642280,0.1378
4355,0.642154,0.1367
4356,0.637389,0.1379
4357,0.643247,0.1368
4358,0.643362,0.1369
4359,0.643958,0.1378
4360,0.646082,0.1377
4361,0.649366,0.1370
4362,0.646860,0.1385
4363,0.647755,0.1368
4364,0.650801,0.1378
4365,0.651630,0.1376
4366,0.649171,0.1367
4367,0.649611,0.1380
4368,0.651511,0.1367
4369,0.653444,0.1368
4370,0.648408,0.1367
4371,0.648637,0.1375
4372,0.645687,0.1365
4373,0.643975,0.1368
4374,0.641511,0.1367
4375,0.636887,0.1379
4376,0.626787,0.1378
4377,0.632355,0.1369
4378,0.638622,0.1367
4379,0.637832,0.1369
4380,0.639196,0.1369
4381,0.636970,0.1367
4382,0.636430,0.1376
4383,0.639433,0.1368
4384,0.636925,0.1378
4385,0.634262,0.1377
4386,0.630422,0.1370
4387,0.628201,0.1369
4388,0.628659,0.1368
4389,0.633808,0.1366
4390,0.635455,0.1365
4391,0.634921,0.1365
4392,0.635494,0.1377
4393,0.635496,0.1364
4394,0.633817,0.1365
4395,0.629013,0.1376
4396,0.625256,0.1365
4397,0.620842,0.1366
4398,0.617844,0.1376
4399,0.616281,0.1385
4400,0.618288,0.1376
4401,0.618938,0.1365
4402,0.620948,0.1365
4403,0.616211,0.1365
4404,0.612336,0.1377
4405,0.608992,0.1367
4406,0.605476,0.1364
4407,0.614208,0.1356
4408,0.620867,0.1354
4409,0.625744,0.1356
4410,0.621521,0.1367
4411,0.619871,0.1365
4412,0.623116,0.1364
4413,0.619496,0.1365
4414,0.617234,0.1366
4415,0.618345,0.1354
4416,0.622123,0.1355
4417,0.621774,0.1354
4418,0.625218,0.1364
4419,0.626838,0.1354
4420,0.628846,0.1363
4421,0.627481,0.1354
4422,0.622300,0.1354
4423,0.614982,0.1355
4424,0.617799,0.1364
4425,0.619049,0.1353
4426,0.617229,0.1355
4427,0.623875,0.1364
4428,0.627050,0.1365
4429,0.625951,0.1357
4430,0.624808,0.1366
4431,0.624869,0.1366
4432,0.622992,0.1355
4433,0.624397,0.1355
4434,0.624909,0.1366
4435,0.627994,0.1354
4436,0.628313,0.1366
4437,0.627971,0.1361
4438,0.626506,0.1364
4439,0.628649,0.1365
4440,0.624229,0.1364
4441,0.615902,0.1355
4442,0.620345,0.1365
4443,0.627000,0.1356
4444,0.629873,0.1365
4445,0.630305,0.1354
4446,0.628545,0.1355
4447,0.626629,0.1365
4448,0.626478,0.1354
4449,0.627579,0.1365
4450,0.627664,0.1366
4451,0.628408,0.1354
4452,0.629436,0.1355
4453,0.627590,0.1354
4454,0.626019,0.1355
4455,0.624868,0.1365
4456,0.629255,0.1355
4457,0.629301,0.1355
4458,0.629437,0.1376
4459,0.624755,0.1366
4460,0.631010,0.1349
4461,0.635563,0.1365
4462,0.638061,0.1349
4463,0.639702,0.1377
4464,0.644987,0.1376
4465,0.646490,0.1365
4466,0.652048,0.1364
4467,0.647009,0.1355
4468,0.647733,0.1366
4469,0.645866,0.1365
4470,0.643328,0.1354
4471,0.645171,0.1354
4472,0.641737,0.1354
4473,0.638569,0.1355
4474,0.631833,0.1366
4475,0.635389,0.1366
4476,0.635166,0.1364
4477,0.638211,0.1357
4478,0.637022,0.1354
4479,0.633963,0.1364
4480,0.640907,0.1354
4481,0.643059,0.1366
4482,0.646813,0.1355
4483,0.648019,0.1366
4484,0.648775,0.1366
4485,0.647462,0.1366
4486,0.646505,0.1354
4487,0.644094,0.1354
4488,0.637548,0.1355
4489,0.629443,0.1354
4490,0.641088,0.1355
4491,0.642194,0.1364
4492,0.639321,0.1366
4493,0.642678,0.1351
4494,0.641982,0.1377
4495,0.646223,0.1349
4496,0.647327,0.1349
4497,0.645777,0.1360
4498,0.643787,0.1359
4499,0.641684,0.1349
4500,0.642429,0.1360
4501,0.639675,0.1349
4502,0.639496,0.1376
4503,0.636275,0.1360
4504,0.634289,0.1350
4505,0.630604,0.1366
4506,0.628883,0.1365
4507,0.625191,0.1355
4508,0.623613,0.1364
4509,0.619080,0.1364
4510,0.615291,0.1366
4511,0.621658,0.1365
4512,0.623392,0.1355
4513,0.625761,0.1355
4514,0.623975,0.1355
4515,0.622692,0.1356
4516,0.618133,0.1354
4517,0.620223,0.1356
4518,0.618100,0.1364
4519,0.620242,0.1364
4520,0.620340,0.1355
4521,0.617309,0.1366
4522,0.612131,0.1366
4523,0.612182,0.1365
4524,0.611496,0.1364
4525,0.616490,0.1364
4526,0.617004,0.1364
4527,0.616243,0.1366
4528,0.616405,0.1365
4529,0.612121,0.1365
4530,0.615852,0.1355
4531,0.615001,0.1365
4532,0.617415,0.1364
4533,0.615420,0.1364
4534,0.611329,0.1364
4535,0.611402,0.1364
4536,0.605364,0.1364
4537,0.612367,0.1355
4538,0.615495,0.1355
4539,0.615102,0.1355
4540,0.620457,0.1355
4541,0.623537,0.1366
4542,0.624673,0.1366
4543,0.626076,0.1365
4544,0.622091,0.1365
4545,0.624035,0.1365
4546,0.621541,0.1364
4547,0.617752,0.1365
4548,0.624072,0.1355
4549,0.625862,0.1355
4550,0.624463,0.1354
4551,0.629116,0.1365
4552,0.633242,0.1364
4553,0.634357,0.1365
4554,0.634690,0.1355
4555,0.632208,0.1355
4556,0.629999,0.1354
4557,0.627703,0.1365
4558,0.624973,0.1354
4559,0.622827,0.1365
4560,0.623208,0.1364
4561,0.621926,0.1355
4562,0.620903,0.1355
4563,0.618080,0.1365
4564,0.612876,0.1356
4565,0.612670,0.1366
4566,0.615449,0.1367
4567,0.616813,0.1367
4568,0.616124,0.1365
4569,0.612501,0.1366
4570,0.611462,0.1359
4571,0.612373,0.1354
4572,0.616392,0.1356
4573,0.610663,0.1364
4574,0.611919,0.1366
4575,0.613562,0.1355
4576,0.609410,0.1356
4577,0.616403,0.1353
4578,0.620934,0.1356
4579,0.623455,0.1366
4580,0.625502,0.1354
4581,0.627579,0.1355
4582,0.626728,0.1356
4583,0.625951,0.1365
4584,0.625383,0.1370
4585,0.624835,0.1355
4586,0.620168,0.1356
4587,0.619997,0.1364
4588,0.618776,0.1355
4589,0.620617,0.1365
4590,0.620203,0.1357
4591,0.618194,0.1361
4592,0.617255,0.1365
4593,0.617332,0.1366
4594,0.617676,0.1365
4595,0.617533,0.1354
4596,0.613695,0.1354
4597,0.616047,0.1365
4598,0.617245,0.1366
4599,0.614514,0.1365
4600,0.617027,0.1364
4601,0.616432,0.1355
4602,0.612813,0.1355
4603,0.618750,0.1364
4604,0.624276,0.1356
4605,0.625226,0.1355
4606,0.625483,0.1364
4607,0.625024,0.1356
4608,0.624659,0.1354
4609,0.621881,0.1367
4610,0.623856,0.1364
4611,0.625665,0.1358
4612,0.627122,0.1365
4613,0.626248,0.1365
4614,0.622327,0.1356
4615,0.621219,0.1365
4616,0.615673,0.1356
4617,0.613738,0.1356
4618,0.605343,0.1358
4619,0.609211,0.1356
4620,0.612750,0.1357
4621,0.611935,0.1365
4622,0.611778,0.1356
4623,0.615537,0.1367
4624,0.617550,0.1364
4625,0.616471,0.1365
4626,0.612037,0.1364
4627,0.614327,0.1364
4628,0.609873,0.1365
4629,0.603927,0.1365
4630,0.608195,0.1354
4631,0.608582,0.1367
4632,0.608166,0.1365
4633,0.610346,0.1365
4634,0.608171,0.1366
4635,0.607694,0.1358
4636,0.613532,0.1357
4637,0.616002,0.1357
4638,0.618699,0.1365
4639,0.616938,0.1356
4640,0.614845,0.1357
4641,0.618021,0.1356
4642,0.620826,0.1365
4643,0.621000,0.1365
4644,0.622701,0.1357
4645,0.622983,0.1356
4646,0.622107,0.1355
4647,0.620230,0.1357
4648,0.617137,0.1364
4649,0.614300,0.1356
4650,0.611255,0.1356
4651,0.607087,0.1365
4652,0.605678,0.1357
4653,0.600946,0.1365
4654,0.592875,0.1364
4655,0.604648,0.1365
4656,0.608122,0.1364
4657,0.609855,0.1357
4658,0.611921,0.1364
4659,0.607722,0.1366
4660,0.615287,0.1367
4661,0.616596,0.1366
4662,0.614780,0.1366
4663,0.620001,0.1366
4664,0.621121,0.1357
4665,0.620586,0.1358
4666,0.623879,0.1366
4667,0.624799,0.1366
4668,0.627458,0.1359
4669,0.628295,0.1357
4670,0.627531,0.1356
4671,0.626325,0.1356
4672,0.623799,0.1357
4673,0.621879,0.1357
4674,0.620497,0.1364
4675,0.619589,0.1356
4676,0.617595,0.1356
4677,0.615017,0.1357
4678,0.616257,0.1358
4679,0.614632,0.1366
4680,0.613967,0.1366
4681,0.613729,0.1354
4682,0.612331,0.1366
4683,0.608308,0.1357
4684,0.605465,0.1357
4685,0.610887,0.1359
4686,0.612586,0.1357
4687,0.613178,0.1357
4688,0.611175,0.1364
4689,0.615245,0.1365
4690,0.614250,0.1366
4691,0.616420,0.1357
4692,0.616572,0.1354
4693,0.616853,0.1363
4694,0.615381,0.1359
4695,0.615403,0.1365
4696,0.612436,0.1356
4697,0.617214,0.1366
4698,0.617782,0.1365
4699,0.618231,0.1364
4700,0.617848,0.1357
4701,0.615416,0.1357
4702,0.614196,0.1354
4703,0.618604,0.1365
4704,0.619668,0.1365
4705,0.620566,0.1364
4706,0.618891,0.1358
4707,0.618493,0.1365
4708,0.618447,0.1358
4709,0.615301,0.1357
4710,0.619049,0.1357
4711,0.618711,0.1358
4712,0.618583,0.1358
4713,0.617121,0.1365
4714,0.616040,0.1364
4715,0.613456,0.1366
4716,0.613930,0.1359
4717,0.614440,0.1366
4718,0.613601,0.1365
4719,0.611334,0.1358
4720,0.608103,0.1358
4721,0.605663,0.1365
4722,0.606855,0.1366
4723,0.603708,0.1366
4724,0.604257,0.1358
4725,0.603028,0.1365
4726,0.603076,0.1356
4727,0.603558,0.1358
4728,0.603470,0.1366
4729,0.604617,0.1366
4730,0.605764,0.1359
4731,0.604357,0.1366
4732,0.600794,0.1364
4733,0.599393,0.1365
4734,0.599684,0.1359
4735,0.601186,0.1359
4736,0.604074,0.1365
4737,0.602915,0.1358
4738,0.605308,0.1365
4739,0.605038,0.1358
4740,0.603248,0.1365
4741,0.608366,0.1368
4742,0.607145,0.1359
4743,0.603400,0.1358
4744,0.603851,0.1366
4745,0.606063,0.1359
4746,0.605713,0.1366
4747,0.603342,0.1359
4748,0.607987,0.1367
4749,0.611060,0.1360
4750,0.610594,0.1365
4751,0.611941,0.1364
4752,0.610071,0.1359
4753,0.608304,0.1366
4754,0.603580,0.1360
4755,0.604012,0.1364
4756,0.601011,0.1360
4757,0.605822,0.1364
4758,0.603526,0.1359
4759,0.600689,0.1365
4760,0.599477,0.1360
4761,0.599746,0.1363
4762,0.595198,0.1366
4763,0.600961,0.1359
4764,0.600306,0.1364
4765,0.601345,0.1366
4766,0.600029,0.1355
4767,0.601023,0.1360
4768,0.598091,0.1360
4769,0.602436,0.1365
4770,0.600617,0.1361
4771,0.603328,0.1366
4772,0.604593,0.1360
4773,0.606028,0.1366
4774,0.602492,0.1366
4775,0.604767,0.1366
4776,0.602419,0.1360
4777,0.606254,0.1370
4778,0.608814,0.1365
4779,0.608661,0.1360
4780,0.610094,0.1363
4781,0.610525,0.1364
4782,0.611907,0.1365
4783,0.612902,0.1360
4784,0.614041,0.1361
4785,0.611418,0.1357
4786,0.607531,0.1364
4787,0.607578,0.1364
4788,0.607494,0.1365
4789,0.609381,0.1366
4790,0.608766,0.1361
4791,0.608491,0.1357
4792,0.604508,0.1372
4793,0.607445,0.1366
4794,0.604051,0.1361
4795,0.601343,0.1365
4796,0.600843,0.1365
4797,0.602929,0.1361
4798,0.603608,0.1371
4799,0.601231,0.1365
4800,0.600120,0.1364
4801,0.595558,0.1356
4802,0.598061,0.1364
4803,0.601934,0.1355
4804,0.607370,0.1355
4805,0.609512,0.1365
4806,0.610934,0.1352
4807,0.607098,0.1365
4808,0.604793,0.1366
4809,0.602985,0.1355
4810,0.603801,0.1355
4811,0.601906,0.1365
4812,0.603495,0.1364
4813,0.604465,0.1365
4814,0.603451,0.1354
4815,0.597048,0.1366
4816,0.599148,0.1355
4817,0.598793,0.1362
4818,0.596710,0.1365
4819,0.605100,0.1365
4820,0.606949,0.1364
4821,0.607270,0.1365
4822,0.609812,0.1364
4823,0.609796,0.1365
4824,0.613858,0.1366
4825,0.615377,0.1354
4826,0.614445,0.1365
4827,0.614676,0.1367
4828,0.610786,0.1354
4829,0.611720,0.1372
4830,0.613326,0.1363
4831,0.613135,0.1366
4832,0.612114,0.1362
4833,0.609573,0.1362
4834,0.606122,0.1365
4835,0.601271,0.1366
4836,0.598741,0.1366
4837,0.595621,0.1362
4838,0.599081,0.1363
4839,0.605079,0.1365
4840,0.606243,0.1366
4841,0.603212,0.1354
4842,0.600956,0.1354
4843,0.606621,0.1362
4844,0.608041,0.1354
4845,0.608256,0.1365
4846,0.606511,0.1355
4847,0.608761,0.1366
4848,0.611318,0.1365
4849,0.611493,0.1367
4850,0.612150,0.1363
4851,0.614240,0.1367
4852,0.615795,0.1354
4853,0.616869,0.1366
4854,0.614812,0.1363
4855,0.615077,0.1357
4856,0.613051,0.1366
4857,0.608729,0.1357
4858,0.604654,0.1365
4859,0.602800,0.1364
4860,0.601369,0.1364
4861,0.604766,0.1363
4862,0.605180,0.1355
4863,0.606223,0.1355
4864,0.606056,0.1364
4865,0.605116,0.1363
4866,0.603401,0.1354
4867,0.603530,0.1363
4868,0.602157,0.1355
4869,0.598732,0.1367
4870,0.593254,0.1366
4871,0.596260,0.1364
4872,0.600758,0.1354
4873,0.602316,0.1363
4874,0.601668,0.1365
4875,0.601400,0.1355
4876,0.602513,0.1364
4877,0.601056,0.1366
4878,0.597865,0.1354
4879,0.599650,0.1356
4880,0.599640,0.1364
4881,0.597312,0.1364
4882,0.597667,0.1364
4883,0.595522,0.1364
4884,0.598774,0.1364
4885,0.601570,0.1365
4886,0.600977,0.1364
4887,0.601931,0.1364
4888,0.603168,0.1366
4889,0.603205,0.1368
4890,0.601692,0.1365
4891,0.599563,0.1355
4892,0.600343,0.1364
4893,0.599505,0.1365
4894,0.600505,0.1355
4895,0.599715,0.1365
4896,0.597868,0.1354
4897,0.596235,0.1355
4898,0.591592,0.1365
4899,0.595867,0.1366
4900,0.597188,0.1364
4901,0.594458,0.1356
4902,0.592550,0.1354
4903,0.592492,0.1364
4904,0.588643,0.1355
4905,0.592666,0.1366
4906,0.590736,0.1366
4907,0.590663,0.1355
4908,0.589119,0.1368
4909,0.595541,0.1366
4910,0.598404,0.1364
4911,0.598737,0.1366
4912,0.599343,0.1364
4913,0.601062,0.1365
4914,0.600969,0.1365
4915,0.600074,0.1366
4916,0.597446,0.1365
4917,0.599314,0.1364
4918,0.596738,0.1366
4919,0.599886,0.1365
4920,0.600443,0.1365
4921,0.599278,0.1357
4922,0.596854,0.1365
4923,0.594476,0.1355
4924,0.593811,0.1364
4925,0.594140,0.1367
4926,0.594897,0.1365
4927,0.593286,0.1364
4928,0.592222,0.1364
4929,0.592381,0.1364
4930,0.597157,0.1364
4931,0.597921,0.1364
4932,0.598924,0.1365
4933,0.599782,0.1365
4934,0.597908,0.1365
4935,0.591811,0.1366
4936,0.591769,0.1355
4937,0.595492,0.1365
4938,0.594951,0.1365
4939,0.598284,0.1355
4940,0.597743,0.1366
4941,0.598596,0.1355
4942,0.598561,0.1364
4943,0.594061,0.1358
4944,0.598687,0.1366
4945,0.601577,0.1366
4946,0.603507,0.1366
4947,0.603806,0.1364
4948,0.604005,0.1369
4949,0.603123,0.1355
4950,0.602839,0.1365
4951,0.603787,0.1367
4952,0.602876,0.1365
4953,0.601569,0.1364
4954,0.600572,0.1365
4955,0.598142,0.1355
4956,0.597313,0.1364
4957,0.597212,0.1355
4958,0.597445,0.1364
4959,0.595643,0.1355
4960,0.590012,0.1364
4961,0.591825,0.1366
4962,0.589004,0.1365
4963,0.592844,0.1366
4964,0.593722,0.1354
4965,0.592107,0.1365
4966,0.592445,0.1365
4967,0.594077,0.1365
4968,0.592111,0.1354
4969,0.589062,0.1366
4970,0.590615,0.1366
4971,0.592401,0.1364
4972,0.594907,0.1365
4973,0.594134,0.1364
4974,0.595148,0.1354
4975,0.595632,0.1364
4976,0.592176,0.1365
4977,0.598135,0.1364
4978,0.601298,0.1364
4979,0.600742,0.1367
4980,0.602437,0.1365
4981,0.601970,0.1366
4982,0.601090,0.1365
4983,0.600935,0.1368
4984,0.600398,0.1365
4985,0.600979,0.1366
4986,0.599694,0.1364
4987,0.599618,0.1354
4988,0.597951,0.1365
4989,0.594644,0.1364
4990,0.589723,0.1365
4991,0.589963,0.1366
4992,0.590463,0.1365
4993,0.590008,0.1364
4994,0.587910,0.1369
4995,0.591170,0.1366
4996,0.591196,0.1365
4997,0.591876,0.1366
4998,0.590927,0.1355
4999,0.589433,0.1364
5000,0.586547,0.1354
5001,0.583411,0.1364
5002,0.585811,0.1366
5003,0.591086,0.1366
5004,0.592706,0.1365
5005,0.592475,0.1357
5006,0.592612,0.1369
5007,0.592764,0.1356
5008,0.591745,0.1366
5009,0.591418,0.1367
5010,0.594066,0.1355
5011,0.594542,0.1364
5012,0.592692,0.1366
5013,0.590599,0.1367
5014,0.587961,0.1365
5015,0.588751,0.1355
5016,0.593200,0.1355
5017,0.597233,0.1364
5018,0.598142,0.1366
5019,0.598740,0.1366
5020,0.597828,0.1355
5021,0.597545,0.1355
5022,0.597694,0.1366
5023,0.595915,0.1364
5024,0.593233,0.1366
5025,0.591132,0.1365
5026,0.592102,0.1366
5027,0.591072,0.1365
5028,0.590656,0.1355
5029,0.588797,0.1364
5030,0.590311,0.1355
5031,0.589638,0.1366
5032,0.588645,0.1355
5033,0.586022,0.1365
5034,0.586921,0.1364
5035,0.588506,0.1367
5036,0.587847,0.1365
5037,0.592240,0.1365
5038,0.593639,0.1364
5039,0.592903,0.1369
5040,0.591924,0.1364
5041,0.592429,0.1366
5042,0.594996,0.1365
5043,0.596345,0.1364
5044,0.596373,0.1354
5045,0.594890,0.1366
5046,0.592557,0.1365
5047,0.590918,0.1364
5048,0.590289,0.1364
5049,0.591360,0.1366
5050,0.588911,0.1367
5051,0.588063,0.1365
5052,0.585523,0.1355
5053,0.589373,0.1365
5054,0.589021,0.1366
5055,0.589517,0.1364
5056,0.592205,0.1364
5057,0.592755,0.1365
5058,0.590485,0.1366
5059,0.590468,0.1354
5060,0.590611,0.1367
5061,0.590928,0.1356
5062,0.591674,0.1366
5063,0.592668,0.1355
5064,0.594016,0.1369
5065,0.592448,0.1364
5066,0.590600,0.1365
5067,0.591045,0.1365
5068,0.591520,0.1365
5069,0.591093,0.1366
5070,0.589224,0.1366
5071,0.586317,0.1367
5072,0.581731,0.1365
5073,0.584642,0.1366
5074,0.587598,0.1368
5075,0.586221,0.1366
5076,0.582716,0.1355
5077,0.586040,0.1364
5078,0.587367,0.1365
5079,0.586653,0.1365
5080,0.587281,0.1365
5081,0.587235,0.1365
5082,0.589531,0.1355
5083,0.591024,0.1365
5084,0.589255,0.1365
5085,0.589549,0.1364
5086,0.588443,0.1356
5087,0.585240,0.1371
5088,0.585971,0.1365
5089,0.586161,0.1365
5090,0.589168,0.1365
5091,0.589759,0.1364
5092,0.588731,0.1366
5093,0.587669,0.1365
5094,0.585210,0.1366
5095,0.590706,0.1355
5096,0.590202,0.1366
5097,0.593608,0.1367
5098,0.596306,0.1366
5099,0.595746,0.1365
5100,0.596599,0.1355
5101,0.593920,0.1364
5102,0.589250,0.1365
5103,0.594887,0.1354
5104,0.595403,0.1366
5105,0.595565,0.1355
5106,0.592809,0.1366
5107,0.597065,0.1365
5108,0.598755,0.1365
5109,0.599748,0.1367
5110,0.600344,0.1366
5111,0.599210,0.1366
5112,0.595243,0.1365
5113,0.597008,0.1364
5114,0.594674,0.1354
5115,0.594657,0.1367
5116,0.593999,0.1365
5117,0.592230,0.1366
5118,0.590227,0.1367
5119,0.585518,0.1366
5120,0.583626,0.1365
5121,0.583937,0.1367
5122,0.581705,0.1365
5123,0.588466,0.1365
5124,0.591766,0.1365
5125,0.591794,0.1365
5126,0.590149,0.1364
5127,0.586581,0.1366
5128,0.584590,0.1355
5129,0.586980,0.1368
5130,0.589158,0.1369
5131,0.588271,0.1355
5132,0.588959,0.1355
5133,0.587969,0.1366
5134,0.584708,0.1356
5135,0.582415,0.1365
5136,0.576274,0.1364
5137,0.580458,0.1352
5138,0.586206,0.1367
5139,0.587031,0.1367
5140,0.585805,0.1365
5141,0.585338,0.1364
5142,0.589023,0.1365
5143,0.591606,0.1366
5144,0.592410,0.1354
5145,0.593692,0.1366
5146,0.593679,0.1367
5147,0.592711,0.1349
5148,0.588566,0.1365
5149,0.589869,0.1364
5150,0.590181,0.1356
5151,0.588158,0.1366
5152,0.588801,0.1354
5153,0.586705,0.1366
5154,0.590233,0.1366
5155,0.589319,0.1367
5156,0.591619,0.1370
5157,0.593617,0.1367
5158,0.596647,0.1356
5159,0.596879,0.1364
5160,0.597564,0.1364
5161,0.598998,0.1355
5162,0.598167,0.1368
5163,0.596525,0.1365
5164,0.594737,0.1365
5165,0.594250,0.1355
5166,0.594019,0.1364
5167,0.590333,0.1364
5168,0.590942,0.1355
5169,0.591111,0.1366
5170,0.589956,0.1365
5171,0.592256,0.1364
5172,0.592202,0.1365
5173,0.594493,0.1365
5174,0.595166,0.1364
5175,0.594227,0.1367
5176,0.592500,0.1364
5177,0.589884,0.1354
5178,0.587061,0.1355
5179,0.589254,0.1368
5180,0.591993,0.1366
5181,0.590723,0.1366
5182,0.590560,0.1366
5183,0.588630,0.1355
5184,0.585379,0.1357
5185,0.586004,0.1356
5186,0.585000,0.1365
5187,0.583415,0.1365
5188,0.582339,0.1365
5189,0.582738,0.1366
5190,0.584467,0.1365
5191,0.581976,0.1365
5192,0.576574,0.1365
5193,0.575066,0.1365
5194,0.575886,0.1354
5195,0.581451,0.1366
5196,0.583939,0.1365
5197,0.582728,0.1367
5198,0.580823,0.1365
5199,0.583114,0.1365
5200,0.582508,0.1356
5201,0.577874,0.1365
5202,0.574820,0.1365
5203,0.578125,0.1367
5204,0.577756,0.1365
5205,0.577562,0.1354
5206,0.576504,0.1365
5207,0.575234,0.1364
5208,0.575962,0.1366
5209,0.578375,0.1366
5210,0.578579,0.1365
5211,0.574264,0.1356
5212,0.575467,0.1365
5213,0.577271,0.1364
5214,0.578372,0.1365
5215,0.574771,0.1366
5216,0.579475,0.1368
5217,0.580701,0.1366
5218,0.578403,0.1366
5219,0.578885,0.1365
5220,0.579984,0.1354
5221,0.579175,0.1354
5222,0.578612,0.1365
5223,0.573794,0.1365
5224,0.579921,0.1355
5225,0.581485,0.1365
5226,0.580803,0.1365
5227,0.580939,0.1366
5228,0.581868,0.1356
5229,0.581422,0.1356
5230,0.582312,0.1355
5231,0.582932,0.1364
5232,0.581391,0.1365
5233,0.583802,0.1365
5234,0.581727,0.1366
5235,0.580136,0.1366
5236,0.584817,0.1366
5237,0.585542,0.1367
5238,0.585829,0.1355
5239,0.583622,0.1364
5240,0.584429,0.1366
5241,0.581971,0.1365
5242,0.582480,0.1365
5243,0.584670,0.1365
5244,0.584470,0.1358
5245,0.582198,0.1357
5246,0.582522,0.1355
5247,0.582328,0.1365
5248,0.579789,0.1365
5249,0.581772,0.1369
5250,0.582083,0.1365
5251,0.581657,0.1366
5252,0.578435,0.1355
5253,0.578255,0.1366
5254,0.573828,0.1365
5255,0.578495,0.1365
5256,0.578534,0.1366
5257,0.579018,0.1365
5258,0.575466,0.1357
5259,0.578860,0.1364
5260,0.576676,0.1364
5261,0.576565,0.1355
5262,0.579100,0.1364
5263,0.580382,0.1366
5264,0.583158,0.1364
5265,0.581541,0.1364
5266,0.581852,0.1365
5267,0.581773,0.1365
5268,0.583317,0.1365
5269,0.583706,0.1355
5270,0.582825,0.1366
5271,0.581079,0.1365
5272,0.577193,0.1365
5273,0.576666,0.1368
5274,0.580106,0.1365
5275,0.580679,0.1365
5276,0.579917,0.1367
5277,0.578007,0.1358
5278,0.574519,0.1355
5279,0.575870,0.1368
5280,0.577059,0.1365
5281,0.574846,0.1364
5282,0.575533,0.1365
5283,0.576490,0.1365
5284,0.573509,0.1357
5285,0.569585,0.1366
5286,0.567827,0.1367
5287,0.567122,0.1366
5288,0.570014,0.1367
5289,0.566662,0.1366
5290,0.562745,0.1365
5291,0.568640,0.1366
5292,0.571420,0.1355
5293,0.572411,0.1365
5294,0.570765,0.1365
5295,0.564077,0.1366
5296,0.570860,0.1366
5297,0.574235,0.1356
5298,0.576109,0.1365
5299,0.576557,0.1365
5300,0.576200,0.1353
5301,0.578170,0.1369
5302,0.577076,0.1365
5303,0.577358,0.1370
5304,0.577815,0.1365
5305,0.576017,0.1366
5306,0.574868,0.1365
5307,0.575400,0.1365
5308,0.573103,0.1365
5309,0.570345,0.1355
5310,0.563849,0.1370
5311,0.570151,0.1366
5312,0.570701,0.1356
5313,0.571828,0.1365
5314,0.572045,0.1365
5315,0.574936,0.1366
5316,0.576019,0.1355
5317,0.578219,0.1366
5318,0.577611,0.1365
5319,0.579879,0.1365
5320,0.581212,0.1365
5321,0.581442,0.1364
5322,0.581090,0.1355
5323,0.580230,0.1367
5324,0.578291,0.1370
5325,0.576960,0.1365
5326,0.576346,0.1365
5327,0.576403,0.1367
5328,0.576031,0.1365
5329,0.573509,0.1367
5330,0.572521,0.1356
5331,0.573160,0.1364
5332,0.570433,0.1370
5333,0.571824,0.1367
5334,0.573322,0.1365
5335,0.573042,0.1365
5336,0.569742,0.1367
5337,0.571627,0.1365
5338,0.570273,0.1365
5339,0.571432,0.1357
5340,0.575604,0.1356
5341,0.577496,0.1370
5342,0.578155,0.1365
5343,0.579709,0.1365
5344,0.579882,0.1356
5345,0.578744,0.1355
5346,0.578740,0.1365
5347,0.578276,0.1364
5348,0.574833,0.1366
5349,0.576693,0.1365
5350,0.576579,0.1365
5351,0.575827,0.1367
5352,0.575252,0.1356
5353,0.573729,0.1366
5354,0.572370,0.1365
5355,0.573157,0.1366
5356,0.575411,0.1365
5357,0.575982,0.1365
5358,0.573839,0.1365
5359,0.573752,0.1365
5360,0.569225,0.1366
5361,0.577295,0.1364
5362,0.579268,0.1365
5363,0.578965,0.1367
5364,0.580741,0.1355
5365,0.582516,0.1367
5366,0.581629,0.1365
5367,0.579743,0.1366
5368,0.578024,0.1366
5369,0.575765,0.1360
5370,0.572010,0.1370
5371,0.572633,0.1368
5372,0.573197,0.1355
5373,0.571670,0.1367
5374,0.574230,0.1365
5375,0.576785,0.1366
5376,0.575937,0.1365
5377,0.575622,0.1365
5378,0.578972,0.1354
5379,0.577718,0.1367
5380,0.577924,0.1368
5381,0.577830,0.1365
5382,0.575589,0.1365
5383,0.570693,0.1365
5384,0.568685,0.1365
5385,0.576001,0.1365
5386,0.579634,0.1367
5387,0.581331,0.1365
5388,0.582672,0.1365
5389,0.581208,0.1355
5390,0.581455,0.1366
5391,0.582382,0.1365
5392,0.582157,0.1356
5393,0.578532,0.1355
5394,0.578495,0.1366
5395,0.575492,0.1365
5396,0.570217,0.1365
5397,0.574795,0.1365
5398,0.575349,0.1368
5399,0.580102,0.1365
5400,0.584209,0.1370
5401,0.584018,0.1366
5402,0.582881,0.1363
5403,0.585929,0.1366
5404,0.587344,0.1366
5405,0.586491,0.1355
5406,0.586357,0.1365
5407,0.584050,0.1365
5408,0.586175,0.1369
5409,0.587138,0.1370
5410,0.587760,0.1356
5411,0.586243,0.1357
5412,0.582435,0.1366
5413,0.579315,0.1366
5414,0.580737,0.1367
5415,0.577000,0.1366
5416,0.571403,0.1367
5417,0.572766,0.1356
5418,0.578209,0.1365
5419,0.578820,0.1367
5420,0.580510,0.1365
5421,0.580841,0.1365
5422,0.578579,0.1365
5423,0.581702,0.1365
5424,0.580941,0.1355
5425,0.584531,0.1365
5426,0.585550,0.1366
5427,0.584772,0.1365
5428,0.582510,0.1366
5429,0.579003,0.1365
5430,0.579743,0.1358
5431,0.577382,0.1367
5432,0.577931,0.1365
5433,0.577185,0.1369
5434,0.573536,0.1367
5435,0.570711,0.1367
5436,0.573911,0.1365
5437,0.573150,0.1355
5438,0.571482,0.1365
5439,0.572451,0.1365
5440,0.569608,0.1355
5441,0.570862,0.1365
5442,0.569696,0.1367
5443,0.569486,0.1365
5444,0.567992,0.1367
5445,0.571364,0.1365
5446,0.574358,0.1366
5447,0.574257,0.1357
5448,0.573576,0.1356
5449,0.572936,0.1366
5450,0.571440,0.1365
5451,0.569343,0.1367
5452,0.570202,0.1366
5453,0.568546,0.1365
5454,0.566221,0.1355
5455,0.571375,0.1366
5456,0.574879,0.1371
5457,0.574559,0.1367
5458,0.573841,0.1365
5459,0.573738,0.1365
5460,0.570858,0.1355
5461,0.571073,0.1355
5462,0.575018,0.1367
5463,0.575061,0.1355
5464,0.573852,0.1365
5465,0.570882,0.1368
5466,0.566894,0.1368
5467,0.569430,0.1365
5468,0.568852,0.1365
5469,0.572088,0.1367
5470,0.572488,0.1355
5471,0.572582,0.1366
5472,0.570554,0.1365
5473,0.568980,0.1367
5474,0.567302,0.1355
5475,0.564747,0.1368
5476,0.561285,0.1365
5477,0.562217,0.1365
5478,0.563416,0.1365
5479,0.565823,0.1369
5480,0.566130,0.1364
5481,0.566103,0.1364
5482,0.569238,0.1364
5483,0.571209,0.1364
5484,0.568613,0.1365
5485,0.571520,0.1364
5486,0.571335,0.1358
5487,0.570242,0.1366
5488,0.568769,0.1365
5489,0.570569,0.1356
5490,0.572174,0.1366
5491,0.571226,0.1367
5492,0.568143,0.1366
5493,0.566108,0.1367
5494,0.569560,0.1356
5495,0.567766,0.1367
5496,0.570748,0.1366
5497,0.572308,0.1366
5498,0.572520,0.1365
5499,0.569538,0.1366
5500,0.566788,0.1367
5501,0.563573,0.1365
5502,0.560264,0.1368
5503,0.564913,0.1355
5504,0.567507,0.1367
5505,0.563849,0.1365
5506,0.566470,0.1365
5507,0.567657,0.1366
5508,0.566458,0.1366
5509,0.563921,0.1365
5510,0.563194,0.1355
5511,0.563022,0.1365
5512,0.568295,0.1365
5513,0.568444,0.1366
5514,0.571105,0.1367
5515,0.570537,0.1365
5516,0.573207,0.1366
5517,0.575330,0.1365
5518,0.576541,0.1366
5519,0.576310,0.1365
5520,0.574526,0.1366
5521,0.573619,0.1355
5522,0.574509,0.1355
5523,0.571080,0.1366
5524,0.568133,0.1365
5525,0.565950,0.1367
5526,0.564595,0.1355
5527,0.567081,0.1366
5528,0.566763,0.1369
5529,0.568208,0.1365
5530,0.569967,0.1356
5531,0.569016,0.1366
5532,0.569825,0.1368
5533,0.570058,0.1366
5534,0.571061,0.1365
5535,0.572013,0.1356
5536,0.566302,0.1366
5537,0.562354,0.1366
5538,0.567600,0.1366
5539,0.569164,0.1355
5540,0.570440,0.1365
5541,0.569473,0.1366
5542,0.567228,0.1365
5543,0.568817,0.1369
5544,0.566375,0.1365
5545,0.566686,0.1365
5546,0.564906,0.1365
5547,0.564587,0.1367
5548,0.561302,0.1365
5549,0.558549,0.1356
5550,0.564316,0.1355
5551,0.564962,0.1356
5552,0.565874,0.1365
5553,0.569329,0.1356
5554,0.568629,0.1366
5555,0.566382,0.1369
5556,0.560150,0.1356
5557,0.563030,0.1366
5558,0.566830,0.1367
5559,0.566415,0.1365
5560,0.568297,0.1366
5561,0.570177,0.1366
5562,0.571737,0.1356
5563,0.570567,0.1355
5564,0.568932,0.1366
5565,0.569015,0.1357
5566,0.568354,0.1365
5567,0.565577,0.1365
5568,0.565926,0.1355
5569,0.565448,0.1365
5570,0.561873,0.1365
5571,0.555256,0.1365
5572,0.558163,0.1372
5573,0.562138,0.1365
5574,0.565628,0.1389
5575,0.565815,0.1356
5576,0.565354,0.1365
5577,0.565124,0.1365
5578,0.567457,0.1366
5579,0.568548,0.1365
5580,0.567004,0.1365
5581,0.569920,0.1356
5582,0.570783,0.1354
5583,0.569224,0.1366
5584,0.567778,0.1366
5585,0.563485,0.1366
5586,0.566937,0.1366
5587,0.567239,0.1367
5588,0.566406,0.1365
5589,0.564377,0.1357
5590,0.560871,0.1365
5591,0.562636,0.1367
5592,0.564092,0.1355
5593,0.568600,0.1366
5594,0.567520,0.1356
5595,0.567532,0.1358
5596,0.565213,0.1365
5597,0.567853,0.1359
5598,0.566033,0.1365
5599,0.565790,0.1366
5600,0.558883,0.1365
5601,0.567848,0.1365
5602,0.570787,0.1365
5603,0.570714,0.1365
5604,0.574394,0.1369
5605,0.574614,0.1355
5606,0.575061,0.1366
5607,0.574468,0.1365
5608,0.572501,0.1372
5609,0.569981,0.1366
5610,0.568698,0.1355
5611,0.569582,0.1365
5612,0.566723,0.1365
5613,0.563676,0.1355
5614,0.562803,0.1365
5615,0.556819,0.1366
5616,0.556553,0.1365
5617,0.558865,0.1355
5618,0.558682,0.1368
5619,0.559289,0.1355
5620,0.560997,0.1371
5621,0.559276,0.1365
5622,0.560580,0.1366
5623,0.562990,0.1365
5624,0.568780,0.1355
5625,0.570737,0.1367
5626,0.571058,0.1355
5627,0.574235,0.1366
5628,0.576550,0.1367
5629,0.577449,0.1366
5630,0.578109,0.1365
5631,0.576628,0.1357
5632,0.574848,0.1355
5633,0.571033,0.1367
5634,0.571676,0.1365
5635,0.568974,0.1366
5636,0.568423,0.1365
5637,0.570532,0.1354
5638,0.569105,0.1369
5639,0.565785,0.1365
5640,0.567504,0.1365
5641,0.565561,0.1365
5642,0.567019,0.1355
5643,0.570739,0.1355
5644,0.573452,0.1366
5645,0.572218,0.1354
5646,0.570408,0.1365
5647,0.572004,0.1367
5648,0.572612,0.1355
5649,0.572461,0.1367
5650,0.570364,0.1365
5651,0.570552,0.1356
5652,0.568820,0.1365
5653,0.567006,0.1367
5654,0.566280,0.1366
5655,0.562320,0.1355
5656,0.560139,0.1367
5657,0.558620,0.1367
5658,0.555872,0.1365
5659,0.557181,0.1365
5660,0.560983,0.1367
5661,0.557940,0.1365
5662,0.563224,0.1355
5663,0.562476,0.1370
5664,0.565563,0.1357
5665,0.567065,0.1365
5666,0.566500,0.1366
5667,0.563319,0.1365
5668,0.565929,0.1354
5669,0.566481,0.1365
5670,0.567604,0.1366
5671,0.565945,0.1367
5672,0.565142,0.1355
5673,0.565817,0.1367
5674,0.565324,0.1366
5675,0.563545,0.1365
5676,0.560342,0.1365
5677,0.559434,0.1366
5678,0.561670,0.1366
5679,0.563252,0.1365
5680,0.562418,0.1366
5681,0.562202,0.1367
5682,0.562785,0.1365
5683,0.560268,0.1366
5684,0.561563,0.1368
5685,0.560817,0.1368
5686,0.556760,0.1356
5687,0.560397,0.1366
5688,0.562050,0.1355
5689,0.564102,0.1365
5690,0.564219,0.1366
5691,0.564568,0.1366
5692,0.565860,0.1368
5693,0.567389,0.1365
5694,0.566750,0.1365
5695,0.563120,0.1365
5696,0.566318,0.1367
5697,0.566353,0.1366
5698,0.567174,0.1365
5699,0.565386,0.1365
5700,0.562787,0.1367
5701,0.562386,0.1365
5702,0.560484,0.1365
5703,0.564283,0.1364
5704,0.565629,0.1366
5705,0.567230,0.1364
5706,0.566957,0.1366
5707,0.565810,0.1366
5708,0.563734,0.1372
5709,0.564737,0.1365
5710,0.565152,0.1355
5711,0.563405,0.1367
5712,0.564459,0.1366
5713,0.564447,0.1357
5714,0.563081,0.1366
5715,0.560253,0.1365
5716,0.556997,0.1355
5717,0.553196,0.1366
5718,0.552812,0.1366
5719,0.553096,0.1369
5720,0.554801,0.1365
5721,0.555912,0.1366
5722,0.557645,0.1365
5723,0.558149,0.1356
5724,0.556072,0.1365
5725,0.556650,0.1366
5726,0.560159,0.1367
5727,0.561536,0.1366
5728,0.560270,0.1366
5729,0.560312,0.1365
5730,0.560831,0.1368
5731,0.561367,0.1366
5732,0.561388,0.1366
5733,0.557445,0.1356
5734,0.561550,0.1367
5735,0.564159,0.1365
5736,0.566258,0.1365
5737,0.566679,0.1367
5738,0.566931,0.1355
5739,0.565493,0.1365
5740,0.564806,0.1355
5741,0.567229,0.1365
5742,0.565017,0.1356
5743,0.567145,0.1365
5744,0.566284,0.1366
5745,0.570812,0.1367
5746,0.571038,0.1356
5747,0.570599,0.1366
5748,0.567946,0.1365
5749,0.571273,0.1365
5750,0.571535,0.1355
5751,0.570079,0.1366
5752,0.570264,0.1367
5753,0.568883,0.1365
5754,0.568411,0.1355
5755,0.567473,0.1365
5756,0.567059,0.1368
5757,0.567683,0.1365
5758,0.567547,0.1357
5759,0.569129,0.1365
5760,0.568259,0.1369
5761,0.568420,0.1365
5762,0.568420,0.1355
5763,0.566079,0.1365
5764,0.562960,0.1365
5765,0.560116,0.1356
5766,0.557931,0.1366
5767,0.561246,0.1366
5768,0.560535,0.1366
5769,0.562602,0.1357
5770,0.563621,0.1365
5771,0.564526,0.1356
5772,0.564063,0.1365
5773,0.566627,0.1365
5774,0.567158,0.1369
5775,0.567906,0.1366
5776,0.569065,0.1365
5777,0.567489,0.1367
5778,0.568519,0.1366
5779,0.569129,0.1365
5780,0.566824,0.1366
5781,0.566459,0.1365
5782,0.565955,0.1366
5783,0.564887,0.1365
5784,0.566056,0.1365
5785,0.568984,0.1356
5786,0.569255,0.1366
5787,0.570431,0.1365
5788,0.569791,0.1370
5789,0.568909,0.1372
5790,0.564673,0.1356
5791,0.565426,0.1365
5792,0.563365,0.1357
5793,0.561480,0.1365
5794,0.563045,0.1366
5795,0.561343,0.1367
5796,0.560252,0.1355
5797,0.559373,0.1362
5798,0.558025,0.1366
5799,0.558339,0.1366
5800,0.552103,0.1365
5801,0.554164,0.1365
5802,0.555389,0.1367
5803,0.557421,0.1367
5804,0.558310,0.1366
5805,0.557577,0.1367
5806,0.554846,0.1365
5807,0.556315,0.1366
5808,0.558416,0.1366
5809,0.560584,0.1367
5810,0.561055,0.1365
5811,0.560050,0.1355
5812,0.559120,0.1355
5813,0.557066,0.1367
5814,0.560861,0.1374
5815,0.560858,0.1371
5816,0.560733,0.1366
5817,0.558136,0.1366
5818,0.561992,0.1365
5819,0.565221,0.1370
5820,0.566248,0.1356
5821,0.564854,0.1355
5822,0.565125,0.1365
5823,0.565557,0.1366
5824,0.566874,0.1356
5825,0.564703,0.1367
5826,0.563270,0.1365
5827,0.564759,0.1357
5828,0.564872,0.1355
5829,0.565024,0.1366
5830,0.560089,0.1366
5831,0.561765,0.1356
5832,0.563865,0.1365
5833,0.565334,0.1365
5834,0.564779,0.1373
5835,0.562296,0.1358
5836,0.565797,0.1365
5837,0.565275,0.1356
5838,0.564363,0.1366
5839,0.565526,0.1356
5840,0.565336,0.1366
5841,0.563311,0.1373
5842,0.561784,0.1365
5843,0.558543,0.1357
5844,0.554655,0.1355
5845,0.554316,0.1365
5846,0.554184,0.1367
5847,0.554439,0.1367
5848,0.556389,0.1367
5849,0.554087,0.1356
5850,0.555863,0.1355
5851,0.558726,0.1365
5852,0.557092,0.1366
5853,0.557328,0.1365
5854,0.557114,0.1356
5855,0.556022,0.1366
5856,0.551859,0.1366
5857,0.556605,0.1366
5858,0.555566,0.1355
5859,0.557438,0.1372
5860,0.559059,0.1369
5861,0.558856,0.1366
5862,0.561624,0.1366
5863,0.560640,0.1354
5864,0.554019,0.1365
5865,0.556778,0.1368
5866,0.559622,0.1356
5867,0.561962,0.1367
5868,0.560706,0.1366
5869,0.562365,0.1365
5870,0.560883,0.1366
5871,0.562350,0.1366
5872,0.561057,0.1367
5873,0.559109,0.1355
5874,0.558818,0.1371
5875,0.559559,0.1365
5876,0.558642,0.1372
5877,0.562080,0.1373
5878,0.561625,0.1366
5879,0.559843,0.1366
5880,0.562246,0.1365
5881,0.563356,0.1365
5882,0.564392,0.1365
5883,0.561958,0.1365
5884,0.562937,0.1365
5885,0.562914,0.1355
5886,0.563047,0.1368
5887,0.564569,0.1365
5888,0.564257,0.1365
5889,0.564048,0.1365
5890,0.560095,0.1366
5891,0.560131,0.1365
5892,0.559874,0.1367
5893,0.558098,0.1365
5894,0.557641,0.1366
5895,0.557501,0.1355
5896,0.558301,0.1365
5897,0.557205,0.1355
5898,0.556198,0.1367
5899,0.555458,0.1366
5900,0.555778,0.1365
5901,0.553952,0.1370
5902,0.556714,0.1366
5903,0.557732,0.1366
5904,0.557531,0.1355
5905,0.560395,0.1357
5906,0.561915,0.1356
5907,0.562457,0.1365
5908,0.562501,0.1366
5909,0.559807,0.1366
5910,0.559947,0.1367
5911,0.559159,0.1365
5912,0.556034,0.1366
5913,0.558232,0.1365
5914,0.559511,0.1365
5915,0.560185,0.1367
5916,0.559755,0.1366
5917,0.561454,0.1365
5918,0.563273,0.1365
5919,0.563417,0.1366
5920,0.562556,0.1365
5921,0.560908,0.1364
5922,0.557419,0.1367
5923,0.556890,0.1365
5924,0.554339,0.1367
5925,0.551596,0.1365
5926,0.548832,0.1365
5927,0.550501,0.1365
5928,0.551540,0.1355
5929,0.554786,0.1372
5930,0.555522,0.1370
5931,0.557770,0.1365
5932,0.559146,0.1356
5933,0.558840,0.1356
5934,0.557536,0.1366
5935,0.558003,0.1369
5936,0.558206,0.1367
5937,0.556469,0.1368
5938,0.555954,0.1365
5939,0.556457,0.1366
5940,0.554034,0.1366
5941,0.551998,0.1366
5942,0.554103,0.1366
5943,0.554710,0.1365
5944,0.554102,0.1372
5945,0.552478,0.1356
5946,0.553638,0.1365
5947,0.555712,0.1366
5948,0.557166,0.1366
5949,0.555725,0.1366
5950,0.554599,0.1367
5951,0.554344,0.1365
5952,0.553378,0.1370
5953,0.549907,0.1366
5954,0.552238,0.1355
5955,0.552454,0.1366
5956,0.550414,0.1367
5957,0.552328,0.1365
5958,0.554410,0.1368
5959,0.555460,0.1355
5960,0.558389,0.1368
5961,0.559703,0.1356
5962,0.558898,0.1366
5963,0.558463,0.1365
5964,0.558947,0.1367
5965,0.556475,0.1366
5966,0.558904,0.1366
5967,0.560461,0.1366
5968,0.562161,0.1365
5969,0.560711,0.1366
5970,0.558944,0.1365
5971,0.557911,0.1357
5972,0.556596,0.1365
5973,0.555976,0.1365
5974,0.557401,0.1365
5975,0.556287,0.1358
5976,0.554572,0.1357
5977,0.551497,0.1372
5978,0.552616,0.1357
5979,0.555170,0.1366
5980,0.555955,0.1365
5981,0.558525,0.1355
5982,0.560667,0.1366
5983,0.559919,0.1365
5984,0.557371,0.1366
5985,0.558823,0.1355
5986,0.558840,0.1369
5987,0.560257,0.1365
5988,0.559118,0.1366
5989,0.555584,0.1366
5990,0.554992,0.1366
5991,0.556508,0.1367
5992,0.554502,0.1366
5993,0.552345,0.1365
5994,0.550367,0.1366
5995,0.547997,0.1365
5996,0.547274,0.1365
5997,0.547200,0.1365
5998,0.549729,0.1366
5999,0.550415,0.1366
6000,0.552372,0.1367
