epoch,loss,tiempo_s
1,11.462376,0.3124
2,5.234856,0.0113
3,4.763951,0.0098
4,4.561047,0.0100
5,4.438763,0.0101
6,4.352371,0.0105
7,4.287133,0.0107
8,4.234882,0.0111
9,4.190012,0.0115
10,4.153091,0.0117
11,4.119726,0.0117
12,4.089043,0.0118
13,4.061823,0.0116
14,4.034615,0.0113
15,4.009863,0.0113
16,3.987861,0.0114
17,3.966524,0.0118
18,3.945197,0.0118
19,3.927716,0.0117
20,3.908099,0.0117
21,3.888521,0.0117
22,3.869544,0.0116
23,3.852803,0.0112
24,3.837316,0.0113
25,3.820893,0.0117
26,3.804788,0.0117
27,3.789391,0.0117
28,3.773360,0.0118
29,3.759932,0.0116
30,3.746246,0.0116
31,3.733138,0.0113
32,3.720543,0.0117
33,3.708750,0.0117
34,3.696035,0.0117
35,3.685068,0.0117
36,3.673455,0.0115
37,3.662020,0.0112
38,3.651748,0.0113
39,3.640843,0.0116
40,3.630388,0.0117
41,3.620280,0.0117
42,3.610089,0.0117
43,3.599971,0.0116
44,3.590271,0.0112
45,3.582144,0.0112
46,3.574227,0.0113
47,3.565410,0.0117
48,3.557057,0.0117
49,3.548729,0.0117
50,3.540740,0.0117
51,3.534611,0.0116
52,3.527741,0.0112
53,3.520124,0.0112
54,3.513043,0.0114
55,3.505660,0.0116
56,3.499059,0.0116
57,3.492590,0.0117
58,3.486674,0.0117
59,3.479801,0.0115
60,3.473293,0.0112
61,3.467067,0.0111
62,3.460875,0.0113
63,3.455510,0.0117
64,3.449243,0.0116
65,3.442838,0.0117
66,3.437754,0.0117
67,3.432156,0.0117
68,3.426446,0.0117
69,3.420285,0.0117
70,3.415476,0.0117
71,3.409765,0.0116
72,3.404682,0.0117
73,3.399382,0.0117
74,3.393831,0.0117
75,3.388329,0.0117
76,3.383762,0.0117
77,3.378114,0.0117
78,3.373518,0.0117
79,3.368702,0.0117
80,3.363702,0.0118
81,3.359784,0.0117
82,3.354715,0.0117
83,3.350289,0.0117
84,3.345225,0.0117
85,3.339329,0.0117
86,3.334426,0.0117
87,3.330059,0.0116
88,3.324981,0.0117
89,3.319806,0.0117
90,3.315784,0.0117
91,3.311470,0.0117
92,3.307774,0.0117
93,3.303360,0.0117
94,3.298640,0.0117
95,3.293883,0.0117
96,3.290270,0.0117
97,3.285341,0.0117
98,3.281234,0.0117
99,3.276748,0.0117
100,3.272877,0.0117
101,3.268927,0.0117
102,3.264564,0.0117
103,3.260258,0.0112
104,3.255717,0.0112
105,3.251557,0.0112
106,3.246935,0.0113
107,3.243090,0.0117
108,3.238688,0.0117
109,3.234383,0.0117
110,3.230772,0.0116
111,3.226225,0.0117
112,3.222549,0.0116
113,3.218271,0.0112
114,3.215038,0.0112
115,3.210038,0.0117
116,3.207006,0.0117
117,3.203313,0.0118
118,3.199950,0.0117
119,3.196396,0.0117
120,3.192834,0.0116
121,3.189110,0.0112
122,3.184458,0.0113
123,3.181003,0.0118
124,3.177417,0.0150
125,3.173615,0.0131
126,3.170955,0.0109
127,3.167915,0.0113
128,3.163953,0.0117
129,3.160632,0.0117
130,3.156980,0.0117
131,3.152521,0.0117
132,3.148556,0.0117
133,3.144989,0.0117
134,3.141112,0.0117
135,3.136858,0.0117
136,3.133814,0.0117
137,3.130526,0.0117
138,3.126190,0.0117
139,3.123003,0.0116
140,3.119334,0.0112
141,3.115753,0.0112
142,3.112036,0.0113
143,3.108769,0.0116
144,3.104628,0.0117
145,3.102048,0.0117
146,3.099072,0.0117
147,3.095561,0.0117
148,3.091415,0.0117
149,3.088200,0.0117
150,3.084716,0.0117
151,3.080864,0.0117
152,3.077248,0.0117
153,3.074573,0.0117
154,3.071349,0.0117
155,3.068608,0.0116
156,3.065420,0.0113
157,3.061380,0.0118
158,3.057862,0.0117
159,3.054517,0.0116
160,3.051280,0.0117
161,3.048215,0.0116
162,3.045330,0.0112
163,3.042030,0.0112
164,3.039274,0.0113
165,3.036035,0.0117
166,3.032403,0.0118
167,3.029058,0.0117
168,3.027061,0.0117
169,3.023927,0.0118
170,3.020346,0.0118
171,3.017233,0.0117
172,3.014284,0.0117
173,3.011416,0.0118
174,3.008629,0.0117
175,3.005282,0.0117
176,3.001797,0.0117
177,2.998725,0.0117
178,2.995458,0.0117
179,2.991467,0.0117
180,2.988017,0.0117
181,2.985085,0.0118
182,2.981939,0.0117
183,2.978775,0.0116
184,2.975849,0.0105
185,2.972268,0.0097
186,2.968868,0.0094
187,2.965556,0.0093
188,2.962171,0.0096
189,2.959692,0.0107
190,2.956722,0.0110
191,2.953716,0.0112
192,2.950319,0.0112
193,2.946917,0.0112
194,2.944194,0.0114
195,2.940987,0.0117
196,2.937677,0.0117
197,2.934922,0.0118
198,2.931682,0.0117
199,2.928723,0.0117
200,2.925385,0.0116
201,2.922552,0.0112
202,2.919460,0.0114
203,2.916075,0.0117
204,2.912867,0.0118
205,2.910265,0.0117
206,2.906825,0.0118
207,2.904193,0.0117
208,2.901083,0.0117
209,2.897903,0.0118
210,2.894626,0.0117
211,2.891846,0.0117
212,2.889119,0.0117
213,2.886400,0.0117
214,2.883088,0.0117
215,2.880902,0.0116
216,2.878504,0.0114
217,2.875187,0.0117
218,2.872346,0.0117
219,2.868905,0.0117
220,2.865905,0.0117
221,2.862957,0.0116
222,2.861588,0.0112
223,2.857843,0.0113
224,2.854983,0.0117
225,2.852318,0.0117
226,2.849227,0.0118
227,2.845875,0.0118
228,2.843358,0.0116
229,2.840529,0.0112
230,2.837494,0.0112
231,2.834795,0.0113
232,2.830799,0.0118
233,2.827225,0.0118
234,2.824378,0.0117
235,2.820769,0.0116
236,2.818167,0.0112
237,2.815072,0.0112
238,2.811969,0.0112
239,2.808044,0.0113
240,2.804973,0.0118
241,2.802067,0.0117
242,2.799104,0.0117
243,2.796346,0.0118
244,2.793901,0.0118
245,2.790061,0.0116
246,2.787483,0.0132
247,2.784642,0.0115
248,2.780981,0.0118
249,2.778396,0.0117
250,2.775944,0.0117
251,2.772667,0.0117
252,2.769082,0.0117
253,2.766283,0.0114
254,2.763777,0.0117
255,2.760471,0.0118
256,2.757146,0.0117
257,2.755298,0.0117
258,2.752163,0.0117
259,2.749349,0.0116
260,2.746428,0.0113
261,2.743608,0.0117
262,2.740857,0.0117
263,2.737594,0.0117
264,2.735339,0.0117
265,2.732141,0.0117
266,2.729648,0.0117
267,2.726713,0.0117
268,2.723729,0.0114
269,2.721287,0.0118
270,2.718571,0.0118
271,2.715563,0.0118
272,2.712716,0.0117
273,2.710288,0.0118
274,2.707613,0.0117
275,2.704521,0.0112
276,2.702068,0.0113
277,2.698916,0.0118
278,2.696545,0.0118
279,2.693719,0.0117
280,2.691280,0.0117
281,2.687874,0.0116
282,2.685337,0.0112
283,2.682340,0.0113
284,2.680892,0.0117
285,2.677655,0.0117
286,2.674741,0.0118
287,2.672187,0.0117
288,2.669178,0.0117
289,2.666510,0.0117
290,2.663309,0.0113
291,2.659751,0.0117
292,2.656319,0.0117
293,2.653534,0.0118
294,2.650593,0.0117
295,2.647543,0.0117
296,2.644945,0.0118
297,2.641963,0.0117
298,2.638853,0.0113
299,2.635949,0.0118
300,2.633125,0.0117
301,2.630939,0.0119
302,2.628324,0.0106
303,2.625719,0.0110
304,2.623465,0.0113
305,2.620899,0.0118
306,2.618058,0.0118
307,2.614730,0.0118
308,2.611726,0.0118
309,2.609485,0.0117
310,2.606623,0.0112
311,2.603939,0.0113
312,2.600299,0.0117
313,2.597682,0.0118
314,2.595158,0.0117
315,2.591830,0.0117
316,2.588310,0.0118
317,2.585338,0.0109
318,2.582641,0.0098
319,2.579462,0.0095
320,2.576553,0.0095
321,2.573473,0.0097
322,2.570879,0.0106
323,2.567648,0.0110
324,2.564135,0.0112
325,2.561666,0.0112
326,2.559358,0.0113
327,2.556828,0.0114
328,2.553879,0.0118
329,2.551183,0.0118
330,2.548082,0.0118
331,2.545791,0.0119
332,2.542802,0.0117
333,2.540671,0.0112
334,2.540033,0.0114
335,2.538332,0.0118
336,2.536497,0.0118
337,2.533770,0.0118
338,2.531332,0.0118
339,2.527889,0.0117
340,2.524609,0.0118
341,2.521435,0.0118
342,2.517996,0.0118
343,2.515319,0.0118
344,2.512044,0.0118
345,2.509836,0.0118
346,2.507540,0.0117
347,2.504597,0.0112
348,2.501146,0.0113
349,2.498495,0.0114
350,2.495295,0.0117
351,2.492988,0.0118
352,2.490137,0.0118
353,2.488429,0.0111
354,2.486710,0.0098
355,2.485212,0.0099
356,2.482740,0.0098
357,2.479501,0.0107
358,2.476943,0.0109
359,2.474169,0.0109
360,2.471303,0.0110
361,2.468854,0.0109
362,2.464908,0.0149
363,2.461931,0.0120
364,2.458068,0.0118
365,2.456332,0.0117
366,2.453628,0.0113
367,2.450878,0.0114
368,2.447632,0.0118
369,2.444566,0.0118
370,2.441831,0.0118
371,2.438823,0.0118
372,2.435833,0.0118
373,2.433019,0.0118
374,2.430027,0.0118
375,2.427603,0.0118
376,2.424703,0.0118
377,2.422358,0.0118
378,2.420002,0.0118
379,2.416361,0.0118
380,2.413258,0.0113
381,2.410489,0.0114
382,2.407680,0.0118
383,2.404518,0.0119
384,2.402066,0.0118
385,2.399025,0.0118
386,2.396535,0.0117
387,2.394186,0.0109
388,2.391968,0.0101
389,2.389784,0.0113
390,2.387259,0.0114
391,2.383849,0.0118
392,2.380444,0.0118
393,2.377488,0.0118
394,2.373874,0.0118
395,2.371357,0.0118
396,2.368547,0.0113
397,2.366762,0.0113
398,2.363980,0.0114
399,2.361138,0.0118
400,2.358376,0.0119
401,2.356159,0.0119
402,2.353626,0.0117
403,2.350756,0.0113
404,2.349365,0.0114
405,2.347013,0.0113
406,2.343849,0.0114
407,2.341360,0.0118
408,2.337399,0.0120
409,2.333591,0.0119
410,2.330966,0.0118
411,2.328414,0.0113
412,2.324746,0.0113
413,2.322642,0.0114
414,2.318836,0.0118
415,2.315985,0.0118
416,2.313703,0.0118
417,2.311377,0.0119
418,2.308087,0.0117
419,2.306666,0.0113
420,2.303924,0.0113
421,2.301404,0.0115
422,2.299137,0.0119
423,2.296545,0.0118
424,2.293006,0.0118
425,2.290403,0.0117
426,2.287443,0.0113
427,2.284123,0.0114
428,2.282163,0.0119
429,2.278616,0.0119
430,2.276518,0.0119
431,2.274157,0.0117
432,2.271809,0.0114
433,2.270259,0.0113
434,2.267692,0.0114
435,2.265088,0.0115
436,2.262457,0.0119
437,2.260609,0.0119
438,2.257466,0.0118
439,2.253854,0.0117
440,2.251510,0.0113
441,2.249285,0.0114
442,2.247132,0.0119
443,2.245141,0.0119
444,2.242476,0.0119
445,2.238163,0.0119
446,2.234350,0.0118
447,2.231085,0.0114
448,2.229187,0.0113
449,2.228005,0.0115
450,2.225772,0.0118
451,2.223073,0.0119
452,2.219559,0.0120
453,2.216350,0.0118
454,2.213314,0.0113
455,2.211114,0.0113
456,2.207736,0.0116
457,2.204818,0.0119
458,2.201059,0.0118
459,2.201748,0.0119
460,2.205573,0.0118
461,2.207707,0.0114
462,2.206536,0.0114
463,2.201815,0.0115
464,2.196995,0.0119
465,2.192991,0.0119
466,2.188446,0.0119
467,2.185021,0.0119
468,2.182326,0.0118
469,2.179338,0.0115
470,2.175385,0.0115
471,2.172089,0.0119
472,2.168572,0.0119
473,2.166426,0.0119
474,2.163303,0.0119
475,2.160477,0.0118
476,2.157793,0.0114
477,2.154500,0.0114
478,2.151050,0.0115
479,2.147829,0.0119
480,2.144085,0.0119
481,2.140932,0.0119
482,2.138218,0.0118
483,2.135593,0.0124
484,2.132892,0.0112
485,2.130316,0.0116
486,2.127383,0.0120
487,2.124594,0.0119
488,2.122921,0.0119
489,2.119882,0.0118
490,2.118444,0.0114
491,2.116034,0.0114
492,2.113128,0.0116
493,2.110548,0.0119
494,2.107426,0.0119
495,2.104348,0.0119
496,2.101675,0.0118
497,2.098384,0.0114
498,2.095308,0.0116
499,2.092371,0.0119
500,2.089491,0.0119
501,2.087205,0.0120
502,2.084332,0.0118
503,2.082008,0.0115
504,2.078936,0.0114
505,2.076455,0.0115
506,2.073354,0.0120
507,2.070397,0.0120
508,2.069093,0.0120
509,2.066834,0.0119
510,2.063940,0.0114
511,2.060530,0.0114
512,2.058449,0.0116
513,2.056117,0.0120
514,2.052668,0.0119
515,2.051692,0.0120
516,2.052962,0.0119
517,2.055160,0.0114
518,2.052546,0.0114
519,2.046800,0.0116
520,2.041471,0.0120
521,2.037447,0.0120
522,2.036325,0.0119
523,2.035288,0.0119
524,2.033729,0.0115
525,2.031232,0.0116
526,2.027433,0.0120
527,2.024400,0.0120
528,2.021498,0.0120
529,2.020786,0.0118
530,2.018769,0.0115
531,2.015838,0.0115
532,2.012916,0.0116
533,2.011499,0.0120
534,2.010626,0.0120
535,2.006948,0.0120
536,2.004372,0.0119
537,2.001145,0.0115
538,1.999805,0.0115
539,2.001121,0.0115
540,2.002267,0.0116
541,2.002513,0.0120
542,1.999752,0.0120
543,1.997665,0.0120
544,1.994260,0.0119
545,1.989963,0.0115
546,1.986606,0.0116
547,1.983031,0.0120
548,1.978879,0.0120
549,1.975906,0.0120
550,1.972214,0.0120
551,1.969055,0.0115
552,1.964827,0.0115
553,1.961815,0.0116
554,1.960497,0.0121
555,1.958393,0.0120
556,1.955744,0.0121
557,1.953076,0.0119
558,1.950692,0.0115
559,1.947425,0.0117
560,1.944382,0.0121
561,1.941055,0.0121
562,1.936994,0.0120
563,1.933787,0.0119
564,1.931492,0.0116
565,1.928752,0.0116
566,1.927564,0.0120
567,1.926677,0.0120
568,1.923851,0.0120
569,1.920541,0.0119
570,1.917369,0.0115
571,1.913888,0.0116
572,1.911509,0.0116
573,1.909329,0.0120
574,1.908116,0.0120
575,1.907004,0.0121
576,1.903649,0.0119
577,1.901658,0.0116
578,1.899163,0.0116
579,1.896288,0.0120
580,1.893627,0.0121
581,1.889657,0.0121
582,1.889204,0.0120
583,1.886562,0.0115
584,1.883862,0.0117
585,1.882066,0.0121
586,1.879731,0.0121
587,1.877426,0.0121
588,1.874387,0.0120
589,1.870868,0.0116
590,1.868222,0.0117
591,1.865131,0.0121
592,1.863561,0.0121
593,1.860698,0.0121
594,1.857900,0.0120
595,1.856125,0.0116
596,1.855380,0.0116
597,1.854056,0.0118
598,1.853116,0.0122
599,1.855845,0.0121
600,1.860101,0.0121
601,1.859535,0.0112
602,1.855091,0.0115
603,1.849582,0.0119
604,1.845482,0.0121
605,1.842211,0.0121
606,1.840478,0.0116
607,1.837406,0.0114
608,1.833199,0.0118
609,1.831027,0.0121
610,1.828420,0.0122
611,1.825344,0.0121
612,1.822982,0.0117
613,1.820868,0.0142
614,1.818387,0.0123
615,1.815480,0.0123
616,1.812814,0.0122
617,1.810333,0.0116
618,1.806955,0.0114
619,1.805986,0.0119
620,1.803743,0.0122
621,1.801436,0.0123
622,1.799520,0.0121
623,1.797736,0.0117
624,1.795172,0.0115
625,1.792552,0.0119
626,1.791999,0.0122
627,1.794014,0.0122
628,1.793068,0.0118
629,1.789927,0.0118
630,1.785418,0.0118
631,1.782991,0.0123
632,1.779718,0.0123
633,1.777757,0.0122
634,1.775330,0.0118
635,1.772637,0.0115
636,1.771515,0.0116
637,1.771311,0.0121
638,1.769595,0.0123
639,1.766618,0.0123
640,1.762935,0.0119
641,1.760669,0.0116
642,1.759624,0.0116
643,1.756784,0.0121
644,1.752753,0.0123
645,1.750912,0.0123
646,1.747760,0.0119
647,1.746717,0.0116
648,1.744619,0.0121
649,1.741016,0.0123
650,1.737928,0.0124
651,1.734515,0.0123
652,1.732267,0.0119
653,1.728290,0.0121
654,1.724527,0.0124
655,1.721529,0.0125
656,1.718545,0.0120
657,1.715692,0.0117
658,1.713786,0.0118
659,1.710403,0.0123
660,1.707825,0.0125
661,1.705239,0.0125
662,1.703703,0.0121
663,1.702272,0.0118
664,1.700973,0.0122
665,1.698809,0.0125
666,1.696721,0.0125
667,1.695094,0.0121
668,1.692178,0.0119
669,1.691607,0.0123
670,1.689291,0.0125
671,1.685806,0.0125
672,1.682457,0.0121
673,1.680518,0.0119
674,1.677458,0.0122
675,1.674345,0.0125
676,1.673482,0.0126
677,1.672593,0.0121
678,1.671702,0.0120
679,1.670485,0.0124
680,1.670730,0.0126
681,1.668907,0.0127
682,1.665978,0.0122
683,1.664382,0.0120
684,1.662117,0.0125
685,1.660481,0.0126
686,1.657652,0.0127
687,1.655667,0.0123
688,1.652678,0.0121
689,1.649307,0.0127
690,1.647919,0.0127
691,1.644551,0.0123
692,1.643096,0.0121
693,1.640388,0.0121
694,1.638535,0.0127
695,1.635760,0.0128
696,1.632779,0.0123
697,1.629416,0.0121
698,1.625883,0.0123
699,1.623803,0.0128
700,1.620846,0.0129
701,1.618801,0.0124
702,1.615975,0.0122
703,1.613470,0.0127
704,1.611126,0.0129
705,1.612544,0.0125
706,1.615049,0.0122
707,1.612213,0.0122
708,1.607470,0.0129
709,1.606616,0.0129
710,1.605283,0.0122
711,1.602129,0.0121
712,1.600964,0.0128
713,1.601506,0.0130
714,1.600914,0.0125
715,1.597556,0.0122
716,1.594257,0.0128
717,1.590782,0.0130
718,1.589396,0.0126
719,1.587536,0.0123
720,1.582833,0.0128
721,1.579942,0.0130
722,1.577982,0.0130
723,1.576029,0.0123
724,1.574185,0.0124
725,1.571168,0.0130
726,1.568005,0.0131
727,1.565286,0.0123
728,1.563695,0.0124
729,1.560799,0.0130
730,1.558484,0.0131
731,1.557647,0.0127
732,1.556023,0.0125
733,1.554197,0.0130
734,1.552626,0.0143
735,1.550266,0.0125
736,1.548686,0.0124
737,1.547104,0.0131
738,1.544191,0.0132
739,1.540744,0.0125
740,1.538178,0.0117
741,1.536825,0.0122
742,1.534676,0.0125
743,1.532669,0.0126
744,1.529741,0.0122
745,1.527490,0.0123
746,1.526348,0.0128
747,1.524669,0.0133
748,1.521649,0.0126
749,1.519223,0.0125
750,1.516363,0.0132
751,1.514216,0.0133
752,1.512855,0.0126
753,1.510485,0.0125
754,1.508340,0.0133
755,1.506411,0.0133
756,1.506148,0.0126
757,1.504174,0.0127
758,1.504041,0.0133
759,1.503342,0.0134
760,1.501729,0.0127
761,1.500663,0.0132
762,1.498084,0.0133
763,1.495580,0.0129
764,1.494403,0.0125
765,1.491558,0.0133
766,1.489221,0.0133
767,1.486406,0.0127
768,1.484854,0.0126
769,1.481706,0.0133
770,1.478480,0.0134
771,1.477645,0.0128
772,1.476435,0.0133
773,1.477086,0.0134
774,1.476540,0.0127
775,1.475985,0.0127
776,1.474294,0.0134
777,1.473688,0.0134
778,1.471575,0.0128
779,1.469519,0.0132
780,1.467291,0.0135
781,1.464754,0.0128
782,1.461831,0.0127
783,1.458667,0.0135
784,1.456195,0.0135
785,1.452464,0.0129
786,1.449744,0.0135
787,1.449703,0.0136
788,1.451873,0.0128
789,1.451403,0.0128
790,1.448802,0.0137
791,1.444772,0.0132
792,1.441324,0.0127
793,1.439463,0.0131
794,1.439768,0.0136
795,1.440217,0.0129
796,1.440340,0.0131
797,1.439802,0.0136
798,1.438040,0.0132
799,1.435279,0.0130
800,1.433587,0.0136
801,1.433205,0.0137
802,1.432939,0.0131
803,1.430022,0.0136
804,1.427896,0.0137
805,1.426362,0.0128
806,1.422703,0.0133
807,1.419370,0.0137
808,1.417306,0.0131
809,1.414248,0.0130
810,1.411527,0.0138
811,1.409084,0.0133
812,1.407771,0.0130
813,1.409421,0.0138
814,1.409921,0.0138
815,1.409608,0.0129
816,1.407923,0.0134
817,1.404801,0.0139
818,1.401515,0.0129
819,1.399981,0.0130
820,1.397415,0.0134
821,1.396788,0.0131
822,1.395697,0.0128
823,1.393234,0.0132
824,1.388144,0.0135
825,1.395174,0.0129
826,1.400458,0.0128
827,1.401410,0.0133
828,1.399505,0.0134
829,1.395929,0.0129
830,1.392723,0.0133
831,1.389281,0.0138
832,1.385814,0.0131
833,1.386598,0.0129
834,1.381145,0.0133
835,1.379380,0.0134
836,1.379655,0.0130
837,1.379340,0.0133
838,1.375512,0.0138
839,1.371966,0.0129
840,1.370119,0.0133
841,1.366684,0.0139
842,1.365028,0.0143
843,1.362152,0.0141
844,1.362586,0.0139
845,1.361969,0.0130
846,1.360044,0.0134
847,1.359761,0.0138
848,1.358498,0.0130
849,1.355759,0.0132
850,1.354980,0.0139
851,1.354128,0.0132
852,1.354210,0.0132
853,1.352247,0.0139
854,1.350062,0.0133
855,1.348239,0.0131
856,1.346567,0.0136
857,1.342966,0.0135
858,1.339905,0.0131
859,1.337401,0.0135
860,1.334140,0.0135
861,1.332363,0.0126
862,1.331807,0.0128
863,1.330917,0.0131
864,1.328169,0.0129
865,1.326064,0.0128
866,1.324701,0.0131
867,1.321750,0.0134
868,1.320309,0.0130
869,1.319437,0.0128
870,1.316911,0.0133
871,1.315593,0.0134
872,1.312871,0.0129
873,1.312184,0.0131
874,1.310746,0.0134
875,1.310497,0.0130
876,1.310052,0.0129
877,1.309676,0.0134
878,1.310248,0.0137
879,1.309977,0.0131
880,1.312887,0.0134
881,1.320983,0.0138
882,1.325448,0.0133
883,1.323515,0.0134
884,1.320326,0.0138
885,1.320189,0.0133
886,1.317029,0.0131
887,1.310795,0.0138
888,1.307227,0.0135
889,1.303805,0.0131
890,1.301460,0.0138
891,1.297197,0.0138
892,1.293583,0.0132
893,1.292253,0.0136
894,1.290424,0.0139
895,1.287088,0.0133
896,1.283071,0.0139
897,1.278577,0.0139
898,1.277884,0.0134
899,1.276222,0.0136
900,1.274239,0.0140
901,1.272961,0.0131
902,1.271841,0.0137
903,1.269119,0.0136
904,1.267409,0.0132
905,1.264869,0.0135
906,1.261599,0.0135
907,1.261751,0.0132
908,1.259383,0.0135
909,1.256535,0.0138
910,1.252759,0.0133
911,1.250313,0.0137
912,1.248706,0.0138
913,1.248343,0.0133
914,1.245874,0.0136
915,1.243482,0.0139
916,1.243643,0.0133
917,1.246247,0.0136
918,1.247930,0.0139
919,1.245301,0.0133
920,1.245332,0.0136
921,1.242242,0.0142
922,1.239342,0.0135
923,1.236828,0.0136
924,1.231775,0.0139
925,1.227557,0.0135
926,1.225385,0.0135
927,1.223155,0.0139
928,1.222047,0.0135
929,1.221623,0.0136
930,1.229419,0.0139
931,1.236107,0.0135
932,1.227122,0.0135
933,1.221763,0.0137
934,1.226104,0.0135
935,1.226630,0.0135
936,1.219156,0.0139
937,1.214040,0.0135
938,1.215737,0.0134
939,1.215729,0.0140
940,1.212277,0.0134
941,1.208172,0.0135
942,1.206137,0.0140
943,1.204761,0.0137
944,1.202997,0.0136
945,1.200466,0.0140
946,1.197292,0.0136
947,1.198377,0.0136
948,1.199202,0.0139
949,1.197898,0.0135
950,1.197580,0.0136
951,1.195212,0.0139
952,1.192361,0.0135
953,1.190331,0.0136
954,1.188324,0.0139
955,1.184793,0.0136
956,1.184026,0.0135
957,1.183717,0.0138
958,1.183608,0.0129
959,1.181093,0.0122
960,1.183517,0.0121
961,1.185477,0.0121
962,1.183552,0.0121
963,1.183339,0.0121
964,1.177260,0.0120
965,1.176830,0.0121
966,1.178320,0.0120
967,1.181854,0.0120
968,1.179309,0.0121
969,1.175804,0.0120
970,1.172723,0.0120
971,1.170068,0.0121
972,1.168452,0.0121
973,1.165544,0.0121
974,1.162520,0.0119
975,1.163120,0.0121
976,1.162787,0.0121
977,1.161179,0.0121
978,1.158525,0.0121
979,1.158420,0.0120
980,1.157209,0.0120
981,1.155976,0.0121
982,1.153377,0.0121
983,1.152617,0.0120
984,1.152337,0.0121
985,1.151920,0.0121
986,1.149994,0.0120
987,1.146798,0.0122
988,1.144608,0.0120
989,1.143699,0.0120
990,1.142613,0.0122
991,1.141052,0.0122
992,1.138834,0.0121
993,1.137910,0.0120
994,1.135860,0.0122
995,1.133753,0.0120
996,1.132910,0.0121
997,1.131934,0.0122
998,1.129473,0.0121
999,1.128018,0.0122
1000,1.128331,0.0121
1001,1.124688,0.0121
1002,1.122218,0.0122
1003,1.122736,0.0122
1004,1.122710,0.0122
1005,1.122018,0.0122
1006,1.120708,0.0122
1007,1.118984,0.0121
1008,1.117572,0.0122
1009,1.117464,0.0123
1010,1.116566,0.0122
1011,1.118159,0.0122
1012,1.118495,0.0123
1013,1.117201,0.0123
1014,1.113713,0.0123
1015,1.110603,0.0123
1016,1.107403,0.0124
1017,1.106691,0.0124
1018,1.105757,0.0124
1019,1.104853,0.0124
1020,1.107574,0.0125
1021,1.112640,0.0126
1022,1.118728,0.0126
1023,1.132671,0.0127
1024,1.147045,0.0127
1025,1.151215,0.0127
1026,1.150702,0.0127
1027,1.147789,0.0127
1028,1.142073,0.0128
1029,1.134482,0.0127
1030,1.128667,0.0128
1031,1.122532,0.0128
1032,1.118240,0.0125
1033,1.117493,0.0124
1034,1.116104,0.0123
1035,1.118430,0.0124
1036,1.119807,0.0123
1037,1.120439,0.0123
1038,1.120955,0.0123
1039,1.116993,0.0124
1040,1.113104,0.0125
1041,1.109847,0.0124
1042,1.108509,0.0125
1043,1.107749,0.0125
1044,1.105571,0.0126
1045,1.103144,0.0126
1046,1.100955,0.0127
1047,1.099185,0.0128
1048,1.096053,0.0128
1049,1.094535,0.0129
1050,1.092978,0.0130
1051,1.095757,0.0130
1052,1.094119,0.0131
1053,1.091599,0.0132
1054,1.090469,0.0133
1055,1.090463,0.0135
1056,1.086994,0.0136
1057,1.085092,0.0138
1058,1.084603,0.0138
1059,1.079742,0.0139
1060,1.076692,0.0140
1061,1.074906,0.0141
1062,1.072694,0.0141
1063,1.072024,0.0142
1064,1.069727,0.0143
1065,1.068407,0.0144
1066,1.067423,0.0145
1067,1.067133,0.0146
1068,1.066799,0.0147
1069,1.066454,0.0150
1070,1.063538,0.0152
1071,1.062610,0.0151
1072,1.062174,0.0153
1073,1.060836,0.0156
1074,1.058425,0.0156
1075,1.056290,0.0157
1076,1.056443,0.0159
1077,1.054830,0.0160
1078,1.055326,0.0162
1079,1.062957,0.0164
1080,1.068108,0.0168
1081,1.066090,0.0167
1082,1.059724,0.0169
1083,1.056086,0.0171
1084,1.059745,0.0173
1085,1.061477,0.0175
1086,1.059189,0.0178
1087,1.057644,0.0180
1088,1.055351,0.0182
1089,1.051713,0.0184
1090,1.049079,0.0186
1091,1.047021,0.0189
1092,1.045712,0.0191
1093,1.048896,0.0193
1094,1.050553,0.0198
1095,1.050336,0.0198
1096,1.047215,0.0200
1097,1.044108,0.0206
1098,1.039081,0.0209
1099,1.036874,0.0208
1100,1.034146,0.0211
1101,1.031224,0.0214
1102,1.029891,0.0220
1103,1.041649,0.0220
1104,1.042099,0.0223
1105,1.045821,0.0229
1106,1.044593,0.0229
1107,1.036734,0.0231
1108,1.033930,0.0234
1109,1.031287,0.0238
1110,1.029510,0.0245
1111,1.027525,0.0244
1112,1.025262,0.0252
1113,1.022527,0.0251
1114,1.020539,0.0260
1115,1.018660,0.0259
1116,1.015799,0.0263
1117,1.013160,0.0267
1118,1.014160,0.0271
1119,1.016029,0.0275
1120,1.017814,0.0286
1121,1.021231,0.0289
1122,1.023055,0.0290
1123,1.021972,0.0294
1124,1.017795,0.0299
1125,1.017371,0.0304
1126,1.010884,0.0309
1127,1.013445,0.0319
1128,1.011221,0.0326
1129,1.006647,0.0328
1130,0.999122,0.0331
1131,0.996998,0.0334
1132,0.994541,0.0337
1133,0.993920,0.0339
1134,0.991845,0.0343
1135,0.987221,0.0346
1136,0.988404,0.0349
1137,0.986008,0.0353
1138,0.988790,0.0357
1139,0.985321,0.0361
1140,0.985274,0.0365
1141,0.979720,0.0369
1142,0.975242,0.0372
1143,0.970115,0.0376
1144,0.968335,0.0380
1145,0.965957,0.0384
1146,0.962654,0.0388
1147,0.972919,0.0392
1148,0.972734,0.0396
1149,0.973086,0.0400
1150,0.979477,0.0404
1151,0.977174,0.0408
1152,0.972354,0.0412
1153,0.966765,0.0418
1154,0.967473,0.0420
1155,0.961191,0.0422
1156,0.955214,0.0425
1157,0.956018,0.0429
1158,0.955714,0.0433
1159,0.958385,0.0437
1160,0.965921,0.0441
1161,0.972675,0.0444
1162,0.970305,0.0447
1163,0.970674,0.0450
1164,0.956451,0.0452
1165,0.951869,0.0454
1166,0.948896,0.0456
1167,0.953559,0.0457
1168,0.944780,0.0457
1169,0.942740,0.0458
1170,0.941367,0.0460
1171,0.938192,0.0461
1172,0.931058,0.0462
1173,0.929044,0.0463
1174,0.932182,0.0465
1175,0.933341,0.0467
1176,0.932611,0.0469
1177,0.932683,0.0470
1178,0.932156,0.0472
1179,0.925432,0.0475
1180,0.923340,0.0476
1181,0.918847,0.0478
1182,0.912965,0.0481
1183,0.912189,0.0482
1184,0.904683,0.0484
1185,0.902074,0.0487
1186,0.901634,0.0489
1187,0.901410,0.0491
1188,0.897160,0.0492
1189,0.895883,0.0495
1190,0.899146,0.0496
1191,0.893532,0.0499
1192,0.891587,0.0501
1193,0.890168,0.0504
1194,0.888714,0.0506
1195,0.890796,0.0509
1196,0.889519,0.0511
1197,0.884751,0.0513
1198,0.882118,0.0515
1199,0.882006,0.0517
1200,0.878526,0.0520
1201,0.878820,0.0522
1202,0.871011,0.0524
1203,0.872312,0.0526
1204,0.869972,0.0528
1205,0.868973,0.0530
1206,0.863682,0.0532
1207,0.867349,0.0535
1208,0.869047,0.0537
1209,0.869040,0.0541
1210,0.867576,0.0539
1211,0.865332,0.0541
1212,0.861158,0.0542
1213,0.866506,0.0542
1214,0.864039,0.0542
1215,0.870489,0.0543
1216,0.863703,0.0544
1217,0.882662,0.0546
1218,0.894871,0.0547
1219,0.896010,0.0547
1220,0.888249,0.0548
1221,0.875620,0.0548
1222,0.862092,0.0548
1223,0.846073,0.0548
1224,0.837989,0.0548
1225,0.849629,0.0549
1226,0.865535,0.0549
1227,0.869734,0.0550
1228,0.873026,0.0551
1229,0.871741,0.0550
1230,0.863195,0.0551
1231,0.855549,0.0553
1232,0.843596,0.0553
1233,0.843057,0.0552
1234,0.859845,0.0553
1235,0.866364,0.0553
1236,0.859720,0.0555
1237,0.852143,0.0552
1238,0.843260,0.0554
1239,0.825013,0.0554
1240,0.836418,0.0554
1241,0.834514,0.0553
1242,0.824326,0.0554
1243,0.823041,0.0554
1244,0.826702,0.0553
1245,0.826456,0.0553
1246,0.827217,0.0553
1247,0.822148,0.0554
1248,0.823669,0.0554
1249,0.821719,0.0554
1250,0.817783,0.0553
1251,0.811341,0.0555
1252,0.811497,0.0554
1253,0.802747,0.0553
1254,0.806243,0.0554
1255,0.803510,0.0560
1256,0.801941,0.0558
1257,0.806907,0.0559
1258,0.805171,0.0561
1259,0.804822,0.0562
1260,0.806308,0.0565
1261,0.806349,0.0565
1262,0.801669,0.0567
1263,0.801190,0.0570
1264,0.798925,0.0570
1265,0.800212,0.0572
1266,0.801234,0.0576
1267,0.796848,0.0592
1268,0.805264,0.0582
1269,0.797942,0.0586
1270,0.791305,0.0589
1271,0.789259,0.0592
1272,0.791136,0.0607
1273,0.788595,0.0595
1274,0.801468,0.0598
1275,0.800774,0.0603
1276,0.800942,0.0621
1277,0.800501,0.0610
1278,0.790521,0.0628
1279,0.786486,0.0616
1280,0.787594,0.0635
1281,0.791583,0.0640
1282,0.782089,0.0645
1283,0.788118,0.0635
1284,0.786098,0.0640
1285,0.790310,0.0661
1286,0.798540,0.0663
1287,0.797862,0.0667
1288,0.799068,0.0671
1289,0.799166,0.0674
1290,0.797885,0.0678
1291,0.796755,0.0680
1292,0.792463,0.0684
1293,0.793673,0.0686
1294,0.783602,0.0689
1295,0.782123,0.0695
1296,0.781424,0.0701
1297,0.782297,0.0699
1298,0.780200,0.0704
1299,0.778293,0.0711
1300,0.786487,0.0721
1301,0.791077,0.0731
1302,0.789365,0.0750
1303,0.782369,0.0750
1304,0.778421,0.0750
1305,0.793028,0.0751
1306,0.797146,0.0751
1307,0.800931,0.0733
1308,0.804821,0.0734
1309,0.816728,0.0733
1310,0.808302,0.0734
1311,0.796822,0.0732
1312,0.780558,0.0734
1313,0.781493,0.0733
1314,0.774023,0.0734
1315,0.765550,0.0758
1316,0.764306,0.0752
1317,0.751342,0.0752
1318,0.756506,0.0734
1319,0.755553,0.0734
1320,0.758066,0.0734
1321,0.756408,0.0734
1322,0.749156,0.0735
1323,0.749162,0.0734
1324,0.749651,0.0734
1325,0.750708,0.0734
1326,0.750647,0.0735
1327,0.747625,0.0734
1328,0.740950,0.0735
1329,0.744340,0.0734
1330,0.742216,0.0734
1331,0.737087,0.0734
1332,0.734523,0.0735
1333,0.736989,0.0734
1334,0.730029,0.0734
1335,0.732435,0.0734
1336,0.732806,0.0734
1337,0.730620,0.0734
1338,0.727651,0.0735
1339,0.731707,0.0735
1340,0.731705,0.0735
1341,0.733657,0.0736
1342,0.732755,0.0736
1343,0.733900,0.0735
1344,0.729001,0.0736
1345,0.725070,0.0735
1346,0.721883,0.0735
1347,0.723603,0.0736
1348,0.731665,0.0736
1349,0.737135,0.0736
1350,0.739698,0.0736
1351,0.734419,0.0736
1352,0.725054,0.0734
1353,0.725343,0.0734
1354,0.732724,0.0734
1355,0.729243,0.0735
1356,0.737840,0.0736
1357,0.729558,0.0736
1358,0.732706,0.0735
1359,0.722816,0.0735
1360,0.723234,0.0736
1361,0.722370,0.0736
1362,0.716585,0.0736
1363,0.711847,0.0736
1364,0.711276,0.0736
1365,0.712560,0.0736
1366,0.712126,0.0736
1367,0.703729,0.0736
1368,0.702248,0.0739
1369,0.698657,0.0735
1370,0.686676,0.0736
1371,0.688351,0.0735
1372,0.687611,0.0736
1373,0.689437,0.0735
1374,0.685452,0.0736
1375,0.683194,0.0736
1376,0.681933,0.0734
1377,0.682795,0.0734
1378,0.680999,0.0734
1379,0.681709,0.0753
1380,0.677162,0.0809
1381,0.679021,0.0753
1382,0.675041,0.0753
1383,0.680259,0.0735
1384,0.679218,0.0734
1385,0.686748,0.0735
1386,0.687548,0.0735
1387,0.685816,0.0735
1388,0.691775,0.0735
1389,0.686837,0.0735
1390,0.684679,0.0734
1391,0.680746,0.0734
1392,0.676582,0.0734
1393,0.673525,0.0734
1394,0.676984,0.0735
1395,0.676449,0.0734
1396,0.702244,0.0734
1397,0.713721,0.0734
1398,0.716911,0.0734
1399,0.708908,0.0734
1400,0.709931,0.0734
1401,0.708141,0.0734
1402,0.710041,0.0733
1403,0.700134,0.0733
1404,0.700522,0.0733
1405,0.698838,0.0732
1406,0.691929,0.0733
1407,0.688846,0.0733
1408,0.683444,0.0733
1409,0.682923,0.0733
1410,0.681243,0.0733
1411,0.677793,0.0733
1412,0.672176,0.0733
1413,0.671518,0.0733
1414,0.670741,0.0733
1415,0.671529,0.0733
1416,0.666648,0.0733
1417,0.663587,0.0733
1418,0.663211,0.0733
1419,0.662266,0.0733
1420,0.660090,0.0733
1421,0.653360,0.0733
1422,0.656015,0.0733
1423,0.651866,0.0734
1424,0.652482,0.0735
1425,0.651705,0.0735
1426,0.647608,0.0735
1427,0.645357,0.0736
1428,0.642083,0.0741
1429,0.642432,0.0737
1430,0.647020,0.0736
1431,0.644394,0.0736
1432,0.641188,0.0736
1433,0.641730,0.0736
1434,0.644877,0.0736
1435,0.649016,0.0735
1436,0.653006,0.0753
1437,0.653395,0.0753
1438,0.651503,0.0753
1439,0.646087,0.0754
1440,0.644481,0.0754
1441,0.640503,0.0754
1442,0.642090,0.0754
1443,0.642105,0.0754
1444,0.646906,0.0754
1445,0.646288,0.0735
1446,0.644012,0.0735
1447,0.638325,0.0735
1448,0.641003,0.0735
1449,0.641511,0.0735
1450,0.643961,0.0735
1451,0.641614,0.0735
1452,0.633100,0.0735
1453,0.628870,0.0737
1454,0.624460,0.0736
1455,0.620842,0.0736
1456,0.621740,0.0736
1457,0.615819,0.0736
1458,0.614682,0.0736
1459,0.612840,0.0736
1460,0.617985,0.0736
1461,0.616891,0.0736
1462,0.617485,0.0737
1463,0.616233,0.0736
1464,0.611853,0.0736
1465,0.610802,0.0753
1466,0.607842,0.0753
1467,0.613635,0.0753
1468,0.610699,0.0753
1469,0.611901,0.0753
1470,0.613879,0.0753
1471,0.612306,0.0753
1472,0.613578,0.0753
1473,0.616403,0.0753
1474,0.618903,0.0753
1475,0.610590,0.0753
1476,0.612580,0.0753
1477,0.605616,0.0753
1478,0.605399,0.0735
1479,0.608476,0.0734
1480,0.605916,0.0733
1481,0.603135,0.0734
1482,0.604289,0.0735
1483,0.605200,0.0736
1484,0.600314,0.0736
1485,0.598927,0.0736
1486,0.601842,0.0736
1487,0.596561,0.0736
1488,0.612568,0.0735
1489,0.619726,0.0736
1490,0.609904,0.0737
1491,0.608610,0.0736
1492,0.605648,0.0737
1493,0.601235,0.0737
1494,0.602763,0.0737
1495,0.599963,0.0737
1496,0.596743,0.0739
1497,0.603052,0.0738
1498,0.598906,0.0738
1499,0.599216,0.0738
1500,0.599172,0.0737
1501,0.602152,0.0740
1502,0.601354,0.0738
1503,0.599070,0.0738
1504,0.596363,0.0739
1505,0.584149,0.0738
1506,0.590285,0.0738
1507,0.591843,0.0738
1508,0.590116,0.0738
1509,0.589637,0.0738
1510,0.588443,0.0738
1511,0.583207,0.0737
1512,0.582610,0.0736
1513,0.577101,0.0737
1514,0.580521,0.0737
1515,0.581525,0.0737
1516,0.581160,0.0737
1517,0.583643,0.0737
1518,0.588789,0.0737
1519,0.581976,0.0758
1520,0.588224,0.0756
1521,0.598274,0.0756
1522,0.607325,0.0756
1523,0.603559,0.0756
1524,0.601919,0.0756
1525,0.594616,0.0756
1526,0.590581,0.0756
1527,0.585873,0.0756
1528,0.595029,0.0756
1529,0.604075,0.0756
1530,0.605059,0.0757
1531,0.607710,0.0756
1532,0.607784,0.0756
1533,0.605209,0.0756
1534,0.607324,0.0756
1535,0.607092,0.0755
1536,0.594582,0.0756
1537,0.590349,0.0738
1538,0.580474,0.0737
1539,0.573390,0.0737
1540,0.569873,0.0737
1541,0.565538,0.0737
1542,0.567788,0.0738
1543,0.572809,0.0739
1544,0.571600,0.0739
1545,0.573616,0.0739
1546,0.570547,0.0739
1547,0.566829,0.0739
1548,0.568099,0.0739
1549,0.569503,0.0738
1550,0.564976,0.0739
1551,0.563575,0.0739
1552,0.560830,0.0756
1553,0.558012,0.0756
1554,0.556865,0.0739
1555,0.552836,0.0740
1556,0.550102,0.0740
1557,0.550487,0.0739
1558,0.544539,0.0740
1559,0.548264,0.0740
1560,0.555438,0.0739
1561,0.556686,0.0739
1562,0.564773,0.0740
1563,0.565501,0.0740
1564,0.565442,0.0740
1565,0.564421,0.0740
1566,0.564100,0.0739
1567,0.561568,0.0740
1568,0.563245,0.0739
1569,0.564192,0.0740
1570,0.560626,0.0739
1571,0.556932,0.0739
1572,0.552556,0.0739
1573,0.558423,0.0739
1574,0.553612,0.0741
1575,0.555266,0.0739
1576,0.545742,0.0739
1577,0.553308,0.0739
1578,0.553384,0.0737
1579,0.538907,0.0739
1580,0.537814,0.0739
1581,0.539503,0.0739
1582,0.539690,0.0739
1583,0.535443,0.0739
1584,0.530209,0.0739
1585,0.525677,0.0739
1586,0.535431,0.0739
1587,0.544450,0.0739
1588,0.541723,0.0739
1589,0.538898,0.0739
1590,0.545403,0.0739
1591,0.538994,0.0739
1592,0.533747,0.0739
1593,0.533091,0.0739
1594,0.531643,0.0739
1595,0.527534,0.0740
1596,0.522413,0.0739
1597,0.526077,0.0740
1598,0.533002,0.0738
1599,0.530597,0.0740
1600,0.521961,0.0740
1601,0.516880,0.0740
1602,0.521461,0.0739
1603,0.524681,0.0740
1604,0.523318,0.0740
1605,0.522895,0.0740
1606,0.519897,0.0740
1607,0.523568,0.0740
1608,0.520881,0.0740
1609,0.519031,0.0740
1610,0.512256,0.0739
1611,0.520665,0.0739
1612,0.526569,0.0740
1613,0.519332,0.0739
1614,0.520707,0.0739
1615,0.518959,0.0739
1616,0.522091,0.0740
1617,0.513124,0.0740
1618,0.510173,0.0740
1619,0.514576,0.0741
1620,0.513370,0.0740
1621,0.519213,0.0740
1622,0.535474,0.0740
1623,0.544350,0.0741
1624,0.554497,0.0741
1625,0.557531,0.0741
1626,0.558537,0.0742
1627,0.564102,0.0741
1628,0.565519,0.0741
1629,0.569780,0.0741
1630,0.570530,0.0741
1631,0.562853,0.0741
1632,0.551433,0.0741
1633,0.546946,0.0742
1634,0.548948,0.0741
1635,0.543304,0.0742
1636,0.530400,0.0742
1637,0.530711,0.0742
1638,0.534927,0.0741
1639,0.542375,0.0742
1640,0.536421,0.0743
1641,0.524487,0.0741
1642,0.512465,0.0742
1643,0.515460,0.0742
1644,0.517326,0.0742
1645,0.518718,0.0744
1646,0.519787,0.0742
1647,0.512008,0.0742
1648,0.513551,0.0742
1649,0.516053,0.0742
1650,0.515090,0.0742
1651,0.514700,0.0744
1652,0.516505,0.0745
1653,0.518238,0.0743
1654,0.533742,0.0743
1655,0.540421,0.0744
1656,0.541435,0.0746
1657,0.531756,0.0762
1658,0.520205,0.0759
1659,0.515667,0.0762
1660,0.515711,0.0761
1661,0.522583,0.0761
1662,0.528187,0.0763
1663,0.524596,0.0765
1664,0.519734,0.0762
1665,0.515090,0.0743
1666,0.508477,0.0745
1667,0.507563,0.0745
1668,0.505114,0.0739
1669,0.509296,0.0743
1670,0.504918,0.0743
1671,0.500689,0.0743
1672,0.503388,0.0746
1673,0.502778,0.0748
1674,0.502319,0.0748
1675,0.498756,0.0745
1676,0.497227,0.0749
1677,0.500886,0.0748
1678,0.500853,0.0746
1679,0.500912,0.0746
1680,0.498399,0.0750
1681,0.499056,0.0750
1682,0.494689,0.0745
1683,0.491672,0.0746
1684,0.492632,0.0746
1685,0.491625,0.0746
1686,0.495017,0.0746
1687,0.501032,0.0746
1688,0.507196,0.0749
1689,0.517653,0.0746
1690,0.520849,0.0747
1691,0.518217,0.0747
1692,0.520249,0.0747
1693,0.522532,0.0747
1694,0.537651,0.0747
1695,0.539193,0.0747
1696,0.537067,0.0748
1697,0.536368,0.0749
1698,0.530608,0.0747
1699,0.528473,0.0751
1700,0.522080,0.0748
1701,0.516993,0.0750
1702,0.513015,0.0751
1703,0.513814,0.0750
1704,0.510044,0.0765
1705,0.508427,0.0769
1706,0.507110,0.0769
1707,0.505993,0.0770
1708,0.508721,0.0770
1709,0.510551,0.0767
1710,0.501153,0.0770
1711,0.505870,0.0755
1712,0.502631,0.0755
1713,0.502166,0.0750
1714,0.495124,0.0751
1715,0.491852,0.0754
1716,0.492873,0.0750
1717,0.488306,0.0755
1718,0.493300,0.0752
1719,0.490074,0.0751
1720,0.489944,0.0751
1721,0.491743,0.0755
1722,0.487329,0.0751
1723,0.490637,0.0753
1724,0.486821,0.0753
1725,0.482384,0.0751
1726,0.482955,0.0751
1727,0.476613,0.0751
1728,0.472686,0.0755
1729,0.476006,0.0754
1730,0.471770,0.0752
1731,0.472025,0.0750
1732,0.469567,0.0752
1733,0.474469,0.0750
1734,0.469042,0.0751
1735,0.464756,0.0753
1736,0.471450,0.0749
1737,0.468851,0.0753
1738,0.469915,0.0750
1739,0.468486,0.0752
1740,0.466334,0.0751
1741,0.466735,0.0749
1742,0.469102,0.0750
1743,0.469510,0.0749
1744,0.469268,0.0745
1745,0.473008,0.0751
1746,0.471612,0.0751
1747,0.467911,0.0750
1748,0.469842,0.0751
1749,0.467236,0.0750
1750,0.470497,0.0747
1751,0.471832,0.0751
1752,0.471215,0.0747
1753,0.470446,0.0747
1754,0.468109,0.0747
1755,0.466764,0.0751
1756,0.461051,0.0747
1757,0.464788,0.0751
1758,0.465682,0.0749
1759,0.469540,0.0750
1760,0.471831,0.0749
1761,0.469877,0.0750
1762,0.475410,0.0750
1763,0.466482,0.0752
1764,0.466940,0.0750
1765,0.460141,0.0750
1766,0.460423,0.0751
1767,0.457691,0.0748
1768,0.473498,0.0750
1769,0.471580,0.0748
1770,0.462860,0.0749
1771,0.461669,0.0750
1772,0.455891,0.0748
1773,0.452017,0.0751
1774,0.453580,0.0747
1775,0.451216,0.0748
1776,0.456469,0.0750
1777,0.461180,0.0748
1778,0.452987,0.0749
1779,0.458609,0.0747
1780,0.468769,0.0760
1781,0.465366,0.0767
1782,0.465156,0.0767
1783,0.465311,0.0769
1784,0.464282,0.0768
1785,0.468549,0.0765
1786,0.467214,0.0768
1787,0.463876,0.0763
1788,0.463661,0.0767
1789,0.456089,0.0768
1790,0.452406,0.0768
1791,0.448701,0.0767
1792,0.447541,0.0767
1793,0.447593,0.0769
1794,0.447509,0.0769
1795,0.448054,0.0769
1796,0.446125,0.0771
1797,0.448881,0.0769
1798,0.446919,0.0770
1799,0.443911,0.0768
1800,0.452359,0.0763
1801,0.457101,0.0768
1802,0.464236,0.0769
1803,0.467060,0.0768
1804,0.464337,0.0769
1805,0.455119,0.0751
1806,0.449116,0.0751
1807,0.445688,0.0753
1808,0.445601,0.0755
1809,0.452595,0.0752
1810,0.448455,0.0751
1811,0.438637,0.0751
1812,0.446817,0.0754
1813,0.451059,0.0751
1814,0.457956,0.0752
1815,0.455888,0.0755
1816,0.452618,0.0756
1817,0.453052,0.0750
1818,0.456393,0.0752
1819,0.450834,0.0754
1820,0.457702,0.0757
1821,0.463730,0.0755
1822,0.464515,0.0754
1823,0.468035,0.0753
1824,0.474524,0.0756
1825,0.475853,0.0756
1826,0.467989,0.0756
1827,0.461486,0.0755
1828,0.450814,0.0757
1829,0.444566,0.0753
1830,0.439125,0.0754
1831,0.435914,0.0753
1832,0.437487,0.0753
1833,0.439642,0.0756
1834,0.434319,0.0754
1835,0.432951,0.0758
1836,0.427316,0.0754
1837,0.427206,0.0751
1838,0.423493,0.0752
1839,0.421684,0.0756
1840,0.422866,0.0754
1841,0.422185,0.0755
1842,0.424793,0.0752
1843,0.431381,0.0753
1844,0.431576,0.0752
1845,0.433124,0.0750
1846,0.432331,0.0751
1847,0.428507,0.0751
1848,0.422369,0.0751
1849,0.417891,0.0747
1850,0.413755,0.0747
1851,0.424182,0.0748
1852,0.433716,0.0747
1853,0.443901,0.0748
1854,0.448907,0.0747
1855,0.465398,0.0747
1856,0.480044,0.0746
1857,0.481806,0.0748
1858,0.476530,0.0746
1859,0.475753,0.0746
1860,0.474202,0.0746
1861,0.474509,0.0748
1862,0.486313,0.0747
1863,0.493408,0.0746
1864,0.500332,0.0765
1865,0.505838,0.0765
1866,0.508754,0.0764
1867,0.510359,0.0761
1868,0.503846,0.0765
1869,0.497397,0.0765
1870,0.495352,0.0764
1871,0.494110,0.0764
1872,0.489826,0.0764
1873,0.487604,0.0765
1874,0.481610,0.0765
1875,0.476443,0.0764
1876,0.466809,0.0768
1877,0.462634,0.0764
1878,0.455807,0.0761
1879,0.451232,0.0764
1880,0.445273,0.0763
1881,0.445788,0.0764
1882,0.442415,0.0763
1883,0.436739,0.0764
1884,0.434119,0.0763
1885,0.431658,0.0764
1886,0.432689,0.0763
1887,0.434473,0.0763
1888,0.433876,0.0764
1889,0.432955,0.0764
1890,0.435189,0.0763
1891,0.436875,0.0764
1892,0.436585,0.0764
1893,0.434565,0.0765
1894,0.430223,0.0764
1895,0.428328,0.0762
1896,0.427565,0.0764
1897,0.424062,0.0763
1898,0.420670,0.0763
1899,0.423829,0.0763
1900,0.429758,0.0764
1901,0.434467,0.0764
1902,0.439515,0.0765
1903,0.438549,0.0764
1904,0.435128,0.0746
1905,0.438074,0.0745
1906,0.430568,0.0745
1907,0.426741,0.0744
1908,0.426272,0.0745
1909,0.426114,0.0744
1910,0.430919,0.0744
1911,0.432883,0.0745
1912,0.428693,0.0746
1913,0.431395,0.0746
1914,0.430399,0.0744
1915,0.434677,0.0746
1916,0.437973,0.0745
1917,0.441089,0.0745
1918,0.442670,0.0745
1919,0.443980,0.0748
1920,0.441407,0.0748
1921,0.442522,0.0747
1922,0.440604,0.0747
1923,0.434226,0.0748
1924,0.441456,0.0747
1925,0.435373,0.0746
1926,0.433013,0.0747
1927,0.427702,0.0748
1928,0.423945,0.0780
1929,0.418856,0.0748
1930,0.417452,0.0748
1931,0.417868,0.0744
1932,0.421490,0.0743
1933,0.419688,0.0750
1934,0.418549,0.0745
1935,0.417297,0.0748
1936,0.409036,0.0747
1937,0.411349,0.0747
1938,0.410085,0.0747
1939,0.412184,0.0746
1940,0.407824,0.0749
1941,0.406114,0.0748
1942,0.408260,0.0749
1943,0.407339,0.0743
1944,0.407922,0.0748
1945,0.408989,0.0748
1946,0.406116,0.0747
1947,0.403737,0.0744
1948,0.400270,0.0746
1949,0.398213,0.0748
1950,0.392908,0.0745
1951,0.396454,0.0746
1952,0.396625,0.0746
1953,0.397057,0.0748
1954,0.393644,0.0745
1955,0.395410,0.0746
1956,0.391338,0.0746
1957,0.391834,0.0748
1958,0.389052,0.0744
1959,0.389726,0.0746
1960,0.393176,0.0746
1961,0.395261,0.0746
1962,0.395963,0.0747
1963,0.393391,0.0746
1964,0.393208,0.0748
1965,0.390745,0.0746
1966,0.386299,0.0748
1967,0.387565,0.0748
1968,0.419298,0.0746
1969,0.434533,0.0748
1970,0.438044,0.0746
1971,0.442918,0.0746
1972,0.448016,0.0747
1973,0.450826,0.0746
1974,0.458525,0.0747
1975,0.464081,0.0748
1976,0.465224,0.0746
1977,0.471698,0.0749
1978,0.472387,0.0747
1979,0.473920,0.0749
1980,0.463327,0.0749
1981,0.453985,0.0747
1982,0.441679,0.0749
1983,0.444743,0.0746
1984,0.436794,0.0749
1985,0.434670,0.0747
1986,0.429148,0.0747
1987,0.431264,0.0748
1988,0.430095,0.0749
1989,0.427487,0.0747
1990,0.421534,0.0749
1991,0.416183,0.0748
1992,0.416781,0.0750
1993,0.414196,0.0749
1994,0.411686,0.0749
1995,0.406647,0.0748
1996,0.400908,0.0749
1997,0.404534,0.0748
1998,0.403442,0.0767
1999,0.401079,0.0768
2000,0.398780,0.0767
2001,0.398628,0.0767
2002,0.399903,0.0768
2003,0.398534,0.0767
2004,0.396812,0.0768
2005,0.394382,0.0767
2006,0.395769,0.0770
2007,0.389548,0.0774
2008,0.389409,0.0768
2009,0.386372,0.0767
2010,0.388674,0.0749
2011,0.386666,0.0747
2012,0.383957,0.0747
2013,0.384011,0.0748
2014,0.382617,0.0750
2015,0.379550,0.0749
2016,0.380473,0.0748
2017,0.383043,0.0748
2018,0.389422,0.0748
2019,0.389697,0.0751
2020,0.387592,0.0744
2021,0.378508,0.0751
2022,0.375448,0.0744
2023,0.372259,0.0768
2024,0.372296,0.0769
2025,0.371143,0.0770
2026,0.374852,0.0770
2027,0.367757,0.0769
2028,0.365078,0.0770
2029,0.364804,0.0767
2030,0.371345,0.0770
2031,0.369521,0.0750
2032,0.369389,0.0770
2033,0.366759,0.0765
2034,0.367158,0.0770
2035,0.368261,0.0771
2036,0.367395,0.0771
2037,0.364963,0.0770
2038,0.363690,0.0769
2039,0.362926,0.0769
2040,0.361800,0.0772
2041,0.366950,0.0770
2042,0.366123,0.0752
2043,0.365202,0.0754
2044,0.365288,0.0757
2045,0.365721,0.0754
2046,0.364501,0.0757
2047,0.385036,0.0753
2048,0.402433,0.0755
2049,0.406851,0.0754
2050,0.409337,0.0753
2051,0.402491,0.0755
2052,0.396270,0.0755
2053,0.391888,0.0752
2054,0.387620,0.0757
2055,0.386129,0.0754
2056,0.385886,0.0748
2057,0.379751,0.0754
2058,0.375138,0.0757
2059,0.371673,0.0757
2060,0.373595,0.0757
2061,0.371233,0.0752
2062,0.366299,0.0754
2063,0.368943,0.0752
2064,0.365738,0.0770
2065,0.362394,0.0756
2066,0.360502,0.0756
2067,0.360512,0.0752
2068,0.362989,0.0753
2069,0.367457,0.0755
2070,0.371311,0.0748
2071,0.375869,0.0752
2072,0.379128,0.0753
2073,0.375369,0.0754
2074,0.373846,0.0756
2075,0.375903,0.0755
2076,0.372672,0.0756
2077,0.364831,0.0753
2078,0.361440,0.0753
2079,0.368619,0.0757
2080,0.369267,0.0755
2081,0.369291,0.0754
2082,0.364390,0.0757
2083,0.375024,0.0755
2084,0.378127,0.0754
2085,0.384514,0.0753
2086,0.390104,0.0754
2087,0.395300,0.0754
2088,0.395467,0.0758
2089,0.396573,0.0774
2090,0.385579,0.0776
2091,0.380439,0.0771
2092,0.379746,0.0769
2093,0.374906,0.0772
2094,0.363334,0.0774
2095,0.362914,0.0766
2096,0.364617,0.0770
2097,0.369652,0.0768
2098,0.372357,0.0776
2099,0.372611,0.0778
2100,0.368930,0.0774
2101,0.371625,0.0754
2102,0.374545,0.0758
2103,0.382787,0.0755
2104,0.397038,0.0755
2105,0.403990,0.0758
2106,0.399276,0.0753
2107,0.389382,0.0755
2108,0.379276,0.0755
2109,0.375817,0.0756
2110,0.375001,0.0758
2111,0.380385,0.0759
2112,0.378280,0.0759
2113,0.377528,0.0759
2114,0.377963,0.0755
2115,0.365880,0.0755
2116,0.361426,0.0756
2117,0.361738,0.0756
2118,0.361960,0.0756
2119,0.361541,0.0756
2120,0.362827,0.0760
2121,0.358384,0.0760
2122,0.355883,0.0760
2123,0.355662,0.0760
2124,0.352546,0.0777
2125,0.353262,0.0778
2126,0.353669,0.0774
2127,0.353013,0.0780
2128,0.356859,0.0778
2129,0.356835,0.0779
2130,0.355037,0.0774
2131,0.354167,0.0779
2132,0.352782,0.0779
2133,0.348068,0.0778
2134,0.350596,0.0777
2135,0.349359,0.0778
2136,0.356501,0.0778
2137,0.356085,0.0779
2138,0.358516,0.0780
2139,0.359186,0.0775
2140,0.359689,0.0778
2141,0.361392,0.0782
2142,0.355196,0.0768
2143,0.355335,0.0783
2144,0.359654,0.0780
2145,0.362269,0.0771
2146,0.357703,0.0779
2147,0.358891,0.0780
2148,0.358560,0.0775
2149,0.358057,0.0780
2150,0.359768,0.0781
2151,0.356526,0.0779
2152,0.358237,0.0786
2153,0.360398,0.0781
2154,0.360353,0.0781
2155,0.362578,0.0773
2156,0.364005,0.0784
2157,0.362242,0.0779
2158,0.365304,0.0760
2159,0.369545,0.0767
2160,0.368929,0.0765
2161,0.368040,0.0765
2162,0.362807,0.0761
2163,0.357940,0.0767
2164,0.356332,0.0762
2165,0.354837,0.0768
2166,0.350960,0.0761
2167,0.346508,0.0762
2168,0.343289,0.0782
2169,0.341142,0.0784
2170,0.340704,0.0781
2171,0.336420,0.0782
2172,0.334837,0.0785
2173,0.334129,0.0782
2174,0.336054,0.0785
2175,0.338595,0.0782
2176,0.337925,0.0777
2177,0.335233,0.0782
2178,0.336637,0.0780
2179,0.341030,0.0782
2180,0.342997,0.0778
2181,0.341546,0.0781
2182,0.342670,0.0783
2183,0.340696,0.0781
2184,0.339576,0.0782
2185,0.335948,0.0778
2186,0.346653,0.0778
2187,0.345334,0.0782
2188,0.340428,0.0783
2189,0.339692,0.0782
2190,0.340540,0.0783
2191,0.338659,0.0781
2192,0.338616,0.0778
2193,0.340306,0.0783
2194,0.340151,0.0784
2195,0.341718,0.0783
2196,0.348796,0.0783
2197,0.351358,0.0776
2198,0.354860,0.0780
2199,0.348936,0.0783
2200,0.346315,0.0785
2201,0.342464,0.0788
2202,0.338512,0.0783
2203,0.344702,0.0776
2204,0.360925,0.0783
2205,0.373289,0.0783
2206,0.373577,0.0785
2207,0.372019,0.0780
2208,0.368232,0.0784
2209,0.362653,0.0786
2210,0.359643,0.0777
2211,0.355730,0.0785
2212,0.343558,0.0787
2213,0.341099,0.0785
2214,0.336463,0.0791
2215,0.334127,0.0785
2216,0.329777,0.0782
2217,0.332506,0.0787
2218,0.331650,0.0772
2219,0.328977,0.0767
2220,0.341049,0.0771
2221,0.339384,0.0766
2222,0.340772,0.0775
2223,0.338893,0.0768
2224,0.342349,0.0767
2225,0.340622,0.0775
2226,0.337947,0.0772
2227,0.332327,0.0773
2228,0.329374,0.0768
2229,0.329192,0.0768
2230,0.326125,0.0776
2231,0.325459,0.0767
2232,0.329268,0.0768
2233,0.331073,0.0768
2234,0.331255,0.0773
2235,0.329211,0.0759
2236,0.326887,0.0770
2237,0.317470,0.0774
2238,0.319603,0.0769
2239,0.321071,0.0759
2240,0.325842,0.0774
2241,0.327150,0.0775
2242,0.322216,0.0775
2243,0.321519,0.0770
2244,0.320150,0.0778
2245,0.321145,0.0775
2246,0.321379,0.0775
2247,0.320153,0.0776
2248,0.319647,0.0773
2249,0.317711,0.0770
2250,0.321260,0.0760
2251,0.322134,0.0777
2252,0.322057,0.0780
2253,0.319773,0.0780
2254,0.317179,0.0770
2255,0.319117,0.0781
2256,0.317090,0.0778
2257,0.316625,0.0761
2258,0.314553,0.0772
2259,0.313443,0.0782
2260,0.313823,0.0779
2261,0.317668,0.0778
2262,0.319307,0.0773
2263,0.332433,0.0771
2264,0.354033,0.0773
2265,0.370457,0.0773
2266,0.383966,0.0783
2267,0.393565,0.0796
2268,0.391529,0.0784
2269,0.386568,0.0796
2270,0.380071,0.0793
2271,0.373485,0.0796
2272,0.365889,0.0797
2273,0.369124,0.0781
2274,0.371923,0.0773
2275,0.372982,0.0774
2276,0.376546,0.0781
2277,0.376580,0.0776
2278,0.374637,0.0783
2279,0.370733,0.0785
2280,0.364949,0.0775
2281,0.356368,0.0764
2282,0.350956,0.0786
2283,0.348689,0.0772
2284,0.345762,0.0781
2285,0.346731,0.0784
2286,0.344303,0.0777
2287,0.347585,0.0773
2288,0.353243,0.0765
2289,0.351245,0.0789
2290,0.347552,0.0785
2291,0.346591,0.0784
2292,0.351129,0.0779
2293,0.347094,0.0781
2294,0.345080,0.0790
2295,0.339760,0.0772
2296,0.333289,0.0782
2297,0.330066,0.0767
2298,0.333079,0.0782
2299,0.330917,0.0784
2300,0.326694,0.0789
2301,0.322001,0.0781
2302,0.320534,0.0781
2303,0.320042,0.0790
2304,0.319189,0.0783
2305,0.315581,0.0792
2306,0.315727,0.0792
2307,0.317273,0.0789
2308,0.319710,0.0792
2309,0.316701,0.0793
2310,0.317498,0.0784
2311,0.319632,0.0770
2312,0.314919,0.0797
2313,0.314869,0.0795
2314,0.312697,0.0798
2315,0.313011,0.0786
2316,0.307093,0.0796
2317,0.304874,0.0785
2318,0.304435,0.0794
2319,0.305739,0.0795
2320,0.310464,0.0786
2321,0.315371,0.0786
2322,0.318940,0.0796
2323,0.321746,0.0798
2324,0.322680,0.0797
2325,0.319760,0.0788
2326,0.317452,0.0782
2327,0.313998,0.0788
2328,0.310950,0.0788
2329,0.312976,0.0800
2330,0.312433,0.0789
2331,0.309309,0.0801
2332,0.306725,0.0790
2333,0.305307,0.0793
2334,0.307500,0.0804
2335,0.310394,0.0808
2336,0.308390,0.0777
2337,0.306261,0.0795
2338,0.305030,0.0778
2339,0.306872,0.0796
2340,0.303763,0.0810
2341,0.300429,0.0810
2342,0.299863,0.0795
2343,0.298223,0.0779
2344,0.297187,0.0779
2345,0.303452,0.0796
2346,0.303418,0.0797
2347,0.301308,0.0797
2348,0.300859,0.0797
2349,0.299166,0.0779
2350,0.293069,0.0795
2351,0.294440,0.0797
2352,0.294898,0.0813
2353,0.296842,0.0798
2354,0.296939,0.0810
2355,0.298140,0.0810
2356,0.297901,0.0810
2357,0.295742,0.0813
2358,0.293217,0.0798
2359,0.290815,0.0799
2360,0.292911,0.0814
2361,0.292015,0.0814
2362,0.292440,0.0799
2363,0.298532,0.0800
2364,0.298685,0.0800
2365,0.310962,0.0800
2366,0.301171,0.0800
2367,0.302599,0.0801
2368,0.304849,0.0801
2369,0.304850,0.0801
2370,0.301699,0.0813
2371,0.300070,0.0793
2372,0.298849,0.0814
2373,0.298677,0.0802
2374,0.295517,0.0801
2375,0.291899,0.0813
2376,0.290477,0.0803
2377,0.291800,0.0801
2378,0.295205,0.0801
2379,0.286467,0.0829
2380,0.288733,0.0813
2381,0.288756,0.0826
2382,0.289421,0.0823
2383,0.283145,0.0826
2384,0.284593,0.0822
2385,0.281603,0.0823
2386,0.283881,0.0826
2387,0.283354,0.0828
2388,0.291948,0.0826
2389,0.295374,0.0809
2390,0.299861,0.0801
2391,0.291179,0.0802
2392,0.288487,0.0801
2393,0.286823,0.0809
2394,0.289571,0.0796
2395,0.290217,0.0805
2396,0.285780,0.0805
2397,0.282556,0.0794
2398,0.280368,0.0796
2399,0.286896,0.0792
2400,0.287712,0.0795
2401,0.302445,0.0794
2402,0.323783,0.0792
2403,0.339945,0.0791
2404,0.341954,0.0801
2405,0.341401,0.0802
2406,0.339626,0.0803
2407,0.344314,0.0791
2408,0.343520,0.0791
2409,0.332787,0.0802
2410,0.324216,0.0792
2411,0.317062,0.0791
2412,0.311549,0.0791
2413,0.307464,0.0791
2414,0.303108,0.0800
2415,0.305047,0.0793
2416,0.299886,0.0790
2417,0.299497,0.0791
2418,0.297023,0.0799
2419,0.299199,0.0802
2420,0.299550,0.0801
2421,0.296130,0.0801
2422,0.293967,0.0803
2423,0.298070,0.0802
2424,0.294999,0.0802
2425,0.292269,0.0792
2426,0.285375,0.0804
2427,0.291314,0.0803
2428,0.296571,0.0803
2429,0.297193,0.0793
2430,0.300984,0.0805
2431,0.299355,0.0794
2432,0.294676,0.0793
2433,0.293936,0.0793
2434,0.295855,0.0793
2435,0.292929,0.0789
2436,0.298899,0.0807
2437,0.315320,0.0811
2438,0.328676,0.0811
2439,0.331969,0.0797
2440,0.325016,0.0798
2441,0.309060,0.0808
2442,0.304316,0.0781
2443,0.302323,0.0807
2444,0.306024,0.0799
2445,0.311035,0.0808
2446,0.309123,0.0809
2447,0.308536,0.0799
2448,0.308046,0.0799
2449,0.307699,0.0795
2450,0.304059,0.0799
2451,0.299110,0.0798
2452,0.290972,0.0808
2453,0.290535,0.0780
2454,0.292296,0.0813
2455,0.295819,0.0809
2456,0.291866,0.0795
2457,0.289254,0.0797
2458,0.288554,0.0812
2459,0.293560,0.0797
2460,0.287651,0.0794
2461,0.288236,0.0808
2462,0.287362,0.0811
2463,0.289386,0.0798
2464,0.290985,0.0794
2465,0.293486,0.0790
2466,0.289133,0.0797
2467,0.293079,0.0798
2468,0.292997,0.0798
2469,0.290802,0.0812
2470,0.290878,0.0798
2471,0.293791,0.0807
2472,0.291936,0.0798
2473,0.306048,0.0798
2474,0.338731,0.0809
2475,0.364325,0.0798
2476,0.370275,0.0808
2477,0.370095,0.0781
2478,0.358861,0.0799
2479,0.344268,0.0813
2480,0.323718,0.0800
2481,0.305224,0.0781
2482,0.296350,0.0814
2483,0.292068,0.0810
2484,0.293963,0.0792
2485,0.292975,0.0810
2486,0.288492,0.0814
2487,0.286945,0.0816
2488,0.290280,0.0806
2489,0.293972,0.0800
2490,0.284386,0.0799
2491,0.279667,0.0801
2492,0.274134,0.0794
2493,0.289444,0.0817
2494,0.301626,0.0818
2495,0.294080,0.0813
2496,0.290657,0.0817
2497,0.287400,0.0813
2498,0.296270,0.0802
2499,0.296748,0.0810
2500,0.289465,0.0800
2501,0.284195,0.0795
2502,0.281861,0.0785
2503,0.281583,0.0800
2504,0.281627,0.0814
2505,0.278376,0.0800
2506,0.285948,0.0818
2507,0.289926,0.0819
2508,0.291308,0.0781
2509,0.283008,0.0794
2510,0.282191,0.0812
2511,0.286675,0.0783
2512,0.289554,0.0796
2513,0.288155,0.0802
2514,0.284443,0.0802
2515,0.286539,0.0803
2516,0.287570,0.0819
2517,0.285847,0.0803
2518,0.278994,0.0819
2519,0.276313,0.0803
2520,0.273491,0.0819
2521,0.275110,0.0815
2522,0.274638,0.0816
2523,0.274562,0.0797
2524,0.273664,0.0821
2525,0.274964,0.0806
2526,0.270671,0.0816
2527,0.266293,0.0818
2528,0.265585,0.0818
2529,0.292700,0.0798
2530,0.296309,0.0808
2531,0.294634,0.0807
2532,0.289540,0.0787
2533,0.279431,0.0819
2534,0.277984,0.0824
2535,0.288455,0.0787
2536,0.283813,0.0819
2537,0.289994,0.0808
2538,0.296634,0.0820
2539,0.305255,0.0800
2540,0.303620,0.0808
2541,0.298506,0.0801
2542,0.303126,0.0808
2543,0.308724,0.0804
2544,0.299066,0.0825
2545,0.290719,0.0820
2546,0.292575,0.0809
2547,0.302510,0.0808
2548,0.292058,0.0825
2549,0.281103,0.0821
2550,0.278973,0.0810
2551,0.280798,0.0804
2552,0.278733,0.0825
2553,0.271033,0.0809
2554,0.278556,0.0809
2555,0.280474,0.0809
2556,0.282257,0.0820
2557,0.282379,0.0820
2558,0.284475,0.0789
2559,0.280959,0.0809
2560,0.282802,0.0809
2561,0.275657,0.0826
2562,0.284505,0.0820
2563,0.279850,0.0809
2564,0.277092,0.0826
2565,0.279493,0.0820
2566,0.275732,0.0826
2567,0.273106,0.0809
2568,0.279570,0.0809
2569,0.286291,0.0826
2570,0.294569,0.0808
2571,0.297625,0.0788
2572,0.290813,0.0805
2573,0.285200,0.0808
2574,0.281380,0.0821
2575,0.285409,0.0808
2576,0.282164,0.0808
2577,0.274716,0.0787
2578,0.279836,0.0818
2579,0.283422,0.0807
2580,0.276999,0.0819
2581,0.277392,0.0799
2582,0.273232,0.0806
2583,0.273967,0.0809
2584,0.269863,0.0818
2585,0.269508,0.0807
2586,0.270447,0.0802
2587,0.272025,0.0806
2588,0.267838,0.0804
2589,0.264689,0.0817
2590,0.265108,0.0806
2591,0.266145,0.0787
2592,0.263041,0.0823
2593,0.264190,0.0823
2594,0.265856,0.0784
2595,0.265345,0.0822
2596,0.264810,0.0818
2597,0.265679,0.0804
2598,0.267650,0.0817
2599,0.269902,0.0805
2600,0.270051,0.0817
2601,0.265003,0.0826
2602,0.264240,0.0830
2603,0.264537,0.0826
2604,0.259559,0.0826
2605,0.260050,0.0832
2606,0.262458,0.0830
2607,0.261549,0.0827
2608,0.259507,0.0830
2609,0.261825,0.0830
2610,0.260793,0.0817
2611,0.263199,0.0827
2612,0.267567,0.0816
2613,0.262417,0.0817
2614,0.260034,0.0826
2615,0.258927,0.0832
2616,0.259604,0.0839
2617,0.259868,0.0813
2618,0.259493,0.0833
2619,0.260477,0.0832
2620,0.258050,0.0833
2621,0.262532,0.0830
2622,0.264050,0.0830
2623,0.262219,0.0833
2624,0.259367,0.0830
2625,0.258965,0.0827
2626,0.260775,0.0830
2627,0.264412,0.0831
2628,0.271184,0.0813
2629,0.272798,0.0827
2630,0.274919,0.0830
2631,0.271879,0.0827
2632,0.270382,0.0831
2633,0.271094,0.0817
2634,0.272386,0.0832
2635,0.270606,0.0832
2636,0.269546,0.0833
2637,0.275955,0.0827
2638,0.276892,0.0827
2639,0.271708,0.0806
2640,0.263847,0.0824
2641,0.262534,0.0819
2642,0.264918,0.0806
2643,0.261207,0.0806
2644,0.264639,0.0804
2645,0.274363,0.0806
2646,0.282830,0.0800
2647,0.288905,0.0825
2648,0.288764,0.0806
2649,0.279775,0.0806
2650,0.276917,0.0806
2651,0.268615,0.0821
2652,0.263360,0.0806
2653,0.263852,0.0805
2654,0.265594,0.0784
2655,0.271691,0.0798
2656,0.271388,0.0806
2657,0.273494,0.0806
2658,0.277193,0.0806
2659,0.278372,0.0805
2660,0.277729,0.0784
2661,0.279955,0.0825
2662,0.289002,0.0806
2663,0.292145,0.0805
2664,0.294191,0.0807
2665,0.291858,0.0807
2666,0.303531,0.0807
2667,0.308843,0.0819
2668,0.305915,0.0807
2669,0.307963,0.0826
2670,0.306170,0.0805
2671,0.298406,0.0807
2672,0.292033,0.0832
2673,0.287924,0.0842
2674,0.288081,0.0834
2675,0.287463,0.0816
2676,0.282456,0.0831
2677,0.279097,0.0840
2678,0.277133,0.0831
2679,0.277344,0.0827
2680,0.271812,0.0831
2681,0.270583,0.0827
2682,0.274057,0.0833
2683,0.278651,0.0831
2684,0.279196,0.0833
2685,0.275476,0.0828
2686,0.269288,0.0833
2687,0.267558,0.0832
2688,0.266021,0.0828
2689,0.260485,0.0818
2690,0.256083,0.0817
2691,0.255233,0.0828
2692,0.251344,0.0828
2693,0.251199,0.0832
2694,0.246143,0.0828
2695,0.245925,0.0834
2696,0.246659,0.0828
2697,0.247394,0.0828
2698,0.244789,0.0832
2699,0.243175,0.0816
2700,0.242729,0.0817
2701,0.241319,0.0816
2702,0.238915,0.0831
2703,0.237999,0.0841
2704,0.241115,0.0833
2705,0.240933,0.0827
2706,0.243549,0.0833
2707,0.243907,0.0833
2708,0.245255,0.0832
2709,0.250379,0.0817
2710,0.253174,0.0826
2711,0.252752,0.0805
2712,0.257396,0.0830
2713,0.256737,0.0817
2714,0.253521,0.0832
2715,0.252367,0.0826
2716,0.251340,0.0838
2717,0.248907,0.0829
2718,0.248748,0.0831
2719,0.250574,0.0815
2720,0.249163,0.0815
2721,0.239229,0.0815
2722,0.241352,0.0831
2723,0.244238,0.0815
2724,0.253381,0.0831
2725,0.249679,0.0829
2726,0.245743,0.0806
2727,0.243768,0.0826
2728,0.246328,0.0831
2729,0.240491,0.0806
2730,0.237813,0.0838
2731,0.238469,0.0829
2732,0.240485,0.0816
2733,0.239170,0.0826
2734,0.235448,0.0807
2735,0.236883,0.0832
2736,0.240543,0.0832
2737,0.237707,0.0819
2738,0.233070,0.0831
2739,0.233747,0.0826
2740,0.230284,0.0832
2741,0.228019,0.0826
2742,0.226140,0.0826
2743,0.227349,0.0839
2744,0.223884,0.0830
2745,0.229341,0.0816
2746,0.227523,0.0813
2747,0.230396,0.0830
2748,0.236867,0.0839
2749,0.234715,0.0832
2750,0.235274,0.0832
2751,0.232627,0.0827
2752,0.233243,0.0816
2753,0.240956,0.0830
2754,0.238690,0.0830
2755,0.234182,0.0811
2756,0.234827,0.0811
2757,0.229411,0.0833
2758,0.233264,0.0808
2759,0.231563,0.0827
2760,0.227466,0.0840
2761,0.230687,0.0806
2762,0.235783,0.0823
2763,0.240543,0.0805
2764,0.241623,0.0803
2765,0.238486,0.0818
2766,0.234331,0.0822
2767,0.234183,0.0803
2768,0.233264,0.0816
2769,0.233056,0.0818
2770,0.234379,0.0805
2771,0.232563,0.0822
2772,0.230211,0.0822
2773,0.230425,0.0817
2774,0.230745,0.0804
2775,0.232866,0.0803
2776,0.237425,0.0798
2777,0.231388,0.0822
2778,0.234380,0.0804
2779,0.231151,0.0818
2780,0.232683,0.0804
2781,0.231700,0.0821
2782,0.231512,0.0816
2783,0.231294,0.0821
2784,0.234769,0.0804
2785,0.231732,0.0804
2786,0.226957,0.0820
2787,0.229540,0.0802
2788,0.226800,0.0803
2789,0.231483,0.0820
2790,0.228647,0.0794
2791,0.226473,0.0820
2792,0.232994,0.0803
2793,0.236198,0.0803
2794,0.235546,0.0820
2795,0.229614,0.0797
2796,0.226036,0.0815
2797,0.227490,0.0816
2798,0.227403,0.0813
2799,0.224773,0.0820
2800,0.220838,0.0820
2801,0.223675,0.0804
2802,0.227505,0.0802
2803,0.238202,0.0802
2804,0.252908,0.0816
2805,0.262180,0.0802
2806,0.262989,0.0803
2807,0.251929,0.0804
2808,0.239001,0.0798
2809,0.235293,0.0822
2810,0.236047,0.0805
2811,0.237307,0.0818
2812,0.234157,0.0803
2813,0.231371,0.0805
2814,0.228867,0.0786
2815,0.228615,0.0824
2816,0.232772,0.0818
2817,0.235204,0.0824
2818,0.238104,0.0824
2819,0.239493,0.0824
2820,0.237313,0.0820
2821,0.232600,0.0807
2822,0.231450,0.0805
2823,0.230635,0.0807
2824,0.233204,0.0807
2825,0.233863,0.0807
2826,0.237310,0.0819
2827,0.232216,0.0787
2828,0.233908,0.0825
2829,0.237875,0.0806
2830,0.237114,0.0806
2831,0.240416,0.0806
2832,0.237505,0.0826
2833,0.236375,0.0826
2834,0.234012,0.0821
2835,0.235314,0.0808
2836,0.228956,0.0806
2837,0.230961,0.0822
2838,0.229781,0.0823
2839,0.232599,0.0808
2840,0.230531,0.0808
2841,0.229281,0.0808
2842,0.227928,0.0809
2843,0.228247,0.0809
2844,0.230303,0.0823
2845,0.227159,0.0822
2846,0.228713,0.0827
2847,0.226974,0.0823
2848,0.226406,0.0809
2849,0.227821,0.0823
2850,0.227832,0.0827
2851,0.226730,0.0827
2852,0.233775,0.0788
2853,0.230900,0.0807
2854,0.227198,0.0827
2855,0.221681,0.0808
2856,0.219639,0.0827
2857,0.230536,0.0808
2858,0.239285,0.0826
2859,0.240916,0.0806
2860,0.238617,0.0808
2861,0.235099,0.0827
2862,0.238781,0.0819
2863,0.239553,0.0808
2864,0.232940,0.0806
2865,0.229960,0.0786
2866,0.231245,0.0808
2867,0.225541,0.0809
2868,0.221716,0.0806
2869,0.221767,0.0822
2870,0.225123,0.0827
2871,0.227725,0.0821
2872,0.231165,0.0809
2873,0.237625,0.0809
2874,0.242930,0.0828
2875,0.239125,0.0809
2876,0.236229,0.0809
2877,0.236759,0.0809
2878,0.229534,0.0828
2879,0.225916,0.0808
2880,0.222996,0.0822
2881,0.225587,0.0822
2882,0.222117,0.0808
2883,0.223819,0.0810
2884,0.224601,0.0823
2885,0.219804,0.0789
2886,0.222319,0.0828
2887,0.280802,0.0823
2888,0.305862,0.0810
2889,0.327038,0.0829
2890,0.327993,0.0828
2891,0.325416,0.0808
2892,0.311153,0.0810
2893,0.301597,0.0808
2894,0.296354,0.0808
2895,0.291668,0.0825
2896,0.283147,0.0829
2897,0.291704,0.0829
2898,0.293780,0.0829
2899,0.302061,0.0808
2900,0.302840,0.0829
2901,0.297837,0.0824
2902,0.297168,0.0801
2903,0.289088,0.0823
2904,0.282277,0.0810
2905,0.271257,0.0811
2906,0.264733,0.0823
2907,0.259614,0.0826
2908,0.256123,0.0811
2909,0.252517,0.0830
2910,0.250563,0.0836
2911,0.244752,0.0833
2912,0.244187,0.0833
2913,0.252015,0.0839
2914,0.256279,0.0833
2915,0.252657,0.0837
2916,0.250201,0.0837
2917,0.243938,0.0834
2918,0.243693,0.0840
2919,0.247823,0.0840
2920,0.252451,0.0840
2921,0.249224,0.0840
2922,0.246872,0.0838
2923,0.240770,0.0834
2924,0.238231,0.0834
2925,0.243787,0.0834
2926,0.245119,0.0841
2927,0.245877,0.0850
2928,0.244484,0.0844
2929,0.244983,0.0823
2930,0.242230,0.0841
2931,0.244458,0.0839
2932,0.246186,0.0838
2933,0.245656,0.0838
2934,0.241855,0.0840
2935,0.243334,0.0823
2936,0.246131,0.0834
2937,0.248089,0.0838
2938,0.249680,0.0841
2939,0.248381,0.0832
2940,0.247509,0.0831
2941,0.245208,0.0812
2942,0.237751,0.0811
2943,0.239629,0.0831
2944,0.235438,0.0831
2945,0.238822,0.0831
2946,0.252198,0.0832
2947,0.258526,0.0824
2948,0.260712,0.0826
2949,0.263131,0.0826
2950,0.263570,0.0813
2951,0.260912,0.0813
2952,0.256968,0.0789
2953,0.255022,0.0814
2954,0.248236,0.0825
2955,0.243203,0.0814
2956,0.234316,0.0826
2957,0.228982,0.0814
2958,0.223812,0.0814
2959,0.220119,0.0814
2960,0.225730,0.0827
2961,0.232668,0.0832
2962,0.235294,0.0815
2963,0.236088,0.0815
2964,0.264796,0.0816
2965,0.282259,0.0829
2966,0.293549,0.0815
2967,0.295609,0.0834
2968,0.294996,0.0815
2969,0.289040,0.0816
2970,0.282587,0.0835
2971,0.279657,0.0816
2972,0.276632,0.0835
2973,0.270419,0.0816
2974,0.267395,0.0835
2975,0.265346,0.0825
2976,0.259316,0.0793
2977,0.257540,0.0816
2978,0.270022,0.0826
2979,0.298643,0.0816
2980,0.312812,0.0830
2981,0.314061,0.0816
2982,0.304059,0.0835
2983,0.290853,0.0835
2984,0.277266,0.0816
2985,0.263010,0.0817
2986,0.258803,0.0816
2987,0.255977,0.0831
2988,0.255296,0.0816
2989,0.251253,0.0817
2990,0.247017,0.0816
2991,0.246318,0.0816
2992,0.238613,0.0816
2993,0.234891,0.0817
2994,0.258844,0.0816
2995,0.276864,0.0794
2996,0.279778,0.0816
2997,0.276813,0.0816
2998,0.267622,0.0818
2999,0.257843,0.0817
3000,0.252904,0.0816
3001,0.253406,0.0815
3002,0.256556,0.0829
3003,0.258731,0.0829
3004,0.257430,0.0814
3005,0.257392,0.0814
3006,0.258492,0.0827
3007,0.256966,0.0813
3008,0.249697,0.0826
3009,0.251338,0.0826
3010,0.246813,0.0808
3011,0.251963,0.0812
3012,0.247495,0.0811
3013,0.242760,0.0823
3014,0.247905,0.0810
3015,0.244997,0.0824
3016,0.243184,0.0827
3017,0.241218,0.0827
3018,0.235157,0.0809
3019,0.230318,0.0788
3020,0.221036,0.0809
3021,0.221844,0.0821
3022,0.221532,0.0809
3023,0.226336,0.0809
3024,0.232653,0.0809
3025,0.237886,0.0789
3026,0.236370,0.0823
3027,0.232071,0.0824
3028,0.224883,0.0810
3029,0.221313,0.0810
3030,0.216097,0.0827
3031,0.218445,0.0822
3032,0.218529,0.0824
3033,0.219137,0.0811
3034,0.224641,0.0824
3035,0.222845,0.0811
3036,0.233584,0.0825
3037,0.243789,0.0811
3038,0.246554,0.0830
3039,0.243549,0.0811
3040,0.232815,0.0824
3041,0.228776,0.0825
3042,0.225342,0.0830
3043,0.222800,0.0812
3044,0.217041,0.0811
3045,0.215693,0.0830
3046,0.218483,0.0830
3047,0.221579,0.0813
3048,0.217880,0.0827
3049,0.213760,0.0814
3050,0.211607,0.0830
3051,0.214463,0.0814
3052,0.216475,0.0813
3053,0.218264,0.0815
3054,0.220051,0.0814
3055,0.220442,0.0827
3056,0.220532,0.0814
3057,0.216836,0.0829
3058,0.211553,0.0814
3059,0.216102,0.0823
3060,0.211090,0.0826
3061,0.208961,0.0827
3062,0.208325,0.0827
3063,0.209199,0.0813
3064,0.206774,0.0828
3065,0.204602,0.0814
3066,0.204227,0.0829
3067,0.202665,0.0814
3068,0.203089,0.0829
3069,0.201331,0.0814
3070,0.203213,0.0815
3071,0.205490,0.0829
3072,0.202654,0.0830
3073,0.204234,0.0831
3074,0.202486,0.0814
3075,0.199440,0.0828
3076,0.197748,0.0817
3077,0.197325,0.0830
3078,0.198901,0.0832
3079,0.196339,0.0832
3080,0.198865,0.0831
3081,0.198156,0.0831
3082,0.199395,0.0829
3083,0.198232,0.0819
3084,0.199409,0.0838
3085,0.198498,0.0819
3086,0.199381,0.0820
3087,0.195035,0.0837
3088,0.193949,0.0818
3089,0.194222,0.0829
3090,0.192955,0.0846
3091,0.194242,0.0846
3092,0.196449,0.0839
3093,0.196617,0.0827
3094,0.196274,0.0846
3095,0.190858,0.0829
3096,0.188302,0.0839
3097,0.190192,0.0827
3098,0.193241,0.0827
3099,0.190331,0.0805
3100,0.191060,0.0846
3101,0.191463,0.0820
3102,0.185460,0.0827
3103,0.183776,0.0827
3104,0.195671,0.0827
3105,0.198422,0.0824
3106,0.200181,0.0825
3107,0.204526,0.0846
3108,0.207596,0.0864
3109,0.205863,0.0854
3110,0.205259,0.0849
3111,0.203303,0.0865
3112,0.211713,0.0850
3113,0.212273,0.0838
3114,0.209621,0.0853
3115,0.211736,0.0815
3116,0.209211,0.0838
3117,0.210265,0.0849
3118,0.210568,0.0850
3119,0.208217,0.0856
3120,0.210226,0.0856
3121,0.208168,0.0856
3122,0.208084,0.0854
3123,0.203785,0.0856
3124,0.210830,0.0849
3125,0.219020,0.0865
3126,0.233696,0.0853
3127,0.244767,0.0850
3128,0.249156,0.0856
3129,0.248886,0.0864
3130,0.249951,0.0855
3131,0.249139,0.0855
3132,0.244022,0.0852
3133,0.237741,0.0854
3134,0.225114,0.0852
3135,0.220968,0.0847
3136,0.217850,0.0852
3137,0.214935,0.0834
3138,0.207297,0.0845
3139,0.210684,0.0847
3140,0.212148,0.0857
3141,0.213514,0.0826
3142,0.214977,0.0842
3143,0.213407,0.0842
3144,0.218453,0.0855
3145,0.224717,0.0819
3146,0.223883,0.0818
3147,0.219170,0.0799
3148,0.221702,0.0832
3149,0.218890,0.0836
3150,0.213897,0.0818
3151,0.203156,0.0833
3152,0.204281,0.0818
3153,0.212019,0.0843
3154,0.212877,0.0842
3155,0.208903,0.0845
3156,0.206677,0.0838
3157,0.205690,0.0842
3158,0.202248,0.0842
3159,0.203189,0.0844
3160,0.202657,0.0828
3161,0.204047,0.0827
3162,0.202519,0.0845
3163,0.198257,0.0843
3164,0.217780,0.0827
3165,0.215049,0.0819
3166,0.217064,0.0825
3167,0.215900,0.0846
3168,0.213012,0.0843
3169,0.211181,0.0844
3170,0.208586,0.0845
3171,0.205657,0.0828
3172,0.202643,0.0844
3173,0.200829,0.0839
3174,0.198624,0.0839
3175,0.195093,0.0839
3176,0.195038,0.0823
3177,0.195701,0.0823
3178,0.196988,0.0852
3179,0.195492,0.0840
3180,0.194012,0.0845
3181,0.192141,0.0842
3182,0.192192,0.0839
3183,0.188818,0.0845
3184,0.193816,0.0853
3185,0.199483,0.0843
3186,0.201988,0.0843
3187,0.201913,0.0846
3188,0.203460,0.0844
3189,0.203859,0.0844
3190,0.201628,0.0840
3191,0.198296,0.0829
3192,0.198671,0.0840
3193,0.199508,0.0846
3194,0.199199,0.0844
3195,0.194262,0.0844
3196,0.192909,0.0841
3197,0.192261,0.0826
3198,0.189794,0.0840
3199,0.187990,0.0844
3200,0.187903,0.0854
3201,0.186428,0.0845
3202,0.190763,0.0846
3203,0.192418,0.0826
3204,0.193859,0.0846
3205,0.193368,0.0846
3206,0.188935,0.0840
3207,0.191705,0.0829
3208,0.193139,0.0843
3209,0.201521,0.0835
3210,0.207562,0.0817
3211,0.208174,0.0817
3212,0.206231,0.0835
3213,0.202589,0.0817
3214,0.202513,0.0816
3215,0.206982,0.0816
3216,0.206890,0.0816
3217,0.209072,0.0795
3218,0.207978,0.0827
3219,0.206082,0.0813
3220,0.206890,0.0813
3221,0.202587,0.0814
3222,0.201881,0.0814
3223,0.194177,0.0813
3224,0.191616,0.0813
3225,0.191734,0.0811
3226,0.194242,0.0829
3227,0.193445,0.0836
3228,0.193545,0.0838
3229,0.195175,0.0838
3230,0.194326,0.0827
3231,0.190344,0.0811
3232,0.189588,0.0817
3233,0.184774,0.0822
3234,0.182326,0.0804
3235,0.182923,0.0835
3236,0.183064,0.0819
3237,0.182738,0.0804
3238,0.182414,0.0821
3239,0.184462,0.0821
3240,0.183871,0.0834
3241,0.194604,0.0831
3242,0.194254,0.0814
3243,0.202439,0.0810
3244,0.203814,0.0793
3245,0.198903,0.0808
3246,0.199874,0.0809
3247,0.198712,0.0793
3248,0.195207,0.0808
3249,0.190577,0.0826
3250,0.192494,0.0810
3251,0.192264,0.0808
3252,0.194366,0.0821
3253,0.191960,0.0826
3254,0.190367,0.0826
3255,0.188295,0.0792
3256,0.187080,0.0793
3257,0.188150,0.0826
3258,0.186952,0.0810
3259,0.183730,0.0810
3260,0.181362,0.0827
3261,0.179851,0.0803
3262,0.177913,0.0793
3263,0.179177,0.0826
3264,0.183936,0.0817
3265,0.197931,0.0838
3266,0.208228,0.0835
3267,0.200004,0.0835
3268,0.191252,0.0832
3269,0.194102,0.0838
3270,0.203556,0.0832
3271,0.212367,0.0836
3272,0.207696,0.0823
3273,0.202878,0.0815
3274,0.203968,0.0836
3275,0.206370,0.0838
3276,0.205597,0.0838
3277,0.209399,0.0824
3278,0.210727,0.0818
3279,0.208558,0.0806
3280,0.205787,0.0834
3281,0.200893,0.0846
3282,0.199894,0.0815
3283,0.197655,0.0823
3284,0.198338,0.0809
3285,0.197296,0.0811
3286,0.196447,0.0822
3287,0.200732,0.0811
3288,0.199668,0.0810
3289,0.205195,0.0806
3290,0.204310,0.0834
3291,0.201617,0.0840
3292,0.196066,0.0840
3293,0.195662,0.0807
3294,0.193880,0.0817
3295,0.192961,0.0836
3296,0.193841,0.0840
3297,0.194446,0.0820
3298,0.184292,0.0830
3299,0.187692,0.0812
3300,0.197777,0.0814
3301,0.199197,0.0830
3302,0.193087,0.0812
3303,0.186499,0.0814
3304,0.187178,0.0825
3305,0.184514,0.0812
3306,0.180642,0.0826
3307,0.188832,0.0831
3308,0.183843,0.0814
3309,0.187265,0.0809
3310,0.190623,0.0831
3311,0.188904,0.0814
3312,0.193188,0.0814
3313,0.190461,0.0796
3314,0.189760,0.0815
3315,0.189807,0.0814
3316,0.191077,0.0831
3317,0.196563,0.0813
3318,0.205047,0.0796
3319,0.208820,0.0814
3320,0.203881,0.0814
3321,0.202890,0.0812
3322,0.197721,0.0814
3323,0.190034,0.0814
3324,0.184236,0.0820
3325,0.183875,0.0825
3326,0.184042,0.0826
3327,0.185751,0.0839
3328,0.183737,0.0839
3329,0.184029,0.0836
3330,0.181065,0.0842
3331,0.176274,0.0839
3332,0.179512,0.0836
3333,0.179141,0.0821
3334,0.177158,0.0841
3335,0.176660,0.0841
3336,0.175252,0.0841
3337,0.172863,0.0836
3338,0.171611,0.0833
3339,0.173234,0.0815
3340,0.171757,0.0815
3341,0.170947,0.0815
3342,0.171705,0.0815
3343,0.168112,0.0828
3344,0.169885,0.0814
3345,0.172118,0.0795
3346,0.176865,0.0815
3347,0.180333,0.0810
3348,0.183698,0.0815
3349,0.177737,0.0833
3350,0.179631,0.0815
3351,0.182896,0.0797
3352,0.179873,0.0828
3353,0.177950,0.0832
3354,0.171438,0.0816
3355,0.171103,0.0816
3356,0.171423,0.0837
3357,0.177836,0.0827
3358,0.183711,0.0826
3359,0.189157,0.0827
3360,0.191627,0.0841
3361,0.193462,0.0838
3362,0.196550,0.0838
3363,0.191803,0.0796
3364,0.187886,0.0817
3365,0.182543,0.0815
3366,0.181153,0.0831
3367,0.184810,0.0836
3368,0.185837,0.0817
3369,0.189395,0.0829
3370,0.188402,0.0839
3371,0.184079,0.0829
3372,0.179328,0.0840
3373,0.173577,0.0843
3374,0.171662,0.0840
3375,0.170183,0.0846
3376,0.171075,0.0845
3377,0.170792,0.0842
3378,0.168245,0.0825
3379,0.167736,0.0848
3380,0.169130,0.0841
3381,0.167487,0.0841
3382,0.165529,0.0848
3383,0.166494,0.0828
3384,0.167016,0.0827
3385,0.164538,0.0831
3386,0.162637,0.0848
3387,0.162679,0.0814
3388,0.164907,0.0818
3389,0.162220,0.0840
3390,0.160950,0.0821
3391,0.163776,0.0821
3392,0.162297,0.0821
3393,0.166398,0.0840
3394,0.168025,0.0819
3395,0.166632,0.0821
3396,0.169110,0.0846
3397,0.166891,0.0832
3398,0.165300,0.0857
3399,0.165045,0.0826
3400,0.163293,0.0843
3401,0.165553,0.0832
3402,0.166182,0.0847
3403,0.165299,0.0832
3404,0.165077,0.0843
3405,0.164224,0.0844
3406,0.164533,0.0843
3407,0.165680,0.0844
3408,0.166663,0.0823
3409,0.166545,0.0850
3410,0.164331,0.0844
3411,0.165669,0.0851
3412,0.166740,0.0823
3413,0.166251,0.0828
3414,0.177912,0.0850
3415,0.187413,0.0833
3416,0.191543,0.0820
3417,0.195491,0.0835
3418,0.196440,0.0820
3419,0.194586,0.0836
3420,0.194126,0.0822
3421,0.191135,0.0821
3422,0.190581,0.0799
3423,0.193694,0.0832
3424,0.195423,0.0824
3425,0.195968,0.0835
3426,0.196005,0.0821
3427,0.193551,0.0823
3428,0.189515,0.0822
3429,0.183832,0.0820
3430,0.181473,0.0820
3431,0.178784,0.0821
3432,0.184632,0.0834
3433,0.184231,0.0821
3434,0.183122,0.0835
3435,0.177479,0.0828
3436,0.175250,0.0836
3437,0.178509,0.0836
3438,0.178881,0.0822
3439,0.178770,0.0836
3440,0.178101,0.0821
3441,0.174822,0.0837
3442,0.171737,0.0835
3443,0.171807,0.0836
3444,0.170666,0.0822
3445,0.167816,0.0835
3446,0.166822,0.0800
3447,0.166133,0.0814
3448,0.162988,0.0836
3449,0.161736,0.0824
3450,0.161965,0.0824
3451,0.172694,0.0841
3452,0.191751,0.0841
3453,0.201881,0.0837
3454,0.206112,0.0842
3455,0.205149,0.0838
3456,0.209556,0.0839
3457,0.213585,0.0825
3458,0.212931,0.0839
3459,0.209458,0.0822
3460,0.209541,0.0837
3461,0.200289,0.0824
3462,0.192887,0.0801
3463,0.186912,0.0802
3464,0.183104,0.0838
3465,0.176198,0.0823
3466,0.173964,0.0838
3467,0.171581,0.0824
3468,0.169239,0.0824
3469,0.179123,0.0838
3470,0.198050,0.0823
3471,0.213446,0.0839
3472,0.221702,0.0839
3473,0.212477,0.0823
3474,0.199860,0.0827
3475,0.194774,0.0827
3476,0.191776,0.0828
3477,0.183585,0.0827
3478,0.185853,0.0827
3479,0.182027,0.0828
3480,0.189185,0.0820
3481,0.194826,0.0846
3482,0.198954,0.0846
3483,0.197316,0.0842
3484,0.194309,0.0842
3485,0.186000,0.0846
3486,0.183365,0.0846
3487,0.184774,0.0828
3488,0.188578,0.0827
3489,0.189034,0.0847
3490,0.185393,0.0827
3491,0.179421,0.0827
3492,0.175686,0.0828
3493,0.181448,0.0806
3494,0.188885,0.0828
3495,0.189196,0.0806
3496,0.186053,0.0828
3497,0.184240,0.0829
3498,0.183898,0.0849
3499,0.183913,0.0830
3500,0.176837,0.0851
3501,0.177152,0.0830
3502,0.170161,0.0852
3503,0.172086,0.0853
3504,0.171248,0.0832
3505,0.170619,0.0854
3506,0.170916,0.0854
3507,0.170532,0.0833
3508,0.166358,0.0833
3509,0.166042,0.0855
3510,0.164008,0.0833
3511,0.162261,0.0831
3512,0.158402,0.0834
3513,0.158988,0.0833
3514,0.163698,0.0831
3515,0.169418,0.0827
3516,0.167701,0.0831
3517,0.167015,0.0850
3518,0.161986,0.0832
3519,0.160195,0.0834
3520,0.155955,0.0832
3521,0.157125,0.0834
3522,0.161952,0.0848
3523,0.162439,0.0834
3524,0.157613,0.0832
3525,0.160614,0.0832
3526,0.166139,0.0833
3527,0.166666,0.0849
3528,0.163743,0.0828
3529,0.165120,0.0833
3530,0.164229,0.0810
3531,0.168370,0.0835
3532,0.173159,0.0833
3533,0.174291,0.0834
3534,0.173339,0.0834
3535,0.166557,0.0809
3536,0.166059,0.0857
3537,0.168020,0.0834
3538,0.167239,0.0834
3539,0.172202,0.0832
3540,0.174605,0.0833
3541,0.175480,0.0831
3542,0.178898,0.0849
3543,0.181524,0.0831
3544,0.184447,0.0833
3545,0.179029,0.0833
3546,0.173697,0.0831
3547,0.180331,0.0831
3548,0.190028,0.0855
3549,0.196413,0.0854
3550,0.200007,0.0807
3551,0.201759,0.0854
3552,0.201547,0.0855
3553,0.197842,0.0810
3554,0.190144,0.0854
3555,0.182412,0.0846
3556,0.174231,0.0833
3557,0.166081,0.0854
3558,0.167112,0.0848
3559,0.168748,0.0832
3560,0.164925,0.0831
3561,0.166374,0.0832
3562,0.163438,0.0832
3563,0.164755,0.0831
3564,0.172567,0.0831
3565,0.175939,0.0831
3566,0.178449,0.0808
3567,0.178253,0.0850
3568,0.177686,0.0850
3569,0.194897,0.0830
3570,0.200910,0.0829
3571,0.197967,0.0828
3572,0.190622,0.0828
3573,0.190035,0.0846
3574,0.183801,0.0845
3575,0.176301,0.0843
3576,0.175141,0.0826
3577,0.179253,0.0825
3578,0.174793,0.0824
3579,0.174189,0.0803
3580,0.173394,0.0841
3581,0.171821,0.0841
3582,0.168426,0.0841
3583,0.168140,0.0820
3584,0.168297,0.0834
3585,0.173544,0.0821
3586,0.176970,0.0820
3587,0.177993,0.0821
3588,0.177964,0.0820
3589,0.176429,0.0820
3590,0.173351,0.0814
3591,0.172903,0.0820
3592,0.168171,0.0820
3593,0.165868,0.0820
3594,0.167933,0.0820
3595,0.172493,0.0819
3596,0.168918,0.0820
3597,0.178994,0.0820
3598,0.175870,0.0819
3599,0.174287,0.0820
3600,0.174398,0.0833
3601,0.170585,0.0819
3602,0.170930,0.0820
3603,0.164001,0.0820
3604,0.164521,0.0834
3605,0.164130,0.0819
3606,0.162712,0.0820
3607,0.164647,0.0819
3608,0.164853,0.0820
3609,0.163490,0.0821
3610,0.163315,0.0819
3611,0.160466,0.0820
3612,0.160130,0.0835
3613,0.164322,0.0835
3614,0.166891,0.0837
3615,0.169443,0.0824
3616,0.177253,0.0824
3617,0.182602,0.0824
3618,0.183267,0.0823
3619,0.181168,0.0824
3620,0.177983,0.0822
3621,0.178825,0.0836
3622,0.177173,0.0815
3623,0.175087,0.0822
3624,0.169030,0.0837
3625,0.167121,0.0800
3626,0.164404,0.0826
3627,0.157048,0.0822
3628,0.154534,0.0821
3629,0.158797,0.0822
3630,0.156463,0.0823
3631,0.155691,0.0822
3632,0.153673,0.0816
3633,0.157782,0.0818
3634,0.150807,0.0825
3635,0.151537,0.0804
3636,0.161615,0.0826
3637,0.167031,0.0838
3638,0.166506,0.0836
3639,0.153899,0.0844
3640,0.151298,0.0826
3641,0.153859,0.0826
3642,0.168202,0.0804
3643,0.183796,0.0841
3644,0.190162,0.0826
3645,0.186770,0.0840
3646,0.179056,0.0845
3647,0.177035,0.0827
3648,0.173351,0.0827
3649,0.173782,0.0827
3650,0.176456,0.0827
3651,0.172315,0.0827
3652,0.170985,0.0826
3653,0.168096,0.0827
3654,0.166293,0.0828
3655,0.164539,0.0805
3656,0.165511,0.0845
3657,0.160858,0.0827
3658,0.157349,0.0828
3659,0.155838,0.0827
3660,0.160043,0.0828
3661,0.166198,0.0805
3662,0.177440,0.0827
3663,0.178813,0.0827
3664,0.177354,0.0846
3665,0.171845,0.0828
3666,0.166284,0.0827
3667,0.166421,0.0846
3668,0.162167,0.0828
3669,0.159781,0.0824
3670,0.163928,0.0824
3671,0.165765,0.0847
3672,0.170841,0.0828
3673,0.171765,0.0828
3674,0.169554,0.0847
3675,0.168198,0.0848
3676,0.167341,0.0848
3677,0.163006,0.0829
3678,0.157988,0.0826
3679,0.158522,0.0807
3680,0.156524,0.0849
3681,0.156890,0.0850
3682,0.153197,0.0830
3683,0.151227,0.0830
3684,0.150873,0.0849
3685,0.147510,0.0849
3686,0.144576,0.0849
3687,0.143241,0.0830
3688,0.142555,0.0830
3689,0.145274,0.0850
3690,0.145275,0.0831
3691,0.143192,0.0827
3692,0.143015,0.0831
3693,0.141941,0.0831
3694,0.143477,0.0832
3695,0.145209,0.0850
3696,0.146195,0.0808
3697,0.145775,0.0851
3698,0.150437,0.0809
3699,0.156545,0.0847
3700,0.162311,0.0833
3701,0.163496,0.0851
3702,0.181862,0.0832
3703,0.187031,0.0832
3704,0.180463,0.0852
3705,0.172135,0.0832
3706,0.163400,0.0833
3707,0.159937,0.0832
3708,0.163244,0.0832
3709,0.162915,0.0832
3710,0.160886,0.0832
3711,0.161140,0.0847
3712,0.164202,0.0831
3713,0.163021,0.0808
3714,0.167003,0.0852
3715,0.172019,0.0810
3716,0.178370,0.0852
3717,0.178835,0.0848
3718,0.169155,0.0851
3719,0.161592,0.0809
3720,0.155290,0.0848
3721,0.174520,0.0833
3722,0.179166,0.0848
3723,0.188900,0.0853
3724,0.200487,0.0847
3725,0.204725,0.0849
3726,0.200121,0.0834
3727,0.197722,0.0810
3728,0.195641,0.0811
3729,0.191187,0.0833
3730,0.186687,0.0810
3731,0.179500,0.0854
3732,0.174108,0.0854
3733,0.170184,0.0834
3734,0.172003,0.0834
3735,0.169471,0.0854
3736,0.165251,0.0847
3737,0.160054,0.0811
3738,0.156323,0.0834
3739,0.160019,0.0850
3740,0.166072,0.0834
3741,0.167732,0.0835
3742,0.170159,0.0835
3743,0.168907,0.0854
3744,0.164749,0.0836
3745,0.163818,0.0835
3746,0.161711,0.0848
3747,0.160540,0.0825
3748,0.161105,0.0833
3749,0.159187,0.0837
3750,0.159671,0.0834
3751,0.161496,0.0849
3752,0.159518,0.0809
3753,0.155090,0.0834
3754,0.153198,0.0850
3755,0.157530,0.0833
3756,0.157514,0.0834
3757,0.158435,0.0850
3758,0.159958,0.0835
3759,0.160608,0.0834
3760,0.157552,0.0851
3761,0.157682,0.0835
3762,0.159664,0.0811
3763,0.166906,0.0835
3764,0.169483,0.0835
3765,0.174291,0.0836
3766,0.174853,0.0811
3767,0.176177,0.0836
3768,0.176648,0.0836
3769,0.174482,0.0853
3770,0.168280,0.0841
3771,0.159660,0.0838
3772,0.161263,0.0858
3773,0.162695,0.0837
3774,0.162802,0.0854
3775,0.153628,0.0838
3776,0.156994,0.0837
3777,0.158877,0.0853
3778,0.156855,0.0837
3779,0.158916,0.0836
3780,0.154098,0.0835
3781,0.156304,0.0835
3782,0.158535,0.0836
3783,0.154955,0.0856
3784,0.154768,0.0835
3785,0.163869,0.0856
3786,0.164679,0.0836
3787,0.160854,0.0836
3788,0.156129,0.0849
3789,0.153184,0.0835
3790,0.153523,0.0835
3791,0.150006,0.0835
3792,0.147132,0.0812
3793,0.149873,0.0835
3794,0.151103,0.0855
3795,0.154424,0.0834
3796,0.152711,0.0811
3797,0.153348,0.0836
3798,0.150997,0.0853
3799,0.150704,0.0833
3800,0.151047,0.0833
3801,0.150639,0.0833
3802,0.151779,0.0833
3803,0.151448,0.0847
3804,0.149016,0.0851
3805,0.152941,0.0832
3806,0.145441,0.0851
3807,0.144196,0.0851
3808,0.145404,0.0833
3809,0.145892,0.0832
3810,0.143873,0.0846
3811,0.140964,0.0809
3812,0.141740,0.0832
3813,0.143226,0.0832
3814,0.139931,0.0847
3815,0.141188,0.0831
3816,0.139874,0.0829
3817,0.141704,0.0832
3818,0.138457,0.0824
3819,0.142059,0.0829
3820,0.144407,0.0828
3821,0.146112,0.0852
3822,0.146093,0.0859
3823,0.148426,0.0852
3824,0.149634,0.0839
3825,0.150627,0.0858
3826,0.157349,0.0851
3827,0.163478,0.0830
3828,0.171434,0.0851
3829,0.179060,0.0858
3830,0.180600,0.0839
3831,0.175358,0.0858
3832,0.171231,0.0805
3833,0.170133,0.0827
3834,0.164749,0.0827
3835,0.162030,0.0827
3836,0.157662,0.0826
3837,0.155046,0.0832
3838,0.154562,0.0827
3839,0.155766,0.0827
3840,0.157054,0.0808
3841,0.166684,0.0806
3842,0.181457,0.0827
3843,0.191524,0.0842
3844,0.189285,0.0842
3845,0.180776,0.0830
3846,0.167517,0.0842
3847,0.158311,0.0828
3848,0.152446,0.0805
3849,0.152740,0.0827
3850,0.154217,0.0805
3851,0.153550,0.0826
3852,0.149044,0.0829
3853,0.145700,0.0807
3854,0.148311,0.0829
3855,0.149583,0.0830
3856,0.149684,0.0849
3857,0.152094,0.0830
3858,0.150963,0.0831
3859,0.149767,0.0806
3860,0.145359,0.0827
3861,0.148552,0.0829
3862,0.150357,0.0828
3863,0.149045,0.0828
3864,0.148362,0.0845
3865,0.145800,0.0830
3866,0.141716,0.0830
3867,0.138776,0.0830
3868,0.139260,0.0831
3869,0.139441,0.0846
3870,0.137386,0.0847
3871,0.136387,0.0847
3872,0.134168,0.0831
3873,0.141700,0.0808
3874,0.144923,0.0831
3875,0.148562,0.0832
3876,0.150293,0.0831
3877,0.153070,0.0847
3878,0.149772,0.0847
3879,0.148907,0.0830
3880,0.148800,0.0830
3881,0.150594,0.0832
3882,0.148180,0.0847
3883,0.139658,0.0830
3884,0.134821,0.0824
3885,0.138510,0.0847
3886,0.142358,0.0824
3887,0.143329,0.0831
3888,0.143631,0.0848
3889,0.142295,0.0857
3890,0.143499,0.0864
3891,0.145358,0.0862
3892,0.144166,0.0858
3893,0.164735,0.0821
3894,0.189862,0.0845
3895,0.203867,0.0875
3896,0.204121,0.0865
3897,0.195139,0.0863
3898,0.192078,0.0863
3899,0.184602,0.0859
3900,0.180030,0.0845
3901,0.179053,0.0859
3902,0.171099,0.0847
3903,0.168116,0.0852
3904,0.163132,0.0866
3905,0.160234,0.0876
3906,0.160305,0.0846
3907,0.166749,0.0859
3908,0.168526,0.0876
3909,0.170848,0.0866
3910,0.170139,0.0867
3911,0.166641,0.0867
3912,0.164144,0.0851
3913,0.159780,0.0834
3914,0.154780,0.0835
3915,0.149580,0.0835
3916,0.156471,0.0850
3917,0.163642,0.0835
3918,0.167820,0.0850
3919,0.172482,0.0810
3920,0.171164,0.0832
3921,0.170855,0.0831
3922,0.170347,0.0832
3923,0.162631,0.0808
3924,0.156502,0.0828
3925,0.153326,0.0828
3926,0.144509,0.0842
3927,0.139496,0.0829
3928,0.141638,0.0828
3929,0.139453,0.0819
3930,0.142850,0.0826
3931,0.151578,0.0825
3932,0.162116,0.0824
3933,0.165328,0.0825
3934,0.164227,0.0826
3935,0.155811,0.0823
3936,0.143649,0.0838
3937,0.145326,0.0838
3938,0.151915,0.0834
3939,0.154716,0.0801
3940,0.149835,0.0817
3941,0.143553,0.0832
3942,0.142358,0.0820
3943,0.138999,0.0813
3944,0.140725,0.0813
3945,0.141431,0.0812
3946,0.148812,0.0799
3947,0.167000,0.0834
3948,0.185184,0.0834
3949,0.183254,0.0828
3950,0.176190,0.0818
3951,0.164701,0.0833
3952,0.151330,0.0833
3953,0.139948,0.0818
3954,0.141322,0.0800
3955,0.142185,0.0834
3956,0.141944,0.0834
3957,0.143855,0.0835
3958,0.143834,0.0816
3959,0.140423,0.0800
3960,0.143259,0.0816
3961,0.149439,0.0830
3962,0.147191,0.0798
3963,0.146191,0.0818
3964,0.142390,0.0797
3965,0.136226,0.0829
3966,0.139097,0.0817
3967,0.135760,0.0816
3968,0.149134,0.0833
3969,0.156005,0.0834
3970,0.165871,0.0799
3971,0.169540,0.0797
3972,0.171795,0.0817
3973,0.164281,0.0829
3974,0.160840,0.0817
3975,0.157771,0.0816
3976,0.151270,0.0817
3977,0.146064,0.0817
3978,0.143220,0.0817
3979,0.144735,0.0833
3980,0.151915,0.0817
3981,0.155033,0.0817
3982,0.152181,0.0816
3983,0.149864,0.0828
3984,0.145878,0.0829
3985,0.142189,0.0830
3986,0.147887,0.0817
3987,0.150483,0.0800
3988,0.148558,0.0816
3989,0.147574,0.0817
3990,0.146507,0.0809
3991,0.139726,0.0830
3992,0.136435,0.0834
3993,0.135274,0.0819
3994,0.137174,0.0835
3995,0.135855,0.0818
3996,0.134035,0.0835
3997,0.133892,0.0798
3998,0.133026,0.0829
3999,0.130295,0.0832
4000,0.133217,0.0829
4001,0.130420,0.0820
4002,0.127698,0.0819
4003,0.128899,0.0819
4004,0.130804,0.0830
4005,0.131492,0.0819
4006,0.131806,0.0837
4007,0.132538,0.0819
4008,0.133152,0.0837
4009,0.135060,0.0832
4010,0.140375,0.0820
4011,0.144317,0.0821
4012,0.147707,0.0822
4013,0.145662,0.0821
4014,0.144969,0.0839
4015,0.143192,0.0820
4016,0.141760,0.0821
4017,0.140707,0.0834
4018,0.138528,0.0822
4019,0.140974,0.0803
4020,0.139227,0.0834
4021,0.141159,0.0822
4022,0.143983,0.0816
4023,0.150007,0.0820
4024,0.158154,0.0822
4025,0.159700,0.0820
4026,0.158043,0.0836
4027,0.152241,0.0822
4028,0.151747,0.0840
4029,0.148452,0.0847
4030,0.147257,0.0824
4031,0.209233,0.0857
4032,0.206211,0.0843
4033,0.191924,0.0857
4034,0.176166,0.0849
4035,0.171420,0.0844
4036,0.167147,0.0848
4037,0.165654,0.0844
4038,0.163007,0.0839
4039,0.159357,0.0849
4040,0.152924,0.0834
4041,0.153370,0.0845
4042,0.153049,0.0825
4043,0.148810,0.0834
4044,0.149506,0.0845
4045,0.148593,0.0834
4046,0.143025,0.0845
4047,0.142619,0.0846
4048,0.142230,0.0825
4049,0.144119,0.0835
4050,0.140041,0.0845
4051,0.137152,0.0851
4052,0.137511,0.0839
4053,0.140039,0.0849
4054,0.138188,0.0814
4055,0.136934,0.0849
4056,0.140326,0.0845
4057,0.151646,0.0831
4058,0.152279,0.0832
4059,0.151141,0.0831
4060,0.147739,0.0852
4061,0.151881,0.0805
4062,0.147034,0.0824
4063,0.143929,0.0823
4064,0.141493,0.0823
4065,0.140607,0.0824
4066,0.142192,0.0802
4067,0.138379,0.0824
4068,0.144370,0.0819
4069,0.146576,0.0825
4070,0.142532,0.0822
4071,0.134452,0.0822
4072,0.129151,0.0842
4073,0.128870,0.0824
4074,0.131236,0.0824
4075,0.129617,0.0842
4076,0.130219,0.0804
4077,0.130820,0.0822
4078,0.133634,0.0822
4079,0.138562,0.0824
4080,0.141219,0.0824
4081,0.137882,0.0822
4082,0.140285,0.0824
4083,0.141006,0.0824
4084,0.144120,0.0822
4085,0.152127,0.0825
4086,0.154517,0.0825
4087,0.151223,0.0825
4088,0.145710,0.0823
4089,0.142439,0.0825
4090,0.137755,0.0823
4091,0.135585,0.0826
4092,0.136974,0.0825
4093,0.135548,0.0824
4094,0.133901,0.0844
4095,0.131894,0.0837
4096,0.129406,0.0844
4097,0.127346,0.0845
4098,0.127513,0.0826
4099,0.125525,0.0844
4100,0.129689,0.0826
4101,0.128306,0.0826
4102,0.128650,0.0806
4103,0.131014,0.0826
4104,0.137217,0.0826
4105,0.136488,0.0845
4106,0.132318,0.0826
4107,0.131163,0.0825
4108,0.134798,0.0805
4109,0.138337,0.0827
4110,0.140855,0.0807
4111,0.143507,0.0827
4112,0.153173,0.0804
4113,0.156516,0.0825
4114,0.163768,0.0828
4115,0.170432,0.0828
4116,0.175735,0.0826
4117,0.183220,0.0828
4118,0.183652,0.0825
4119,0.181610,0.0828
4120,0.178280,0.0826
4121,0.177322,0.0846
4122,0.186609,0.0826
4123,0.181242,0.0825
4124,0.176925,0.0846
4125,0.167141,0.0827
4126,0.166994,0.0846
4127,0.165225,0.0825
4128,0.163302,0.0825
4129,0.159803,0.0827
4130,0.154933,0.0846
4131,0.157357,0.0825
4132,0.157869,0.0804
4133,0.156688,0.0827
4134,0.163797,0.0825
4135,0.167036,0.0806
4136,0.169046,0.0825
4137,0.173568,0.0827
4138,0.178592,0.0826
4139,0.174013,0.0846
4140,0.171310,0.0826
4141,0.166319,0.0828
4142,0.162327,0.0847
4143,0.153492,0.0828
4144,0.148914,0.0807
4145,0.146031,0.0826
4146,0.141358,0.0847
4147,0.136740,0.0828
4148,0.133346,0.0828
4149,0.135520,0.0840
4150,0.136338,0.0846
4151,0.135745,0.0827
4152,0.134830,0.0806
4153,0.138684,0.0846
4154,0.135353,0.0847
4155,0.137174,0.0847
4156,0.136465,0.0846
4157,0.132357,0.0826
4158,0.130113,0.0826
4159,0.132165,0.0847
4160,0.135697,0.0847
4161,0.140493,0.0826
4162,0.143651,0.0840
4163,0.147406,0.0847
4164,0.143516,0.0807
4165,0.142579,0.0841
4166,0.144388,0.0807
4167,0.144934,0.0827
4168,0.139223,0.0828
4169,0.137030,0.0806
4170,0.144042,0.0825
4171,0.156881,0.0826
4172,0.166278,0.0827
4173,0.170084,0.0805
4174,0.173666,0.0841
4175,0.172227,0.0841
4176,0.172227,0.0825
4177,0.165686,0.0825
4178,0.164167,0.0806
4179,0.162188,0.0825
4180,0.165771,0.0826
4181,0.167559,0.0826
4182,0.164250,0.0826
4183,0.158445,0.0845
4184,0.160854,0.0824
4185,0.157276,0.0842
4186,0.155740,0.0824
4187,0.159885,0.0827
4188,0.164663,0.0825
4189,0.161940,0.0827
4190,0.153113,0.0845
4191,0.151171,0.0806
4192,0.153425,0.0828
4193,0.145904,0.0826
4194,0.139993,0.0827
4195,0.143232,0.0826
4196,0.139941,0.0845
4197,0.140018,0.0855
4198,0.138501,0.0852
4199,0.137685,0.0854
4200,0.134625,0.0852
4201,0.131130,0.0848
4202,0.132122,0.0828
4203,0.132027,0.0849
4204,0.133587,0.0838
4205,0.133748,0.0803
4206,0.131858,0.0825
4207,0.129651,0.0839
4208,0.127122,0.0824
4209,0.123903,0.0825
4210,0.127456,0.0825
4211,0.127423,0.0826
4212,0.137280,0.0825
4213,0.147415,0.0825
4214,0.151896,0.0803
4215,0.148690,0.0825
4216,0.143811,0.0840
4217,0.139002,0.0824
4218,0.142869,0.0839
4219,0.140224,0.0840
4220,0.136644,0.0840
4221,0.135871,0.0825
4222,0.134485,0.0825
4223,0.134669,0.0827
4224,0.135807,0.0827
4225,0.137557,0.0805
4226,0.136339,0.0827
4227,0.128981,0.0827
4228,0.129361,0.0806
4229,0.129941,0.0804
4230,0.128060,0.0821
4231,0.127476,0.0842
4232,0.129175,0.0828
4233,0.127099,0.0827
4234,0.125224,0.0821
4235,0.123643,0.0849
4236,0.121246,0.0831
4237,0.120501,0.0832
4238,0.123165,0.0830
4239,0.120489,0.0849
4240,0.121619,0.0830
4241,0.120405,0.0831
4242,0.122841,0.0821
4243,0.118825,0.0830
4244,0.117869,0.0809
4245,0.120924,0.0826
4246,0.121442,0.0808
4247,0.119675,0.0828
4248,0.118945,0.0830
4249,0.121041,0.0829
4250,0.125411,0.0828
4251,0.124576,0.0829
4252,0.125798,0.0839
4253,0.127042,0.0834
4254,0.127180,0.0851
4255,0.126026,0.0840
4256,0.123028,0.0826
4257,0.122865,0.0842
4258,0.122106,0.0826
4259,0.122684,0.0842
4260,0.124205,0.0827
4261,0.123789,0.0842
4262,0.124399,0.0805
4263,0.123351,0.0842
4264,0.122150,0.0842
4265,0.122468,0.0827
4266,0.125333,0.0827
4267,0.123144,0.0805
4268,0.128551,0.0826
4269,0.127896,0.0829
4270,0.124912,0.0828
4271,0.123882,0.0829
4272,0.124927,0.0828
4273,0.129043,0.0828
4274,0.126817,0.0846
4275,0.130981,0.0807
4276,0.128823,0.0828
4277,0.128201,0.0829
4278,0.129663,0.0828
4279,0.125759,0.0828
4280,0.129062,0.0828
4281,0.132254,0.0846
4282,0.136786,0.0846
4283,0.137434,0.0828
4284,0.137552,0.0829
4285,0.138653,0.0807
4286,0.143673,0.0808
4287,0.140523,0.0829
4288,0.138347,0.0829
4289,0.135187,0.0846
4290,0.137316,0.0847
4291,0.135278,0.0829
4292,0.132191,0.0829
4293,0.131939,0.0829
4294,0.128798,0.0808
4295,0.125848,0.0847
4296,0.125370,0.0847
4297,0.124034,0.0829
4298,0.121473,0.0829
4299,0.122057,0.0829
4300,0.122910,0.0847
4301,0.126875,0.0830
4302,0.133080,0.0830
4303,0.134405,0.0829
4304,0.133259,0.0830
4305,0.133857,0.0830
4306,0.132117,0.0829
4307,0.130860,0.0848
4308,0.130111,0.0830
4309,0.127464,0.0827
4310,0.124621,0.0849
4311,0.122717,0.0849
4312,0.122967,0.0831
4313,0.121789,0.0831
4314,0.119351,0.0827
4315,0.116229,0.0831
4316,0.115259,0.0829
4317,0.113928,0.0828
4318,0.111760,0.0823
4319,0.110818,0.0828
4320,0.114063,0.0830
4321,0.115942,0.0829
4322,0.118824,0.0844
4323,0.120152,0.0822
4324,0.116612,0.0828
4325,0.113143,0.0829
4326,0.111535,0.0844
4327,0.111941,0.0829
4328,0.112392,0.0829
4329,0.113405,0.0829
4330,0.113636,0.0807
4331,0.113978,0.0829
4332,0.114448,0.0844
4333,0.114249,0.0830
4334,0.114687,0.0829
4335,0.113658,0.0829
4336,0.115253,0.0830
4337,0.116635,0.0846
4338,0.118747,0.0830
4339,0.120141,0.0830
4340,0.120488,0.0830
4341,0.118843,0.0830
4342,0.117103,0.0807
4343,0.141419,0.0830
4344,0.154944,0.0808
4345,0.157509,0.0862
4346,0.159295,0.0833
4347,0.162004,0.0843
4348,0.155586,0.0856
4349,0.150900,0.0820
4350,0.150869,0.0860
4351,0.148921,0.0864
4352,0.147825,0.0834
4353,0.144670,0.0832
4354,0.141752,0.0811
4355,0.140584,0.0833
4356,0.135754,0.0835
4357,0.134352,0.0833
4358,0.134537,0.0833
4359,0.133591,0.0835
4360,0.134484,0.0857
4361,0.133760,0.0857
4362,0.133244,0.0836
4363,0.131459,0.0853
4364,0.130632,0.0835
4365,0.135808,0.0813
4366,0.139111,0.0836
4367,0.144179,0.0836
4368,0.143244,0.0812
4369,0.141540,0.0856
4370,0.134644,0.0837
4371,0.129168,0.0837
4372,0.128042,0.0856
4373,0.127136,0.0852
4374,0.125807,0.0837
4375,0.123812,0.0837
4376,0.119982,0.0833
4377,0.119050,0.0857
4378,0.119899,0.0853
4379,0.118130,0.0838
4380,0.119800,0.0837
4381,0.121834,0.0838
4382,0.117941,0.0837
4383,0.115344,0.0857
4384,0.113809,0.0857
4385,0.110506,0.0838
4386,0.108812,0.0858
4387,0.106608,0.0837
4388,0.107297,0.0838
4389,0.106944,0.0839
4390,0.109776,0.0858
4391,0.106503,0.0838
4392,0.108727,0.0837
4393,0.108404,0.0858
4394,0.108227,0.0814
4395,0.108785,0.0838
4396,0.107821,0.0838
4397,0.103329,0.0857
4398,0.106699,0.0837
4399,0.114767,0.0837
4400,0.123975,0.0858
4401,0.112864,0.0838
4402,0.111474,0.0857
4403,0.109438,0.0836
4404,0.110288,0.0857
4405,0.109056,0.0837
4406,0.103715,0.0850
4407,0.098556,0.0836
4408,0.100790,0.0836
4409,0.106949,0.0835
4410,0.105092,0.0835
4411,0.103868,0.0835
4412,0.105745,0.0835
4413,0.103510,0.0835
4414,0.103679,0.0835
4415,0.106387,0.0835
4416,0.115871,0.0854
4417,0.136371,0.0854
4418,0.151487,0.0855
4419,0.151617,0.0855
4420,0.155840,0.0854
4421,0.156221,0.0854
4422,0.148709,0.0854
4423,0.141537,0.0835
4424,0.134843,0.0854
4425,0.130345,0.0850
4426,0.126714,0.0850
4427,0.121748,0.0854
4428,0.118237,0.0850
4429,0.116189,0.0835
4430,0.118417,0.0834
4431,0.116201,0.0811
4432,0.115764,0.0833
4433,0.115614,0.0852
4434,0.119543,0.0833
4435,0.122803,0.0811
4436,0.123434,0.0833
4437,0.122154,0.0849
4438,0.122746,0.0833
4439,0.120429,0.0852
4440,0.122718,0.0833
4441,0.122805,0.0834
4442,0.125692,0.0833
4443,0.129438,0.0855
4444,0.123865,0.0831
4445,0.122526,0.0832
4446,0.113894,0.0827
4447,0.119012,0.0811
4448,0.123664,0.0833
4449,0.126845,0.0854
4450,0.122085,0.0833
4451,0.121307,0.0854
4452,0.120043,0.0832
4453,0.121251,0.0854
4454,0.120072,0.0833
4455,0.118845,0.0854
4456,0.123745,0.0833
4457,0.118737,0.0860
4458,0.116269,0.0870
4459,0.115592,0.0856
4460,0.126105,0.0860
4461,0.133297,0.0864
4462,0.137974,0.0820
4463,0.139916,0.0839
4464,0.137240,0.0856
4465,0.130461,0.0844
4466,0.124418,0.0861
4467,0.118564,0.0861
4468,0.114945,0.0843
4469,0.109999,0.0844
4470,0.108109,0.0857
4471,0.106721,0.0857
4472,0.104965,0.0857
4473,0.099140,0.0841
4474,0.098645,0.0864
4475,0.100138,0.0822
4476,0.099189,0.0849
4477,0.099222,0.0849
4478,0.098894,0.0809
4479,0.097429,0.0849
4480,0.098168,0.0849
4481,0.098274,0.0810
4482,0.103297,0.0850
4483,0.104824,0.0809
4484,0.105469,0.0834
4485,0.105997,0.0851
4486,0.107618,0.0841
4487,0.105869,0.0834
4488,0.109476,0.0837
4489,0.111055,0.0836
4490,0.116191,0.0836
4491,0.117444,0.0837
4492,0.111782,0.0837
4493,0.108895,0.0858
4494,0.108619,0.0837
4495,0.107547,0.0838
4496,0.105075,0.0858
4497,0.104213,0.0838
4498,0.108033,0.0838
4499,0.110786,0.0838
4500,0.115152,0.0838
4501,0.118023,0.0854
4502,0.119939,0.0838
4503,0.120920,0.0839
4504,0.117089,0.0838
4505,0.116616,0.0853
4506,0.117396,0.0828
4507,0.120173,0.0859
4508,0.120722,0.0837
4509,0.119648,0.0838
4510,0.126052,0.0853
4511,0.127337,0.0835
4512,0.130065,0.0837
4513,0.131249,0.0837
4514,0.131086,0.0835
4515,0.129586,0.0836
4516,0.127903,0.0853
4517,0.122619,0.0836
4518,0.126827,0.0836
4519,0.129805,0.0854
4520,0.128380,0.0855
4521,0.127665,0.0837
4522,0.126359,0.0837
4523,0.120241,0.0854
4524,0.118427,0.0855
4525,0.120202,0.0854
4526,0.115458,0.0836
4527,0.119928,0.0854
4528,0.123846,0.0836
4529,0.129195,0.0837
4530,0.134890,0.0813
4531,0.136796,0.0837
4532,0.139065,0.0855
4533,0.140670,0.0813
4534,0.139215,0.0838
4535,0.140497,0.0853
4536,0.139278,0.0860
4537,0.140308,0.0840
4538,0.147297,0.0839
4539,0.145508,0.0857
4540,0.142751,0.0860
4541,0.131915,0.0839
4542,0.132299,0.0860
4543,0.128340,0.0840
4544,0.129935,0.0840
4545,0.125626,0.0836
4546,0.121832,0.0838
4547,0.125737,0.0855
4548,0.127711,0.0813
4549,0.125579,0.0838
4550,0.120612,0.0842
4551,0.119197,0.0854
4552,0.116314,0.0843
4553,0.109361,0.0814
4554,0.112556,0.0839
4555,0.110956,0.0839
4556,0.110419,0.0837
4557,0.104144,0.0846
4558,0.101612,0.0839
4559,0.101119,0.0838
4560,0.100791,0.0839
4561,0.100164,0.0855
4562,0.096605,0.0839
4563,0.104412,0.0857
4564,0.114055,0.0839
4565,0.125974,0.0839
4566,0.136216,0.0840
4567,0.137313,0.0838
4568,0.136482,0.0840
4569,0.137019,0.0844
4570,0.133331,0.0848
4571,0.132062,0.0851
4572,0.125216,0.0883
4573,0.123429,0.0871
4574,0.120210,0.0865
4575,0.115296,0.0850
4576,0.110571,0.0850
4577,0.104825,0.0873
4578,0.104105,0.0883
4579,0.104282,0.0847
4580,0.106158,0.0839
4581,0.102283,0.0872
4582,0.098707,0.0864
4583,0.095665,0.0847
4584,0.096444,0.0848
4585,0.106362,0.0874
4586,0.112870,0.0862
4587,0.110621,0.0867
4588,0.102590,0.0844
4589,0.097417,0.0842
4590,0.096141,0.0860
4591,0.097600,0.0860
4592,0.101746,0.0862
4593,0.101391,0.0868
4594,0.100561,0.0864
4595,0.104342,0.0860
4596,0.107033,0.0845
4597,0.110032,0.0870
4598,0.111233,0.0864
4599,0.109965,0.0870
4600,0.106891,0.0870
4601,0.101824,0.0845
4602,0.101651,0.0818
4603,0.097847,0.0862
4604,0.107903,0.0871
4605,0.113539,0.0870
4606,0.112818,0.0835
4607,0.113556,0.0847
4608,0.109352,0.0846
4609,0.106405,0.0846
4610,0.104486,0.0821
4611,0.102958,0.0865
4612,0.103303,0.0847
4613,0.104760,0.0872
4614,0.103642,0.0840
4615,0.107670,0.0866
4616,0.105810,0.0848
4617,0.100066,0.0871
4618,0.100680,0.0849
4619,0.100999,0.0849
4620,0.104955,0.0820
4621,0.108722,0.0820
4622,0.116794,0.0839
4623,0.120220,0.0846
4624,0.124104,0.0847
4625,0.123600,0.0867
4626,0.124080,0.0864
4627,0.126303,0.0850
4628,0.125180,0.0869
4629,0.122560,0.0858
4630,0.119404,0.0878
4631,0.116364,0.0846
4632,0.117330,0.0854
4633,0.117311,0.0881
4634,0.118004,0.0881
4635,0.121921,0.0873
4636,0.123619,0.0858
4637,0.124234,0.0892
4638,0.120922,0.0881
4639,0.116678,0.0877
4640,0.116486,0.0873
4641,0.118785,0.0880
4642,0.114222,0.0880
4643,0.113807,0.0880
4644,0.115057,0.0876
4645,0.113852,0.0891
4646,0.115496,0.0879
4647,0.118146,0.0877
4648,0.119417,0.0856
4649,0.120521,0.0890
4650,0.120580,0.0889
4651,0.117650,0.0875
4652,0.114200,0.0890
4653,0.109979,0.0844
4654,0.104525,0.0879
4655,0.104557,0.0876
4656,0.109177,0.0855
4657,0.114008,0.0879
4658,0.113612,0.0875
4659,0.112491,0.0844
4660,0.110882,0.0870
4661,0.106080,0.0879
4662,0.102355,0.0872
4663,0.100643,0.0872
4664,0.099189,0.0866
4665,0.094980,0.0873
4666,0.095646,0.0822
4667,0.093879,0.0845
4668,0.092386,0.0837
4669,0.091527,0.0848
4670,0.089136,0.0876
4671,0.089673,0.0857
4672,0.088635,0.0852
4673,0.089804,0.0877
4674,0.095980,0.0879
4675,0.100456,0.0857
4676,0.105814,0.0857
4677,0.100969,0.0872
4678,0.097155,0.0857
4679,0.096028,0.0880
4680,0.098258,0.0880
4681,0.100512,0.0873
4682,0.110861,0.0879
4683,0.126006,0.0881
4684,0.131519,0.0880
4685,0.130288,0.0877
4686,0.121464,0.0830
4687,0.112513,0.0878
4688,0.108588,0.0859
4689,0.111833,0.0851
4690,0.116376,0.0857
4691,0.121933,0.0881
4692,0.117331,0.0872
4693,0.113629,0.0873
4694,0.109834,0.0831
4695,0.108630,0.0874
4696,0.109711,0.0892
4697,0.111571,0.0879
4698,0.106222,0.0851
4699,0.105953,0.0859
4700,0.105628,0.0878
4701,0.110266,0.0859
4702,0.105132,0.0893
4703,0.104619,0.0860
4704,0.103141,0.0874
4705,0.104081,0.0892
4706,0.095207,0.0881
4707,0.092633,0.0880
4708,0.095296,0.0871
4709,0.098232,0.0846
4710,0.096642,0.0872
4711,0.095985,0.0840
4712,0.093350,0.0846
4713,0.094481,0.0870
4714,0.089985,0.0863
4715,0.087744,0.0845
4716,0.094228,0.0845
4717,0.094633,0.0842
4718,0.094596,0.0866
4719,0.088973,0.0859
4720,0.087581,0.0843
4721,0.101301,0.0816
4722,0.117713,0.0863
4723,0.132375,0.0841
4724,0.138351,0.0881
4725,0.136955,0.0870
4726,0.127127,0.0839
4727,0.116125,0.0880
4728,0.105481,0.0862
4729,0.102936,0.0870
4730,0.097693,0.0878
4731,0.094264,0.0854
4732,0.100647,0.0865
4733,0.101314,0.0868
4734,0.104941,0.0868
4735,0.103030,0.0865
4736,0.101918,0.0867
4737,0.101458,0.0841
4738,0.096551,0.0852
4739,0.095220,0.0864
4740,0.100071,0.0876
4741,0.115454,0.0863
4742,0.144189,0.0863
4743,0.161500,0.0866
4744,0.170661,0.0846
4745,0.170228,0.0843
4746,0.158132,0.0863
4747,0.161080,0.0859
4748,0.166705,0.0859
4749,0.166520,0.0841
4750,0.167446,0.0863
4751,0.164251,0.0866
4752,0.159681,0.0846
4753,0.155641,0.0846
4754,0.147154,0.0865
4755,0.144773,0.0859
4756,0.138212,0.0875
4757,0.133355,0.0859
4758,0.137832,0.0875
4759,0.145055,0.0834
4760,0.150019,0.0846
4761,0.150552,0.0848
4762,0.154308,0.0847
4763,0.152302,0.0832
4764,0.151193,0.0810
4765,0.149003,0.0850
4766,0.146174,0.0849
4767,0.144562,0.0835
4768,0.142420,0.0834
4769,0.137742,0.0834
4770,0.136465,0.0835
4771,0.137919,0.0835
4772,0.138426,0.0835
4773,0.139444,0.0835
4774,0.135339,0.0837
4775,0.134235,0.0836
4776,0.134389,0.0851
4777,0.130343,0.0865
4778,0.129450,0.0847
4779,0.128829,0.0865
4780,0.123249,0.0866
4781,0.121222,0.0878
4782,0.121782,0.0864
4783,0.119604,0.0866
4784,0.116741,0.0868
4785,0.116606,0.0868
4786,0.119146,0.0824
4787,0.118549,0.0867
4788,0.114030,0.0861
4789,0.110031,0.0865
4790,0.113563,0.0847
4791,0.114510,0.0861
4792,0.114559,0.0847
4793,0.115449,0.0864
4794,0.118569,0.0865
4795,0.120879,0.0878
4796,0.129058,0.0847
4797,0.133208,0.0869
4798,0.135627,0.0864
4799,0.140406,0.0861
4800,0.134886,0.0869
4801,0.128642,0.0862
4802,0.128807,0.0865
4803,0.124038,0.0868
4804,0.115799,0.0865
4805,0.119588,0.0867
4806,0.118312,0.0868
4807,0.121999,0.0869
4808,0.124193,0.0861
4809,0.127165,0.0850
4810,0.142023,0.0866
4811,0.165757,0.0862
4812,0.177250,0.0870
4813,0.167915,0.0870
4814,0.149317,0.0869
4815,0.125988,0.0867
4816,0.117711,0.0864
4817,0.125631,0.0862
4818,0.129910,0.0868
4819,0.133236,0.0872
4820,0.130309,0.0871
4821,0.124304,0.0872
4822,0.124921,0.0849
4823,0.126347,0.0872
4824,0.124138,0.0839
4825,0.120280,0.0839
4826,0.115110,0.0855
4827,0.112549,0.0856
4828,0.111910,0.0856
4829,0.111080,0.0846
4830,0.111088,0.0837
4831,0.110990,0.0841
4832,0.109601,0.0839
4833,0.107192,0.0839
4834,0.110875,0.0839
4835,0.123372,0.0843
4836,0.134482,0.0854
4837,0.127495,0.0838
4838,0.120702,0.0839
4839,0.120563,0.0838
4840,0.120202,0.0855
4841,0.116929,0.0840
4842,0.117522,0.0856
4843,0.112682,0.0838
4844,0.109467,0.0838
4845,0.107689,0.0854
4846,0.107510,0.0854
4847,0.106406,0.0837
4848,0.105067,0.0854
4849,0.098729,0.0839
4850,0.094193,0.0854
4851,0.095176,0.0838
4852,0.096719,0.0853
4853,0.097259,0.0852
4854,0.100880,0.0840
4855,0.104307,0.0851
4856,0.101799,0.0839
4857,0.102593,0.0837
4858,0.103675,0.0853
4859,0.103072,0.0850
4860,0.100823,0.0851
4861,0.099714,0.0851
4862,0.106353,0.0852
4863,0.112702,0.0850
4864,0.112498,0.0842
4865,0.110977,0.0843
4866,0.109621,0.0851
4867,0.105237,0.0841
4868,0.099313,0.0851
4869,0.094800,0.0851
4870,0.099674,0.0835
4871,0.105578,0.0837
4872,0.110056,0.0851
4873,0.107113,0.0851
4874,0.109987,0.0844
4875,0.106259,0.0851
4876,0.102736,0.0839
4877,0.100201,0.0853
4878,0.105344,0.0850
4879,0.111499,0.0834
4880,0.111470,0.0839
4881,0.120421,0.0852
4882,0.123209,0.0851
4883,0.119973,0.0836
4884,0.132135,0.0837
4885,0.128527,0.0851
4886,0.127866,0.0819
4887,0.130401,0.0852
4888,0.127707,0.0848
4889,0.122775,0.0853
4890,0.118547,0.0834
4891,0.147773,0.0840
4892,0.152071,0.0836
4893,0.154338,0.0839
4894,0.165915,0.0837
4895,0.160390,0.0837
4896,0.154885,0.0835
4897,0.155259,0.0853
4898,0.153196,0.0836
4899,0.146761,0.0854
4900,0.144381,0.0837
4901,0.146014,0.0838
4902,0.145711,0.0852
4903,0.136012,0.0850
4904,0.131092,0.0835
4905,0.131015,0.0853
4906,0.127961,0.0853
4907,0.123068,0.0840
4908,0.129533,0.0853
4909,0.136598,0.0840
4910,0.145731,0.0821
4911,0.147035,0.0838
4912,0.142778,0.0839
4913,0.143657,0.0854
4914,0.152743,0.0852
4915,0.154854,0.0854
4916,0.142951,0.0840
4917,0.126801,0.0839
4918,0.122063,0.0838
4919,0.114005,0.0838
4920,0.113600,0.0839
4921,0.117297,0.0863
4922,0.107085,0.0861
4923,0.103925,0.0847
4924,0.095688,0.0850
4925,0.094401,0.0870
4926,0.090272,0.0864
4927,0.086075,0.0871
4928,0.082950,0.0868
4929,0.080408,0.0879
4930,0.079166,0.0869
4931,0.078278,0.0865
4932,0.073627,0.0853
4933,0.076049,0.0868
4934,0.071974,0.0872
4935,0.071867,0.0872
4936,0.070770,0.0868
4937,0.069533,0.0842
4938,0.069243,0.0844
4939,0.069119,0.0843
4940,0.067647,0.0864
4941,0.068807,0.0864
4942,0.067354,0.0843
4943,0.070458,0.0843
4944,0.067500,0.0868
4945,0.062706,0.0857
4946,0.064139,0.0866
4947,0.060988,0.0864
4948,0.059283,0.0864
4949,0.058225,0.0844
4950,0.055350,0.0845
4951,0.055674,0.0865
4952,0.053494,0.0842
4953,0.052686,0.0845
4954,0.052976,0.0844
4955,0.051505,0.0851
4956,0.049782,0.0868
4957,0.050399,0.0854
4958,0.050662,0.0866
4959,0.051602,0.0870
4960,0.051993,0.0869
4961,0.054394,0.0867
4962,0.055607,0.0870
4963,0.056063,0.0864
4964,0.057674,0.0872
4965,0.057811,0.0870
4966,0.057417,0.0866
4967,0.056721,0.0870
4968,0.056113,0.0869
4969,0.057661,0.0873
4970,0.056059,0.0876
4971,0.055982,0.0872
4972,0.054292,0.0867
4973,0.057950,0.0844
4974,0.056030,0.0867
4975,0.056794,0.0853
4976,0.053975,0.0863
4977,0.053683,0.0867
4978,0.054628,0.0864
4979,0.061823,0.0870
4980,0.064866,0.0879
4981,0.064982,0.0872
4982,0.063393,0.0871
4983,0.062997,0.0869
4984,0.060721,0.0849
4985,0.059998,0.0865
4986,0.062969,0.0868
4987,0.060581,0.0863
4988,0.061563,0.0862
4989,0.060859,0.0843
4990,0.058997,0.0858
4991,0.056315,0.0858
4992,0.054794,0.0864
4993,0.052644,0.0864
4994,0.053052,0.0857
4995,0.052058,0.0843
4996,0.050670,0.0858
4997,0.049378,0.0859
4998,0.048560,0.0858
4999,0.045211,0.0841
5000,0.044201,0.0858
5001,0.043932,0.0864
5002,0.044374,0.0844
5003,0.044430,0.0846
5004,0.044842,0.0844
5005,0.043765,0.0841
5006,0.043901,0.0867
5007,0.043763,0.0861
5008,0.042822,0.0842
5009,0.040713,0.0844
5010,0.043656,0.0864
5011,0.043683,0.0844
5012,0.043716,0.0860
5013,0.044836,0.0865
5014,0.043246,0.0864
5015,0.042587,0.0866
5016,0.042076,0.0861
5017,0.043981,0.0865
5018,0.041904,0.0862
5019,0.043955,0.0844
5020,0.043035,0.0862
5021,0.043942,0.0865
5022,0.042328,0.0862
5023,0.041884,0.0860
5024,0.042182,0.0859
5025,0.042840,0.0861
5026,0.043988,0.0854
5027,0.041959,0.0867
5028,0.041851,0.0868
5029,0.041728,0.0845
5030,0.040696,0.0868
5031,0.038472,0.0847
5032,0.040654,0.0863
5033,0.038967,0.0847
5034,0.040264,0.0862
5035,0.041824,0.0867
5036,0.042513,0.0859
5037,0.040383,0.0850
5038,0.038531,0.0860
5039,0.037935,0.0870
5040,0.038952,0.0867
5041,0.051708,0.0846
5042,0.061032,0.0849
5043,0.062912,0.0849
5044,0.061431,0.0847
5045,0.059453,0.0869
5046,0.058298,0.0846
5047,0.055331,0.0852
5048,0.058042,0.0846
5049,0.061114,0.0849
5050,0.062878,0.0851
5051,0.072047,0.0862
5052,0.078404,0.0846
5053,0.090312,0.0864
5054,0.096460,0.0871
5055,0.105775,0.0870
5056,0.102079,0.0853
5057,0.103327,0.0860
5058,0.096228,0.0870
5059,0.090186,0.0851
5060,0.079381,0.0865
5061,0.072995,0.0866
5062,0.070146,0.0866
5063,0.067942,0.0872
5064,0.064562,0.0871
5065,0.064237,0.0865
5066,0.063043,0.0872
5067,0.064649,0.0864
5068,0.063731,0.0872
5069,0.060939,0.0867
5070,0.056999,0.0855
5071,0.053002,0.0864
5072,0.049491,0.0873
5073,0.050248,0.0867
5074,0.048639,0.0865
5075,0.046519,0.0869
5076,0.044046,0.0866
5077,0.044823,0.0866
5078,0.041471,0.0852
5079,0.043829,0.0869
5080,0.043068,0.0870
5081,0.042002,0.0849
5082,0.041105,0.0865
5083,0.039892,0.0852
5084,0.038744,0.0860
5085,0.039911,0.0867
5086,0.040511,0.0851
5087,0.040966,0.0852
5088,0.042935,0.0867
5089,0.040836,0.0846
5090,0.040754,0.0864
5091,0.040035,0.0871
5092,0.039920,0.0850
5093,0.038773,0.0848
5094,0.038592,0.0848
5095,0.038023,0.0848
5096,0.039651,0.0859
5097,0.040626,0.0851
5098,0.039737,0.0866
5099,0.039130,0.0849
5100,0.039499,0.0867
5101,0.037741,0.0868
5102,0.037580,0.0849
5103,0.040221,0.0863
5104,0.039614,0.0873
5105,0.044528,0.0851
5106,0.045970,0.0864
5107,0.046603,0.0867
5108,0.046517,0.0866
5109,0.045462,0.0863
5110,0.049165,0.0850
5111,0.050679,0.0851
5112,0.055401,0.0849
5113,0.057660,0.0868
5114,0.060265,0.0851
5115,0.059665,0.0873
5116,0.059875,0.0862
5117,0.061418,0.0868
5118,0.060864,0.0873
5119,0.059845,0.0866
5120,0.058288,0.0858
5121,0.056859,0.0873
5122,0.057779,0.0866
5123,0.054578,0.0851
5124,0.052462,0.0864
5125,0.049905,0.0874
5126,0.047260,0.0852
5127,0.050771,0.0865
5128,0.056059,0.0851
5129,0.055669,0.0849
5130,0.053178,0.0871
5131,0.049635,0.0873
5132,0.046448,0.0864
5133,0.045420,0.0852
5134,0.043560,0.0849
5135,0.041085,0.0868
5136,0.041630,0.0873
5137,0.042845,0.0849
5138,0.042717,0.0867
5139,0.042225,0.0851
5140,0.041354,0.0871
5141,0.040581,0.0867
5142,0.040556,0.0848
5143,0.038010,0.0847
5144,0.041167,0.0871
5145,0.041300,0.0852
5146,0.039109,0.0867
5147,0.039274,0.0852
5148,0.040626,0.0872
5149,0.040561,0.0853
5150,0.039768,0.0867
5151,0.039149,0.0849
5152,0.041003,0.0849
5153,0.037924,0.0852
5154,0.037795,0.0852
5155,0.034813,0.0866
5156,0.035204,0.0832
5157,0.033880,0.0871
5158,0.034471,0.0870
5159,0.033967,0.0869
5160,0.032856,0.0851
5161,0.035974,0.0827
5162,0.039198,0.0867
5163,0.041975,0.0866
5164,0.046181,0.0866
5165,0.049547,0.0865
5166,0.050661,0.0851
5167,0.052590,0.0842
5168,0.049140,0.0865
5169,0.045588,0.0865
5170,0.040569,0.0870
5171,0.038617,0.0869
5172,0.037193,0.0851
5173,0.036429,0.0866
5174,0.034651,0.0854
5175,0.036198,0.0868
5176,0.037123,0.0869
5177,0.037057,0.0850
5178,0.039125,0.0865
5179,0.036299,0.0847
5180,0.034211,0.0869
5181,0.033788,0.0869
5182,0.033020,0.0866
5183,0.033163,0.0866
5184,0.031852,0.0850
5185,0.032406,0.0867
5186,0.032881,0.0872
5187,0.032552,0.0869
5188,0.033114,0.0870
5189,0.031683,0.0861
5190,0.033291,0.0852
5191,0.037795,0.0846
5192,0.044227,0.0864
5193,0.051950,0.0844
5194,0.057648,0.0847
5195,0.061550,0.0866
5196,0.064528,0.0865
5197,0.071259,0.0848
5198,0.076495,0.0863
5199,0.078392,0.0864
5200,0.079112,0.0845
5201,0.080526,0.0850
5202,0.082058,0.0868
5203,0.084329,0.0872
5204,0.081825,0.0851
5205,0.082277,0.0865
5206,0.083281,0.0851
5207,0.082755,0.0866
5208,0.085525,0.0863
5209,0.093467,0.0847
5210,0.099760,0.0848
5211,0.104504,0.0863
5212,0.107821,0.0866
5213,0.111106,0.0848
5214,0.110543,0.0869
5215,0.114399,0.0848
5216,0.124355,0.0852
5217,0.131172,0.0851
5218,0.135594,0.0872
5219,0.136906,0.0849
5220,0.133170,0.0851
5221,0.128176,0.0851
5222,0.125696,0.0866
5223,0.122793,0.0871
5224,0.119071,0.0872
5225,0.114407,0.0872
5226,0.113228,0.0851
5227,0.106154,0.0870
5228,0.102807,0.0851
5229,0.098176,0.0849
5230,0.094007,0.0851
5231,0.091882,0.0871
5232,0.090070,0.0866
5233,0.089054,0.0870
5234,0.083425,0.0852
5235,0.080908,0.0870
5236,0.075086,0.0873
5237,0.073305,0.0872
5238,0.073289,0.0872
5239,0.071306,0.0845
5240,0.069147,0.0852
5241,0.067569,0.0867
5242,0.066175,0.0863
5243,0.063016,0.0863
5244,0.061182,0.0839
5245,0.057494,0.0868
5246,0.053065,0.0872
5247,0.051129,0.0867
5248,0.049931,0.0872
5249,0.049628,0.0865
5250,0.048566,0.0871
5251,0.049016,0.0851
5252,0.049736,0.0865
5253,0.048974,0.0865
5254,0.052647,0.0866
5255,0.058451,0.0863
5256,0.059060,0.0828
5257,0.059441,0.0866
5258,0.056051,0.0851
5259,0.052613,0.0862
5260,0.048617,0.0868
5261,0.046756,0.0848
5262,0.048024,0.0866
5263,0.050168,0.0866
5264,0.048932,0.0868
5265,0.047330,0.0868
5266,0.047996,0.0849
5267,0.047886,0.0851
5268,0.046050,0.0872
5269,0.045091,0.0858
5270,0.045400,0.0847
5271,0.042222,0.0864
5272,0.041105,0.0850
5273,0.043477,0.0863
5274,0.045515,0.0866
5275,0.044490,0.0862
5276,0.048071,0.0848
5277,0.047781,0.0850
5278,0.047874,0.0871
5279,0.043524,0.0844
5280,0.041642,0.0866
5281,0.038008,0.0847
5282,0.036518,0.0852
5283,0.038176,0.0851
5284,0.038844,0.0852
5285,0.037803,0.0872
5286,0.038159,0.0873
5287,0.034876,0.0851
5288,0.034386,0.0872
5289,0.034118,0.0863
5290,0.036294,0.0866
5291,0.035982,0.0873
5292,0.036546,0.0852
5293,0.036348,0.0867
5294,0.037038,0.0852
5295,0.034632,0.0868
5296,0.034566,0.0851
5297,0.034067,0.0875
5298,0.034008,0.0874
5299,0.036022,0.0873
5300,0.035807,0.0859
5301,0.034395,0.0872
5302,0.034035,0.0852
5303,0.033767,0.0873
5304,0.036047,0.0866
5305,0.037631,0.0851
5306,0.037856,0.0868
5307,0.034388,0.0846
5308,0.034494,0.0870
5309,0.034496,0.0860
5310,0.034865,0.0873
5311,0.034407,0.0848
5312,0.033852,0.0873
5313,0.032640,0.0870
5314,0.032826,0.0871
5315,0.035237,0.0852
5316,0.036774,0.0873
5317,0.038141,0.0868
5318,0.041239,0.0849
5319,0.043427,0.0868
5320,0.045894,0.0873
5321,0.046964,0.0851
5322,0.047931,0.0873
5323,0.044837,0.0874
5324,0.043580,0.0873
5325,0.041585,0.0868
5326,0.039429,0.0868
5327,0.035584,0.0870
5328,0.036591,0.0853
5329,0.034567,0.0853
5330,0.035344,0.0852
5331,0.033469,0.0853
5332,0.034087,0.0854
5333,0.034364,0.0866
5334,0.033708,0.0850
5335,0.034194,0.0874
5336,0.034098,0.0867
5337,0.035292,0.0872
5338,0.035274,0.0870
5339,0.036416,0.0866
5340,0.038495,0.0867
5341,0.039633,0.0847
5342,0.037325,0.0853
5343,0.036914,0.0853
5344,0.036981,0.0876
5345,0.036333,0.0853
5346,0.035265,0.0853
5347,0.034042,0.0866
5348,0.033739,0.0874
5349,0.033125,0.0868
5350,0.033545,0.0872
5351,0.033700,0.0876
5352,0.030155,0.0874
5353,0.033512,0.0852
5354,0.038262,0.0868
5355,0.035764,0.0873
5356,0.030295,0.0868
5357,0.028017,0.0869
5358,0.031477,0.0854
5359,0.032317,0.0867
5360,0.031448,0.0852
5361,0.030172,0.0854
5362,0.029418,0.0853
5363,0.030369,0.0853
5364,0.029208,0.0854
5365,0.030497,0.0854
5366,0.030340,0.0874
5367,0.029828,0.0869
5368,0.029139,0.0874
5369,0.029402,0.0868
5370,0.028688,0.0853
5371,0.028739,0.0874
5372,0.027629,0.0869
5373,0.026573,0.0869
5374,0.027371,0.0853
5375,0.025828,0.0871
5376,0.025558,0.0848
5377,0.023903,0.0869
5378,0.023866,0.0867
5379,0.022729,0.0866
5380,0.025078,0.0851
5381,0.026175,0.0876
5382,0.027980,0.0853
5383,0.027656,0.0869
5384,0.030032,0.0870
5385,0.031576,0.0871
5386,0.031352,0.0868
5387,0.031377,0.0871
5388,0.030237,0.0870
5389,0.031380,0.0869
5390,0.031276,0.0871
5391,0.033856,0.0853
5392,0.033398,0.0869
5393,0.032594,0.0866
5394,0.032154,0.0877
5395,0.032568,0.0868
5396,0.030691,0.0868
5397,0.028009,0.0876
5398,0.028836,0.0872
5399,0.030337,0.0868
5400,0.027509,0.0875
5401,0.024532,0.0847
5402,0.026472,0.0854
5403,0.025611,0.0863
5404,0.025578,0.0877
5405,0.024846,0.0869
5406,0.023133,0.0855
5407,0.025295,0.0871
5408,0.026418,0.0870
5409,0.027808,0.0854
5410,0.026294,0.0855
5411,0.026586,0.0855
5412,0.025303,0.0870
5413,0.025699,0.0875
5414,0.028013,0.0861
5415,0.027209,0.0851
5416,0.029179,0.0867
5417,0.030990,0.0831
5418,0.035475,0.0856
5419,0.042001,0.0856
5420,0.045894,0.0876
5421,0.049627,0.0855
5422,0.049846,0.0868
5423,0.050110,0.0855
5424,0.048655,0.0878
5425,0.047646,0.0855
5426,0.046676,0.0869
5427,0.045459,0.0874
5428,0.042902,0.0832
5429,0.040442,0.0869
5430,0.036546,0.0876
5431,0.037814,0.0856
5432,0.033477,0.0877
5433,0.033739,0.0872
5434,0.030332,0.0871
5435,0.031993,0.0873
5436,0.032409,0.0875
5437,0.029545,0.0875
5438,0.031186,0.0856
5439,0.034851,0.0877
5440,0.044423,0.0871
5441,0.048597,0.0835
5442,0.043735,0.0876
5443,0.038483,0.0870
5444,0.034503,0.0867
5445,0.032824,0.0854
5446,0.034064,0.0877
5447,0.033534,0.0876
5448,0.032146,0.0855
5449,0.029580,0.0877
5450,0.027955,0.0869
5451,0.029627,0.0871
5452,0.026456,0.0867
5453,0.026681,0.0853
5454,0.026814,0.0852
5455,0.025079,0.0849
5456,0.027710,0.0853
5457,0.026304,0.0877
5458,0.028685,0.0878
5459,0.029822,0.0851
5460,0.031833,0.0873
5461,0.030251,0.0872
5462,0.031577,0.0871
5463,0.036774,0.0872
5464,0.043447,0.0877
5465,0.047246,0.0852
5466,0.047526,0.0869
5467,0.047754,0.0877
5468,0.046825,0.0856
5469,0.048720,0.0846
5470,0.054794,0.0876
5471,0.055547,0.0877
5472,0.058742,0.0871
5473,0.054785,0.0869
5474,0.053847,0.0876
5475,0.050507,0.0876
5476,0.046241,0.0878
5477,0.043366,0.0867
5478,0.042739,0.0868
5479,0.043063,0.0869
5480,0.043550,0.0870
5481,0.044050,0.0870
5482,0.042922,0.0870
5483,0.041842,0.0851
5484,0.039443,0.0868
5485,0.039650,0.0870
5486,0.038914,0.0866
5487,0.035526,0.0875
5488,0.031981,0.0876
5489,0.031022,0.0869
5490,0.033247,0.0876
5491,0.034002,0.0868
5492,0.033592,0.0876
5493,0.031956,0.0859
5494,0.030698,0.0883
5495,0.028386,0.0880
5496,0.026243,0.0876
5497,0.027538,0.0876
5498,0.027114,0.0880
5499,0.027551,0.0881
5500,0.029154,0.0864
5501,0.030638,0.0892
5502,0.031020,0.0881
5503,0.031227,0.0878
5504,0.034283,0.0873
5505,0.036276,0.0894
5506,0.038083,0.0873
5507,0.038941,0.0880
5508,0.040313,0.0876
5509,0.039706,0.0863
5510,0.039682,0.0883
5511,0.036174,0.0884
5512,0.034745,0.0878
5513,0.029893,0.0878
5514,0.030543,0.0881
5515,0.031991,0.0873
5516,0.031942,0.0877
5517,0.030866,0.0867
5518,0.027735,0.0852
5519,0.026377,0.0852
5520,0.030836,0.0866
5521,0.031886,0.0853
5522,0.033736,0.0851
5523,0.031242,0.0882
5524,0.030576,0.0878
5525,0.030648,0.0877
5526,0.034772,0.0864
5527,0.036092,0.0878
5528,0.035825,0.0863
5529,0.041075,0.0864
5530,0.046244,0.0878
5531,0.048909,0.0859
5532,0.045961,0.0858
5533,0.043816,0.0880
5534,0.044955,0.0893
5535,0.042506,0.0881
5536,0.042294,0.0878
5537,0.041015,0.0874
5538,0.041540,0.0880
5539,0.039538,0.0893
5540,0.037351,0.0848
5541,0.035477,0.0846
5542,0.039835,0.0850
5543,0.040979,0.0868
5544,0.044292,0.0854
5545,0.043403,0.0851
5546,0.043203,0.0854
5547,0.041103,0.0848
5548,0.040603,0.0868
5549,0.039779,0.0852
5550,0.034721,0.0867
5551,0.033614,0.0851
5552,0.031469,0.0852
5553,0.031297,0.0848
5554,0.029101,0.0851
5555,0.031960,0.0865
5556,0.031778,0.0849
5557,0.034025,0.0865
5558,0.033511,0.0867
5559,0.031435,0.0851
5560,0.032679,0.0855
5561,0.031782,0.0867
5562,0.030527,0.0865
5563,0.027534,0.0856
5564,0.027884,0.0856
5565,0.026809,0.0847
5566,0.026401,0.0847
5567,0.024351,0.0868
5568,0.023609,0.0867
5569,0.020835,0.0858
5570,0.021465,0.0868
5571,0.022194,0.0852
5572,0.021042,0.0866
5573,0.021845,0.0869
5574,0.024150,0.0857
5575,0.025239,0.0852
5576,0.027217,0.0868
5577,0.027733,0.0846
5578,0.028400,0.0868
5579,0.029948,0.0868
5580,0.028566,0.0866
5581,0.028199,0.0848
5582,0.028755,0.0853
5583,0.027863,0.0868
5584,0.028333,0.0849
5585,0.027146,0.0867
5586,0.026549,0.0865
5587,0.028916,0.0846
5588,0.026834,0.0868
5589,0.026603,0.0854
5590,0.026817,0.0849
5591,0.025855,0.0849
5592,0.024553,0.0846
5593,0.022696,0.0868
5594,0.022014,0.0868
5595,0.020597,0.0867
5596,0.019110,0.0852
5597,0.019784,0.0849
5598,0.019052,0.0856
5599,0.019744,0.0866
5600,0.018771,0.0868
5601,0.018362,0.0865
5602,0.019063,0.0853
5603,0.018007,0.0868
5604,0.020083,0.0867
5605,0.017656,0.0855
5606,0.016964,0.0867
5607,0.014810,0.0869
5608,0.018428,0.0860
5609,0.020246,0.0853
5610,0.018378,0.0864
5611,0.019032,0.0852
5612,0.019425,0.0869
5613,0.020356,0.0856
5614,0.018534,0.0857
5615,0.020804,0.0857
5616,0.019256,0.0869
5617,0.017643,0.0855
5618,0.018297,0.0869
5619,0.018381,0.0873
5620,0.022028,0.0866
5621,0.023187,0.0872
5622,0.022735,0.0850
5623,0.022395,0.0872
5624,0.021498,0.0854
5625,0.021983,0.0854
5626,0.023055,0.0851
5627,0.022906,0.0873
5628,0.020192,0.0875
5629,0.021251,0.0873
5630,0.022906,0.0850
5631,0.022258,0.0874
5632,0.022463,0.0874
5633,0.019551,0.0851
5634,0.023268,0.0868
5635,0.026620,0.0869
5636,0.027572,0.0873
5637,0.029939,0.0851
5638,0.030270,0.0857
5639,0.032594,0.0855
5640,0.033400,0.0872
5641,0.032739,0.0874
5642,0.034895,0.0856
5643,0.034313,0.0870
5644,0.033281,0.0857
5645,0.032760,0.0855
5646,0.031557,0.0869
5647,0.030472,0.0866
5648,0.031552,0.0856
5649,0.026983,0.0871
5650,0.028013,0.0855
5651,0.037637,0.0863
5652,0.050670,0.0855
5653,0.066315,0.0856
5654,0.075205,0.0854
5655,0.081817,0.0873
5656,0.082221,0.0873
5657,0.078757,0.0875
5658,0.073064,0.0875
5659,0.063618,0.0856
5660,0.056270,0.0854
5661,0.051889,0.0855
5662,0.049363,0.0868
5663,0.048897,0.0857
5664,0.049275,0.0851
5665,0.049099,0.0865
5666,0.046561,0.0856
5667,0.041742,0.0868
5668,0.036341,0.0874
5669,0.030457,0.0869
5670,0.027494,0.0871
5671,0.027402,0.0864
5672,0.028495,0.0869
5673,0.030014,0.0853
5674,0.032662,0.0872
5675,0.032888,0.0869
5676,0.031830,0.0875
5677,0.031938,0.0870
5678,0.029398,0.0872
5679,0.030007,0.0867
5680,0.029628,0.0854
5681,0.030537,0.0870
5682,0.031341,0.0857
5683,0.032963,0.0874
5684,0.028162,0.0850
5685,0.032445,0.0849
5686,0.033572,0.0876
5687,0.035473,0.0855
5688,0.040082,0.0855
5689,0.043700,0.0851
5690,0.045418,0.0874
5691,0.046520,0.0865
5692,0.047530,0.0856
5693,0.048196,0.0870
5694,0.043537,0.0853
5695,0.042120,0.0858
5696,0.038726,0.0868
5697,0.036834,0.0850
5698,0.032713,0.0857
5699,0.030780,0.0855
5700,0.029094,0.0855
5701,0.030517,0.0872
5702,0.031396,0.0870
5703,0.032149,0.0868
5704,0.031386,0.0868
5705,0.031129,0.0868
5706,0.030230,0.0851
5707,0.027153,0.0856
5708,0.026544,0.0855
5709,0.026516,0.0856
5710,0.025612,0.0855
5711,0.025789,0.0851
5712,0.026610,0.0854
5713,0.024515,0.0851
5714,0.025094,0.0874
5715,0.022903,0.0857
5716,0.022703,0.0856
5717,0.023569,0.0873
5718,0.022056,0.0868
5719,0.021615,0.0873
5720,0.021976,0.0873
5721,0.021322,0.0851
5722,0.021297,0.0871
5723,0.020321,0.0873
5724,0.022014,0.0866
5725,0.023465,0.0857
5726,0.023727,0.0856
5727,0.024464,0.0855
5728,0.023959,0.0856
5729,0.023421,0.0868
5730,0.023897,0.0856
5731,0.023251,0.0873
5732,0.020932,0.0850
5733,0.021595,0.0869
5734,0.022691,0.0874
5735,0.024750,0.0869
5736,0.025752,0.0862
5737,0.026264,0.0856
5738,0.029967,0.0855
5739,0.032625,0.0873
5740,0.035137,0.0869
5741,0.034789,0.0874
5742,0.036524,0.0851
5743,0.034546,0.0873
5744,0.032203,0.0873
5745,0.032150,0.0866
5746,0.031929,0.0874
5747,0.033751,0.0834
5748,0.030214,0.0873
5749,0.030291,0.0866
5750,0.033230,0.0851
5751,0.033891,0.0868
5752,0.034629,0.0874
5753,0.033872,0.0869
5754,0.034440,0.0856
5755,0.034525,0.0856
5756,0.033370,0.0868
5757,0.032453,0.0872
5758,0.031669,0.0857
5759,0.027694,0.0858
5760,0.027362,0.0859
5761,0.028150,0.0877
5762,0.027880,0.0869
5763,0.025365,0.0874
5764,0.024142,0.0834
5765,0.023310,0.0876
5766,0.024408,0.0866
5767,0.022149,0.0878
5768,0.020888,0.0879
5769,0.019826,0.0858
5770,0.020555,0.0872
5771,0.019188,0.0871
5772,0.018777,0.0858
5773,0.020941,0.0872
5774,0.017989,0.0857
5775,0.018941,0.0858
5776,0.019389,0.0858
5777,0.018784,0.0871
5778,0.020007,0.0876
5779,0.020562,0.0868
5780,0.020567,0.0877
5781,0.021479,0.0877
5782,0.020754,0.0873
5783,0.020969,0.0859
5784,0.020613,0.0858
5785,0.020128,0.0870
5786,0.019841,0.0877
5787,0.020828,0.0860
5788,0.019954,0.0870
5789,0.018627,0.0858
5790,0.019613,0.0855
5791,0.022522,0.0879
5792,0.019550,0.0858
5793,0.020793,0.0858
5794,0.021082,0.0877
5795,0.023573,0.0858
5796,0.025130,0.0872
5797,0.023027,0.0877
5798,0.022397,0.0867
5799,0.021458,0.0872
5800,0.020953,0.0860
5801,0.020916,0.0865
5802,0.021539,0.0879
5803,0.020283,0.0875
5804,0.017746,0.0881
5805,0.017447,0.0877
5806,0.017548,0.0858
5807,0.017595,0.0860
5808,0.018123,0.0874
5809,0.015265,0.0850
5810,0.014661,0.0858
5811,0.011757,0.0858
5812,0.011915,0.0858
5813,0.010817,0.0878
5814,0.009031,0.0857
5815,0.007713,0.0873
5816,0.007858,0.0859
5817,0.005295,0.0872
5818,0.005715,0.0871
5819,0.007073,0.0879
5820,0.008866,0.0859
5821,0.007724,0.0872
5822,0.005275,0.0873
5823,0.005725,0.0872
5824,0.004729,0.0877
5825,0.002986,0.0856
5826,0.001606,0.0858
5827,0.002526,0.0869
5828,0.004845,0.0875
5829,0.003040,0.0869
5830,0.002865,0.0852
5831,0.001317,0.0879
5832,0.002425,0.0874
5833,0.001035,0.0873
5834,0.001596,0.0866
5835,0.001275,0.0857
5836,0.001145,0.0871
5837,0.000589,0.0862
5838,0.001264,0.0879
5839,0.001245,0.0860
5840,0.002100,0.0853
5841,0.002405,0.0871
5842,0.001920,0.0876
5843,0.001964,0.0879
5844,0.001999,0.0870
5845,0.001761,0.0874
5846,-0.000029,0.0873
5847,-0.000595,0.0859
5848,-0.002350,0.0871
5849,-0.002053,0.0878
5850,-0.002492,0.0862
5851,-0.002357,0.0858
5852,-0.000933,0.0859
5853,-0.002638,0.0859
5854,-0.003609,0.0876
5855,-0.005131,0.0875
5856,-0.003116,0.0878
5857,-0.003604,0.0874
5858,-0.003771,0.0859
5859,-0.004148,0.0873
5860,-0.005611,0.0853
5861,-0.006949,0.0874
5862,-0.007834,0.0873
5863,-0.006333,0.0859
5864,-0.005610,0.0879
5865,-0.005682,0.0859
5866,-0.003728,0.0880
5867,-0.004468,0.0880
5868,-0.005008,0.0880
5869,-0.005199,0.0880
5870,-0.006525,0.0860
5871,-0.006969,0.0872
5872,-0.007031,0.0859
5873,-0.007300,0.0857
5874,-0.008689,0.0875
5875,-0.010293,0.0862
5876,-0.011485,0.0874
5877,-0.009416,0.0871
5878,-0.009393,0.0879
5879,-0.011035,0.0869
5880,-0.011472,0.0860
5881,-0.011192,0.0873
5882,-0.010414,0.0871
5883,-0.009833,0.0873
5884,-0.010673,0.0873
5885,-0.011699,0.0854
5886,-0.010862,0.0878
5887,-0.010805,0.0859
5888,-0.011232,0.0878
5889,-0.010112,0.0869
5890,-0.010632,0.0875
5891,-0.011412,0.0878
5892,-0.011347,0.0869
5893,-0.012325,0.0858
5894,-0.011844,0.0871
5895,-0.011933,0.0871
5896,-0.011689,0.0872
5897,-0.013207,0.0872
5898,-0.014633,0.0869
5899,-0.012935,0.0873
5900,-0.013095,0.0874
5901,-0.015155,0.0856
5902,-0.015035,0.0873
5903,-0.013922,0.0878
5904,-0.013132,0.0873
5905,-0.014047,0.0859
5906,-0.014013,0.0858
5907,-0.014536,0.0879
5908,-0.012778,0.0851
5909,-0.015074,0.0872
5910,-0.014686,0.0858
5911,-0.015222,0.0857
5912,-0.014043,0.0873
5913,-0.012116,0.0872
5914,-0.012701,0.0869
5915,-0.013190,0.0878
5916,-0.013949,0.0853
5917,-0.013380,0.0872
5918,-0.014253,0.0873
5919,-0.015606,0.0851
5920,-0.014486,0.0872
5921,-0.014951,0.0875
5922,-0.015815,0.0879
5923,-0.016677,0.0873
5924,-0.015152,0.0869
5925,-0.014244,0.0871
5926,-0.014666,0.0881
5927,-0.014965,0.0879
5928,-0.014729,0.0879
5929,-0.015756,0.0877
5930,-0.016309,0.0850
5931,-0.015516,0.0873
5932,-0.015728,0.0859
5933,-0.016641,0.0872
5934,-0.018490,0.0867
5935,-0.017560,0.0871
5936,-0.016995,0.0874
5937,-0.017462,0.0873
5938,-0.016813,0.0875
5939,-0.017067,0.0873
5940,-0.016008,0.0860
5941,-0.015743,0.0859
5942,-0.015858,0.0872
5943,-0.016288,0.0859
5944,-0.015363,0.0872
5945,-0.016361,0.0875
5946,-0.014775,0.0859
5947,-0.016332,0.0859
5948,-0.016376,0.0866
5949,-0.016190,0.0859
5950,-0.017358,0.0880
5951,-0.016774,0.0874
5952,-0.015498,0.0880
5953,-0.015174,0.0874
5954,-0.014819,0.0874
5955,-0.014635,0.0835
5956,-0.015447,0.0879
5957,-0.016664,0.0874
5958,-0.016206,0.0869
5959,-0.015418,0.0854
5960,-0.017369,0.0852
5961,-0.018549,0.0851
5962,-0.016965,0.0839
5963,-0.017223,0.0851
5964,-0.017828,0.0859
5965,-0.018206,0.0878
5966,-0.018817,0.0871
5967,-0.018728,0.0854
5968,-0.018593,0.0854
5969,-0.016801,0.0873
5970,-0.016881,0.0873
5971,-0.017549,0.0869
5972,-0.017786,0.0861
5973,-0.018170,0.0882
5974,-0.018284,0.0880
5975,-0.018007,0.0880
5976,-0.019781,0.0883
5977,-0.018940,0.0865
5978,-0.019411,0.0882
5979,-0.018099,0.0855
5980,-0.018125,0.0858
5981,-0.016451,0.0858
5982,-0.017729,0.0876
5983,-0.017693,0.0859
5984,-0.018378,0.0880
5985,-0.017223,0.0873
5986,-0.016573,0.0874
5987,-0.016864,0.0881
5988,-0.016175,0.0853
5989,-0.016027,0.0881
5990,-0.016606,0.0856
5991,-0.015242,0.0859
5992,-0.014039,0.0856
5993,-0.015280,0.0862
5994,-0.014712,0.0876
5995,-0.013572,0.0874
5996,-0.014210,0.0883
5997,-0.014042,0.0861
5998,-0.015313,0.0861
5999,-0.014945,0.0877
6000,-0.015117,0.0856
