epoch,loss,tiempo_s
1,10.267959,0.2125
2,6.879452,0.0121
3,6.282701,0.0104
4,6.005953,0.0107
5,5.818109,0.0108
6,5.675313,0.0112
7,5.564782,0.0114
8,5.472499,0.0115
9,5.392784,0.0120
10,5.321000,0.0124
11,5.257148,0.0123
12,5.201134,0.0123
13,5.149623,0.0119
14,5.101271,0.0121
15,5.057759,0.0125
16,5.016525,0.0124
17,4.979648,0.0123
18,4.944016,0.0118
19,4.911108,0.0119
20,4.880316,0.0123
21,4.851570,0.0123
22,4.823545,0.0124
23,4.796725,0.0122
24,4.771066,0.0117
25,4.747692,0.0118
26,4.724812,0.0123
27,4.702134,0.0123
28,4.681139,0.0122
29,4.660522,0.0117
30,4.642242,0.0117
31,4.622855,0.0118
32,4.604273,0.0123
33,4.586299,0.0123
34,4.570261,0.0123
35,4.552543,0.0122
36,4.537253,0.0118
37,4.521699,0.0119
38,4.506973,0.0123
39,4.492744,0.0123
40,4.478292,0.0123
41,4.464950,0.0121
42,4.452024,0.0117
43,4.438339,0.0119
44,4.425526,0.0123
45,4.412746,0.0123
46,4.400600,0.0122
47,4.388066,0.0117
48,4.376921,0.0118
49,4.365471,0.0122
50,4.353799,0.0124
51,4.343128,0.0123
52,4.332706,0.0122
53,4.321512,0.0117
54,4.310979,0.0119
55,4.300788,0.0122
56,4.290156,0.0123
57,4.280729,0.0121
58,4.271246,0.0117
59,4.261765,0.0117
60,4.252026,0.0119
61,4.241870,0.0123
62,4.233020,0.0123
63,4.224010,0.0122
64,4.214184,0.0118
65,4.205626,0.0118
66,4.196620,0.0123
67,4.187662,0.0123
68,4.179724,0.0123
69,4.171387,0.0122
70,4.161400,0.0118
71,4.154160,0.0119
72,4.145020,0.0124
73,4.136384,0.0123
74,4.128711,0.0122
75,4.121170,0.0117
76,4.112870,0.0120
77,4.104985,0.0123
78,4.097556,0.0123
79,4.089303,0.0122
80,4.081907,0.0117
81,4.073932,0.0117
82,4.066488,0.0119
83,4.059124,0.0123
84,4.051859,0.0123
85,4.043956,0.0122
86,4.036530,0.0118
87,4.029392,0.0118
88,4.022364,0.0123
89,4.014295,0.0123
90,4.007115,0.0123
91,4.000233,0.0121
92,3.993208,0.0117
93,3.986925,0.0118
94,3.980386,0.0123
95,3.973616,0.0123
96,3.966292,0.0122
97,3.959425,0.0117
98,3.952916,0.0119
99,3.945680,0.0123
100,3.939438,0.0123
101,3.933115,0.0123
102,3.927101,0.0118
103,3.921158,0.0116
104,3.915274,0.0119
105,3.909025,0.0123
106,3.902842,0.0123
107,3.895562,0.0122
108,3.888732,0.0118
109,3.882818,0.0119
110,3.877249,0.0123
111,3.870724,0.0123
112,3.865185,0.0122
113,3.858918,0.0117
114,3.853011,0.0117
115,3.846521,0.0119
116,3.840948,0.0157
117,3.835320,0.0124
118,3.830423,0.0118
119,3.824903,0.0119
120,3.819376,0.0123
121,3.813196,0.0123
122,3.807822,0.0137
123,3.801918,0.0114
124,3.796444,0.0119
125,3.790823,0.0123
126,3.784859,0.0124
127,3.779499,0.0122
128,3.774511,0.0118
129,3.768524,0.0120
130,3.762915,0.0123
131,3.757576,0.0123
132,3.752113,0.0123
133,3.746114,0.0117
134,3.741474,0.0117
135,3.736157,0.0119
136,3.730929,0.0125
137,3.725658,0.0123
138,3.720341,0.0122
139,3.715240,0.0117
140,3.711311,0.0119
141,3.705886,0.0124
142,3.701225,0.0124
143,3.696184,0.0123
144,3.691877,0.0123
145,3.686890,0.0118
146,3.682801,0.0121
147,3.676922,0.0123
148,3.671973,0.0123
149,3.667448,0.0123
150,3.662645,0.0118
151,3.657534,0.0118
152,3.653122,0.0124
153,3.648679,0.0123
154,3.644346,0.0122
155,3.639494,0.0117
156,3.635262,0.0118
157,3.630952,0.0119
158,3.626500,0.0123
159,3.621543,0.0123
160,3.616954,0.0123
161,3.612240,0.0117
162,3.609086,0.0119
163,3.604156,0.0123
164,3.598943,0.0124
165,3.594860,0.0123
166,3.590324,0.0123
167,3.585235,0.0117
168,3.580858,0.0120
169,3.576079,0.0123
170,3.572661,0.0124
171,3.568368,0.0122
172,3.562827,0.0118
173,3.558603,0.0119
174,3.553589,0.0123
175,3.549534,0.0124
176,3.545260,0.0123
177,3.541832,0.0117
178,3.537947,0.0118
179,3.534038,0.0120
180,3.529948,0.0124
181,3.526401,0.0123
182,3.522478,0.0122
183,3.518028,0.0117
184,3.514481,0.0120
185,3.510734,0.0123
186,3.507393,0.0124
187,3.503803,0.0123
188,3.499945,0.0123
189,3.496556,0.0118
190,3.492760,0.0120
191,3.488944,0.0123
192,3.485666,0.0123
193,3.481834,0.0122
194,3.477929,0.0119
195,3.474845,0.0119
196,3.471618,0.0124
197,3.468613,0.0123
198,3.463665,0.0123
199,3.460718,0.0118
200,3.456476,0.0120
201,3.452519,0.0123
202,3.448848,0.0123
203,3.444742,0.0122
204,3.441292,0.0113
205,3.437847,0.0099
206,3.434079,0.0102
207,3.430600,0.0108
208,3.427331,0.0111
209,3.422527,0.0114
210,3.419251,0.0120
211,3.416198,0.0123
212,3.412411,0.0124
213,3.408728,0.0122
214,3.404775,0.0118
215,3.400809,0.0119
216,3.397863,0.0124
217,3.394201,0.0124
218,3.390811,0.0122
219,3.387210,0.0118
220,3.384978,0.0119
221,3.380646,0.0124
222,3.376224,0.0124
223,3.372606,0.0122
224,3.369615,0.0119
225,3.366200,0.0118
226,3.362652,0.0120
227,3.358819,0.0123
228,3.354407,0.0124
229,3.351265,0.0123
230,3.348109,0.0118
231,3.344574,0.0119
232,3.342798,0.0124
233,3.339681,0.0124
234,3.335943,0.0123
235,3.332652,0.0134
236,3.329302,0.0118
237,3.325844,0.0123
238,3.322705,0.0124
239,3.319747,0.0123
240,3.316695,0.0118
241,3.314062,0.0119
242,3.310921,0.0124
243,3.307900,0.0123
244,3.305068,0.0124
245,3.301544,0.0123
246,3.299483,0.0118
247,3.295266,0.0120
248,3.291617,0.0124
249,3.288388,0.0124
250,3.286057,0.0123
251,3.283935,0.0117
252,3.280203,0.0119
253,3.277553,0.0124
254,3.274246,0.0124
255,3.270721,0.0124
256,3.268629,0.0124
257,3.265325,0.0118
258,3.262868,0.0124
259,3.260121,0.0124
260,3.257016,0.0123
261,3.254876,0.0123
262,3.252168,0.0119
263,3.248025,0.0119
264,3.246719,0.0124
265,3.244167,0.0123
266,3.241691,0.0123
267,3.238252,0.0118
268,3.234248,0.0120
269,3.232426,0.0124
270,3.229676,0.0124
271,3.226503,0.0123
272,3.223478,0.0118
273,3.220479,0.0117
274,3.216388,0.0120
275,3.213514,0.0124
276,3.210975,0.0124
277,3.206435,0.0123
278,3.203507,0.0118
279,3.200241,0.0119
280,3.196708,0.0125
281,3.194081,0.0123
282,3.191246,0.0123
283,3.188353,0.0118
284,3.186516,0.0118
285,3.183071,0.0120
286,3.180144,0.0124
287,3.176620,0.0124
288,3.174752,0.0123
289,3.170922,0.0118
290,3.167606,0.0101
291,3.166314,0.0122
292,3.163018,0.0122
293,3.159505,0.0123
294,3.157327,0.0123
295,3.156010,0.0118
296,3.152515,0.0120
297,3.149670,0.0124
298,3.147507,0.0124
299,3.145720,0.0123
300,3.142203,0.0118
301,3.139590,0.0125
302,3.136851,0.0124
303,3.133886,0.0123
304,3.131203,0.0118
305,3.128761,0.0119
306,3.125530,0.0125
307,3.123645,0.0124
308,3.119703,0.0123
309,3.117264,0.0118
310,3.114469,0.0119
311,3.111619,0.0124
312,3.110476,0.0124
313,3.108594,0.0123
314,3.104436,0.0123
315,3.101791,0.0120
316,3.099210,0.0125
317,3.096036,0.0124
318,3.093235,0.0123
319,3.091061,0.0118
320,3.089163,0.0119
321,3.085131,0.0121
322,3.083612,0.0124
323,3.080888,0.0122
324,3.078207,0.0119
325,3.074099,0.0118
326,3.072417,0.0121
327,3.071342,0.0124
328,3.068102,0.0125
329,3.064622,0.0123
330,3.062860,0.0118
331,3.059509,0.0120
332,3.057801,0.0125
333,3.054752,0.0124
334,3.051321,0.0123
335,3.048930,0.0119
336,3.045646,0.0122
337,3.041556,0.0124
338,3.039577,0.0124
339,3.036596,0.0123
340,3.033030,0.0120
341,3.031511,0.0120
342,3.027603,0.0125
343,3.024957,0.0124
344,3.025602,0.0123
345,3.021903,0.0118
346,3.020157,0.0121
347,3.018462,0.0157
348,3.015542,0.0129
349,3.012575,0.0112
350,3.010813,0.0121
351,3.007499,0.0124
352,3.006039,0.0124
353,3.002052,0.0123
354,3.000280,0.0119
355,2.997808,0.0121
356,2.995886,0.0125
357,2.992534,0.0124
358,2.991367,0.0123
359,2.988904,0.0119
360,2.985739,0.0120
361,2.981615,0.0124
362,2.980687,0.0125
363,2.979616,0.0123
364,2.977749,0.0119
365,2.976399,0.0118
366,2.973473,0.0121
367,2.970141,0.0124
368,2.967956,0.0125
369,2.964851,0.0123
370,2.960985,0.0120
371,2.957931,0.0124
372,2.955575,0.0125
373,2.953409,0.0124
374,2.950724,0.0119
375,2.950390,0.0118
376,2.946964,0.0121
377,2.945958,0.0125
378,2.942029,0.0125
379,2.939679,0.0124
380,2.935532,0.0119
381,2.932810,0.0121
382,2.930741,0.0125
383,2.926317,0.0124
384,2.924497,0.0124
385,2.923704,0.0120
386,2.921394,0.0125
387,2.918846,0.0125
388,2.914906,0.0123
389,2.914439,0.0120
390,2.910521,0.0119
391,2.907337,0.0121
392,2.905105,0.0125
393,2.902211,0.0125
394,2.899242,0.0124
395,2.899042,0.0119
396,2.896395,0.0121
397,2.893729,0.0125
398,2.890816,0.0125
399,2.889556,0.0123
400,2.889165,0.0119
401,2.884303,0.0121
402,2.883569,0.0125
403,2.880732,0.0125
404,2.879894,0.0124
405,2.875994,0.0119
406,2.874182,0.0121
407,2.873494,0.0125
408,2.871850,0.0125
409,2.870800,0.0124
410,2.867789,0.0120
411,2.866734,0.0121
412,2.864147,0.0125
413,2.859987,0.0125
414,2.858504,0.0117
415,2.856128,0.0104
416,2.850521,0.0103
417,2.848604,0.0103
418,2.847703,0.0110
419,2.844840,0.0112
420,2.841857,0.0117
421,2.840827,0.0121
422,2.839383,0.0125
423,2.836068,0.0124
424,2.832645,0.0119
425,2.831430,0.0120
426,2.828908,0.0126
427,2.829942,0.0125
428,2.826110,0.0125
429,2.825838,0.0120
430,2.823741,0.0120
431,2.819379,0.0122
432,2.816304,0.0125
433,2.812757,0.0125
434,2.811188,0.0125
435,2.809014,0.0120
436,2.806263,0.0122
437,2.803380,0.0125
438,2.800765,0.0125
439,2.798049,0.0124
440,2.795773,0.0121
441,2.794930,0.0125
442,2.790986,0.0126
443,2.787593,0.0124
444,2.784822,0.0120
445,2.785748,0.0121
446,2.781600,0.0126
447,2.779692,0.0125
448,2.778427,0.0124
449,2.776337,0.0119
450,2.773263,0.0123
451,2.771225,0.0125
452,2.771387,0.0126
453,2.770003,0.0125
454,2.766564,0.0120
455,2.761880,0.0122
456,2.759508,0.0126
457,2.759566,0.0126
458,2.757957,0.0125
459,2.755208,0.0119
460,2.750652,0.0122
461,2.747108,0.0125
462,2.748710,0.0126
463,2.745066,0.0132
464,2.746188,0.0117
465,2.742967,0.0123
466,2.738282,0.0126
467,2.735705,0.0124
468,2.732676,0.0119
469,2.729304,0.0116
470,2.726347,0.0123
471,2.724699,0.0127
472,2.723150,0.0125
473,2.719738,0.0119
474,2.716083,0.0117
475,2.712585,0.0122
476,2.710223,0.0127
477,2.709401,0.0125
478,2.705005,0.0120
479,2.705825,0.0120
480,2.701972,0.0123
481,2.699973,0.0126
482,2.697541,0.0125
483,2.693907,0.0119
484,2.691956,0.0116
485,2.690531,0.0120
486,2.688346,0.0126
487,2.685554,0.0126
488,2.683230,0.0126
489,2.683813,0.0120
490,2.682380,0.0123
491,2.679812,0.0126
492,2.678075,0.0120
493,2.677898,0.0102
494,2.675895,0.0105
495,2.673077,0.0111
496,2.671940,0.0113
497,2.667819,0.0114
498,2.665731,0.0120
499,2.661926,0.0126
500,2.660367,0.0127
501,2.657315,0.0125
502,2.656008,0.0121
503,2.654686,0.0122
504,2.652090,0.0128
505,2.649611,0.0126
506,2.648297,0.0126
507,2.645071,0.0120
508,2.642272,0.0122
509,2.641525,0.0127
510,2.640393,0.0127
511,2.638949,0.0125
512,2.637892,0.0122
513,2.635653,0.0123
514,2.632934,0.0127
515,2.631246,0.0125
516,2.627485,0.0120
517,2.624340,0.0116
518,2.621881,0.0120
519,2.620169,0.0127
520,2.620468,0.0127
521,2.617404,0.0126
522,2.618158,0.0122
523,2.614200,0.0123
524,2.611405,0.0127
525,2.609192,0.0126
526,2.606356,0.0121
527,2.606364,0.0117
528,2.603457,0.0124
529,2.601048,0.0126
530,2.600561,0.0126
531,2.597123,0.0121
532,2.594975,0.0121
533,2.594674,0.0124
534,2.594011,0.0127
535,2.590352,0.0126
536,2.588639,0.0120
537,2.585846,0.0118
538,2.585210,0.0124
539,2.583236,0.0126
540,2.579923,0.0127
541,2.577302,0.0120
542,2.576232,0.0123
543,2.574830,0.0127
544,2.571910,0.0127
545,2.571929,0.0126
546,2.569821,0.0122
547,2.564888,0.0123
548,2.564370,0.0127
549,2.566084,0.0126
550,2.563396,0.0120
551,2.561184,0.0118
552,2.559771,0.0124
553,2.559273,0.0127
554,2.555721,0.0126
555,2.553313,0.0121
556,2.550706,0.0124
557,2.545882,0.0137
558,2.542688,0.0128
559,2.539762,0.0122
560,2.541243,0.0124
561,2.539722,0.0127
562,2.537358,0.0127
563,2.536069,0.0126
564,2.536326,0.0124
565,2.537725,0.0127
566,2.537956,0.0128
567,2.533933,0.0126
568,2.531773,0.0121
569,2.529481,0.0120
570,2.525259,0.0127
571,2.522969,0.0127
572,2.521272,0.0127
573,2.518027,0.0121
574,2.515448,0.0125
575,2.514084,0.0127
576,2.512562,0.0127
577,2.512345,0.0121
578,2.507685,0.0121
579,2.506688,0.0127
580,2.504302,0.0127
581,2.502161,0.0120
582,2.500843,0.0118
583,2.498542,0.0121
584,2.498009,0.0127
585,2.497894,0.0127
586,2.495070,0.0127
587,2.494720,0.0122
588,2.491573,0.0124
589,2.490654,0.0128
590,2.486713,0.0127
591,2.482993,0.0120
592,2.483609,0.0119
593,2.484505,0.0126
594,2.481878,0.0128
595,2.477391,0.0126
596,2.475012,0.0122
597,2.474265,0.0124
598,2.476254,0.0129
599,2.475015,0.0127
600,2.473046,0.0122
601,2.471917,0.0118
602,2.467088,0.0128
603,2.467108,0.0127
604,2.465329,0.0122
605,2.465996,0.0124
606,2.463367,0.0128
607,2.461385,0.0127
608,2.461317,0.0121
609,2.460473,0.0119
610,2.461724,0.0125
611,2.461946,0.0128
612,2.458258,0.0127
613,2.459351,0.0121
614,2.455224,0.0120
615,2.453062,0.0128
616,2.451815,0.0129
617,2.449705,0.0127
618,2.446524,0.0123
619,2.446193,0.0124
620,2.442507,0.0128
621,2.442275,0.0127
622,2.437829,0.0122
623,2.434459,0.0119
624,2.432814,0.0126
625,2.431653,0.0128
626,2.431363,0.0128
627,2.431127,0.0123
628,2.430285,0.0126
629,2.427671,0.0128
630,2.428411,0.0128
631,2.424114,0.0122
632,2.420297,0.0122
633,2.422357,0.0129
634,2.419942,0.0129
635,2.420086,0.0127
636,2.419431,0.0125
637,2.415603,0.0129
638,2.410561,0.0130
639,2.410200,0.0127
640,2.408658,0.0125
641,2.401300,0.0129
642,2.407341,0.0130
643,2.404168,0.0128
644,2.400587,0.0125
645,2.396167,0.0129
646,2.396594,0.0129
647,2.393496,0.0128
648,2.390878,0.0125
649,2.389809,0.0129
650,2.386651,0.0129
651,2.385103,0.0128
652,2.383803,0.0125
653,2.381137,0.0129
654,2.378305,0.0129
655,2.376431,0.0128
656,2.373901,0.0126
657,2.379157,0.0129
658,2.386038,0.0130
659,2.384049,0.0128
660,2.379474,0.0125
661,2.375281,0.0130
662,2.372724,0.0129
663,2.371136,0.0122
664,2.368563,0.0121
665,2.367115,0.0127
666,2.361948,0.0130
667,2.366769,0.0128
668,2.382861,0.0124
669,2.387599,0.0127
670,2.380669,0.0130
671,2.367032,0.0129
672,2.356122,0.0124
673,2.352226,0.0125
674,2.350546,0.0130
675,2.351341,0.0129
676,2.352161,0.0123
677,2.347914,0.0124
678,2.343899,0.0130
679,2.338442,0.0129
680,2.334300,0.0124
681,2.331938,0.0122
682,2.329892,0.0128
683,2.329829,0.0129
684,2.331059,0.0125
685,2.329840,0.0122
686,2.327748,0.0129
687,2.327974,0.0130
688,2.323662,0.0129
689,2.321032,0.0125
690,2.315660,0.0129
691,2.316489,0.0130
692,2.313774,0.0130
693,2.310890,0.0122
694,2.308374,0.0130
695,2.308199,0.0131
696,2.306099,0.0131
697,2.303216,0.0124
698,2.300764,0.0130
699,2.301585,0.0132
700,2.301715,0.0132
701,2.302048,0.0124
702,2.300617,0.0131
703,2.300439,0.0132
704,2.296770,0.0128
705,2.293569,0.0125
706,2.290331,0.0132
707,2.290945,0.0133
708,2.289355,0.0129
709,2.285310,0.0126
710,2.281636,0.0154
711,2.284481,0.0140
712,2.283920,0.0130
713,2.279929,0.0134
714,2.277790,0.0136
715,2.275548,0.0127
716,2.274518,0.0131
717,2.273296,0.0136
718,2.271745,0.0132
719,2.271546,0.0127
720,2.272047,0.0136
721,2.273094,0.0137
722,2.271380,0.0129
723,2.269921,0.0137
724,2.267646,0.0138
725,2.267418,0.0130
726,2.263308,0.0137
727,2.261327,0.0140
728,2.265644,0.0132
729,2.258333,0.0138
730,2.257327,0.0141
731,2.253846,0.0132
732,2.252965,0.0141
733,2.253712,0.0142
734,2.250077,0.0135
735,2.248507,0.0142
736,2.244892,0.0144
737,2.244203,0.0142
738,2.242092,0.0145
739,2.238948,0.0135
740,2.235031,0.0145
741,2.236166,0.0147
742,2.237332,0.0141
743,2.239190,0.0148
744,2.237632,0.0140
745,2.237415,0.0144
746,2.236618,0.0147
747,2.233158,0.0143
748,2.232031,0.0152
749,2.230651,0.0142
750,2.227657,0.0149
751,2.225468,0.0146
752,2.225184,0.0147
753,2.225135,0.0151
754,2.224376,0.0147
755,2.218469,0.0152
756,2.218158,0.0146
757,2.215422,0.0151
758,2.213072,0.0149
759,2.211843,0.0155
760,2.208876,0.0150
761,2.206043,0.0153
762,2.206869,0.0152
763,2.205344,0.0153
764,2.201932,0.0154
765,2.198398,0.0156
766,2.196733,0.0154
767,2.197490,0.0158
768,2.195802,0.0156
769,2.196459,0.0159
770,2.193132,0.0159
771,2.187906,0.0163
772,2.184921,0.0162
773,2.181927,0.0162
774,2.176622,0.0165
775,2.177137,0.0164
776,2.175910,0.0166
777,2.169685,0.0168
778,2.171051,0.0170
779,2.167919,0.0175
780,2.168753,0.0173
781,2.165674,0.0174
782,2.159766,0.0178
783,2.159676,0.0181
784,2.156578,0.0182
785,2.151044,0.0182
786,2.153786,0.0185
787,2.149278,0.0189
788,2.148970,0.0187
789,2.145293,0.0189
790,2.146273,0.0192
791,2.141246,0.0195
792,2.141134,0.0196
793,2.139243,0.0198
794,2.138430,0.0201
795,2.133479,0.0206
796,2.133098,0.0205
797,2.129067,0.0213
798,2.127255,0.0212
799,2.127014,0.0212
800,2.126031,0.0218
801,2.123368,0.0217
802,2.124913,0.0220
803,2.120976,0.0222
804,2.120800,0.0229
805,2.116492,0.0231
806,2.115538,0.0235
807,2.113393,0.0234
808,2.113698,0.0237
809,2.115642,0.0240
810,2.112550,0.0244
811,2.109742,0.0245
812,2.106847,0.0255
813,2.105040,0.0253
814,2.101027,0.0257
815,2.096864,0.0259
816,2.096638,0.0263
817,2.094193,0.0270
818,2.092928,0.0270
819,2.091712,0.0271
820,2.086988,0.0276
821,2.082864,0.0280
822,2.080299,0.0283
823,2.077889,0.0286
824,2.072981,0.0296
825,2.071038,0.0294
826,2.071031,0.0298
827,2.064770,0.0302
828,2.063557,0.0305
829,2.061132,0.0309
830,2.063369,0.0318
831,2.061455,0.0316
832,2.055323,0.0320
833,2.055264,0.0324
834,2.053047,0.0328
835,2.049955,0.0333
836,2.049129,0.0343
837,2.050945,0.0347
838,2.052105,0.0347
839,2.045224,0.0349
840,2.042627,0.0361
841,2.040198,0.0359
842,2.038664,0.0363
843,2.035866,0.0367
844,2.029063,0.0372
845,2.028639,0.0385
846,2.025842,0.0383
847,2.023149,0.0386
848,2.019839,0.0394
849,2.020172,0.0399
850,2.021268,0.0406
851,2.022253,0.0411
852,2.018440,0.0417
853,2.020191,0.0431
854,2.016895,0.0430
855,2.033952,0.0436
856,2.047408,0.0453
857,2.055073,0.0449
858,2.054431,0.0456
859,2.055671,0.0474
860,2.057757,0.0470
861,2.049778,0.0478
862,2.048694,0.0501
863,2.043122,0.0493
864,2.045406,0.0500
865,2.051536,0.0519
866,2.049894,0.0524
867,2.051387,0.0528
868,2.040750,0.0532
869,2.034783,0.0536
870,2.029939,0.0540
871,2.024183,0.0545
872,2.025163,0.0550
873,2.027171,0.0553
874,2.012646,0.0558
875,2.010859,0.0563
876,2.007842,0.0568
877,2.009341,0.0573
878,2.010330,0.0578
879,2.002210,0.0582
880,1.997215,0.0590
881,1.993655,0.0593
882,1.986164,0.0599
883,1.985503,0.0604
884,1.975217,0.0610
885,1.971569,0.0614
886,1.971493,0.0620
887,1.982415,0.0625
888,1.976981,0.0630
889,1.965233,0.0632
890,1.954694,0.0632
891,1.961456,0.0632
892,1.950691,0.0633
893,1.955332,0.0632
894,1.948125,0.0632
895,1.945004,0.0632
896,1.945193,0.0633
897,1.942270,0.0633
898,1.930579,0.0633
899,1.923784,0.0633
900,1.930243,0.0641
901,1.927781,0.0631
902,1.954261,0.0633
903,1.959609,0.0633
904,1.950631,0.0633
905,1.933535,0.0633
906,1.935068,0.0633
907,1.928526,0.0633
908,1.917417,0.0633
909,1.906497,0.0633
910,1.904223,0.0633
911,1.902217,0.0633
912,1.904567,0.0633
913,1.897370,0.0633
914,1.895590,0.0633
915,1.889744,0.0632
916,1.878963,0.0633
917,1.880965,0.0633
918,1.880526,0.0633
919,1.879325,0.0633
920,1.873820,0.0637
921,1.865537,0.0633
922,1.864552,0.0633
923,1.865839,0.0633
924,1.871475,0.0633
925,1.869689,0.0632
926,1.865683,0.0633
927,1.855608,0.0633
928,1.855561,0.0633
929,1.858098,0.0633
930,1.854701,0.0633
931,1.842774,0.0633
932,1.836843,0.0633
933,1.834670,0.0633
934,1.834058,0.0633
935,1.829448,0.0633
936,1.832640,0.0634
937,1.830361,0.0633
938,1.829436,0.0633
939,1.821078,0.0637
940,1.823656,0.0633
941,1.820937,0.0633
942,1.822234,0.0633
943,1.825167,0.0633
944,1.821884,0.0633
945,1.818867,0.0633
946,1.819552,0.0633
947,1.808473,0.0633
948,1.808560,0.0633
949,1.804727,0.0633
950,1.817355,0.0633
951,1.818644,0.0633
952,1.815447,0.0633
953,1.817279,0.0633
954,1.817980,0.0633
955,1.820563,0.0633
956,1.813768,0.0633
957,1.806374,0.0634
958,1.807702,0.0637
959,1.799494,0.0645
960,1.788307,0.0651
961,1.790497,0.0659
962,1.780820,0.0667
963,1.781040,0.0688
964,1.780735,0.0680
965,1.775377,0.0706
966,1.768740,0.0696
967,1.763308,0.0702
968,1.758950,0.0712
969,1.755637,0.0738
970,1.757724,0.0731
971,1.751889,0.0734
972,1.755981,0.0735
973,1.747487,0.0734
974,1.749838,0.0735
975,1.743059,0.0735
976,1.739837,0.0737
977,1.739616,0.0735
978,1.734318,0.0735
979,1.733985,0.0735
980,1.734122,0.0735
981,1.731206,0.0735
982,1.725685,0.0735
983,1.722616,0.0735
984,1.722504,0.0735
985,1.722513,0.0735
986,1.711831,0.0735
987,1.708459,0.0735
988,1.703469,0.0735
989,1.701036,0.0735
990,1.705559,0.0735
991,1.701615,0.0735
992,1.699950,0.0735
993,1.696686,0.0735
994,1.696578,0.0735
995,1.697996,0.0735
996,1.692969,0.0735
997,1.693137,0.0741
998,1.689948,0.0736
999,1.685607,0.0735
1000,1.689482,0.0735
1001,1.681904,0.0735
1002,1.678843,0.0735
1003,1.677326,0.0735
1004,1.673526,0.0735
1005,1.668410,0.0735
1006,1.672866,0.0735
1007,1.664154,0.0735
1008,1.661205,0.0735
1009,1.660703,0.0735
1010,1.658842,0.0734
1011,1.665569,0.0733
1012,1.661370,0.0734
1013,1.663150,0.0787
1014,1.662143,0.0738
1015,1.658813,0.0737
1016,1.656362,0.0737
1017,1.652725,0.0737
1018,1.655255,0.0737
1019,1.662816,0.0741
1020,1.658141,0.0737
1021,1.650451,0.0737
1022,1.644192,0.0737
1023,1.641391,0.0737
1024,1.641004,0.0738
1025,1.636330,0.0756
1026,1.640161,0.0756
1027,1.637652,0.0755
1028,1.634142,0.0756
1029,1.629578,0.0755
1030,1.627505,0.0755
1031,1.624181,0.0755
1032,1.622337,0.0756
1033,1.619787,0.0755
1034,1.616790,0.0755
1035,1.615771,0.0756
1036,1.616455,0.0756
1037,1.620667,0.0737
1038,1.619174,0.0737
1039,1.629035,0.0736
1040,1.634635,0.0740
1041,1.627456,0.0737
1042,1.625544,0.0738
1043,1.623662,0.0738
1044,1.624726,0.0738
1045,1.620915,0.0738
1046,1.616786,0.0738
1047,1.614163,0.0738
1048,1.615766,0.0738
1049,1.614748,0.0738
1050,1.625387,0.0738
1051,1.623238,0.0738
1052,1.615112,0.0739
1053,1.614116,0.0738
1054,1.612430,0.0738
1055,1.601730,0.0755
1056,1.596826,0.0756
1057,1.591287,0.0755
1058,1.594615,0.0756
1059,1.592961,0.0755
1060,1.602264,0.0756
1061,1.587981,0.0737
1062,1.600172,0.0739
1063,1.594506,0.0737
1064,1.599298,0.0737
1065,1.604858,0.0737
1066,1.603667,0.0737
1067,1.600545,0.0737
1068,1.600587,0.0736
1069,1.597796,0.0736
1070,1.600764,0.0737
1071,1.600018,0.0736
1072,1.587315,0.0737
1073,1.580420,0.0737
1074,1.580177,0.0736
1075,1.582172,0.0737
1076,1.581382,0.0737
1077,1.575525,0.0736
1078,1.574200,0.0737
1079,1.569244,0.0737
1080,1.568545,0.0737
1081,1.562798,0.0737
1082,1.563298,0.0756
1083,1.560195,0.0758
1084,1.561267,0.0756
1085,1.564418,0.0756
1086,1.557160,0.0756
1087,1.553788,0.0755
1088,1.556394,0.0755
1089,1.556844,0.0755
1090,1.554009,0.0756
1091,1.555207,0.0755
1092,1.550311,0.0756
1093,1.551860,0.0755
1094,1.544998,0.0756
1095,1.543607,0.0756
1096,1.541088,0.0756
1097,1.538152,0.0756
1098,1.540295,0.0756
1099,1.544485,0.0755
1100,1.537227,0.0756
1101,1.532002,0.0755
1102,1.541618,0.0756
1103,1.535822,0.0756
1104,1.539526,0.0756
1105,1.540560,0.0756
1106,1.538624,0.0756
1107,1.534048,0.0756
1108,1.526433,0.0756
1109,1.521187,0.0756
1110,1.525941,0.0763
1111,1.518092,0.0756
1112,1.518642,0.0739
1113,1.516474,0.0738
1114,1.514798,0.0738
1115,1.513843,0.0739
1116,1.513249,0.0739
1117,1.513005,0.0739
1118,1.506506,0.0739
1119,1.521299,0.0739
1120,1.538444,0.0739
1121,1.549840,0.0738
1122,1.552346,0.0739
1123,1.546677,0.0738
1124,1.541816,0.0739
1125,1.534981,0.0756
1126,1.521746,0.0756
1127,1.510554,0.0756
1128,1.512746,0.0757
1129,1.522559,0.0756
1130,1.509515,0.0757
1131,1.506303,0.0757
1132,1.506819,0.0757
1133,1.512506,0.0756
1134,1.506995,0.0757
1135,1.511369,0.0757
1136,1.498740,0.0757
1137,1.493564,0.0757
1138,1.486325,0.0760
1139,1.485977,0.0757
1140,1.483819,0.0757
1141,1.489154,0.0756
1142,1.479509,0.0757
1143,1.476390,0.0757
1144,1.475877,0.0757
1145,1.471595,0.0757
1146,1.471693,0.0757
1147,1.468826,0.0757
1148,1.465254,0.0757
1149,1.457438,0.0757
1150,1.458875,0.0801
1151,1.455244,0.0757
1152,1.461549,0.0757
1153,1.460923,0.0749
1154,1.458455,0.0757
1155,1.456200,0.0757
1156,1.453021,0.0757
1157,1.455132,0.0757
1158,1.447403,0.0757
1159,1.447978,0.0757
1160,1.450978,0.0757
1161,1.445895,0.0757
1162,1.446018,0.0757
1163,1.444907,0.0757
1164,1.444478,0.0757
1165,1.444889,0.0761
1166,1.444662,0.0758
1167,1.447171,0.0757
1168,1.445042,0.0758
1169,1.448904,0.0757
1170,1.450819,0.0758
1171,1.456423,0.0757
1172,1.454892,0.0757
1173,1.449966,0.0758
1174,1.444114,0.0759
1175,1.446446,0.0760
1176,1.444861,0.0767
1177,1.431681,0.0766
1178,1.427861,0.0766
1179,1.425823,0.0766
1180,1.426559,0.0766
1181,1.428510,0.0766
1182,1.422827,0.0767
1183,1.419312,0.0766
1184,1.419430,0.0767
1185,1.417310,0.0766
1186,1.415093,0.0766
1187,1.421570,0.0766
1188,1.418577,0.0766
1189,1.420382,0.0766
1190,1.421329,0.0767
1191,1.423734,0.0761
1192,1.414669,0.0763
1193,1.407447,0.0760
1194,1.410474,0.0761
1195,1.411334,0.0761
1196,1.409059,0.0761
1197,1.413613,0.0761
1198,1.412903,0.0761
1199,1.410020,0.0761
1200,1.408816,0.0761
1201,1.408372,0.0759
1202,1.408334,0.0761
1203,1.408040,0.0761
1204,1.407455,0.0761
1205,1.413643,0.0766
1206,1.404962,0.0767
1207,1.401027,0.0766
1208,1.399901,0.0767
1209,1.405633,0.0767
1210,1.400180,0.0767
1211,1.403385,0.0767
1212,1.401040,0.0768
1213,1.401544,0.0767
1214,1.403557,0.0767
1215,1.402613,0.0767
1216,1.400387,0.0750
1217,1.399456,0.0749
1218,1.395408,0.0750
1219,1.393052,0.0751
1220,1.391688,0.0750
1221,1.392941,0.0749
1222,1.393848,0.0750
1223,1.396492,0.0749
1224,1.389300,0.0750
1225,1.388670,0.0750
1226,1.382516,0.0750
1227,1.381294,0.0750
1228,1.376996,0.0750
1229,1.374455,0.0750
1230,1.372385,0.0750
1231,1.371933,0.0761
1232,1.375925,0.0767
1233,1.373458,0.0767
1234,1.373981,0.0767
1235,1.372830,0.0767
1236,1.369639,0.0768
1237,1.370099,0.0767
1238,1.364979,0.0768
1239,1.365786,0.0767
1240,1.365798,0.0769
1241,1.368939,0.0768
1242,1.365288,0.0769
1243,1.370320,0.0768
1244,1.369773,0.0763
1245,1.372820,0.0762
1246,1.371870,0.0762
1247,1.367674,0.0762
1248,1.364767,0.0763
1249,1.361696,0.0763
1250,1.360717,0.0763
1251,1.364501,0.0762
1252,1.361757,0.0762
1253,1.365519,0.0762
1254,1.365137,0.0768
1255,1.362800,0.0752
1256,1.362927,0.0751
1257,1.366076,0.0751
1258,1.359231,0.0751
1259,1.361842,0.0751
1260,1.364716,0.0752
1261,1.361615,0.0752
1262,1.365341,0.0751
1263,1.351774,0.0752
1264,1.355825,0.0752
1265,1.352475,0.0751
1266,1.345450,0.0752
1267,1.341691,0.0751
1268,1.340987,0.0752
1269,1.342951,0.0752
1270,1.339394,0.0753
1271,1.335530,0.0752
1272,1.338763,0.0752
1273,1.336442,0.0751
1274,1.335296,0.0752
1275,1.340446,0.0769
1276,1.333748,0.0770
1277,1.331440,0.0769
1278,1.322733,0.0770
1279,1.320434,0.0769
1280,1.325798,0.0770
1281,1.334958,0.0755
1282,1.334881,0.0751
1283,1.335782,0.0751
1284,1.337508,0.0751
1285,1.322484,0.0752
1286,1.315624,0.0752
1287,1.313754,0.0753
1288,1.313117,0.0753
1289,1.317307,0.0753
1290,1.319644,0.0756
1291,1.312913,0.0753
1292,1.309208,0.0766
1293,1.308002,0.0758
1294,1.305463,0.0760
1295,1.307548,0.0761
1296,1.306897,0.0761
1297,1.304543,0.0755
1298,1.299624,0.0755
1299,1.299951,0.0755
1300,1.303803,0.0756
1301,1.304188,0.0755
1302,1.297794,0.0755
1303,1.294880,0.0757
1304,1.290294,0.0757
1305,1.290902,0.0757
1306,1.291995,0.0757
1307,1.293666,0.0758
1308,1.297568,0.0757
1309,1.293714,0.0763
1310,1.289573,0.0758
1311,1.291837,0.0759
1312,1.286720,0.0758
1313,1.283458,0.0758
1314,1.282334,0.0758
1315,1.282928,0.0758
1316,1.276449,0.0759
1317,1.275161,0.0763
1318,1.277839,0.0765
1319,1.277366,0.0763
1320,1.278525,0.0759
1321,1.277492,0.0759
1322,1.274820,0.0760
1323,1.274933,0.0758
1324,1.275313,0.0759
1325,1.275388,0.0774
1326,1.284164,0.0770
1327,1.279172,0.0770
1328,1.277205,0.0769
1329,1.276133,0.0769
1330,1.279126,0.0771
1331,1.275110,0.0770
1332,1.278997,0.0769
1333,1.273504,0.0771
1334,1.272593,0.0771
1335,1.274178,0.0770
1336,1.275295,0.0771
1337,1.281654,0.0771
1338,1.282895,0.0772
1339,1.283168,0.0772
1340,1.282680,0.0772
1341,1.280192,0.0772
1342,1.272935,0.0771
1343,1.272443,0.0783
1344,1.273543,0.0773
1345,1.268478,0.0773
1346,1.264034,0.0771
1347,1.276938,0.0785
1348,1.280594,0.0772
1349,1.287598,0.0774
1350,1.287679,0.0783
1351,1.287611,0.0773
1352,1.291922,0.0774
1353,1.291500,0.0775
1354,1.285772,0.0761
1355,1.283180,0.0762
1356,1.278419,0.0761
1357,1.278371,0.0761
1358,1.273463,0.0761
1359,1.272144,0.0761
1360,1.275123,0.0764
1361,1.274615,0.0764
1362,1.273413,0.0765
1363,1.273780,0.0762
1364,1.272358,0.0772
1365,1.264502,0.0772
1366,1.261484,0.0764
1367,1.253634,0.0767
1368,1.252728,0.0765
1369,1.254155,0.0764
1370,1.254329,0.0769
1371,1.251940,0.0767
1372,1.247630,0.0767
1373,1.245492,0.0776
1374,1.245247,0.0769
1375,1.252635,0.0767
1376,1.259453,0.0780
1377,1.271293,0.0782
1378,1.273721,0.0796
1379,1.275123,0.0781
1380,1.276175,0.0785
1381,1.273241,0.0794
1382,1.272237,0.0785
1383,1.266422,0.0796
1384,1.263109,0.0782
1385,1.259563,0.0783
1386,1.262787,0.0784
1387,1.273774,0.0797
1388,1.263130,0.0783
1389,1.266511,0.0795
1390,1.269458,0.0786
1391,1.260840,0.0798
1392,1.253576,0.0795
1393,1.249653,0.0796
1394,1.245688,0.0789
1395,1.241917,0.0786
1396,1.236436,0.0787
1397,1.239042,0.0786
1398,1.234251,0.0785
1399,1.240899,0.0787
1400,1.243150,0.0785
1401,1.237087,0.0787
1402,1.231605,0.0798
1403,1.234092,0.0787
1404,1.234764,0.0789
1405,1.230297,0.0787
1406,1.222484,0.0798
1407,1.222853,0.0787
1408,1.226620,0.0789
1409,1.221522,0.0788
1410,1.221497,0.0799
1411,1.219827,0.0788
1412,1.221496,0.0785
1413,1.221624,0.0789
1414,1.223737,0.0781
1415,1.222955,0.0772
1416,1.224692,0.0773
1417,1.232104,0.0771
1418,1.235986,0.0776
1419,1.248588,0.0777
1420,1.253047,0.0782
1421,1.255763,0.0781
1422,1.244689,0.0783
1423,1.239139,0.0772
1424,1.240437,0.0773
1425,1.236262,0.0781
1426,1.237383,0.0772
1427,1.229561,0.0782
1428,1.227955,0.0772
1429,1.223674,0.0781
1430,1.221570,0.0769
1431,1.220090,0.0781
1432,1.216055,0.0793
1433,1.214577,0.0785
1434,1.212271,0.0774
1435,1.213331,0.0794
1436,1.210319,0.0772
1437,1.207153,0.0770
1438,1.202927,0.0780
1439,1.203192,0.0773
1440,1.201741,0.0774
1441,1.202014,0.0768
1442,1.204215,0.0779
1443,1.202124,0.0779
1444,1.200096,0.0776
1445,1.198272,0.0773
1446,1.196717,0.0770
1447,1.193843,0.0782
1448,1.197698,0.0778
1449,1.195589,0.0792
1450,1.196080,0.0793
1451,1.192178,0.0795
1452,1.191726,0.0803
1453,1.187277,0.0794
1454,1.187252,0.0796
1455,1.184166,0.0786
1456,1.187470,0.0788
1457,1.190687,0.0787
1458,1.189750,0.0788
1459,1.195434,0.0789
1460,1.194915,0.0787
1461,1.191428,0.0788
1462,1.186646,0.0790
1463,1.186442,0.0789
1464,1.191324,0.0793
1465,1.193011,0.0789
1466,1.199228,0.0790
1467,1.196430,0.0792
1468,1.192317,0.0792
1469,1.190050,0.0788
1470,1.189726,0.0788
1471,1.182045,0.0788
1472,1.171163,0.0789
1473,1.171792,0.0791
1474,1.172564,0.0789
1475,1.176189,0.0781
1476,1.174783,0.0782
1477,1.168389,0.0799
1478,1.169687,0.0799
1479,1.174947,0.0799
1480,1.172012,0.0799
1481,1.168872,0.0799
1482,1.168036,0.0803
1483,1.170261,0.0809
1484,1.173290,0.0799
1485,1.170316,0.0808
1486,1.168791,0.0796
1487,1.165882,0.0805
1488,1.170244,0.0794
1489,1.167369,0.0794
1490,1.161463,0.0793
1491,1.160014,0.0804
1492,1.156752,0.0792
1493,1.158595,0.0795
1494,1.159032,0.0795
1495,1.153619,0.0792
1496,1.153285,0.0806
1497,1.157409,0.0792
1498,1.160612,0.0794
1499,1.158401,0.0793
1500,1.161788,0.0793
1501,1.165642,0.0793
1502,1.162980,0.0794
1503,1.164643,0.0793
1504,1.165364,0.0794
1505,1.166224,0.0794
1506,1.169531,0.0798
1507,1.167168,0.0793
1508,1.165714,0.0793
1509,1.166785,0.0795
1510,1.162551,0.0801
1511,1.161032,0.0795
1512,1.162233,0.0791
1513,1.160459,0.0797
1514,1.161228,0.0804
1515,1.158966,0.0803
1516,1.159938,0.0801
1517,1.155537,0.0795
1518,1.154749,0.0823
1519,1.156164,0.0804
1520,1.156244,0.0804
1521,1.158117,0.0804
1522,1.156837,0.0803
1523,1.159559,0.0802
1524,1.160213,0.0805
1525,1.158911,0.0802
1526,1.155379,0.0808
1527,1.162276,0.0804
1528,1.157039,0.0805
1529,1.156339,0.0806
1530,1.149567,0.0803
1531,1.150568,0.0805
1532,1.151387,0.0805
1533,1.146122,0.0804
1534,1.145065,0.0804
1535,1.144022,0.0806
1536,1.146172,0.0804
1537,1.154061,0.0806
1538,1.150071,0.0806
1539,1.150973,0.0806
1540,1.154049,0.0809
1541,1.158006,0.0807
1542,1.157443,0.0808
1543,1.159616,0.0808
1544,1.159065,0.0809
1545,1.152635,0.0807
1546,1.147030,0.0805
1547,1.149233,0.0808
1548,1.144881,0.0804
1549,1.148327,0.0803
1550,1.150280,0.0805
1551,1.144989,0.0804
1552,1.194391,0.0803
1553,1.259260,0.0823
1554,1.316810,0.0821
1555,1.365274,0.0821
1556,1.395927,0.0821
1557,1.406414,0.0820
1558,1.399166,0.0821
1559,1.388050,0.0819
1560,1.372233,0.0808
1561,1.354185,0.0801
1562,1.334903,0.0802
1563,1.319477,0.0802
1564,1.297838,0.0800
1565,1.276279,0.0803
1566,1.260894,0.0803
1567,1.246463,0.0800
1568,1.239655,0.0804
1569,1.231570,0.0802
1570,1.226023,0.0802
1571,1.223677,0.0802
1572,1.220582,0.0803
1573,1.213192,0.0802
1574,1.207378,0.0801
1575,1.204842,0.0801
1576,1.202118,0.0802
1577,1.200211,0.0819
1578,1.191357,0.0819
1579,1.193391,0.0819
1580,1.190870,0.0820
1581,1.188087,0.0820
1582,1.181513,0.0820
1583,1.178423,0.0804
1584,1.177112,0.0800
1585,1.170579,0.0801
1586,1.166215,0.0802
1587,1.163189,0.0801
1588,1.160731,0.0800
1589,1.155502,0.0801
1590,1.150264,0.0808
1591,1.149641,0.0800
1592,1.148998,0.0809
1593,1.152815,0.0806
1594,1.153813,0.0809
1595,1.155576,0.0809
1596,1.154099,0.0810
1597,1.150403,0.0801
1598,1.145452,0.0810
1599,1.139582,0.0806
1600,1.137961,0.0809
1601,1.132643,0.0800
1602,1.133641,0.0802
1603,1.135131,0.0802
1604,1.128197,0.0801
1605,1.118022,0.0800
1606,1.114447,0.0806
1607,1.114559,0.0802
1608,1.114437,0.0803
1609,1.115647,0.0802
1610,1.112192,0.0800
1611,1.119926,0.0800
1612,1.118767,0.0803
1613,1.116138,0.0821
1614,1.115404,0.0820
1615,1.112258,0.0821
1616,1.109772,0.0821
1617,1.112015,0.0821
1618,1.111712,0.0820
1619,1.108380,0.0801
1620,1.103058,0.0803
1621,1.099400,0.0803
1622,1.118220,0.0804
1623,1.127265,0.0800
1624,1.124555,0.0802
1625,1.126262,0.0801
1626,1.128875,0.0803
1627,1.131624,0.0800
1628,1.123812,0.0804
1629,1.114559,0.0802
1630,1.116383,0.0802
1631,1.115186,0.0803
1632,1.114397,0.0803
1633,1.109610,0.0800
1634,1.107296,0.0803
1635,1.106903,0.0800
1636,1.100764,0.0803
1637,1.101737,0.0804
1638,1.101001,0.0804
1639,1.099763,0.0803
1640,1.102908,0.0803
1641,1.105760,0.0801
1642,1.105801,0.0802
1643,1.103004,0.0801
1644,1.097597,0.0803
1645,1.091357,0.0803
1646,1.096309,0.0801
1647,1.102205,0.0803
1648,1.100981,0.0803
1649,1.099761,0.0800
1650,1.100319,0.0802
1651,1.099615,0.0802
1652,1.096103,0.0804
1653,1.091885,0.0804
1654,1.100190,0.0802
1655,1.099289,0.0804
1656,1.100393,0.0805
1657,1.110549,0.0805
1658,1.098862,0.0814
1659,1.097793,0.0814
1660,1.094792,0.0807
1661,1.096977,0.0805
1662,1.098257,0.0807
1663,1.100909,0.0806
1664,1.104344,0.0805
1665,1.107387,0.0804
1666,1.104753,0.0806
1667,1.102824,0.0807
1668,1.095198,0.0819
1669,1.092215,0.0805
1670,1.089800,0.0807
1671,1.090796,0.0807
1672,1.092931,0.0808
1673,1.090440,0.0809
1674,1.092323,0.0808
1675,1.088889,0.0810
1676,1.089469,0.0811
1677,1.089149,0.0816
1678,1.090324,0.0809
1679,1.084863,0.0808
1680,1.120725,0.0808
1681,1.128983,0.0811
1682,1.123375,0.0810
1683,1.121953,0.0815
1684,1.114054,0.0809
1685,1.107454,0.0810
1686,1.108111,0.0811
1687,1.108464,0.0812
1688,1.106879,0.0814
1689,1.104231,0.0823
1690,1.107455,0.0822
1691,1.105949,0.0823
1692,1.103716,0.0815
1693,1.103103,0.0811
1694,1.107732,0.0812
1695,1.112767,0.0815
1696,1.110372,0.0817
1697,1.109879,0.0815
1698,1.105195,0.0816
1699,1.101196,0.0813
1700,1.099748,0.0814
1701,1.107223,0.0819
1702,1.100449,0.0815
1703,1.102580,0.0821
1704,1.099642,0.0817
1705,1.092855,0.0815
1706,1.091003,0.0818
1707,1.083971,0.0815
1708,1.079896,0.0816
1709,1.075783,0.0825
1710,1.077554,0.0827
1711,1.070953,0.0818
1712,1.075040,0.0836
1713,1.077381,0.0836
1714,1.067547,0.0838
1715,1.068700,0.0838
1716,1.068652,0.0838
1717,1.068014,0.0839
1718,1.067142,0.0820
1719,1.067907,0.0820
1720,1.067477,0.0821
1721,1.072923,0.0820
1722,1.072891,0.0821
1723,1.071889,0.0831
1724,1.070115,0.0824
1725,1.069546,0.0821
1726,1.059982,0.0829
1727,1.056671,0.0824
1728,1.058036,0.0834
1729,1.055542,0.0825
1730,1.066088,0.0836
1731,1.064721,0.0824
1732,1.062809,0.0826
1733,1.060679,0.0827
1734,1.054405,0.0837
1735,1.053411,0.0825
1736,1.056651,0.0825
1737,1.056272,0.0828
1738,1.053635,0.0833
1739,1.054374,0.0834
1740,1.057589,0.0842
1741,1.061987,0.0826
1742,1.065114,0.0827
1743,1.065013,0.0827
1744,1.066412,0.0830
1745,1.064200,0.0830
1746,1.063062,0.0834
1747,1.058364,0.0834
1748,1.061512,0.0843
1749,1.062007,0.0828
1750,1.062016,0.0840
1751,1.063191,0.0834
1752,1.068540,0.0842
1753,1.066669,0.0833
1754,1.064809,0.0833
1755,1.064948,0.0842
1756,1.066807,0.0842
1757,1.072678,0.0854
1758,1.069199,0.0834
1759,1.067864,0.0839
1760,1.059837,0.0834
1761,1.058477,0.0840
1762,1.059863,0.0841
1763,1.056387,0.0840
1764,1.054658,0.0835
1765,1.052458,0.0833
1766,1.055449,0.0834
1767,1.055572,0.0854
1768,1.055607,0.0840
1769,1.047227,0.0842
1770,1.045283,0.0841
1771,1.046179,0.0835
1772,1.047348,0.0850
1773,1.050616,0.0834
1774,1.051679,0.0835
1775,1.049797,0.0837
1776,1.040316,0.0853
1777,1.036385,0.0836
1778,1.032825,0.0851
1779,1.033016,0.0839
1780,1.035498,0.0831
1781,1.034161,0.0830
1782,1.033178,0.0839
1783,1.033157,0.0835
1784,1.036161,0.0835
1785,1.034204,0.0837
1786,1.040596,0.0837
1787,1.039856,0.0837
1788,1.034587,0.0816
1789,1.034973,0.0837
1790,1.032332,0.0849
1791,1.031546,0.0837
1792,1.032211,0.0849
1793,1.028758,0.0828
1794,1.026334,0.0825
1795,1.025374,0.0825
1796,1.025075,0.0832
1797,1.021122,0.0825
1798,1.022232,0.0833
1799,1.018907,0.0831
1800,1.017798,0.0831
1801,1.013725,0.0828
1802,1.013926,0.0829
1803,1.010820,0.0831
1804,1.010591,0.0835
1805,1.012149,0.0826
1806,1.013303,0.0831
1807,1.009887,0.0825
1808,1.007237,0.0829
1809,1.006610,0.0825
1810,1.011370,0.0827
1811,1.010326,0.0814
1812,1.009841,0.0817
1813,1.008391,0.0827
1814,1.004902,0.0834
1815,1.005693,0.0837
1816,1.008479,0.0832
1817,1.019538,0.0823
1818,1.024953,0.0823
1819,1.026090,0.0834
1820,1.026233,0.0835
1821,1.025591,0.0834
1822,1.018951,0.0835
1823,1.012945,0.0835
1824,1.005472,0.0821
1825,1.003658,0.0823
1826,0.999983,0.0823
1827,0.994813,0.0816
1828,0.997086,0.0815
1829,0.998034,0.0814
1830,1.004157,0.0825
1831,1.003853,0.0815
1832,1.006195,0.0823
1833,1.005030,0.0822
1834,1.005083,0.0821
1835,1.006259,0.0812
1836,1.008187,0.0831
1837,1.004129,0.0830
1838,0.998564,0.0831
1839,0.995579,0.0831
1840,0.994297,0.0817
1841,0.989972,0.0815
1842,0.994296,0.0812
1843,0.996390,0.0813
1844,0.993462,0.0814
1845,0.993136,0.0812
1846,0.991104,0.0814
1847,0.990392,0.0813
1848,0.982895,0.0811
1849,0.984305,0.0811
1850,0.987419,0.0812
1851,0.988829,0.0812
1852,1.003259,0.0813
1853,1.010057,0.0811
1854,1.008555,0.0811
1855,1.007719,0.0810
1856,1.009339,0.0811
1857,1.010253,0.0812
1858,1.009088,0.0812
1859,1.005766,0.0813
1860,1.004643,0.0812
1861,0.999898,0.0816
1862,0.998291,0.0813
1863,0.990654,0.0813
1864,0.993160,0.0829
1865,0.993712,0.0817
1866,0.994870,0.0818
1867,0.992688,0.0817
1868,0.996218,0.0813
1869,1.002526,0.0817
1870,1.008075,0.0817
1871,1.013931,0.0814
1872,1.017199,0.0813
1873,1.011235,0.0814
1874,1.008955,0.0830
1875,1.001129,0.0814
1876,0.993774,0.0815
1877,0.992888,0.0815
1878,0.993842,0.0815
1879,0.993951,0.0815
1880,0.982997,0.0815
1881,0.983205,0.0815
1882,0.981786,0.0815
1883,0.984015,0.0816
1884,0.983801,0.0815
1885,0.988760,0.0816
1886,0.987824,0.0815
1887,0.990986,0.0814
1888,0.988584,0.0834
1889,0.989631,0.0832
1890,0.983222,0.0833
1891,0.984019,0.0834
1892,0.983575,0.0834
1893,0.977578,0.0834
1894,0.977926,0.0834
1895,0.982176,0.0834
1896,0.988281,0.0834
1897,0.993535,0.0834
1898,0.990048,0.0815
1899,0.988044,0.0816
1900,0.980960,0.0816
1901,0.975225,0.0816
1902,0.973153,0.0816
1903,0.969371,0.0816
1904,0.969395,0.0817
1905,0.971318,0.0816
1906,0.965868,0.0818
1907,0.969149,0.0834
1908,0.968689,0.0836
1909,0.966160,0.0837
1910,0.968660,0.0838
1911,0.968027,0.0834
1912,0.971074,0.0820
1913,0.972937,0.0818
1914,0.970592,0.0821
1915,0.975637,0.0821
1916,0.971906,0.0819
1917,0.969444,0.0819
1918,0.970502,0.0821
1919,0.971191,0.0822
1920,0.969559,0.0823
1921,0.967706,0.0821
1922,0.963583,0.0823
1923,0.962510,0.0820
1924,0.962864,0.0820
1925,0.971820,0.0821
1926,0.974369,0.0822
1927,0.978194,0.0822
1928,0.974943,0.0822
1929,0.976563,0.0822
1930,0.974794,0.0823
1931,0.975010,0.0840
1932,0.972561,0.0838
1933,0.974057,0.0840
1934,0.975826,0.0840
1935,0.973586,0.0824
1936,0.970167,0.0821
1937,0.976733,0.0824
1938,0.981298,0.0824
1939,0.987216,0.0823
1940,0.997316,0.0824
1941,0.993858,0.0823
1942,0.998564,0.0825
1943,0.998552,0.0824
1944,0.996785,0.0823
1945,0.990491,0.0822
1946,0.986978,0.0820
1947,0.987949,0.0823
1948,0.987131,0.0821
1949,0.987357,0.0843
1950,0.988464,0.0841
1951,0.994255,0.0842
1952,0.996913,0.0840
1953,0.989930,0.0842
1954,0.986557,0.0843
1955,0.986215,0.0842
1956,0.981668,0.0827
1957,0.978423,0.0824
1958,0.978145,0.0824
1959,0.973746,0.0828
1960,0.969721,0.0831
1961,0.970190,0.0823
1962,0.969474,0.0827
1963,0.972711,0.0825
1964,0.969662,0.0825
1965,0.970705,0.0825
1966,0.975082,0.0825
1967,0.973026,0.0826
1968,0.971382,0.0825
1969,0.971577,0.0826
1970,0.972748,0.0830
1971,0.963825,0.0826
1972,0.970018,0.0824
1973,0.969218,0.0825
1974,0.965462,0.0825
1975,0.961847,0.0844
1976,0.956964,0.0844
1977,0.958963,0.0842
1978,0.955704,0.0844
1979,0.956713,0.0844
1980,0.957769,0.0845
1981,0.954043,0.0843
1982,0.956270,0.0842
1983,0.953690,0.0845
1984,0.954203,0.0841
1985,0.951848,0.0845
1986,0.948973,0.0844
1987,0.946454,0.0826
1988,0.951080,0.0828
1989,0.949777,0.0824
1990,0.948933,0.0828
1991,0.950459,0.0826
1992,0.953292,0.0829
1993,0.952957,0.0825
1994,0.949567,0.0828
1995,0.942413,0.0827
1996,0.936476,0.0829
1997,0.936678,0.0826
1998,0.935382,0.0828
1999,0.937737,0.0826
2000,0.936950,0.0847
2001,0.938773,0.0846
2002,0.940848,0.0847
2003,0.943160,0.0846
2004,0.948393,0.0845
2005,0.952351,0.0849
2006,0.950803,0.0849
2007,0.948550,0.0848
2008,0.946988,0.0849
2009,0.945949,0.0846
2010,0.938834,0.0850
2011,0.938845,0.0850
2012,0.943047,0.0847
2013,0.947978,0.0846
2014,0.945010,0.0851
2015,0.941726,0.0848
2016,0.940341,0.0851
2017,0.939012,0.0841
2018,0.938586,0.0850
2019,0.939571,0.0841
2020,0.935324,0.0850
2021,0.936047,0.0851
2022,0.938167,0.0847
2023,0.938113,0.0847
2024,0.932728,0.0853
2025,0.932160,0.0848
2026,0.936621,0.0853
2027,0.937919,0.0850
2028,0.938196,0.0848
2029,0.937202,0.0836
2030,0.930450,0.0835
2031,0.927840,0.0835
2032,0.927000,0.0838
2033,0.927237,0.0838
2034,0.929215,0.0840
2035,0.932192,0.0839
2036,0.934846,0.0841
2037,0.940881,0.0839
2038,0.938860,0.0838
2039,0.932648,0.0839
2040,0.930366,0.0838
2041,0.926958,0.0840
2042,0.925267,0.0843
2043,0.925119,0.0842
2044,0.925712,0.0842
2045,0.923197,0.0844
2046,0.927818,0.0844
2047,0.929283,0.0846
2048,0.927935,0.0842
2049,0.928811,0.0842
2050,0.927632,0.0843
2051,0.931322,0.0847
2052,0.941130,0.0843
2053,0.943992,0.0845
2054,0.943637,0.0848
2055,0.942058,0.0845
2056,0.946018,0.0846
2057,0.953922,0.0850
2058,0.954147,0.0849
2059,0.950845,0.0850
2060,0.951982,0.0847
2061,0.950087,0.0851
2062,0.943541,0.0865
2063,0.951672,0.0866
2064,0.958452,0.0866
2065,0.962615,0.0868
2066,0.958662,0.0867
2067,0.953609,0.0868
2068,0.950117,0.0868
2069,0.945968,0.0868
2070,0.938816,0.0869
2071,0.939361,0.0869
2072,0.938430,0.0868
2073,0.937717,0.0869
2074,0.933600,0.0872
2075,0.932269,0.0865
2076,0.929904,0.0871
2077,0.926809,0.0876
2078,0.925945,0.0876
2079,0.925614,0.0872
2080,0.925119,0.0873
2081,0.921997,0.0873
2082,0.920964,0.0873
2083,0.918440,0.0873
2084,0.917854,0.0874
2085,0.916894,0.0873
2086,0.918259,0.0877
2087,0.917930,0.0878
2088,0.920409,0.0873
2089,0.921546,0.0873
2090,0.918925,0.0876
2091,0.919114,0.0873
2092,0.919426,0.0877
2093,0.919137,0.0878
2094,0.930638,0.0877
2095,0.933442,0.0877
2096,0.933935,0.0876
2097,0.935069,0.0876
2098,0.931600,0.0877
2099,0.928059,0.0876
2100,0.922934,0.0862
2101,0.928395,0.0863
2102,0.936459,0.0859
2103,0.937674,0.0861
2104,0.946362,0.0864
2105,0.937761,0.0865
2106,0.936934,0.0864
2107,0.937695,0.0859
2108,0.945432,0.0866
2109,0.943889,0.0859
2110,0.936576,0.0859
2111,0.948734,0.0859
2112,0.947971,0.0866
2113,0.941192,0.0858
2114,0.935276,0.0858
2115,0.934400,0.0858
2116,0.933207,0.0862
2117,0.932911,0.0866
2118,0.934325,0.0866
2119,0.935400,0.0862
2120,0.931410,0.0865
2121,0.929029,0.0871
2122,0.925946,0.0871
2123,0.932691,0.0871
2124,0.924379,0.0872
2125,0.920488,0.0872
2126,0.917456,0.0872
2127,0.915855,0.0870
2128,0.919531,0.0872
2129,0.918361,0.0870
2130,0.915318,0.0870
2131,0.918298,0.0868
2132,0.917756,0.0874
2133,0.911551,0.0879
2134,0.908596,0.0864
2135,0.908545,0.0875
2136,0.906659,0.0868
2137,0.904834,0.0872
2138,0.904962,0.0868
2139,0.908575,0.0877
2140,0.903665,0.0876
2141,0.900986,0.0871
2142,0.902478,0.0870
2143,0.901153,0.0857
2144,0.900223,0.0864
2145,0.899012,0.0855
2146,0.898146,0.0860
2147,0.899050,0.0854
2148,0.900455,0.0856
2149,0.901157,0.0854
2150,0.906682,0.0854
2151,0.910929,0.0863
2152,0.905755,0.0857
2153,0.905632,0.0853
2154,0.906241,0.0863
2155,0.902360,0.0857
2156,0.904827,0.0864
2157,0.906308,0.0854
2158,0.905579,0.0862
2159,0.902738,0.0848
2160,0.897543,0.0850
2161,0.891885,0.0848
2162,0.887346,0.0882
2163,0.885831,0.0856
2164,0.880143,0.0858
2165,0.881534,0.0848
2166,0.880661,0.0882
2167,0.885187,0.0855
2168,0.889155,0.0847
2169,0.892192,0.0857
2170,0.901275,0.0850
2171,0.896174,0.0882
2172,0.890258,0.0848
2173,0.885995,0.0882
2174,0.888552,0.0873
2175,0.887624,0.0850
2176,0.888176,0.0884
2177,0.891481,0.0849
2178,0.888822,0.0883
2179,0.887250,0.0858
2180,0.886779,0.0884
2181,0.886315,0.0883
2182,0.884722,0.0884
2183,0.883544,0.0883
2184,0.883156,0.0884
2185,0.884915,0.0858
2186,0.884426,0.0867
2187,0.882734,0.0856
2188,0.877714,0.0868
2189,0.875722,0.0857
2190,0.873414,0.0867
2191,0.873212,0.0864
2192,0.873336,0.0865
2193,0.873330,0.0884
2194,0.873045,0.0885
2195,0.873891,0.0885
2196,0.870375,0.0866
2197,0.869955,0.0871
2198,0.868272,0.0849
2199,0.872078,0.0850
2200,0.875674,0.0851
2201,0.874375,0.0850
2202,0.874886,0.0850
2203,0.872870,0.0846
2204,0.871406,0.0850
2205,0.871434,0.0848
2206,0.868748,0.0869
2207,0.869508,0.0861
2208,0.873282,0.0862
2209,0.871351,0.0864
2210,0.871131,0.0871
2211,0.867813,0.0867
2212,0.863429,0.0867
2213,0.862404,0.0868
2214,0.868459,0.0863
2215,0.874041,0.0863
2216,0.869886,0.0872
2217,0.869757,0.0871
2218,0.869686,0.0868
2219,0.871260,0.0870
2220,0.873501,0.0871
2221,0.873439,0.0869
2222,0.874057,0.0869
2223,0.871611,0.0869
2224,0.861435,0.0868
2225,0.856605,0.0862
2226,0.860930,0.0863
2227,0.864862,0.0866
2228,0.862907,0.0861
2229,0.861258,0.0862
2230,0.867443,0.0868
2231,0.876482,0.0858
2232,0.873761,0.0856
2233,0.869784,0.0854
2234,0.863640,0.0854
2235,0.860930,0.0860
2236,0.868969,0.0849
2237,0.875181,0.0844
2238,0.878425,0.0857
2239,0.878725,0.0841
2240,0.878458,0.0841
2241,0.876216,0.0855
2242,0.879112,0.0852
2243,0.886166,0.0851
2244,0.884848,0.0859
2245,0.885327,0.0848
2246,0.880334,0.0859
2247,0.872726,0.0844
2248,0.871536,0.0845
2249,0.869606,0.0846
2250,0.868938,0.0840
2251,0.869187,0.0846
2252,0.864186,0.0855
2253,0.860868,0.0845
2254,0.861224,0.0843
2255,0.861427,0.0848
2256,0.864156,0.0854
2257,0.867115,0.0845
2258,0.876184,0.0862
2259,0.870051,0.0862
2260,0.870797,0.0872
2261,0.871565,0.0855
2262,0.872451,0.0862
2263,0.868761,0.0858
2264,0.865531,0.0859
2265,0.863153,0.0863
2266,0.862621,0.0852
2267,0.864020,0.0861
2268,0.867658,0.0855
2269,0.867035,0.0843
2270,0.877068,0.0855
2271,0.870350,0.0872
2272,0.869925,0.0849
2273,0.865478,0.0846
2274,0.868170,0.0859
2275,0.869504,0.0851
2276,0.870444,0.0848
2277,0.871779,0.0850
2278,0.866750,0.0850
2279,0.857323,0.0858
2280,0.856250,0.0851
2281,0.860106,0.0857
2282,0.858655,0.0853
2283,0.859438,0.0860
2284,0.856941,0.0849
2285,0.854854,0.0874
2286,0.853527,0.0860
2287,0.851420,0.0860
2288,0.850704,0.0849
2289,0.850203,0.0877
2290,0.851344,0.0861
2291,0.849490,0.0856
2292,0.854922,0.0855
2293,0.858568,0.0856
2294,0.856950,0.0879
2295,0.855682,0.0879
2296,0.854313,0.0878
2297,0.850890,0.0879
2298,0.852564,0.0862
2299,0.850191,0.0880
2300,0.855855,0.0879
2301,0.860452,0.0878
2302,0.864661,0.0880
2303,0.865962,0.0880
2304,0.869308,0.0880
2305,0.874884,0.0879
2306,0.870076,0.0879
2307,0.868544,0.0879
2308,0.866517,0.0858
2309,0.863017,0.0848
2310,0.864917,0.0880
2311,0.860595,0.0847
2312,0.861392,0.0880
2313,0.860694,0.0847
2314,0.861431,0.0880
2315,0.861651,0.0858
2316,0.853221,0.0850
2317,0.854640,0.0851
2318,0.855209,0.0850
2319,0.856932,0.0850
2320,0.854756,0.0860
2321,0.859855,0.0855
2322,0.856786,0.0849
2323,0.855431,0.0851
2324,0.858218,0.0850
2325,0.856797,0.0849
2326,0.850487,0.0851
2327,0.853329,0.0850
2328,0.854422,0.0851
2329,0.853522,0.0850
2330,0.852507,0.0850
2331,0.850762,0.0851
2332,0.855230,0.0851
2333,0.859031,0.0849
2334,0.857702,0.0849
2335,0.858955,0.0848
2336,0.861428,0.0850
2337,0.855112,0.0851
2338,0.858714,0.0852
2339,0.860390,0.0852
2340,0.852282,0.0864
2341,0.856217,0.0861
2342,0.851100,0.0866
2343,0.849162,0.0864
2344,0.844539,0.0867
2345,0.844882,0.0866
2346,0.856591,0.0870
2347,0.862295,0.0869
2348,0.858925,0.0867
2349,0.854510,0.0869
2350,0.856481,0.0871
2351,0.849527,0.0866
2352,0.854304,0.0866
2353,0.855154,0.0870
2354,0.852683,0.0869
2355,0.846933,0.0871
2356,0.838862,0.0859
2357,0.866699,0.0858
2358,0.906117,0.0862
2359,0.907001,0.0859
2360,0.904167,0.0862
2361,0.899360,0.0863
2362,0.899776,0.0861
2363,0.896605,0.0854
2364,0.897176,0.0858
2365,0.895504,0.0852
2366,0.887986,0.0864
2367,0.881992,0.0864
2368,0.879230,0.0867
2369,0.878187,0.0863
2370,0.878002,0.0857
2371,0.877977,0.0866
2372,0.879100,0.0867
2373,0.878163,0.0867
2374,0.873937,0.0868
2375,0.874738,0.0868
2376,0.874712,0.0868
2377,0.874215,0.0869
2378,0.871748,0.0861
2379,0.869602,0.0868
2380,0.869093,0.0870
2381,0.874544,0.0866
2382,0.873332,0.0865
2383,0.867532,0.0865
2384,0.865902,0.0866
2385,0.865534,0.0865
2386,0.865449,0.0867
2387,0.865413,0.0866
2388,0.867077,0.0867
2389,0.865042,0.0866
2390,0.860009,0.0867
2391,0.856476,0.0857
2392,0.858343,0.0856
2393,0.856324,0.0859
2394,0.852354,0.0860
2395,0.852169,0.0859
2396,0.853893,0.0860
2397,0.855130,0.0861
2398,0.856367,0.0860
2399,0.857632,0.0859
2400,0.862393,0.0859
2401,0.859849,0.0859
2402,0.856997,0.0859
2403,0.854401,0.0861
2404,0.853220,0.0860
2405,0.848676,0.0863
2406,0.843955,0.0865
2407,0.845973,0.0868
2408,0.842149,0.0871
2409,0.837283,0.0865
2410,0.838303,0.0863
2411,0.845137,0.0861
2412,0.843613,0.0860
2413,0.839764,0.0861
2414,0.837923,0.0873
2415,0.832812,0.0875
2416,0.831379,0.0875
2417,0.832797,0.0874
2418,0.828362,0.0875
2419,0.830595,0.0876
2420,0.828975,0.0876
2421,0.827183,0.0877
2422,0.824172,0.0876
2423,0.825514,0.0863
2424,0.827456,0.0872
2425,0.827332,0.0868
2426,0.823618,0.0875
2427,0.823576,0.0877
2428,0.828455,0.0882
2429,0.829229,0.0868
2430,0.830539,0.0864
2431,0.832000,0.0864
2432,0.834401,0.0866
2433,0.839567,0.0864
2434,0.840940,0.0866
2435,0.837936,0.0866
2436,0.835178,0.0866
2437,0.830583,0.0867
2438,0.827882,0.0866
2439,0.825214,0.0866
2440,0.822142,0.0867
2441,0.825622,0.0867
2442,0.825968,0.0875
2443,0.828023,0.0874
2444,0.830018,0.0875
2445,0.828914,0.0875
2446,0.826142,0.0876
2447,0.825126,0.0876
2448,0.824686,0.0877
2449,0.826882,0.0877
2450,0.823408,0.0878
2451,0.824741,0.0878
2452,0.825190,0.0879
2453,0.824008,0.0879
2454,0.824107,0.0879
2455,0.822465,0.0878
2456,0.823477,0.0880
2457,0.824443,0.0879
2458,0.821065,0.0880
2459,0.820140,0.0880
2460,0.821242,0.0880
2461,0.822378,0.0880
2462,0.818464,0.0880
2463,0.818949,0.0880
2464,0.817935,0.0881
2465,0.815445,0.0880
2466,0.817237,0.0881
2467,0.818501,0.0881
2468,0.825833,0.0881
2469,0.819607,0.0881
2470,0.826093,0.0881
2471,0.821747,0.0881
2472,0.823696,0.0881
2473,0.819388,0.0881
2474,0.822425,0.0882
2475,0.818183,0.0881
2476,0.814882,0.0882
2477,0.817021,0.0882
2478,0.817187,0.0885
2479,0.818107,0.0885
2480,0.814768,0.0885
2481,0.812969,0.0885
2482,0.816402,0.0885
2483,0.811706,0.0885
2484,0.813185,0.0885
2485,0.817432,0.0885
2486,0.819264,0.0886
2487,0.819509,0.0886
2488,0.815633,0.0887
2489,0.817440,0.0889
2490,0.817906,0.0887
2491,0.817003,0.0887
2492,0.817786,0.0887
2493,0.815595,0.0888
2494,0.816498,0.0888
2495,0.815742,0.0888
2496,0.815906,0.0888
2497,0.820662,0.0888
2498,0.822562,0.0892
2499,0.819132,0.0889
2500,0.817843,0.0890
2501,0.816179,0.0890
2502,0.818009,0.0892
2503,0.817798,0.0895
2504,0.812791,0.0894
2505,0.815023,0.0893
2506,0.813097,0.0898
2507,0.813239,0.0895
2508,0.808576,0.0896
2509,0.811610,0.0897
2510,0.810753,0.0898
2511,0.812728,0.0902
2512,0.811374,0.0899
2513,0.809414,0.0903
2514,0.812813,0.0904
2515,0.816166,0.0904
2516,0.819498,0.0905
2517,0.822416,0.0916
2518,0.820158,0.0903
2519,0.820821,0.0903
2520,0.817881,0.0907
2521,0.817745,0.0902
2522,0.813492,0.0902
2523,0.810604,0.0906
2524,0.808879,0.0903
2525,0.808647,0.0907
2526,0.808755,0.0908
2527,0.805661,0.0909
2528,0.802468,0.0910
2529,0.801059,0.0910
2530,0.800860,0.0911
2531,0.798456,0.0906
2532,0.798693,0.0912
2533,0.799886,0.0908
2534,0.800155,0.0914
2535,0.804264,0.0912
2536,0.805244,0.0913
2537,0.807246,0.0909
2538,0.803632,0.0909
2539,0.797380,0.0911
2540,0.797582,0.0909
2541,0.799967,0.0909
2542,0.798162,0.0908
2543,0.794461,0.0906
2544,0.796013,0.0907
2545,0.794750,0.0914
2546,0.795408,0.0909
2547,0.795108,0.0909
2548,0.798032,0.0910
2549,0.798016,0.0914
2550,0.794802,0.0914
2551,0.794875,0.0914
2552,0.794181,0.0914
2553,0.792995,0.0913
2554,0.793882,0.0909
2555,0.795191,0.0910
2556,0.799332,0.0915
2557,0.795551,0.0915
2558,0.790140,0.0913
2559,0.791533,0.0911
2560,0.793219,0.0915
2561,0.793141,0.0915
2562,0.790111,0.0913
2563,0.790869,0.0915
2564,0.790291,0.0916
2565,0.790783,0.0917
2566,0.787896,0.0913
2567,0.801063,0.0913
2568,0.797440,0.0917
2569,0.803928,0.0918
2570,0.797829,0.0916
2571,0.800829,0.0918
2572,0.802131,0.0920
2573,0.801605,0.0918
2574,0.807467,0.0921
2575,0.804007,0.0922
2576,0.803469,0.0922
2577,0.801835,0.0923
2578,0.796144,0.0923
2579,0.798394,0.0920
2580,0.796484,0.0924
2581,0.795277,0.0920
2582,0.803193,0.0924
2583,0.802281,0.0922
2584,0.795737,0.0921
2585,0.799127,0.0926
2586,0.794430,0.0926
2587,0.791593,0.0924
2588,0.790674,0.0925
2589,0.791561,0.0927
2590,0.792136,0.0928
2591,0.791036,0.0927
2592,0.790845,0.0930
2593,0.794911,0.0934
2594,0.796696,0.0931
2595,0.797136,0.0931
2596,0.799093,0.0931
2597,0.797349,0.0930
2598,0.796954,0.0932
2599,0.795979,0.0932
2600,0.794327,0.0938
2601,0.788484,0.0935
2602,0.797883,0.0932
2603,0.799168,0.0929
2604,0.795752,0.0931
2605,0.793549,0.0932
2606,0.793739,0.0930
2607,0.793123,0.0930
2608,0.787803,0.0931
2609,0.782632,0.0938
2610,0.780200,0.0942
2611,0.783295,0.0932
2612,0.781242,0.0932
2613,0.789046,0.0931
2614,0.788908,0.0930
2615,0.786954,0.0931
2616,0.783754,0.0930
2617,0.782578,0.0931
2618,0.783207,0.0931
2619,0.782410,0.0930
2620,0.779067,0.0930
2621,0.779152,0.0930
2622,0.777814,0.0931
2623,0.779743,0.0927
2624,0.779156,0.0931
2625,0.776249,0.0929
2626,0.775901,0.0928
2627,0.776305,0.0927
2628,0.776765,0.0929
2629,0.776231,0.0929
2630,0.778404,0.0929
2631,0.778119,0.0930
2632,0.782077,0.0938
2633,0.789176,0.0937
2634,0.786580,0.0928
2635,0.783345,0.0926
2636,0.778574,0.0927
2637,0.779020,0.0927
2638,0.783831,0.0929
2639,0.781389,0.0927
2640,0.782934,0.0926
2641,0.783709,0.0926
2642,0.785384,0.0928
2643,0.787921,0.0927
2644,0.786935,0.0927
2645,0.789008,0.0928
2646,0.797379,0.0925
2647,0.797085,0.0928
2648,0.796372,0.0927
2649,0.792299,0.0927
2650,0.785185,0.0927
2651,0.784468,0.0928
2652,0.782085,0.0927
2653,0.784077,0.0930
2654,0.784971,0.0927
2655,0.790102,0.0927
2656,0.799327,0.0927
2657,0.804669,0.0928
2658,0.799408,0.0930
2659,0.799888,0.0928
2660,0.803270,0.0930
2661,0.802141,0.0926
2662,0.797765,0.0930
2663,0.803409,0.0930
2664,0.809839,0.0927
2665,0.811961,0.0927
2666,0.802339,0.0931
2667,0.793098,0.0929
2668,0.787999,0.0929
2669,0.786655,0.0930
2670,0.785729,0.0929
2671,0.781365,0.0930
2672,0.777609,0.0929
2673,0.777053,0.0937
2674,0.777339,0.0936
2675,0.775003,0.0935
2676,0.775865,0.0936
2677,0.789233,0.0935
2678,0.786439,0.0935
2679,0.786659,0.0936
2680,0.788131,0.0936
2681,0.784809,0.0936
2682,0.789024,0.0937
2683,0.787492,0.0935
2684,0.791056,0.0938
2685,0.796204,0.0934
2686,0.799671,0.0937
2687,0.796046,0.0937
2688,0.797678,0.0935
2689,0.795891,0.0936
2690,0.791339,0.0934
2691,0.790611,0.0934
2692,0.797435,0.0935
2693,0.803162,0.0935
2694,0.803335,0.0935
2695,0.802659,0.0936
2696,0.819707,0.0935
2697,0.820826,0.0934
2698,0.816511,0.0933
2699,0.812970,0.0937
2700,0.810115,0.0936
2701,0.815999,0.0934
2702,0.817289,0.0938
2703,0.814782,0.0935
2704,0.811190,0.0938
2705,0.808015,0.0934
2706,0.804286,0.0936
2707,0.801386,0.0937
2708,0.804479,0.0937
2709,0.806510,0.0937
2710,0.805200,0.0938
2711,0.801990,0.0934
2712,0.808191,0.0937
2713,0.805989,0.0937
2714,0.804359,0.0937
2715,0.800482,0.0938
2716,0.798105,0.0937
2717,0.795648,0.0936
2718,0.791630,0.0940
2719,0.788046,0.0940
2720,0.785940,0.0939
2721,0.786555,0.0938
2722,0.786935,0.0941
2723,0.795103,0.0941
2724,0.794271,0.0940
2725,0.796924,0.0940
2726,0.796960,0.0941
2727,0.794094,0.0940
2728,0.791299,0.0939
2729,0.792237,0.0938
2730,0.791835,0.0938
2731,0.791519,0.0939
2732,0.790027,0.0939
2733,0.796733,0.0938
2734,0.798749,0.0938
2735,0.800118,0.0937
2736,0.798376,0.0939
2737,0.798697,0.0937
2738,0.796887,0.0957
2739,0.795841,0.0938
2740,0.802513,0.0938
2741,0.800006,0.0937
2742,0.794717,0.0942
2743,0.788155,0.0939
2744,0.790008,0.0940
2745,0.786277,0.0938
2746,0.783519,0.0940
2747,0.783716,0.0938
2748,0.779762,0.0940
2749,0.776858,0.0948
2750,0.776258,0.0940
2751,0.776275,0.0941
2752,0.780621,0.0944
2753,0.781909,0.0944
2754,0.780564,0.0943
2755,0.783270,0.0944
2756,0.800433,0.0945
2757,0.800213,0.0947
2758,0.795326,0.0947
2759,0.793826,0.0953
2760,0.791299,0.0952
2761,0.787716,0.0954
2762,0.786356,0.0962
2763,0.786643,0.0962
2764,0.789277,0.0952
2765,0.789474,0.0953
2766,0.789654,0.0960
2767,0.791523,0.0958
2768,0.796202,0.0961
2769,0.795159,0.0964
2770,0.790066,0.0962
2771,0.790725,0.0955
2772,0.792048,0.0950
2773,0.791934,0.0958
2774,0.793903,0.0959
2775,0.792490,0.0959
2776,0.791352,0.0962
2777,0.793946,0.0967
2778,0.799629,0.0963
2779,0.803126,0.0960
2780,0.803894,0.0963
2781,0.804993,0.0966
2782,0.804697,0.0954
2783,0.801023,0.0955
2784,0.797553,0.0956
2785,0.794955,0.0957
2786,0.793737,0.0957
2787,0.788401,0.0956
2788,0.788072,0.0957
2789,0.781668,0.0958
2790,0.783797,0.0958
2791,0.781139,0.0958
2792,0.776980,0.0959
2793,0.773796,0.0958
2794,0.768931,0.0957
2795,0.771239,0.0960
2796,0.766819,0.0960
2797,0.765321,0.0960
2798,0.780205,0.0961
2799,0.784774,0.0960
2800,0.786203,0.0961
2801,0.780814,0.0962
2802,0.775466,0.0963
2803,0.774614,0.0963
2804,0.774497,0.0963
2805,0.784078,0.0964
2806,0.781376,0.0964
2807,0.776445,0.0965
2808,0.776440,0.0965
2809,0.776266,0.0965
2810,0.776259,0.0966
2811,0.773695,0.0966
2812,0.773407,0.0966
2813,0.776198,0.0966
2814,0.776293,0.0966
2815,0.780519,0.0966
2816,0.788843,0.0967
2817,0.788763,0.0968
2818,0.787235,0.0969
2819,0.789091,0.0969
2820,0.796926,0.0969
2821,0.801956,0.0977
2822,0.805724,0.0970
2823,0.806795,0.0970
2824,0.806565,0.0971
2825,0.804480,0.0972
2826,0.803223,0.0973
2827,0.807396,0.0973
2828,0.809737,0.0974
2829,0.809664,0.0973
2830,0.800676,0.0975
2831,0.808480,0.0974
2832,0.813760,0.0977
2833,0.812755,0.0975
2834,0.814451,0.0975
2835,0.809274,0.0975
2836,0.803933,0.0975
2837,0.800408,0.0975
2838,0.800003,0.0975
2839,0.799839,0.0973
2840,0.798068,0.0972
2841,0.796509,0.0974
2842,0.794346,0.0971
2843,0.792351,0.0973
2844,0.792025,0.0971
2845,0.793168,0.0973
2846,0.788603,0.0969
2847,0.792557,0.0970
2848,0.793626,0.0969
2849,0.789533,0.0970
2850,0.791900,0.0969
2851,0.791633,0.0968
2852,0.792320,0.0967
2853,0.788569,0.0967
2854,0.783450,0.0967
2855,0.781827,0.0966
2856,0.781332,0.0965
2857,0.788884,0.0966
2858,0.792087,0.0967
2859,0.793630,0.0966
2860,0.784213,0.0967
2861,0.785300,0.0967
2862,0.784150,0.0964
2863,0.782054,0.0963
2864,0.778359,0.0965
2865,0.773384,0.0965
2866,0.776673,0.0965
2867,0.779629,0.0964
2868,0.778395,0.0964
2869,0.775859,0.0963
2870,0.773109,0.0963
2871,0.771106,0.0962
2872,0.770542,0.0963
2873,0.770804,0.0964
2874,0.768718,0.0964
2875,0.767993,0.0964
2876,0.766537,0.0964
2877,0.766080,0.0965
2878,0.770645,0.0964
2879,0.769403,0.0966
2880,0.772253,0.0962
2881,0.770685,0.0964
2882,0.766708,0.0964
2883,0.762042,0.0963
2884,0.758922,0.0965
2885,0.758760,0.0961
2886,0.760420,0.0963
2887,0.757428,0.0963
2888,0.756878,0.0964
2889,0.754245,0.0962
2890,0.755994,0.0963
2891,0.755019,0.0963
2892,0.759588,0.0963
2893,0.763936,0.0964
2894,0.764944,0.0964
2895,0.768976,0.0963
2896,0.769508,0.0964
2897,0.769485,0.0962
2898,0.771790,0.0962
2899,0.770679,0.0961
2900,0.767879,0.0963
2901,0.762258,0.0963
2902,0.763368,0.0964
2903,0.764925,0.0962
2904,0.762773,0.0966
2905,0.761514,0.0985
2906,0.760386,0.0977
2907,0.761894,0.0964
2908,0.760491,0.0978
2909,0.760456,0.0963
2910,0.759122,0.0967
2911,0.753310,0.0969
2912,0.757242,0.0963
2913,0.757632,0.0966
2914,0.757624,0.0968
2915,0.754025,0.0967
2916,0.755844,0.0968
2917,0.753373,0.0969
2918,0.751961,0.0969
2919,0.754226,0.0968
2920,0.762878,0.0978
2921,0.770799,0.0966
2922,0.767946,0.0966
2923,0.764256,0.0970
2924,0.766270,0.0968
2925,0.760657,0.0978
2926,0.764323,0.0967
2927,0.767197,0.0970
2928,0.765855,0.0964
2929,0.764600,0.0981
2930,0.766016,0.0973
2931,0.764026,0.0972
2932,0.760917,0.0971
2933,0.757155,0.0983
2934,0.756022,0.0968
2935,0.755160,0.0965
2936,0.751898,0.0980
2937,0.754727,0.0975
2938,0.753820,0.0966
2939,0.753068,0.0967
2940,0.752007,0.0970
2941,0.752150,0.0979
2942,0.755265,0.0972
2943,0.756025,0.0971
2944,0.753472,0.0973
2945,0.751200,0.0990
2946,0.756347,0.0980
2947,0.757534,0.0989
2948,0.754863,0.0971
2949,0.755113,0.0979
2950,0.757342,0.0975
2951,0.757095,0.0977
2952,0.753710,0.0980
2953,0.751848,0.0977
2954,0.749295,0.0992
2955,0.748497,0.0990
2956,0.741646,0.0976
2957,0.741745,0.0990
2958,0.742784,0.0976
2959,0.752972,0.0983
2960,0.757125,0.0993
2961,0.759772,0.0981
2962,0.756818,0.0980
2963,0.752989,0.0991
2964,0.751246,0.0973
2965,0.750830,0.0990
2966,0.745547,0.0978
2967,0.743997,0.0979
2968,0.742232,0.0992
2969,0.740196,0.0983
2970,0.738294,0.0984
2971,0.736656,0.0977
2972,0.736065,0.0984
2973,0.742640,0.0985
2974,0.744100,0.0978
2975,0.743349,0.0984
2976,0.744265,0.1002
2977,0.743044,0.1000
2978,0.743340,0.0979
2979,0.744603,0.0979
2980,0.743079,0.0992
2981,0.745269,0.0982
2982,0.745365,0.0980
2983,0.748856,0.0985
2984,0.749177,0.0981
2985,0.745565,0.0984
2986,0.745984,0.0997
2987,0.746926,0.0980
2988,0.747721,0.0976
2989,0.748749,0.0999
2990,0.745503,0.0985
2991,0.742427,0.0982
2992,0.742153,0.0980
2993,0.737966,0.0987
2994,0.742265,0.0998
2995,0.742389,0.0981
2996,0.742177,0.0976
2997,0.742057,0.0980
2998,0.746458,0.0976
2999,0.746756,0.0983
3000,0.751442,0.0971
3001,0.748703,0.0978
3002,0.750944,0.0976
3003,0.750757,0.0974
3004,0.761884,0.0974
3005,0.773796,0.0980
3006,0.775446,0.0979
3007,0.772608,0.0977
3008,0.772258,0.0973
3009,0.776200,0.0976
3010,0.774486,0.0975
3011,0.769621,0.0975
3012,0.764944,0.0983
3013,0.768635,0.0973
3014,0.767909,0.0974
3015,0.776047,0.0982
3016,0.775536,0.0974
3017,0.769950,0.0975
3018,0.781939,0.0972
3019,0.794003,0.0972
3020,0.795688,0.0972
3021,0.796055,0.0971
3022,0.790366,0.0971
3023,0.792325,0.0973
3024,0.791167,0.0973
3025,0.787533,0.0971
3026,0.781789,0.0990
3027,0.779296,0.0989
3028,0.775448,0.0990
3029,0.774227,0.0983
3030,0.774575,0.0990
3031,0.772450,0.0987
3032,0.770730,0.0982
3033,0.766627,0.0986
3034,0.764624,0.0977
3035,0.765086,0.0985
3036,0.761748,0.0986
3037,0.757222,0.0987
3038,0.773682,0.0985
3039,0.786765,0.0984
3040,0.777625,0.0975
3041,0.756527,0.0974
3042,0.751425,0.0972
3043,0.763542,0.0978
3044,0.768226,0.0977
3045,0.760772,0.0978
3046,0.757546,0.0981
3047,0.763150,0.0980
3048,0.772402,0.0979
3049,0.776814,0.0983
3050,0.776266,0.0978
3051,0.766625,0.0982
3052,0.764605,0.0983
3053,0.760620,0.0983
3054,0.761467,0.0982
3055,0.758148,0.0987
3056,0.753384,0.0981
3057,0.747437,0.0980
3058,0.746143,0.0985
3059,0.747759,0.0983
3060,0.751393,0.0983
3061,0.753590,0.0982
3062,0.752931,0.0983
3063,0.751301,0.0985
3064,0.750788,0.0988
3065,0.746805,0.0984
3066,0.743873,0.0991
3067,0.744148,0.0986
3068,0.743691,0.1001
3069,0.742023,0.0990
3070,0.739819,0.1002
3071,0.738094,0.0999
3072,0.735326,0.0994
3073,0.734280,0.0996
3074,0.731927,0.0997
3075,0.753904,0.0993
3076,0.759924,0.0990
3077,0.758086,0.0993
3078,0.757085,0.0994
3079,0.750860,0.1008
3080,0.748840,0.1005
3081,0.743923,0.0996
3082,0.739370,0.0997
3083,0.739203,0.1006
3084,0.737358,0.0994
3085,0.729944,0.0998
3086,0.732889,0.1002
3087,0.731233,0.1002
3088,0.736863,0.1011
3089,0.735310,0.1003
3090,0.736339,0.1003
3091,0.734953,0.1015
3092,0.736474,0.1017
3093,0.736475,0.1000
3094,0.738617,0.1001
3095,0.737812,0.1015
3096,0.736972,0.1017
3097,0.732253,0.1016
3098,0.728201,0.1003
3099,0.727740,0.1000
3100,0.726808,0.0999
3101,0.725094,0.1003
3102,0.727027,0.0999
3103,0.730156,0.1004
3104,0.729052,0.1003
3105,0.726266,0.1001
3106,0.725501,0.1000
3107,0.726309,0.1002
3108,0.728263,0.1001
3109,0.734587,0.0995
3110,0.739192,0.1003
3111,0.736402,0.1008
3112,0.730431,0.1010
3113,0.726717,0.1008
3114,0.726886,0.1011
3115,0.730107,0.1013
3116,0.733399,0.1000
3117,0.735675,0.0998
3118,0.768598,0.1001
3119,0.807237,0.1010
3120,0.823766,0.1000
3121,0.821936,0.1000
3122,0.817501,0.1001
3123,0.810943,0.1004
3124,0.804540,0.1002
3125,0.796369,0.1014
3126,0.799158,0.1015
3127,0.798178,0.1003
3128,0.796253,0.1001
3129,0.790798,0.1008
3130,0.788216,0.1007
3131,0.788368,0.1013
3132,0.785005,0.1016
3133,0.781764,0.1000
3134,0.783423,0.1002
3135,0.778930,0.1005
3136,0.776740,0.1013
3137,0.774885,0.1004
3138,0.767224,0.1012
3139,0.769638,0.1014
3140,0.771481,0.1008
3141,0.775974,0.1007
3142,0.782834,0.1012
3143,0.782752,0.1009
3144,0.780187,0.1013
3145,0.778150,0.1009
3146,0.774698,0.1012
3147,0.769352,0.1017
3148,0.766681,0.1012
3149,0.761784,0.1011
3150,0.758468,0.1010
3151,0.754540,0.1010
3152,0.753063,0.1014
3153,0.749428,0.1007
3154,0.750351,0.1010
3155,0.749753,0.1012
3156,0.747359,0.1011
3157,0.744215,0.1020
3158,0.741248,0.1011
3159,0.738879,0.1012
3160,0.738316,0.1012
3161,0.739377,0.1013
3162,0.736107,0.1019
3163,0.735048,0.1036
3164,0.735031,0.1036
3165,0.733295,0.1036
3166,0.732661,0.1036
3167,0.739054,0.1030
3168,0.747706,0.1041
3169,0.754048,0.1037
3170,0.756365,0.1039
3171,0.748131,0.1034
3172,0.748045,0.1043
3173,0.747679,0.1038
3174,0.748359,0.1034
3175,0.746494,0.1038
3176,0.759514,0.1043
3177,0.757363,0.1042
3178,0.757828,0.1017
3179,0.756727,0.1026
3180,0.756544,0.1015
3181,0.751452,0.1018
3182,0.748417,0.1026
3183,0.746972,0.1027
3184,0.749393,0.1018
3185,0.748732,0.1008
3186,0.745824,0.1017
3187,0.746719,0.1016
3188,0.747166,0.1022
3189,0.745519,0.1014
3190,0.740796,0.1016
3191,0.740447,0.1015
3192,0.747945,0.1036
3193,0.747019,0.1035
3194,0.746985,0.1036
3195,0.747830,0.1036
3196,0.744723,0.1016
3197,0.744250,0.1024
3198,0.742363,0.1015
3199,0.736632,0.1008
3200,0.735178,0.1014
3201,0.737629,0.1013
3202,0.739102,0.1015
3203,0.738333,0.1021
3204,0.736574,0.1013
3205,0.754530,0.1008
3206,0.752704,0.1018
3207,0.751702,0.1018
3208,0.743555,0.1011
3209,0.744975,0.1018
3210,0.735669,0.1011
3211,0.732830,0.1017
3212,0.731405,0.1011
3213,0.731279,0.1017
3214,0.726915,0.1010
3215,0.727194,0.1015
3216,0.726981,0.1009
3217,0.724512,0.1033
3218,0.726849,0.1035
3219,0.729500,0.1032
3220,0.733728,0.1033
3221,0.733628,0.1032
3222,0.740493,0.1029
3223,0.754576,0.1030
3224,0.758661,0.1030
3225,0.756745,0.1032
3226,0.749932,0.1031
3227,0.756945,0.1030
3228,0.756209,0.1030
3229,0.766023,0.1030
3230,0.766992,0.1030
3231,0.769201,0.1030
3232,0.766339,0.1030
3233,0.770996,0.1027
3234,0.769414,0.1030
3235,0.767209,0.1029
3236,0.768552,0.1029
3237,0.767474,0.1028
3238,0.766714,0.1029
3239,0.766521,0.1027
3240,0.754209,0.1029
3241,0.753479,0.1026
3242,0.750438,0.1027
3243,0.751504,0.1028
3244,0.750009,0.1023
3245,0.747391,0.1026
3246,0.745908,0.1024
3247,0.741418,0.1023
3248,0.732265,0.1028
3249,0.734068,0.1026
3250,0.738993,0.1024
3251,0.746957,0.1023
3252,0.751972,0.1024
3253,0.761271,0.1023
3254,0.761159,0.1026
3255,0.771130,0.1021
3256,0.771942,0.1023
3257,0.770022,0.1028
3258,0.761602,0.1026
3259,0.756335,0.1027
3260,0.749517,0.1025
3261,0.744517,0.1027
3262,0.739622,0.1024
3263,0.735402,0.1027
3264,0.733833,0.1029
3265,0.730585,0.1027
3266,0.730956,0.1029
3267,0.730929,0.1029
3268,0.734084,0.1030
3269,0.736380,0.1033
3270,0.734617,0.1032
3271,0.735900,0.1031
3272,0.739229,0.1032
3273,0.738138,0.1030
3274,0.737331,0.1031
3275,0.739765,0.1032
3276,0.738566,0.1035
3277,0.740760,0.1032
3278,0.743900,0.1033
3279,0.741003,0.1035
3280,0.741586,0.1032
3281,0.736655,0.1034
3282,0.734315,0.1034
3283,0.730656,0.1033
3284,0.730748,0.1036
3285,0.727775,0.1033
3286,0.723787,0.1036
3287,0.721863,0.1037
3288,0.720492,0.1035
3289,0.718534,0.1036
3290,0.715794,0.1038
3291,0.717665,0.1037
3292,0.716507,0.1036
3293,0.717342,0.1038
3294,0.719997,0.1038
3295,0.717769,0.1038
3296,0.720944,0.1039
3297,0.719969,0.1037
3298,0.715499,0.1036
3299,0.714149,0.1035
3300,0.711055,0.1040
3301,0.709301,0.1035
3302,0.709102,0.1020
3303,0.709843,0.1023
3304,0.706801,0.1024
3305,0.706608,0.1022
3306,0.709415,0.1020
3307,0.708766,0.1024
3308,0.710099,0.1021
3309,0.710544,0.1023
3310,0.710496,0.1021
3311,0.712057,0.1022
3312,0.711663,0.1020
3313,0.713065,0.1022
3314,0.716182,0.1021
3315,0.714575,0.1024
3316,0.715544,0.1021
3317,0.716375,0.1020
3318,0.715359,0.1020
3319,0.710384,0.1021
3320,0.713019,0.1021
3321,0.718781,0.1019
3322,0.719279,0.1022
3323,0.719811,0.1019
3324,0.715840,0.1021
3325,0.717967,0.1022
3326,0.718129,0.1022
3327,0.721243,0.1021
3328,0.716980,0.1020
3329,0.718233,0.1023
3330,0.718658,0.1037
3331,0.717928,0.1038
3332,0.726940,0.1038
3333,0.725265,0.1036
3334,0.722874,0.1040
3335,0.723246,0.1038
3336,0.723331,0.1037
3337,0.722292,0.1039
3338,0.720928,0.1038
3339,0.721617,0.1037
3340,0.721018,0.1038
3341,0.717120,0.1035
3342,0.717137,0.1037
3343,0.714621,0.1038
3344,0.712264,0.1038
3345,0.706740,0.1036
3346,0.714127,0.1036
3347,0.713700,0.1039
3348,0.719892,0.1040
3349,0.716891,0.1038
3350,0.717406,0.1043
3351,0.712102,0.1038
3352,0.709900,0.1042
3353,0.710454,0.1043
3354,0.708458,0.1043
3355,0.711309,0.1042
3356,0.706582,0.1042
3357,0.706666,0.1043
3358,0.706788,0.1042
3359,0.704085,0.1044
3360,0.708065,0.1046
3361,0.708801,0.1050
3362,0.725961,0.1042
3363,0.731237,0.1048
3364,0.730643,0.1049
3365,0.725391,0.1054
3366,0.726587,0.1051
3367,0.731001,0.1053
3368,0.732563,0.1051
3369,0.729448,0.1053
3370,0.727500,0.1046
3371,0.726483,0.1053
3372,0.726813,0.1053
3373,0.726770,0.1058
3374,0.724607,0.1041
3375,0.724681,0.1042
3376,0.722002,0.1044
3377,0.722122,0.1047
3378,0.723018,0.1047
3379,0.726753,0.1046
3380,0.721119,0.1050
3381,0.719689,0.1049
3382,0.718072,0.1054
3383,0.717504,0.1052
3384,0.717823,0.1056
3385,0.714179,0.1055
3386,0.713293,0.1056
3387,0.715436,0.1049
3388,0.712625,0.1057
3389,0.712529,0.1062
3390,0.709827,0.1063
3391,0.707450,0.1062
3392,0.709939,0.1065
3393,0.716531,0.1055
3394,0.713253,0.1069
3395,0.717079,0.1072
3396,0.717150,0.1070
3397,0.720783,0.1060
3398,0.721286,0.1075
3399,0.720836,0.1076
3400,0.718593,0.1079
3401,0.713340,0.1063
3402,0.717606,0.1080
3403,0.717024,0.1074
3404,0.721353,0.1080
3405,0.719145,0.1078
3406,0.718505,0.1080
3407,0.717354,0.1079
3408,0.708677,0.1075
3409,0.711242,0.1080
3410,0.711015,0.1081
3411,0.711231,0.1079
3412,0.711622,0.1080
3413,0.725709,0.1079
3414,0.731773,0.1065
3415,0.742697,0.1080
3416,0.749082,0.1079
3417,0.746969,0.1079
3418,0.743276,0.1075
3419,0.743213,0.1080
3420,0.741216,0.1080
3421,0.754196,0.1067
3422,0.753698,0.1078
3423,0.750636,0.1062
3424,0.749030,0.1073
3425,0.743437,0.1077
3426,0.743510,0.1079
3427,0.738922,0.1078
3428,0.736374,0.1080
3429,0.735145,0.1076
3430,0.741217,0.1079
3431,0.743317,0.1075
3432,0.744273,0.1082
3433,0.748233,0.1080
3434,0.747601,0.1081
3435,0.750891,0.1067
3436,0.750733,0.1077
3437,0.749425,0.1081
3438,0.750135,0.1079
3439,0.744524,0.1080
3440,0.742938,0.1078
3441,0.738681,0.1078
3442,0.741796,0.1082
3443,0.742725,0.1082
3444,0.737539,0.1060
3445,0.734750,0.1082
3446,0.729979,0.1081
3447,0.725894,0.1083
3448,0.723617,0.1080
3449,0.720561,0.1078
3450,0.720699,0.1074
3451,0.716971,0.1076
3452,0.713449,0.1079
3453,0.713076,0.1072
3454,0.719191,0.1080
3455,0.718071,0.1080
3456,0.717439,0.1076
3457,0.717504,0.1064
3458,0.713369,0.1080
3459,0.711787,0.1068
3460,0.712743,0.1080
3461,0.709172,0.1079
3462,0.710414,0.1072
3463,0.709294,0.1078
3464,0.708256,0.1077
3465,0.709115,0.1078
3466,0.706955,0.1080
3467,0.705299,0.1064
3468,0.703885,0.1080
3469,0.702488,0.1078
3470,0.701890,0.1082
3471,0.700356,0.1081
3472,0.698610,0.1082
3473,0.696264,0.1080
3474,0.697906,0.1080
3475,0.700616,0.1080
3476,0.703517,0.1075
3477,0.706161,0.1083
3478,0.707813,0.1081
3479,0.706174,0.1079
3480,0.706484,0.1082
3481,0.701945,0.1080
3482,0.697406,0.1087
3483,0.702462,0.1096
3484,0.703902,0.1095
3485,0.704546,0.1079
3486,0.699610,0.1092
3487,0.697524,0.1090
3488,0.692526,0.1090
3489,0.689449,0.1095
3490,0.687739,0.1074
3491,0.687340,0.1092
3492,0.686325,0.1090
3493,0.686842,0.1093
3494,0.687164,0.1086
3495,0.685965,0.1081
3496,0.684318,0.1094
3497,0.684794,0.1088
3498,0.685871,0.1062
3499,0.692438,0.1072
3500,0.695978,0.1074
3501,0.695456,0.1076
3502,0.695622,0.1071
3503,0.690987,0.1075
3504,0.688081,0.1078
3505,0.684609,0.1077
3506,0.683888,0.1061
3507,0.684247,0.1076
3508,0.682661,0.1071
3509,0.683238,0.1072
3510,0.684716,0.1070
3511,0.686153,0.1070
3512,0.684760,0.1071
3513,0.683811,0.1069
3514,0.683877,0.1071
3515,0.685754,0.1070
3516,0.687060,0.1056
3517,0.688359,0.1071
3518,0.689040,0.1086
3519,0.687988,0.1090
3520,0.688237,0.1086
3521,0.690348,0.1080
3522,0.687540,0.1087
3523,0.684085,0.1084
3524,0.681887,0.1082
3525,0.680182,0.1075
3526,0.680722,0.1074
3527,0.681761,0.1060
3528,0.683236,0.1075
3529,0.685891,0.1074
3530,0.683218,0.1073
3531,0.682925,0.1060
3532,0.681782,0.1073
3533,0.679893,0.1060
3534,0.679203,0.1072
3535,0.680971,0.1058
3536,0.681805,0.1075
3537,0.681442,0.1071
3538,0.682812,0.1058
3539,0.681040,0.1070
3540,0.680982,0.1078
3541,0.679796,0.1074
3542,0.679282,0.1077
3543,0.679774,0.1074
3544,0.681496,0.1060
3545,0.684984,0.1073
3546,0.686963,0.1070
3547,0.694779,0.1073
3548,0.694870,0.1075
3549,0.690034,0.1061
3550,0.690818,0.1073
3551,0.690652,0.1074
3552,0.687790,0.1073
3553,0.686715,0.1073
3554,0.689292,0.1077
3555,0.687369,0.1075
3556,0.684060,0.1073
3557,0.687901,0.1058
3558,0.691449,0.1071
3559,0.690152,0.1071
3560,0.687010,0.1072
3561,0.684810,0.1057
3562,0.686813,0.1084
3563,0.686114,0.1070
3564,0.687521,0.1082
3565,0.684738,0.1081
3566,0.685717,0.1082
3567,0.686732,0.1060
3568,0.680758,0.1084
3569,0.686768,0.1083
3570,0.685380,0.1080
3571,0.692568,0.1088
3572,0.691415,0.1076
3573,0.699124,0.1088
3574,0.700705,0.1082
3575,0.694087,0.1090
3576,0.702902,0.1090
3577,0.704456,0.1078
3578,0.702135,0.1090
3579,0.695869,0.1084
3580,0.691525,0.1080
3581,0.691269,0.1080
3582,0.694370,0.1082
3583,0.696689,0.1083
3584,0.698723,0.1078
3585,0.696182,0.1063
3586,0.698454,0.1076
3587,0.695388,0.1080
3588,0.696440,0.1082
3589,0.691690,0.1083
3590,0.687611,0.1076
3591,0.692503,0.1084
3592,0.687365,0.1084
3593,0.688793,0.1082
3594,0.688819,0.1077
3595,0.685434,0.1078
3596,0.680326,0.1079
3597,0.685268,0.1065
3598,0.683432,0.1084
3599,0.682947,0.1076
3600,0.681804,0.1076
3601,0.682034,0.1085
3602,0.685959,0.1087
3603,0.688293,0.1078
3604,0.687905,0.1086
3605,0.689637,0.1078
3606,0.689602,0.1081
3607,0.692178,0.1065
3608,0.692082,0.1079
3609,0.691038,0.1065
3610,0.687676,0.1075
3611,0.686147,0.1079
3612,0.685966,0.1077
3613,0.698019,0.1077
3614,0.700850,0.1080
3615,0.689690,0.1059
3616,0.694452,0.1064
3617,0.690847,0.1069
3618,0.689784,0.1069
3619,0.692328,0.1071
3620,0.689332,0.1068
3621,0.691415,0.1068
3622,0.688057,0.1071
3623,0.685121,0.1069
3624,0.686483,0.1057
3625,0.683410,0.1071
3626,0.682788,0.1066
3627,0.682688,0.1070
3628,0.684213,0.1066
3629,0.679510,0.1054
3630,0.680997,0.1070
3631,0.681709,0.1073
3632,0.683296,0.1074
3633,0.681794,0.1075
3634,0.679627,0.1075
3635,0.678241,0.1068
3636,0.676318,0.1072
3637,0.676917,0.1070
3638,0.674618,0.1070
3639,0.674638,0.1069
3640,0.676196,0.1075
3641,0.676936,0.1076
3642,0.675839,0.1078
3643,0.673601,0.1075
3644,0.669926,0.1078
3645,0.671003,0.1071
3646,0.667792,0.1075
3647,0.669341,0.1074
3648,0.665027,0.1075
3649,0.663545,0.1074
3650,0.664121,0.1058
3651,0.665735,0.1070
3652,0.664354,0.1057
3653,0.680071,0.1072
3654,0.680739,0.1070
3655,0.685878,0.1067
3656,0.687812,0.1071
3657,0.686447,0.1069
3658,0.687245,0.1068
3659,0.690339,0.1070
3660,0.688610,0.1070
3661,0.686743,0.1070
3662,0.685328,0.1071
3663,0.686100,0.1069
3664,0.684574,0.1070
3665,0.685358,0.1072
3666,0.685589,0.1071
3667,0.686071,0.1071
3668,0.687062,0.1075
3669,0.683618,0.1075
3670,0.682984,0.1075
3671,0.684529,0.1059
3672,0.681864,0.1074
3673,0.678109,0.1072
3674,0.681837,0.1075
3675,0.681610,0.1071
3676,0.680206,0.1075
3677,0.677301,0.1072
3678,0.678056,0.1060
3679,0.677557,0.1059
3680,0.677249,0.1076
3681,0.675358,0.1073
3682,0.678334,0.1074
3683,0.685672,0.1076
3684,0.686274,0.1078
3685,0.685475,0.1078
3686,0.684849,0.1077
3687,0.685686,0.1076
3688,0.684678,0.1078
3689,0.683998,0.1079
3690,0.683302,0.1078
3691,0.683222,0.1073
3692,0.682727,0.1076
3693,0.677866,0.1063
3694,0.678996,0.1078
3695,0.679269,0.1079
3696,0.677494,0.1078
3697,0.669852,0.1075
3698,0.682469,0.1060
3699,0.690794,0.1076
3700,0.708510,0.1080
3701,0.712032,0.1077
3702,0.711428,0.1078
3703,0.708025,0.1076
3704,0.707311,0.1079
3705,0.706116,0.1076
3706,0.708758,0.1077
3707,0.708364,0.1076
3708,0.704370,0.1073
3709,0.702065,0.1078
3710,0.702204,0.1062
3711,0.700657,0.1077
3712,0.699008,0.1074
3713,0.696327,0.1063
3714,0.695006,0.1076
3715,0.693468,0.1077
3716,0.694903,0.1077
3717,0.695304,0.1076
3718,0.695796,0.1077
3719,0.693789,0.1077
3720,0.688439,0.1077
3721,0.686412,0.1077
3722,0.686417,0.1075
3723,0.683780,0.1076
3724,0.761013,0.1076
3725,0.786409,0.1075
3726,0.816697,0.1077
3727,0.828224,0.1077
3728,0.827946,0.1077
3729,0.810005,0.1073
3730,0.814405,0.1077
3731,0.832401,0.1075
3732,0.832151,0.1079
3733,0.826199,0.1075
3734,0.824931,0.1074
3735,0.831714,0.1072
3736,0.835402,0.1077
3737,0.837757,0.1074
3738,0.830711,0.1078
3739,0.832407,0.1075
3740,0.830419,0.1078
3741,0.823043,0.1078
3742,0.817186,0.1080
3743,0.822446,0.1078
3744,0.828082,0.1078
3745,0.824901,0.1076
3746,0.820177,0.1077
3747,0.818104,0.1062
3748,0.814293,0.1079
3749,0.811242,0.1062
3750,0.810507,0.1080
3751,0.812262,0.1077
3752,0.816355,0.1080
3753,0.817784,0.1078
3754,0.814061,0.1065
3755,0.808247,0.1077
3756,0.806201,0.1080
3757,0.799187,0.1079
3758,0.793572,0.1081
3759,0.790535,0.1078
3760,0.788158,0.1080
3761,0.783873,0.1080
3762,0.781455,0.1079
3763,0.776796,0.1078
3764,0.775286,0.1081
3765,0.770971,0.1080
3766,0.768272,0.1079
3767,0.771225,0.1080
3768,0.771750,0.1082
3769,0.772942,0.1078
3770,0.772258,0.1061
3771,0.771046,0.1080
3772,0.768999,0.1079
3773,0.764138,0.1079
3774,0.762590,0.1078
3775,0.762617,0.1078
3776,0.758948,0.1082
3777,0.755727,0.1081
3778,0.754872,0.1076
3779,0.751713,0.1077
3780,0.753145,0.1076
3781,0.751658,0.1075
3782,0.751450,0.1060
3783,0.752472,0.1076
3784,0.752309,0.1059
3785,0.750507,0.1078
3786,0.746394,0.1076
3787,0.742454,0.1073
3788,0.742364,0.1076
3789,0.742547,0.1076
3790,0.742999,0.1075
3791,0.741129,0.1074
3792,0.742671,0.1075
3793,0.749904,0.1074
3794,0.746780,0.1075
3795,0.742472,0.1077
3796,0.740670,0.1075
3797,0.739969,0.1060
3798,0.742267,0.1075
3799,0.739030,0.1079
3800,0.738566,0.1073
3801,0.745749,0.1076
3802,0.748028,0.1078
3803,0.748343,0.1072
3804,0.747579,0.1077
3805,0.745257,0.1078
3806,0.752073,0.1060
3807,0.752967,0.1075
3808,0.746268,0.1073
3809,0.746550,0.1075
3810,0.747227,0.1077
3811,0.745207,0.1079
3812,0.745685,0.1095
3813,0.744289,0.1096
3814,0.745149,0.1078
3815,0.744951,0.1097
3816,0.751764,0.1077
3817,0.753641,0.1100
3818,0.766132,0.1098
3819,0.765048,0.1077
3820,0.759684,0.1082
3821,0.759057,0.1084
3822,0.754937,0.1081
3823,0.752025,0.1082
3824,0.748420,0.1083
3825,0.744695,0.1082
3826,0.743120,0.1084
3827,0.741943,0.1082
3828,0.739148,0.1084
3829,0.735617,0.1068
3830,0.736125,0.1078
3831,0.734880,0.1082
3832,0.733279,0.1083
3833,0.732052,0.1083
3834,0.730823,0.1082
3835,0.731614,0.1081
3836,0.730378,0.1082
3837,0.731754,0.1066
3838,0.731568,0.1083
3839,0.729964,0.1080
3840,0.729439,0.1064
3841,0.728767,0.1081
3842,0.729220,0.1080
3843,0.728279,0.1081
3844,0.726404,0.1082
3845,0.724899,0.1079
3846,0.725114,0.1080
3847,0.723429,0.1081
3848,0.720641,0.1078
3849,0.722354,0.1080
3850,0.722017,0.1082
3851,0.721235,0.1080
3852,0.726567,0.1082
3853,0.724271,0.1080
3854,0.718751,0.1081
3855,0.716029,0.1066
3856,0.712449,0.1081
3857,0.710874,0.1064
3858,0.709134,0.1083
3859,0.708602,0.1081
3860,0.708187,0.1080
3861,0.705862,0.1080
3862,0.704848,0.1066
3863,0.704299,0.1081
3864,0.702774,0.1079
3865,0.702706,0.1083
3866,0.701969,0.1081
3867,0.701177,0.1080
3868,0.698589,0.1083
3869,0.698311,0.1066
3870,0.697292,0.1083
3871,0.695157,0.1083
3872,0.696265,0.1065
3873,0.695508,0.1082
3874,0.695947,0.1083
3875,0.694073,0.1083
3876,0.693332,0.1084
3877,0.694446,0.1081
3878,0.693210,0.1068
3879,0.691821,0.1084
3880,0.691765,0.1083
3881,0.690046,0.1083
3882,0.687879,0.1082
3883,0.688575,0.1081
3884,0.687118,0.1083
3885,0.686811,0.1082
3886,0.686215,0.1083
3887,0.686007,0.1066
3888,0.685914,0.1085
3889,0.685712,0.1082
3890,0.684003,0.1084
3891,0.683427,0.1084
3892,0.682550,0.1082
3893,0.682684,0.1083
3894,0.682696,0.1083
3895,0.681477,0.1084
3896,0.679613,0.1085
3897,0.681488,0.1085
3898,0.681817,0.1069
3899,0.680527,0.1085
3900,0.679141,0.1085
3901,0.678915,0.1085
3902,0.677647,0.1072
3903,0.678351,0.1087
3904,0.677701,0.1088
3905,0.676882,0.1087
3906,0.675746,0.1084
3907,0.676031,0.1069
3908,0.678990,0.1085
3909,0.678612,0.1087
3910,0.679849,0.1089
3911,0.680818,0.1087
3912,0.681083,0.1088
3913,0.681714,0.1087
3914,0.697084,0.1087
3915,0.703942,0.1087
3916,0.706379,0.1087
3917,0.707110,0.1088
3918,0.707087,0.1089
3919,0.708166,0.1089
3920,0.707220,0.1086
3921,0.706201,0.1086
3922,0.707997,0.1090
3923,0.707003,0.1087
3924,0.704037,0.1087
3925,0.701291,0.1088
3926,0.700487,0.1088
3927,0.698890,0.1070
3928,0.697519,0.1090
3929,0.695879,0.1089
3930,0.694887,0.1088
3931,0.693154,0.1087
3932,0.693309,0.1086
3933,0.689546,0.1089
3934,0.687573,0.1090
3935,0.688432,0.1088
3936,0.688680,0.1088
3937,0.686800,0.1088
3938,0.687422,0.1087
3939,0.684078,0.1071
3940,0.682754,0.1091
3941,0.680475,0.1089
3942,0.679803,0.1088
3943,0.678044,0.1087
3944,0.679914,0.1089
3945,0.680894,0.1088
3946,0.679886,0.1090
3947,0.679330,0.1090
3948,0.681193,0.1074
3949,0.681952,0.1089
3950,0.682089,0.1088
3951,0.684024,0.1085
3952,0.683882,0.1087
3953,0.684608,0.1088
3954,0.678357,0.1085
3955,0.682825,0.1086
3956,0.683863,0.1088
3957,0.683278,0.1087
3958,0.681622,0.1085
3959,0.677450,0.1087
3960,0.673999,0.1086
3961,0.672793,0.1089
3962,0.668941,0.1087
3963,0.670044,0.1087
3964,0.671617,0.1089
3965,0.672115,0.1089
3966,0.671646,0.1090
3967,0.671607,0.1089
3968,0.673046,0.1090
3969,0.674124,0.1103
3970,0.674188,0.1104
3971,0.676465,0.1101
3972,0.675986,0.1102
3973,0.676147,0.1103
3974,0.673856,0.1103
3975,0.672661,0.1102
3976,0.669854,0.1104
3977,0.670392,0.1100
3978,0.670312,0.1103
3979,0.665915,0.1106
3980,0.670321,0.1101
3981,0.669146,0.1098
3982,0.669761,0.1101
3983,0.668627,0.1099
3984,0.670270,0.1101
3985,0.668657,0.1100
3986,0.666476,0.1098
3987,0.666664,0.1101
3988,0.666220,0.1103
3989,0.666017,0.1102
3990,0.663817,0.1106
3991,0.662634,0.1097
3992,0.657378,0.1106
3993,0.661268,0.1101
3994,0.662262,0.1102
3995,0.663094,0.1092
3996,0.666028,0.1105
3997,0.667413,0.1104
3998,0.667632,0.1100
3999,0.669263,0.1099
4000,0.669069,0.1101
4001,0.668944,0.1102
4002,0.668760,0.1087
4003,0.666751,0.1087
4004,0.667297,0.1089
4005,0.663883,0.1087
4006,0.664530,0.1086
4007,0.664695,0.1087
4008,0.664676,0.1086
4009,0.663308,0.1086
4010,0.662208,0.1087
4011,0.661925,0.1083
4012,0.660515,0.1088
4013,0.660101,0.1086
4014,0.658992,0.1084
4015,0.657352,0.1086
4016,0.657052,0.1086
4017,0.658395,0.1086
4018,0.658909,0.1089
4019,0.658656,0.1086
4020,0.659099,0.1086
4021,0.658172,0.1087
4022,0.657307,0.1089
4023,0.656629,0.1085
4024,0.655611,0.1089
4025,0.654149,0.1088
4026,0.652510,0.1087
4027,0.653010,0.1085
4028,0.652039,0.1090
4029,0.652624,0.1087
4030,0.652545,0.1088
4031,0.651367,0.1085
4032,0.652528,0.1087
4033,0.651533,0.1088
4034,0.651786,0.1090
4035,0.651464,0.1086
4036,0.649905,0.1089
4037,0.650340,0.1088
4038,0.650980,0.1088
4039,0.650818,0.1087
4040,0.651189,0.1089
4041,0.651857,0.1089
4042,0.651418,0.1090
4043,0.649948,0.1089
4044,0.652849,0.1086
4045,0.652793,0.1089
4046,0.655156,0.1090
4047,0.659176,0.1088
4048,0.663412,0.1088
4049,0.663135,0.1085
4050,0.666885,0.1088
4051,0.664885,0.1088
4052,0.664380,0.1091
4053,0.662663,0.1089
4054,0.661370,0.1087
4055,0.662326,0.1089
4056,0.659734,0.1089
4057,0.660546,0.1089
4058,0.659277,0.1090
4059,0.659641,0.1085
4060,0.657656,0.1089
4061,0.654794,0.1087
4062,0.653893,0.1088
4063,0.650771,0.1087
4064,0.648908,0.1088
4065,0.649792,0.1088
4066,0.650342,0.1090
4067,0.649675,0.1090
4068,0.648748,0.1091
4069,0.646085,0.1090
4070,0.645371,0.1092
4071,0.645050,0.1089
4072,0.645232,0.1090
4073,0.645856,0.1090
4074,0.644415,0.1092
4075,0.642219,0.1088
4076,0.643921,0.1091
4077,0.643049,0.1089
4078,0.643904,0.1090
4079,0.640740,0.1093
4080,0.645054,0.1090
4081,0.646373,0.1094
4082,0.645363,0.1093
4083,0.646186,0.1090
4084,0.645954,0.1092
4085,0.646259,0.1090
4086,0.644460,0.1092
4087,0.642537,0.1093
4088,0.642179,0.1093
4089,0.642992,0.1090
4090,0.641035,0.1093
4091,0.640014,0.1094
4092,0.638672,0.1093
4093,0.643519,0.1093
4094,0.644863,0.1091
4095,0.645908,0.1090
4096,0.646187,0.1094
4097,0.646822,0.1096
4098,0.644699,0.1095
4099,0.644172,0.1094
4100,0.643013,0.1095
4101,0.641446,0.1093
4102,0.641868,0.1091
4103,0.638017,0.1094
4104,0.637825,0.1095
4105,0.642877,0.1093
4106,0.645629,0.1095
4107,0.644068,0.1093
4108,0.642797,0.1095
4109,0.644015,0.1095
4110,0.646996,0.1094
4111,0.645952,0.1095
4112,0.644733,0.1093
4113,0.646529,0.1092
4114,0.645972,0.1096
4115,0.643471,0.1093
4116,0.640001,0.1094
4117,0.640386,0.1092
4118,0.639678,0.1095
4119,0.636897,0.1091
4120,0.636241,0.1095
4121,0.634565,0.1094
4122,0.633871,0.1097
4123,0.634423,0.1095
4124,0.632143,0.1093
4125,0.634062,0.1094
4126,0.630436,0.1095
4127,0.634721,0.1093
4128,0.635122,0.1095
4129,0.635180,0.1095
4130,0.635109,0.1095
4131,0.635155,0.1109
4132,0.634046,0.1110
4133,0.634956,0.1110
4134,0.635849,0.1106
4135,0.637711,0.1110
4136,0.638196,0.1110
4137,0.637862,0.1108
4138,0.636042,0.1107
4139,0.635310,0.1106
4140,0.633643,0.1110
4141,0.632442,0.1110
4142,0.631604,0.1111
4143,0.629487,0.1110
4144,0.629988,0.1109
4145,0.630198,0.1108
4146,0.629814,0.1111
4147,0.629591,0.1108
4148,0.630258,0.1109
4149,0.631515,0.1111
4150,0.630813,0.1109
4151,0.631448,0.1113
4152,0.631763,0.1110
4153,0.630746,0.1109
4154,0.629905,0.1111
4155,0.629027,0.1111
4156,0.626708,0.1107
4157,0.629673,0.1111
4158,0.631388,0.1112
4159,0.631550,0.1106
4160,0.632489,0.1113
4161,0.632299,0.1112
4162,0.632788,0.1111
4163,0.631957,0.1111
4164,0.630211,0.1111
4165,0.629634,0.1110
4166,0.631594,0.1112
4167,0.628645,0.1110
4168,0.629370,0.1111
4169,0.628951,0.1110
4170,0.630775,0.1112
4171,0.629120,0.1110
4172,0.627604,0.1110
4173,0.624101,0.1106
4174,0.623516,0.1108
4175,0.625488,0.1111
4176,0.624646,0.1113
4177,0.625589,0.1107
4178,0.626053,0.1113
4179,0.627837,0.1112
4180,0.628396,0.1112
4181,0.630032,0.1111
4182,0.629679,0.1111
4183,0.630471,0.1108
4184,0.630764,0.1114
4185,0.631409,0.1112
4186,0.632280,0.1113
4187,0.631998,0.1111
4188,0.629850,0.1112
4189,0.628732,0.1112
4190,0.626346,0.1111
4191,0.624117,0.1112
4192,0.624515,0.1114
4193,0.623602,0.1115
4194,0.624972,0.1114
4195,0.624247,0.1113
4196,0.623598,0.1110
4197,0.622601,0.1112
4198,0.621449,0.1112
4199,0.620956,0.1110
4200,0.619486,0.1102
4201,0.618322,0.1112
4202,0.617345,0.1110
4203,0.617816,0.1114
4204,0.617634,0.1116
4205,0.618153,0.1112
4206,0.619355,0.1112
4207,0.619889,0.1108
4208,0.621857,0.1114
4209,0.623239,0.1091
4210,0.621035,0.1094
4211,0.619448,0.1093
4212,0.618134,0.1094
4213,0.617346,0.1092
4214,0.617358,0.1094
4215,0.617264,0.1092
4216,0.617044,0.1093
4217,0.617015,0.1094
4218,0.617930,0.1094
4219,0.619684,0.1091
4220,0.619944,0.1093
4221,0.617696,0.1097
4222,0.619507,0.1095
4223,0.621110,0.1099
4224,0.618878,0.1097
4225,0.620130,0.1096
4226,0.618142,0.1098
4227,0.616776,0.1098
4228,0.615337,0.1098
4229,0.620259,0.1095
4230,0.621431,0.1095
4231,0.621438,0.1094
4232,0.619071,0.1096
4233,0.620844,0.1098
4234,0.623376,0.1100
4235,0.624187,0.1096
4236,0.626287,0.1097
4237,0.625149,0.1098
4238,0.625545,0.1098
4239,0.626074,0.1098
4240,0.625651,0.1099
4241,0.624325,0.1099
4242,0.623421,0.1100
4243,0.623353,0.1099
4244,0.620510,0.1098
4245,0.624515,0.1097
4246,0.626166,0.1097
4247,0.627035,0.1098
4248,0.624092,0.1095
4249,0.622713,0.1097
4250,0.625432,0.1096
4251,0.623705,0.1095
4252,0.624496,0.1098
4253,0.621361,0.1102
4254,0.622132,0.1102
4255,0.620707,0.1106
4256,0.621766,0.1104
4257,0.621018,0.1100
4258,0.617498,0.1101
4259,0.616864,0.1098
4260,0.618655,0.1100
4261,0.619447,0.1100
4262,0.618296,0.1101
4263,0.618946,0.1101
4264,0.618723,0.1103
4265,0.616327,0.1102
4266,0.611004,0.1102
4267,0.613998,0.1100
4268,0.615243,0.1102
4269,0.613224,0.1101
4270,0.614454,0.1104
4271,0.615133,0.1101
4272,0.615430,0.1104
4273,0.611789,0.1101
4274,0.613422,0.1103
4275,0.611830,0.1104
4276,0.610590,0.1105
4277,0.609031,0.1102
4278,0.612445,0.1105
4279,0.612446,0.1102
4280,0.613227,0.1104
4281,0.613938,0.1104
4282,0.613798,0.1105
4283,0.611227,0.1105
4284,0.611721,0.1107
4285,0.610881,0.1107
4286,0.609547,0.1103
4287,0.606481,0.1105
4288,0.607590,0.1106
4289,0.610189,0.1104
4290,0.612424,0.1104
4291,0.614582,0.1102
4292,0.615562,0.1104
4293,0.616955,0.1104
4294,0.620393,0.1107
4295,0.619978,0.1104
4296,0.618659,0.1106
4297,0.618073,0.1102
4298,0.615671,0.1105
4299,0.615553,0.1107
4300,0.614089,0.1107
4301,0.613709,0.1107
4302,0.613806,0.1108
4303,0.614551,0.1108
4304,0.613328,0.1105
4305,0.615732,0.1109
4306,0.617079,0.1108
4307,0.613979,0.1100
4308,0.612245,0.1106
4309,0.610562,0.1102
4310,0.609997,0.1103
4311,0.612048,0.1104
4312,0.611263,0.1102
4313,0.611672,0.1103
4314,0.612590,0.1104
4315,0.611894,0.1102
4316,0.608867,0.1105
4317,0.605250,0.1108
4318,0.612403,0.1108
4319,0.613368,0.1109
4320,0.617302,0.1107
4321,0.617469,0.1109
4322,0.616117,0.1106
4323,0.615427,0.1109
4324,0.611835,0.1108
4325,0.609672,0.1109
4326,0.608136,0.1106
4327,0.600667,0.1108
4328,0.604179,0.1109
4329,0.611980,0.1108
4330,0.618969,0.1111
4331,0.620022,0.1107
4332,0.623029,0.1109
4333,0.624810,0.1108
4334,0.625087,0.1107
4335,0.624337,0.1107
4336,0.624545,0.1111
4337,0.626141,0.1109
4338,0.627429,0.1107
4339,0.627579,0.1110
4340,0.626112,0.1111
4341,0.625963,0.1110
4342,0.624006,0.1108
4343,0.623246,0.1110
4344,0.623868,0.1109
4345,0.620334,0.1109
4346,0.616053,0.1111
4347,0.617916,0.1108
4348,0.618345,0.1110
4349,0.617300,0.1108
4350,0.616153,0.1109
4351,0.613610,0.1110
4352,0.609062,0.1111
4353,0.613544,0.1109
4354,0.613472,0.1110
4355,0.615672,0.1110
4356,0.617467,0.1112
4357,0.617577,0.1111
4358,0.615245,0.1109
4359,0.615501,0.1107
4360,0.613559,0.1105
4361,0.612366,0.1106
4362,0.608841,0.1106
4363,0.608585,0.1107
4364,0.607985,0.1106
4365,0.607022,0.1108
4366,0.606722,0.1106
4367,0.607493,0.1106
4368,0.607043,0.1107
4369,0.606051,0.1106
4370,0.606479,0.1106
4371,0.604651,0.1106
4372,0.602211,0.1108
4373,0.600396,0.1105
4374,0.600880,0.1107
4375,0.600985,0.1127
4376,0.602437,0.1127
4377,0.603844,0.1126
4378,0.602259,0.1123
4379,0.601984,0.1128
4380,0.600823,0.1128
4381,0.599584,0.1126
4382,0.597619,0.1127
4383,0.597272,0.1126
4384,0.597864,0.1127
4385,0.597093,0.1111
4386,0.596384,0.1111
4387,0.599097,0.1110
4388,0.601185,0.1110
4389,0.600567,0.1113
4390,0.601371,0.1112
4391,0.600618,0.1114
4392,0.600531,0.1112
4393,0.598765,0.1114
4394,0.598767,0.1114
4395,0.598733,0.1112
4396,0.600012,0.1113
4397,0.600078,0.1113
4398,0.600045,0.1116
4399,0.600010,0.1113
4400,0.599892,0.1112
4401,0.599715,0.1112
4402,0.598446,0.1112
4403,0.597792,0.1111
4404,0.597771,0.1111
4405,0.597564,0.1096
4406,0.599251,0.1113
4407,0.599188,0.1114
4408,0.599118,0.1112
4409,0.599391,0.1113
4410,0.597751,0.1113
4411,0.597663,0.1112
4412,0.596341,0.1113
4413,0.594422,0.1112
4414,0.598497,0.1114
4415,0.602480,0.1112
4416,0.601710,0.1113
4417,0.599507,0.1113
4418,0.600303,0.1114
4419,0.601525,0.1112
4420,0.600847,0.1113
4421,0.600129,0.1113
4422,0.600596,0.1114
4423,0.599925,0.1114
4424,0.601374,0.1114
4425,0.601401,0.1111
4426,0.601290,0.1113
4427,0.604283,0.1112
4428,0.605751,0.1113
4429,0.605390,0.1110
4430,0.605183,0.1112
4431,0.604162,0.1112
4432,0.604651,0.1113
4433,0.603716,0.1111
4434,0.603056,0.1112
4435,0.602838,0.1113
4436,0.599772,0.1113
4437,0.598074,0.1113
4438,0.597641,0.1112
4439,0.599150,0.1112
4440,0.599969,0.1113
4441,0.599862,0.1111
4442,0.600288,0.1114
4443,0.599128,0.1113
4444,0.597847,0.1114
4445,0.598551,0.1112
4446,0.599871,0.1113
4447,0.598882,0.1113
4448,0.599582,0.1114
4449,0.602971,0.1112
4450,0.602158,0.1112
4451,0.601842,0.1114
4452,0.601498,0.1113
4453,0.602388,0.1114
4454,0.602349,0.1112
4455,0.601811,0.1112
4456,0.601166,0.1112
4457,0.602013,0.1112
4458,0.600154,0.1112
4459,0.599900,0.1112
4460,0.599980,0.1114
4461,0.597586,0.1102
4462,0.597118,0.1111
4463,0.595639,0.1113
4464,0.595244,0.1113
4465,0.595176,0.1111
4466,0.594381,0.1112
4467,0.594517,0.1113
4468,0.593470,0.1112
4469,0.595398,0.1111
4470,0.594712,0.1113
4471,0.595295,0.1110
4472,0.592660,0.1112
4473,0.591605,0.1112
4474,0.593118,0.1111
4475,0.592314,0.1109
4476,0.591262,0.1127
4477,0.593302,0.1127
4478,0.593562,0.1125
4479,0.592092,0.1123
4480,0.591954,0.1104
4481,0.592692,0.1121
4482,0.593351,0.1117
4483,0.593889,0.1119
4484,0.595933,0.1126
4485,0.595622,0.1122
4486,0.593869,0.1120
4487,0.591426,0.1126
4488,0.591334,0.1129
4489,0.591452,0.1128
4490,0.591102,0.1106
4491,0.590632,0.1128
4492,0.589911,0.1128
4493,0.591160,0.1120
4494,0.591680,0.1119
4495,0.591169,0.1128
4496,0.591576,0.1119
4497,0.591280,0.1128
4498,0.589422,0.1124
4499,0.589207,0.1128
4500,0.591170,0.1128
4501,0.590643,0.1125
4502,0.594424,0.1110
4503,0.596902,0.1110
4504,0.600622,0.1124
4505,0.603768,0.1120
4506,0.603820,0.1129
4507,0.602394,0.1124
4508,0.602431,0.1110
4509,0.601828,0.1116
4510,0.603182,0.1129
4511,0.604556,0.1110
4512,0.603352,0.1130
4513,0.601812,0.1129
4514,0.601198,0.1110
4515,0.600583,0.1126
4516,0.600324,0.1111
4517,0.599619,0.1131
4518,0.599513,0.1126
4519,0.599022,0.1127
4520,0.599246,0.1128
4521,0.597731,0.1109
4522,0.601094,0.1109
4523,0.606022,0.1108
4524,0.605854,0.1110
4525,0.605648,0.1110
4526,0.608232,0.1109
4527,0.608875,0.1110
4528,0.611065,0.1110
4529,0.609196,0.1112
4530,0.610765,0.1111
4531,0.610729,0.1113
4532,0.607895,0.1112
4533,0.603520,0.1111
4534,0.600361,0.1111
4535,0.602091,0.1110
4536,0.605086,0.1111
4537,0.603931,0.1111
4538,0.603343,0.1112
4539,0.601008,0.1105
4540,0.602484,0.1115
4541,0.600561,0.1113
4542,0.600324,0.1113
4543,0.598659,0.1113
4544,0.598443,0.1114
4545,0.596136,0.1114
4546,0.597868,0.1100
4547,0.598051,0.1114
4548,0.595705,0.1112
4549,0.594774,0.1114
4550,0.595114,0.1113
4551,0.593978,0.1115
4552,0.591752,0.1114
4553,0.590369,0.1115
4554,0.590816,0.1103
4555,0.591312,0.1115
4556,0.590312,0.1116
4557,0.590720,0.1115
4558,0.590117,0.1116
4559,0.589929,0.1115
4560,0.593412,0.1104
4561,0.593813,0.1117
4562,0.593483,0.1105
4563,0.592685,0.1117
4564,0.592868,0.1116
4565,0.596648,0.1116
4566,0.598750,0.1116
4567,0.599706,0.1105
4568,0.598270,0.1118
4569,0.599223,0.1115
4570,0.601840,0.1117
4571,0.603550,0.1106
4572,0.605446,0.1116
4573,0.607178,0.1117
4574,0.604585,0.1117
4575,0.606261,0.1119
4576,0.605490,0.1113
4577,0.605521,0.1120
4578,0.602604,0.1118
4579,0.602257,0.1118
4580,0.598231,0.1120
4581,0.598170,0.1108
4582,0.594544,0.1120
4583,0.597813,0.1118
4584,0.599109,0.1119
4585,0.596943,0.1119
4586,0.596031,0.1109
4587,0.593215,0.1121
4588,0.592837,0.1120
4589,0.592700,0.1118
4590,0.592895,0.1119
4591,0.591512,0.1120
4592,0.589505,0.1121
4593,0.588970,0.1119
4594,0.591401,0.1119
4595,0.593071,0.1119
4596,0.588156,0.1119
4597,0.584654,0.1119
4598,0.585994,0.1121
4599,0.589322,0.1120
4600,0.589020,0.1120
4601,0.587210,0.1120
4602,0.587009,0.1123
4603,0.587406,0.1119
4604,0.585324,0.1121
4605,0.585019,0.1121
4606,0.583682,0.1122
4607,0.584769,0.1123
4608,0.581544,0.1122
4609,0.580705,0.1120
4610,0.579345,0.1122
4611,0.578848,0.1121
4612,0.578503,0.1123
4613,0.578744,0.1122
4614,0.579960,0.1122
4615,0.578392,0.1122
4616,0.577879,0.1122
4617,0.576791,0.1123
4618,0.577833,0.1124
4619,0.577674,0.1123
4620,0.577550,0.1126
4621,0.576954,0.1122
4622,0.603770,0.1123
4623,0.612955,0.1121
4624,0.611850,0.1124
4625,0.616593,0.1123
4626,0.624042,0.1123
4627,0.624997,0.1124
4628,0.622286,0.1125
4629,0.621105,0.1124
4630,0.619188,0.1125
4631,0.620120,0.1123
4632,0.619803,0.1125
4633,0.618019,0.1124
4634,0.615388,0.1124
4635,0.613055,0.1123
4636,0.610924,0.1126
4637,0.609344,0.1125
4638,0.607410,0.1126
4639,0.609160,0.1125
4640,0.605101,0.1126
4641,0.605658,0.1127
4642,0.603890,0.1126
4643,0.602389,0.1126
4644,0.600128,0.1127
4645,0.598856,0.1125
4646,0.600171,0.1126
4647,0.598427,0.1126
4648,0.596958,0.1127
4649,0.596736,0.1128
4650,0.597272,0.1127
4651,0.595810,0.1127
4652,0.594414,0.1128
4653,0.591881,0.1127
4654,0.589339,0.1128
4655,0.589714,0.1128
4656,0.590115,0.1128
4657,0.588804,0.1126
4658,0.588965,0.1127
4659,0.589643,0.1127
4660,0.588325,0.1129
4661,0.586088,0.1127
4662,0.587328,0.1128
4663,0.586667,0.1130
4664,0.585031,0.1127
4665,0.587145,0.1127
4666,0.587226,0.1130
4667,0.587522,0.1127
4668,0.585426,0.1128
4669,0.584951,0.1129
4670,0.590605,0.1128
4671,0.589960,0.1127
4672,0.588018,0.1127
4673,0.587819,0.1128
4674,0.584026,0.1130
4675,0.584209,0.1129
4676,0.584556,0.1128
4677,0.584619,0.1130
4678,0.583962,0.1130
4679,0.582099,0.1128
4680,0.583122,0.1130
4681,0.580822,0.1127
4682,0.581270,0.1128
4683,0.581858,0.1131
4684,0.585684,0.1129
4685,0.586121,0.1129
4686,0.586711,0.1131
4687,0.587913,0.1127
4688,0.590277,0.1128
4689,0.588656,0.1129
4690,0.588917,0.1130
4691,0.598955,0.1130
4692,0.595381,0.1129
4693,0.599770,0.1129
4694,0.601287,0.1131
4695,0.600291,0.1129
4696,0.599938,0.1128
4697,0.597174,0.1132
4698,0.598511,0.1130
4699,0.594769,0.1129
4700,0.599190,0.1132
4701,0.601800,0.1130
4702,0.597464,0.1129
4703,0.597182,0.1130
4704,0.596138,0.1130
4705,0.594171,0.1129
4706,0.591606,0.1131
4707,0.595291,0.1129
4708,0.594678,0.1130
4709,0.598561,0.1128
4710,0.599522,0.1130
4711,0.598363,0.1130
4712,0.599484,0.1131
4713,0.597113,0.1129
4714,0.599135,0.1130
4715,0.596537,0.1129
4716,0.595259,0.1129
4717,0.591563,0.1130
4718,0.589674,0.1132
4719,0.591237,0.1130
4720,0.591625,0.1132
4721,0.590380,0.1129
4722,0.590388,0.1132
4723,0.588282,0.1131
4724,0.587322,0.1130
4725,0.587306,0.1130
4726,0.586119,0.1133
4727,0.585949,0.1129
4728,0.584674,0.1130
4729,0.581668,0.1131
4730,0.580074,0.1131
4731,0.581773,0.1129
4732,0.579370,0.1130
4733,0.581325,0.1132
4734,0.580716,0.1131
4735,0.581075,0.1132
4736,0.578815,0.1132
4737,0.579189,0.1134
4738,0.578178,0.1131
4739,0.578048,0.1130
4740,0.578380,0.1133
4741,0.577907,0.1130
4742,0.578481,0.1130
4743,0.578233,0.1132
4744,0.580893,0.1132
4745,0.580147,0.1132
4746,0.580546,0.1132
4747,0.580991,0.1132
4748,0.579491,0.1133
4749,0.577908,0.1133
4750,0.577569,0.1131
4751,0.576353,0.1132
4752,0.576790,0.1134
4753,0.578884,0.1136
4754,0.581055,0.1134
4755,0.582104,0.1135
4756,0.580788,0.1135
4757,0.577556,0.1133
4758,0.577312,0.1134
4759,0.577653,0.1137
4760,0.577007,0.1137
4761,0.577501,0.1134
4762,0.576938,0.1135
4763,0.577364,0.1136
4764,0.575038,0.1134
4765,0.573708,0.1137
4766,0.575664,0.1136
4767,0.576003,0.1135
4768,0.576017,0.1137
4769,0.572204,0.1143
4770,0.578463,0.1136
4771,0.580802,0.1139
4772,0.578949,0.1138
4773,0.579126,0.1140
4774,0.577283,0.1138
4775,0.580783,0.1141
4776,0.579713,0.1142
4777,0.578779,0.1137
4778,0.580917,0.1140
4779,0.583301,0.1139
4780,0.581751,0.1138
4781,0.583820,0.1138
4782,0.580362,0.1142
4783,0.578816,0.1137
4784,0.579591,0.1139
4785,0.581201,0.1137
4786,0.582089,0.1138
4787,0.578824,0.1140
4788,0.579342,0.1136
4789,0.579924,0.1138
4790,0.581995,0.1136
4791,0.581006,0.1135
4792,0.581970,0.1142
4793,0.580491,0.1141
4794,0.579056,0.1139
4795,0.579878,0.1136
4796,0.579427,0.1138
4797,0.577876,0.1143
4798,0.575945,0.1139
4799,0.577875,0.1138
4800,0.577428,0.1140
4801,0.573180,0.1139
4802,0.578586,0.1144
4803,0.577309,0.1138
4804,0.576989,0.1141
4805,0.574943,0.1138
4806,0.574865,0.1142
4807,0.575018,0.1144
4808,0.575249,0.1140
4809,0.573561,0.1140
4810,0.573884,0.1142
4811,0.572741,0.1141
4812,0.573729,0.1140
4813,0.572161,0.1140
4814,0.573135,0.1141
4815,0.574722,0.1140
4816,0.574670,0.1140
4817,0.575372,0.1145
4818,0.574619,0.1143
4819,0.575089,0.1139
4820,0.576658,0.1141
4821,0.576068,0.1141
4822,0.576316,0.1141
4823,0.578505,0.1141
4824,0.578802,0.1143
4825,0.577710,0.1142
4826,0.574736,0.1141
4827,0.577214,0.1140
4828,0.577309,0.1149
4829,0.577717,0.1146
4830,0.584020,0.1141
4831,0.582477,0.1142
4832,0.579273,0.1146
4833,0.578658,0.1147
4834,0.578402,0.1144
4835,0.579227,0.1144
4836,0.575638,0.1147
4837,0.581160,0.1147
4838,0.585326,0.1145
4839,0.583292,0.1147
4840,0.583680,0.1149
4841,0.582449,0.1148
4842,0.585615,0.1145
4843,0.585642,0.1146
4844,0.583241,0.1144
4845,0.585878,0.1149
4846,0.581970,0.1146
4847,0.586445,0.1149
4848,0.588722,0.1149
4849,0.585796,0.1144
4850,0.584986,0.1150
4851,0.581866,0.1151
4852,0.581162,0.1150
4853,0.580308,0.1144
4854,0.579293,0.1151
4855,0.577100,0.1146
4856,0.575585,0.1146
4857,0.577046,0.1144
4858,0.576266,0.1151
4859,0.576410,0.1145
4860,0.574261,0.1143
4861,0.573489,0.1145
4862,0.573834,0.1147
4863,0.572604,0.1143
4864,0.571889,0.1144
4865,0.571153,0.1146
4866,0.570579,0.1150
4867,0.570340,0.1143
4868,0.569634,0.1145
4869,0.569330,0.1150
4870,0.571160,0.1145
4871,0.570946,0.1147
4872,0.569491,0.1145
4873,0.569741,0.1150
4874,0.572034,0.1144
4875,0.572461,0.1149
4876,0.571613,0.1147
4877,0.569664,0.1146
4878,0.567888,0.1143
4879,0.568241,0.1148
4880,0.568176,0.1144
4881,0.567122,0.1148
4882,0.567426,0.1146
4883,0.567636,0.1144
4884,0.567715,0.1147
4885,0.566399,0.1144
4886,0.566027,0.1146
4887,0.568617,0.1145
4888,0.568693,0.1156
4889,0.568670,0.1145
4890,0.567234,0.1145
4891,0.566405,0.1150
4892,0.565505,0.1149
4893,0.564771,0.1148
4894,0.563878,0.1146
4895,0.565038,0.1146
4896,0.571170,0.1149
4897,0.583855,0.1146
4898,0.593812,0.1146
4899,0.595554,0.1146
4900,0.596945,0.1148
4901,0.596624,0.1148
4902,0.594993,0.1152
4903,0.594947,0.1148
4904,0.594464,0.1148
4905,0.593041,0.1147
4906,0.591323,0.1147
4907,0.590966,0.1149
4908,0.587415,0.1147
4909,0.590979,0.1150
4910,0.591217,0.1148
4911,0.591760,0.1149
4912,0.586869,0.1152
4913,0.584126,0.1153
4914,0.586529,0.1154
4915,0.591479,0.1152
4916,0.591232,0.1154
4917,0.591074,0.1149
4918,0.587876,0.1149
4919,0.594828,0.1149
4920,0.594612,0.1148
4921,0.594146,0.1147
4922,0.594667,0.1147
4923,0.590488,0.1148
4924,0.584833,0.1148
4925,0.586377,0.1150
4926,0.590891,0.1150
4927,0.591193,0.1148
4928,0.586660,0.1148
4929,0.587373,0.1151
4930,0.584500,0.1150
4931,0.586582,0.1149
4932,0.587686,0.1147
4933,0.587383,0.1152
4934,0.584821,0.1149
4935,0.581443,0.1153
4936,0.580956,0.1149
4937,0.577550,0.1152
4938,0.576122,0.1151
4939,0.573723,0.1148
4940,0.573555,0.1155
4941,0.573140,0.1148
4942,0.572036,0.1148
4943,0.570875,0.1152
4944,0.575700,0.1150
4945,0.580587,0.1148
4946,0.584946,0.1149
4947,0.588031,0.1150
4948,0.590982,0.1150
4949,0.589456,0.1148
4950,0.589276,0.1149
4951,0.591000,0.1150
4952,0.589761,0.1149
4953,0.589333,0.1149
4954,0.587771,0.1148
4955,0.587452,0.1150
4956,0.587169,0.1152
4957,0.585558,0.1150
4958,0.586324,0.1152
4959,0.584904,0.1150
4960,0.585552,0.1156
4961,0.600279,0.1150
4962,0.590720,0.1150
4963,0.598104,0.1151
4964,0.592184,0.1154
4965,0.595541,0.1155
4966,0.586539,0.1151
4967,0.595064,0.1152
4968,0.590357,0.1155
4969,0.589995,0.1152
4970,0.588870,0.1149
4971,0.588971,0.1154
4972,0.588671,0.1153
4973,0.584824,0.1151
4974,0.587039,0.1150
4975,0.583726,0.1151
4976,0.582605,0.1152
4977,0.582187,0.1151
4978,0.580544,0.1153
4979,0.581872,0.1153
4980,0.579190,0.1156
4981,0.579449,0.1154
4982,0.577845,0.1153
4983,0.578195,0.1153
4984,0.577669,0.1152
4985,0.577379,0.1154
4986,0.573809,0.1153
4987,0.575070,0.1154
4988,0.575339,0.1152
4989,0.575203,0.1162
4990,0.576180,0.1156
4991,0.572471,0.1153
4992,0.576090,0.1153
4993,0.581251,0.1158
4994,0.582062,0.1157
4995,0.584047,0.1152
4996,0.583196,0.1154
4997,0.584217,0.1153
4998,0.584611,0.1157
4999,0.588175,0.1154
5000,0.586874,0.1154
5001,0.584542,0.1156
5002,0.578984,0.1159
5003,0.578963,0.1157
5004,0.580774,0.1153
5005,0.583027,0.1154
5006,0.579161,0.1155
5007,0.579037,0.1158
5008,0.577354,0.1157
5009,0.579249,0.1154
5010,0.582660,0.1157
5011,0.586446,0.1154
5012,0.593820,0.1158
5013,0.597050,0.1155
5014,0.592851,0.1156
5015,0.593775,0.1158
5016,0.591676,0.1157
5017,0.595763,0.1158
5018,0.592260,0.1162
5019,0.590561,0.1155
5020,0.591784,0.1156
5021,0.591353,0.1158
5022,0.591304,0.1158
5023,0.583637,0.1157
5024,0.589073,0.1155
5025,0.588627,0.1157
5026,0.586448,0.1160
5027,0.585455,0.1157
5028,0.583571,0.1157
5029,0.586949,0.1161
5030,0.586848,0.1158
5031,0.585017,0.1165
5032,0.584292,0.1157
5033,0.584267,0.1157
5034,0.581684,0.1159
5035,0.581514,0.1161
5036,0.580111,0.1161
5037,0.577280,0.1160
5038,0.572459,0.1160
5039,0.569458,0.1159
5040,0.566108,0.1160
5041,0.568812,0.1161
5042,0.570448,0.1163
5043,0.574066,0.1161
5044,0.577715,0.1165
5045,0.577924,0.1161
5046,0.577497,0.1164
5047,0.573263,0.1161
5048,0.574114,0.1162
5049,0.572969,0.1162
5050,0.571137,0.1162
5051,0.571356,0.1167
5052,0.569847,0.1162
5053,0.571189,0.1161
5054,0.570777,0.1161
5055,0.571090,0.1162
5056,0.571043,0.1163
5057,0.568794,0.1168
5058,0.567442,0.1168
5059,0.565799,0.1161
5060,0.563962,0.1165
5061,0.564831,0.1167
5062,0.565123,0.1166
5063,0.564373,0.1167
5064,0.563690,0.1165
5065,0.565495,0.1164
5066,0.566512,0.1165
5067,0.566022,0.1165
5068,0.564976,0.1169
5069,0.563450,0.1166
5070,0.562462,0.1166
5071,0.560435,0.1165
5072,0.559594,0.1168
5073,0.563135,0.1166
5074,0.562767,0.1167
5075,0.561699,0.1168
5076,0.563075,0.1167
5077,0.564477,0.1166
5078,0.563792,0.1168
5079,0.565173,0.1165
5080,0.569267,0.1167
5081,0.565366,0.1167
5082,0.566679,0.1168
5083,0.566165,0.1167
5084,0.565883,0.1169
5085,0.564755,0.1167
5086,0.563117,0.1167
5087,0.559851,0.1168
5088,0.563101,0.1169
5089,0.566859,0.1168
5090,0.567302,0.1172
5091,0.566664,0.1169
5092,0.567743,0.1170
5093,0.567571,0.1168
5094,0.569428,0.1170
5095,0.567820,0.1168
5096,0.570506,0.1173
5097,0.571257,0.1173
5098,0.570860,0.1169
5099,0.570255,0.1171
5100,0.567535,0.1175
5101,0.569046,0.1174
5102,0.568797,0.1176
5103,0.566420,0.1169
5104,0.566503,0.1170
5105,0.566680,0.1173
5106,0.567477,0.1170
5107,0.565809,0.1167
5108,0.563258,0.1172
5109,0.566813,0.1170
5110,0.569990,0.1170
5111,0.570872,0.1170
5112,0.570004,0.1171
5113,0.568115,0.1171
5114,0.565532,0.1172
5115,0.565512,0.1177
5116,0.564591,0.1175
5117,0.564680,0.1174
5118,0.563376,0.1171
5119,0.564137,0.1170
5120,0.564362,0.1170
5121,0.565947,0.1171
5122,0.565414,0.1171
5123,0.566350,0.1177
5124,0.568686,0.1172
5125,0.567716,0.1171
5126,0.569085,0.1170
5127,0.571108,0.1174
5128,0.570064,0.1171
5129,0.568694,0.1172
5130,0.570410,0.1172
5131,0.568655,0.1176
5132,0.563854,0.1172
5133,0.563577,0.1171
5134,0.560069,0.1172
5135,0.558938,0.1172
5136,0.558884,0.1176
5137,0.559992,0.1173
5138,0.559768,0.1180
5139,0.559568,0.1172
5140,0.562012,0.1172
5141,0.562708,0.1173
5142,0.568574,0.1172
5143,0.570133,0.1174
5144,0.568580,0.1173
5145,0.571656,0.1175
5146,0.573155,0.1175
5147,0.571435,0.1172
5148,0.568318,0.1172
5149,0.565899,0.1172
5150,0.569148,0.1173
5151,0.568584,0.1175
5152,0.566679,0.1175
5153,0.562876,0.1175
5154,0.564314,0.1178
5155,0.565894,0.1175
5156,0.563925,0.1173
5157,0.563460,0.1175
5158,0.560615,0.1168
5159,0.564477,0.1174
5160,0.566313,0.1173
5161,0.568363,0.1172
5162,0.564599,0.1174
5163,0.568410,0.1175
5164,0.568346,0.1176
5165,0.567603,0.1173
5166,0.571505,0.1173
5167,0.569187,0.1171
5168,0.570850,0.1175
5169,0.568750,0.1174
5170,0.585987,0.1172
5171,0.581976,0.1172
5172,0.583558,0.1172
5173,0.577435,0.1172
5174,0.583407,0.1172
5175,0.577996,0.1173
5176,0.580656,0.1176
5177,0.577113,0.1173
5178,0.611162,0.1172
5179,0.616112,0.1173
5180,0.616270,0.1173
5181,0.613742,0.1171
5182,0.611078,0.1172
5183,0.605357,0.1176
5184,0.605263,0.1175
5185,0.608663,0.1172
5186,0.611887,0.1173
5187,0.610032,0.1173
5188,0.612015,0.1173
5189,0.609673,0.1173
5190,0.606415,0.1175
5191,0.605337,0.1177
5192,0.608043,0.1177
5193,0.607031,0.1173
5194,0.604276,0.1172
5195,0.601589,0.1172
5196,0.599962,0.1174
5197,0.597444,0.1171
5198,0.594749,0.1175
5199,0.603169,0.1178
5200,0.613957,0.1177
5201,0.608505,0.1175
5202,0.609138,0.1172
5203,0.615668,0.1173
5204,0.606890,0.1173
5205,0.613704,0.1174
5206,0.614321,0.1176
5207,0.608291,0.1177
5208,0.609398,0.1176
5209,0.606211,0.1172
5210,0.603454,0.1173
5211,0.604225,0.1172
5212,0.600149,0.1174
5213,0.603696,0.1176
5214,0.601800,0.1175
5215,0.600088,0.1180
5216,0.599309,0.1174
5217,0.597202,0.1175
5218,0.594897,0.1175
5219,0.591878,0.1176
5220,0.589067,0.1177
5221,0.589032,0.1174
5222,0.587250,0.1177
5223,0.586616,0.1178
5224,0.585189,0.1178
5225,0.584555,0.1175
5226,0.584259,0.1177
5227,0.583348,0.1176
5228,0.583648,0.1176
5229,0.582090,0.1173
5230,0.582808,0.1175
5231,0.585778,0.1177
5232,0.584123,0.1182
5233,0.584192,0.1177
5234,0.580552,0.1177
5235,0.576085,0.1173
5236,0.578303,0.1178
5237,0.574508,0.1175
5238,0.575662,0.1175
5239,0.574067,0.1178
5240,0.573073,0.1178
5241,0.572409,0.1180
5242,0.575954,0.1178
5243,0.573907,0.1172
5244,0.574050,0.1177
5245,0.572518,0.1173
5246,0.576197,0.1175
5247,0.578648,0.1174
5248,0.578732,0.1177
5249,0.575856,0.1176
5250,0.576076,0.1179
5251,0.578641,0.1178
5252,0.579611,0.1174
5253,0.579131,0.1176
5254,0.579022,0.1176
5255,0.578588,0.1175
5256,0.575202,0.1177
5257,0.573779,0.1182
5258,0.573633,0.1183
5259,0.571400,0.1181
5260,0.571337,0.1175
5261,0.570593,0.1177
5262,0.570311,0.1176
5263,0.570991,0.1179
5264,0.570742,0.1177
5265,0.568433,0.1178
5266,0.567436,0.1182
5267,0.567775,0.1178
5268,0.566337,0.1179
5269,0.569751,0.1177
5270,0.568797,0.1178
5271,0.565698,0.1177
5272,0.568735,0.1179
5273,0.568089,0.1179
5274,0.567355,0.1180
5275,0.570013,0.1179
5276,0.570090,0.1182
5277,0.569497,0.1186
5278,0.570396,0.1180
5279,0.570917,0.1181
5280,0.570444,0.1180
5281,0.571642,0.1182
5282,0.572015,0.1181
5283,0.568585,0.1179
5284,0.568860,0.1183
5285,0.568130,0.1180
5286,0.566899,0.1185
5287,0.567855,0.1187
5288,0.567745,0.1184
5289,0.565677,0.1186
5290,0.564430,0.1183
5291,0.564098,0.1182
5292,0.565020,0.1182
5293,0.565980,0.1183
5294,0.575455,0.1185
5295,0.580754,0.1186
5296,0.581127,0.1186
5297,0.577917,0.1181
5298,0.572041,0.1186
5299,0.570095,0.1183
5300,0.569307,0.1189
5301,0.568977,0.1187
5302,0.567564,0.1195
5303,0.567491,0.1189
5304,0.566832,0.1184
5305,0.566241,0.1185
5306,0.565333,0.1183
5307,0.563960,0.1185
5308,0.563402,0.1184
5309,0.563611,0.1182
5310,0.562126,0.1184
5311,0.561099,0.1186
5312,0.560056,0.1185
5313,0.560681,0.1185
5314,0.558909,0.1190
5315,0.556689,0.1192
5316,0.556314,0.1190
5317,0.555618,0.1192
5318,0.556353,0.1193
5319,0.556980,0.1191
5320,0.556511,0.1188
5321,0.557314,0.1185
5322,0.557513,0.1187
5323,0.556436,0.1186
5324,0.557717,0.1187
5325,0.557781,0.1187
5326,0.557860,0.1185
5327,0.557613,0.1186
5328,0.557511,0.1186
5329,0.558164,0.1184
5330,0.558081,0.1190
5331,0.559934,0.1188
5332,0.559936,0.1187
5333,0.561781,0.1190
5334,0.562322,0.1191
5335,0.561294,0.1192
5336,0.562059,0.1191
5337,0.563205,0.1190
5338,0.562045,0.1190
5339,0.560255,0.1190
5340,0.559431,0.1188
5341,0.560243,0.1185
5342,0.560688,0.1188
5343,0.561255,0.1190
5344,0.560950,0.1187
5345,0.559758,0.1190
5346,0.560497,0.1189
5347,0.559630,0.1186
5348,0.556380,0.1187
5349,0.556760,0.1191
5350,0.558583,0.1192
5351,0.559731,0.1193
5352,0.558368,0.1195
5353,0.558263,0.1190
5354,0.556324,0.1196
5355,0.551701,0.1196
5356,0.555140,0.1193
5357,0.553734,0.1196
5358,0.554075,0.1191
5359,0.550586,0.1190
5360,0.552832,0.1190
5361,0.551829,0.1189
5362,0.554305,0.1191
5363,0.552361,0.1189
5364,0.554498,0.1189
5365,0.554368,0.1193
5366,0.554304,0.1192
5367,0.553740,0.1193
5368,0.557754,0.1190
5369,0.556972,0.1192
5370,0.555471,0.1192
5371,0.555160,0.1194
5372,0.555472,0.1192
5373,0.554889,0.1191
5374,0.557595,0.1192
5375,0.557076,0.1193
5376,0.557228,0.1195
5377,0.555826,0.1195
5378,0.555529,0.1194
5379,0.556120,0.1198
5380,0.555535,0.1198
5381,0.556156,0.1196
5382,0.556594,0.1199
5383,0.557931,0.1198
5384,0.556575,0.1196
5385,0.557657,0.1199
5386,0.556788,0.1199
5387,0.556956,0.1197
5388,0.556914,0.1196
5389,0.555528,0.1204
5390,0.556681,0.1200
5391,0.557303,0.1197
5392,0.556579,0.1199
5393,0.555364,0.1203
5394,0.556103,0.1201
5395,0.557847,0.1200
5396,0.556000,0.1198
5397,0.555058,0.1199
5398,0.554954,0.1198
5399,0.555197,0.1204
5400,0.556288,0.1198
5401,0.555266,0.1200
5402,0.555981,0.1198
5403,0.555616,0.1198
5404,0.555379,0.1198
5405,0.555198,0.1199
5406,0.555367,0.1199
5407,0.554574,0.1198
5408,0.553869,0.1201
5409,0.552150,0.1202
5410,0.551450,0.1202
5411,0.551609,0.1198
5412,0.552625,0.1198
5413,0.551795,0.1202
5414,0.551966,0.1202
5415,0.551978,0.1201
5416,0.550998,0.1199
5417,0.551436,0.1202
5418,0.551465,0.1202
5419,0.550956,0.1198
5420,0.549983,0.1201
5421,0.549427,0.1198
5422,0.548200,0.1201
5423,0.547469,0.1197
5424,0.547373,0.1201
5425,0.547989,0.1199
5426,0.546737,0.1199
5427,0.544946,0.1203
5428,0.545869,0.1200
5429,0.546303,0.1198
5430,0.545834,0.1201
5431,0.545518,0.1200
5432,0.546359,0.1198
5433,0.546577,0.1202
5434,0.546359,0.1199
5435,0.545535,0.1198
5436,0.546376,0.1199
5437,0.546916,0.1203
5438,0.546766,0.1198
5439,0.546595,0.1198
5440,0.545908,0.1200
5441,0.545798,0.1199
5442,0.547521,0.1202
5443,0.546185,0.1200
5444,0.544673,0.1201
5445,0.544729,0.1198
5446,0.544416,0.1198
5447,0.550870,0.1200
5448,0.553677,0.1198
5449,0.553138,0.1197
5450,0.552507,0.1200
5451,0.552720,0.1202
5452,0.550963,0.1201
5453,0.550391,0.1201
5454,0.549750,0.1197
5455,0.547530,0.1201
5456,0.546718,0.1197
5457,0.545980,0.1200
5458,0.547286,0.1201
5459,0.546757,0.1198
5460,0.546439,0.1202
5461,0.545057,0.1197
5462,0.543010,0.1202
5463,0.544368,0.1200
5464,0.543510,0.1200
5465,0.543594,0.1197
5466,0.546306,0.1203
5467,0.544827,0.1199
5468,0.546118,0.1200
5469,0.545191,0.1201
5470,0.543904,0.1201
5471,0.542118,0.1199
5472,0.541964,0.1197
5473,0.542138,0.1196
5474,0.541802,0.1201
5475,0.541804,0.1196
5476,0.541256,0.1198
5477,0.538907,0.1197
5478,0.542105,0.1200
5479,0.543112,0.1197
5480,0.553089,0.1196
5481,0.562431,0.1200
5482,0.566799,0.1200
5483,0.567345,0.1196
5484,0.564667,0.1197
5485,0.561667,0.1196
5486,0.562165,0.1203
5487,0.562319,0.1202
5488,0.562281,0.1199
5489,0.560682,0.1197
5490,0.557661,0.1198
5491,0.557704,0.1199
5492,0.555971,0.1201
5493,0.554603,0.1199
5494,0.553580,0.1197
5495,0.552919,0.1199
5496,0.552811,0.1197
5497,0.551630,0.1198
5498,0.552177,0.1197
5499,0.552887,0.1199
5500,0.550179,0.1197
5501,0.553204,0.1199
5502,0.554609,0.1199
5503,0.553764,0.1197
5504,0.553953,0.1198
5505,0.552689,0.1198
5506,0.550747,0.1197
5507,0.552689,0.1199
5508,0.553917,0.1196
5509,0.554991,0.1196
5510,0.556269,0.1196
5511,0.556066,0.1194
5512,0.555358,0.1196
5513,0.553766,0.1194
5514,0.555171,0.1196
5515,0.552739,0.1189
5516,0.550456,0.1191
5517,0.548844,0.1191
5518,0.549608,0.1197
5519,0.549419,0.1193
5520,0.549448,0.1196
5521,0.548422,0.1191
5522,0.549894,0.1191
5523,0.548293,0.1191
5524,0.547201,0.1191
5525,0.547590,0.1190
5526,0.545938,0.1197
5527,0.542804,0.1198
5528,0.546142,0.1198
5529,0.547026,0.1198
5530,0.548548,0.1198
5531,0.547078,0.1189
5532,0.547518,0.1200
5533,0.545874,0.1198
5534,0.545897,0.1191
5535,0.546035,0.1201
5536,0.544884,0.1202
5537,0.543366,0.1201
5538,0.542685,0.1196
5539,0.542600,0.1202
5540,0.544503,0.1202
5541,0.546145,0.1201
5542,0.546147,0.1200
5543,0.547949,0.1190
5544,0.549979,0.1203
5545,0.548420,0.1202
5546,0.547529,0.1203
5547,0.546240,0.1202
5548,0.546460,0.1201
5549,0.545747,0.1201
5550,0.546521,0.1201
5551,0.547289,0.1193
5552,0.546891,0.1202
5553,0.546448,0.1203
5554,0.553375,0.1203
5555,0.555454,0.1204
5556,0.582943,0.1206
5557,0.588377,0.1196
5558,0.584675,0.1204
5559,0.584203,0.1200
5560,0.582788,0.1189
5561,0.578565,0.1193
5562,0.576458,0.1204
5563,0.575014,0.1193
5564,0.573366,0.1202
5565,0.569473,0.1202
5566,0.570080,0.1217
5567,0.568704,0.1215
5568,0.568905,0.1203
5569,0.569443,0.1195
5570,0.568982,0.1203
5571,0.567852,0.1219
5572,0.565147,0.1203
5573,0.563753,0.1203
5574,0.563417,0.1195
5575,0.562710,0.1196
5576,0.564563,0.1219
5577,0.566089,0.1221
5578,0.567737,0.1193
5579,0.568078,0.1193
5580,0.565978,0.1204
5581,0.569635,0.1202
5582,0.569434,0.1220
5583,0.569737,0.1218
5584,0.568851,0.1222
5585,0.568102,0.1224
5586,0.566831,0.1225
5587,0.563727,0.1204
5588,0.560712,0.1193
5589,0.558381,0.1210
5590,0.556192,0.1212
5591,0.556188,0.1193
5592,0.555467,0.1219
5593,0.554528,0.1219
5594,0.556249,0.1218
5595,0.558744,0.1204
5596,0.558380,0.1218
5597,0.558771,0.1194
5598,0.558608,0.1207
5599,0.557422,0.1193
5600,0.555206,0.1196
5601,0.553188,0.1217
5602,0.552235,0.1203
5603,0.550681,0.1209
5604,0.549733,0.1202
5605,0.550295,0.1211
5606,0.550242,0.1218
5607,0.548739,0.1204
5608,0.550118,0.1224
5609,0.549348,0.1220
5610,0.548569,0.1209
5611,0.548742,0.1216
5612,0.547775,0.1205
5613,0.546315,0.1191
5614,0.545739,0.1208
5615,0.545827,0.1217
5616,0.545922,0.1206
5617,0.547093,0.1216
5618,0.548885,0.1190
5619,0.546640,0.1207
5620,0.545181,0.1205
5621,0.545808,0.1204
5622,0.544274,0.1205
5623,0.542577,0.1207
5624,0.543979,0.1196
5625,0.542330,0.1205
5626,0.542818,0.1190
5627,0.543205,0.1210
5628,0.545346,0.1205
5629,0.546238,0.1192
5630,0.546586,0.1218
5631,0.545766,0.1193
5632,0.544434,0.1217
5633,0.543149,0.1220
5634,0.542654,0.1213
5635,0.542321,0.1222
5636,0.541145,0.1194
5637,0.541212,0.1210
5638,0.541325,0.1205
5639,0.541809,0.1204
5640,0.541283,0.1220
5641,0.540241,0.1219
5642,0.539123,0.1194
5643,0.537614,0.1219
5644,0.536489,0.1193
5645,0.537466,0.1206
5646,0.538931,0.1206
5647,0.536394,0.1218
5648,0.534734,0.1205
5649,0.533949,0.1221
5650,0.534366,0.1206
5651,0.536167,0.1203
5652,0.537505,0.1220
5653,0.537420,0.1206
5654,0.537362,0.1198
5655,0.535640,0.1215
5656,0.535696,0.1199
5657,0.535744,0.1197
5658,0.535509,0.1223
5659,0.535138,0.1201
5660,0.534947,0.1221
5661,0.533196,0.1195
5662,0.532520,0.1196
5663,0.531999,0.1207
5664,0.532482,0.1205
5665,0.532691,0.1212
5666,0.532955,0.1206
5667,0.532066,0.1220
5668,0.531676,0.1197
5669,0.531838,0.1206
5670,0.531565,0.1208
5671,0.532083,0.1206
5672,0.531389,0.1209
5673,0.533046,0.1208
5674,0.532100,0.1209
5675,0.533017,0.1207
5676,0.532903,0.1222
5677,0.530312,0.1220
5678,0.529888,0.1212
5679,0.529262,0.1213
5680,0.528966,0.1214
5681,0.529006,0.1211
5682,0.528061,0.1227
5683,0.528120,0.1223
5684,0.528135,0.1211
5685,0.527795,0.1210
5686,0.526873,0.1210
5687,0.526757,0.1211
5688,0.527255,0.1212
5689,0.528001,0.1211
5690,0.526805,0.1218
5691,0.526724,0.1221
5692,0.526183,0.1216
5693,0.526858,0.1227
5694,0.526188,0.1214
5695,0.526663,0.1211
5696,0.527007,0.1211
5697,0.526674,0.1208
5698,0.525849,0.1211
5699,0.525515,0.1208
5700,0.526225,0.1209
5701,0.527634,0.1207
5702,0.526903,0.1223
5703,0.526888,0.1210
5704,0.532136,0.1208
5705,0.537608,0.1212
5706,0.537523,0.1225
5707,0.537459,0.1213
5708,0.535976,0.1224
5709,0.536993,0.1210
5710,0.537347,0.1210
5711,0.536364,0.1223
5712,0.535480,0.1214
5713,0.534366,0.1220
5714,0.535515,0.1223
5715,0.534700,0.1222
5716,0.535160,0.1224
5717,0.534277,0.1216
5718,0.534706,0.1213
5719,0.532339,0.1214
5720,0.530506,0.1209
5721,0.530153,0.1211
5722,0.530651,0.1210
5723,0.531225,0.1219
5724,0.533313,0.1209
5725,0.533584,0.1206
5726,0.531875,0.1207
5727,0.531905,0.1209
5728,0.528001,0.1220
5729,0.530588,0.1209
5730,0.531377,0.1210
5731,0.531017,0.1218
5732,0.527755,0.1211
5733,0.529376,0.1212
5734,0.527711,0.1227
5735,0.527934,0.1223
5736,0.530408,0.1207
5737,0.527361,0.1206
5738,0.526725,0.1208
5739,0.525921,0.1209
5740,0.526577,0.1222
5741,0.526093,0.1207
5742,0.528929,0.1218
5743,0.527938,0.1217
5744,0.527803,0.1208
5745,0.528133,0.1218
5746,0.527155,0.1210
5747,0.527308,0.1225
5748,0.527554,0.1223
5749,0.526910,0.1223
5750,0.527665,0.1208
5751,0.527519,0.1206
5752,0.528473,0.1222
5753,0.527927,0.1208
5754,0.528750,0.1221
5755,0.528427,0.1208
5756,0.528375,0.1223
5757,0.527463,0.1211
5758,0.527299,0.1208
5759,0.525280,0.1210
5760,0.525812,0.1211
5761,0.527271,0.1212
5762,0.527160,0.1214
5763,0.528549,0.1210
5764,0.527950,0.1211
5765,0.528407,0.1223
5766,0.530079,0.1222
5767,0.529873,0.1217
5768,0.529413,0.1220
5769,0.528812,0.1211
5770,0.526906,0.1208
5771,0.526483,0.1209
5772,0.526052,0.1210
5773,0.525831,0.1211
5774,0.526281,0.1226
5775,0.526771,0.1230
5776,0.526983,0.1221
5777,0.526428,0.1212
5778,0.526731,0.1208
5779,0.526699,0.1222
5780,0.526960,0.1209
5781,0.526062,0.1209
5782,0.526048,0.1209
5783,0.526934,0.1222
5784,0.525848,0.1208
5785,0.524518,0.1210
5786,0.524931,0.1225
5787,0.527318,0.1217
5788,0.527428,0.1217
5789,0.526281,0.1212
5790,0.526873,0.1221
5791,0.527191,0.1209
5792,0.526389,0.1223
5793,0.524679,0.1223
5794,0.524851,0.1214
5795,0.524919,0.1213
5796,0.541345,0.1215
5797,0.539437,0.1225
5798,0.530030,0.1232
5799,0.539223,0.1229
5800,0.537812,0.1229
5801,0.531534,0.1227
5802,0.533411,0.1217
5803,0.534728,0.1216
5804,0.534629,0.1216
5805,0.531749,0.1226
5806,0.528687,0.1224
5807,0.530960,0.1229
5808,0.533647,0.1233
5809,0.533388,0.1228
5810,0.531594,0.1219
5811,0.531900,0.1226
5812,0.531353,0.1232
5813,0.531278,0.1225
5814,0.530442,0.1227
5815,0.530972,0.1232
5816,0.530071,0.1220
5817,0.528817,0.1221
5818,0.528488,0.1221
5819,0.529417,0.1224
5820,0.530690,0.1233
5821,0.529289,0.1236
5822,0.528683,0.1236
5823,0.527741,0.1228
5824,0.527924,0.1222
5825,0.527979,0.1230
5826,0.528205,0.1220
5827,0.527916,0.1231
5828,0.525699,0.1235
5829,0.529264,0.1225
5830,0.530091,0.1222
5831,0.531801,0.1230
5832,0.533551,0.1231
5833,0.533767,0.1219
5834,0.533842,0.1221
5835,0.532959,0.1237
5836,0.532829,0.1227
5837,0.532774,0.1223
5838,0.533204,0.1223
5839,0.532918,0.1231
5840,0.532648,0.1223
5841,0.533502,0.1222
5842,0.533125,0.1234
5843,0.532605,0.1228
5844,0.532851,0.1226
5845,0.532507,0.1229
5846,0.531730,0.1231
5847,0.536525,0.1220
5848,0.538410,0.1221
5849,0.537104,0.1223
5850,0.537380,0.1227
5851,0.539598,0.1238
5852,0.541356,0.1232
5853,0.540978,0.1222
5854,0.538059,0.1225
5855,0.537310,0.1234
5856,0.536155,0.1235
5857,0.537154,0.1228
5858,0.539260,0.1226
5859,0.542329,0.1223
5860,0.545617,0.1222
5861,0.545731,0.1228
5862,0.544004,0.1230
5863,0.542563,0.1221
5864,0.540401,0.1237
5865,0.541322,0.1234
5866,0.541758,0.1230
5867,0.540157,0.1217
5868,0.538873,0.1219
5869,0.536581,0.1220
5870,0.535349,0.1228
5871,0.532886,0.1220
5872,0.534775,0.1224
5873,0.535472,0.1224
5874,0.534551,0.1233
5875,0.535671,0.1216
5876,0.535794,0.1219
5877,0.534760,0.1217
5878,0.534306,0.1218
5879,0.532268,0.1218
5880,0.530954,0.1217
5881,0.530366,0.1223
5882,0.530970,0.1232
5883,0.532019,0.1218
5884,0.533983,0.1216
5885,0.533138,0.1214
5886,0.532018,0.1226
5887,0.531425,0.1222
5888,0.531359,0.1216
5889,0.547491,0.1215
5890,0.552155,0.1218
5891,0.551809,0.1218
5892,0.549258,0.1232
5893,0.548870,0.1216
5894,0.552213,0.1227
5895,0.551941,0.1223
5896,0.547128,0.1225
5897,0.542505,0.1224
5898,0.544422,0.1227
5899,0.544447,0.1215
5900,0.548128,0.1233
5901,0.548401,0.1216
5902,0.543725,0.1226
5903,0.544411,0.1212
5904,0.544623,0.1213
5905,0.542605,0.1214
5906,0.541266,0.1215
5907,0.539300,0.1217
5908,0.537957,0.1213
5909,0.535572,0.1229
5910,0.534946,0.1222
5911,0.537239,0.1219
5912,0.537008,0.1229
5913,0.538017,0.1212
5914,0.536782,0.1224
5915,0.535072,0.1222
5916,0.534988,0.1212
5917,0.535958,0.1212
5918,0.535130,0.1216
5919,0.533037,0.1211
5920,0.532164,0.1214
5921,0.532493,0.1218
5922,0.533060,0.1228
5923,0.532291,0.1226
5924,0.530100,0.1218
5925,0.531334,0.1215
5926,0.530178,0.1217
5927,0.529657,0.1210
5928,0.527944,0.1211
5929,0.530629,0.1223
5930,0.532974,0.1217
5931,0.532098,0.1214
5932,0.532415,0.1221
5933,0.532087,0.1226
5934,0.532756,0.1222
5935,0.538490,0.1212
5936,0.539862,0.1213
5937,0.538855,0.1210
5938,0.539181,0.1214
5939,0.538165,0.1212
5940,0.536068,0.1212
5941,0.532740,0.1211
5942,0.532187,0.1214
5943,0.533729,0.1209
5944,0.533020,0.1212
5945,0.533109,0.1213
5946,0.532819,0.1229
5947,0.531104,0.1226
5948,0.530567,0.1225
5949,0.530043,0.1212
5950,0.527833,0.1211
5951,0.531237,0.1223
5952,0.532232,0.1224
5953,0.533027,0.1212
5954,0.533255,0.1212
5955,0.533251,0.1221
5956,0.532744,0.1222
5957,0.533009,0.1216
5958,0.532625,0.1221
5959,0.531663,0.1218
5960,0.530432,0.1220
5961,0.530855,0.1224
5962,0.531397,0.1215
5963,0.529661,0.1217
5964,0.529920,0.1221
5965,0.530424,0.1214
5966,0.529178,0.1220
5967,0.527647,0.1222
5968,0.528874,0.1217
5969,0.529543,0.1217
5970,0.528855,0.1216
5971,0.527485,0.1216
5972,0.526946,0.1219
5973,0.526216,0.1219
5974,0.528121,0.1213
5975,0.530198,0.1214
5976,0.530267,0.1211
5977,0.529233,0.1215
5978,0.525760,0.1225
5979,0.526117,0.1220
5980,0.525832,0.1215
5981,0.527283,0.1217
5982,0.527615,0.1216
5983,0.526558,0.1221
5984,0.524985,0.1216
5985,0.525639,0.1212
5986,0.525037,0.1222
5987,0.520982,0.1224
5988,0.522739,0.1228
5989,0.523263,0.1219
5990,0.521981,0.1216
5991,0.522415,0.1221
5992,0.522033,0.1225
5993,0.521916,0.1212
5994,0.522092,0.1223
5995,0.521746,0.1214
5996,0.519590,0.1214
5997,0.518950,0.1213
5998,0.518331,0.1221
5999,0.517236,0.1228
6000,0.517490,0.1221
