epoch,loss,tiempo_s
1,12.344538,0.2461
2,7.433142,0.0240
3,6.957630,0.0233
4,6.678286,0.0232
5,6.496637,0.0231
6,6.360538,0.0231
7,6.253671,0.0231
8,6.160348,0.0231
9,6.080083,0.0231
10,6.012564,0.0231
11,5.955862,0.0231
12,5.905666,0.0231
13,5.860233,0.0226
14,5.818092,0.0209
15,5.780346,0.0208
16,5.745249,0.0207
17,5.713312,0.0207
18,5.682569,0.0207
19,5.653806,0.0207
20,5.626849,0.0207
21,5.600767,0.0211
22,5.575013,0.0212
23,5.552064,0.0207
24,5.529057,0.0207
25,5.506620,0.0207
26,5.485360,0.0207
27,5.464869,0.0207
28,5.444746,0.0207
29,5.423940,0.0207
30,5.403842,0.0207
31,5.385014,0.0207
32,5.364980,0.0207
33,5.346173,0.0207
34,5.326714,0.0207
35,5.308013,0.0207
36,5.289744,0.0207
37,5.271158,0.0207
38,5.252599,0.0207
39,5.232912,0.0207
40,5.214066,0.0207
41,5.195182,0.0207
42,5.176252,0.0207
43,5.157106,0.0207
44,5.137530,0.0207
45,5.119123,0.0207
46,5.098252,0.0207
47,5.078162,0.0207
48,5.057326,0.0207
49,5.037928,0.0207
50,5.017075,0.0207
51,4.995712,0.0211
52,4.974224,0.0207
53,4.951826,0.0207
54,4.929212,0.0207
55,4.906114,0.0207
56,4.884524,0.0207
57,4.861814,0.0208
58,4.836953,0.0207
59,4.814216,0.0209
60,4.790609,0.0208
61,4.767313,0.0209
62,4.742866,0.0208
63,4.717650,0.0207
64,4.693013,0.0208
65,4.667638,0.0208
66,4.641621,0.0208
67,4.615400,0.0208
68,4.588772,0.0208
69,4.562717,0.0208
70,4.535775,0.0208
71,4.509261,0.0208
72,4.482826,0.0208
73,4.455155,0.0208
74,4.428401,0.0208
75,4.401294,0.0208
76,4.373973,0.0208
77,4.345712,0.0208
78,4.316905,0.0208
79,4.289121,0.0208
80,4.260856,0.0208
81,4.232171,0.0211
82,4.203405,0.0209
83,4.173814,0.0209
84,4.144269,0.0212
85,4.114271,0.0210
86,4.085740,0.0208
87,4.055576,0.0208
88,4.025386,0.0208
89,3.995175,0.0208
90,3.965021,0.0208
91,3.935071,0.0208
92,3.904814,0.0208
93,3.875115,0.0208
94,3.845789,0.0212
95,3.815453,0.0208
96,3.784580,0.0212
97,3.754546,0.0208
98,3.725019,0.0208
99,3.694121,0.0208
100,3.662863,0.0208
101,3.632181,0.0208
102,3.600996,0.0208
103,3.568890,0.0208
104,3.537998,0.0208
105,3.506189,0.0208
106,3.474386,0.0208
107,3.442056,0.0208
108,3.409825,0.0208
109,3.377552,0.0208
110,3.345103,0.0208
111,3.312635,0.0212
112,3.279668,0.0212
113,3.246556,0.0208
114,3.212956,0.0208
115,3.180418,0.0208
116,3.147257,0.0208
117,3.113993,0.0208
118,3.079616,0.0208
119,3.047310,0.0209
120,3.013664,0.0208
121,2.981627,0.0208
122,2.948040,0.0208
123,2.914282,0.0208
124,2.881667,0.0213
125,2.848663,0.0212
126,2.814842,0.0209
127,2.781863,0.0213
128,2.748397,0.0226
129,2.715364,0.0209
130,2.682076,0.0208
131,2.648442,0.0208
132,2.615017,0.0209
133,2.582704,0.0209
134,2.550905,0.0210
135,2.518858,0.0213
136,2.487251,0.0214
137,2.456035,0.0209
138,2.426823,0.0208
139,2.399563,0.0209
140,2.374099,0.0209
141,2.350329,0.0209
142,2.328175,0.0209
143,2.307555,0.0209
144,2.288059,0.0209
145,2.269543,0.0209
146,2.253021,0.0209
147,2.237598,0.0209
148,2.222932,0.0209
149,2.208827,0.0215
150,2.195311,0.0209
151,2.181949,0.0209
152,2.168648,0.0209
153,2.155292,0.0209
154,2.142995,0.0209
155,2.130991,0.0209
156,2.118728,0.0213
157,2.107003,0.0209
158,2.095847,0.0219
159,2.084170,0.0209
160,2.073066,0.0215
161,2.062353,0.0212
162,2.051859,0.0217
163,2.040939,0.0208
164,2.030896,0.0209
165,2.020970,0.0209
166,2.011841,0.0209
167,2.001665,0.0209
168,1.991505,0.0209
169,1.981492,0.0209
170,1.972548,0.0209
171,1.963577,0.0209
172,1.954893,0.0209
173,1.946776,0.0209
174,1.939800,0.0209
175,1.931943,0.0209
176,1.924433,0.0209
177,1.916380,0.0209
178,1.908785,0.0216
179,1.900924,0.0209
180,1.893469,0.0209
181,1.886384,0.0209
182,1.880153,0.0209
183,1.873454,0.0209
184,1.867456,0.0209
185,1.860745,0.0209
186,1.854339,0.0209
187,1.848117,0.0213
188,1.842522,0.0209
189,1.836969,0.0209
190,1.831844,0.0209
191,1.826832,0.0209
192,1.822445,0.0209
193,1.818808,0.0216
194,1.814504,0.0209
195,1.810086,0.0209
196,1.806102,0.0208
197,1.802632,0.0209
198,1.797642,0.0209
199,1.793380,0.0209
200,1.788303,0.0209
201,1.782771,0.0209
202,1.777828,0.0209
203,1.772514,0.0209
204,1.768213,0.0209
205,1.763437,0.0209
206,1.760208,0.0209
207,1.756351,0.0223
208,1.753139,0.0209
209,1.749380,0.0209
210,1.745000,0.0209
211,1.740249,0.0209
212,1.734603,0.0209
213,1.728747,0.0209
214,1.723949,0.0209
215,1.718115,0.0209
216,1.713758,0.0209
217,1.709306,0.0209
218,1.706045,0.0209
219,1.703417,0.0209
220,1.700590,0.0209
221,1.698783,0.0209
222,1.696694,0.0209
223,1.693978,0.0209
224,1.691084,0.0209
225,1.688183,0.0209
226,1.685066,0.0209
227,1.681351,0.0209
228,1.678222,0.0209
229,1.675056,0.0209
230,1.671666,0.0209
231,1.668619,0.0215
232,1.665299,0.0209
233,1.661424,0.0209
234,1.657578,0.0209
235,1.654511,0.0215
236,1.650748,0.0209
237,1.646799,0.0214
238,1.642818,0.0209
239,1.639571,0.0209
240,1.637066,0.0209
241,1.635758,0.0209
242,1.634432,0.0210
243,1.632882,0.0209
244,1.632342,0.0209
245,1.630611,0.0217
246,1.629365,0.0209
247,1.628228,0.0209
248,1.625634,0.0209
249,1.623450,0.0210
250,1.621481,0.0209
251,1.619233,0.0209
252,1.616711,0.0210
253,1.614423,0.0210
254,1.610439,0.0210
255,1.606849,0.0210
256,1.602681,0.0210
257,1.599119,0.0210
258,1.596419,0.0210
259,1.592885,0.0209
260,1.588658,0.0209
261,1.584485,0.0209
262,1.579286,0.0210
263,1.574733,0.0210
264,1.569567,0.0210
265,1.564034,0.0210
266,1.558390,0.0210
267,1.553164,0.0210
268,1.549397,0.0209
269,1.546734,0.0210
270,1.544240,0.0214
271,1.543071,0.0210
272,1.542682,0.0210
273,1.542227,0.0210
274,1.541419,0.0210
275,1.539507,0.0210
276,1.537650,0.0210
277,1.535106,0.0210
278,1.533282,0.0210
279,1.531439,0.0210
280,1.529612,0.0210
281,1.527285,0.0210
282,1.524746,0.0210
283,1.522294,0.0211
284,1.522941,0.0210
285,1.525180,0.0210
286,1.528599,0.0210
287,1.531626,0.0210
288,1.535121,0.0210
289,1.538246,0.0210
290,1.539919,0.0210
291,1.542860,0.0210
292,1.544563,0.0210
293,1.547050,0.0210
294,1.549481,0.0210
295,1.550468,0.0210
296,1.552429,0.0210
297,1.553810,0.0217
298,1.556415,0.0210
299,1.559677,0.0210
300,1.564979,0.0210
301,1.570218,0.0210
302,1.575141,0.0210
303,1.580903,0.0210
304,1.584515,0.0210
305,1.587036,0.0210
306,1.587832,0.0210
307,1.588315,0.0210
308,1.587872,0.0210
309,1.588049,0.0210
310,1.587945,0.0210
311,1.587489,0.0210
312,1.586211,0.0210
313,1.585054,0.0210
314,1.583465,0.0210
315,1.581099,0.0210
316,1.579105,0.0210
317,1.575380,0.0210
318,1.571582,0.0210
319,1.567764,0.0210
320,1.564039,0.0210
321,1.562198,0.0210
322,1.562582,0.0210
323,1.564346,0.0210
324,1.566833,0.0214
325,1.571329,0.0210
326,1.575537,0.0210
327,1.580019,0.0214
328,1.585679,0.0210
329,1.589654,0.0217
330,1.594642,0.0210
331,1.599720,0.0210
332,1.604540,0.0214
333,1.607721,0.0210
334,1.608776,0.0210
335,1.607388,0.0210
336,1.603503,0.0210
337,1.600247,0.0211
338,1.598308,0.0211
339,1.597586,0.0211
340,1.596142,0.0210
341,1.594993,0.0210
342,1.593015,0.0210
343,1.590083,0.0211
344,1.585672,0.0210
345,1.579924,0.0211
346,1.573961,0.0211
347,1.567394,0.0218
348,1.561587,0.0210
349,1.555373,0.0210
350,1.550813,0.0210
351,1.546009,0.0210
352,1.541191,0.0211
353,1.535609,0.0210
354,1.530949,0.0210
355,1.526297,0.0212
356,1.520505,0.0211
357,1.515092,0.0210
358,1.508395,0.0211
359,1.501862,0.0210
360,1.496405,0.0210
361,1.490787,0.0211
362,1.484293,0.0211
363,1.477438,0.0211
364,1.470876,0.0210
365,1.464113,0.0211
366,1.458463,0.0211
367,1.451797,0.0211
368,1.445724,0.0211
369,1.440933,0.0218
370,1.437168,0.0211
371,1.436017,0.0211
372,1.435236,0.0211
373,1.435020,0.0210
374,1.434418,0.0210
375,1.432263,0.0210
376,1.430122,0.0210
377,1.430071,0.0211
378,1.433374,0.0210
379,1.439375,0.0210
380,1.447465,0.0215
381,1.458999,0.0211
382,1.471589,0.0211
383,1.483021,0.0211
384,1.493685,0.0211
385,1.501070,0.0211
386,1.505906,0.0211
387,1.508492,0.0211
388,1.508949,0.0211
389,1.507584,0.0213
390,1.505391,0.0211
391,1.504139,0.0211
392,1.502756,0.0211
393,1.502364,0.0211
394,1.502277,0.0211
395,1.501776,0.0211
396,1.502013,0.0211
397,1.500915,0.0211
398,1.499625,0.0211
399,1.497811,0.0214
400,1.494879,0.0211
401,1.490801,0.0211
402,1.484662,0.0215
403,1.478095,0.0211
404,1.470387,0.0214
405,1.463162,0.0211
406,1.456792,0.0211
407,1.451905,0.0211
408,1.446779,0.0211
409,1.442811,0.0211
410,1.438780,0.0211
411,1.434037,0.0211
412,1.428813,0.0211
413,1.424300,0.0212
414,1.418950,0.0211
415,1.414219,0.0219
416,1.411513,0.0215
417,1.410084,0.0211
418,1.409283,0.0211
419,1.409335,0.0211
420,1.410645,0.0211
421,1.411950,0.0211
422,1.413353,0.0213
423,1.413583,0.0220
424,1.411371,0.0215
425,1.408608,0.0211
426,1.404165,0.0212
427,1.399646,0.0211
428,1.394024,0.0216
429,1.388717,0.0212
430,1.383337,0.0211
431,1.380520,0.0215
432,1.380318,0.0211
433,1.381657,0.0212
434,1.383353,0.0211
435,1.383811,0.0211
436,1.383784,0.0211
437,1.383734,0.0211
438,1.383597,0.0211
439,1.382364,0.0212
440,1.381151,0.0211
441,1.380304,0.0212
442,1.380055,0.0211
443,1.378872,0.0211
444,1.377474,0.0212
445,1.375362,0.0212
446,1.373345,0.0211
447,1.371759,0.0214
448,1.369743,0.0212
449,1.369505,0.0212
450,1.370656,0.0212
451,1.372902,0.0212
452,1.375789,0.0212
453,1.376838,0.0212
454,1.379213,0.0212
455,1.385594,0.0216
456,1.393819,0.0211
457,1.403515,0.0211
458,1.411753,0.0211
459,1.419727,0.0212
460,1.428202,0.0212
461,1.435049,0.0212
462,1.441502,0.0211
463,1.448656,0.0212
464,1.453725,0.0212
465,1.456955,0.0219
466,1.458794,0.0212
467,1.460053,0.0212
468,1.459786,0.0212
469,1.458357,0.0212
470,1.454925,0.0212
471,1.448837,0.0212
472,1.442458,0.0212
473,1.435910,0.0220
474,1.428880,0.0212
475,1.421875,0.0212
476,1.415179,0.0212
477,1.408552,0.0211
478,1.401967,0.0212
479,1.395559,0.0212
480,1.391033,0.0212
481,1.387717,0.0212
482,1.385109,0.0212
483,1.382408,0.0216
484,1.379542,0.0213
485,1.377089,0.0220
486,1.373964,0.0212
487,1.371327,0.0212
488,1.367936,0.0212
489,1.363547,0.0212
490,1.357441,0.0212
491,1.351575,0.0212
492,1.345403,0.0212
493,1.338456,0.0212
494,1.328105,0.0212
495,1.317758,0.0212
496,1.307503,0.0212
497,1.299060,0.0212
498,1.292699,0.0212
499,1.287678,0.0212
500,1.283980,0.0215
501,1.282850,0.0212
502,1.287094,0.0212
503,1.296580,0.0213
504,1.310261,0.0212
505,1.323543,0.0212
506,1.334850,0.0212
507,1.343386,0.0212
508,1.350006,0.0213
509,1.355964,0.0213
510,1.362236,0.0216
511,1.366978,0.0212
512,1.370398,0.0216
513,1.373468,0.0213
514,1.379664,0.0213
515,1.386430,0.0213
516,1.393171,0.0213
517,1.398006,0.0212
518,1.400976,0.0213
519,1.402040,0.0213
520,1.402063,0.0212
521,1.399577,0.0213
522,1.398310,0.0212
523,1.399907,0.0213
524,1.400615,0.0213
525,1.399755,0.0214
526,1.397473,0.0213
527,1.392982,0.0213
528,1.386948,0.0213
529,1.378243,0.0213
530,1.369090,0.0213
531,1.361665,0.0213
532,1.357709,0.0213
533,1.354171,0.0213
534,1.352659,0.0214
535,1.353380,0.0220
536,1.351749,0.0220
537,1.348781,0.0213
538,1.348034,0.0213
539,1.346760,0.0213
540,1.344825,0.0213
541,1.342250,0.0213
542,1.338627,0.0213
543,1.335214,0.0213
544,1.333097,0.0218
545,1.330019,0.0213
546,1.326225,0.0217
547,1.321402,0.0213
548,1.317031,0.0213
549,1.313406,0.0213
550,1.312976,0.0213
551,1.314381,0.0213
552,1.316061,0.0213
553,1.314673,0.0214
554,1.308008,0.0214
555,1.297572,0.0213
556,1.286735,0.0213
557,1.277848,0.0213
558,1.270072,0.0213
559,1.265657,0.0213
560,1.263709,0.0213
561,1.261164,0.0214
562,1.258292,0.0214
563,1.256589,0.0213
564,1.253918,0.0213
565,1.251396,0.0213
566,1.252013,0.0213
567,1.253075,0.0220
568,1.254524,0.0213
569,1.257718,0.0213
570,1.259342,0.0214
571,1.257100,0.0214
572,1.253590,0.0217
573,1.249447,0.0214
574,1.243501,0.0214
575,1.237008,0.0214
576,1.230614,0.0214
577,1.228155,0.0214
578,1.224893,0.0214
579,1.221432,0.0225
580,1.217389,0.0214
581,1.215453,0.0214
582,1.212524,0.0214
583,1.207680,0.0213
584,1.204102,0.0214
585,1.199256,0.0214
586,1.195132,0.0214
587,1.191470,0.0213
588,1.190011,0.0214
589,1.189080,0.0214
590,1.189906,0.0214
591,1.187703,0.0215
592,1.184659,0.0214
593,1.183999,0.0214
594,1.185398,0.0214
595,1.184039,0.0214
596,1.183941,0.0214
597,1.181699,0.0214
598,1.179133,0.0214
599,1.181163,0.0221
600,1.182698,0.0215
601,1.183297,0.0214
602,1.180296,0.0222
603,1.177748,0.0214
604,1.176165,0.0222
605,1.168194,0.0214
606,1.160644,0.0214
607,1.151403,0.0214
608,1.145864,0.0214
609,1.142131,0.0214
610,1.141007,0.0214
611,1.141732,0.0214
612,1.137262,0.0214
613,1.133007,0.0214
614,1.131280,0.0214
615,1.131924,0.0214
616,1.134437,0.0219
617,1.140069,0.0214
618,1.147253,0.0214
619,1.149369,0.0215
620,1.147924,0.0214
621,1.144368,0.0214
622,1.140163,0.0215
623,1.136221,0.0214
624,1.134137,0.0214
625,1.133810,0.0214
626,1.138427,0.0215
627,1.144531,0.0215
628,1.147565,0.0214
629,1.151530,0.0215
630,1.157439,0.0215
631,1.165833,0.0215
632,1.165758,0.0214
633,1.169457,0.0215
634,1.179861,0.0214
635,1.190509,0.0215
636,1.200845,0.0215
637,1.207149,0.0214
638,1.207004,0.0214
639,1.205430,0.0215
640,1.205496,0.0215
641,1.206143,0.0214
642,1.204772,0.0215
643,1.201135,0.0218
644,1.196150,0.0216
645,1.185817,0.0215
646,1.171016,0.0214
647,1.156714,0.0215
648,1.148466,0.0215
649,1.140190,0.0215
650,1.131156,0.0214
651,1.123761,0.0215
652,1.117789,0.0225
653,1.115643,0.0215
654,1.113670,0.0214
655,1.111269,0.0215
656,1.110651,0.0214
657,1.111234,0.0216
658,1.109862,0.0215
659,1.107568,0.0215
660,1.104365,0.0215
661,1.102139,0.0214
662,1.102829,0.0215
663,1.106849,0.0214
664,1.112214,0.0215
665,1.117278,0.0215
666,1.124905,0.0215
667,1.134830,0.0215
668,1.144094,0.0215
669,1.153292,0.0214
670,1.162062,0.0215
671,1.170250,0.0215
672,1.179300,0.0215
673,1.190872,0.0215
674,1.200963,0.0215
675,1.211409,0.0215
676,1.222409,0.0216
677,1.231813,0.0215
678,1.238932,0.0215
679,1.244818,0.0215
680,1.248923,0.0215
681,1.253848,0.0218
682,1.258046,0.0215
683,1.259674,0.0215
684,1.261082,0.0215
685,1.262361,0.0215
686,1.263689,0.0215
687,1.261804,0.0215
688,1.258850,0.0215
689,1.257980,0.0216
690,1.256961,0.0215
691,1.258045,0.0216
692,1.262259,0.0215
693,1.265993,0.0215
694,1.266243,0.0216
695,1.269916,0.0215
696,1.270514,0.0216
697,1.265503,0.0215
698,1.262817,0.0215
699,1.264185,0.0216
700,1.264223,0.0217
701,1.261740,0.0215
702,1.257180,0.0217
703,1.254798,0.0216
704,1.253927,0.0216
705,1.249171,0.0216
706,1.244116,0.0215
707,1.242553,0.0216
708,1.242268,0.0215
709,1.242762,0.0216
710,1.239242,0.0215
711,1.231672,0.0216
712,1.221152,0.0217
713,1.208691,0.0215
714,1.195035,0.0215
715,1.182785,0.0215
716,1.173453,0.0215
717,1.171144,0.0216
718,1.170804,0.0216
719,1.176949,0.0216
720,1.182319,0.0216
721,1.181534,0.0216
722,1.181697,0.0216
723,1.174746,0.0215
724,1.163256,0.0216
725,1.156452,0.0224
726,1.157205,0.0216
727,1.159325,0.0216
728,1.161686,0.0220
729,1.154601,0.0215
730,1.149539,0.0216
731,1.141148,0.0219
732,1.123918,0.0216
733,1.107214,0.0216
734,1.102090,0.0216
735,1.096625,0.0216
736,1.087726,0.0215
737,1.082845,0.0215
738,1.081889,0.0216
739,1.080169,0.0216
740,1.078978,0.0216
741,1.078895,0.0216
742,1.079068,0.0215
743,1.080591,0.0217
744,1.084443,0.0216
745,1.086736,0.0217
746,1.085468,0.0216
747,1.089551,0.0216
748,1.103830,0.0217
749,1.121221,0.0216
750,1.142878,0.0221
751,1.164196,0.0216
752,1.179934,0.0216
753,1.187281,0.0217
754,1.188693,0.0216
755,1.187405,0.0216
756,1.182316,0.0216
757,1.172146,0.0216
758,1.163806,0.0216
759,1.155431,0.0216
760,1.143823,0.0220
761,1.130600,0.0216
762,1.118055,0.0216
763,1.110737,0.0216
764,1.106622,0.0216
765,1.096859,0.0216
766,1.087176,0.0216
767,1.079337,0.0217
768,1.076403,0.0216
769,1.075606,0.0224
770,1.072171,0.0216
771,1.073323,0.0216
772,1.072004,0.0216
773,1.071601,0.0223
774,1.069116,0.0216
775,1.065448,0.0219
776,1.059447,0.0217
777,1.060005,0.0217
778,1.055315,0.0216
779,1.053917,0.0220
780,1.043726,0.0216
781,1.034358,0.0217
782,1.030318,0.0220
783,1.026351,0.0217
784,1.027039,0.0217
785,1.023673,0.0217
786,1.027399,0.0217
787,1.026131,0.0216
788,1.024119,0.0217
789,1.025029,0.0216
790,1.023143,0.0216
791,1.018258,0.0217
792,1.014246,0.0216
793,1.008681,0.0216
794,1.000931,0.0218
795,0.997598,0.0217
796,0.998869,0.0217
797,0.995255,0.0217
798,0.989593,0.0216
799,0.987654,0.0217
800,0.991672,0.0216
801,0.986650,0.0216
802,0.989264,0.0217
803,0.993578,0.0218
804,1.002655,0.0217
805,1.013419,0.0217
806,1.022997,0.0217
807,1.032633,0.0222
808,1.042450,0.0221
809,1.044880,0.0221
810,1.047014,0.0216
811,1.051992,0.0216
812,1.051859,0.0217
813,1.049662,0.0217
814,1.045389,0.0216
815,1.040201,0.0216
816,1.035698,0.0217
817,1.030100,0.0218
818,1.027441,0.0217
819,1.029239,0.0218
820,1.032688,0.0225
821,1.042746,0.0217
822,1.050507,0.0218
823,1.054666,0.0217
824,1.055867,0.0216
825,1.062334,0.0226
826,1.073065,0.0221
827,1.080758,0.0219
828,1.085917,0.0218
829,1.087518,0.0221
830,1.082470,0.0218
831,1.073000,0.0217
832,1.065773,0.0217
833,1.061214,0.0218
834,1.060627,0.0218
835,1.058934,0.0216
836,1.062712,0.0217
837,1.084241,0.0216
838,1.106298,0.0217
839,1.119926,0.0217
840,1.138020,0.0217
841,1.160442,0.0221
842,1.181704,0.0217
843,1.200538,0.0217
844,1.218035,0.0220
845,1.234455,0.0217
846,1.249733,0.0218
847,1.259398,0.0217
848,1.261968,0.0221
849,1.259700,0.0218
850,1.254398,0.0217
851,1.246789,0.0218
852,1.239087,0.0227
853,1.228897,0.0217
854,1.217860,0.0217
855,1.207440,0.0218
856,1.197689,0.0216
857,1.190642,0.0217
858,1.184941,0.0217
859,1.177631,0.0218
860,1.170436,0.0218
861,1.164710,0.0217
862,1.159149,0.0217
863,1.155412,0.0218
864,1.148019,0.0217
865,1.142720,0.0217
866,1.140571,0.0225
867,1.135991,0.0218
868,1.126706,0.0218
869,1.112881,0.0217
870,1.099364,0.0218
871,1.084241,0.0218
872,1.071262,0.0218
873,1.056378,0.0217
874,1.042565,0.0217
875,1.039799,0.0218
876,1.043524,0.0218
877,1.041338,0.0217
878,1.037464,0.0219
879,1.032366,0.0217
880,1.027511,0.0222
881,1.024854,0.0222
882,1.029514,0.0217
883,1.029482,0.0217
884,1.038491,0.0218
885,1.053421,0.0217
886,1.064331,0.0218
887,1.068638,0.0217
888,1.075561,0.0216
889,1.075131,0.0217
890,1.063367,0.0216
891,1.055132,0.0217
892,1.049453,0.0218
893,1.048407,0.0218
894,1.051229,0.0217
895,1.056232,0.0217
896,1.054170,0.0218
897,1.055071,0.0218
898,1.056876,0.0218
899,1.055651,0.0226
900,1.050906,0.0218
901,1.044813,0.0218
902,1.044160,0.0218
903,1.046764,0.0222
904,1.050061,0.0218
905,1.052503,0.0218
906,1.056586,0.0221
907,1.058668,0.0217
908,1.055839,0.0218
909,1.050396,0.0217
910,1.048066,0.0217
911,1.040407,0.0218
912,1.033103,0.0218
913,1.022748,0.0217
914,1.012672,0.0219
915,1.005892,0.0217
916,0.995663,0.0218
917,0.986393,0.0217
918,0.982322,0.0218
919,0.981069,0.0218
920,0.967776,0.0218
921,0.956369,0.0218
922,0.950396,0.0218
923,0.942355,0.0227
924,0.933788,0.0219
925,0.928579,0.0224
926,0.929349,0.0217
927,0.928717,0.0218
928,0.946849,0.0218
929,0.932536,0.0218
930,0.925304,0.0218
931,0.930779,0.0218
932,0.920783,0.0218
933,0.911076,0.0218
934,0.911883,0.0217
935,0.909202,0.0218
936,0.911180,0.0218
937,0.909095,0.0218
938,0.914474,0.0217
939,0.918801,0.0218
940,0.919962,0.0218
941,0.938312,0.0218
942,0.941433,0.0218
943,0.935312,0.0217
944,0.929486,0.0219
945,0.928205,0.0218
946,0.925325,0.0218
947,0.919472,0.0218
948,0.917417,0.0218
949,0.913806,0.0218
950,0.910884,0.0218
951,0.905228,0.0230
952,0.898535,0.0218
953,0.894915,0.0218
954,0.893566,0.0221
955,0.892017,0.0218
956,0.891084,0.0219
957,0.889901,0.0218
958,0.914379,0.0218
959,0.932700,0.0217
960,0.924472,0.0217
961,0.932504,0.0218
962,0.976198,0.0219
963,1.034611,0.0217
964,1.094577,0.0217
965,1.133391,0.0218
966,1.186770,0.0219
967,1.229976,0.0219
968,1.257816,0.0219
969,1.279754,0.0218
970,1.331684,0.0218
971,1.425784,0.0217
972,1.523629,0.0218
973,1.610814,0.0218
974,1.690367,0.0218
975,1.763077,0.0219
976,1.827629,0.0219
977,1.881381,0.0217
978,1.923946,0.0223
979,1.957699,0.0218
980,1.982870,0.0218
981,2.001911,0.0219
982,2.016028,0.0218
983,2.025459,0.0217
984,2.031127,0.0218
985,2.033627,0.0218
986,2.032047,0.0218
987,2.027256,0.0218
988,2.019870,0.0219
989,2.010414,0.0218
990,1.998356,0.0219
991,1.984208,0.0218
992,1.968846,0.0218
993,1.952793,0.0219
994,1.935993,0.0218
995,1.918896,0.0219
996,1.901649,0.0218
997,1.891688,0.0218
998,1.890845,0.0218
999,1.887314,0.0218
1000,1.873178,0.0220
1001,1.853618,0.0221
1002,1.832579,0.0220
1003,1.806159,0.0219
1004,1.778434,0.0218
1005,1.754351,0.0219
1006,1.736148,0.0225
1007,1.722920,0.0218
1008,1.709753,0.0218
1009,1.695336,0.0218
1010,1.679978,0.0219
1011,1.665297,0.0218
1012,1.652040,0.0223
1013,1.638892,0.0218
1014,1.623931,0.0220
1015,1.608934,0.0219
1016,1.594310,0.0219
1017,1.581421,0.0219
1018,1.568284,0.0218
1019,1.556920,0.0219
1020,1.547060,0.0219
1021,1.539194,0.0219
1022,1.533525,0.0219
1023,1.528122,0.0226
1024,1.524286,0.0218
1025,1.520466,0.0219
1026,1.516186,0.0218
1027,1.510312,0.0226
1028,1.502691,0.0219
1029,1.495674,0.0218
1030,1.490325,0.0218
1031,1.486836,0.0218
1032,1.484006,0.0219
1033,1.482025,0.0218
1034,1.478670,0.0218
1035,1.472780,0.0219
1036,1.466474,0.0219
1037,1.459152,0.0218
1038,1.449458,0.0219
1039,1.439390,0.0222
1040,1.429232,0.0219
1041,1.420225,0.0219
1042,1.410849,0.0219
1043,1.406330,0.0219
1044,1.405838,0.0219
1045,1.400579,0.0219
1046,1.389580,0.0218
1047,1.377148,0.0219
1048,1.365877,0.0218
1049,1.356409,0.0219
1050,1.345309,0.0218
1051,1.334224,0.0218
1052,1.324726,0.0219
1053,1.314998,0.0219
1054,1.305756,0.0221
1055,1.296917,0.0219
1056,1.287657,0.0219
1057,1.277648,0.0218
1058,1.268219,0.0219
1059,1.281298,0.0218
1060,1.316184,0.0226
1061,1.345451,0.0218
1062,1.361619,0.0219
1063,1.359770,0.0218
1064,1.341840,0.0219
1065,1.319683,0.0221
1066,1.297738,0.0218
1067,1.279907,0.0219
1068,1.270893,0.0219
1069,1.272236,0.0219
1070,1.277850,0.0219
1071,1.283268,0.0220
1072,1.287947,0.0219
1073,1.290019,0.0219
1074,1.290041,0.0224
1075,1.288199,0.0220
1076,1.285233,0.0219
1077,1.281854,0.0219
1078,1.277023,0.0220
1079,1.273344,0.0220
1080,1.269306,0.0219
1081,1.264147,0.0219
1082,1.258765,0.0219
1083,1.253534,0.0220
1084,1.248214,0.0218
1085,1.242571,0.0220
1086,1.236320,0.0224
1087,1.231223,0.0219
1088,1.224330,0.0220
1089,1.217309,0.0219
1090,1.210514,0.0220
1091,1.202706,0.0219
1092,1.195589,0.0220
1093,1.187399,0.0220
1094,1.180829,0.0254
1095,1.175640,0.0219
1096,1.172230,0.0225
1097,1.171597,0.0220
1098,1.170984,0.0220
1099,1.170715,0.0220
1100,1.169183,0.0221
1101,1.168246,0.0219
1102,1.167803,0.0220
1103,1.164130,0.0223
1104,1.158848,0.0221
1105,1.153589,0.0220
1106,1.146857,0.0219
1107,1.138793,0.0220
1108,1.133731,0.0221
1109,1.128989,0.0220
1110,1.122323,0.0220
1111,1.117406,0.0220
1112,1.112683,0.0220
1113,1.125233,0.0220
1114,1.158551,0.0220
1115,1.188566,0.0221
1116,1.205790,0.0220
1117,1.209410,0.0220
1118,1.201086,0.0220
1119,1.187317,0.0220
1120,1.173967,0.0220
1121,1.161013,0.0220
1122,1.148191,0.0220
1123,1.137080,0.0228
1124,1.128018,0.0220
1125,1.117586,0.0219
1126,1.109222,0.0223
1127,1.099719,0.0220
1128,1.087814,0.0220
1129,1.079983,0.0220
1130,1.074833,0.0220
1131,1.069600,0.0220
1132,1.067394,0.0219
1133,1.067445,0.0220
1134,1.066436,0.0220
1135,1.066362,0.0225
1136,1.068297,0.0219
1137,1.071922,0.0221
1138,1.075115,0.0219
1139,1.076708,0.0221
1140,1.081309,0.0220
1141,1.084819,0.0220
1142,1.085892,0.0222
1143,1.084927,0.0220
1144,1.084963,0.0220
1145,1.087028,0.0220
1146,1.086870,0.0223
1147,1.086006,0.0220
1148,1.085880,0.0220
1149,1.084046,0.0224
1150,1.080618,0.0220
1151,1.076458,0.0220
1152,1.072720,0.0222
1153,1.067186,0.0220
1154,1.061556,0.0220
1155,1.062863,0.0219
1156,1.059884,0.0228
1157,1.072424,0.0220
1158,1.087918,0.0220
1159,1.080643,0.0223
1160,1.062938,0.0221
1161,1.047235,0.0220
1162,1.039395,0.0220
1163,1.039045,0.0221
1164,1.040560,0.0221
1165,1.040069,0.0221
1166,1.036357,0.0221
1167,1.030966,0.0220
1168,1.025898,0.0219
1169,1.021143,0.0220
1170,1.016184,0.0220
1171,1.011644,0.0221
1172,1.007803,0.0226
1173,1.005862,0.0220
1174,1.004106,0.0220
1175,1.001901,0.0221
1176,0.999280,0.0220
1177,0.998753,0.0220
1178,0.999991,0.0219
1179,1.004968,0.0221
1180,1.014455,0.0220
1181,1.023973,0.0227
1182,1.029675,0.0221
1183,1.029182,0.0220
1184,1.023046,0.0225
1185,1.012769,0.0221
1186,1.001289,0.0221
1187,0.992799,0.0220
1188,0.989265,0.0220
1189,0.990287,0.0220
1190,0.993556,0.0225
1191,0.997332,0.0220
1192,1.000741,0.0220
1193,1.002017,0.0220
1194,1.001734,0.0224
1195,1.000053,0.0220
1196,0.998661,0.0220
1197,0.997295,0.0228
1198,0.994959,0.0221
1199,0.991592,0.0221
1200,0.989077,0.0220
1201,0.987129,0.0221
1202,0.984596,0.0221
1203,0.981600,0.0221
1204,0.978515,0.0221
1205,0.974880,0.0220
1206,0.971238,0.0221
1207,0.968104,0.0221
1208,0.965690,0.0220
1209,0.963455,0.0220
1210,0.961046,0.0222
1211,0.959624,0.0221
1212,0.959039,0.0221
1213,0.957803,0.0221
1214,0.956829,0.0220
1215,0.956461,0.0221
1216,0.955022,0.0220
1217,0.953456,0.0220
1218,0.952050,0.0220
1219,0.950248,0.0220
1220,0.948054,0.0223
1221,0.945765,0.0222
1222,0.944797,0.0225
1223,0.944889,0.0231
1224,0.943983,0.0220
1225,0.942245,0.0227
1226,0.941212,0.0220
1227,0.939837,0.0220
1228,0.938839,0.0221
1229,0.937543,0.0221
1230,0.936341,0.0222
1231,0.935436,0.0222
1232,0.935915,0.0220
1233,0.936312,0.0221
1234,0.936900,0.0221
1235,0.937053,0.0220
1236,0.937430,0.0227
1237,0.937298,0.0221
1238,0.936894,0.0220
1239,0.937145,0.0220
1240,0.937246,0.0220
1241,0.938276,0.0225
1242,0.939309,0.0221
1243,0.939704,0.0220
1244,0.939032,0.0224
1245,0.938389,0.0221
1246,0.937551,0.0225
1247,0.936462,0.0221
1248,0.934712,0.0221
1249,0.935631,0.0221
1250,0.933496,0.0225
1251,0.931687,0.0225
1252,0.930999,0.0220
1253,0.931314,0.0220
1254,0.931951,0.0220
1255,0.933042,0.0220
1256,0.933788,0.0224
1257,0.933247,0.0220
1258,0.932342,0.0220
1259,0.930570,0.0222
1260,0.932777,0.0221
1261,0.937018,0.0221
1262,0.937142,0.0221
1263,0.933561,0.0220
1264,0.926395,0.0221
1265,0.919102,0.0221
1266,0.916718,0.0221
1267,0.917066,0.0220
1268,0.916738,0.0221
1269,0.916664,0.0224
1270,0.915719,0.0221
1271,0.911729,0.0220
1272,0.910044,0.0220
1273,0.913362,0.0222
1274,0.917464,0.0222
1275,0.920138,0.0221
1276,0.922309,0.0221
1277,0.922390,0.0221
1278,0.922606,0.0220
1279,0.924518,0.0221
1280,0.926467,0.0226
1281,0.927617,0.0221
1282,0.927487,0.0221
1283,0.927922,0.0220
1284,0.928929,0.0220
1285,0.929814,0.0221
1286,0.930249,0.0221
1287,0.929918,0.0221
1288,0.929417,0.0221
1289,0.929334,0.0222
1290,0.928731,0.0220
1291,0.929090,0.0220
1292,0.929361,0.0220
1293,0.929269,0.0221
1294,0.931058,0.0230
1295,0.929883,0.0220
1296,0.928911,0.0220
1297,0.929259,0.0224
1298,0.928923,0.0220
1299,0.927671,0.0219
1300,0.926651,0.0225
1301,0.924903,0.0221
1302,0.923877,0.0220
1303,0.922793,0.0225
1304,0.921413,0.0222
1305,0.920555,0.0223
1306,0.920408,0.0221
1307,0.919971,0.0222
1308,0.918993,0.0221
1309,0.919187,0.0221
1310,0.918460,0.0220
1311,0.917532,0.0221
1312,0.916709,0.0222
1313,0.915717,0.0221
1314,0.916377,0.0229
1315,0.927042,0.0220
1316,0.944082,0.0220
1317,0.958023,0.0220
1318,0.964351,0.0221
1319,0.965115,0.0221
1320,0.961724,0.0221
1321,0.957301,0.0220
1322,0.952830,0.0221
1323,0.949023,0.0221
1324,0.945772,0.0221
1325,0.942505,0.0226
1326,0.939913,0.0220
1327,0.938504,0.0220
1328,0.937182,0.0220
1329,0.936012,0.0220
1330,0.934798,0.0221
1331,0.932469,0.0221
1332,0.929605,0.0221
1333,0.926234,0.0224
1334,0.922795,0.0221
1335,0.919700,0.0221
1336,0.916705,0.0225
1337,0.913740,0.0220
1338,0.911287,0.0221
1339,0.908719,0.0228
1340,0.906560,0.0221
1341,0.904578,0.0230
1342,0.903735,0.0230
1343,0.903496,0.0220
1344,0.905873,0.0220
1345,0.906856,0.0229
1346,0.908735,0.0221
1347,0.910371,0.0221
1348,0.911713,0.0221
1349,0.913722,0.0224
1350,0.913255,0.0227
1351,0.911502,0.0221
1352,0.909998,0.0223
1353,0.907981,0.0221
1354,0.912900,0.0223
1355,0.924492,0.0221
1356,0.931243,0.0221
1357,0.930676,0.0221
1358,0.925297,0.0224
1359,0.920599,0.0220
1360,0.914026,0.0221
1361,0.906949,0.0223
1362,0.900193,0.0221
1363,0.895301,0.0221
1364,0.891181,0.0220
1365,0.888624,0.0221
1366,0.887721,0.0222
1367,0.887372,0.0220
1368,0.887620,0.0224
1369,0.888370,0.0221
1370,0.888740,0.0221
1371,0.888750,0.0221
1372,0.888070,0.0221
1373,0.887371,0.0221
1374,0.886205,0.0221
1375,0.884537,0.0221
1376,0.882553,0.0221
1377,0.880604,0.0221
1378,0.878736,0.0221
1379,0.876715,0.0221
1380,0.875191,0.0221
1381,0.873545,0.0222
1382,0.872346,0.0221
1383,0.871262,0.0221
1384,0.870007,0.0221
1385,0.868991,0.0221
1386,0.867982,0.0220
1387,0.867189,0.0220
1388,0.866212,0.0220
1389,0.865095,0.0221
1390,0.864194,0.0225
1391,0.863216,0.0221
1392,0.862481,0.0221
1393,0.861321,0.0221
1394,0.860453,0.0221
1395,0.859513,0.0221
1396,0.859346,0.0232
1397,0.859131,0.0221
1398,0.858640,0.0221
1399,0.858655,0.0221
1400,0.858304,0.0221
1401,0.858383,0.0220
1402,0.857917,0.0224
1403,0.857268,0.0225
1404,0.856969,0.0226
1405,0.856723,0.0221
1406,0.856297,0.0222
1407,0.857543,0.0220
1408,0.859399,0.0220
1409,0.859926,0.0221
1410,0.858838,0.0220
1411,0.857389,0.0221
1412,0.855768,0.0221
1413,0.854930,0.0221
1414,0.854572,0.0221
1415,0.853966,0.0221
1416,0.853147,0.0220
1417,0.852067,0.0221
1418,0.851325,0.0221
1419,0.850556,0.0220
1420,0.850042,0.0221
1421,0.849554,0.0225
1422,0.849374,0.0221
1423,0.849190,0.0232
1424,0.848808,0.0221
1425,0.848668,0.0221
1426,0.848263,0.0222
1427,0.847552,0.0220
1428,0.847369,0.0221
1429,0.847063,0.0221
1430,0.846853,0.0221
1431,0.846304,0.0221
1432,0.846669,0.0221
1433,0.848191,0.0224
1434,0.849128,0.0221
1435,0.849017,0.0221
1436,0.848073,0.0224
1437,0.846532,0.0222
1438,0.844690,0.0221
1439,0.843244,0.0222
1440,0.841769,0.0222
1441,0.840710,0.0221
1442,0.839826,0.0221
1443,0.839097,0.0221
1444,0.838645,0.0222
1445,0.837948,0.0221
1446,0.836936,0.0221
1447,0.835805,0.0231
1448,0.835390,0.0221
1449,0.834619,0.0221
1450,0.833901,0.0222
1451,0.832969,0.0221
1452,0.832320,0.0221
1453,0.831469,0.0221
1454,0.830726,0.0222
1455,0.830410,0.0221
1456,0.830329,0.0221
1457,0.830389,0.0220
1458,0.830354,0.0220
1459,0.830295,0.0221
1460,0.830401,0.0220
1461,0.830477,0.0222
1462,0.830648,0.0222
1463,0.830933,0.0221
1464,0.830892,0.0221
1465,0.831083,0.0221
1466,0.831335,0.0221
1467,0.831543,0.0220
1468,0.831374,0.0221
1469,0.831000,0.0221
1470,0.830841,0.0221
1471,0.830490,0.0222
1472,0.829957,0.0221
1473,0.829831,0.0226
1474,0.829576,0.0225
1475,0.829526,0.0228
1476,0.829757,0.0221
1477,0.829977,0.0220
1478,0.830305,0.0222
1479,0.830376,0.0220
1480,0.830666,0.0221
1481,0.830910,0.0221
1482,0.831809,0.0221
1483,0.832265,0.0220
1484,0.832596,0.0221
1485,0.833034,0.0222
1486,0.833546,0.0220
1487,0.833826,0.0220
1488,0.833790,0.0221
1489,0.833686,0.0221
1490,0.833236,0.0222
1491,0.832591,0.0221
1492,0.831970,0.0221
1493,0.831317,0.0222
1494,0.830513,0.0223
1495,0.829949,0.0223
1496,0.829035,0.0221
1497,0.828325,0.0221
1498,0.827393,0.0232
1499,0.826771,0.0221
1500,0.826230,0.0221
1501,0.825315,0.0221
1502,0.824655,0.0221
1503,0.823933,0.0221
1504,0.823092,0.0221
1505,0.822559,0.0221
1506,0.821735,0.0221
1507,0.820880,0.0220
1508,0.819863,0.0220
1509,0.819085,0.0221
1510,0.819228,0.0221
1511,0.819306,0.0221
1512,0.820061,0.0221
1513,0.820493,0.0223
1514,0.820310,0.0222
1515,0.820083,0.0221
1516,0.820126,0.0221
1517,0.820862,0.0220
1518,0.821372,0.0221
1519,0.822400,0.0221
1520,0.823805,0.0229
1521,0.825228,0.0221
1522,0.825655,0.0221
1523,0.825861,0.0225
1524,0.825951,0.0221
1525,0.826038,0.0220
1526,0.826377,0.0221
1527,0.826074,0.0222
1528,0.825920,0.0221
1529,0.825587,0.0221
1530,0.825298,0.0221
1531,0.824891,0.0221
1532,0.824528,0.0222
1533,0.824373,0.0221
1534,0.823702,0.0220
1535,0.823138,0.0221
1536,0.823184,0.0222
1537,0.822435,0.0221
1538,0.822062,0.0221
1539,0.821929,0.0222
1540,0.821212,0.0221
1541,0.821732,0.0221
1542,0.822466,0.0221
1543,0.822654,0.0222
1544,0.823448,0.0225
1545,0.824312,0.0221
1546,0.825042,0.0221
1547,0.826164,0.0229
1548,0.827479,0.0221
1549,0.828476,0.0221
1550,0.829735,0.0221
1551,0.831064,0.0222
1552,0.832401,0.0222
1553,0.833862,0.0222
1554,0.835635,0.0221
1555,0.836706,0.0237
1556,0.837764,0.0260
1557,0.838487,0.0219
1558,0.839536,0.0221
1559,0.840686,0.0221
1560,0.841259,0.0221
1561,0.841196,0.0221
1562,0.840616,0.0221
1563,0.839647,0.0221
1564,0.838530,0.0221
1565,0.837702,0.0221
1566,0.837385,0.0222
1567,0.837001,0.0221
1568,0.836560,0.0221
1569,0.836148,0.0222
1570,0.836227,0.0222
1571,0.843721,0.0222
1572,0.861268,0.0222
1573,0.881212,0.0221
1574,0.897640,0.0222
1575,0.908237,0.0221
1576,0.911654,0.0222
1577,0.908791,0.0222
1578,0.900894,0.0221
1579,0.889616,0.0220
1580,0.877229,0.0222
1581,0.865000,0.0222
1582,0.853704,0.0222
1583,0.844545,0.0226
1584,0.837679,0.0220
1585,0.833264,0.0221
1586,0.831072,0.0220
1587,0.830216,0.0221
1588,0.830051,0.0221
1589,0.830291,0.0221
1590,0.830693,0.0223
1591,0.831069,0.0221
1592,0.831595,0.0221
1593,0.831480,0.0225
1594,0.831399,0.0228
1595,0.831036,0.0221
1596,0.830473,0.0222
1597,0.830070,0.0223
1598,0.829197,0.0221
1599,0.828038,0.0221
1600,0.826013,0.0225
1601,0.824541,0.0222
1602,0.823741,0.0222
1603,0.823271,0.0220
1604,0.823046,0.0220
1605,0.823280,0.0222
1606,0.823156,0.0222
1607,0.823283,0.0223
1608,0.823483,0.0225
1609,0.823696,0.0221
1610,0.823912,0.0221
1611,0.823585,0.0224
1612,0.822803,0.0221
1613,0.822353,0.0221
1614,0.821783,0.0221
1615,0.820704,0.0226
1616,0.819824,0.0221
1617,0.818916,0.0221
1618,0.818352,0.0225
1619,0.819417,0.0222
1620,0.822447,0.0221
1621,0.825043,0.0225
1622,0.826241,0.0222
1623,0.826010,0.0222
1624,0.824764,0.0221
1625,0.823397,0.0221
1626,0.821360,0.0221
1627,0.819295,0.0221
1628,0.817291,0.0221
1629,0.815807,0.0221
1630,0.814952,0.0221
1631,0.814222,0.0221
1632,0.814047,0.0221
1633,0.813662,0.0221
1634,0.813345,0.0221
1635,0.813126,0.0221
1636,0.812847,0.0220
1637,0.812646,0.0221
1638,0.812362,0.0222
1639,0.811472,0.0225
1640,0.810615,0.0221
1641,0.809762,0.0222
1642,0.808842,0.0228
1643,0.808278,0.0221
1644,0.807526,0.0221
1645,0.806965,0.0222
1646,0.806021,0.0220
1647,0.804921,0.0221
1648,0.803932,0.0221
1649,0.803350,0.0221
1650,0.802732,0.0221
1651,0.802159,0.0222
1652,0.802907,0.0225
1653,0.804067,0.0220
1654,0.804226,0.0222
1655,0.803129,0.0220
1656,0.801816,0.0225
1657,0.800685,0.0222
1658,0.800110,0.0221
1659,0.800167,0.0221
1660,0.799557,0.0221
1661,0.798713,0.0222
1662,0.798082,0.0221
1663,0.797264,0.0221
1664,0.796754,0.0222
1665,0.795797,0.0221
1666,0.795328,0.0230
1667,0.794781,0.0221
1668,0.794966,0.0222
1669,0.794408,0.0223
1670,0.793877,0.0221
1671,0.793202,0.0222
1672,0.792199,0.0222
1673,0.791503,0.0221
1674,0.790588,0.0222
1675,0.790267,0.0221
1676,0.789869,0.0220
1677,0.789602,0.0221
1678,0.789109,0.0223
1679,0.788883,0.0221
1680,0.788752,0.0221
1681,0.788013,0.0222
1682,0.787513,0.0221
1683,0.787544,0.0222
1684,0.787912,0.0222
1685,0.788614,0.0222
1686,0.789953,0.0220
1687,0.790731,0.0221
1688,0.791498,0.0225
1689,0.791928,0.0221
1690,0.791454,0.0222
1691,0.790612,0.0221
1692,0.790146,0.0221
1693,0.790495,0.0228
1694,0.789826,0.0221
1695,0.789479,0.0221
1696,0.788082,0.0221
1697,0.787228,0.0221
1698,0.786184,0.0221
1699,0.785170,0.0228
1700,0.784039,0.0221
1701,0.783176,0.0222
1702,0.782336,0.0222
1703,0.781316,0.0221
1704,0.781401,0.0220
1705,0.780943,0.0222
1706,0.780725,0.0222
1707,0.780723,0.0221
1708,0.780359,0.0222
1709,0.779863,0.0220
1710,0.779539,0.0220
1711,0.779482,0.0220
1712,0.778712,0.0221
1713,0.778046,0.0219
1714,0.778068,0.0221
1715,0.778804,0.0221
1716,0.778479,0.0219
1717,0.777516,0.0220
1718,0.777222,0.0220
1719,0.776877,0.0220
1720,0.776352,0.0219
1721,0.776062,0.0219
1722,0.775574,0.0220
1723,0.775218,0.0220
1724,0.774775,0.0220
1725,0.774281,0.0220
1726,0.773829,0.0220
1727,0.773518,0.0220
1728,0.773035,0.0220
1729,0.772788,0.0221
1730,0.773136,0.0218
1731,0.773788,0.0220
1732,0.774846,0.0220
1733,0.775510,0.0221
1734,0.775116,0.0220
1735,0.774412,0.0219
1736,0.773842,0.0220
1737,0.773725,0.0220
1738,0.773672,0.0223
1739,0.772847,0.0220
1740,0.771754,0.0221
1741,0.770605,0.0220
1742,0.769430,0.0222
1743,0.769011,0.0221
1744,0.768851,0.0221
1745,0.769141,0.0220
1746,0.768945,0.0220
1747,0.767934,0.0220
1748,0.766913,0.0220
1749,0.766500,0.0220
1750,0.765079,0.0220
1751,0.764741,0.0220
1752,0.764521,0.0221
1753,0.763895,0.0220
1754,0.763774,0.0219
1755,0.763472,0.0220
1756,0.763025,0.0220
1757,0.762883,0.0221
1758,0.763228,0.0220
1759,0.762942,0.0221
1760,0.762302,0.0220
1761,0.761707,0.0219
1762,0.761057,0.0229
1763,0.760547,0.0219
1764,0.760601,0.0221
1765,0.761284,0.0221
1766,0.764955,0.0220
1767,0.763142,0.0220
1768,0.764336,0.0220
1769,0.764084,0.0219
1770,0.763995,0.0219
1771,0.764136,0.0219
1772,0.763664,0.0220
1773,0.763487,0.0219
1774,0.761526,0.0219
1775,0.761159,0.0220
1776,0.760418,0.0219
1777,0.758587,0.0231
1778,0.757797,0.0219
1779,0.756772,0.0220
1780,0.755394,0.0219
1781,0.755361,0.0220
1782,0.755145,0.0220
1783,0.754386,0.0221
1784,0.754048,0.0222
1785,0.753776,0.0219
1786,0.753601,0.0220
1787,0.753026,0.0220
1788,0.752358,0.0221
1789,0.752139,0.0220
1790,0.751623,0.0221
1791,0.751678,0.0229
1792,0.752017,0.0220
1793,0.752525,0.0220
1794,0.753112,0.0220
1795,0.754508,0.0219
1796,0.754882,0.0220
1797,0.755979,0.0219
1798,0.756624,0.0220
1799,0.757592,0.0221
1800,0.758665,0.0220
1801,0.759377,0.0219
1802,0.759855,0.0219
1803,0.759957,0.0221
1804,0.759642,0.0219
1805,0.759557,0.0220
1806,0.760370,0.0219
1807,0.761147,0.0220
1808,0.761277,0.0220
1809,0.761228,0.0221
1810,0.761964,0.0219
1811,0.763358,0.0221
1812,0.764733,0.0222
1813,0.765408,0.0220
1814,0.765322,0.0220
1815,0.764956,0.0219
1816,0.765013,0.0220
1817,0.765335,0.0221
1818,0.765398,0.0221
1819,0.764782,0.0219
1820,0.763774,0.0219
1821,0.762810,0.0220
1822,0.762104,0.0219
1823,0.761683,0.0220
1824,0.760862,0.0220
1825,0.760268,0.0220
1826,0.759491,0.0219
1827,0.758272,0.0220
1828,0.756728,0.0220
1829,0.755213,0.0220
1830,0.753830,0.0220
1831,0.752507,0.0219
1832,0.751376,0.0220
1833,0.750895,0.0219
1834,0.750010,0.0220
1835,0.749115,0.0220
1836,0.748046,0.0219
1837,0.747138,0.0223
1838,0.747880,0.0220
1839,0.755522,0.0220
1840,0.768226,0.0222
1841,0.777489,0.0220
1842,0.779572,0.0220
1843,0.774890,0.0219
1844,0.767706,0.0220
1845,0.759538,0.0220
1846,0.754034,0.0220
1847,0.752477,0.0220
1848,0.752055,0.0220
1849,0.752515,0.0219
1850,0.753042,0.0220
1851,0.751272,0.0220
1852,0.747870,0.0219
1853,0.745959,0.0220
1854,0.745254,0.0220
1855,0.743726,0.0219
1856,0.743154,0.0219
1857,0.743101,0.0220
1858,0.743721,0.0220
1859,0.742276,0.0219
1860,0.740129,0.0219
1861,0.738423,0.0220
1862,0.737286,0.0227
1863,0.736297,0.0221
1864,0.735731,0.0219
1865,0.735743,0.0221
1866,0.735958,0.0219
1867,0.735370,0.0219
1868,0.734762,0.0221
1869,0.734358,0.0219
1870,0.733404,0.0219
1871,0.732898,0.0220
1872,0.732532,0.0220
1873,0.732594,0.0220
1874,0.732810,0.0220
1875,0.733150,0.0221
1876,0.733490,0.0220
1877,0.733799,0.0220
1878,0.735074,0.0220
1879,0.735888,0.0220
1880,0.737082,0.0220
1881,0.737651,0.0219
1882,0.738470,0.0220
1883,0.738812,0.0220
1884,0.739042,0.0221
1885,0.738965,0.0228
1886,0.738759,0.0220
1887,0.738106,0.0219
1888,0.737436,0.0221
1889,0.737283,0.0219
1890,0.737721,0.0221
1891,0.738462,0.0226
1892,0.739263,0.0219
1893,0.740843,0.0220
1894,0.741882,0.0221
1895,0.743049,0.0220
1896,0.743703,0.0220
1897,0.743891,0.0220
1898,0.743721,0.0219
1899,0.742876,0.0220
1900,0.741399,0.0220
1901,0.739698,0.0221
1902,0.737767,0.0220
1903,0.735579,0.0219
1904,0.733423,0.0221
1905,0.731554,0.0220
1906,0.729594,0.0221
1907,0.727619,0.0220
1908,0.728900,0.0219
1909,0.733766,0.0220
1910,0.738202,0.0220
1911,0.739345,0.0228
1912,0.736755,0.0220
1913,0.733732,0.0219
1914,0.731055,0.0223
1915,0.729024,0.0221
1916,0.728528,0.0221
1917,0.728020,0.0219
1918,0.729708,0.0220
1919,0.729157,0.0220
1920,0.725092,0.0219
1921,0.723077,0.0219
1922,0.724122,0.0219
1923,0.724390,0.0220
1924,0.723562,0.0220
1925,0.723439,0.0219
1926,0.723665,0.0220
1927,0.723426,0.0220
1928,0.723105,0.0220
1929,0.722445,0.0221
1930,0.722472,0.0220
1931,0.722904,0.0219
1932,0.722892,0.0219
1933,0.722708,0.0219
1934,0.723313,0.0220
1935,0.723400,0.0220
1936,0.722189,0.0221
1937,0.722240,0.0221
1938,0.722146,0.0220
1939,0.722528,0.0219
1940,0.721834,0.0220
1941,0.726606,0.0219
1942,0.738244,0.0220
1943,0.748695,0.0219
1944,0.753679,0.0219
1945,0.753770,0.0220
1946,0.751603,0.0219
1947,0.748821,0.0221
1948,0.745754,0.0220
1949,0.742099,0.0219
1950,0.739407,0.0222
1951,0.737786,0.0221
1952,0.736514,0.0220
1953,0.735329,0.0220
1954,0.734129,0.0219
1955,0.732987,0.0221
1956,0.731062,0.0221
1957,0.728304,0.0219
1958,0.725778,0.0224
1959,0.724066,0.0220
1960,0.723363,0.0220
1961,0.722949,0.0220
1962,0.722138,0.0220
1963,0.721378,0.0220
1964,0.720695,0.0219
1965,0.720085,0.0222
1966,0.719352,0.0220
1967,0.718231,0.0220
1968,0.717304,0.0220
1969,0.716169,0.0220
1970,0.715392,0.0220
1971,0.715185,0.0220
1972,0.715453,0.0219
1973,0.715534,0.0220
1974,0.714649,0.0220
1975,0.713429,0.0220
1976,0.712533,0.0219
1977,0.711976,0.0219
1978,0.711499,0.0221
1979,0.713121,0.0219
1980,0.713080,0.0219
1981,0.712198,0.0220
1982,0.711951,0.0221
1983,0.711159,0.0222
1984,0.710830,0.0220
1985,0.710988,0.0230
1986,0.710514,0.0220
1987,0.709426,0.0220
1988,0.708444,0.0220
1989,0.707541,0.0220
1990,0.706805,0.0220
1991,0.706530,0.0221
1992,0.706960,0.0222
1993,0.707654,0.0220
1994,0.707825,0.0220
1995,0.708107,0.0220
1996,0.708315,0.0220
1997,0.709199,0.0219
1998,0.710051,0.0220
1999,0.710490,0.0220
2000,0.710577,0.0220
2001,0.710807,0.0220
2002,0.713597,0.0220
2003,0.719208,0.0221
2004,0.723822,0.0221
2005,0.726096,0.0220
2006,0.725587,0.0220
2007,0.725175,0.0219
2008,0.720752,0.0222
2009,0.717176,0.0221
2010,0.715788,0.0220
2011,0.713716,0.0223
2012,0.712871,0.0219
2013,0.713188,0.0220
2014,0.713479,0.0220
2015,0.714389,0.0220
2016,0.716374,0.0220
2017,0.717647,0.0220
2018,0.719162,0.0221
2019,0.720488,0.0232
2020,0.720833,0.0220
2021,0.720861,0.0220
2022,0.720772,0.0221
2023,0.723189,0.0220
2024,0.722541,0.0221
2025,0.721042,0.0221
2026,0.723415,0.0220
2027,0.723940,0.0220
2028,0.723705,0.0219
2029,0.724870,0.0221
2030,0.729037,0.0220
2031,0.735460,0.0220
2032,0.741943,0.0219
2033,0.749420,0.0220
2034,0.756763,0.0231
2035,0.762893,0.0220
2036,0.767846,0.0220
2037,0.773422,0.0220
2038,0.778013,0.0219
2039,0.782219,0.0219
2040,0.784779,0.0220
2041,0.785943,0.0220
2042,0.786227,0.0220
2043,0.786409,0.0219
2044,0.786267,0.0221
2045,0.786469,0.0219
2046,0.786678,0.0220
2047,0.784366,0.0220
2048,0.781493,0.0221
2049,0.778335,0.0221
2050,0.777231,0.0219
2051,0.782465,0.0219
2052,0.786607,0.0220
2053,0.785355,0.0220
2054,0.783487,0.0220
2055,0.782770,0.0220
2056,0.777569,0.0222
2057,0.767769,0.0220
2058,0.758745,0.0220
2059,0.755716,0.0221
2060,0.756573,0.0220
2061,0.755397,0.0219
2062,0.751225,0.0225
2063,0.745608,0.0220
2064,0.740142,0.0220
2065,0.735591,0.0220
2066,0.731941,0.0220
2067,0.728803,0.0221
2068,0.726642,0.0220
2069,0.724252,0.0220
2070,0.721476,0.0220
2071,0.719124,0.0220
2072,0.718374,0.0220
2073,0.717149,0.0220
2074,0.715759,0.0219
2075,0.714113,0.0219
2076,0.711677,0.0220
2077,0.709134,0.0222
2078,0.708270,0.0221
2079,0.709352,0.0220
2080,0.711293,0.0221
2081,0.714517,0.0220
2082,0.719133,0.0220
2083,0.724350,0.0220
2084,0.725757,0.0220
2085,0.725359,0.0220
2086,0.724695,0.0220
2087,0.724329,0.0223
2088,0.723505,0.0220
2089,0.721916,0.0220
2090,0.719419,0.0222
2091,0.716910,0.0220
2092,0.714527,0.0220
2093,0.711731,0.0220
2094,0.709584,0.0220
2095,0.707310,0.0220
2096,0.705674,0.0220
2097,0.704812,0.0220
2098,0.705374,0.0219
2099,0.706542,0.0221
2100,0.708111,0.0221
2101,0.709859,0.0219
2102,0.711813,0.0221
2103,0.714244,0.0220
2104,0.716350,0.0220
2105,0.716992,0.0225
2106,0.716895,0.0224
2107,0.716580,0.0220
2108,0.715922,0.0220
2109,0.715288,0.0221
2110,0.714578,0.0220
2111,0.713352,0.0220
2112,0.712495,0.0220
2113,0.711232,0.0221
2114,0.710444,0.0220
2115,0.709369,0.0219
2116,0.708552,0.0221
2117,0.706734,0.0220
2118,0.705099,0.0220
2119,0.703773,0.0220
2120,0.702457,0.0220
2121,0.701311,0.0219
2122,0.700289,0.0219
2123,0.699332,0.0219
2124,0.698515,0.0220
2125,0.697671,0.0220
2126,0.697680,0.0219
2127,0.697290,0.0219
2128,0.697620,0.0220
2129,0.699468,0.0220
2130,0.700395,0.0221
2131,0.706283,0.0221
2132,0.712667,0.0220
2133,0.720430,0.0224
2134,0.728334,0.0221
2135,0.733640,0.0220
2136,0.737749,0.0221
2137,0.740176,0.0220
2138,0.740390,0.0220
2139,0.741816,0.0220
2140,0.737817,0.0220
2141,0.729807,0.0220
2142,0.722686,0.0220
2143,0.715271,0.0219
2144,0.710222,0.0219
2145,0.711213,0.0220
2146,0.712322,0.0220
2147,0.713371,0.0220
2148,0.713070,0.0219
2149,0.707783,0.0220
2150,0.700552,0.0220
2151,0.698396,0.0220
2152,0.698395,0.0220
2153,0.697483,0.0220
2154,0.695734,0.0220
2155,0.693892,0.0220
2156,0.690887,0.0220
2157,0.687354,0.0220
2158,0.684671,0.0219
2159,0.683341,0.0229
2160,0.682331,0.0220
2161,0.680673,0.0220
2162,0.679910,0.0220
2163,0.679393,0.0221
2164,0.677321,0.0221
2165,0.674492,0.0220
2166,0.672140,0.0220
2167,0.670986,0.0220
2168,0.669776,0.0220
2169,0.668834,0.0219
2170,0.667487,0.0219
2171,0.666162,0.0219
2172,0.665072,0.0220
2173,0.664301,0.0220
2174,0.664204,0.0220
2175,0.664350,0.0221
2176,0.664916,0.0222
2177,0.665076,0.0220
2178,0.672045,0.0220
2179,0.672752,0.0229
2180,0.666917,0.0219
2181,0.666749,0.0220
2182,0.670244,0.0219
2183,0.670124,0.0220
2184,0.668010,0.0221
2185,0.669340,0.0224
2186,0.672380,0.0220
2187,0.672663,0.0219
2188,0.671748,0.0220
2189,0.671687,0.0219
2190,0.672984,0.0220
2191,0.672595,0.0220
2192,0.670631,0.0220
2193,0.669540,0.0219
2194,0.668761,0.0222
2195,0.668047,0.0220
2196,0.666138,0.0220
2197,0.664354,0.0221
2198,0.663427,0.0220
2199,0.662692,0.0221
2200,0.661606,0.0220
2201,0.661192,0.0219
2202,0.660941,0.0221
2203,0.661249,0.0221
2204,0.661096,0.0219
2205,0.660134,0.0220
2206,0.658063,0.0221
2207,0.658358,0.0221
2208,0.658824,0.0220
2209,0.657267,0.0221
2210,0.654589,0.0220
2211,0.653374,0.0219
2212,0.652891,0.0223
2213,0.652856,0.0221
2214,0.652608,0.0220
2215,0.652814,0.0219
2216,0.651107,0.0221
2217,0.648955,0.0221
2218,0.648427,0.0222
2219,0.647890,0.0220
2220,0.647838,0.0221
2221,0.647879,0.0220
2222,0.646877,0.0220
2223,0.645994,0.0220
2224,0.645912,0.0220
2225,0.647750,0.0219
2226,0.650208,0.0220
2227,0.652533,0.0221
2228,0.653480,0.0221
2229,0.654574,0.0220
2230,0.655490,0.0220
2231,0.655788,0.0220
2232,0.656252,0.0219
2233,0.657112,0.0221
2234,0.657620,0.0220
2235,0.657417,0.0220
2236,0.657906,0.0220
2237,0.658202,0.0227
2238,0.658167,0.0221
2239,0.657893,0.0221
2240,0.657977,0.0222
2241,0.658088,0.0220
2242,0.659742,0.0219
2243,0.660477,0.0221
2244,0.660010,0.0221
2245,0.660349,0.0219
2246,0.660966,0.0220
2247,0.660164,0.0220
2248,0.660106,0.0221
2249,0.659755,0.0221
2250,0.658836,0.0221
2251,0.656943,0.0220
2252,0.654912,0.0221
2253,0.653290,0.0220
2254,0.651835,0.0221
2255,0.650234,0.0219
2256,0.649014,0.0221
2257,0.647245,0.0219
2258,0.646271,0.0221
2259,0.644837,0.0219
2260,0.645189,0.0221
2261,0.644485,0.0220
2262,0.643076,0.0222
2263,0.643482,0.0225
2264,0.643615,0.0219
2265,0.643221,0.0219
2266,0.643047,0.0222
2267,0.645834,0.0220
2268,0.646934,0.0219
2269,0.645850,0.0224
2270,0.646114,0.0221
2271,0.647069,0.0220
2272,0.648178,0.0220
2273,0.648132,0.0221
2274,0.647349,0.0220
2275,0.648750,0.0220
2276,0.652379,0.0220
2277,0.656469,0.0220
2278,0.659910,0.0220
2279,0.662411,0.0220
2280,0.662502,0.0219
2281,0.661340,0.0220
2282,0.659700,0.0221
2283,0.658279,0.0220
2284,0.657710,0.0220
2285,0.658015,0.0220
2286,0.658688,0.0228
2287,0.659450,0.0219
2288,0.660401,0.0220
2289,0.661481,0.0224
2290,0.663319,0.0221
2291,0.663797,0.0220
2292,0.663137,0.0221
2293,0.663136,0.0220
2294,0.663695,0.0220
2295,0.664572,0.0220
2296,0.664816,0.0220
2297,0.665695,0.0221
2298,0.665990,0.0220
2299,0.665845,0.0219
2300,0.666916,0.0219
2301,0.667322,0.0220
2302,0.667826,0.0220
2303,0.668211,0.0220
2304,0.668024,0.0220
2305,0.667318,0.0219
2306,0.666305,0.0220
2307,0.664829,0.0219
2308,0.663175,0.0220
2309,0.661289,0.0221
2310,0.658842,0.0222
2311,0.663900,0.0222
2312,0.672074,0.0224
2313,0.686076,0.0222
2314,0.698668,0.0221
2315,0.695276,0.0224
2316,0.680964,0.0222
2317,0.665375,0.0221
2318,0.655461,0.0224
2319,0.653090,0.0223
2320,0.653878,0.0221
2321,0.653964,0.0222
2322,0.651510,0.0223
2323,0.647999,0.0223
2324,0.647186,0.0221
2325,0.656834,0.0223
2326,0.658868,0.0222
2327,0.655692,0.0222
2328,0.655105,0.0222
2329,0.656090,0.0221
2330,0.656397,0.0221
2331,0.655550,0.0222
2332,0.656291,0.0228
2333,0.658057,0.0222
2334,0.658327,0.0222
2335,0.657897,0.0222
2336,0.656496,0.0227
2337,0.654814,0.0232
2338,0.653024,0.0221
2339,0.651423,0.0223
2340,0.649240,0.0221
2341,0.647146,0.0225
2342,0.645126,0.0221
2343,0.643879,0.0221
2344,0.642995,0.0222
2345,0.643002,0.0223
2346,0.641975,0.0222
2347,0.639926,0.0221
2348,0.638071,0.0221
2349,0.637679,0.0221
2350,0.637164,0.0223
2351,0.636072,0.0222
2352,0.635419,0.0223
2353,0.635065,0.0221
2354,0.634865,0.0222
2355,0.634379,0.0222
2356,0.634909,0.0223
2357,0.634884,0.0222
2358,0.634628,0.0223
2359,0.634101,0.0236
2360,0.633819,0.0222
2361,0.633318,0.0222
2362,0.632268,0.0227
2363,0.631260,0.0222
2364,0.630151,0.0222
2365,0.628671,0.0222
2366,0.626695,0.0221
2367,0.625309,0.0222
2368,0.624140,0.0221
2369,0.622792,0.0221
2370,0.621111,0.0222
2371,0.619223,0.0223
2372,0.618201,0.0222
2373,0.619831,0.0222
2374,0.643270,0.0220
2375,0.696582,0.0227
2376,0.757438,0.0221
2377,0.806376,0.0222
2378,0.839984,0.0221
2379,0.862651,0.0222
2380,0.876518,0.0221
2381,0.882283,0.0223
2382,0.879880,0.0221
2383,0.870487,0.0223
2384,0.854655,0.0222
2385,0.833696,0.0227
2386,0.808139,0.0222
2387,0.780497,0.0222
2388,0.753304,0.0221
2389,0.728850,0.0221
2390,0.707155,0.0221
2391,0.689469,0.0222
2392,0.671151,0.0222
2393,0.662902,0.0222
2394,0.651701,0.0222
2395,0.644041,0.0221
2396,0.641070,0.0221
2397,0.639054,0.0222
2398,0.641058,0.0221
2399,0.645473,0.0223
2400,0.653641,0.0222
2401,0.661093,0.0221
2402,0.665093,0.0221
2403,0.667601,0.0221
2404,0.669292,0.0221
2405,0.670564,0.0224
2406,0.671291,0.0225
2407,0.671479,0.0222
2408,0.671790,0.0221
2409,0.671085,0.0225
2410,0.668675,0.0222
2411,0.665221,0.0222
2412,0.660935,0.0225
2413,0.656382,0.0222
2414,0.654967,0.0221
2415,0.654638,0.0221
2416,0.653028,0.0222
2417,0.651505,0.0222
2418,0.649698,0.0222
2419,0.647643,0.0223
2420,0.645771,0.0223
2421,0.644591,0.0221
2422,0.642908,0.0226
2423,0.641393,0.0221
2424,0.640401,0.0221
2425,0.638941,0.0222
2426,0.638020,0.0222
2427,0.639724,0.0221
2428,0.642438,0.0223
2429,0.641436,0.0231
2430,0.638016,0.0223
2431,0.635818,0.0226
2432,0.635080,0.0222
2433,0.633763,0.0221
2434,0.630932,0.0233
2435,0.629381,0.0221
2436,0.629330,0.0222
2437,0.628868,0.0225
2438,0.627581,0.0223
2439,0.625883,0.0221
2440,0.624875,0.0221
2441,0.624613,0.0222
2442,0.624220,0.0223
2443,0.620052,0.0222
2444,0.619133,0.0222
2445,0.615340,0.0222
2446,0.615243,0.0222
2447,0.612571,0.0222
2448,0.611248,0.0226
2449,0.610420,0.0222
2450,0.610540,0.0221
2451,0.611939,0.0222
2452,0.612379,0.0221
2453,0.613062,0.0222
2454,0.613569,0.0222
2455,0.615327,0.0222
2456,0.617980,0.0229
2457,0.623060,0.0223
2458,0.644466,0.0221
2459,0.652265,0.0226
2460,0.648922,0.0221
2461,0.656337,0.0221
2462,0.667988,0.0223
2463,0.669948,0.0222
2464,0.661107,0.0222
2465,0.650520,0.0223
2466,0.644014,0.0226
2467,0.636997,0.0222
2468,0.630762,0.0222
2469,0.630249,0.0222
2470,0.633884,0.0222
2471,0.635467,0.0222
2472,0.631557,0.0222
2473,0.627250,0.0223
2474,0.628794,0.0222
2475,0.631053,0.0221
2476,0.634148,0.0221
2477,0.635125,0.0222
2478,0.635625,0.0221
2479,0.637697,0.0223
2480,0.637311,0.0223
2481,0.635100,0.0221
2482,0.633163,0.0227
2483,0.632256,0.0222
2484,0.631687,0.0222
2485,0.630273,0.0221
2486,0.631363,0.0222
2487,0.632213,0.0222
2488,0.629388,0.0222
2489,0.626200,0.0222
2490,0.623635,0.0222
2491,0.625553,0.0223
2492,0.623698,0.0222
2493,0.621441,0.0221
2494,0.620862,0.0223
2495,0.620718,0.0222
2496,0.621180,0.0223
2497,0.620737,0.0223
2498,0.621172,0.0221
2499,0.621113,0.0227
2500,0.619357,0.0222
2501,0.617250,0.0222
2502,0.616918,0.0222
2503,0.615832,0.0222
2504,0.614008,0.0223
2505,0.613111,0.0223
2506,0.612850,0.0222
2507,0.610757,0.0222
2508,0.608282,0.0223
2509,0.606657,0.0222
2510,0.606402,0.0222
2511,0.606194,0.0223
2512,0.605448,0.0221
2513,0.604085,0.0222
2514,0.603433,0.0222
2515,0.603226,0.0222
2516,0.603107,0.0223
2517,0.602564,0.0224
2518,0.601916,0.0222
2519,0.601264,0.0221
2520,0.600618,0.0222
2521,0.600006,0.0222
2522,0.599222,0.0222
2523,0.598512,0.0223
2524,0.597458,0.0222
2525,0.596298,0.0223
2526,0.595012,0.0223
2527,0.595257,0.0223
2528,0.595097,0.0222
2529,0.595177,0.0222
2530,0.595545,0.0225
2531,0.595742,0.0221
2532,0.596041,0.0222
2533,0.594420,0.0226
2534,0.591684,0.0222
2535,0.590441,0.0223
2536,0.587849,0.0222
2537,0.586469,0.0227
2538,0.584617,0.0221
2539,0.582203,0.0221
2540,0.580441,0.0221
2541,0.581120,0.0223
2542,0.582303,0.0222
2543,0.582530,0.0222
2544,0.582157,0.0222
2545,0.585761,0.0223
2546,0.591133,0.0222
2547,0.592934,0.0222
2548,0.590789,0.0222
2549,0.587214,0.0221
2550,0.584759,0.0222
2551,0.584526,0.0231
2552,0.585295,0.0221
2553,0.587436,0.0223
2554,0.588918,0.0222
2555,0.588862,0.0222
2556,0.587923,0.0222
2557,0.589150,0.0222
2558,0.592697,0.0223
2559,0.596387,0.0223
2560,0.598808,0.0222
2561,0.598944,0.0221
2562,0.599726,0.0222
2563,0.603582,0.0221
2564,0.608353,0.0222
2565,0.614173,0.0222
2566,0.629858,0.0222
2567,0.645304,0.0222
2568,0.646448,0.0222
2569,0.642212,0.0222
2570,0.639934,0.0222
2571,0.641892,0.0222
2572,0.645882,0.0222
2573,0.645908,0.0221
2574,0.643150,0.0226
2575,0.640854,0.0222
2576,0.639447,0.0223
2577,0.637302,0.0221
2578,0.636381,0.0222
2579,0.636248,0.0223
2580,0.635110,0.0221
2581,0.634121,0.0226
2582,0.632859,0.0226
2583,0.632881,0.0222
2584,0.633669,0.0223
2585,0.634803,0.0222
2586,0.635005,0.0221
2587,0.633506,0.0222
2588,0.630481,0.0221
2589,0.626867,0.0221
2590,0.623377,0.0222
2591,0.620483,0.0221
2592,0.618111,0.0222
2593,0.615612,0.0223
2594,0.613088,0.0222
2595,0.610521,0.0222
2596,0.608923,0.0222
2597,0.607811,0.0222
2598,0.605639,0.0222
2599,0.603050,0.0221
2600,0.601877,0.0225
2601,0.601274,0.0222
2602,0.601006,0.0222
2603,0.600498,0.0222
2604,0.599797,0.0222
2605,0.599287,0.0223
2606,0.599690,0.0222
2607,0.599363,0.0221
2608,0.598548,0.0221
2609,0.597473,0.0221
2610,0.596115,0.0222
2611,0.595234,0.0223
2612,0.595770,0.0221
2613,0.597766,0.0221
2614,0.599006,0.0222
2615,0.600071,0.0221
2616,0.601960,0.0222
2617,0.602610,0.0222
2618,0.602535,0.0222
2619,0.603684,0.0222
2620,0.602307,0.0222
2621,0.601186,0.0222
2622,0.600033,0.0222
2623,0.597918,0.0222
2624,0.595485,0.0231
2625,0.593580,0.0226
2626,0.590451,0.0223
2627,0.588859,0.0221
2628,0.586945,0.0223
2629,0.585364,0.0223
2630,0.583859,0.0221
2631,0.581575,0.0223
2632,0.580786,0.0226
2633,0.579671,0.0222
2634,0.578033,0.0223
2635,0.577872,0.0225
2636,0.580065,0.0222
2637,0.582933,0.0222
2638,0.584743,0.0221
2639,0.586927,0.0222
2640,0.589222,0.0222
2641,0.590685,0.0223
2642,0.593394,0.0222
2643,0.595432,0.0222
2644,0.598299,0.0223
2645,0.599599,0.0222
2646,0.600877,0.0226
2647,0.603752,0.0222
2648,0.605502,0.0222
2649,0.608403,0.0221
2650,0.614817,0.0221
2651,0.621796,0.0226
2652,0.626736,0.0223
2653,0.635849,0.0231
2654,0.653842,0.0221
2655,0.677248,0.0222
2656,0.703542,0.0222
2657,0.730315,0.0222
2658,0.755824,0.0221
2659,0.779752,0.0222
2660,0.801678,0.0223
2661,0.820874,0.0223
2662,0.836813,0.0222
2663,0.850996,0.0224
2664,0.863618,0.0224
2665,0.876829,0.0222
2666,0.885481,0.0223
2667,0.890573,0.0221
2668,0.896231,0.0222
2669,0.903829,0.0222
2670,0.909761,0.0223
2671,0.912894,0.0222
2672,0.913786,0.0223
2673,0.913071,0.0222
2674,0.912121,0.0222
2675,0.910195,0.0221
2676,0.906693,0.0222
2677,0.902582,0.0227
2678,0.900218,0.0222
2679,0.898487,0.0222
2680,0.895443,0.0222
2681,0.891277,0.0223
2682,0.886441,0.0222
2683,0.880853,0.0223
2684,0.875646,0.0221
2685,0.871673,0.0223
2686,0.868387,0.0222
2687,0.866903,0.0222
2688,0.864411,0.0221
2689,0.861838,0.0221
2690,0.860224,0.0223
2691,0.858233,0.0223
2692,0.854585,0.0222
2693,0.849932,0.0222
2694,0.844702,0.0225
2695,0.839921,0.0221
2696,0.835384,0.0221
2697,0.830181,0.0222
2698,0.825574,0.0222
2699,0.823417,0.0232
2700,0.825157,0.0222
2701,0.830510,0.0221
2702,0.832755,0.0222
2703,0.829521,0.0222
2704,0.820810,0.0221
2705,0.809723,0.0221
2706,0.800757,0.0222
2707,0.796782,0.0222
2708,0.796031,0.0222
2709,0.795155,0.0222
2710,0.792574,0.0222
2711,0.787829,0.0222
2712,0.782068,0.0221
2713,0.775374,0.0222
2714,0.768612,0.0221
2715,0.763252,0.0222
2716,0.760335,0.0222
2717,0.758374,0.0221
2718,0.756521,0.0223
2719,0.754824,0.0223
2720,0.753511,0.0222
2721,0.750117,0.0223
2722,0.746161,0.0225
2723,0.742566,0.0221
2724,0.738943,0.0221
2725,0.735383,0.0226
2726,0.730835,0.0222
2727,0.726222,0.0221
2728,0.720970,0.0224
2729,0.715328,0.0221
2730,0.709007,0.0222
2731,0.703723,0.0222
2732,0.698867,0.0219
2733,0.694283,0.0219
2734,0.689305,0.0219
2735,0.684039,0.0220
2736,0.679802,0.0220
2737,0.676443,0.0219
2738,0.673954,0.0221
2739,0.670474,0.0220
2740,0.667440,0.0220
2741,0.664136,0.0221
2742,0.662586,0.0221
2743,0.661308,0.0220
2744,0.659680,0.0220
2745,0.657737,0.0220
2746,0.656175,0.0220
2747,0.654503,0.0220
2748,0.652753,0.0224
2749,0.650411,0.0220
2750,0.648564,0.0220
2751,0.646607,0.0221
2752,0.646055,0.0220
2753,0.647103,0.0221
2754,0.645784,0.0221
2755,0.643450,0.0219
2756,0.642419,0.0219
2757,0.640911,0.0220
2758,0.639122,0.0221
2759,0.640254,0.0221
2760,0.635945,0.0220
2761,0.634098,0.0221
2762,0.631187,0.0220
2763,0.627005,0.0219
2764,0.626120,0.0220
2765,0.624688,0.0220
2766,0.624042,0.0220
2767,0.625033,0.0220
2768,0.624287,0.0220
2769,0.621871,0.0219
2770,0.620880,0.0222
2771,0.623483,0.0220
2772,0.623150,0.0221
2773,0.619475,0.0220
2774,0.617168,0.0223
2775,0.616318,0.0220
2776,0.613944,0.0220
2777,0.611361,0.0221
2778,0.609482,0.0221
2779,0.607858,0.0220
2780,0.605754,0.0220
2781,0.603057,0.0221
2782,0.600647,0.0220
2783,0.598599,0.0220
2784,0.597548,0.0220
2785,0.594709,0.0220
2786,0.592075,0.0220
2787,0.591363,0.0219
2788,0.588644,0.0220
2789,0.587092,0.0220
2790,0.585163,0.0221
2791,0.585886,0.0219
2792,0.584882,0.0220
2793,0.585235,0.0220
2794,0.585243,0.0219
2795,0.586719,0.0221
2796,0.587947,0.0221
2797,0.591112,0.0220
2798,0.592809,0.0220
2799,0.595151,0.0227
2800,0.596025,0.0220
2801,0.597753,0.0221
2802,0.597804,0.0221
2803,0.598676,0.0220
2804,0.598897,0.0220
2805,0.600811,0.0221
2806,0.600435,0.0221
2807,0.602013,0.0219
2808,0.603037,0.0220
2809,0.605158,0.0220
2810,0.606918,0.0220
2811,0.609050,0.0220
2812,0.610250,0.0221
2813,0.611908,0.0221
2814,0.612377,0.0221
2815,0.613611,0.0220
2816,0.614107,0.0220
2817,0.613223,0.0220
2818,0.610666,0.0219
2819,0.607952,0.0227
2820,0.606848,0.0223
2821,0.607440,0.0219
2822,0.608570,0.0220
2823,0.609512,0.0221
2824,0.609861,0.0221
2825,0.609925,0.0222
2826,0.610277,0.0221
2827,0.610385,0.0221
2828,0.609793,0.0219
2829,0.609015,0.0221
2830,0.606968,0.0220
2831,0.605897,0.0220
2832,0.605060,0.0220
2833,0.605847,0.0220
2834,0.607095,0.0220
2835,0.607056,0.0221
2836,0.606332,0.0220
2837,0.605389,0.0220
2838,0.603637,0.0220
2839,0.601655,0.0219
2840,0.600450,0.0220
2841,0.599304,0.0220
2842,0.598225,0.0220
2843,0.597253,0.0220
2844,0.595755,0.0219
2845,0.594217,0.0222
2846,0.592762,0.0221
2847,0.591468,0.0221
2848,0.590043,0.0228
2849,0.588803,0.0220
2850,0.590443,0.0221
2851,0.595487,0.0220
2852,0.600395,0.0221
2853,0.602886,0.0220
2854,0.601846,0.0220
2855,0.598303,0.0220
2856,0.593965,0.0221
2857,0.589083,0.0221
2858,0.584452,0.0221
2859,0.580817,0.0220
2860,0.578161,0.0220
2861,0.576701,0.0220
2862,0.576095,0.0220
2863,0.575875,0.0220
2864,0.575654,0.0220
2865,0.575383,0.0221
2866,0.574378,0.0220
2867,0.572903,0.0220
2868,0.573043,0.0225
2869,0.574325,0.0222
2870,0.574040,0.0220
2871,0.572233,0.0220
2872,0.569528,0.0220
2873,0.567041,0.0219
2874,0.565673,0.0221
2875,0.565764,0.0220
2876,0.566619,0.0220
2877,0.567219,0.0222
2878,0.566837,0.0221
2879,0.565134,0.0221
2880,0.562916,0.0220
2881,0.561036,0.0220
2882,0.559957,0.0220
2883,0.559343,0.0220
2884,0.560639,0.0220
2885,0.562420,0.0220
2886,0.562572,0.0220
2887,0.561435,0.0221
2888,0.560192,0.0220
2889,0.559078,0.0220
2890,0.558139,0.0221
2891,0.557770,0.0220
2892,0.557554,0.0220
2893,0.557345,0.0221
2894,0.556230,0.0221
2895,0.555060,0.0220
2896,0.553983,0.0219
2897,0.552985,0.0231
2898,0.553801,0.0220
2899,0.555370,0.0220
2900,0.554942,0.0220
2901,0.553084,0.0221
2902,0.551413,0.0219
2903,0.550722,0.0219
2904,0.550965,0.0219
2905,0.551389,0.0219
2906,0.550954,0.0221
2907,0.550080,0.0219
2908,0.548951,0.0221
2909,0.548503,0.0220
2910,0.548766,0.0220
2911,0.549048,0.0221
2912,0.548908,0.0220
2913,0.548455,0.0220
2914,0.547782,0.0220
2915,0.547632,0.0220
2916,0.547527,0.0219
2917,0.547522,0.0230
2918,0.547436,0.0219
2919,0.547140,0.0220
2920,0.546843,0.0223
2921,0.546551,0.0220
2922,0.547027,0.0219
2923,0.547743,0.0223
2924,0.548003,0.0221
2925,0.548160,0.0220
2926,0.548205,0.0220
2927,0.548114,0.0221
2928,0.548261,0.0220
2929,0.548486,0.0222
2930,0.548015,0.0220
2931,0.547173,0.0221
2932,0.546555,0.0221
2933,0.546427,0.0220
2934,0.546882,0.0220
2935,0.547166,0.0221
2936,0.547869,0.0220
2937,0.548417,0.0220
2938,0.549029,0.0221
2939,0.549762,0.0220
2940,0.550241,0.0221
2941,0.550544,0.0220
2942,0.550587,0.0221
2943,0.550685,0.0221
2944,0.550460,0.0237
2945,0.550015,0.0220
2946,0.549687,0.0227
2947,0.549204,0.0219
2948,0.548641,0.0219
2949,0.548212,0.0221
2950,0.547764,0.0221
2951,0.547593,0.0220
2952,0.547431,0.0219
2953,0.547024,0.0220
2954,0.546455,0.0220
2955,0.545872,0.0219
2956,0.545525,0.0220
2957,0.545088,0.0221
2958,0.544562,0.0220
2959,0.544040,0.0220
2960,0.543360,0.0222
2961,0.543096,0.0220
2962,0.543426,0.0220
2963,0.544182,0.0220
2964,0.544785,0.0221
2965,0.545322,0.0221
2966,0.545653,0.0227
2967,0.545758,0.0219
2968,0.545624,0.0220
2969,0.545475,0.0223
2970,0.545623,0.0221
2971,0.545616,0.0219
2972,0.545768,0.0225
2973,0.545684,0.0222
2974,0.545545,0.0220
2975,0.545205,0.0220
2976,0.544764,0.0220
2977,0.544287,0.0220
2978,0.543628,0.0220
2979,0.542919,0.0220
2980,0.542122,0.0220
2981,0.541319,0.0219
2982,0.540653,0.0220
2983,0.539519,0.0222
2984,0.538651,0.0221
2985,0.538275,0.0220
2986,0.537913,0.0219
2987,0.537549,0.0219
2988,0.537457,0.0220
2989,0.537979,0.0219
2990,0.538883,0.0220
2991,0.539137,0.0220
2992,0.538257,0.0220
2993,0.537588,0.0221
2994,0.537461,0.0221
2995,0.536939,0.0220
2996,0.537004,0.0223
2997,0.537372,0.0221
2998,0.537515,0.0220
2999,0.537699,0.0220
3000,0.537330,0.0220
3001,0.536280,0.0220
3002,0.535645,0.0220
3003,0.535201,0.0220
3004,0.534585,0.0220
3005,0.533725,0.0220
3006,0.533347,0.0220
3007,0.532965,0.0220
3008,0.532617,0.0220
3009,0.533160,0.0220
3010,0.534094,0.0220
3011,0.534427,0.0220
3012,0.534277,0.0220
3013,0.533957,0.0220
3014,0.533567,0.0221
3015,0.532487,0.0228
3016,0.531268,0.0220
3017,0.530008,0.0221
3018,0.529031,0.0223
3019,0.528435,0.0221
3020,0.528322,0.0220
3021,0.528066,0.0222
3022,0.527725,0.0221
3023,0.527201,0.0220
3024,0.526473,0.0221
3025,0.525857,0.0220
3026,0.525221,0.0221
3027,0.524942,0.0220
3028,0.524994,0.0220
3029,0.525221,0.0219
3030,0.525415,0.0220
3031,0.525630,0.0220
3032,0.525791,0.0220
3033,0.526178,0.0220
3034,0.526981,0.0220
3035,0.527663,0.0220
3036,0.528129,0.0221
3037,0.528605,0.0220
3038,0.528842,0.0220
3039,0.528870,0.0220
3040,0.528882,0.0220
3041,0.529064,0.0219
3042,0.529003,0.0220
3043,0.529058,0.0221
3044,0.529075,0.0219
3045,0.528700,0.0221
3046,0.528131,0.0221
3047,0.527575,0.0220
3048,0.527269,0.0220
3049,0.526861,0.0220
3050,0.526857,0.0219
3051,0.526917,0.0220
3052,0.527174,0.0221
3053,0.527254,0.0220
3054,0.526900,0.0221
3055,0.526794,0.0219
3056,0.526977,0.0220
3057,0.527536,0.0220
3058,0.528112,0.0220
3059,0.528486,0.0221
3060,0.528499,0.0221
3061,0.528628,0.0220
3062,0.528555,0.0219
3063,0.528486,0.0220
3064,0.528388,0.0221
3065,0.527982,0.0221
3066,0.527787,0.0222
3067,0.527401,0.0220
3068,0.526867,0.0221
3069,0.526141,0.0230
3070,0.525478,0.0219
3071,0.525230,0.0220
3072,0.524855,0.0220
3073,0.524609,0.0220
3074,0.524503,0.0220
3075,0.523963,0.0220
3076,0.523858,0.0220
3077,0.523986,0.0220
3078,0.524334,0.0222
3079,0.525196,0.0221
3080,0.525927,0.0221
3081,0.526434,0.0220
3082,0.527075,0.0220
3083,0.527385,0.0219
3084,0.527341,0.0220
3085,0.527000,0.0220
3086,0.526511,0.0220
3087,0.526150,0.0220
3088,0.525632,0.0220
3089,0.525301,0.0219
3090,0.524410,0.0221
3091,0.523592,0.0220
3092,0.522835,0.0221
3093,0.522455,0.0219
3094,0.522169,0.0221
3095,0.522125,0.0225
3096,0.522326,0.0220
3097,0.522472,0.0220
3098,0.522520,0.0221
3099,0.522590,0.0221
3100,0.522853,0.0220
3101,0.523033,0.0220
3102,0.522922,0.0221
3103,0.522805,0.0221
3104,0.522776,0.0220
3105,0.522725,0.0220
3106,0.522128,0.0220
3107,0.521706,0.0219
3108,0.521220,0.0219
3109,0.520886,0.0221
3110,0.520493,0.0220
3111,0.520084,0.0220
3112,0.519709,0.0221
3113,0.519258,0.0220
3114,0.518843,0.0220
3115,0.518497,0.0220
3116,0.518331,0.0220
3117,0.517976,0.0219
3118,0.517643,0.0220
3119,0.517065,0.0220
3120,0.516392,0.0220
3121,0.515890,0.0220
3122,0.515478,0.0221
3123,0.515159,0.0220
3124,0.514682,0.0221
3125,0.514427,0.0230
3126,0.514424,0.0220
3127,0.515038,0.0220
3128,0.516169,0.0220
3129,0.516714,0.0220
3130,0.517109,0.0220
3131,0.517538,0.0219
3132,0.518031,0.0220
3133,0.518858,0.0221
3134,0.519732,0.0220
3135,0.520643,0.0220
3136,0.521759,0.0221
3137,0.522923,0.0220
3138,0.523870,0.0220
3139,0.524972,0.0220
3140,0.525945,0.0220
3141,0.526714,0.0220
3142,0.526672,0.0220
3143,0.527440,0.0220
3144,0.528821,0.0223
3145,0.528587,0.0229
3146,0.527042,0.0220
3147,0.525719,0.0220
3148,0.525450,0.0220
3149,0.525610,0.0219
3150,0.525277,0.0221
3151,0.524113,0.0222
3152,0.523340,0.0220
3153,0.523125,0.0221
3154,0.522992,0.0219
3155,0.522771,0.0221
3156,0.521887,0.0220
3157,0.521123,0.0221
3158,0.520831,0.0220
3159,0.520409,0.0220
3160,0.520150,0.0219
3161,0.519619,0.0221
3162,0.518842,0.0220
3163,0.518278,0.0221
3164,0.517889,0.0220
3165,0.517357,0.0220
3166,0.516462,0.0221
3167,0.515947,0.0220
3168,0.515361,0.0220
3169,0.514381,0.0220
3170,0.513710,0.0221
3171,0.513268,0.0221
3172,0.512567,0.0220
3173,0.511675,0.0220
3174,0.510852,0.0226
3175,0.510604,0.0220
3176,0.510072,0.0221
3177,0.509520,0.0220
3178,0.509138,0.0220
3179,0.508917,0.0220
3180,0.508726,0.0219
3181,0.508865,0.0220
3182,0.509048,0.0220
3183,0.508965,0.0220
3184,0.509040,0.0221
3185,0.509249,0.0220
3186,0.509343,0.0220
3187,0.509319,0.0222
3188,0.509178,0.0220
3189,0.509245,0.0220
3190,0.509441,0.0220
3191,0.509547,0.0221
3192,0.509475,0.0219
3193,0.509583,0.0219
3194,0.509485,0.0221
3195,0.509547,0.0220
3196,0.509596,0.0220
3197,0.509897,0.0222
3198,0.510157,0.0220
3199,0.510562,0.0220
3200,0.511046,0.0220
3201,0.511200,0.0221
3202,0.511661,0.0220
3203,0.512072,0.0222
3204,0.512783,0.0219
3205,0.513313,0.0220
3206,0.513842,0.0220
3207,0.513978,0.0220
3208,0.513919,0.0222
3209,0.513819,0.0220
3210,0.513733,0.0220
3211,0.513361,0.0220
3212,0.513257,0.0220
3213,0.513153,0.0219
3214,0.513187,0.0220
3215,0.513446,0.0220
3216,0.513541,0.0220
3217,0.520142,0.0220
3218,0.536336,0.0220
3219,0.556862,0.0222
3220,0.577274,0.0220
3221,0.595582,0.0221
3222,0.610410,0.0223
3223,0.622125,0.0221
3224,0.630203,0.0220
3225,0.634621,0.0222
3226,0.635713,0.0220
3227,0.634222,0.0220
3228,0.631679,0.0219
3229,0.627314,0.0220
3230,0.620114,0.0220
3231,0.611901,0.0220
3232,0.603760,0.0220
3233,0.594722,0.0219
3234,0.584704,0.0220
3235,0.574780,0.0219
3236,0.565547,0.0219
3237,0.556752,0.0220
3238,0.547834,0.0220
3239,0.540340,0.0221
3240,0.533865,0.0220
3241,0.528340,0.0221
3242,0.523429,0.0220
3243,0.518944,0.0220
3244,0.515612,0.0221
3245,0.512699,0.0229
3246,0.510067,0.0220
3247,0.507869,0.0220
3248,0.506294,0.0224
3249,0.505017,0.0220
3250,0.504118,0.0219
3251,0.503276,0.0219
3252,0.502925,0.0219
3253,0.502833,0.0220
3254,0.502945,0.0221
3255,0.502644,0.0219
3256,0.502769,0.0219
3257,0.502723,0.0220
3258,0.502844,0.0220
3259,0.502781,0.0220
3260,0.502925,0.0220
3261,0.503113,0.0221
3262,0.503024,0.0220
3263,0.502596,0.0222
3264,0.501804,0.0220
3265,0.501249,0.0220
3266,0.500798,0.0220
3267,0.500059,0.0220
3268,0.499763,0.0224
3269,0.499512,0.0221
3270,0.500387,0.0220
3271,0.502431,0.0224
3272,0.502787,0.0220
3273,0.501771,0.0221
3274,0.500406,0.0221
3275,0.499441,0.0220
3276,0.498876,0.0219
3277,0.498791,0.0220
3278,0.498516,0.0219
3279,0.498488,0.0221
3280,0.497881,0.0221
3281,0.497226,0.0220
3282,0.496567,0.0219
3283,0.496274,0.0220
3284,0.495996,0.0220
3285,0.496712,0.0222
3286,0.498693,0.0220
3287,0.500143,0.0220
3288,0.500775,0.0220
3289,0.500470,0.0220
3290,0.499080,0.0220
3291,0.497576,0.0220
3292,0.496082,0.0222
3293,0.495260,0.0219
3294,0.494689,0.0221
3295,0.494234,0.0220
3296,0.493706,0.0220
3297,0.493302,0.0221
3298,0.492998,0.0219
3299,0.492798,0.0222
3300,0.492384,0.0220
3301,0.492240,0.0221
3302,0.491970,0.0219
3303,0.491704,0.0221
3304,0.491480,0.0221
3305,0.491109,0.0221
3306,0.491054,0.0220
3307,0.491262,0.0220
3308,0.491484,0.0220
3309,0.491338,0.0220
3310,0.491080,0.0220
3311,0.490840,0.0220
3312,0.490449,0.0222
3313,0.490007,0.0219
3314,0.489838,0.0220
3315,0.489601,0.0220
3316,0.489424,0.0220
3317,0.489255,0.0221
3318,0.489190,0.0223
3319,0.489001,0.0220
3320,0.488512,0.0220
3321,0.487999,0.0230
3322,0.487556,0.0219
3323,0.488736,0.0220
3324,0.491327,0.0219
3325,0.492758,0.0220
3326,0.493452,0.0220
3327,0.494198,0.0221
3328,0.495610,0.0219
3329,0.496917,0.0220
3330,0.497516,0.0220
3331,0.497733,0.0220
3332,0.497835,0.0220
3333,0.498066,0.0220
3334,0.497929,0.0220
3335,0.497751,0.0220
3336,0.497563,0.0220
3337,0.496866,0.0221
3338,0.495785,0.0221
3339,0.494974,0.0221
3340,0.494558,0.0219
3341,0.494360,0.0229
3342,0.493988,0.0221
3343,0.493612,0.0221
3344,0.493360,0.0220
3345,0.492956,0.0220
3346,0.493257,0.0220
3347,0.494048,0.0223
3348,0.495391,0.0221
3349,0.496533,0.0220
3350,0.497437,0.0220
3351,0.498025,0.0220
3352,0.498278,0.0221
3353,0.498626,0.0220
3354,0.498320,0.0220
3355,0.497903,0.0220
3356,0.497078,0.0219
3357,0.496200,0.0221
3358,0.495035,0.0220
3359,0.494315,0.0219
3360,0.493452,0.0220
3361,0.492762,0.0220
3362,0.491670,0.0221
3363,0.490645,0.0220
3364,0.489797,0.0219
3365,0.488748,0.0220
3366,0.487787,0.0220
3367,0.487136,0.0224
3368,0.486834,0.0222
3369,0.486387,0.0220
3370,0.485614,0.0231
3371,0.485340,0.0220
3372,0.484916,0.0221
3373,0.484449,0.0219
3374,0.484422,0.0219
3375,0.484713,0.0220
3376,0.485059,0.0221
3377,0.485478,0.0221
3378,0.485724,0.0222
3379,0.486234,0.0220
3380,0.487912,0.0220
3381,0.491276,0.0220
3382,0.493730,0.0219
3383,0.494570,0.0220
3384,0.493614,0.0220
3385,0.491878,0.0221
3386,0.489711,0.0220
3387,0.488960,0.0221
3388,0.488796,0.0219
3389,0.489380,0.0220
3390,0.490314,0.0230
3391,0.490976,0.0220
3392,0.490845,0.0220
3393,0.490046,0.0220
3394,0.489031,0.0219
3395,0.487779,0.0220
3396,0.486749,0.0222
3397,0.486066,0.0220
3398,0.485531,0.0221
3399,0.485483,0.0220
3400,0.485233,0.0220
3401,0.484895,0.0220
3402,0.484431,0.0220
3403,0.484217,0.0221
3404,0.484231,0.0219
3405,0.483923,0.0221
3406,0.486024,0.0219
3407,0.489965,0.0221
3408,0.494333,0.0280
3409,0.498629,0.0219
3410,0.502078,0.0220
3411,0.504231,0.0220
3412,0.505778,0.0220
3413,0.506386,0.0220
3414,0.505727,0.0221
3415,0.503384,0.0220
3416,0.499585,0.0220
3417,0.495008,0.0221
3418,0.490310,0.0222
3419,0.486833,0.0220
3420,0.485071,0.0220
3421,0.484382,0.0225
3422,0.484320,0.0220
3423,0.484265,0.0220
3424,0.484203,0.0220
3425,0.483916,0.0220
3426,0.483922,0.0220
3427,0.483788,0.0219
3428,0.483703,0.0220
3429,0.483161,0.0220
3430,0.482428,0.0222
3431,0.481590,0.0222
3432,0.480782,0.0223
3433,0.480267,0.0220
3434,0.480173,0.0219
3435,0.479925,0.0220
3436,0.480309,0.0220
3437,0.480824,0.0219
3438,0.480837,0.0221
3439,0.481352,0.0219
3440,0.482063,0.0221
3441,0.483014,0.0229
3442,0.483714,0.0220
3443,0.484482,0.0221
3444,0.485349,0.0220
3445,0.485835,0.0220
3446,0.486416,0.0220
3447,0.486555,0.0220
3448,0.486804,0.0220
3449,0.486753,0.0220
3450,0.486906,0.0221
3451,0.487140,0.0220
3452,0.487522,0.0220
3453,0.487753,0.0221
3454,0.488180,0.0220
3455,0.491244,0.0220
3456,0.497882,0.0220
3457,0.505172,0.0220
3458,0.510765,0.0219
3459,0.513010,0.0220
3460,0.512220,0.0220
3461,0.509412,0.0220
3462,0.505507,0.0221
3463,0.501105,0.0221
3464,0.497117,0.0222
3465,0.494457,0.0220
3466,0.492018,0.0220
3467,0.490189,0.0223
3468,0.488711,0.0220
3469,0.487127,0.0220
3470,0.485901,0.0219
3471,0.484786,0.0219
3472,0.483630,0.0220
3473,0.483039,0.0219
3474,0.482451,0.0220
3475,0.481926,0.0220
3476,0.481416,0.0219
3477,0.481039,0.0220
3478,0.480780,0.0221
3479,0.480358,0.0221
3480,0.480162,0.0221
3481,0.479645,0.0221
3482,0.478994,0.0221
3483,0.478181,0.0220
3484,0.477677,0.0221
3485,0.477418,0.0220
3486,0.477056,0.0220
3487,0.476892,0.0221
3488,0.476421,0.0220
3489,0.475773,0.0220
3490,0.475392,0.0222
3491,0.474885,0.0221
3492,0.474063,0.0226
3493,0.473538,0.0220
3494,0.473303,0.0220
3495,0.473103,0.0220
3496,0.473407,0.0220
3497,0.473865,0.0219
3498,0.474020,0.0220
3499,0.474144,0.0220
3500,0.474368,0.0219
3501,0.474770,0.0221
3502,0.475680,0.0220
3503,0.476454,0.0220
3504,0.475845,0.0221
3505,0.475830,0.0221
3506,0.475938,0.0221
3507,0.476308,0.0221
3508,0.475865,0.0220
3509,0.475311,0.0220
3510,0.475125,0.0220
3511,0.475561,0.0221
3512,0.475307,0.0230
3513,0.474905,0.0222
3514,0.475067,0.0219
3515,0.475155,0.0220
3516,0.474899,0.0220
3517,0.474465,0.0220
3518,0.474223,0.0221
3519,0.474224,0.0220
3520,0.474210,0.0220
3521,0.473370,0.0220
3522,0.473188,0.0220
3523,0.473191,0.0219
3524,0.472973,0.0220
3525,0.473173,0.0219
3526,0.473181,0.0220
3527,0.472921,0.0220
3528,0.472645,0.0219
3529,0.472794,0.0219
3530,0.473231,0.0220
3531,0.472901,0.0221
3532,0.472144,0.0220
3533,0.471640,0.0221
3534,0.471375,0.0220
3535,0.471293,0.0219
3536,0.471323,0.0220
3537,0.471584,0.0222
3538,0.471612,0.0220
3539,0.472396,0.0221
3540,0.473414,0.0222
3541,0.474632,0.0229
3542,0.475121,0.0219
3543,0.474934,0.0220
3544,0.473984,0.0220
3545,0.472498,0.0219
3546,0.472311,0.0219
3547,0.471657,0.0220
3548,0.469157,0.0221
3549,0.467771,0.0220
3550,0.468026,0.0220
3551,0.468230,0.0220
3552,0.468044,0.0220
3553,0.468453,0.0219
3554,0.469750,0.0220
3555,0.471376,0.0219
3556,0.472905,0.0220
3557,0.474833,0.0219
3558,0.476594,0.0220
3559,0.478230,0.0220
3560,0.479724,0.0220
3561,0.481620,0.0222
3562,0.483172,0.0220
3563,0.484614,0.0220
3564,0.486105,0.0219
3565,0.487010,0.0220
3566,0.487471,0.0221
3567,0.487516,0.0220
3568,0.488346,0.0219
3569,0.487631,0.0219
3570,0.487584,0.0221
3571,0.488348,0.0220
3572,0.487430,0.0219
3573,0.486469,0.0221
3574,0.485223,0.0220
3575,0.482937,0.0219
3576,0.481266,0.0220
3577,0.480165,0.0219
3578,0.478858,0.0220
3579,0.478158,0.0220
3580,0.477686,0.0219
3581,0.476690,0.0219
3582,0.475676,0.0221
3583,0.474891,0.0221
3584,0.473904,0.0221
3585,0.472767,0.0225
3586,0.472165,0.0221
3587,0.471631,0.0219
3588,0.471115,0.0220
3589,0.470761,0.0219
3590,0.470681,0.0220
3591,0.469979,0.0220
3592,0.469761,0.0223
3593,0.469706,0.0219
3594,0.469870,0.0220
3595,0.469936,0.0220
3596,0.470024,0.0221
3597,0.475080,0.0220
3598,0.486001,0.0220
3599,0.498195,0.0220
3600,0.507764,0.0220
3601,0.513100,0.0221
3602,0.513634,0.0221
3603,0.510600,0.0221
3604,0.505509,0.0220
3605,0.499718,0.0220
3606,0.494403,0.0221
3607,0.490475,0.0220
3608,0.488029,0.0219
3609,0.486538,0.0220
3610,0.485229,0.0227
3611,0.484754,0.0223
3612,0.484009,0.0219
3613,0.482633,0.0220
3614,0.480966,0.0221
3615,0.479113,0.0221
3616,0.477482,0.0220
3617,0.476164,0.0221
3618,0.474280,0.0220
3619,0.472300,0.0220
3620,0.470232,0.0221
3621,0.468764,0.0220
3622,0.467495,0.0220
3623,0.466308,0.0220
3624,0.465320,0.0221
3625,0.464757,0.0221
3626,0.465310,0.0221
3627,0.466167,0.0220
3628,0.467201,0.0221
3629,0.467646,0.0219
3630,0.467589,0.0220
3631,0.467250,0.0220
3632,0.466686,0.0220
3633,0.466890,0.0220
3634,0.467649,0.0220
3635,0.467283,0.0220
3636,0.466380,0.0221
3637,0.465649,0.0220
3638,0.464499,0.0220
3639,0.463013,0.0229
3640,0.462037,0.0221
3641,0.463112,0.0219
3642,0.463220,0.0221
3643,0.463567,0.0222
3644,0.463571,0.0220
3645,0.462906,0.0220
3646,0.462404,0.0220
3647,0.462383,0.0221
3648,0.460943,0.0220
3649,0.458938,0.0221
3650,0.457808,0.0220
3651,0.457050,0.0220
3652,0.455850,0.0220
3653,0.455548,0.0219
3654,0.455760,0.0219
3655,0.456039,0.0220
3656,0.456725,0.0221
3657,0.457546,0.0219
3658,0.458218,0.0221
3659,0.458852,0.0233
3660,0.460523,0.0221
3661,0.461758,0.0220
3662,0.462631,0.0220
3663,0.463771,0.0222
3664,0.464807,0.0220
3665,0.466643,0.0220
3666,0.468625,0.0220
3667,0.469886,0.0220
3668,0.470122,0.0221
3669,0.471651,0.0220
3670,0.476994,0.0220
3671,0.481865,0.0220
3672,0.485102,0.0220
3673,0.488200,0.0220
3674,0.489895,0.0219
3675,0.489462,0.0221
3676,0.490057,0.0220
3677,0.494656,0.0220
3678,0.500920,0.0220
3679,0.506411,0.0219
3680,0.510727,0.0221
3681,0.514222,0.0220
3682,0.515636,0.0221
3683,0.514879,0.0220
3684,0.512792,0.0220
3685,0.510581,0.0222
3686,0.507839,0.0219
3687,0.503097,0.0221
3688,0.498362,0.0229
3689,0.494523,0.0219
3690,0.491235,0.0220
3691,0.487454,0.0221
3692,0.483988,0.0220
3693,0.480462,0.0220
3694,0.477712,0.0219
3695,0.476095,0.0220
3696,0.474028,0.0220
3697,0.472354,0.0220
3698,0.471311,0.0220
3699,0.471171,0.0221
3700,0.470760,0.0220
3701,0.469984,0.0222
3702,0.469712,0.0219
3703,0.469617,0.0220
3704,0.469239,0.0220
3705,0.469105,0.0219
3706,0.469063,0.0220
3707,0.469071,0.0220
3708,0.468907,0.0228
3709,0.469303,0.0219
3710,0.469114,0.0219
3711,0.469230,0.0225
3712,0.469242,0.0220
3713,0.469015,0.0220
3714,0.469249,0.0221
3715,0.469676,0.0220
3716,0.470046,0.0220
3717,0.470326,0.0221
3718,0.470182,0.0221
3719,0.470053,0.0221
3720,0.469759,0.0220
3721,0.469325,0.0222
3722,0.469005,0.0221
3723,0.468980,0.0219
3724,0.468327,0.0220
3725,0.467131,0.0220
3726,0.465948,0.0219
3727,0.464702,0.0219
3728,0.463370,0.0220
3729,0.462623,0.0220
3730,0.462143,0.0220
3731,0.461623,0.0220
3732,0.461361,0.0220
3733,0.461324,0.0220
3734,0.461568,0.0224
3735,0.461236,0.0219
3736,0.460938,0.0220
3737,0.460657,0.0236
3738,0.460480,0.0220
3739,0.460349,0.0221
3740,0.459920,0.0220
3741,0.461975,0.0221
3742,0.462730,0.0220
3743,0.459816,0.0221
3744,0.458518,0.0221
3745,0.459386,0.0220
3746,0.459099,0.0219
3747,0.457277,0.0220
3748,0.456295,0.0220
3749,0.456950,0.0220
3750,0.456830,0.0220
3751,0.455518,0.0220
3752,0.454787,0.0220
3753,0.455013,0.0221
3754,0.455126,0.0220
3755,0.454294,0.0220
3756,0.453801,0.0221
3757,0.454071,0.0230
3758,0.453828,0.0223
3759,0.453297,0.0220
3760,0.453405,0.0220
3761,0.454324,0.0220
3762,0.454570,0.0220
3763,0.453992,0.0221
3764,0.452438,0.0220
3765,0.451491,0.0220
3766,0.451931,0.0220
3767,0.452766,0.0221
3768,0.453327,0.0219
3769,0.453458,0.0220
3770,0.453572,0.0219
3771,0.453714,0.0220
3772,0.453348,0.0220
3773,0.453398,0.0219
3774,0.453704,0.0221
3775,0.453657,0.0220
3776,0.453791,0.0221
3777,0.453588,0.0221
3778,0.453406,0.0220
3779,0.453447,0.0219
3780,0.453864,0.0221
3781,0.453824,0.0220
3782,0.453621,0.0220
3783,0.453052,0.0225
3784,0.452373,0.0222
3785,0.451549,0.0219
3786,0.451553,0.0227
3787,0.451604,0.0220
3788,0.451930,0.0222
3789,0.452214,0.0220
3790,0.451647,0.0219
3791,0.454966,0.0221
3792,0.458095,0.0220
3793,0.458137,0.0220
3794,0.458791,0.0221
3795,0.460788,0.0221
3796,0.461489,0.0219
3797,0.462917,0.0220
3798,0.460479,0.0219
3799,0.461257,0.0221
3800,0.460531,0.0220
3801,0.460596,0.0221
3802,0.461099,0.0221
3803,0.460738,0.0221
3804,0.461468,0.0221
3805,0.463254,0.0219
3806,0.463525,0.0231
3807,0.464597,0.0220
3808,0.464792,0.0219
3809,0.466039,0.0222
3810,0.466509,0.0221
3811,0.466126,0.0221
3812,0.465923,0.0221
3813,0.464912,0.0219
3814,0.465812,0.0220
3815,0.467866,0.0220
3816,0.468331,0.0220
3817,0.467016,0.0219
3818,0.464763,0.0221
3819,0.462161,0.0220
3820,0.460247,0.0219
3821,0.458803,0.0221
3822,0.457594,0.0220
3823,0.455935,0.0221
3824,0.454974,0.0219
3825,0.454389,0.0219
3826,0.454047,0.0220
3827,0.453520,0.0220
3828,0.452786,0.0220
3829,0.452140,0.0220
3830,0.451766,0.0221
3831,0.451617,0.0221
3832,0.451608,0.0220
3833,0.451385,0.0219
3834,0.450804,0.0220
3835,0.449534,0.0220
3836,0.448291,0.0222
3837,0.447085,0.0220
3838,0.446192,0.0220
3839,0.445592,0.0221
3840,0.444884,0.0220
3841,0.444491,0.0219
3842,0.444160,0.0223
3843,0.443434,0.0221
3844,0.444307,0.0220
3845,0.445739,0.0219
3846,0.445782,0.0220
3847,0.444374,0.0221
3848,0.444572,0.0219
3849,0.445767,0.0219
3850,0.445747,0.0220
3851,0.444262,0.0221
3852,0.442426,0.0220
3853,0.440968,0.0220
3854,0.440457,0.0222
3855,0.439952,0.0220
3856,0.439780,0.0219
3857,0.441425,0.0220
3858,0.443525,0.0220
3859,0.442613,0.0221
3860,0.440465,0.0229
3861,0.440060,0.0221
3862,0.441327,0.0220
3863,0.442390,0.0220
3864,0.442132,0.0221
3865,0.440507,0.0220
3866,0.439133,0.0220
3867,0.439168,0.0220
3868,0.439886,0.0219
3869,0.439896,0.0220
3870,0.439422,0.0220
3871,0.439051,0.0221
3872,0.439036,0.0226
3873,0.439281,0.0220
3874,0.439505,0.0220
3875,0.439953,0.0220
3876,0.440339,0.0220
3877,0.440820,0.0220
3878,0.441144,0.0219
3879,0.441793,0.0219
3880,0.442032,0.0230
3881,0.441960,0.0221
3882,0.441570,0.0220
3883,0.441022,0.0222
3884,0.440505,0.0221
3885,0.439964,0.0220
3886,0.439705,0.0224
3887,0.439253,0.0221
3888,0.438933,0.0221
3889,0.438709,0.0220
3890,0.438537,0.0220
3891,0.438294,0.0221
3892,0.437822,0.0220
3893,0.437657,0.0220
3894,0.442216,0.0220
3895,0.445493,0.0220
3896,0.441117,0.0220
3897,0.437259,0.0220
3898,0.437744,0.0220
3899,0.439966,0.0219
3900,0.439691,0.0221
3901,0.438938,0.0220
3902,0.439049,0.0220
3903,0.437746,0.0220
3904,0.435867,0.0228
3905,0.435183,0.0221
3906,0.436121,0.0219
3907,0.436164,0.0220
3908,0.434968,0.0219
3909,0.433627,0.0220
3910,0.433335,0.0220
3911,0.433760,0.0219
3912,0.433763,0.0220
3913,0.433503,0.0220
3914,0.433513,0.0221
3915,0.434010,0.0220
3916,0.434123,0.0220
3917,0.434221,0.0221
3918,0.433607,0.0221
3919,0.433137,0.0221
3920,0.432936,0.0220
3921,0.433045,0.0219
3922,0.432529,0.0221
3923,0.432737,0.0220
3924,0.432395,0.0220
3925,0.432089,0.0220
3926,0.431708,0.0220
3927,0.432008,0.0221
3928,0.432506,0.0227
3929,0.432742,0.0221
3930,0.433015,0.0219
3931,0.433075,0.0221
3932,0.433675,0.0220
3933,0.434496,0.0221
3934,0.435172,0.0220
3935,0.439611,0.0222
3936,0.444733,0.0219
3937,0.447464,0.0219
3938,0.447002,0.0221
3939,0.448802,0.0220
3940,0.455179,0.0220
3941,0.460182,0.0220
3942,0.459584,0.0219
3943,0.455259,0.0221
3944,0.450073,0.0221
3945,0.446341,0.0221
3946,0.447434,0.0219
3947,0.451036,0.0221
3948,0.453346,0.0220
3949,0.454726,0.0219
3950,0.454106,0.0221
3951,0.458789,0.0221
3952,0.470851,0.0220
3953,0.478999,0.0220
3954,0.478331,0.0221
3955,0.471331,0.0220
3956,0.463313,0.0220
3957,0.458868,0.0221
3958,0.457600,0.0222
3959,0.456857,0.0222
3960,0.454991,0.0221
3961,0.453397,0.0219
3962,0.452976,0.0220
3963,0.454888,0.0221
3964,0.456774,0.0227
3965,0.457564,0.0220
3966,0.456246,0.0219
3967,0.452853,0.0220
3968,0.448634,0.0221
3969,0.445066,0.0220
3970,0.443385,0.0220
3971,0.443340,0.0220
3972,0.443852,0.0219
3973,0.444305,0.0220
3974,0.450153,0.0220
3975,0.463442,0.0220
3976,0.479155,0.0219
3977,0.493593,0.0220
3978,0.504701,0.0220
3979,0.511328,0.0219
3980,0.515204,0.0220
3981,0.513341,0.0220
3982,0.506397,0.0220
3983,0.498682,0.0220
3984,0.490219,0.0220
3985,0.480625,0.0222
3986,0.471860,0.0221
3987,0.465708,0.0219
3988,0.462050,0.0220
3989,0.460250,0.0221
3990,0.458402,0.0220
3991,0.458164,0.0221
3992,0.460371,0.0222
3993,0.462547,0.0221
3994,0.463733,0.0220
3995,0.464368,0.0221
3996,0.464873,0.0220
3997,0.465284,0.0223
3998,0.466045,0.0220
3999,0.465083,0.0220
4000,0.462641,0.0220
4001,0.460151,0.0221
4002,0.457748,0.0221
4003,0.456282,0.0220
4004,0.455431,0.0221
4005,0.455584,0.0219
4006,0.455060,0.0219
4007,0.455316,0.0220
4008,0.455552,0.0220
4009,0.456451,0.0221
4010,0.456982,0.0220
4011,0.457805,0.0221
4012,0.458664,0.0227
4013,0.462184,0.0220
4014,0.466614,0.0222
4015,0.470034,0.0220
4016,0.471857,0.0220
4017,0.471386,0.0220
4018,0.470500,0.0220
4019,0.468664,0.0221
4020,0.466878,0.0220
4021,0.465017,0.0221
4022,0.463985,0.0221
4023,0.463496,0.0221
4024,0.463864,0.0222
4025,0.464928,0.0222
4026,0.466020,0.0221
4027,0.466854,0.0220
4028,0.466931,0.0221
4029,0.466861,0.0220
4030,0.466198,0.0219
4031,0.465188,0.0220
4032,0.464271,0.0220
4033,0.462683,0.0220
4034,0.460948,0.0220
4035,0.459606,0.0221
4036,0.458377,0.0221
4037,0.457015,0.0220
4038,0.456082,0.0221
4039,0.455333,0.0220
4040,0.453645,0.0220
4041,0.452631,0.0225
4042,0.452084,0.0219
4043,0.451284,0.0220
4044,0.450608,0.0220
4045,0.449911,0.0219
4046,0.449216,0.0221
4047,0.448654,0.0220
4048,0.448681,0.0220
4049,0.448342,0.0219
4050,0.448678,0.0222
4051,0.448943,0.0220
4052,0.448618,0.0220
4053,0.447960,0.0220
4054,0.446909,0.0220
4055,0.446164,0.0220
4056,0.446863,0.0220
4057,0.446527,0.0221
4058,0.445974,0.0221
4059,0.445114,0.0220
4060,0.443842,0.0220
4061,0.443749,0.0231
4062,0.442402,0.0220
4063,0.441510,0.0220
4064,0.440432,0.0220
4065,0.439798,0.0221
4066,0.440087,0.0221
4067,0.439353,0.0221
4068,0.438380,0.0220
4069,0.438417,0.0220
4070,0.437569,0.0221
4071,0.437646,0.0220
4072,0.436671,0.0219
4073,0.435914,0.0219
4074,0.435502,0.0220
4075,0.434823,0.0220
4076,0.434556,0.0219
4077,0.434513,0.0220
4078,0.434215,0.0221
4079,0.434395,0.0221
4080,0.437204,0.0219
4081,0.440302,0.0220
4082,0.441546,0.0219
4083,0.440671,0.0221
4084,0.439014,0.0222
4085,0.437175,0.0220
4086,0.436217,0.0221
4087,0.435944,0.0219
4088,0.435208,0.0221
4089,0.434856,0.0221
4090,0.434479,0.0220
4091,0.434369,0.0220
4092,0.434497,0.0219
4093,0.434336,0.0220
4094,0.434203,0.0220
4095,0.434119,0.0219
4096,0.433837,0.0220
4097,0.433274,0.0220
4098,0.433038,0.0219
4099,0.432354,0.0223
4100,0.431756,0.0220
4101,0.430920,0.0219
4102,0.430294,0.0221
4103,0.430020,0.0220
4104,0.429739,0.0220
4105,0.429696,0.0224
4106,0.429816,0.0220
4107,0.429707,0.0219
4108,0.429535,0.0220
4109,0.429035,0.0220
4110,0.428452,0.0220
4111,0.427854,0.0220
4112,0.427044,0.0229
4113,0.426316,0.0221
4114,0.425711,0.0220
4115,0.425252,0.0220
4116,0.424902,0.0219
4117,0.424509,0.0220
4118,0.424371,0.0220
4119,0.424074,0.0219
4120,0.423521,0.0219
4121,0.423066,0.0220
4122,0.422301,0.0220
4123,0.422074,0.0222
4124,0.421857,0.0221
4125,0.421611,0.0221
4126,0.421889,0.0220
4127,0.422118,0.0220
4128,0.422573,0.0220
4129,0.422968,0.0219
4130,0.423472,0.0220
4131,0.423675,0.0219
4132,0.423773,0.0226
4133,0.423602,0.0219
4134,0.423309,0.0220
4135,0.422886,0.0222
4136,0.422580,0.0219
4137,0.422075,0.0220
4138,0.421995,0.0222
4139,0.422429,0.0219
4140,0.422059,0.0219
4141,0.421226,0.0220
4142,0.420447,0.0220
4143,0.419490,0.0221
4144,0.418919,0.0221
4145,0.418528,0.0222
4146,0.418008,0.0221
4147,0.417553,0.0220
4148,0.416903,0.0221
4149,0.416299,0.0218
4150,0.416178,0.0219
4151,0.415887,0.0219
4152,0.415906,0.0220
4153,0.415793,0.0219
4154,0.415961,0.0220
4155,0.416233,0.0221
4156,0.416632,0.0220
4157,0.416873,0.0221
4158,0.417080,0.0223
4159,0.416720,0.0220
4160,0.416179,0.0220
4161,0.415775,0.0228
4162,0.415432,0.0219
4163,0.414512,0.0221
4164,0.414252,0.0220
4165,0.413551,0.0220
4166,0.413214,0.0219
4167,0.412489,0.0220
4168,0.411728,0.0220
4169,0.411389,0.0220
4170,0.410748,0.0220
4171,0.410097,0.0219
4172,0.409429,0.0220
4173,0.408964,0.0220
4174,0.408449,0.0219
4175,0.407901,0.0219
4176,0.407851,0.0221
4177,0.407605,0.0221
4178,0.407289,0.0219
4179,0.407573,0.0220
4180,0.408194,0.0221
4181,0.409092,0.0220
4182,0.410217,0.0220
4183,0.411328,0.0220
4184,0.411788,0.0219
4185,0.412584,0.0223
4186,0.413532,0.0221
4187,0.414176,0.0220
4188,0.413616,0.0220
4189,0.413280,0.0220
4190,0.412882,0.0219
4191,0.411722,0.0220
4192,0.410449,0.0220
4193,0.409665,0.0219
4194,0.408912,0.0220
4195,0.408101,0.0220
4196,0.408044,0.0220
4197,0.407613,0.0220
4198,0.406831,0.0220
4199,0.406307,0.0219
4200,0.406162,0.0220
4201,0.406691,0.0220
4202,0.406200,0.0219
4203,0.406079,0.0219
4204,0.405812,0.0221
4205,0.406080,0.0220
4206,0.406843,0.0220
4207,0.407825,0.0220
4208,0.409485,0.0221
4209,0.411430,0.0219
4210,0.412882,0.0228
4211,0.414451,0.0221
4212,0.416460,0.0220
4213,0.418293,0.0220
4214,0.420205,0.0219
4215,0.422166,0.0220
4216,0.424098,0.0220
4217,0.425202,0.0220
4218,0.425475,0.0220
4219,0.425999,0.0219
4220,0.425779,0.0220
4221,0.425113,0.0220
4222,0.424217,0.0219
4223,0.423164,0.0220
4224,0.422242,0.0219
4225,0.420887,0.0219
4226,0.419585,0.0220
4227,0.418117,0.0219
4228,0.416798,0.0220
4229,0.415859,0.0219
4230,0.415129,0.0228
4231,0.414456,0.0221
4232,0.414219,0.0220
4233,0.413924,0.0221
4234,0.413890,0.0220
4235,0.413604,0.0220
4236,0.413377,0.0221
4237,0.413530,0.0220
4238,0.413210,0.0220
4239,0.413228,0.0221
4240,0.412284,0.0221
4241,0.411935,0.0219
4242,0.410861,0.0220
4243,0.410349,0.0220
4244,0.409244,0.0221
4245,0.408613,0.0220
4246,0.407892,0.0220
4247,0.407706,0.0220
4248,0.408614,0.0221
4249,0.409953,0.0220
4250,0.411942,0.0219
4251,0.414328,0.0220
4252,0.417594,0.0221
4253,0.421279,0.0220
4254,0.424212,0.0220
4255,0.426880,0.0219
4256,0.428512,0.0223
4257,0.430209,0.0220
4258,0.432212,0.0220
4259,0.434441,0.0232
4260,0.435533,0.0219
4261,0.435719,0.0220
4262,0.437219,0.0219
4263,0.437862,0.0220
4264,0.437755,0.0220
4265,0.440044,0.0220
4266,0.443702,0.0222
4267,0.447812,0.0220
4268,0.451036,0.0220
4269,0.452576,0.0221
4270,0.453070,0.0220
4271,0.452343,0.0219
4272,0.450190,0.0220
4273,0.446734,0.0220
4274,0.442902,0.0220
4275,0.439239,0.0219
4276,0.435622,0.0219
4277,0.432840,0.0221
4278,0.431542,0.0220
4279,0.431571,0.0230
4280,0.431747,0.0219
4281,0.431670,0.0220
4282,0.431789,0.0223
4283,0.431396,0.0221
4284,0.431274,0.0220
4285,0.430515,0.0221
4286,0.429698,0.0220
4287,0.428498,0.0220
4288,0.427523,0.0219
4289,0.426105,0.0220
4290,0.425127,0.0220
4291,0.424180,0.0220
4292,0.423539,0.0220
4293,0.423290,0.0220
4294,0.423476,0.0219
4295,0.423900,0.0220
4296,0.424612,0.0220
4297,0.425498,0.0220
4298,0.425742,0.0219
4299,0.429547,0.0219
4300,0.434462,0.0220
4301,0.437763,0.0220
4302,0.437074,0.0221
4303,0.433354,0.0221
4304,0.428597,0.0221
4305,0.423697,0.0224
4306,0.420419,0.0219
4307,0.418554,0.0220
4308,0.418168,0.0229
4309,0.417794,0.0219
4310,0.418068,0.0220
4311,0.417897,0.0219
4312,0.417095,0.0220
4313,0.415938,0.0220
4314,0.414151,0.0221
4315,0.412765,0.0220
4316,0.411975,0.0221
4317,0.411666,0.0219
4318,0.411716,0.0221
4319,0.412305,0.0219
4320,0.412755,0.0220
4321,0.414070,0.0219
4322,0.415107,0.0220
4323,0.416562,0.0220
4324,0.417554,0.0220
4325,0.417667,0.0219
4326,0.418341,0.0222
4327,0.417956,0.0221
4328,0.417503,0.0227
4329,0.416995,0.0220
4330,0.416603,0.0220
4331,0.416035,0.0222
4332,0.414987,0.0220
4333,0.414424,0.0219
4334,0.413014,0.0223
4335,0.411186,0.0220
4336,0.409938,0.0272
4337,0.408557,0.0220
4338,0.407413,0.0220
4339,0.406437,0.0219
4340,0.405157,0.0220
4341,0.404206,0.0219
4342,0.403308,0.0220
4343,0.407040,0.0221
4344,0.413234,0.0220
4345,0.416612,0.0219
4346,0.416079,0.0221
4347,0.413674,0.0220
4348,0.411284,0.0220
4349,0.408395,0.0221
4350,0.404490,0.0220
4351,0.402153,0.0221
4352,0.402462,0.0220
4353,0.403546,0.0220
4354,0.403771,0.0220
4355,0.403311,0.0220
4356,0.402487,0.0219
4357,0.408950,0.0221
4358,0.409131,0.0221
4359,0.407373,0.0221
4360,0.403530,0.0220
4361,0.402393,0.0219
4362,0.401140,0.0220
4363,0.401485,0.0220
4364,0.401112,0.0220
4365,0.400438,0.0220
4366,0.401295,0.0221
4367,0.400992,0.0221
4368,0.402542,0.0220
4369,0.404256,0.0220
4370,0.403590,0.0220
4371,0.403126,0.0220
4372,0.402887,0.0220
4373,0.402812,0.0221
4374,0.402287,0.0219
4375,0.402281,0.0221
4376,0.401324,0.0220
4377,0.400123,0.0220
4378,0.399335,0.0221
4379,0.398619,0.0221
4380,0.397808,0.0219
4381,0.397334,0.0220
4382,0.397049,0.0220
4383,0.396758,0.0220
4384,0.396292,0.0220
4385,0.395907,0.0220
4386,0.395502,0.0219
4387,0.394716,0.0220
4388,0.394154,0.0220
4389,0.393925,0.0221
4390,0.394375,0.0219
4391,0.395228,0.0220
4392,0.395529,0.0219
4393,0.393806,0.0220
4394,0.392235,0.0220
4395,0.391508,0.0220
4396,0.390695,0.0219
4397,0.390571,0.0220
4398,0.391140,0.0220
4399,0.391884,0.0220
4400,0.396027,0.0221
4401,0.404474,0.0220
4402,0.407106,0.0220
4403,0.404764,0.0221
4404,0.401733,0.0227
4405,0.400537,0.0220
4406,0.400100,0.0222
4407,0.400854,0.0223
4408,0.400773,0.0219
4409,0.400020,0.0220
4410,0.398856,0.0220
4411,0.397901,0.0220
4412,0.398270,0.0220
4413,0.398710,0.0220
4414,0.398814,0.0219
4415,0.398617,0.0220
4416,0.399098,0.0219
4417,0.399205,0.0220
4418,0.398967,0.0220
4419,0.398759,0.0221
4420,0.398865,0.0222
4421,0.401549,0.0221
4422,0.399342,0.0220
4423,0.400033,0.0220
4424,0.399727,0.0219
4425,0.398272,0.0220
4426,0.398435,0.0226
4427,0.396855,0.0222
4428,0.395924,0.0220
4429,0.395889,0.0220
4430,0.394797,0.0222
4431,0.394953,0.0219
4432,0.394230,0.0221
4433,0.392247,0.0220
4434,0.391494,0.0220
4435,0.391053,0.0220
4436,0.393180,0.0220
4437,0.395268,0.0220
4438,0.393203,0.0219
4439,0.390636,0.0220
4440,0.391610,0.0220
4441,0.392874,0.0220
4442,0.392860,0.0220
4443,0.391396,0.0219
4444,0.390669,0.0221
4445,0.391431,0.0220
4446,0.392812,0.0220
4447,0.393196,0.0220
4448,0.394151,0.0219
4449,0.399096,0.0219
4450,0.402993,0.0219
4451,0.409335,0.0220
4452,0.412814,0.0224
4453,0.410607,0.0220
4454,0.410422,0.0220
4455,0.411764,0.0228
4456,0.413059,0.0219
4457,0.412822,0.0220
4458,0.414006,0.0220
4459,0.415164,0.0220
4460,0.415362,0.0220
4461,0.416764,0.0219
4462,0.415816,0.0219
4463,0.415322,0.0220
4464,0.415806,0.0219
4465,0.418087,0.0219
4466,0.418155,0.0220
4467,0.416529,0.0220
4468,0.432375,0.0220
4469,0.443394,0.0220
4470,0.433844,0.0221
4471,0.422430,0.0220
4472,0.420295,0.0219
4473,0.424934,0.0219
4474,0.425467,0.0222
4475,0.420586,0.0224
4476,0.417340,0.0221
4477,0.416457,0.0220
4478,0.413503,0.0223
4479,0.411823,0.0220
4480,0.411515,0.0221
4481,0.411037,0.0224
4482,0.408480,0.0220
4483,0.405125,0.0220
4484,0.402048,0.0219
4485,0.400429,0.0219
4486,0.399639,0.0219
4487,0.399380,0.0220
4488,0.398810,0.0219
4489,0.396908,0.0221
4490,0.394495,0.0220
4491,0.393170,0.0220
4492,0.393686,0.0220
4493,0.392924,0.0220
4494,0.391697,0.0220
4495,0.391713,0.0219
4496,0.392548,0.0220
4497,0.392727,0.0221
4498,0.392998,0.0220
4499,0.393493,0.0220
4500,0.393672,0.0220
4501,0.393204,0.0220
4502,0.402539,0.0221
4503,0.410406,0.0220
4504,0.412404,0.0220
4505,0.414626,0.0222
4506,0.414711,0.0221
4507,0.413566,0.0220
4508,0.408901,0.0220
4509,0.403402,0.0220
4510,0.402080,0.0219
4511,0.403362,0.0220
4512,0.403035,0.0219
4513,0.402508,0.0220
4514,0.401262,0.0219
4515,0.400831,0.0220
4516,0.401605,0.0220
4517,0.402553,0.0221
4518,0.403921,0.0220
4519,0.404089,0.0221
4520,0.403067,0.0220
4521,0.402361,0.0220
4522,0.400047,0.0220
4523,0.397887,0.0221
4524,0.396745,0.0223
4525,0.396233,0.0222
4526,0.395618,0.0220
4527,0.395296,0.0220
4528,0.393663,0.0220
4529,0.392122,0.0220
4530,0.390525,0.0220
4531,0.388788,0.0220
4532,0.387099,0.0220
4533,0.385849,0.0221
4534,0.385051,0.0220
4535,0.383922,0.0219
4536,0.383130,0.0219
4537,0.381701,0.0220
4538,0.380621,0.0220
4539,0.379682,0.0220
4540,0.379119,0.0221
4541,0.378225,0.0220
4542,0.377470,0.0220
4543,0.377005,0.0219
4544,0.376843,0.0220
4545,0.376737,0.0219
4546,0.376722,0.0220
4547,0.376789,0.0220
4548,0.376883,0.0220
4549,0.377741,0.0220
4550,0.377871,0.0223
4551,0.378697,0.0221
4552,0.379113,0.0220
4553,0.379702,0.0230
4554,0.379797,0.0219
4555,0.379664,0.0219
4556,0.379018,0.0220
4557,0.378127,0.0220
4558,0.377115,0.0220
4559,0.376121,0.0220
4560,0.375695,0.0219
4561,0.375013,0.0220
4562,0.377453,0.0220
4563,0.381107,0.0219
4564,0.381033,0.0220
4565,0.378007,0.0220
4566,0.375490,0.0220
4567,0.374952,0.0219
4568,0.376694,0.0220
4569,0.378251,0.0219
4570,0.378638,0.0221
4571,0.378436,0.0220
4572,0.378217,0.0220
4573,0.378062,0.0219
4574,0.378871,0.0220
4575,0.379334,0.0219
4576,0.379148,0.0220
4577,0.379348,0.0223
4578,0.379398,0.0221
4579,0.379530,0.0221
4580,0.379693,0.0221
4581,0.379456,0.0219
4582,0.378638,0.0220
4583,0.377998,0.0219
4584,0.377950,0.0220
4585,0.378556,0.0220
4586,0.378974,0.0219
4587,0.379128,0.0220
4588,0.379541,0.0220
4589,0.379899,0.0219
4590,0.381133,0.0220
4591,0.384362,0.0221
4592,0.387413,0.0220
4593,0.389108,0.0220
4594,0.390509,0.0220
4595,0.391430,0.0220
4596,0.391022,0.0220
4597,0.389910,0.0228
4598,0.388221,0.0220
4599,0.386884,0.0219
4600,0.385603,0.0221
4601,0.388864,0.0220
4602,0.393100,0.0220
4603,0.393478,0.0221
4604,0.394108,0.0220
4605,0.396352,0.0220
4606,0.396494,0.0220
4607,0.394231,0.0221
4608,0.392295,0.0220
4609,0.391945,0.0220
4610,0.391443,0.0220
4611,0.390082,0.0221
4612,0.387967,0.0219
4613,0.387838,0.0219
4614,0.387875,0.0221
4615,0.387021,0.0220
4616,0.385653,0.0220
4617,0.385010,0.0220
4618,0.384829,0.0220
4619,0.385229,0.0222
4620,0.385658,0.0219
4621,0.385735,0.0220
4622,0.385807,0.0220
4623,0.385927,0.0220
4624,0.385869,0.0223
4625,0.384678,0.0219
4626,0.383534,0.0219
4627,0.382544,0.0224
4628,0.381286,0.0221
4629,0.380150,0.0220
4630,0.381174,0.0219
4631,0.381048,0.0220
4632,0.379645,0.0219
4633,0.381322,0.0221
4634,0.383289,0.0220
4635,0.382220,0.0220
4636,0.380399,0.0220
4637,0.379969,0.0219
4638,0.380574,0.0220
4639,0.381060,0.0219
4640,0.380978,0.0220
4641,0.380767,0.0219
4642,0.380561,0.0219
4643,0.379968,0.0219
4644,0.379006,0.0219
4645,0.378610,0.0220
4646,0.377942,0.0220
4647,0.376139,0.0220
4648,0.374850,0.0220
4649,0.374291,0.0222
4650,0.373486,0.0220
4651,0.373173,0.0220
4652,0.372948,0.0221
4653,0.374253,0.0221
4654,0.374212,0.0219
4655,0.371576,0.0219
4656,0.370706,0.0219
4657,0.370831,0.0220
4658,0.370225,0.0219
4659,0.370012,0.0221
4660,0.370171,0.0221
4661,0.369133,0.0219
4662,0.367055,0.0221
4663,0.365914,0.0220
4664,0.365284,0.0220
4665,0.366900,0.0220
4666,0.371123,0.0219
4667,0.375910,0.0220
4668,0.379682,0.0220
4669,0.381563,0.0219
4670,0.381778,0.0219
4671,0.380346,0.0220
4672,0.382440,0.0220
4673,0.382307,0.0220
4674,0.381038,0.0220
4675,0.382185,0.0221
4676,0.380176,0.0220
4677,0.375970,0.0220
4678,0.374463,0.0220
4679,0.373748,0.0220
4680,0.371133,0.0220
4681,0.369249,0.0220
4682,0.368715,0.0222
4683,0.367846,0.0220
4684,0.369748,0.0220
4685,0.369642,0.0221
4686,0.368788,0.0219
4687,0.373862,0.0219
4688,0.376661,0.0221
4689,0.375242,0.0220
4690,0.372857,0.0220
4691,0.375398,0.0221
4692,0.377221,0.0221
4693,0.378439,0.0220
4694,0.377744,0.0219
4695,0.375664,0.0220
4696,0.374578,0.0220
4697,0.374957,0.0220
4698,0.376072,0.0220
4699,0.375039,0.0220
4700,0.372995,0.0220
4701,0.371370,0.0220
4702,0.370812,0.0219
4703,0.371098,0.0222
4704,0.369969,0.0220
4705,0.370834,0.0221
4706,0.376093,0.0221
4707,0.377368,0.0221
4708,0.376278,0.0220
4709,0.376980,0.0220
4710,0.375662,0.0219
4711,0.371971,0.0219
4712,0.369864,0.0219
4713,0.368235,0.0220
4714,0.367121,0.0220
4715,0.365637,0.0220
4716,0.363991,0.0220
4717,0.362848,0.0221
4718,0.362043,0.0220
4719,0.361047,0.0219
4720,0.360328,0.0220
4721,0.359719,0.0221
4722,0.359789,0.0220
4723,0.359290,0.0228
4724,0.359991,0.0221
4725,0.359116,0.0220
4726,0.358292,0.0221
4727,0.357859,0.0219
4728,0.357151,0.0220
4729,0.356264,0.0220
4730,0.356085,0.0220
4731,0.356464,0.0220
4732,0.355906,0.0220
4733,0.356616,0.0220
4734,0.358508,0.0219
4735,0.359768,0.0219
4736,0.360801,0.0222
4737,0.361663,0.0220
4738,0.362034,0.0221
4739,0.361661,0.0220
4740,0.361985,0.0220
4741,0.361612,0.0219
4742,0.360822,0.0220
4743,0.359891,0.0220
4744,0.359552,0.0219
4745,0.358971,0.0226
4746,0.359066,0.0220
4747,0.359285,0.0220
4748,0.359543,0.0223
4749,0.359060,0.0222
4750,0.358372,0.0219
4751,0.357635,0.0221
4752,0.357321,0.0220
4753,0.372673,0.0219
4754,0.403820,0.0220
4755,0.428411,0.0219
4756,0.436842,0.0221
4757,0.430029,0.0220
4758,0.413359,0.0220
4759,0.393965,0.0220
4760,0.378753,0.0220
4761,0.371472,0.0220
4762,0.371645,0.0219
4763,0.374313,0.0219
4764,0.376720,0.0220
4765,0.377455,0.0219
4766,0.376233,0.0220
4767,0.373007,0.0219
4768,0.368752,0.0220
4769,0.365168,0.0221
4770,0.362729,0.0221
4771,0.363752,0.0220
4772,0.363787,0.0220
4773,0.364892,0.0220
4774,0.365501,0.0220
4775,0.366926,0.0221
4776,0.367772,0.0224
4777,0.368933,0.0220
4778,0.370090,0.0219
4779,0.370535,0.0219
4780,0.371758,0.0221
4781,0.380193,0.0220
4782,0.394232,0.0221
4783,0.401224,0.0221
4784,0.398519,0.0219
4785,0.391933,0.0219
4786,0.385925,0.0221
4787,0.383169,0.0220
4788,0.385647,0.0219
4789,0.390709,0.0219
4790,0.396098,0.0219
4791,0.399538,0.0219
4792,0.403705,0.0219
4793,0.407028,0.0220
4794,0.407143,0.0219
4795,0.404813,0.0220
4796,0.402107,0.0219
4797,0.401051,0.0220
4798,0.402252,0.0223
4799,0.402988,0.0220
4800,0.401889,0.0220
4801,0.398794,0.0220
4802,0.396087,0.0219
4803,0.393189,0.0220
4804,0.390744,0.0221
4805,0.389046,0.0219
4806,0.389299,0.0219
4807,0.388185,0.0221
4808,0.386313,0.0220
4809,0.384472,0.0221
4810,0.383505,0.0219
4811,0.382339,0.0221
4812,0.380900,0.0219
4813,0.379916,0.0219
4814,0.379177,0.0219
4815,0.378334,0.0219
4816,0.377942,0.0221
4817,0.377640,0.0220
4818,0.376946,0.0219
4819,0.376691,0.0222
4820,0.376310,0.0219
4821,0.375543,0.0219
4822,0.374712,0.0223
4823,0.374231,0.0221
4824,0.374399,0.0221
4825,0.374228,0.0221
4826,0.373473,0.0219
4827,0.372536,0.0220
4828,0.372434,0.0219
4829,0.372391,0.0220
4830,0.371871,0.0220
4831,0.371879,0.0219
4832,0.372423,0.0220
4833,0.372289,0.0218
4834,0.371078,0.0220
4835,0.370150,0.0219
4836,0.370020,0.0220
4837,0.370180,0.0220
4838,0.370173,0.0220
4839,0.370256,0.0220
4840,0.370350,0.0220
4841,0.370855,0.0219
4842,0.371223,0.0219
4843,0.371296,0.0220
4844,0.371719,0.0223
4845,0.372132,0.0220
4846,0.372608,0.0220
4847,0.373121,0.0221
4848,0.374345,0.0219
4849,0.375118,0.0219
4850,0.374600,0.0220
4851,0.374694,0.0220
4852,0.376037,0.0221
4853,0.376062,0.0220
4854,0.374669,0.0219
4855,0.375859,0.0222
4856,0.375855,0.0221
4857,0.375200,0.0220
4858,0.374177,0.0219
4859,0.374788,0.0220
4860,0.374398,0.0220
4861,0.374141,0.0220
4862,0.374274,0.0231
4863,0.373616,0.0220
4864,0.374258,0.0219
4865,0.374464,0.0220
4866,0.374328,0.0221
4867,0.374577,0.0220
4868,0.373684,0.0219
4869,0.374020,0.0221
4870,0.374515,0.0220
4871,0.374978,0.0220
4872,0.375299,0.0220
4873,0.374896,0.0220
4874,0.373230,0.0220
4875,0.372760,0.0220
4876,0.372514,0.0220
4877,0.372866,0.0220
4878,0.372378,0.0220
4879,0.375072,0.0219
4880,0.379700,0.0224
4881,0.379690,0.0219
4882,0.375782,0.0219
4883,0.371866,0.0224
4884,0.369837,0.0220
4885,0.370721,0.0221
4886,0.371815,0.0221
4887,0.372053,0.0220
4888,0.371641,0.0220
4889,0.371298,0.0220
4890,0.372687,0.0220
4891,0.375782,0.0220
4892,0.378744,0.0220
4893,0.380940,0.0220
4894,0.382774,0.0220
4895,0.385370,0.0220
4896,0.387534,0.0220
4897,0.391334,0.0220
4898,0.393443,0.0220
4899,0.394275,0.0220
4900,0.394446,0.0221
4901,0.393862,0.0221
4902,0.393779,0.0220
4903,0.393503,0.0229
4904,0.392341,0.0219
4905,0.391673,0.0219
4906,0.390973,0.0221
4907,0.389407,0.0221
4908,0.388702,0.0221
4909,0.388589,0.0220
4910,0.390753,0.0220
4911,0.394656,0.0220
4912,0.396803,0.0220
4913,0.397010,0.0221
4914,0.396069,0.0220
4915,0.394084,0.0221
4916,0.391516,0.0219
4917,0.389010,0.0219
4918,0.387748,0.0220
4919,0.386636,0.0220
4920,0.385612,0.0220
4921,0.385161,0.0220
4922,0.384642,0.0219
4923,0.386155,0.0219
4924,0.387673,0.0220
4925,0.386904,0.0219
4926,0.385021,0.0223
4927,0.383442,0.0220
4928,0.382625,0.0221
4929,0.381704,0.0220
4930,0.380262,0.0219
4931,0.378881,0.0221
4932,0.377771,0.0220
4933,0.376913,0.0220
4934,0.376085,0.0221
4935,0.374894,0.0219
4936,0.373773,0.0220
4937,0.372731,0.0220
4938,0.371805,0.0222
4939,0.370836,0.0219
4940,0.369896,0.0221
4941,0.368712,0.0221
4942,0.367622,0.0220
4943,0.366445,0.0220
4944,0.365503,0.0222
4945,0.364687,0.0220
4946,0.363715,0.0219
4947,0.365804,0.0220
4948,0.371488,0.0219
4949,0.377126,0.0221
4950,0.379817,0.0220
4951,0.379573,0.0220
4952,0.376753,0.0220
4953,0.372658,0.0221
4954,0.368352,0.0220
4955,0.365170,0.0219
4956,0.362965,0.0220
4957,0.361545,0.0224
4958,0.360309,0.0220
4959,0.359035,0.0220
4960,0.357550,0.0220
4961,0.356311,0.0220
4962,0.355002,0.0219
4963,0.353891,0.0219
4964,0.353045,0.0219
4965,0.352064,0.0220
4966,0.351213,0.0220
4967,0.350581,0.0220
4968,0.350110,0.0219
4969,0.349513,0.0219
4970,0.348932,0.0220
4971,0.348432,0.0220
4972,0.347939,0.0220
4973,0.347443,0.0219
4974,0.347111,0.0220
4975,0.346763,0.0219
4976,0.346276,0.0220
4977,0.345841,0.0225
4978,0.345252,0.0219
4979,0.344613,0.0220
4980,0.343888,0.0221
4981,0.343235,0.0221
4982,0.342541,0.0220
4983,0.342204,0.0219
4984,0.341831,0.0221
4985,0.341538,0.0220
4986,0.341241,0.0219
4987,0.341319,0.0221
4988,0.342186,0.0219
4989,0.343107,0.0220
4990,0.344235,0.0219
4991,0.345394,0.0220
4992,0.346793,0.0220
4993,0.348155,0.0220
4994,0.349505,0.0219
4995,0.350847,0.0220
4996,0.352132,0.0220
4997,0.354691,0.0220
4998,0.359208,0.0220
4999,0.364049,0.0224
5000,0.368005,0.0223
5001,0.370452,0.0220
5002,0.371587,0.0220
5003,0.371583,0.0224
5004,0.370529,0.0220
5005,0.369290,0.0219
5006,0.367909,0.0220
5007,0.366846,0.0220
5008,0.365969,0.0221
5009,0.365219,0.0221
5010,0.364708,0.0221
5011,0.364173,0.0220
5012,0.363880,0.0220
5013,0.363463,0.0220
5014,0.363055,0.0218
5015,0.363140,0.0220
5016,0.362993,0.0221
5017,0.362722,0.0219
5018,0.362594,0.0221
5019,0.362623,0.0220
5020,0.362683,0.0220
5021,0.361766,0.0220
5022,0.360539,0.0220
5023,0.360012,0.0220
5024,0.359631,0.0219
5025,0.359313,0.0221
5026,0.358593,0.0219
5027,0.358030,0.0219
5028,0.357430,0.0227
5029,0.356815,0.0220
5030,0.356024,0.0221
5031,0.355221,0.0220
5032,0.354335,0.0220
5033,0.353497,0.0220
5034,0.352830,0.0220
5035,0.352299,0.0220
5036,0.351532,0.0220
5037,0.351425,0.0221
5038,0.351909,0.0220
5039,0.351779,0.0220
5040,0.350835,0.0219
5041,0.349633,0.0220
5042,0.348855,0.0220
5043,0.348606,0.0219
5044,0.348879,0.0219
5045,0.348909,0.0220
5046,0.349119,0.0219
5047,0.348723,0.0220
5048,0.348389,0.0231
5049,0.348078,0.0220
5050,0.347505,0.0220
5051,0.347147,0.0221
5052,0.346717,0.0220
5053,0.346143,0.0221
5054,0.345913,0.0220
5055,0.345540,0.0219
5056,0.345183,0.0220
5057,0.344946,0.0219
5058,0.344663,0.0219
5059,0.344542,0.0220
5060,0.344388,0.0219
5061,0.344331,0.0219
5062,0.344485,0.0220
5063,0.344291,0.0220
5064,0.344194,0.0221
5065,0.344189,0.0219
5066,0.344240,0.0220
5067,0.344256,0.0221
5068,0.344082,0.0220
5069,0.343911,0.0220
5070,0.343841,0.0220
5071,0.343529,0.0219
5072,0.343041,0.0219
5073,0.342677,0.0222
5074,0.342486,0.0223
5075,0.342049,0.0221
5076,0.341675,0.0220
5077,0.341250,0.0224
5078,0.340645,0.0219
5079,0.340479,0.0220
5080,0.340234,0.0219
5081,0.339930,0.0220
5082,0.339808,0.0220
5083,0.339483,0.0219
5084,0.339424,0.0219
5085,0.339364,0.0220
5086,0.338895,0.0222
5087,0.338765,0.0220
5088,0.338582,0.0220
5089,0.338305,0.0220
5090,0.338100,0.0220
5091,0.337750,0.0220
5092,0.337391,0.0219
5093,0.337201,0.0221
5094,0.337154,0.0219
5095,0.337088,0.0219
5096,0.336937,0.0220
5097,0.336889,0.0220
5098,0.336779,0.0220
5099,0.336736,0.0220
5100,0.336622,0.0220
5101,0.336665,0.0219
5102,0.336677,0.0221
5103,0.336494,0.0221
5104,0.336323,0.0220
5105,0.336048,0.0220
5106,0.336061,0.0221
5107,0.335956,0.0220
5108,0.336222,0.0220
5109,0.336668,0.0219
5110,0.337429,0.0220
5111,0.338023,0.0219
5112,0.338478,0.0219
5113,0.339074,0.0220
5114,0.339344,0.0219
5115,0.339437,0.0220
5116,0.339334,0.0220
5117,0.338961,0.0219
5118,0.338456,0.0220
5119,0.338009,0.0220
5120,0.337578,0.0219
5121,0.337102,0.0219
5122,0.336624,0.0219
5123,0.336217,0.0224
5124,0.335584,0.0220
5125,0.335077,0.0219
5126,0.334254,0.0232
5127,0.333682,0.0220
5128,0.333431,0.0219
5129,0.333298,0.0221
5130,0.333361,0.0219
5131,0.333622,0.0220
5132,0.333892,0.0220
5133,0.334221,0.0219
5134,0.334528,0.0219
5135,0.334797,0.0220
5136,0.334971,0.0219
5137,0.335075,0.0219
5138,0.334925,0.0222
5139,0.334993,0.0220
5140,0.335044,0.0221
5141,0.335099,0.0220
5142,0.335412,0.0220
5143,0.335568,0.0220
5144,0.335799,0.0219
5145,0.335851,0.0221
5146,0.335913,0.0223
5147,0.335799,0.0220
5148,0.335498,0.0220
5149,0.335091,0.0222
5150,0.334506,0.0222
5151,0.334040,0.0221
5152,0.333604,0.0220
5153,0.333055,0.0220
5154,0.332592,0.0219
5155,0.335892,0.0220
5156,0.344877,0.0221
5157,0.357157,0.0219
5158,0.371711,0.0220
5159,0.387134,0.0220
5160,0.402951,0.0221
5161,0.418203,0.0222
5162,0.432249,0.0226
5163,0.445206,0.0222
5164,0.456629,0.0221
5165,0.467019,0.0222
5166,0.476498,0.0222
5167,0.485238,0.0222
5168,0.493309,0.0222
5169,0.500198,0.0221
5170,0.505991,0.0223
5171,0.510723,0.0222
5172,0.514790,0.0223
5173,0.517763,0.0222
5174,0.520314,0.0225
5175,0.522854,0.0221
5176,0.524594,0.0222
5177,0.525862,0.0223
5178,0.526866,0.0221
5179,0.527331,0.0221
5180,0.527426,0.0222
5181,0.527287,0.0222
5182,0.526876,0.0223
5183,0.526111,0.0222
5184,0.525427,0.0222
5185,0.524628,0.0223
5186,0.523551,0.0222
5187,0.522470,0.0222
5188,0.521268,0.0222
5189,0.519993,0.0221
5190,0.518450,0.0222
5191,0.516761,0.0222
5192,0.515123,0.0222
5193,0.513635,0.0221
5194,0.511985,0.0222
5195,0.510148,0.0222
5196,0.508143,0.0222
5197,0.506302,0.0222
5198,0.504487,0.0223
5199,0.502624,0.0223
5200,0.500845,0.0221
5201,0.498976,0.0223
5202,0.497323,0.0223
5203,0.495384,0.0223
5204,0.493407,0.0222
5205,0.491547,0.0221
5206,0.489737,0.0222
5207,0.487932,0.0222
5208,0.486010,0.0221
5209,0.484050,0.0221
5210,0.482143,0.0227
5211,0.480140,0.0221
5212,0.478240,0.0222
5213,0.476695,0.0221
5214,0.475155,0.0221
5215,0.474012,0.0222
5216,0.472375,0.0222
5217,0.470143,0.0222
5218,0.467784,0.0221
5219,0.465913,0.0226
5220,0.464327,0.0222
5221,0.462743,0.0223
5222,0.460965,0.0222
5223,0.459083,0.0223
5224,0.457320,0.0224
5225,0.455613,0.0222
5226,0.454100,0.0223
5227,0.452888,0.0221
5228,0.451567,0.0222
5229,0.450194,0.0222
5230,0.448768,0.0221
5231,0.447223,0.0222
5232,0.445906,0.0222
5233,0.444561,0.0222
5234,0.443183,0.0220
5235,0.441781,0.0222
5236,0.440508,0.0221
5237,0.439235,0.0221
5238,0.437805,0.0222
5239,0.436484,0.0226
5240,0.435095,0.0222
5241,0.433857,0.0222
5242,0.432551,0.0223
5243,0.431379,0.0226
5244,0.430292,0.0221
5245,0.429085,0.0221
5246,0.427895,0.0221
5247,0.426513,0.0221
5248,0.425274,0.0228
5249,0.424046,0.0221
5250,0.422765,0.0222
5251,0.421475,0.0222
5252,0.420287,0.0225
5253,0.419095,0.0222
5254,0.417705,0.0221
5255,0.416451,0.0221
5256,0.415295,0.0220
5257,0.414120,0.0221
5258,0.413081,0.0222
5259,0.412064,0.0221
5260,0.411180,0.0222
5261,0.409999,0.0222
5262,0.408688,0.0227
5263,0.407659,0.0221
5264,0.406762,0.0222
5265,0.405603,0.0221
5266,0.404504,0.0222
5267,0.403484,0.0222
5268,0.402392,0.0221
5269,0.401535,0.0223
5270,0.400563,0.0233
5271,0.399643,0.0225
5272,0.398570,0.0221
5273,0.397542,0.0224
5274,0.396721,0.0221
5275,0.396009,0.0221
5276,0.395206,0.0222
5277,0.394602,0.0221
5278,0.394003,0.0222
5279,0.393034,0.0222
5280,0.392278,0.0222
5281,0.391441,0.0221
5282,0.390505,0.0220
5283,0.389793,0.0221
5284,0.388991,0.0223
5285,0.388298,0.0221
5286,0.387584,0.0221
5287,0.386659,0.0221
5288,0.385851,0.0221
5289,0.385148,0.0223
5290,0.384324,0.0222
5291,0.383506,0.0222
5292,0.382768,0.0221
5293,0.382081,0.0221
5294,0.383300,0.0225
5295,0.387302,0.0223
5296,0.391691,0.0230
5297,0.395117,0.0222
5298,0.396697,0.0221
5299,0.396458,0.0220
5300,0.394934,0.0221
5301,0.392644,0.0221
5302,0.390444,0.0222
5303,0.388384,0.0222
5304,0.386556,0.0221
5305,0.384973,0.0221
5306,0.383373,0.0220
5307,0.381676,0.0222
5308,0.379809,0.0221
5309,0.377989,0.0222
5310,0.376122,0.0221
5311,0.375045,0.0223
5312,0.374709,0.0222
5313,0.374582,0.0222
5314,0.374084,0.0222
5315,0.373110,0.0223
5316,0.371863,0.0221
5317,0.370464,0.0221
5318,0.369272,0.0222
5319,0.368223,0.0221
5320,0.367460,0.0222
5321,0.366776,0.0224
5322,0.365725,0.0222
5323,0.364727,0.0220
5324,0.363686,0.0222
5325,0.362846,0.0221
5326,0.362246,0.0221
5327,0.361740,0.0221
5328,0.361132,0.0221
5329,0.360658,0.0222
5330,0.360029,0.0222
5331,0.359568,0.0221
5332,0.359142,0.0222
5333,0.358793,0.0221
5334,0.358400,0.0221
5335,0.357994,0.0222
5336,0.357625,0.0222
5337,0.357324,0.0221
5338,0.356736,0.0222
5339,0.356029,0.0221
5340,0.355559,0.0222
5341,0.354991,0.0226
5342,0.354461,0.0222
5343,0.353941,0.0221
5344,0.353519,0.0220
5345,0.353258,0.0222
5346,0.353123,0.0221
5347,0.352932,0.0224
5348,0.352419,0.0222
5349,0.351877,0.0222
5350,0.351511,0.0222
5351,0.351330,0.0221
5352,0.351186,0.0221
5353,0.351061,0.0222
5354,0.350643,0.0223
5355,0.350163,0.0221
5356,0.349792,0.0221
5357,0.349440,0.0221
5358,0.348928,0.0222
5359,0.348731,0.0221
5360,0.348220,0.0224
5361,0.347778,0.0222
5362,0.347442,0.0221
5363,0.347076,0.0221
5364,0.346714,0.0221
5365,0.346359,0.0222
5366,0.345971,0.0221
5367,0.345389,0.0222
5368,0.345203,0.0222
5369,0.345317,0.0222
5370,0.345210,0.0222
5371,0.344868,0.0222
5372,0.344438,0.0223
5373,0.343790,0.0220
5374,0.343268,0.0221
5375,0.343138,0.0221
5376,0.343194,0.0222
5377,0.343336,0.0220
5378,0.343537,0.0221
5379,0.343806,0.0222
5380,0.344057,0.0223
5381,0.344408,0.0223
5382,0.344527,0.0223
5383,0.344601,0.0222
5384,0.344635,0.0223
5385,0.344780,0.0222
5386,0.344872,0.0221
5387,0.345011,0.0221
5388,0.345122,0.0221
5389,0.345093,0.0231
5390,0.345091,0.0222
5391,0.345068,0.0221
5392,0.345007,0.0222
5393,0.344981,0.0222
5394,0.344939,0.0224
5395,0.344752,0.0221
5396,0.344773,0.0221
5397,0.344741,0.0221
5398,0.344685,0.0222
5399,0.344560,0.0222
5400,0.344528,0.0222
5401,0.344394,0.0225
5402,0.344189,0.0225
5403,0.343971,0.0222
5404,0.343651,0.0222
5405,0.343441,0.0221
5406,0.343262,0.0222
5407,0.342984,0.0222
5408,0.342749,0.0223
5409,0.342480,0.0221
5410,0.342287,0.0221
5411,0.342134,0.0222
5412,0.341932,0.0222
5413,0.341651,0.0222
5414,0.341297,0.0222
5415,0.341070,0.0224
5416,0.340955,0.0222
5417,0.340862,0.0222
5418,0.340650,0.0223
5419,0.340464,0.0222
5420,0.340218,0.0221
5421,0.339957,0.0221
5422,0.339728,0.0221
5423,0.339476,0.0221
5424,0.339225,0.0221
5425,0.338950,0.0221
5426,0.338812,0.0222
5427,0.338466,0.0221
5428,0.338176,0.0222
5429,0.337926,0.0222
5430,0.337789,0.0222
5431,0.337605,0.0221
5432,0.337444,0.0223
5433,0.337167,0.0222
5434,0.336853,0.0226
5435,0.336763,0.0222
5436,0.336533,0.0221
5437,0.336340,0.0223
5438,0.336100,0.0223
5439,0.335775,0.0221
5440,0.335690,0.0221
5441,0.335429,0.0222
5442,0.335195,0.0226
5443,0.335028,0.0221
5444,0.334826,0.0221
5445,0.334601,0.0221
5446,0.334514,0.0222
5447,0.334394,0.0223
5448,0.334384,0.0221
5449,0.334306,0.0223
5450,0.334038,0.0221
5451,0.333762,0.0222
5452,0.333522,0.0222
5453,0.333391,0.0221
5454,0.333508,0.0222
5455,0.333451,0.0221
5456,0.333602,0.0221
5457,0.333709,0.0221
5458,0.333701,0.0221
5459,0.333315,0.0223
5460,0.332988,0.0221
5461,0.332730,0.0221
5462,0.332248,0.0222
5463,0.332053,0.0221
5464,0.331756,0.0222
5465,0.331408,0.0221
5466,0.331178,0.0222
5467,0.331117,0.0225
5468,0.331001,0.0225
5469,0.330743,0.0221
5470,0.330674,0.0222
5471,0.330552,0.0223
5472,0.330274,0.0223
5473,0.330247,0.0223
5474,0.329862,0.0222
5475,0.329693,0.0222
5476,0.329499,0.0221
5477,0.329251,0.0227
5478,0.329114,0.0222
5479,0.328773,0.0221
5480,0.328450,0.0221
5481,0.328190,0.0221
5482,0.328238,0.0222
5483,0.328261,0.0221
5484,0.328095,0.0221
5485,0.327859,0.0221
5486,0.327773,0.0222
5487,0.327631,0.0222
5488,0.327425,0.0221
5489,0.327212,0.0231
5490,0.326905,0.0226
5491,0.326828,0.0221
5492,0.326681,0.0223
5493,0.326402,0.0221
5494,0.326409,0.0221
5495,0.326185,0.0222
5496,0.326045,0.0221
5497,0.325804,0.0221
5498,0.325604,0.0222
5499,0.325439,0.0223
5500,0.325382,0.0220
5501,0.325188,0.0221
5502,0.324912,0.0222
5503,0.324863,0.0221
5504,0.324720,0.0221
5505,0.324571,0.0222
5506,0.324365,0.0222
5507,0.324138,0.0221
5508,0.324128,0.0222
5509,0.323997,0.0222
5510,0.323836,0.0222
5511,0.323600,0.0222
5512,0.323579,0.0223
5513,0.323601,0.0222
5514,0.323406,0.0221
5515,0.323365,0.0231
5516,0.323249,0.0223
5517,0.323215,0.0223
5518,0.322974,0.0222
5519,0.322858,0.0222
5520,0.322854,0.0221
5521,0.322798,0.0221
5522,0.322749,0.0222
5523,0.322748,0.0221
5524,0.322686,0.0222
5525,0.322531,0.0221
5526,0.322387,0.0222
5527,0.322284,0.0223
5528,0.322194,0.0222
5529,0.322124,0.0222
5530,0.321993,0.0222
5531,0.321841,0.0222
5532,0.321814,0.0221
5533,0.321752,0.0221
5534,0.321679,0.0222
5535,0.321684,0.0221
5536,0.321571,0.0222
5537,0.321503,0.0222
5538,0.321242,0.0226
5539,0.321062,0.0222
5540,0.321003,0.0226
5541,0.320991,0.0221
5542,0.321037,0.0221
5543,0.320916,0.0221
5544,0.320768,0.0221
5545,0.320652,0.0222
5546,0.320490,0.0221
5547,0.320598,0.0222
5548,0.320512,0.0222
5549,0.320595,0.0222
5550,0.320541,0.0221
5551,0.320303,0.0222
5552,0.320259,0.0222
5553,0.320062,0.0222
5554,0.320137,0.0221
5555,0.320096,0.0222
5556,0.320081,0.0221
5557,0.320066,0.0222
5558,0.320001,0.0221
5559,0.320030,0.0221
5560,0.319853,0.0224
5561,0.319781,0.0225
5562,0.319713,0.0221
5563,0.319605,0.0222
5564,0.319518,0.0225
5565,0.319374,0.0222
5566,0.319221,0.0224
5567,0.319116,0.0223
5568,0.318980,0.0222
5569,0.318861,0.0221
5570,0.318658,0.0223
5571,0.318602,0.0222
5572,0.318428,0.0221
5573,0.318461,0.0221
5574,0.318187,0.0221
5575,0.318021,0.0222
5576,0.317924,0.0221
5577,0.317810,0.0221
5578,0.317667,0.0222
5579,0.317532,0.0222
5580,0.317453,0.0223
5581,0.317429,0.0223
5582,0.317424,0.0221
5583,0.317324,0.0221
5584,0.317232,0.0222
5585,0.317227,0.0224
5586,0.317182,0.0221
5587,0.317115,0.0223
5588,0.317066,0.0225
5589,0.317121,0.0222
5590,0.316773,0.0220
5591,0.316451,0.0226
5592,0.316291,0.0222
5593,0.316401,0.0221
5594,0.316371,0.0222
5595,0.316289,0.0220
5596,0.316206,0.0222
5597,0.316189,0.0222
5598,0.316155,0.0222
5599,0.316098,0.0221
5600,0.316012,0.0221
5601,0.316031,0.0221
5602,0.315822,0.0225
5603,0.315732,0.0222
5604,0.315809,0.0221
5605,0.315484,0.0222
5606,0.315310,0.0222
5607,0.315277,0.0222
5608,0.315073,0.0230
5609,0.315129,0.0222
5610,0.315067,0.0221
5611,0.315042,0.0222
5612,0.315095,0.0222
5613,0.315221,0.0222
5614,0.315335,0.0223
5615,0.315191,0.0221
5616,0.315298,0.0222
5617,0.315160,0.0222
5618,0.315017,0.0223
5619,0.314959,0.0222
5620,0.315023,0.0220
5621,0.315121,0.0221
5622,0.315131,0.0221
5623,0.315037,0.0221
5624,0.314891,0.0222
5625,0.314900,0.0222
5626,0.314680,0.0222
5627,0.314637,0.0222
5628,0.314639,0.0222
5629,0.314682,0.0222
5630,0.314489,0.0223
5631,0.314521,0.0222
5632,0.314504,0.0222
5633,0.314540,0.0231
5634,0.314628,0.0222
5635,0.314643,0.0221
5636,0.314456,0.0222
5637,0.314497,0.0221
5638,0.314347,0.0221
5639,0.314273,0.0224
5640,0.314129,0.0221
5641,0.314060,0.0222
5642,0.313873,0.0222
5643,0.313804,0.0221
5644,0.313662,0.0221
5645,0.313670,0.0221
5646,0.313504,0.0223
5647,0.313415,0.0222
5648,0.313528,0.0221
5649,0.313509,0.0222
5650,0.313396,0.0221
5651,0.313382,0.0226
5652,0.313175,0.0221
5653,0.313047,0.0221
5654,0.313000,0.0221
5655,0.313053,0.0222
5656,0.312898,0.0222
5657,0.312652,0.0221
5658,0.312629,0.0221
5659,0.312529,0.0228
5660,0.312648,0.0222
5661,0.312632,0.0221
5662,0.312713,0.0221
5663,0.312741,0.0227
5664,0.312815,0.0221
5665,0.312771,0.0222
5666,0.312790,0.0222
5667,0.312756,0.0222
5668,0.312637,0.0226
5669,0.312520,0.0221
5670,0.312661,0.0220
5671,0.312837,0.0221
5672,0.312867,0.0221
5673,0.312934,0.0222
5674,0.313044,0.0222
5675,0.312967,0.0222
5676,0.313006,0.0221
5677,0.312974,0.0222
5678,0.312964,0.0222
5679,0.312653,0.0221
5680,0.312435,0.0221
5681,0.312363,0.0221
5682,0.312311,0.0222
5683,0.311972,0.0222
5684,0.312039,0.0232
5685,0.311931,0.0221
5686,0.311990,0.0221
5687,0.312010,0.0222
5688,0.311749,0.0221
5689,0.311617,0.0226
5690,0.311398,0.0221
5691,0.311461,0.0221
5692,0.311433,0.0227
5693,0.311262,0.0222
5694,0.311224,0.0221
5695,0.311143,0.0222
5696,0.311180,0.0222
5697,0.311307,0.0224
5698,0.311242,0.0221
5699,0.311136,0.0221
5700,0.311109,0.0223
5701,0.311028,0.0222
5702,0.310911,0.0222
5703,0.310811,0.0221
5704,0.310862,0.0221
5705,0.310673,0.0220
5706,0.310674,0.0222
5707,0.310678,0.0225
5708,0.310638,0.0221
5709,0.310635,0.0224
5710,0.310599,0.0223
5711,0.310797,0.0221
5712,0.310658,0.0221
5713,0.310712,0.0225
5714,0.310806,0.0223
5715,0.311030,0.0222
5716,0.311096,0.0221
5717,0.310951,0.0221
5718,0.310714,0.0222
5719,0.310730,0.0221
5720,0.310685,0.0221
5721,0.310575,0.0224
5722,0.310589,0.0221
5723,0.310582,0.0221
5724,0.310650,0.0222
5725,0.310671,0.0223
5726,0.310994,0.0221
5727,0.311318,0.0222
5728,0.311718,0.0221
5729,0.311516,0.0221
5730,0.311372,0.0221
5731,0.311250,0.0224
5732,0.310908,0.0222
5733,0.310471,0.0222
5734,0.310239,0.0225
5735,0.309968,0.0222
5736,0.309736,0.0222
5737,0.309592,0.0224
5738,0.309555,0.0222
5739,0.309506,0.0221
5740,0.309420,0.0227
5741,0.309357,0.0221
5742,0.309229,0.0220
5743,0.309204,0.0222
5744,0.309139,0.0223
5745,0.309065,0.0222
5746,0.309008,0.0223
5747,0.309015,0.0221
5748,0.308842,0.0225
5749,0.308827,0.0222
5750,0.308887,0.0221
5751,0.308608,0.0222
5752,0.308472,0.0221
5753,0.308452,0.0226
5754,0.308348,0.0222
5755,0.308146,0.0221
5756,0.308104,0.0222
5757,0.308052,0.0221
5758,0.308008,0.0226
5759,0.307939,0.0221
5760,0.308022,0.0225
5761,0.308016,0.0223
5762,0.307932,0.0223
5763,0.307868,0.0222
5764,0.307807,0.0222
5765,0.307881,0.0222
5766,0.307737,0.0222
5767,0.307729,0.0223
5768,0.307625,0.0222
5769,0.307463,0.0221
5770,0.307428,0.0221
5771,0.307334,0.0221
5772,0.307265,0.0227
5773,0.307211,0.0222
5774,0.307358,0.0224
5775,0.307418,0.0223
5776,0.307294,0.0222
5777,0.307191,0.0221
5778,0.307030,0.0222
5779,0.306828,0.0221
5780,0.306984,0.0221
5781,0.306985,0.0220
5782,0.306743,0.0219
5783,0.306744,0.0219
5784,0.306843,0.0220
5785,0.306757,0.0220
5786,0.306699,0.0220
5787,0.306812,0.0219
5788,0.306766,0.0220
5789,0.306658,0.0221
5790,0.306499,0.0220
5791,0.306501,0.0219
5792,0.306509,0.0221
5793,0.306459,0.0219
5794,0.306327,0.0220
5795,0.306443,0.0221
5796,0.306472,0.0220
5797,0.306586,0.0221
5798,0.306478,0.0220
5799,0.306317,0.0219
5800,0.306414,0.0219
5801,0.306490,0.0219
5802,0.306447,0.0221
5803,0.306414,0.0220
5804,0.306342,0.0220
5805,0.306270,0.0219
5806,0.306156,0.0220
5807,0.305987,0.0221
5808,0.306054,0.0220
5809,0.306090,0.0219
5810,0.305925,0.0220
5811,0.305789,0.0224
5812,0.305745,0.0224
5813,0.305712,0.0220
5814,0.305562,0.0220
5815,0.305549,0.0223
5816,0.305591,0.0220
5817,0.305588,0.0220
5818,0.305474,0.0220
5819,0.305545,0.0219
5820,0.305498,0.0220
5821,0.305340,0.0222
5822,0.305395,0.0219
5823,0.305545,0.0219
5824,0.305423,0.0222
5825,0.305338,0.0221
5826,0.305316,0.0219
5827,0.305245,0.0221
5828,0.305189,0.0220
5829,0.305269,0.0219
5830,0.305148,0.0223
5831,0.305101,0.0222
5832,0.304974,0.0220
5833,0.305033,0.0219
5834,0.304987,0.0219
5835,0.304858,0.0221
5836,0.304878,0.0220
5837,0.304875,0.0220
5838,0.304908,0.0219
5839,0.304919,0.0223
5840,0.304793,0.0223
5841,0.304680,0.0220
5842,0.304606,0.0219
5843,0.304673,0.0219
5844,0.304724,0.0220
5845,0.304551,0.0221
5846,0.304589,0.0220
5847,0.304344,0.0221
5848,0.304272,0.0221
5849,0.304306,0.0219
5850,0.304302,0.0221
5851,0.304215,0.0220
5852,0.304174,0.0219
5853,0.304326,0.0221
5854,0.304196,0.0219
5855,0.304163,0.0219
5856,0.304228,0.0220
5857,0.304310,0.0220
5858,0.304367,0.0220
5859,0.304161,0.0220
5860,0.304029,0.0227
5861,0.304102,0.0219
5862,0.304159,0.0219
5863,0.304333,0.0222
5864,0.304290,0.0219
5865,0.304279,0.0221
5866,0.304351,0.0221
5867,0.304402,0.0219
5868,0.304475,0.0219
5869,0.304349,0.0219
5870,0.304278,0.0221
5871,0.304104,0.0220
5872,0.303948,0.0221
5873,0.303881,0.0219
5874,0.303621,0.0219
5875,0.303773,0.0219
5876,0.303707,0.0220
5877,0.303808,0.0219
5878,0.303674,0.0221
5879,0.303573,0.0220
5880,0.303599,0.0220
5881,0.303683,0.0220
5882,0.303299,0.0220
5883,0.303204,0.0220
5884,0.303155,0.0220
5885,0.302988,0.0220
5886,0.303190,0.0219
5887,0.303160,0.0219
5888,0.303194,0.0221
5889,0.303003,0.0219
5890,0.302902,0.0220
5891,0.302956,0.0221
5892,0.303066,0.0221
5893,0.303017,0.0221
5894,0.302868,0.0220
5895,0.302637,0.0220
5896,0.302621,0.0221
5897,0.302463,0.0220
5898,0.302398,0.0220
5899,0.302501,0.0220
5900,0.302412,0.0220
5901,0.302489,0.0220
5902,0.302542,0.0221
5903,0.302591,0.0220
5904,0.302383,0.0220
5905,0.302383,0.0220
5906,0.302406,0.0219
5907,0.302438,0.0220
5908,0.302512,0.0221
5909,0.302447,0.0221
5910,0.302377,0.0220
5911,0.302341,0.0220
5912,0.302379,0.0220
5913,0.302260,0.0220
5914,0.302240,0.0222
5915,0.302180,0.0219
5916,0.302255,0.0220
5917,0.302144,0.0223
5918,0.302235,0.0220
5919,0.302026,0.0219
5920,0.301833,0.0219
5921,0.301759,0.0219
5922,0.301926,0.0220
5923,0.301942,0.0221
5924,0.301910,0.0219
5925,0.301838,0.0221
5926,0.301898,0.0220
5927,0.301894,0.0220
5928,0.301736,0.0220
5929,0.301756,0.0220
5930,0.301814,0.0220
5931,0.301820,0.0221
5932,0.301743,0.0219
5933,0.301849,0.0219
5934,0.301731,0.0228
5935,0.301751,0.0221
5936,0.301833,0.0220
5937,0.301735,0.0220
5938,0.301573,0.0219
5939,0.301572,0.0220
5940,0.301740,0.0223
5941,0.301847,0.0219
5942,0.301866,0.0220
5943,0.301824,0.0220
5944,0.301725,0.0220
5945,0.301812,0.0220
5946,0.301854,0.0219
5947,0.302016,0.0221
5948,0.301876,0.0219
5949,0.301980,0.0219
5950,0.302011,0.0219
5951,0.302077,0.0219
5952,0.302071,0.0220
5953,0.302134,0.0219
5954,0.302191,0.0220
5955,0.302448,0.0219
5956,0.302437,0.0219
5957,0.302614,0.0219
5958,0.302901,0.0220
5959,0.303150,0.0222
5960,0.302878,0.0220
5961,0.302630,0.0219
5962,0.302592,0.0222
5963,0.302552,0.0220
5964,0.302743,0.0219
5965,0.302753,0.0222
5966,0.302578,0.0219
5967,0.302400,0.0220
5968,0.302161,0.0220
5969,0.302090,0.0220
5970,0.302200,0.0219
5971,0.302189,0.0219
5972,0.302172,0.0219
5973,0.302034,0.0219
5974,0.301857,0.0220
5975,0.302010,0.0220
5976,0.301689,0.0220
5977,0.301640,0.0221
5978,0.301583,0.0219
5979,0.301836,0.0220
5980,0.301786,0.0219
5981,0.301625,0.0219
5982,0.301451,0.0220
5983,0.301348,0.0220
5984,0.301164,0.0220
5985,0.301008,0.0220
5986,0.300911,0.0220
5987,0.301067,0.0220
5988,0.301212,0.0219
5989,0.301027,0.0221
5990,0.300967,0.0220
5991,0.300831,0.0221
5992,0.300630,0.0220
5993,0.300430,0.0220
5994,0.300168,0.0220
5995,0.300184,0.0220
5996,0.300326,0.0220
5997,0.300324,0.0221
5998,0.300237,0.0220
5999,0.300395,0.0220
6000,0.300586,0.0220
