epoch,loss,tiempo_s
1,13.734800,0.2631
2,9.062343,0.0245
3,8.576133,0.0245
4,8.303237,0.0239
5,8.110747,0.0240
6,7.965405,0.0239
7,7.848740,0.0216
8,7.753944,0.0216
9,7.672978,0.0220
10,7.601825,0.0216
11,7.538670,0.0216
12,7.483852,0.0225
13,7.435005,0.0220
14,7.390531,0.0216
15,7.349805,0.0216
16,7.312015,0.0213
17,7.276996,0.0210
18,7.245558,0.0210
19,7.215665,0.0210
20,7.187214,0.0210
21,7.161562,0.0210
22,7.136514,0.0210
23,7.113142,0.0210
24,7.090813,0.0210
25,7.069438,0.0210
26,7.050474,0.0210
27,7.030538,0.0210
28,7.012650,0.0210
29,6.994640,0.0210
30,6.978292,0.0210
31,6.961678,0.0210
32,6.945201,0.0210
33,6.929312,0.0211
34,6.915042,0.0210
35,6.900154,0.0210
36,6.886964,0.0210
37,6.872493,0.0215
38,6.858500,0.0210
39,6.845705,0.0210
40,6.831796,0.0214
41,6.819961,0.0210
42,6.807230,0.0211
43,6.794944,0.0211
44,6.782702,0.0211
45,6.771230,0.0211
46,6.758651,0.0211
47,6.747464,0.0211
48,6.736348,0.0211
49,6.725479,0.0211
50,6.714074,0.0211
51,6.703830,0.0212
52,6.693078,0.0210
53,6.683019,0.0210
54,6.671822,0.0211
55,6.662193,0.0211
56,6.651412,0.0211
57,6.642245,0.0211
58,6.632127,0.0211
59,6.621555,0.0214
60,6.612523,0.0214
61,6.602113,0.0212
62,6.592855,0.0211
63,6.582633,0.0211
64,6.573008,0.0211
65,6.563702,0.0211
66,6.553587,0.0211
67,6.543619,0.0211
68,6.534106,0.0211
69,6.525484,0.0211
70,6.515906,0.0211
71,6.506384,0.0211
72,6.497322,0.0211
73,6.487042,0.0211
74,6.479228,0.0211
75,6.470169,0.0211
76,6.460475,0.0211
77,6.451429,0.0211
78,6.441674,0.0211
79,6.432980,0.0211
80,6.426176,0.0211
81,6.417376,0.0211
82,6.409183,0.0211
83,6.400686,0.0211
84,6.392599,0.0211
85,6.383504,0.0212
86,6.375937,0.0212
87,6.367329,0.0215
88,6.359016,0.0211
89,6.351599,0.0212
90,6.343312,0.0211
91,6.334526,0.0211
92,6.328308,0.0211
93,6.319588,0.0211
94,6.312225,0.0211
95,6.304606,0.0211
96,6.296754,0.0212
97,6.288692,0.0212
98,6.281144,0.0212
99,6.272804,0.0212
100,6.266088,0.0212
101,6.256997,0.0212
102,6.249520,0.0212
103,6.240789,0.0213
104,6.232382,0.0212
105,6.225585,0.0212
106,6.218200,0.0212
107,6.209785,0.0212
108,6.202080,0.0212
109,6.194518,0.0212
110,6.186666,0.0212
111,6.180812,0.0213
112,6.173924,0.0212
113,6.166651,0.0213
114,6.160881,0.0212
115,6.154448,0.0212
116,6.149799,0.0213
117,6.143571,0.0212
118,6.137918,0.0212
119,6.131448,0.0212
120,6.125860,0.0212
121,6.119749,0.0212
122,6.112218,0.0213
123,6.107499,0.0213
124,6.101849,0.0212
125,6.095475,0.0212
126,6.088933,0.0213
127,6.084286,0.0213
128,6.077951,0.0218
129,6.071190,0.0213
130,6.064122,0.0213
131,6.057477,0.0213
132,6.050344,0.0212
133,6.045463,0.0213
134,6.037794,0.0213
135,6.031220,0.0213
136,6.024362,0.0216
137,6.018858,0.0213
138,6.013504,0.0217
139,6.006459,0.0213
140,6.000388,0.0214
141,5.996933,0.0213
142,5.991407,0.0213
143,5.985385,0.0213
144,5.980866,0.0213
145,5.974754,0.0214
146,5.969909,0.0213
147,5.963559,0.0213
148,5.959713,0.0213
149,5.953517,0.0213
150,5.949667,0.0213
151,5.944930,0.0213
152,5.938749,0.0213
153,5.933015,0.0213
154,5.928511,0.0213
155,5.921777,0.0214
156,5.917911,0.0214
157,5.911869,0.0214
158,5.908370,0.0214
159,5.905022,0.0214
160,5.901042,0.0214
161,5.899542,0.0218
162,5.896204,0.0214
163,5.892254,0.0214
164,5.889575,0.0214
165,5.886481,0.0214
166,5.882537,0.0217
167,5.880354,0.0214
168,5.875185,0.0214
169,5.871495,0.0215
170,5.868783,0.0214
171,5.864748,0.0214
172,5.861737,0.0214
173,5.857216,0.0215
174,5.852513,0.0215
175,5.847802,0.0215
176,5.843957,0.0215
177,5.839291,0.0215
178,5.835162,0.0215
179,5.831618,0.0215
180,5.827030,0.0214
181,5.821770,0.0214
182,5.817266,0.0214
183,5.812894,0.0214
184,5.808925,0.0215
185,5.807084,0.0215
186,5.804852,0.0215
187,5.803034,0.0216
188,5.800470,0.0215
189,5.795871,0.0215
190,5.792716,0.0215
191,5.790002,0.0216
192,5.786496,0.0216
193,5.782783,0.0215
194,5.779703,0.0215
195,5.776920,0.0215
196,5.774408,0.0215
197,5.772199,0.0216
198,5.769982,0.0215
199,5.770092,0.0216
200,5.768208,0.0216
201,5.768057,0.0216
202,5.765870,0.0216
203,5.765607,0.0216
204,5.762921,0.0216
205,5.758212,0.0216
206,5.754540,0.0216
207,5.750730,0.0216
208,5.746027,0.0216
209,5.739838,0.0216
210,5.734491,0.0216
211,5.729084,0.0216
212,5.723179,0.0218
213,5.719429,0.0216
214,5.715282,0.0217
215,5.712424,0.0216
216,5.709332,0.0216
217,5.704924,0.0217
218,5.701516,0.0217
219,5.696877,0.0217
220,5.692206,0.0219
221,5.687898,0.0217
222,5.684638,0.0217
223,5.680156,0.0217
224,5.674087,0.0217
225,5.669833,0.0217
226,5.665529,0.0217
227,5.662665,0.0217
228,5.658008,0.0220
229,5.655070,0.0217
230,5.652231,0.0217
231,5.648852,0.0217
232,5.646318,0.0217
233,5.644382,0.0222
234,5.642045,0.0217
235,5.639840,0.0217
236,5.637603,0.0218
237,5.634445,0.0217
238,5.630277,0.0218
239,5.627202,0.0218
240,5.627346,0.0217
241,5.626748,0.0217
242,5.626161,0.0218
243,5.623304,0.0218
244,5.620498,0.0218
245,5.618742,0.0218
246,5.614812,0.0218
247,5.610116,0.0229
248,5.606785,0.0218
249,5.600987,0.0218
250,5.596651,0.0218
251,5.592292,0.0218
252,5.590603,0.0218
253,5.588398,0.0220
254,5.586991,0.0219
255,5.587543,0.0219
256,5.587341,0.0219
257,5.588281,0.0219
258,5.588401,0.0219
259,5.587436,0.0219
260,5.586730,0.0219
261,5.585235,0.0219
262,5.581603,0.0219
263,5.578385,0.0219
264,5.574051,0.0219
265,5.570679,0.0219
266,5.563863,0.0220
267,5.559858,0.0220
268,5.554852,0.0222
269,5.549786,0.0221
270,5.545049,0.0220
271,5.538177,0.0220
272,5.535060,0.0220
273,5.528649,0.0220
274,5.525542,0.0220
275,5.521034,0.0220
276,5.518314,0.0220
277,5.517299,0.0220
278,5.519443,0.0220
279,5.523200,0.0220
280,5.525054,0.0220
281,5.525724,0.0221
282,5.526068,0.0221
283,5.524927,0.0220
284,5.523329,0.0220
285,5.523637,0.0220
286,5.520653,0.0221
287,5.521905,0.0221
288,5.520853,0.0220
289,5.518198,0.0221
290,5.514395,0.0221
291,5.510828,0.0221
292,5.506614,0.0222
293,5.502819,0.0221
294,5.502075,0.0221
295,5.498107,0.0221
296,5.495654,0.0221
297,5.493622,0.0223
298,5.490082,0.0222
299,5.487022,0.0221
300,5.484127,0.0222
301,5.477668,0.0228
302,5.470281,0.0222
303,5.465041,0.0222
304,5.458936,0.0222
305,5.454847,0.0222
306,5.452336,0.0222
307,5.451675,0.0227
308,5.450042,0.0223
309,5.452971,0.0223
310,5.454869,0.0223
311,5.457243,0.0223
312,5.457698,0.0223
313,5.456468,0.0223
314,5.456375,0.0223
315,5.457144,0.0223
316,5.458561,0.0223
317,5.459288,0.0223
318,5.459257,0.0224
319,5.458091,0.0226
320,5.459421,0.0224
321,5.460521,0.0224
322,5.459119,0.0224
323,5.458943,0.0223
324,5.458603,0.0224
325,5.459869,0.0224
326,5.460835,0.0224
327,5.458197,0.0224
328,5.452374,0.0224
329,5.446757,0.0224
330,5.441521,0.0225
331,5.431151,0.0224
332,5.419686,0.0224
333,5.411075,0.0224
334,5.399799,0.0225
335,5.390759,0.0225
336,5.378972,0.0225
337,5.370396,0.0229
338,5.364123,0.0225
339,5.360166,0.0225
340,5.356318,0.0225
341,5.356416,0.0225
342,5.361853,0.0233
343,5.366306,0.0226
344,5.372311,0.0226
345,5.379102,0.0226
346,5.385463,0.0226
347,5.393952,0.0226
348,5.399495,0.0226
349,5.406364,0.0226
350,5.414576,0.0226
351,5.422595,0.0226
352,5.428730,0.0226
353,5.430484,0.0227
354,5.431826,0.0226
355,5.430579,0.0227
356,5.425236,0.0226
357,5.419164,0.0226
358,5.410655,0.0227
359,5.401837,0.0226
360,5.391050,0.0227
361,5.381215,0.0227
362,5.376171,0.0227
363,5.368970,0.0228
364,5.361279,0.0233
365,5.352716,0.0228
366,5.346010,0.0228
367,5.336799,0.0229
368,5.330587,0.0236
369,5.326959,0.0230
370,5.328003,0.0228
371,5.325461,0.0228
372,5.319769,0.0228
373,5.308226,0.0229
374,5.299616,0.0228
375,5.295298,0.0228
376,5.293443,0.0229
377,5.296217,0.0229
378,5.308848,0.0230
379,5.323809,0.0230
380,5.337193,0.0230
381,5.353104,0.0229
382,5.365156,0.0229
383,5.374482,0.0229
384,5.376494,0.0229
385,5.376606,0.0230
386,5.374451,0.0230
387,5.369145,0.0230
388,5.362922,0.0230
389,5.356543,0.0231
390,5.350821,0.0231
391,5.342000,0.0230
392,5.330973,0.0231
393,5.317463,0.0235
394,5.308599,0.0236
395,5.298279,0.0230
396,5.284028,0.0230
397,5.269340,0.0231
398,5.255753,0.0231
399,5.243086,0.0231
400,5.231578,0.0231
401,5.223188,0.0231
402,5.212548,0.0231
403,5.201146,0.0231
404,5.186707,0.0231
405,5.167205,0.0231
406,5.149065,0.0232
407,5.134927,0.0232
408,5.123610,0.0231
409,5.112980,0.0233
410,5.101334,0.0232
411,5.094928,0.0242
412,5.100385,0.0233
413,5.113476,0.0239
414,5.129724,0.0233
415,5.152535,0.0233
416,5.177455,0.0237
417,5.196150,0.0234
418,5.208457,0.0233
419,5.209167,0.0233
420,5.199149,0.0234
421,5.186743,0.0233
422,5.174458,0.0234
423,5.156088,0.0234
424,5.137245,0.0234
425,5.120195,0.0236
426,5.101036,0.0234
427,5.083152,0.0233
428,5.063706,0.0234
429,5.051511,0.0234
430,5.044995,0.0235
431,5.038786,0.0235
432,5.034550,0.0235
433,5.039943,0.0235
434,5.043303,0.0235
435,5.037433,0.0240
436,5.029282,0.0238
437,5.025489,0.0236
438,5.026854,0.0236
439,5.033175,0.0236
440,5.048422,0.0236
441,5.085215,0.0237
442,5.130371,0.0237
443,5.163114,0.0237
444,5.175854,0.0238
445,5.172860,0.0238
446,5.162333,0.0238
447,5.142788,0.0239
448,5.116858,0.0238
449,5.087745,0.0238
450,5.061998,0.0238
451,5.042221,0.0238
452,5.020888,0.0239
453,5.000168,0.0239
454,4.986458,0.0239
455,4.982139,0.0240
456,4.984425,0.0240
457,4.988374,0.0239
458,4.984920,0.0240
459,4.984388,0.0239
460,4.985711,0.0239
461,4.995994,0.0240
462,5.021355,0.0239
463,5.054386,0.0241
464,5.082000,0.0240
465,5.105279,0.0240
466,5.125531,0.0241
467,5.134322,0.0240
468,5.129084,0.0240
469,5.119113,0.0240
470,5.108756,0.0241
471,5.097766,0.0242
472,5.080507,0.0241
473,5.062995,0.0242
474,5.044718,0.0240
475,5.023253,0.0240
476,5.012050,0.0240
477,5.008842,0.0241
478,5.002156,0.0241
479,5.004352,0.0241
480,5.025566,0.0242
481,5.044086,0.0241
482,5.060664,0.0242
483,5.074650,0.0252
484,5.080032,0.0242
485,5.076535,0.0245
486,5.067121,0.0243
487,5.056457,0.0241
488,5.039492,0.0245
489,5.021318,0.0243
490,5.015843,0.0243
491,5.012110,0.0244
492,5.017030,0.0245
493,5.027806,0.0244
494,5.054234,0.0244
495,5.085460,0.0245
496,5.095220,0.0243
497,5.079003,0.0244
498,5.045134,0.0245
499,5.006729,0.0245
500,4.979034,0.0244
501,4.975448,0.0242
502,4.980896,0.0242
503,4.976727,0.0243
504,4.975299,0.0244
505,4.971066,0.0246
506,4.955326,0.0245
507,4.947611,0.0244
508,4.952854,0.0247
509,4.954328,0.0245
510,4.951037,0.0246
511,4.946080,0.0244
512,4.941466,0.0246
513,4.935391,0.0245
514,4.916563,0.0245
515,4.901643,0.0245
516,4.898483,0.0247
517,4.924867,0.0246
518,4.963238,0.0245
519,4.997779,0.0247
520,5.024798,0.0246
521,5.036983,0.0248
522,5.045743,0.0246
523,5.046879,0.0247
524,5.040325,0.0248
525,5.020385,0.0248
526,4.987376,0.0247
527,4.969207,0.0247
528,4.969445,0.0249
529,4.967696,0.0248
530,4.959590,0.0248
531,4.955062,0.0248
532,4.932296,0.0248
533,4.918032,0.0249
534,4.915081,0.0248
535,4.910890,0.0248
536,4.910540,0.0249
537,4.911272,0.0250
538,4.915796,0.0249
539,4.926252,0.0249
540,4.926305,0.0250
541,4.913344,0.0249
542,4.886743,0.0249
543,4.859154,0.0249
544,4.840490,0.0248
545,4.843714,0.0249
546,4.866958,0.0250
547,4.896924,0.0252
548,4.936061,0.0251
549,4.972381,0.0251
550,4.980175,0.0251
551,4.968169,0.0250
552,4.947868,0.0253
553,4.927616,0.0254
554,4.918667,0.0251
555,4.896659,0.0252
556,4.878572,0.0254
557,4.877405,0.0251
558,4.890684,0.0252
559,4.904367,0.0255
560,4.900932,0.0254
561,4.892791,0.0253
562,4.912206,0.0252
563,4.971465,0.0253
564,5.032679,0.0255
565,5.070120,0.0254
566,5.104854,0.0254
567,5.132199,0.0251
568,5.140723,0.0256
569,5.148248,0.0256
570,5.168169,0.0257
571,5.175534,0.0254
572,5.208293,0.0252
573,5.301819,0.0255
574,5.418378,0.0253
575,5.535573,0.0256
576,5.664073,0.0256
577,5.789937,0.0255
578,5.898856,0.0253
579,5.991885,0.0254
580,6.073814,0.0255
581,6.145800,0.0254
582,6.219329,0.0255
583,6.284381,0.0254
584,6.328001,0.0255
585,6.354613,0.0254
586,6.373159,0.0253
587,6.386748,0.0253
588,6.400586,0.0254
589,6.408110,0.0255
590,6.408577,0.0256
591,6.402065,0.0254
592,6.388197,0.0256
593,6.372959,0.0255
594,6.356926,0.0254
595,6.342240,0.0254
596,6.329355,0.0254
597,6.315836,0.0255
598,6.299760,0.0256
599,6.285923,0.0255
600,6.269675,0.0256
601,6.249971,0.0257
602,6.234355,0.0256
603,6.219284,0.0255
604,6.203184,0.0256
605,6.182271,0.0257
606,6.157982,0.0257
607,6.134112,0.0257
608,6.113750,0.0256
609,6.095264,0.0257
610,6.071724,0.0258
611,6.046412,0.0258
612,6.017800,0.0257
613,5.990014,0.0257
614,5.959369,0.0258
615,5.929422,0.0258
616,5.909948,0.0258
617,5.895163,0.0259
618,5.881244,0.0259
619,5.873784,0.0257
620,5.863024,0.0258
621,5.848855,0.0258
622,5.841503,0.0258
623,5.837530,0.0260
624,5.823076,0.0259
625,5.802213,0.0260
626,5.781948,0.0259
627,5.767221,0.0260
628,5.747945,0.0260
629,5.728693,0.0261
630,5.703310,0.0261
631,5.674522,0.0261
632,5.648235,0.0262
633,5.618279,0.0270
634,5.586701,0.0260
635,5.570509,0.0261
636,5.555491,0.0260
637,5.526805,0.0262
638,5.503043,0.0262
639,5.485061,0.0264
640,5.459707,0.0260
641,5.433692,0.0262
642,5.433358,0.0262
643,5.451100,0.0263
644,5.452002,0.0263
645,5.434548,0.0262
646,5.406592,0.0262
647,5.387309,0.0262
648,5.374792,0.0262
649,5.368738,0.0263
650,5.366744,0.0263
651,5.369737,0.0262
652,5.374259,0.0264
653,5.366660,0.0265
654,5.347528,0.0263
655,5.339355,0.0265
656,5.323996,0.0268
657,5.290833,0.0264
658,5.260293,0.0263
659,5.228093,0.0264
660,5.201635,0.0263
661,5.197096,0.0266
662,5.204164,0.0265
663,5.223689,0.0266
664,5.230688,0.0266
665,5.222916,0.0266
666,5.219402,0.0265
667,5.224018,0.0266
668,5.218149,0.0265
669,5.210430,0.0266
670,5.198191,0.0265
671,5.201442,0.0266
672,5.222518,0.0267
673,5.232985,0.0267
674,5.218505,0.0268
675,5.198845,0.0268
676,5.185079,0.0267
677,5.170759,0.0267
678,5.153135,0.0266
679,5.125373,0.0267
680,5.095404,0.0267
681,5.071455,0.0268
682,5.052326,0.0268
683,5.034599,0.0268
684,5.012557,0.0268
685,4.991513,0.0268
686,4.995133,0.0268
687,4.991875,0.0268
688,4.980566,0.0268
689,4.956285,0.0269
690,4.925654,0.0269
691,4.901684,0.0269
692,4.874688,0.0269
693,4.853624,0.0268
694,4.831109,0.0269
695,4.818788,0.0272
696,4.818404,0.0269
697,4.805297,0.0269
698,4.793586,0.0270
699,4.793956,0.0270
700,4.790682,0.0270
701,4.786724,0.0271
702,4.781090,0.0272
703,4.765551,0.0271
704,4.775105,0.0271
705,4.791585,0.0271
706,4.785212,0.0271
707,4.774062,0.0271
708,4.770223,0.0271
709,4.780727,0.0272
710,4.799071,0.0273
711,4.800333,0.0273
712,4.778602,0.0274
713,4.749626,0.0273
714,4.715291,0.0273
715,4.685377,0.0273
716,4.670287,0.0273
717,4.665526,0.0273
718,4.668168,0.0273
719,4.724014,0.0274
720,4.773984,0.0274
721,4.781576,0.0274
722,4.763505,0.0273
723,4.726210,0.0274
724,4.693747,0.0275
725,4.661845,0.0275
726,4.629288,0.0275
727,4.600556,0.0275
728,4.583114,0.0275
729,4.568568,0.0275
730,4.573045,0.0275
731,4.561433,0.0276
732,4.549744,0.0277
733,4.544926,0.0276
734,4.526389,0.0286
735,4.505403,0.0276
736,4.551527,0.0276
737,4.581864,0.0277
738,4.627614,0.0277
739,4.628568,0.0277
740,4.616243,0.0276
741,4.628294,0.0277
742,4.688844,0.0276
743,4.722711,0.0277
744,4.735083,0.0278
745,4.748413,0.0280
746,4.745361,0.0280
747,4.721839,0.0280
748,4.681897,0.0279
749,4.625606,0.0279
750,4.599054,0.0279
751,4.582507,0.0284
752,4.560749,0.0280
753,4.539310,0.0280
754,4.552724,0.0281
755,4.531688,0.0279
756,4.512855,0.0279
757,4.516223,0.0280
758,4.536286,0.0280
759,4.520854,0.0280
760,4.506905,0.0280
761,4.652362,0.0279
762,4.668206,0.0279
763,4.683157,0.0279
764,4.668786,0.0280
765,4.663624,0.0281
766,4.707236,0.0280
767,4.717148,0.0281
768,4.719863,0.0280
769,4.735428,0.0281
770,4.753343,0.0282
771,4.793444,0.0282
772,4.842234,0.0282
773,4.877110,0.0282
774,4.902279,0.0281
775,4.908638,0.0282
776,4.898741,0.0282
777,4.878966,0.0283
778,4.867500,0.0282
779,4.865576,0.0281
780,4.864761,0.0281
781,4.851578,0.0282
782,4.835512,0.0282
783,4.822852,0.0282
784,4.815345,0.0282
785,4.808877,0.0282
786,4.791039,0.0281
787,4.779442,0.0283
788,4.762415,0.0283
789,4.751286,0.0283
790,4.741229,0.0282
791,4.733925,0.0282
792,4.731606,0.0283
793,4.725080,0.0285
794,4.709774,0.0283
795,4.687724,0.0282
796,4.684369,0.0282
797,4.723111,0.0284
798,4.779935,0.0284
799,4.828918,0.0284
800,4.864989,0.0283
801,4.887079,0.0283
802,4.899452,0.0284
803,4.909494,0.0284
804,4.929320,0.0284
805,4.941082,0.0284
806,4.931820,0.0283
807,4.930550,0.0285
808,4.917661,0.0286
809,4.889300,0.0285
810,4.870043,0.0284
811,4.901767,0.0283
812,4.921200,0.0285
813,4.896231,0.0285
814,4.875737,0.0284
815,4.836658,0.0285
816,4.783961,0.0285
817,4.755764,0.0286
818,4.731372,0.0285
819,4.717408,0.0285
820,4.679204,0.0285
821,4.649097,0.0287
822,4.639879,0.0285
823,4.600194,0.0285
824,4.576902,0.0287
825,4.599014,0.0286
826,4.576115,0.0286
827,4.544131,0.0287
828,4.521277,0.0286
829,4.490803,0.0287
830,4.490253,0.0286
831,4.479843,0.0291
832,4.473639,0.0289
833,4.459654,0.0290
834,4.484674,0.0289
835,4.499478,0.0290
836,4.483115,0.0288
837,4.451086,0.0289
838,4.425664,0.0288
839,4.415349,0.0288
840,4.422676,0.0289
841,4.563566,0.0288
842,4.737909,0.0288
843,4.830839,0.0290
844,4.871176,0.0288
845,4.933866,0.0288
846,5.000660,0.0288
847,4.989314,0.0289
848,4.915644,0.0293
849,4.830926,0.0290
850,4.750780,0.0292
851,4.692779,0.0289
852,4.673766,0.0290
853,4.688105,0.0294
854,4.682005,0.0291
855,4.663052,0.0293
856,4.692418,0.0291
857,4.738599,0.0292
858,4.752550,0.0291
859,4.744870,0.0291
860,4.714316,0.0290
861,4.680380,0.0290
862,4.644970,0.0290
863,4.634172,0.0291
864,4.616796,0.0293
865,4.609823,0.0292
866,4.584682,0.0294
867,4.595302,0.0293
868,4.578338,0.0292
869,4.563814,0.0291
870,4.604755,0.0294
871,4.601762,0.0296
872,4.552972,0.0294
873,4.525266,0.0292
874,4.484404,0.0292
875,4.467294,0.0295
876,4.446695,0.0293
877,4.422165,0.0294
878,4.409012,0.0292
879,4.452196,0.0295
880,4.422451,0.0292
881,4.422673,0.0295
882,4.401947,0.0294
883,4.368676,0.0299
884,4.374435,0.0295
885,4.345802,0.0301
886,4.345607,0.0295
887,4.385527,0.0295
888,4.454369,0.0291
889,4.460174,0.0295
890,4.498838,0.0292
891,4.480445,0.0294
892,4.474462,0.0292
893,4.487783,0.0297
894,4.457890,0.0294
895,4.444375,0.0299
896,4.424361,0.0296
897,4.401473,0.0297
898,4.390640,0.0294
899,4.369980,0.0294
900,4.362496,0.0294
901,4.368556,0.0299
902,4.377335,0.0294
903,4.381791,0.0295
904,4.379355,0.0296
905,4.376015,0.0301
906,4.376173,0.0297
907,4.357601,0.0297
908,4.403294,0.0299
909,4.375889,0.0297
910,4.359757,0.0296
911,4.376247,0.0301
912,4.373053,0.0296
913,4.356416,0.0296
914,4.340226,0.0298
915,4.332664,0.0299
916,4.310102,0.0298
917,4.324801,0.0299
918,4.371045,0.0298
919,4.417161,0.0296
920,4.483758,0.0295
921,4.610497,0.0296
922,4.749407,0.0303
923,4.866722,0.0301
924,4.955581,0.0297
925,5.035888,0.0300
926,5.127428,0.0299
927,5.181070,0.0299
928,5.198087,0.0302
929,5.281949,0.0300
930,5.437833,0.0300
931,5.578642,0.0302
932,5.676738,0.0300
933,5.746553,0.0302
934,5.788766,0.0301
935,5.801510,0.0300
936,5.794847,0.0299
937,5.776453,0.0299
938,5.749675,0.0301
939,5.716507,0.0304
940,5.678669,0.0309
941,5.633724,0.0298
942,5.576631,0.0299
943,5.514555,0.0301
944,5.450449,0.0301
945,5.389150,0.0300
946,5.336806,0.0300
947,5.288634,0.0301
948,5.244818,0.0301
949,5.200737,0.0302
950,5.181388,0.0301
951,5.201033,0.0301
952,5.228248,0.0301
953,5.251261,0.0302
954,5.265809,0.0302
955,5.255395,0.0303
956,5.208330,0.0299
957,5.145297,0.0302
958,5.079120,0.0304
959,5.010530,0.0306
960,4.944166,0.0300
961,4.876231,0.0303
962,4.820257,0.0300
963,4.770323,0.0299
964,4.720828,0.0301
965,4.681306,0.0305
966,4.643000,0.0304
967,4.603766,0.0305
968,4.570385,0.0306
969,4.545935,0.0301
970,4.523233,0.0302
971,4.495327,0.0305
972,4.468671,0.0303
973,4.461176,0.0309
974,4.437442,0.0305
975,4.420420,0.0305
976,4.404529,0.0304
977,4.376069,0.0305
978,4.365819,0.0304
979,4.359262,0.0303
980,4.339966,0.0305
981,4.333560,0.0306
982,4.330275,0.0304
983,4.335981,0.0303
984,4.356821,0.0302
985,4.373492,0.0309
986,4.378386,0.0305
987,4.366249,0.0306
988,4.351768,0.0306
989,4.334544,0.0307
990,4.314229,0.0305
991,4.305472,0.0307
992,4.282104,0.0306
993,4.266286,0.0307
994,4.255452,0.0304
995,4.250170,0.0303
996,4.289767,0.0301
997,4.284545,0.0308
998,4.271831,0.0301
999,4.253446,0.0310
1000,4.237343,0.0304
1001,4.272794,0.0302
1002,4.268215,0.0303
1003,4.229039,0.0305
1004,4.247297,0.0304
1005,4.221951,0.0304
1006,4.204371,0.0300
1007,4.212610,0.0307
1008,4.197432,0.0304
1009,4.182673,0.0303
1010,4.185622,0.0303
1011,4.212411,0.0306
1012,4.213360,0.0303
1013,4.213447,0.0307
1014,4.202263,0.0303
1015,4.185072,0.0303
1016,4.180961,0.0309
1017,4.164723,0.0308
1018,4.165047,0.0305
1019,4.180774,0.0303
1020,4.186441,0.0310
1021,4.184855,0.0310
1022,4.170324,0.0308
1023,4.172307,0.0305
1024,4.157676,0.0309
1025,4.137817,0.0306
1026,4.135687,0.0311
1027,4.125435,0.0306
1028,4.127182,0.0311
1029,4.126861,0.0307
1030,4.107150,0.0308
1031,4.186427,0.0306
1032,4.308647,0.0308
1033,4.413167,0.0311
1034,4.526247,0.0309
1035,4.659614,0.0310
1036,4.798533,0.0310
1037,4.899304,0.0310
1038,4.967578,0.0307
1039,5.024273,0.0309
1040,5.053224,0.0308
1041,5.058339,0.0305
1042,5.059260,0.0315
1043,5.057580,0.0312
1044,5.043587,0.0317
1045,5.030569,0.0309
1046,5.008965,0.0313
1047,4.966073,0.0311
1048,5.003779,0.0315
1049,5.090411,0.0309
1050,5.103089,0.0314
1051,5.049164,0.0308
1052,4.984782,0.0313
1053,4.953665,0.0312
1054,4.934665,0.0317
1055,4.963199,0.0314
1056,5.018970,0.0319
1057,5.038540,0.0317
1058,5.032307,0.0313
1059,5.011008,0.0319
1060,4.985044,0.0321
1061,4.962003,0.0307
1062,4.930806,0.0315
1063,4.884725,0.0316
1064,4.834173,0.0318
1065,4.792774,0.0314
1066,4.752052,0.0323
1067,4.708650,0.0316
1068,4.656059,0.0318
1069,4.608119,0.0318
1070,4.570866,0.0313
1071,4.567377,0.0315
1072,4.560060,0.0321
1073,4.534392,0.0323
1074,4.507843,0.0319
1075,4.476722,0.0313
1076,4.451120,0.0313
1077,4.439058,0.0319
1078,4.435685,0.0314
1079,4.418144,0.0324
1080,4.391064,0.0321
1081,4.444042,0.0320
1082,4.514718,0.0318
1083,4.501371,0.0319
1084,4.448836,0.0319
1085,4.392509,0.0310
1086,4.371282,0.0324
1087,4.359739,0.0323
1088,4.354838,0.0312
1089,4.361987,0.0313
1090,4.355888,0.0324
1091,4.350586,0.0309
1092,4.373187,0.0321
1093,4.401505,0.0322
1094,4.393799,0.0321
1095,4.373114,0.0309
1096,4.365602,0.0321
1097,4.346383,0.0313
1098,4.326457,0.0320
1099,4.309687,0.0312
1100,4.293651,0.0313
1101,4.307235,0.0323
1102,4.345551,0.0322
1103,4.386657,0.0321
1104,4.350770,0.0314
1105,4.329481,0.0316
1106,4.303493,0.0328
1107,4.281056,0.0327
1108,4.295167,0.0315
1109,4.288557,0.0311
1110,4.251761,0.0316
1111,4.235626,0.0317
1112,4.214549,0.0323
1113,4.193581,0.0311
1114,4.187003,0.0318
1115,4.182861,0.0323
1116,4.164311,0.0322
1117,4.149501,0.0321
1118,4.134490,0.0319
1119,4.261765,0.0324
1120,4.360444,0.0317
1121,4.327984,0.0323
1122,4.261652,0.0324
1123,4.246478,0.0316
1124,4.246406,0.0317
1125,4.237552,0.0329
1126,4.233348,0.0324
1127,4.248220,0.0319
1128,4.213144,0.0311
1129,4.242839,0.0323
1130,4.200076,0.0319
1131,4.159381,0.0319
1132,4.145281,0.0319
1133,4.128320,0.0325
1134,4.135907,0.0324
1135,4.125916,0.0324
1136,4.112540,0.0324
1137,4.099399,0.0316
1138,4.089053,0.0321
1139,4.080563,0.0325
1140,4.074172,0.0318
1141,4.068182,0.0317
1142,4.067768,0.0321
1143,4.064760,0.0326
1144,4.049231,0.0320
1145,4.048326,0.0316
1146,4.048116,0.0319
1147,4.043607,0.0314
1148,4.034037,0.0318
1149,4.020345,0.0316
1150,4.010577,0.0323
1151,4.027163,0.0323
1152,4.020534,0.0326
1153,4.006638,0.0319
1154,4.011366,0.0328
1155,4.040280,0.0329
1156,4.079559,0.0326
1157,4.077615,0.0320
1158,4.080810,0.0319
1159,4.070481,0.0321
1160,4.050070,0.0323
1161,4.025672,0.0319
1162,4.005389,0.0322
1163,3.989109,0.0327
1164,4.137136,0.0323
1165,4.210948,0.0322
1166,4.170420,0.0324
1167,4.093576,0.0319
1168,4.115355,0.0320
1169,4.122858,0.0327
1170,4.108147,0.0322
1171,4.087105,0.0336
1172,4.058818,0.0313
1173,4.091883,0.0326
1174,4.094923,0.0322
1175,4.069706,0.0322
1176,4.084499,0.0329
1177,4.082497,0.0322
1178,4.214605,0.0321
1179,4.425472,0.0329
1180,4.588420,0.0324
1181,4.666866,0.0324
1182,4.676250,0.0327
1183,4.651156,0.0319
1184,4.649934,0.0324
1185,4.640193,0.0329
1186,4.614325,0.0328
1187,4.587142,0.0319
1188,4.542192,0.0322
1189,4.496064,0.0337
1190,4.434632,0.0322
1191,4.374990,0.0332
1192,4.336479,0.0327
1193,4.318727,0.0321
1194,4.287695,0.0330
1195,4.292449,0.0323
1196,4.286512,0.0322
1197,4.254488,0.0323
1198,4.235234,0.0323
1199,4.247058,0.0330
1200,4.248103,0.0323
1201,4.243680,0.0328
1202,4.284577,0.0329
1203,4.325570,0.0328
1204,4.289792,0.0329
1205,4.268679,0.0325
1206,4.226039,0.0325
1207,4.193131,0.0332
1208,4.184085,0.0323
1209,4.160861,0.0322
1210,4.151444,0.0325
1211,4.181379,0.0325
1212,4.148229,0.0319
1213,4.137858,0.0324
1214,4.113568,0.0322
1215,4.113663,0.0326
1216,4.120666,0.0331
1217,4.150600,0.0325
1218,4.166110,0.0318
1219,4.167767,0.0324
1220,4.154059,0.0333
1221,4.148866,0.0325
1222,4.119029,0.0323
1223,4.121921,0.0328
1224,4.110012,0.0330
1225,4.102313,0.0326
1226,4.095744,0.0330
1227,4.079680,0.0323
1228,4.067661,0.0325
1229,4.056366,0.0332
1230,4.059405,0.0326
1231,4.063656,0.0325
1232,4.041824,0.0331
1233,4.031155,0.0327
1234,4.026294,0.0330
1235,4.092047,0.0325
1236,4.189068,0.0332
1237,4.244905,0.0326
1238,4.298922,0.0335
1239,4.327578,0.0327
1240,4.337542,0.0325
1241,4.463842,0.0326
1242,4.589339,0.0326
1243,4.622579,0.0326
1244,4.603395,0.0332
1245,4.584171,0.0330
1246,4.553216,0.0334
1247,4.498667,0.0327
1248,4.445372,0.0332
1249,4.394186,0.0335
1250,4.349378,0.0329
1251,4.303092,0.0332
1252,4.269389,0.0335
1253,4.225716,0.0328
1254,4.524609,0.0325
1255,4.893213,0.0329
1256,5.135598,0.0333
1257,5.295686,0.0331
1258,5.408858,0.0325
1259,5.501504,0.0333
1260,5.554729,0.0336
1261,5.562520,0.0334
1262,5.532068,0.0333
1263,5.482529,0.0334
1264,5.429883,0.0335
1265,5.385657,0.0335
1266,5.387943,0.0335
1267,5.428306,0.0335
1268,5.462914,0.0332
1269,5.467463,0.0328
1270,5.433988,0.0336
1271,5.372559,0.0325
1272,5.305410,0.0324
1273,5.283437,0.0335
1274,5.273408,0.0328
1275,5.217628,0.0327
1276,5.176422,0.0328
1277,5.172965,0.0330
1278,5.156478,0.0333
1279,5.109797,0.0332
1280,5.051747,0.0331
1281,4.999764,0.0328
1282,4.943170,0.0333
1283,4.916742,0.0337
1284,4.903042,0.0331
1285,4.863458,0.0332
1286,4.822759,0.0325
1287,4.782804,0.0336
1288,4.735346,0.0333
1289,4.691506,0.0339
1290,4.655109,0.0328
1291,4.616477,0.0336
1292,4.571285,0.0331
1293,4.520607,0.0327
1294,4.477686,0.0335
1295,4.440362,0.0336
1296,4.408299,0.0338
1297,4.377999,0.0338
1298,4.351386,0.0328
1299,4.335203,0.0327
1300,4.324980,0.0330
1301,4.328696,0.0338
1302,4.330182,0.0329
1303,4.319751,0.0339
1304,4.328445,0.0332
1305,4.336317,0.0338
1306,4.318997,0.0326
1307,4.296655,0.0327
1308,4.297315,0.0329
1309,4.290171,0.0326
1310,4.269884,0.0334
1311,4.262080,0.0342
1312,4.258667,0.0328
1313,4.254958,0.0332
1314,4.292990,0.0335
1315,4.300748,0.0325
1316,4.265067,0.0331
1317,4.255168,0.0327
1318,4.257436,0.0332
1319,4.251440,0.0339
1320,4.244380,0.0337
1321,4.247973,0.0336
1322,4.242660,0.0333
1323,4.234745,0.0326
1324,4.213518,0.0337
1325,4.221302,0.0328
1326,4.223768,0.0327
1327,4.205877,0.0330
1328,4.184378,0.0338
1329,4.189638,0.0329
1330,4.184166,0.0328
1331,4.172500,0.0334
1332,4.351764,0.0335
1333,4.531420,0.0338
1334,4.581244,0.0333
1335,4.632253,0.0335
1336,4.680451,0.0328
1337,4.676185,0.0330
1338,4.644745,0.0331
1339,4.606086,0.0327
1340,4.562140,0.0333
1341,4.524084,0.0336
1342,4.493845,0.0340
1343,4.469819,0.0327
1344,4.427276,0.0329
1345,4.377086,0.0342
1346,4.350273,0.0336
1347,4.343360,0.0340
1348,4.343489,0.0333
1349,4.367118,0.0327
1350,4.369583,0.0332
1351,4.363101,0.0339
1352,4.348292,0.0331
1353,4.380158,0.0338
1354,4.397746,0.0344
1355,4.391856,0.0339
1356,4.387880,0.0331
1357,4.379128,0.0342
1358,4.365807,0.0332
1359,4.343806,0.0334
1360,4.497435,0.0330
1361,4.694118,0.0336
1362,4.752887,0.0330
1363,4.702634,0.0335
1364,4.619612,0.0336
1365,4.584922,0.0334
1366,4.550927,0.0328
1367,4.521071,0.0340
1368,4.528123,0.0328
1369,4.536784,0.0333
1370,4.502676,0.0331
1371,4.446894,0.0330
1372,4.395694,0.0331
1373,4.354364,0.0341
1374,4.332126,0.0331
1375,4.320001,0.0335
1376,4.301982,0.0331
1377,4.276218,0.0328
1378,4.254812,0.0330
1379,4.252848,0.0329
1380,4.269386,0.0327
1381,4.286602,0.0333
1382,4.309177,0.0340
1383,4.340915,0.0342
1384,4.361299,0.0333
1385,4.364517,0.0335
1386,4.359836,0.0340
1387,4.355081,0.0334
1388,4.349628,0.0333
1389,4.343999,0.0327
1390,4.346977,0.0331
1391,4.355341,0.0332
1392,4.350342,0.0342
1393,4.337924,0.0328
1394,4.326389,0.0340
1395,4.315394,0.0335
1396,4.330727,0.0336
1397,4.362179,0.0326
1398,4.384564,0.0341
1399,4.404524,0.0332
1400,4.413810,0.0339
1401,4.413085,0.0334
1402,4.413325,0.0341
1403,4.409274,0.0327
1404,4.421431,0.0329
1405,4.455393,0.0334
1406,4.446769,0.0342
1407,4.398142,0.0334
1408,4.369021,0.0335
1409,4.356472,0.0334
1410,4.332372,0.0340
1411,4.306393,0.0332
1412,4.287517,0.0340
1413,4.263872,0.0334
1414,4.242020,0.0337
1415,4.262160,0.0334
1416,4.296474,0.0343
1417,4.291496,0.0334
1418,4.267318,0.0333
1419,4.250848,0.0342
1420,4.235189,0.0343
1421,4.220315,0.0341
1422,4.214862,0.0332
1423,4.209597,0.0333
1424,4.199728,0.0327
1425,4.191594,0.0333
1426,4.179323,0.0329
1427,4.384725,0.0331
1428,4.708488,0.0335
1429,4.932431,0.0340
1430,5.040861,0.0333
1431,5.056396,0.0336
1432,5.001996,0.0328
1433,4.903041,0.0338
1434,4.785976,0.0328
1435,4.683543,0.0328
1436,4.625521,0.0330
1437,4.609112,0.0335
1438,4.610566,0.0333
1439,4.601840,0.0339
1440,4.564860,0.0330
1441,4.511008,0.0337
1442,4.453201,0.0328
1443,4.395758,0.0333
1444,4.343385,0.0332
1445,4.306552,0.0342
1446,4.293944,0.0333
1447,4.297347,0.0333
1448,4.299232,0.0327
1449,4.291254,0.0327
1450,4.272227,0.0330
1451,4.249489,0.0329
1452,4.225877,0.0328
1453,4.204575,0.0333
1454,4.186579,0.0330
1455,4.169660,0.0331
1456,4.160473,0.0328
1457,4.160489,0.0330
1458,4.148851,0.0332
1459,4.135345,0.0330
1460,4.131460,0.0327
1461,4.119973,0.0330
1462,4.108240,0.0330
1463,4.110353,0.0330
1464,4.114733,0.0327
1465,4.107901,0.0334
1466,4.098543,0.0335
1467,4.091218,0.0340
1468,4.084586,0.0329
1469,4.076524,0.0330
1470,4.082477,0.0329
1471,4.093191,0.0333
1472,4.094390,0.0336
1473,4.099873,0.0330
1474,4.104710,0.0331
1475,4.097741,0.0330
1476,4.091797,0.0336
1477,4.087123,0.0335
1478,4.099060,0.0333
1479,4.105434,0.0334
1480,4.086136,0.0330
1481,4.078217,0.0329
1482,4.081223,0.0331
1483,4.075783,0.0330
1484,4.063634,0.0331
1485,4.055113,0.0331
1486,4.050919,0.0331
1487,4.045590,0.0330
1488,4.041111,0.0332
1489,4.051511,0.0333
1490,4.069166,0.0332
1491,4.073674,0.0335
1492,4.062112,0.0333
1493,4.051389,0.0332
1494,4.099847,0.0336
1495,4.158571,0.0333
1496,4.174047,0.0331
1497,4.171104,0.0333
1498,4.165248,0.0334
1499,4.160938,0.0330
1500,4.155137,0.0333
1501,4.138332,0.0335
1502,4.136834,0.0336
1503,4.143434,0.0338
1504,4.131911,0.0332
1505,4.112748,0.0334
1506,4.089146,0.0334
1507,4.082604,0.0332
1508,4.077434,0.0331
1509,4.066374,0.0334
1510,4.058764,0.0332
1511,4.047880,0.0332
1512,4.041403,0.0334
1513,4.037514,0.0333
1514,4.026739,0.0332
1515,4.022218,0.0339
1516,4.018668,0.0334
1517,4.010807,0.0334
1518,4.014637,0.0332
1519,4.021531,0.0332
1520,4.027679,0.0334
1521,4.032975,0.0330
1522,4.032359,0.0329
1523,4.025243,0.0332
1524,4.014875,0.0330
1525,4.004136,0.0331
1526,3.994974,0.0335
1527,3.990746,0.0333
1528,3.989300,0.0333
1529,3.990060,0.0335
1530,3.986364,0.0332
1531,4.005883,0.0332
1532,4.010564,0.0338
1533,4.000694,0.0331
1534,4.009675,0.0333
1535,4.012490,0.0331
1536,4.026383,0.0333
1537,4.032874,0.0334
1538,4.000575,0.0331
1539,3.969979,0.0330
1540,3.980096,0.0333
1541,4.012004,0.0331
1542,4.015762,0.0329
1543,4.004332,0.0335
1544,4.004424,0.0331
1545,4.004464,0.0333
1546,4.016780,0.0331
1547,4.020540,0.0332
1548,4.016638,0.0332
1549,4.012560,0.0333
1550,4.004667,0.0335
1551,3.999623,0.0334
1552,4.018039,0.0331
1553,4.028175,0.0331
1554,4.018492,0.0339
1555,4.013745,0.0331
1556,3.989885,0.0338
1557,3.989154,0.0335
1558,4.019821,0.0334
1559,4.033071,0.0334
1560,4.041474,0.0339
1561,4.077314,0.0334
1562,4.093402,0.0345
1563,4.086233,0.0336
1564,4.085769,0.0334
1565,4.077684,0.0339
1566,4.066075,0.0335
1567,4.058551,0.0335
1568,4.057277,0.0334
1569,4.083833,0.0335
1570,4.107609,0.0334
1571,4.112267,0.0334
1572,4.130634,0.0333
1573,4.144001,0.0339
1574,4.146483,0.0336
1575,4.164828,0.0336
1576,4.206637,0.0340
1577,4.262709,0.0339
1578,4.292936,0.0335
1579,4.299444,0.0335
1580,4.299714,0.0339
1581,4.289645,0.0339
1582,4.278368,0.0336
1583,4.274096,0.0335
1584,4.256676,0.0340
1585,4.231925,0.0336
1586,4.209782,0.0339
1587,4.186899,0.0339
1588,4.185555,0.0334
1589,4.187919,0.0339
1590,4.157100,0.0341
1591,4.128027,0.0334
1592,4.108611,0.0335
1593,4.087381,0.0335
1594,4.069550,0.0335
1595,4.048573,0.0335
1596,4.018146,0.0336
1597,3.998375,0.0335
1598,3.993550,0.0339
1599,3.978133,0.0336
1600,3.959389,0.0335
1601,3.951845,0.0335
1602,3.970321,0.0336
1603,3.982180,0.0340
1604,3.983260,0.0336
1605,4.006636,0.0336
1606,4.042799,0.0336
1607,4.066712,0.0335
1608,4.078554,0.0337
1609,4.080235,0.0340
1610,4.079292,0.0340
1611,4.084421,0.0340
1612,4.082367,0.0339
1613,4.071850,0.0339
1614,4.062485,0.0336
1615,4.055378,0.0341
1616,4.038099,0.0340
1617,4.129465,0.0338
1618,4.360165,0.0338
1619,4.579686,0.0337
1620,4.765531,0.0338
1621,4.945540,0.0340
1622,5.102423,0.0339
1623,5.226825,0.0337
1624,5.384125,0.0340
1625,5.580999,0.0339
1626,5.755621,0.0342
1627,5.880788,0.0336
1628,5.963937,0.0338
1629,6.027854,0.0345
1630,6.077728,0.0336
1631,6.108995,0.0339
1632,6.120182,0.0340
1633,6.122902,0.0339
1634,6.117082,0.0339
1635,6.082963,0.0341
1636,6.023290,0.0339
1637,5.952647,0.0341
1638,5.881358,0.0343
1639,5.812042,0.0340
1640,5.741998,0.0338
1641,5.684671,0.0346
1642,5.639673,0.0338
1643,5.595180,0.0337
1644,5.543560,0.0341
1645,5.491389,0.0341
1646,5.445293,0.0340
1647,5.405078,0.0339
1648,5.374135,0.0341
1649,5.346108,0.0338
1650,5.310966,0.0338
1651,5.264639,0.0342
1652,5.214921,0.0340
1653,5.168347,0.0339
1654,5.127646,0.0342
1655,5.090878,0.0341
1656,5.057660,0.0336
1657,5.027860,0.0339
1658,4.997768,0.0340
1659,4.967074,0.0336
1660,4.938434,0.0339
1661,4.906678,0.0338
1662,4.873563,0.0340
1663,4.842200,0.0339
1664,4.813620,0.0337
1665,4.789232,0.0337
1666,4.763992,0.0337
1667,4.738380,0.0341
1668,4.717431,0.0339
1669,4.696776,0.0343
1670,4.674321,0.0338
1671,4.653527,0.0339
1672,4.634568,0.0342
1673,4.612849,0.0339
1674,4.592390,0.0337
1675,4.577628,0.0340
1676,4.560654,0.0337
1677,4.541383,0.0343
1678,4.521350,0.0336
1679,4.503404,0.0338
1680,4.537927,0.0341
1681,4.624012,0.0338
1682,4.752237,0.0338
1683,4.881680,0.0337
1684,4.944272,0.0338
1685,4.949913,0.0343
1686,4.937914,0.0343
1687,4.930971,0.0342
1688,4.934645,0.0340
1689,4.949886,0.0344
1690,4.956009,0.0344
1691,4.925241,0.0341
1692,4.864017,0.0343
1693,4.799012,0.0341
1694,4.751594,0.0344
1695,4.720395,0.0341
1696,4.687041,0.0342
1697,4.646573,0.0341
1698,4.618938,0.0340
1699,4.639904,0.0338
1700,4.686511,0.0340
1701,4.713600,0.0345
1702,4.712401,0.0342
1703,4.699209,0.0343
1704,4.689424,0.0346
1705,4.689841,0.0342
1706,4.683699,0.0343
1707,4.659680,0.0343
1708,4.633013,0.0341
1709,4.632678,0.0339
1710,4.642407,0.0345
1711,4.620433,0.0342
1712,4.579485,0.0342
1713,4.548756,0.0341
1714,4.530775,0.0344
1715,4.510400,0.0345
1716,4.487433,0.0345
1717,4.476952,0.0343
1718,4.476863,0.0343
1719,4.473278,0.0343
1720,4.466985,0.0343
1721,4.460045,0.0338
1722,4.445265,0.0344
1723,4.420530,0.0344
1724,4.394545,0.0342
1725,4.373756,0.0339
1726,4.358585,0.0342
1727,4.344745,0.0341
1728,4.328751,0.0340
1729,4.312684,0.0342
1730,4.299643,0.0338
1731,4.291451,0.0340
1732,4.282004,0.0342
1733,4.272105,0.0341
1734,4.262771,0.0342
1735,4.269591,0.0356
1736,4.279540,0.0344
1737,4.268637,0.0343
1738,4.271114,0.0343
1739,4.306897,0.0344
1740,4.347154,0.0343
1741,4.364014,0.0343
1742,4.361639,0.0344
1743,4.357787,0.0340
1744,4.356015,0.0344
1745,4.350759,0.0346
1746,4.343229,0.0343
1747,4.348852,0.0343
1748,4.365436,0.0341
1749,4.378954,0.0345
1750,4.429766,0.0344
1751,4.493288,0.0344
1752,4.510263,0.0345
1753,4.488941,0.0343
1754,4.463995,0.0343
1755,4.451201,0.0345
1756,4.434317,0.0343
1757,4.402442,0.0344
1758,4.364377,0.0347
1759,4.338157,0.0342
1760,4.330419,0.0342
1761,4.322643,0.0344
1762,4.300189,0.0345
1763,4.270565,0.0344
1764,4.251931,0.0344
1765,4.241873,0.0355
1766,4.231871,0.0344
1767,4.226839,0.0344
1768,4.225747,0.0344
1769,4.230368,0.0346
1770,4.242088,0.0344
1771,4.247617,0.0343
1772,4.241452,0.0345
1773,4.237520,0.0344
1774,4.238160,0.0345
1775,4.237342,0.0347
1776,4.235127,0.0344
1777,4.235260,0.0356
1778,4.240823,0.0343
1779,4.248915,0.0345
1780,4.301238,0.0343
1781,4.347922,0.0343
1782,4.316944,0.0349
1783,4.261527,0.0348
1784,4.245251,0.0345
1785,4.253647,0.0345
1786,4.234925,0.0345
1787,4.195750,0.0344
1788,4.185379,0.0343
1789,4.206175,0.0345
1790,4.227830,0.0344
1791,4.244889,0.0345
1792,4.327812,0.0345
1793,4.474365,0.0343
1794,4.571921,0.0343
1795,4.579771,0.0345
1796,4.518053,0.0347
1797,4.433269,0.0347
1798,4.373180,0.0344
1799,4.354165,0.0346
1800,4.356253,0.0343
1801,4.358332,0.0343
1802,4.348739,0.0342
1803,4.331136,0.0343
1804,4.300243,0.0342
1805,4.263929,0.0345
1806,4.233456,0.0343
1807,4.212729,0.0343
1808,4.201810,0.0343
1809,4.200565,0.0345
1810,4.227019,0.0346
1811,4.285154,0.0338
1812,4.347382,0.0344
1813,4.396851,0.0344
1814,4.430420,0.0344
1815,4.448701,0.0344
1816,4.455348,0.0349
1817,4.454377,0.0345
1818,4.452824,0.0345
1819,4.448237,0.0346
1820,4.441526,0.0342
1821,4.433092,0.0346
1822,4.419858,0.0344
1823,4.403384,0.0345
1824,4.384347,0.0342
1825,4.364193,0.0346
1826,4.343519,0.0347
1827,4.322726,0.0342
1828,4.303612,0.0344
1829,4.286728,0.0345
1830,4.271383,0.0347
1831,4.258867,0.0345
1832,4.247772,0.0344
1833,4.238359,0.0346
1834,4.228875,0.0342
1835,4.219644,0.0343
1836,4.211426,0.0347
1837,4.205245,0.0343
1838,4.199868,0.0343
1839,4.203705,0.0344
1840,4.215374,0.0346
1841,4.231236,0.0344
1842,4.251669,0.0343
1843,4.266536,0.0344
1844,4.273082,0.0345
1845,4.273276,0.0343
1846,4.265316,0.0347
1847,4.259608,0.0346
1848,4.257018,0.0344
1849,4.252690,0.0343
1850,4.240948,0.0344
1851,4.226118,0.0340
1852,4.210835,0.0343
1853,4.199246,0.0344
1854,4.190223,0.0339
1855,4.182220,0.0345
1856,4.173057,0.0347
1857,4.164272,0.0347
1858,4.156981,0.0346
1859,4.149577,0.0354
1860,4.141612,0.0346
1861,4.132143,0.0344
1862,4.123562,0.0346
1863,4.115796,0.0348
1864,4.109370,0.0345
1865,4.104180,0.0345
1866,4.101318,0.0344
1867,4.099645,0.0347
1868,4.097306,0.0345
1869,4.093172,0.0346
1870,4.091047,0.0346
1871,4.088774,0.0342
1872,4.085637,0.0343
1873,4.081838,0.0345
1874,4.080523,0.0341
1875,4.080260,0.0341
1876,4.078855,0.0339
1877,4.075178,0.0349
1878,4.071780,0.0344
1879,4.070909,0.0345
1880,4.071558,0.0345
1881,4.071716,0.0337
1882,4.070633,0.0340
1883,4.069329,0.0347
1884,4.069364,0.0339
1885,4.103995,0.0343
1886,4.163408,0.0344
1887,4.197674,0.0346
1888,4.222775,0.0346
1889,4.248502,0.0342
1890,4.262025,0.0344
1891,4.256132,0.0342
1892,4.236515,0.0339
1893,4.215372,0.0346
1894,4.202529,0.0344
1895,4.193550,0.0347
1896,4.180357,0.0346
1897,4.161577,0.0348
1898,4.142474,0.0345
1899,4.130123,0.0344
1900,4.123623,0.0343
1901,4.121456,0.0343
1902,4.118771,0.0340
1903,4.113564,0.0343
1904,4.107176,0.0340
1905,4.102430,0.0342
1906,4.098567,0.0342
1907,4.091918,0.0343
1908,4.088707,0.0342
1909,4.086120,0.0345
1910,4.078360,0.0355
1911,4.064739,0.0343
1912,4.054567,0.0344
1913,4.047992,0.0345
1914,4.043244,0.0340
1915,4.038194,0.0344
1916,4.031683,0.0340
1917,4.026199,0.0345
1918,4.021570,0.0343
1919,4.018023,0.0344
1920,4.015560,0.0344
1921,4.013121,0.0346
1922,4.010434,0.0343
1923,4.033711,0.0344
1924,4.089367,0.0346
1925,4.150017,0.0341
1926,4.195827,0.0345
1927,4.261060,0.0348
1928,4.355243,0.0338
1929,4.447405,0.0347
1930,4.522923,0.0348
1931,4.574964,0.0346
1932,4.606745,0.0346
1933,4.622597,0.0346
1934,4.630826,0.0345
1935,4.631092,0.0346
1936,4.629152,0.0343
1937,4.624146,0.0357
1938,4.612606,0.0344
1939,4.593880,0.0345
1940,4.568161,0.0345
1941,4.539954,0.0347
1942,4.509977,0.0346
1943,4.480199,0.0342
1944,4.451304,0.0345
1945,4.422714,0.0346
1946,4.395299,0.0346
1947,4.368732,0.0349
1948,4.343361,0.0346
1949,4.322312,0.0348
1950,4.302710,0.0346
1951,4.283035,0.0348
1952,4.262676,0.0344
1953,4.242511,0.0340
1954,4.223635,0.0345
1955,4.213628,0.0348
1956,4.210804,0.0360
1957,4.204950,0.0344
1958,4.195836,0.0347
1959,4.185992,0.0345
1960,4.176230,0.0346
1961,4.164597,0.0349
1962,4.150534,0.0344
1963,4.135767,0.0343
1964,4.122058,0.0343
1965,4.112994,0.0350
1966,4.107500,0.0345
1967,4.100938,0.0342
1968,4.093294,0.0345
1969,4.083981,0.0349
1970,4.073548,0.0343
1971,4.066063,0.0346
1972,4.060677,0.0348
1973,4.057519,0.0343
1974,4.058890,0.0345
1975,4.065213,0.0345
1976,4.077620,0.0346
1977,4.094386,0.0347
1978,4.118133,0.0348
1979,4.141330,0.0348
1980,4.146199,0.0348
1981,4.136614,0.0348
1982,4.124940,0.0349
1983,4.116270,0.0344
1984,4.108118,0.0347
1985,4.101700,0.0341
1986,4.098376,0.0342
1987,4.099002,0.0350
1988,4.102462,0.0346
1989,4.105551,0.0342
1990,4.103323,0.0345
1991,4.097579,0.0346
1992,4.092064,0.0347
1993,4.087157,0.0343
1994,4.083463,0.0344
1995,4.079676,0.0348
1996,4.076818,0.0351
1997,4.072441,0.0343
1998,4.067367,0.0342
1999,4.061697,0.0344
2000,4.055464,0.0347
2001,4.048826,0.0345
2002,4.041811,0.0348
2003,4.037015,0.0344
2004,4.031914,0.0343
2005,4.026550,0.0343
2006,4.020756,0.0346
2007,4.015746,0.0347
2008,4.011198,0.0344
2009,4.006893,0.0342
2010,4.002814,0.0342
2011,3.999609,0.0342
2012,3.997626,0.0347
2013,3.996039,0.0349
2014,3.994760,0.0343
2015,3.992803,0.0347
2016,3.991175,0.0343
2017,3.988949,0.0346
2018,3.989449,0.0342
2019,3.992963,0.0348
2020,3.999441,0.0343
2021,4.009722,0.0344
2022,4.020070,0.0344
2023,4.029101,0.0349
2024,4.037515,0.0342
2025,4.043518,0.0339
2026,4.048930,0.0351
2027,4.055868,0.0343
2028,4.066481,0.0347
2029,4.080692,0.0344
2030,4.097873,0.0342
2031,4.114621,0.0344
2032,4.129951,0.0347
2033,4.142807,0.0347
2034,4.152448,0.0344
2035,4.159882,0.0348
2036,4.166244,0.0344
2037,4.169941,0.0344
2038,4.172723,0.0348
2039,4.173931,0.0348
2040,4.174064,0.0344
2041,4.174186,0.0348
2042,4.174948,0.0345
2043,4.175827,0.0349
2044,4.174927,0.0347
2045,4.171467,0.0347
2046,4.167449,0.0347
2047,4.162218,0.0359
2048,4.158176,0.0347
2049,4.153329,0.0346
2050,4.148105,0.0349
2051,4.143476,0.0344
2052,4.140251,0.0348
2053,4.136715,0.0347
2054,4.134243,0.0349
2055,4.131605,0.0346
2056,4.128402,0.0345
2057,4.123570,0.0345
2058,4.119900,0.0343
2059,4.118874,0.0347
2060,4.117252,0.0347
2061,4.114043,0.0349
2062,4.107926,0.0346
2063,4.100511,0.0347
2064,4.092697,0.0343
2065,4.085486,0.0351
2066,4.082682,0.0345
2067,4.084918,0.0347
2068,4.098490,0.0350
2069,4.117735,0.0343
2070,4.121704,0.0347
2071,4.110943,0.0346
2072,4.098634,0.0344
2073,4.091634,0.0344
2074,4.088701,0.0345
2075,4.083101,0.0347
2076,4.072391,0.0350
2077,4.063730,0.0345
2078,4.060079,0.0343
2079,4.061310,0.0346
2080,4.062519,0.0341
2081,4.061936,0.0351
2082,4.058745,0.0349
2083,4.056971,0.0345
2084,4.059380,0.0346
2085,4.061040,0.0347
2086,4.058373,0.0348
2087,4.053704,0.0343
2088,4.048098,0.0346
2089,4.045125,0.0349
2090,4.043444,0.0343
2091,4.040665,0.0343
2092,4.036633,0.0349
2093,4.035444,0.0344
2094,4.037202,0.0345
2095,4.040860,0.0345
2096,4.047357,0.0343
2097,4.054677,0.0351
2098,4.060019,0.0345
2099,4.063154,0.0347
2100,4.066693,0.0348
2101,4.069629,0.0347
2102,4.070422,0.0339
2103,4.068332,0.0344
2104,4.065255,0.0342
2105,4.062727,0.0343
2106,4.062591,0.0348
2107,4.064286,0.0347
2108,4.063322,0.0343
2109,4.056746,0.0341
2110,4.046546,0.0349
2111,4.035806,0.0348
2112,4.030395,0.0341
2113,4.033475,0.0348
2114,4.041650,0.0346
2115,4.052584,0.0349
2116,4.059720,0.0347
2117,4.061066,0.0346
2118,4.060702,0.0345
2119,4.060893,0.0344
2120,4.062216,0.0351
2121,4.064775,0.0344
2122,4.064846,0.0342
2123,4.062812,0.0349
2124,4.057648,0.0343
2125,4.050857,0.0348
2126,4.043712,0.0351
2127,4.038050,0.0343
2128,4.033067,0.0343
2129,4.028379,0.0347
2130,4.023838,0.0345
2131,4.020364,0.0347
2132,4.017358,0.0339
2133,4.020333,0.0349
2134,4.030779,0.0349
2135,4.043894,0.0341
2136,4.055093,0.0348
2137,4.062643,0.0349
2138,4.065532,0.0345
2139,4.065226,0.0350
2140,4.069655,0.0346
2141,4.081075,0.0346
2142,4.089530,0.0344
2143,4.087427,0.0342
2144,4.075441,0.0349
2145,4.058921,0.0349
2146,4.042731,0.0346
2147,4.032578,0.0345
2148,4.029457,0.0346
2149,4.032423,0.0348
2150,4.038697,0.0347
2151,4.042994,0.0345
2152,4.042703,0.0343
2153,4.039349,0.0343
2154,4.035663,0.0345
2155,4.033137,0.0347
2156,4.036358,0.0345
2157,4.045815,0.0346
2158,4.052708,0.0349
2159,4.053726,0.0342
2160,4.049723,0.0344
2161,4.042704,0.0351
2162,4.034020,0.0351
2163,4.025000,0.0347
2164,4.026820,0.0346
2165,4.046383,0.0349
2166,4.073345,0.0343
2167,4.097209,0.0346
2168,4.113327,0.0348
2169,4.120792,0.0349
2170,4.122006,0.0346
2171,4.118554,0.0348
2172,4.124423,0.0347
2173,4.147445,0.0346
2174,4.180537,0.0346
2175,4.214335,0.0349
2176,4.240291,0.0352
2177,4.256802,0.0344
2178,4.264834,0.0347
2179,4.265059,0.0350
2180,4.260852,0.0347
2181,4.251620,0.0348
2182,4.240455,0.0347
2183,4.225968,0.0347
2184,4.209304,0.0344
2185,4.191845,0.0344
2186,4.173723,0.0343
2187,4.155512,0.0347
2188,4.138762,0.0358
2189,4.122400,0.0346
2190,4.106352,0.0348
2191,4.093332,0.0345
2192,4.082554,0.0348
2193,4.071627,0.0349
2194,4.060125,0.0342
2195,4.047536,0.0345
2196,4.036527,0.0344
2197,4.028320,0.0341
2198,4.020314,0.0344
2199,4.014342,0.0345
2200,4.010851,0.0348
2201,4.009254,0.0342
2202,4.008893,0.0346
2203,4.007519,0.0348
2204,4.004834,0.0340
2205,4.002550,0.0341
2206,4.000667,0.0343
2207,4.000766,0.0349
2208,4.001574,0.0348
2209,4.001689,0.0347
2210,4.000850,0.0348
2211,3.999831,0.0348
2212,3.998420,0.0343
2213,3.997427,0.0348
2214,3.996338,0.0348
2215,3.994970,0.0347
2216,3.994066,0.0347
2217,3.992954,0.0346
2218,3.992912,0.0345
2219,3.991395,0.0346
2220,3.990489,0.0352
2221,3.989225,0.0350
2222,3.988709,0.0347
2223,3.987298,0.0345
2224,3.985511,0.0345
2225,3.984849,0.0348
2226,3.983712,0.0345
2227,3.983158,0.0350
2228,3.983720,0.0346
2229,3.983816,0.0342
2230,3.984018,0.0339
2231,3.984765,0.0347
2232,3.985371,0.0346
2233,3.985854,0.0346
2234,3.986204,0.0341
2235,3.986140,0.0345
2236,3.985724,0.0343
2237,3.985249,0.0348
2238,3.985047,0.0345
2239,3.984838,0.0352
2240,3.984370,0.0348
2241,3.983892,0.0350
2242,3.982966,0.0347
2243,3.983257,0.0348
2244,3.983012,0.0347
2245,3.983590,0.0350
2246,3.984065,0.0347
2247,3.986869,0.0343
2248,3.991985,0.0346
2249,4.000047,0.0343
2250,4.008072,0.0343
2251,4.016555,0.0348
2252,4.023993,0.0349
2253,4.030650,0.0347
2254,4.036443,0.0347
2255,4.041615,0.0350
2256,4.045466,0.0348
2257,4.048893,0.0348
2258,4.050836,0.0342
2259,4.051845,0.0349
2260,4.051383,0.0347
2261,4.049695,0.0348
2262,4.047493,0.0343
2263,4.044961,0.0343
2264,4.041963,0.0341
2265,4.038858,0.0344
2266,4.035866,0.0344
2267,4.032883,0.0342
2268,4.029438,0.0342
2269,4.025667,0.0351
2270,4.022988,0.0341
2271,4.019898,0.0345
2272,4.017143,0.0345
2273,4.014925,0.0348
2274,4.013672,0.0340
2275,4.014026,0.0342
2276,4.015605,0.0344
2277,4.017475,0.0348
2278,4.021473,0.0342
2279,4.029613,0.0345
2280,4.040204,0.0342
2281,4.053956,0.0342
2282,4.066402,0.0345
2283,4.075099,0.0355
2284,4.080462,0.0345
2285,4.082150,0.0348
2286,4.080668,0.0350
2287,4.077960,0.0345
2288,4.073824,0.0342
2289,4.070680,0.0346
2290,4.067651,0.0340
2291,4.064280,0.0344
2292,4.060974,0.0343
2293,4.057033,0.0345
2294,4.053016,0.0344
2295,4.047793,0.0348
2296,4.042919,0.0351
2297,4.037237,0.0344
2298,4.031951,0.0344
2299,4.027849,0.0348
2300,4.024280,0.0346
2301,4.020383,0.0343
2302,4.017564,0.0341
2303,4.014659,0.0342
2304,4.013432,0.0341
2305,4.016132,0.0344
2306,4.021890,0.0343
2307,4.027779,0.0342
2308,4.032167,0.0341
2309,4.035651,0.0348
2310,4.038833,0.0340
2311,4.041104,0.0341
2312,4.044842,0.0344
2313,4.047772,0.0346
2314,4.049290,0.0343
2315,4.051426,0.0351
2316,4.053009,0.0341
2317,4.054018,0.0340
2318,4.054038,0.0344
2319,4.053298,0.0349
2320,4.052431,0.0341
2321,4.050653,0.0342
2322,4.047311,0.0343
2323,4.043296,0.0347
2324,4.040158,0.0342
2325,4.036736,0.0343
2326,4.034045,0.0343
2327,4.033014,0.0347
2328,4.032672,0.0346
2329,4.032600,0.0351
2330,4.033313,0.0340
2331,4.033544,0.0346
2332,4.033655,0.0343
2333,4.032864,0.0347
2334,4.031587,0.0341
2335,4.030491,0.0341
2336,4.028550,0.0343
2337,4.026853,0.0341
2338,4.024341,0.0343
2339,4.021395,0.0345
2340,4.018326,0.0347
2341,4.015107,0.0342
2342,4.011932,0.0348
2343,4.009492,0.0349
2344,4.006931,0.0342
2345,4.005434,0.0342
2346,4.003875,0.0345
2347,4.002637,0.0351
2348,4.000859,0.0344
2349,3.998891,0.0353
2350,3.997412,0.0347
2351,3.995978,0.0350
2352,3.995004,0.0345
2353,3.993644,0.0347
2354,3.992660,0.0350
2355,3.991169,0.0346
2356,3.989447,0.0346
2357,3.990503,0.0353
2358,3.994481,0.0345
2359,4.000507,0.0345
2360,4.007470,0.0353
2361,4.015958,0.0345
2362,4.023672,0.0344
2363,4.029020,0.0358
2364,4.030876,0.0342
2365,4.029455,0.0346
2366,4.026022,0.0352
2367,4.021944,0.0348
2368,4.017413,0.0346
2369,4.012843,0.0343
2370,4.009672,0.0342
2371,4.006611,0.0343
2372,4.005125,0.0341
2373,4.003535,0.0350
2374,4.002215,0.0341
2375,4.001025,0.0340
2376,3.999690,0.0342
2377,3.997859,0.0362
2378,3.996189,0.0351
2379,3.994142,0.0345
2380,3.993558,0.0341
2381,3.993662,0.0343
2382,3.994263,0.0341
2383,3.995602,0.0347
2384,3.996741,0.0348
2385,3.996685,0.0342
2386,3.996753,0.0347
2387,3.996353,0.0348
2388,3.995698,0.0349
2389,3.993559,0.0345
2390,3.990952,0.0346
2391,3.988747,0.0349
2392,3.986465,0.0341
2393,3.983461,0.0346
2394,3.981293,0.0347
2395,3.979499,0.0347
2396,3.978757,0.0345
2397,3.980137,0.0349
2398,3.981630,0.0343
2399,3.983011,0.0347
2400,3.984889,0.0346
2401,3.985319,0.0345
2402,3.986022,0.0348
2403,3.985644,0.0346
2404,3.985045,0.0341
2405,3.984028,0.0346
2406,3.982651,0.0344
2407,3.981019,0.0342
2408,3.979503,0.0342
2409,3.977392,0.0354
2410,3.975585,0.0341
2411,3.974032,0.0342
2412,3.972694,0.0343
2413,3.971228,0.0343
2414,3.969536,0.0344
2415,3.968061,0.0347
2416,3.966993,0.0343
2417,3.966008,0.0346
2418,3.965008,0.0342
2419,3.963507,0.0348
2420,3.962921,0.0341
2421,3.962023,0.0347
2422,3.960606,0.0343
2423,3.960128,0.0343
2424,3.959585,0.0342
2425,3.958561,0.0348
2426,3.957940,0.0348
2427,3.956880,0.0342
2428,3.956420,0.0343
2429,3.956341,0.0344
2430,3.956016,0.0350
2431,3.956447,0.0352
2432,3.956486,0.0344
2433,3.956830,0.0348
2434,3.956767,0.0345
2435,3.956995,0.0346
2436,3.956672,0.0345
2437,3.956471,0.0349
2438,3.956388,0.0352
2439,3.955899,0.0348
2440,3.955302,0.0347
2441,3.954515,0.0345
2442,3.953588,0.0346
2443,3.953123,0.0350
2444,3.952252,0.0343
2445,3.951425,0.0348
2446,3.950800,0.0346
2447,3.950125,0.0347
2448,3.949557,0.0341
2449,3.948835,0.0347
2450,3.947923,0.0346
2451,3.947096,0.0348
2452,3.946964,0.0352
2453,3.945667,0.0346
2454,3.945450,0.0345
2455,3.944974,0.0351
2456,3.944435,0.0349
2457,3.943810,0.0342
2458,3.943472,0.0341
2459,3.943033,0.0341
2460,3.942392,0.0347
2461,3.941602,0.0343
2462,3.941108,0.0343
2463,3.940551,0.0341
2464,3.940115,0.0343
2465,3.939690,0.0341
2466,3.939597,0.0342
2467,3.939969,0.0345
2468,3.940501,0.0342
2469,3.940813,0.0343
2470,3.941458,0.0343
2471,3.941806,0.0343
2472,3.941857,0.0346
2473,3.942007,0.0341
2474,3.942052,0.0348
2475,3.942341,0.0341
2476,3.942488,0.0341
2477,3.942232,0.0343
2478,3.942015,0.0340
2479,3.941434,0.0341
2480,3.940711,0.0344
2481,3.940053,0.0342
2482,3.939001,0.0342
2483,3.938105,0.0343
2484,3.937520,0.0342
2485,3.936849,0.0344
2486,3.936596,0.0343
2487,3.936771,0.0350
2488,3.936413,0.0359
2489,3.936177,0.0347
2490,3.935641,0.0350
2491,3.935122,0.0345
2492,3.934264,0.0343
2493,3.933370,0.0347
2494,3.932527,0.0345
2495,3.932086,0.0343
2496,3.931371,0.0349
2497,3.931101,0.0350
2498,3.930878,0.0348
2499,3.930840,0.0348
2500,3.930472,0.0346
2501,3.929724,0.0352
2502,3.929236,0.0348
2503,3.929082,0.0344
2504,3.928850,0.0348
2505,3.928429,0.0353
2506,3.928017,0.0347
2507,3.927970,0.0342
2508,3.927562,0.0345
2509,3.927415,0.0346
2510,3.927273,0.0349
2511,3.927124,0.0348
2512,3.927030,0.0343
2513,3.926931,0.0348
2514,3.927053,0.0346
2515,3.926593,0.0347
2516,3.926177,0.0344
2517,3.926389,0.0346
2518,3.925661,0.0344
2519,3.925217,0.0347
2520,3.924590,0.0348
2521,3.924538,0.0346
2522,3.923849,0.0343
2523,3.923638,0.0346
2524,3.923391,0.0343
2525,3.922712,0.0344
2526,3.922780,0.0342
2527,3.922220,0.0342
2528,3.921898,0.0348
2529,3.921713,0.0345
2530,3.922506,0.0343
2531,3.923480,0.0343
2532,3.924101,0.0348
2533,3.925081,0.0345
2534,3.925389,0.0344
2535,3.926415,0.0351
2536,3.926474,0.0349
2537,3.926668,0.0345
2538,3.926193,0.0343
2539,3.925601,0.0345
2540,3.925140,0.0344
2541,3.924387,0.0348
2542,3.923610,0.0344
2543,3.923202,0.0350
2544,3.922401,0.0349
2545,3.921914,0.0351
2546,3.921809,0.0348
2547,3.921110,0.0348
2548,3.920470,0.0345
2549,3.920040,0.0354
2550,3.919670,0.0348
2551,3.919309,0.0346
2552,3.918895,0.0342
2553,3.918798,0.0343
2554,3.918890,0.0341
2555,3.919354,0.0347
2556,3.919044,0.0349
2557,3.919311,0.0353
2558,3.919177,0.0347
2559,3.919106,0.0348
2560,3.918948,0.0351
2561,3.918879,0.0348
2562,3.919576,0.0343
2563,3.920485,0.0340
2564,3.920594,0.0347
2565,3.921110,0.0349
2566,3.921466,0.0355
2567,3.921502,0.0344
2568,3.921050,0.0347
2569,3.920782,0.0344
2570,3.920446,0.0347
2571,3.919919,0.0347
2572,3.919417,0.0342
2573,3.919478,0.0347
2574,3.919360,0.0347
2575,3.919576,0.0345
2576,3.919722,0.0345
2577,3.919944,0.0345
2578,3.919634,0.0345
2579,3.919619,0.0349
2580,3.919386,0.0344
2581,3.919087,0.0346
2582,3.918887,0.0344
2583,3.918718,0.0344
2584,3.918200,0.0344
2585,3.918551,0.0345
2586,3.918239,0.0344
2587,3.917314,0.0344
2588,3.916403,0.0350
2589,3.915731,0.0347
2590,3.915255,0.0349
2591,3.915363,0.0351
2592,3.915013,0.0345
2593,3.914371,0.0349
2594,3.914104,0.0345
2595,3.913915,0.0348
2596,3.913745,0.0352
2597,3.913697,0.0340
2598,3.913265,0.0343
2599,3.913273,0.0350
2600,3.913480,0.0346
2601,3.913875,0.0347
2602,3.914070,0.0345
2603,3.914544,0.0347
2604,3.915980,0.0345
2605,3.917408,0.0345
2606,3.919068,0.0345
2607,3.920369,0.0344
2608,3.921483,0.0344
2609,3.922810,0.0347
2610,3.923758,0.0353
2611,3.924726,0.0346
2612,3.925206,0.0345
2613,3.925653,0.0346
2614,3.925755,0.0345
2615,3.924773,0.0344
2616,3.924093,0.0346
2617,3.923481,0.0346
2618,3.922599,0.0345
2619,3.921579,0.0348
2620,3.920759,0.0350
2621,3.920103,0.0345
2622,3.919148,0.0347
2623,3.919007,0.0350
2624,3.918538,0.0346
2625,3.918180,0.0348
2626,3.916872,0.0349
2627,3.916160,0.0356
2628,3.915091,0.0344
2629,3.914321,0.0346
2630,3.913529,0.0349
2631,3.913107,0.0348
2632,3.912279,0.0346
2633,3.911733,0.0353
2634,3.910604,0.0350
2635,3.910215,0.0349
2636,3.909920,0.0352
2637,3.909277,0.0348
2638,3.908983,0.0351
2639,3.908526,0.0351
2640,3.908235,0.0348
2641,3.909288,0.0355
2642,3.911055,0.0354
2643,3.913179,0.0351
2644,3.915392,0.0352
2645,3.917119,0.0352
2646,3.917479,0.0349
2647,3.916735,0.0346
2648,3.915654,0.0350
2649,3.914797,0.0352
2650,3.913683,0.0344
2651,3.913565,0.0344
2652,3.913727,0.0345
2653,3.915317,0.0343
2654,3.916875,0.0343
2655,3.918795,0.0349
2656,3.919854,0.0347
2657,3.920623,0.0345
2658,3.921443,0.0360
2659,3.921766,0.0346
2660,3.921501,0.0340
2661,3.920934,0.0341
2662,3.920359,0.0345
2663,3.919715,0.0352
2664,3.919143,0.0346
2665,3.918432,0.0351
2666,3.917318,0.0353
2667,3.916037,0.0350
2668,3.914511,0.0352
2669,3.913814,0.0349
2670,3.913696,0.0348
2671,3.913268,0.0347
2672,3.912346,0.0347
2673,3.912348,0.0355
2674,3.912227,0.0349
2675,3.911557,0.0352
2676,3.910842,0.0350
2677,3.910032,0.0353
2678,3.908639,0.0345
2679,3.907750,0.0349
2680,3.906457,0.0350
2681,3.905630,0.0352
2682,3.904667,0.0349
2683,3.903720,0.0348
2684,3.902821,0.0353
2685,3.901953,0.0350
2686,3.901378,0.0351
2687,3.901771,0.0350
2688,3.902781,0.0356
2689,3.904253,0.0349
2690,3.905645,0.0348
2691,3.905974,0.0351
2692,3.906265,0.0348
2693,3.905911,0.0350
2694,3.905635,0.0351
2695,3.904753,0.0348
2696,3.903679,0.0352
2697,3.902982,0.0351
2698,3.902180,0.0351
2699,3.901787,0.0351
2700,3.901269,0.0346
2701,3.900385,0.0346
2702,3.899671,0.0348
2703,3.899301,0.0343
2704,3.898619,0.0348
2705,3.898584,0.0343
2706,3.898123,0.0353
2707,3.897974,0.0349
2708,3.897492,0.0345
2709,3.897386,0.0345
2710,3.896732,0.0349
2711,3.896070,0.0352
2712,3.895985,0.0348
2713,3.895440,0.0350
2714,3.894984,0.0353
2715,3.894561,0.0346
2716,3.894541,0.0349
2717,3.894208,0.0346
2718,3.894458,0.0350
2719,3.895533,0.0356
2720,3.898135,0.0351
2721,3.901724,0.0352
2722,3.906583,0.0353
2723,3.910874,0.0344
2724,3.915593,0.0349
2725,3.919451,0.0354
2726,3.922662,0.0346
2727,3.925448,0.0350
2728,3.928175,0.0344
2729,3.930729,0.0347
2730,3.932899,0.0348
2731,3.934287,0.0346
2732,3.934564,0.0363
2733,3.935539,0.0347
2734,3.936440,0.0345
2735,3.936951,0.0351
2736,3.937132,0.0349
2737,3.937418,0.0347
2738,3.937724,0.0346
2739,3.937855,0.0350
2740,3.937923,0.0352
2741,3.937317,0.0341
2742,3.936941,0.0345
2743,3.936502,0.0349
2744,3.935206,0.0342
2745,3.934659,0.0352
2746,3.933935,0.0346
2747,3.933585,0.0347
2748,3.933007,0.0345
2749,3.932768,0.0351
2750,3.931386,0.0353
2751,3.930722,0.0351
2752,3.930084,0.0346
2753,3.929069,0.0352
2754,3.928004,0.0344
2755,3.926980,0.0349
2756,3.926306,0.0348
2757,3.926458,0.0352
2758,3.926054,0.0348
2759,3.925380,0.0353
2760,3.924804,0.0350
2761,3.924154,0.0352
2762,3.923683,0.0350
2763,3.923826,0.0357
2764,3.923354,0.0350
2765,3.923176,0.0351
2766,3.922580,0.0347
2767,3.922072,0.0347
2768,3.921010,0.0347
2769,3.920107,0.0350
2770,3.919705,0.0351
2771,3.918758,0.0351
2772,3.918349,0.0354
2773,3.917965,0.0348
2774,3.917595,0.0351
2775,3.917169,0.0350
2776,3.916069,0.0350
2777,3.915123,0.0344
2778,3.914517,0.0346
2779,3.914955,0.0351
2780,3.915209,0.0354
2781,3.916018,0.0349
2782,3.916906,0.0350
2783,3.918252,0.0354
2784,3.919492,0.0348
2785,3.920732,0.0351
2786,3.921574,0.0348
2787,3.921908,0.0353
2788,3.921496,0.0350
2789,3.920942,0.0345
2790,3.919590,0.0348
2791,3.918395,0.0351
2792,3.916753,0.0345
2793,3.915315,0.0351
2794,3.914035,0.0354
2795,3.912901,0.0353
2796,3.912043,0.0347
2797,3.911316,0.0350
2798,3.910738,0.0349
2799,3.910251,0.0346
2800,3.910367,0.0345
2801,3.909876,0.0351
2802,3.909597,0.0347
2803,3.909259,0.0351
2804,3.909256,0.0347
2805,3.909047,0.0349
2806,3.908976,0.0352
2807,3.908654,0.0352
2808,3.908339,0.0355
2809,3.907598,0.0346
2810,3.907412,0.0344
2811,3.906765,0.0351
2812,3.906254,0.0349
2813,3.905365,0.0352
2814,3.904755,0.0350
2815,3.904224,0.0350
2816,3.903338,0.0351
2817,3.902618,0.0349
2818,3.902174,0.0350
2819,3.901682,0.0351
2820,3.900561,0.0350
2821,3.900434,0.0348
2822,3.899754,0.0345
2823,3.899682,0.0348
2824,3.899715,0.0347
2825,3.899843,0.0348
2826,3.899888,0.0350
2827,3.899947,0.0346
2828,3.899949,0.0350
2829,3.899762,0.0351
2830,3.899924,0.0352
2831,3.899798,0.0349
2832,3.899328,0.0351
2833,3.899046,0.0350
2834,3.898334,0.0352
2835,3.898540,0.0350
2836,3.898354,0.0351
2837,3.897790,0.0351
2838,3.897079,0.0348
2839,3.896533,0.0351
2840,3.895859,0.0346
2841,3.895750,0.0353
2842,3.895716,0.0348
2843,3.895692,0.0351
2844,3.896428,0.0347
2845,3.897100,0.0349
2846,3.898432,0.0344
2847,3.898971,0.0343
2848,3.899308,0.0347
2849,3.899145,0.0350
2850,3.898976,0.0351
2851,3.899444,0.0353
2852,3.899245,0.0348
2853,3.898897,0.0348
2854,3.898491,0.0350
2855,3.897663,0.0348
2856,3.896442,0.0349
2857,3.896392,0.0351
2858,3.895909,0.0357
2859,3.895417,0.0345
2860,3.894383,0.0353
2861,3.894057,0.0350
2862,3.893135,0.0351
2863,3.892455,0.0354
2864,3.891623,0.0351
2865,3.891263,0.0347
2866,3.890591,0.0347
2867,3.889687,0.0348
2868,3.889752,0.0350
2869,3.889212,0.0347
2870,3.888910,0.0346
2871,3.888510,0.0350
2872,3.888544,0.0354
2873,3.888016,0.0350
2874,3.887621,0.0349
2875,3.887033,0.0352
2876,3.886827,0.0352
2877,3.886588,0.0351
2878,3.887086,0.0352
2879,3.886831,0.0350
2880,3.887147,0.0352
2881,3.888866,0.0348
2882,3.890460,0.0349
2883,3.891526,0.0352
2884,3.891378,0.0352
2885,3.891098,0.0353
2886,3.889930,0.0356
2887,3.888669,0.0351
2888,3.887682,0.0352
2889,3.887173,0.0354
2890,3.886333,0.0351
2891,3.886553,0.0351
2892,3.886812,0.0352
2893,3.886507,0.0349
2894,3.885916,0.0345
2895,3.885630,0.0347
2896,3.884917,0.0348
2897,3.884225,0.0348
2898,3.883667,0.0348
2899,3.883519,0.0346
2900,3.883090,0.0350
2901,3.883123,0.0350
2902,3.882336,0.0352
2903,3.882094,0.0353
2904,3.881462,0.0355
2905,3.881191,0.0354
2906,3.880258,0.0350
2907,3.880003,0.0353
2908,3.879857,0.0353
2909,3.879371,0.0352
2910,3.879009,0.0352
2911,3.878855,0.0344
2912,3.878386,0.0347
2913,3.878738,0.0342
2914,3.878196,0.0349
2915,3.878036,0.0348
2916,3.877416,0.0356
2917,3.877568,0.0352
2918,3.877387,0.0349
2919,3.877066,0.0343
2920,3.877487,0.0345
2921,3.877587,0.0350
2922,3.878247,0.0349
2923,3.878922,0.0350
2924,3.879363,0.0348
2925,3.879554,0.0354
2926,3.879818,0.0349
2927,3.879946,0.0349
2928,3.880036,0.0347
2929,3.879448,0.0348
2930,3.878262,0.0346
2931,3.877784,0.0346
2932,3.877987,0.0349
2933,3.877801,0.0354
2934,3.877539,0.0347
2935,3.877605,0.0350
2936,3.877428,0.0353
2937,3.877071,0.0347
2938,3.877137,0.0346
2939,3.876820,0.0343
2940,3.877204,0.0350
2941,3.877607,0.0355
2942,3.877950,0.0348
2943,3.878650,0.0353
2944,3.879435,0.0351
2945,3.880865,0.0351
2946,3.881924,0.0350
2947,3.882385,0.0352
2948,3.882730,0.0350
2949,3.882646,0.0347
2950,3.882310,0.0354
2951,3.882080,0.0346
2952,3.881335,0.0344
2953,3.880154,0.0345
2954,3.880025,0.0349
2955,3.879617,0.0347
2956,3.879052,0.0343
2957,3.879034,0.0349
2958,3.878078,0.0350
2959,3.877743,0.0348
2960,3.877274,0.0348
2961,3.876623,0.0343
2962,3.875902,0.0346
2963,3.875168,0.0343
2964,3.874516,0.0350
2965,3.874104,0.0348
2966,3.873969,0.0352
2967,3.874282,0.0353
2968,3.874085,0.0352
2969,3.873886,0.0347
2970,3.873988,0.0347
2971,3.873920,0.0348
2972,3.873825,0.0350
2973,3.873993,0.0348
2974,3.874562,0.0347
2975,3.876012,0.0348
2976,3.877811,0.0345
2977,3.879001,0.0342
2978,3.879956,0.0353
2979,3.880621,0.0348
2980,3.881009,0.0351
2981,3.881592,0.0350
2982,3.882416,0.0347
2983,3.882844,0.0345
2984,3.882421,0.0346
2985,3.881561,0.0349
2986,3.880629,0.0350
2987,3.879498,0.0347
2988,3.878173,0.0348
2989,3.877261,0.0345
2990,3.876156,0.0348
2991,3.875705,0.0352
2992,3.875627,0.0345
2993,3.875253,0.0357
2994,3.874453,0.0357
2995,3.874133,0.0347
2996,3.874162,0.0356
2997,3.873999,0.0349
2998,3.873858,0.0352
2999,3.873848,0.0347
3000,3.874249,0.0345
3001,3.874525,0.0346
3002,3.875074,0.0350
3003,3.874722,0.0346
3004,3.874259,0.0351
3005,3.874264,0.0352
3006,3.874204,0.0350
3007,3.874190,0.0348
3008,3.874110,0.0348
3009,3.873589,0.0352
3010,3.873067,0.0352
3011,3.872545,0.0351
3012,3.872123,0.0353
3013,3.871674,0.0346
3014,3.871190,0.0350
3015,3.870654,0.0353
3016,3.870345,0.0350
3017,3.870001,0.0346
3018,3.869518,0.0353
3019,3.868860,0.0354
3020,3.868765,0.0351
3021,3.868303,0.0342
3022,3.867686,0.0355
3023,3.867145,0.0353
3024,3.866470,0.0348
3025,3.866415,0.0348
3026,3.866694,0.0349
3027,3.867505,0.0352
3028,3.868148,0.0342
3029,3.868826,0.0343
3030,3.869825,0.0350
3031,3.870866,0.0349
3032,3.871149,0.0349
3033,3.871207,0.0349
3034,3.871624,0.0342
3035,3.871476,0.0344
3036,3.871561,0.0349
3037,3.871469,0.0348
3038,3.870893,0.0343
3039,3.871103,0.0343
3040,3.871035,0.0350
3041,3.870415,0.0351
3042,3.870051,0.0347
3043,3.869739,0.0351
3044,3.868793,0.0350
3045,3.868434,0.0349
3046,3.867765,0.0347
3047,3.867603,0.0348
3048,3.867256,0.0342
3049,3.866454,0.0344
3050,3.866011,0.0350
3051,3.865569,0.0347
3052,3.865087,0.0348
3053,3.865121,0.0343
3054,3.865369,0.0345
3055,3.866117,0.0346
3056,3.866744,0.0350
3057,3.867333,0.0350
3058,3.868074,0.0343
3059,3.868632,0.0354
3060,3.868573,0.0345
3061,3.867913,0.0348
3062,3.866709,0.0344
3063,3.865953,0.0354
3064,3.864861,0.0344
3065,3.864235,0.0348
3066,3.863551,0.0351
3067,3.863442,0.0347
3068,3.862969,0.0349
3069,3.862520,0.0352
3070,3.862368,0.0347
3071,3.862326,0.0354
3072,3.862389,0.0354
3073,3.863057,0.0351
3074,3.863298,0.0359
3075,3.863311,0.0354
3076,3.863322,0.0355
3077,3.862493,0.0346
3078,3.861648,0.0351
3079,3.860974,0.0354
3080,3.860525,0.0355
3081,3.860520,0.0353
3082,3.860695,0.0353
3083,3.860377,0.0350
3084,3.860368,0.0352
3085,3.860663,0.0350
3086,3.860567,0.0352
3087,3.860237,0.0353
3088,3.859938,0.0352
3089,3.859748,0.0347
3090,3.859664,0.0347
3091,3.859639,0.0349
3092,3.859708,0.0351
3093,3.859261,0.0353
3094,3.859108,0.0354
3095,3.858717,0.0354
3096,3.858235,0.0351
3097,3.858166,0.0351
3098,3.857843,0.0354
3099,3.857577,0.0351
3100,3.857297,0.0346
3101,3.857200,0.0350
3102,3.856773,0.0348
3103,3.856862,0.0347
3104,3.856806,0.0344
3105,3.856978,0.0350
3106,3.856955,0.0358
3107,3.856537,0.0347
3108,3.856828,0.0353
3109,3.857186,0.0348
3110,3.857486,0.0351
3111,3.857893,0.0346
3112,3.858319,0.0352
3113,3.858572,0.0352
3114,3.858997,0.0351
3115,3.858967,0.0352
3116,3.858726,0.0355
3117,3.859121,0.0355
3118,3.858848,0.0358
3119,3.858164,0.0354
3120,3.857797,0.0353
3121,3.857668,0.0348
3122,3.857574,0.0352
3123,3.857815,0.0352
3124,3.858253,0.0350
3125,3.859568,0.0349
3126,3.861724,0.0348
3127,3.864466,0.0353
3128,3.866658,0.0353
3129,3.868838,0.0350
3130,3.870423,0.0345
3131,3.871667,0.0351
3132,3.872197,0.0355
3133,3.872420,0.0350
3134,3.872101,0.0351
3135,3.871724,0.0354
3136,3.871022,0.0347
3137,3.870175,0.0351
3138,3.868862,0.0352
3139,3.867853,0.0350
3140,3.866792,0.0351
3141,3.866009,0.0352
3142,3.864780,0.0351
3143,3.863841,0.0352
3144,3.863300,0.0353
3145,3.862788,0.0351
3146,3.862443,0.0352
3147,3.861358,0.0353
3148,3.860807,0.0351
3149,3.860236,0.0350
3150,3.860076,0.0350
3151,3.859924,0.0355
3152,3.859113,0.0351
3153,3.858727,0.0350
3154,3.858308,0.0352
3155,3.857845,0.0352
3156,3.856853,0.0351
3157,3.856675,0.0352
3158,3.856435,0.0352
3159,3.856170,0.0350
3160,3.856701,0.0346
3161,3.857647,0.0353
3162,3.858926,0.0355
3163,3.860427,0.0351
3164,3.860571,0.0351
3165,3.860399,0.0355
3166,3.859487,0.0349
3167,3.858660,0.0352
3168,3.857167,0.0353
3169,3.856407,0.0353
3170,3.856148,0.0347
3171,3.855644,0.0352
3172,3.855752,0.0346
3173,3.855399,0.0348
3174,3.855095,0.0351
3175,3.854845,0.0350
3176,3.855094,0.0355
3177,3.854466,0.0355
3178,3.854152,0.0352
3179,3.853861,0.0344
3180,3.853688,0.0346
3181,3.853258,0.0348
3182,3.852805,0.0348
3183,3.852849,0.0358
3184,3.852565,0.0345
3185,3.852347,0.0352
3186,3.852017,0.0351
3187,3.852319,0.0354
3188,3.851746,0.0352
3189,3.851697,0.0348
3190,3.851365,0.0351
3191,3.850690,0.0349
3192,3.849995,0.0351
3193,3.849432,0.0349
3194,3.849172,0.0349
3195,3.848771,0.0350
3196,3.848399,0.0351
3197,3.847904,0.0355
3198,3.847841,0.0352
3199,3.848357,0.0349
3200,3.848676,0.0352
3201,3.849876,0.0352
3202,3.850334,0.0350
3203,3.850314,0.0350
3204,3.850308,0.0344
3205,3.850357,0.0352
3206,3.850101,0.0349
3207,3.850337,0.0343
3208,3.850386,0.0344
3209,3.850654,0.0350
3210,3.851120,0.0354
3211,3.850645,0.0352
3212,3.850760,0.0354
3213,3.850167,0.0349
3214,3.849671,0.0349
3215,3.849516,0.0349
3216,3.849017,0.0353
3217,3.848689,0.0354
3218,3.848364,0.0352
3219,3.848173,0.0351
3220,3.848495,0.0353
3221,3.848881,0.0352
3222,3.849549,0.0348
3223,3.849755,0.0348
3224,3.849380,0.0352
3225,3.849109,0.0353
3226,3.848833,0.0351
3227,3.848241,0.0349
3228,3.847499,0.0354
3229,3.846944,0.0353
3230,3.846668,0.0350
3231,3.846581,0.0352
3232,3.847071,0.0351
3233,3.846920,0.0347
3234,3.846556,0.0348
3235,3.846929,0.0351
3236,3.847474,0.0353
3237,3.847159,0.0351
3238,3.847265,0.0353
3239,3.847367,0.0349
3240,3.848370,0.0355
3241,3.848587,0.0346
3242,3.848402,0.0349
3243,3.848027,0.0350
3244,3.847529,0.0348
3245,3.847197,0.0351
3246,3.846930,0.0350
3247,3.847300,0.0349
3248,3.847439,0.0348
3249,3.847720,0.0350
3250,3.848383,0.0355
3251,3.849007,0.0350
3252,3.849382,0.0348
3253,3.850209,0.0346
3254,3.850013,0.0352
3255,3.849547,0.0350
3256,3.849029,0.0354
3257,3.848254,0.0353
3258,3.847628,0.0354
3259,3.847372,0.0355
3260,3.847553,0.0350
3261,3.847877,0.0351
3262,3.848727,0.0353
3263,3.848750,0.0352
3264,3.848580,0.0352
3265,3.848304,0.0353
3266,3.848363,0.0354
3267,3.848957,0.0352
3268,3.848825,0.0352
3269,3.849293,0.0347
3270,3.849187,0.0348
3271,3.849652,0.0348
3272,3.849370,0.0349
3273,3.849209,0.0352
3274,3.848911,0.0347
3275,3.848586,0.0348
3276,3.848485,0.0348
3277,3.848222,0.0352
3278,3.847530,0.0345
3279,3.847105,0.0343
3280,3.846486,0.0347
3281,3.846425,0.0349
3282,3.845752,0.0354
3283,3.845478,0.0344
3284,3.845687,0.0346
3285,3.845695,0.0347
3286,3.846140,0.0386
3287,3.846352,0.0349
3288,3.846466,0.0352
3289,3.846040,0.0350
3290,3.845859,0.0353
3291,3.845746,0.0349
3292,3.845609,0.0355
3293,3.845428,0.0351
3294,3.845264,0.0351
3295,3.845254,0.0354
3296,3.844746,0.0355
3297,3.844149,0.0352
3298,3.844136,0.0353
3299,3.843598,0.0355
3300,3.843434,0.0353
3301,3.842993,0.0349
3302,3.843050,0.0347
3303,3.842487,0.0353
3304,3.843001,0.0356
3305,3.842859,0.0360
3306,3.842640,0.0347
3307,3.841956,0.0353
3308,3.841393,0.0354
3309,3.841125,0.0351
3310,3.841032,0.0353
3311,3.840677,0.0354
3312,3.840741,0.0357
3313,3.840148,0.0351
3314,3.840030,0.0352
3315,3.839606,0.0354
3316,3.839203,0.0355
3317,3.839104,0.0352
3318,3.838868,0.0347
3319,3.838379,0.0350
3320,3.838783,0.0353
3321,3.838607,0.0351
3322,3.838432,0.0352
3323,3.838518,0.0355
3324,3.838448,0.0352
3325,3.838468,0.0351
3326,3.838715,0.0353
3327,3.839518,0.0355
3328,3.839574,0.0351
3329,3.839898,0.0347
3330,3.839440,0.0348
3331,3.838796,0.0355
3332,3.837788,0.0351
3333,3.837389,0.0348
3334,3.837131,0.0348
3335,3.836808,0.0351
3336,3.836802,0.0348
3337,3.836709,0.0349
3338,3.836598,0.0352
3339,3.836264,0.0348
3340,3.835965,0.0350
3341,3.835677,0.0348
3342,3.835626,0.0351
3343,3.835348,0.0348
3344,3.835266,0.0348
3345,3.834612,0.0350
3346,3.834737,0.0349
3347,3.835764,0.0352
3348,3.836379,0.0347
3349,3.836201,0.0350
3350,3.836953,0.0355
3351,3.836894,0.0348
3352,3.836644,0.0348
3353,3.836199,0.0349
3354,3.835641,0.0347
3355,3.835384,0.0350
3356,3.835199,0.0350
3357,3.834840,0.0350
3358,3.835047,0.0348
3359,3.835292,0.0354
3360,3.835085,0.0349
3361,3.834972,0.0349
3362,3.834607,0.0353
3363,3.834197,0.0352
3364,3.834233,0.0352
3365,3.834527,0.0353
3366,3.834578,0.0353
3367,3.834524,0.0353
3368,3.834858,0.0354
3369,3.834776,0.0347
3370,3.834368,0.0352
3371,3.834339,0.0348
3372,3.833966,0.0351
3373,3.833997,0.0344
3374,3.834594,0.0351
3375,3.834563,0.0348
3376,3.834515,0.0350
3377,3.834733,0.0344
3378,3.834938,0.0349
3379,3.835381,0.0353
3380,3.836293,0.0351
3381,3.836488,0.0352
3382,3.836702,0.0355
3383,3.836824,0.0351
3384,3.837252,0.0353
3385,3.837071,0.0348
3386,3.836493,0.0350
3387,3.836548,0.0346
3388,3.836297,0.0344
3389,3.835858,0.0348
3390,3.835460,0.0350
3391,3.834665,0.0348
3392,3.833821,0.0350
3393,3.833613,0.0350
3394,3.833298,0.0355
3395,3.832526,0.0352
3396,3.832006,0.0348
3397,3.831851,0.0361
3398,3.831493,0.0350
3399,3.831374,0.0346
3400,3.831486,0.0347
3401,3.832390,0.0347
3402,3.832864,0.0345
3403,3.833797,0.0345
3404,3.835530,0.0344
3405,3.836889,0.0347
3406,3.837654,0.0345
3407,3.838384,0.0344
3408,3.838681,0.0346
3409,3.838731,0.0345
3410,3.838976,0.0353
3411,3.838566,0.0346
3412,3.839138,0.0354
3413,3.840210,0.0348
3414,3.841459,0.0348
3415,3.843086,0.0354
3416,3.844202,0.0349
3417,3.844243,0.0348
3418,3.844430,0.0354
3419,3.843935,0.0355
3420,3.843273,0.0349
3421,3.842781,0.0349
3422,3.841856,0.0353
3423,3.840810,0.0355
3424,3.839704,0.0352
3425,3.838882,0.0351
3426,3.838468,0.0349
3427,3.837970,0.0356
3428,3.837671,0.0355
3429,3.837214,0.0346
3430,3.836715,0.0349
3431,3.836278,0.0345
3432,3.836564,0.0347
3433,3.836601,0.0348
3434,3.837170,0.0350
3435,3.838245,0.0344
3436,3.839927,0.0344
3437,3.840914,0.0346
3438,3.842049,0.0350
3439,3.842043,0.0348
3440,3.841261,0.0349
3441,3.841729,0.0351
3442,3.842057,0.0354
3443,3.842157,0.0344
3444,3.841924,0.0360
3445,3.841115,0.0349
3446,3.840612,0.0351
3447,3.840266,0.0346
3448,3.839781,0.0348
3449,3.839222,0.0344
3450,3.839564,0.0343
3451,3.840336,0.0343
3452,3.841497,0.0352
3453,3.840885,0.0349
3454,3.839342,0.0348
3455,3.837793,0.0349
3456,3.836098,0.0351
3457,3.835479,0.0348
3458,3.835300,0.0343
3459,3.835118,0.0353
3460,3.834803,0.0350
3461,3.834863,0.0348
3462,3.833521,0.0348
3463,3.832475,0.0350
3464,3.831522,0.0348
3465,3.830954,0.0349
3466,3.830671,0.0346
3467,3.830364,0.0346
3468,3.830217,0.0350
3469,3.830251,0.0350
3470,3.829919,0.0350
3471,3.829077,0.0349
3472,3.828437,0.0349
3473,3.827691,0.0347
3474,3.827821,0.0351
3475,3.828170,0.0358
3476,3.827775,0.0346
3477,3.827431,0.0355
3478,3.827101,0.0350
3479,3.826952,0.0348
3480,3.826475,0.0348
3481,3.826093,0.0352
3482,3.825028,0.0350
3483,3.824937,0.0348
3484,3.824945,0.0348
3485,3.824961,0.0349
3486,3.824902,0.0348
3487,3.824349,0.0348
3488,3.824540,0.0350
3489,3.824379,0.0357
3490,3.824869,0.0352
3491,3.825131,0.0347
3492,3.825524,0.0350
3493,3.825864,0.0350
3494,3.826401,0.0349
3495,3.826489,0.0348
3496,3.825900,0.0351
3497,3.825687,0.0349
3498,3.826095,0.0355
3499,3.825347,0.0349
3500,3.825287,0.0351
3501,3.825592,0.0349
3502,3.826229,0.0346
3503,3.826738,0.0349
3504,3.826604,0.0352
3505,3.826553,0.0347
3506,3.826610,0.0350
3507,3.826092,0.0349
3508,3.826056,0.0351
3509,3.825597,0.0349
3510,3.825571,0.0355
3511,3.825222,0.0356
3512,3.824611,0.0351
3513,3.824618,0.0353
3514,3.824729,0.0354
3515,3.824553,0.0355
3516,3.824514,0.0351
3517,3.823938,0.0353
3518,3.823434,0.0352
3519,3.823183,0.0356
3520,3.824127,0.0352
3521,3.825540,0.0353
3522,3.827205,0.0353
3523,3.828484,0.0355
3524,3.828525,0.0348
3525,3.828529,0.0346
3526,3.827856,0.0351
3527,3.827781,0.0353
3528,3.827430,0.0346
3529,3.827451,0.0354
3530,3.827171,0.0356
3531,3.826868,0.0349
3532,3.826431,0.0349
3533,3.825177,0.0349
3534,3.824545,0.0349
3535,3.824148,0.0348
3536,3.823528,0.0349
3537,3.822763,0.0351
3538,3.822529,0.0351
3539,3.822443,0.0349
3540,3.822338,0.0349
3541,3.821903,0.0355
3542,3.820923,0.0352
3543,3.820823,0.0344
3544,3.820427,0.0350
3545,3.820687,0.0356
3546,3.820366,0.0342
3547,3.821046,0.0347
3548,3.821771,0.0349
3549,3.822485,0.0350
3550,3.823679,0.0348
3551,3.824432,0.0344
3552,3.824997,0.0346
3553,3.825577,0.0344
3554,3.825633,0.0348
3555,3.825391,0.0351
3556,3.825618,0.0346
3557,3.825067,0.0345
3558,3.825324,0.0348
3559,3.825495,0.0350
3560,3.825590,0.0348
3561,3.825361,0.0349
3562,3.825013,0.0349
3563,3.825492,0.0351
3564,3.825804,0.0351
3565,3.826620,0.0344
3566,3.828065,0.0350
3567,3.829278,0.0345
3568,3.830253,0.0354
3569,3.832084,0.0354
3570,3.834496,0.0353
3571,3.837151,0.0348
3572,3.839456,0.0347
3573,3.841259,0.0349
3574,3.841958,0.0351
3575,3.841655,0.0350
3576,3.840621,0.0349
3577,3.839056,0.0353
3578,3.837184,0.0351
3579,3.836693,0.0348
3580,3.836256,0.0343
3581,3.836628,0.0351
3582,3.837929,0.0349
3583,3.841002,0.0344
3584,3.844205,0.0345
3585,3.846197,0.0351
3586,3.847487,0.0346
3587,3.847616,0.0348
3588,3.847227,0.0346
3589,3.846098,0.0354
3590,3.846120,0.0349
3591,3.845762,0.0348
3592,3.845171,0.0351
3593,3.845458,0.0348
3594,3.845383,0.0350
3595,3.844823,0.0347
3596,3.844124,0.0351
3597,3.843315,0.0345
3598,3.842098,0.0344
3599,3.841661,0.0346
3600,3.841715,0.0344
3601,3.841377,0.0353
3602,3.840446,0.0349
3603,3.839682,0.0351
3604,3.839036,0.0351
3605,3.838707,0.0352
3606,3.837863,0.0351
3607,3.836561,0.0354
3608,3.835492,0.0353
3609,3.834042,0.0353
3610,3.833293,0.0351
3611,3.832173,0.0354
3612,3.831579,0.0349
3613,3.831133,0.0352
3614,3.830467,0.0358
3615,3.829634,0.0355
3616,3.829619,0.0352
3617,3.829189,0.0347
3618,3.828404,0.0355
3619,3.828581,0.0356
3620,3.828339,0.0347
3621,3.828433,0.0349
3622,3.828612,0.0351
3623,3.828797,0.0354
3624,3.829609,0.0347
3625,3.830441,0.0353
3626,3.830784,0.0357
3627,3.830424,0.0356
3628,3.829856,0.0353
3629,3.829645,0.0354
3630,3.828804,0.0352
3631,3.828104,0.0351
3632,3.827531,0.0348
3633,3.827169,0.0351
3634,3.826951,0.0346
3635,3.825942,0.0345
3636,3.825526,0.0345
3637,3.825964,0.0351
3638,3.826081,0.0354
3639,3.826751,0.0353
3640,3.826694,0.0354
3641,3.826669,0.0351
3642,3.826993,0.0355
3643,3.826195,0.0347
3644,3.825403,0.0350
3645,3.824766,0.0358
3646,3.824345,0.0349
3647,3.823672,0.0350
3648,3.824270,0.0345
3649,3.824441,0.0351
3650,3.824418,0.0348
3651,3.824376,0.0349
3652,3.823985,0.0351
3653,3.823128,0.0347
3654,3.821947,0.0345
3655,3.820775,0.0351
3656,3.820342,0.0349
3657,3.819549,0.0352
3658,3.818890,0.0350
3659,3.818553,0.0355
3660,3.818255,0.0353
3661,3.818634,0.0351
3662,3.818920,0.0347
3663,3.818983,0.0349
3664,3.819539,0.0352
3665,3.819437,0.0352
3666,3.819226,0.0345
3667,3.818964,0.0349
3668,3.818984,0.0353
3669,3.819031,0.0353
3670,3.819286,0.0353
3671,3.819573,0.0347
3672,3.819103,0.0350
3673,3.819167,0.0360
3674,3.819637,0.0349
3675,3.820219,0.0352
3676,3.820245,0.0348
3677,3.820690,0.0349
3678,3.820261,0.0347
3679,3.820475,0.0347
3680,3.820649,0.0346
3681,3.820763,0.0352
3682,3.820822,0.0355
3683,3.821244,0.0347
3684,3.821477,0.0346
3685,3.821868,0.0352
3686,3.822566,0.0351
3687,3.823773,0.0351
3688,3.825298,0.0348
3689,3.826656,0.0348
3690,3.827404,0.0345
3691,3.827888,0.0350
3692,3.827723,0.0354
3693,3.827482,0.0347
3694,3.826799,0.0348
3695,3.826087,0.0350
3696,3.825187,0.0344
3697,3.824627,0.0351
3698,3.824481,0.0352
3699,3.824298,0.0349
3700,3.824377,0.0350
3701,3.824250,0.0351
3702,3.823709,0.0347
3703,3.823416,0.0354
3704,3.823082,0.0346
3705,3.822695,0.0352
3706,3.822198,0.0344
3707,3.821754,0.0347
3708,3.821115,0.0355
3709,3.820723,0.0351
3710,3.820163,0.0352
3711,3.819846,0.0353
3712,3.819089,0.0351
3713,3.818905,0.0350
3714,3.818545,0.0347
3715,3.818185,0.0348
3716,3.818053,0.0350
3717,3.818084,0.0344
3718,3.817697,0.0346
3719,3.818020,0.0347
3720,3.818176,0.0348
3721,3.817632,0.0352
3722,3.817644,0.0354
3723,3.817318,0.0358
3724,3.817652,0.0347
3725,3.817722,0.0349
3726,3.818820,0.0350
3727,3.819899,0.0347
3728,3.821193,0.0347
3729,3.822386,0.0348
3730,3.823529,0.0353
3731,3.823834,0.0349
3732,3.824510,0.0349
3733,3.824188,0.0354
3734,3.824966,0.0349
3735,3.826111,0.0351
3736,3.827600,0.0349
3737,3.828480,0.0354
3738,3.829366,0.0356
3739,3.830446,0.0352
3740,3.832102,0.0347
3741,3.833618,0.0352
3742,3.835153,0.0349
3743,3.836723,0.0349
3744,3.837929,0.0349
3745,3.839800,0.0347
3746,3.840988,0.0350
3747,3.841657,0.0350
3748,3.842053,0.0348
3749,3.843224,0.0357
3750,3.843582,0.0347
3751,3.842952,0.0353
3752,3.842118,0.0350
3753,3.840868,0.0354
3754,3.839697,0.0348
3755,3.838569,0.0347
3756,3.836960,0.0348
3757,3.835854,0.0349
3758,3.835183,0.0347
3759,3.834310,0.0353
3760,3.833735,0.0355
3761,3.833013,0.0348
3762,3.832234,0.0352
3763,3.831457,0.0349
3764,3.830466,0.0354
3765,3.828812,0.0360
3766,3.827704,0.0351
3767,3.826739,0.0353
3768,3.825622,0.0353
3769,3.824371,0.0355
3770,3.822909,0.0353
3771,3.822055,0.0352
3772,3.821465,0.0350
3773,3.820630,0.0350
3774,3.819753,0.0352
3775,3.818704,0.0350
3776,3.818360,0.0355
3777,3.817354,0.0352
3778,3.816849,0.0351
3779,3.816434,0.0351
3780,3.815572,0.0351
3781,3.815294,0.0349
3782,3.815272,0.0348
3783,3.815189,0.0354
3784,3.816060,0.0350
3785,3.817518,0.0348
3786,3.819400,0.0347
3787,3.820598,0.0352
3788,3.821851,0.0350
3789,3.821861,0.0350
3790,3.821604,0.0355
3791,3.820926,0.0351
3792,3.820029,0.0350
3793,3.819063,0.0349
3794,3.818027,0.0353
3795,3.817961,0.0356
3796,3.818967,0.0354
3797,3.819965,0.0354
3798,3.821211,0.0350
3799,3.822871,0.0350
3800,3.824633,0.0353
3801,3.825343,0.0349
3802,3.826666,0.0351
3803,3.827118,0.0351
3804,3.827888,0.0353
3805,3.828418,0.0350
3806,3.828942,0.0350
3807,3.829526,0.0343
3808,3.829734,0.0344
3809,3.830261,0.0351
3810,3.831724,0.0352
3811,3.833394,0.0349
3812,3.834041,0.0351
3813,3.834641,0.0350
3814,3.834966,0.0354
3815,3.834578,0.0353
3816,3.834665,0.0352
3817,3.833966,0.0348
3818,3.834481,0.0345
3819,3.834200,0.0345
3820,3.833989,0.0345
3821,3.833304,0.0347
3822,3.832446,0.0344
3823,3.831757,0.0350
3824,3.831134,0.0351
3825,3.830560,0.0347
3826,3.830576,0.0346
3827,3.830574,0.0346
3828,3.831788,0.0348
3829,3.831983,0.0345
3830,3.831955,0.0345
3831,3.831506,0.0353
3832,3.830506,0.0351
3833,3.829439,0.0349
3834,3.829819,0.0344
3835,3.830056,0.0346
3836,3.830650,0.0344
3837,3.830419,0.0350
3838,3.830873,0.0351
3839,3.830174,0.0357
3840,3.829625,0.0344
3841,3.828905,0.0344
3842,3.828382,0.0351
3843,3.827353,0.0355
3844,3.826442,0.0345
3845,3.826249,0.0345
3846,3.825615,0.0348
3847,3.825552,0.0345
3848,3.825617,0.0345
3849,3.825411,0.0348
3850,3.825496,0.0349
3851,3.825195,0.0345
3852,3.825055,0.0349
3853,3.824637,0.0357
3854,3.824336,0.0353
3855,3.824072,0.0348
3856,3.823615,0.0351
3857,3.822924,0.0351
3858,3.822458,0.0347
3859,3.821743,0.0344
3860,3.821410,0.0349
3861,3.821079,0.0348
3862,3.820477,0.0348
3863,3.820109,0.0347
3864,3.819129,0.0353
3865,3.818509,0.0347
3866,3.818378,0.0350
3867,3.818234,0.0348
3868,3.817770,0.0347
3869,3.817316,0.0350
3870,3.817754,0.0351
3871,3.818192,0.0369
3872,3.819500,0.0344
3873,3.820288,0.0355
3874,3.819597,0.0345
3875,3.819040,0.0352
3876,3.818484,0.0345
3877,3.817450,0.0350
3878,3.816893,0.0351
3879,3.816652,0.0358
3880,3.816757,0.0354
3881,3.817245,0.0344
3882,3.819509,0.0356
3883,3.822311,0.0355
3884,3.825330,0.0345
3885,3.828348,0.0349
3886,3.831821,0.0355
3887,3.835571,0.0347
3888,3.839188,0.0350
3889,3.842392,0.0349
3890,3.844816,0.0351
3891,3.847155,0.0349
3892,3.849618,0.0350
3893,3.851403,0.0351
3894,3.852796,0.0352
3895,3.853444,0.0350
3896,3.853914,0.0349
3897,3.854389,0.0351
3898,3.854840,0.0351
3899,3.855237,0.0355
3900,3.855722,0.0349
3901,3.855875,0.0351
3902,3.856064,0.0352
3903,3.856252,0.0349
3904,3.856669,0.0352
3905,3.856198,0.0357
3906,3.855919,0.0354
3907,3.855613,0.0352
3908,3.855124,0.0352
3909,3.855079,0.0353
3910,3.854549,0.0354
3911,3.853695,0.0352
3912,3.852957,0.0353
3913,3.852058,0.0350
3914,3.851140,0.0352
3915,3.850147,0.0358
3916,3.849314,0.0355
3917,3.848841,0.0354
3918,3.848362,0.0353
3919,3.848169,0.0355
3920,3.848208,0.0347
3921,3.848534,0.0355
3922,3.848802,0.0350
3923,3.848382,0.0354
3924,3.847793,0.0352
3925,3.846994,0.0355
3926,3.846186,0.0349
3927,3.845584,0.0348
3928,3.844669,0.0360
3929,3.843938,0.0353
3930,3.843687,0.0350
3931,3.843042,0.0352
3932,3.842420,0.0353
3933,3.842147,0.0350
3934,3.841847,0.0345
3935,3.841112,0.0347
3936,3.840495,0.0349
3937,3.840068,0.0353
3938,3.839211,0.0350
3939,3.838664,0.0350
3940,3.838366,0.0352
3941,3.837824,0.0350
3942,3.836933,0.0352
3943,3.836654,0.0348
3944,3.836514,0.0354
3945,3.836061,0.0350
3946,3.835438,0.0350
3947,3.834871,0.0350
3948,3.834142,0.0351
3949,3.833377,0.0349
3950,3.833114,0.0350
3951,3.832763,0.0354
3952,3.832314,0.0349
3953,3.831753,0.0349
3954,3.831297,0.0350
3955,3.831073,0.0354
3956,3.830854,0.0348
3957,3.830409,0.0354
3958,3.829637,0.0348
3959,3.829830,0.0356
3960,3.829274,0.0346
3961,3.829047,0.0346
3962,3.828559,0.0351
3963,3.827845,0.0354
3964,3.827624,0.0352
3965,3.827744,0.0346
3966,3.827611,0.0351
3967,3.828153,0.0352
3968,3.827819,0.0345
3969,3.827723,0.0352
3970,3.827628,0.0354
3971,3.827473,0.0350
3972,3.827108,0.0346
3973,3.826334,0.0349
3974,3.825933,0.0351
3975,3.825649,0.0347
3976,3.825830,0.0349
3977,3.825582,0.0355
3978,3.825661,0.0357
3979,3.825887,0.0349
3980,3.825844,0.0351
3981,3.825363,0.0351
3982,3.825264,0.0349
3983,3.824808,0.0347
3984,3.824223,0.0351
3985,3.823976,0.0348
3986,3.823567,0.0351
3987,3.823381,0.0350
3988,3.823326,0.0350
3989,3.822697,0.0351
3990,3.822387,0.0349
3991,3.822585,0.0349
3992,3.821998,0.0351
3993,3.821934,0.0351
3994,3.821513,0.0354
3995,3.821420,0.0348
3996,3.821075,0.0352
3997,3.820348,0.0351
3998,3.820478,0.0350
3999,3.820567,0.0351
4000,3.820801,0.0351
4001,3.820613,0.0349
4002,3.820284,0.0347
4003,3.820098,0.0349
4004,3.820072,0.0351
4005,3.819859,0.0347
4006,3.819636,0.0346
4007,3.819813,0.0353
4008,3.819737,0.0363
4009,3.819492,0.0350
4010,3.819283,0.0350
4011,3.819399,0.0352
4012,3.819683,0.0349
4013,3.819603,0.0350
4014,3.819292,0.0351
4015,3.818985,0.0351
4016,3.819119,0.0349
4017,3.819124,0.0349
4018,3.818772,0.0350
4019,3.818855,0.0349
4020,3.818764,0.0352
4021,3.819124,0.0350
4022,3.818842,0.0359
4023,3.818577,0.0349
4024,3.818335,0.0352
4025,3.818191,0.0350
4026,3.817630,0.0354
4027,3.817455,0.0353
4028,3.817416,0.0352
4029,3.816991,0.0349
4030,3.817035,0.0348
4031,3.816743,0.0351
4032,3.816644,0.0348
4033,3.816519,0.0348
4034,3.816185,0.0351
4035,3.815457,0.0346
4036,3.815285,0.0357
4037,3.815444,0.0351
4038,3.815367,0.0355
4039,3.815394,0.0359
4040,3.815353,0.0345
4041,3.815633,0.0350
4042,3.815592,0.0350
4043,3.815703,0.0347
4044,3.815592,0.0353
4045,3.815646,0.0353
4046,3.815623,0.0353
4047,3.815469,0.0349
4048,3.815279,0.0352
4049,3.815398,0.0351
4050,3.815042,0.0353
4051,3.814728,0.0348
4052,3.814501,0.0349
4053,3.814822,0.0353
4054,3.814281,0.0350
4055,3.814340,0.0351
4056,3.814157,0.0353
4057,3.814041,0.0351
4058,3.813740,0.0351
4059,3.813572,0.0352
4060,3.813626,0.0355
4061,3.813457,0.0356
4062,3.813359,0.0352
4063,3.813124,0.0352
4064,3.812983,0.0351
4065,3.812838,0.0354
4066,3.812739,0.0352
4067,3.812337,0.0351
4068,3.812310,0.0355
4069,3.812413,0.0350
4070,3.812769,0.0362
4071,3.813030,0.0349
4072,3.813304,0.0352
4073,3.813237,0.0353
4074,3.813869,0.0351
4075,3.813637,0.0349
4076,3.813996,0.0354
4077,3.813880,0.0353
4078,3.814037,0.0352
4079,3.814054,0.0350
4080,3.813667,0.0349
4081,3.813565,0.0349
4082,3.812896,0.0354
4083,3.812459,0.0359
4084,3.812631,0.0357
4085,3.812086,0.0348
4086,3.812110,0.0349
4087,3.811682,0.0350
4088,3.811424,0.0354
4089,3.811716,0.0349
4090,3.811326,0.0353
4091,3.810925,0.0351
4092,3.811295,0.0354
4093,3.811256,0.0346
4094,3.810993,0.0351
4095,3.811242,0.0351
4096,3.810583,0.0350
4097,3.810216,0.0348
4098,3.810176,0.0351
4099,3.810624,0.0352
4100,3.811221,0.0353
4101,3.811099,0.0346
4102,3.810749,0.0352
4103,3.810746,0.0353
4104,3.811017,0.0352
4105,3.810580,0.0349
4106,3.810478,0.0356
4107,3.810564,0.0349
4108,3.810398,0.0347
4109,3.809861,0.0349
4110,3.809865,0.0351
4111,3.810138,0.0347
4112,3.810143,0.0350
4113,3.809929,0.0351
4114,3.809937,0.0349
4115,3.809682,0.0349
4116,3.809584,0.0352
4117,3.809316,0.0351
4118,3.808988,0.0349
4119,3.809004,0.0346
4120,3.808719,0.0351
4121,3.808740,0.0349
4122,3.809207,0.0348
4123,3.809157,0.0354
4124,3.808705,0.0348
4125,3.808483,0.0351
4126,3.808313,0.0350
4127,3.807840,0.0353
4128,3.807820,0.0351
4129,3.808030,0.0352
4130,3.808605,0.0348
4131,3.808725,0.0351
4132,3.809389,0.0356
4133,3.809669,0.0349
4134,3.810143,0.0352
4135,3.810227,0.0348
4136,3.810237,0.0354
4137,3.810258,0.0353
4138,3.810191,0.0349
4139,3.810236,0.0352
4140,3.809963,0.0355
4141,3.809629,0.0350
4142,3.809498,0.0352
4143,3.808777,0.0349
4144,3.808809,0.0355
4145,3.808617,0.0354
4146,3.808198,0.0354
4147,3.808214,0.0356
4148,3.808322,0.0354
4149,3.808123,0.0354
4150,3.807879,0.0354
4151,3.807604,0.0355
4152,3.807468,0.0353
4153,3.807111,0.0349
4154,3.807041,0.0348
4155,3.806598,0.0349
4156,3.806016,0.0353
4157,3.806315,0.0350
4158,3.806220,0.0349
4159,3.806344,0.0348
4160,3.805936,0.0350
4161,3.806312,0.0344
4162,3.805358,0.0345
4163,3.805112,0.0352
4164,3.806519,0.0352
4165,3.808866,0.0348
4166,3.811642,0.0347
4167,3.814306,0.0350
4168,3.817384,0.0345
4169,3.820353,0.0350
4170,3.823123,0.0353
4171,3.825301,0.0349
4172,3.827162,0.0352
4173,3.828552,0.0356
4174,3.829505,0.0356
4175,3.830070,0.0355
4176,3.830134,0.0349
4177,3.829965,0.0348
4178,3.830069,0.0355
4179,3.830053,0.0352
4180,3.829815,0.0350
4181,3.829183,0.0355
4182,3.828550,0.0357
4183,3.828419,0.0355
4184,3.828330,0.0352
4185,3.828641,0.0355
4186,3.829187,0.0351
4187,3.829788,0.0346
4188,3.830082,0.0347
4189,3.830845,0.0358
4190,3.830923,0.0352
4191,3.830753,0.0354
4192,3.831084,0.0348
4193,3.831431,0.0358
4194,3.830731,0.0349
4195,3.830177,0.0349
4196,3.829422,0.0355
4197,3.828932,0.0357
4198,3.828056,0.0355
4199,3.827533,0.0353
4200,3.827248,0.0353
4201,3.826769,0.0356
4202,3.826479,0.0357
4203,3.825948,0.0350
4204,3.825173,0.0355
4205,3.824219,0.0353
4206,3.823345,0.0353
4207,3.823093,0.0349
4208,3.822549,0.0345
4209,3.821743,0.0350
4210,3.821010,0.0356
4211,3.820648,0.0349
4212,3.819597,0.0353
4213,3.819230,0.0350
4214,3.818708,0.0349
4215,3.818291,0.0350
4216,3.818203,0.0354
4217,3.817244,0.0351
4218,3.816694,0.0354
4219,3.816361,0.0354
4220,3.815859,0.0352
4221,3.815041,0.0357
4222,3.814457,0.0354
4223,3.814302,0.0353
4224,3.814295,0.0352
4225,3.814283,0.0357
4226,3.813776,0.0354
4227,3.813498,0.0354
4228,3.812873,0.0355
4229,3.812534,0.0358
4230,3.811918,0.0349
4231,3.811665,0.0354
4232,3.810932,0.0350
4233,3.810502,0.0357
4234,3.809804,0.0356
4235,3.809644,0.0353
4236,3.808843,0.0351
4237,3.808628,0.0358
4238,3.807785,0.0357
4239,3.807590,0.0355
4240,3.806973,0.0355
4241,3.806676,0.0358
4242,3.806149,0.0356
4243,3.806118,0.0354
4244,3.805688,0.0355
4245,3.805852,0.0356
4246,3.805541,0.0356
4247,3.805469,0.0354
4248,3.805455,0.0354
4249,3.805444,0.0356
4250,3.805005,0.0356
4251,3.804579,0.0354
4252,3.804158,0.0347
4253,3.803731,0.0355
4254,3.803675,0.0353
4255,3.803352,0.0349
4256,3.803266,0.0349
4257,3.803146,0.0351
4258,3.802772,0.0355
4259,3.802400,0.0354
4260,3.802034,0.0352
4261,3.801775,0.0356
4262,3.801469,0.0354
4263,3.801121,0.0351
4264,3.801503,0.0350
4265,3.802168,0.0357
4266,3.801926,0.0355
4267,3.802625,0.0354
4268,3.802724,0.0354
4269,3.803232,0.0358
4270,3.803636,0.0359
4271,3.803916,0.0352
4272,3.804119,0.0355
4273,3.804312,0.0358
4274,3.804279,0.0349
4275,3.804325,0.0355
4276,3.804153,0.0355
4277,3.804165,0.0357
4278,3.804123,0.0351
4279,3.803720,0.0350
4280,3.803547,0.0355
4281,3.803127,0.0356
4282,3.802885,0.0355
4283,3.802284,0.0353
4284,3.801997,0.0354
4285,3.801982,0.0359
4286,3.801754,0.0355
4287,3.801226,0.0353
4288,3.801066,0.0349
4289,3.800951,0.0358
4290,3.800683,0.0356
4291,3.800141,0.0354
4292,3.800375,0.0354
4293,3.800115,0.0351
4294,3.799898,0.0355
4295,3.799607,0.0353
4296,3.799452,0.0352
4297,3.799732,0.0362
4298,3.799795,0.0355
4299,3.799751,0.0354
4300,3.800118,0.0356
4301,3.799841,0.0359
4302,3.799788,0.0357
4303,3.799822,0.0354
4304,3.799940,0.0355
4305,3.799719,0.0357
4306,3.799534,0.0356
4307,3.799626,0.0353
4308,3.799614,0.0355
4309,3.799747,0.0357
4310,3.799934,0.0356
4311,3.800092,0.0353
4312,3.800064,0.0358
4313,3.799535,0.0355
4314,3.799429,0.0356
4315,3.799330,0.0356
4316,3.798918,0.0353
4317,3.798968,0.0354
4318,3.798759,0.0356
4319,3.798513,0.0352
4320,3.798315,0.0355
4321,3.797728,0.0355
4322,3.797758,0.0354
4323,3.797641,0.0354
4324,3.797416,0.0355
4325,3.796606,0.0353
4326,3.796596,0.0358
4327,3.796957,0.0354
4328,3.796797,0.0354
4329,3.796263,0.0356
4330,3.796387,0.0366
4331,3.796208,0.0354
4332,3.796188,0.0353
4333,3.795688,0.0355
4334,3.795769,0.0357
4335,3.795454,0.0355
4336,3.795671,0.0352
4337,3.795595,0.0355
4338,3.795339,0.0357
4339,3.795841,0.0353
4340,3.795773,0.0354
4341,3.795233,0.0356
4342,3.795282,0.0355
4343,3.795116,0.0355
4344,3.795110,0.0354
4345,3.795187,0.0357
4346,3.795636,0.0357
4347,3.795478,0.0356
4348,3.795242,0.0356
4349,3.794965,0.0356
4350,3.794949,0.0357
4351,3.794776,0.0355
4352,3.794835,0.0353
4353,3.794395,0.0353
4354,3.794134,0.0358
4355,3.794175,0.0355
4356,3.794362,0.0353
4357,3.794234,0.0353
4358,3.794205,0.0358
4359,3.793822,0.0358
4360,3.793394,0.0358
4361,3.793612,0.0354
4362,3.794002,0.0355
4363,3.793852,0.0356
4364,3.793901,0.0353
4365,3.793462,0.0354
4366,3.793060,0.0356
4367,3.792768,0.0358
4368,3.793006,0.0353
4369,3.793084,0.0353
4370,3.792750,0.0354
4371,3.792769,0.0356
4372,3.793081,0.0355
4373,3.792824,0.0355
4374,3.793218,0.0353
4375,3.793032,0.0356
4376,3.792530,0.0352
4377,3.792477,0.0350
4378,3.792637,0.0356
4379,3.792818,0.0358
4380,3.793069,0.0352
4381,3.793328,0.0349
4382,3.793543,0.0351
4383,3.793367,0.0352
4384,3.793563,0.0359
4385,3.793216,0.0355
4386,3.793164,0.0351
4387,3.792399,0.0357
4388,3.792371,0.0350
4389,3.792127,0.0350
4390,3.792257,0.0351
4391,3.792053,0.0360
4392,3.792148,0.0353
4393,3.791995,0.0355
4394,3.791609,0.0358
4395,3.791168,0.0356
4396,3.791241,0.0350
4397,3.791280,0.0356
4398,3.791016,0.0352
4399,3.790790,0.0365
4400,3.790773,0.0354
4401,3.790994,0.0356
4402,3.791028,0.0358
4403,3.791215,0.0358
4404,3.790897,0.0354
4405,3.790623,0.0354
4406,3.790438,0.0354
4407,3.790475,0.0356
4408,3.790620,0.0355
4409,3.790843,0.0353
4410,3.790540,0.0353
4411,3.790191,0.0352
4412,3.789875,0.0353
4413,3.789847,0.0351
4414,3.790041,0.0353
4415,3.789844,0.0350
4416,3.789814,0.0352
4417,3.789354,0.0350
4418,3.789131,0.0354
4419,3.789383,0.0354
4420,3.788989,0.0353
4421,3.788975,0.0352
4422,3.788777,0.0354
4423,3.788878,0.0355
4424,3.788888,0.0353
4425,3.788973,0.0352
4426,3.788764,0.0356
4427,3.788574,0.0355
4428,3.788512,0.0350
4429,3.788331,0.0352
4430,3.788267,0.0356
4431,3.787736,0.0358
4432,3.787318,0.0353
4433,3.787442,0.0352
4434,3.787317,0.0358
4435,3.787367,0.0356
4436,3.787019,0.0351
4437,3.787645,0.0354
4438,3.787917,0.0356
4439,3.788228,0.0357
4440,3.788236,0.0353
4441,3.788092,0.0355
4442,3.787858,0.0364
4443,3.787345,0.0355
4444,3.787063,0.0353
4445,3.787224,0.0362
4446,3.786679,0.0352
4447,3.786967,0.0356
4448,3.787035,0.0351
4449,3.786950,0.0355
4450,3.786654,0.0356
4451,3.786748,0.0356
4452,3.786763,0.0356
4453,3.786650,0.0353
4454,3.786704,0.0356
4455,3.786417,0.0356
4456,3.786453,0.0353
4457,3.786214,0.0354
4458,3.786218,0.0356
4459,3.785843,0.0358
4460,3.786002,0.0362
4461,3.786131,0.0348
4462,3.786170,0.0349
4463,3.785909,0.0356
4464,3.786001,0.0350
4465,3.786523,0.0349
4466,3.786702,0.0350
4467,3.786828,0.0362
4468,3.786677,0.0353
4469,3.786347,0.0352
4470,3.786645,0.0353
4471,3.786624,0.0358
4472,3.786450,0.0352
4473,3.786519,0.0351
4474,3.786496,0.0354
4475,3.786186,0.0356
4476,3.786377,0.0348
4477,3.786497,0.0348
4478,3.786713,0.0354
4479,3.786972,0.0353
4480,3.787326,0.0353
4481,3.786598,0.0348
4482,3.786688,0.0353
4483,3.786965,0.0351
4484,3.786925,0.0353
4485,3.787393,0.0351
4486,3.787411,0.0356
4487,3.787300,0.0351
4488,3.787877,0.0354
4489,3.788429,0.0351
4490,3.788844,0.0354
4491,3.788200,0.0355
4492,3.787989,0.0350
4493,3.787952,0.0351
4494,3.787992,0.0351
4495,3.788087,0.0350
4496,3.788159,0.0353
4497,3.788031,0.0351
4498,3.787847,0.0352
4499,3.787446,0.0355
4500,3.787022,0.0353
4501,3.787018,0.0352
4502,3.786895,0.0354
4503,3.787059,0.0353
4504,3.787171,0.0356
4505,3.787065,0.0350
4506,3.786554,0.0356
4507,3.786560,0.0353
4508,3.786509,0.0350
4509,3.786474,0.0355
4510,3.786501,0.0354
4511,3.786113,0.0355
4512,3.785813,0.0352
4513,3.785917,0.0350
4514,3.786066,0.0356
4515,3.786475,0.0350
4516,3.786725,0.0353
4517,3.786673,0.0350
4518,3.786896,0.0354
4519,3.787454,0.0353
4520,3.787295,0.0360
4521,3.786952,0.0349
4522,3.787339,0.0354
4523,3.787527,0.0350
4524,3.787576,0.0353
4525,3.787120,0.0350
4526,3.786948,0.0355
4527,3.787038,0.0353
4528,3.786742,0.0349
4529,3.786220,0.0353
4530,3.786345,0.0355
4531,3.786125,0.0354
4532,3.786063,0.0351
4533,3.785688,0.0349
4534,3.785753,0.0354
4535,3.785382,0.0347
4536,3.785094,0.0349
4537,3.785037,0.0351
4538,3.784484,0.0359
4539,3.784788,0.0350
4540,3.785036,0.0354
4541,3.784988,0.0352
4542,3.785452,0.0351
4543,3.785768,0.0349
4544,3.785670,0.0353
4545,3.786044,0.0357
4546,3.786024,0.0354
4547,3.786988,0.0349
4548,3.787469,0.0350
4549,3.788016,0.0353
4550,3.788399,0.0358
4551,3.788472,0.0349
4552,3.788777,0.0349
4553,3.788892,0.0351
4554,3.789119,0.0353
4555,3.788874,0.0349
4556,3.789069,0.0353
4557,3.788806,0.0353
4558,3.788257,0.0353
4559,3.788231,0.0350
4560,3.787530,0.0352
4561,3.787101,0.0354
4562,3.786419,0.0353
4563,3.786225,0.0351
4564,3.785986,0.0351
4565,3.785570,0.0354
4566,3.785539,0.0354
4567,3.785101,0.0352
4568,3.785317,0.0358
4569,3.784827,0.0356
4570,3.784400,0.0354
4571,3.784469,0.0355
4572,3.783964,0.0357
4573,3.783806,0.0356
4574,3.783783,0.0353
4575,3.783507,0.0354
4576,3.783296,0.0355
4577,3.783447,0.0356
4578,3.783456,0.0353
4579,3.782816,0.0354
4580,3.783256,0.0356
4581,3.782777,0.0356
4582,3.782683,0.0357
4583,3.782557,0.0354
4584,3.782520,0.0358
4585,3.782333,0.0357
4586,3.782741,0.0354
4587,3.782150,0.0354
4588,3.782043,0.0356
4589,3.782018,0.0358
4590,3.781966,0.0355
4591,3.781632,0.0355
4592,3.781589,0.0354
4593,3.781519,0.0356
4594,3.781702,0.0353
4595,3.781593,0.0353
4596,3.781397,0.0356
4597,3.781223,0.0357
4598,3.780926,0.0354
4599,3.780618,0.0355
4600,3.780832,0.0355
4601,3.780722,0.0357
4602,3.780765,0.0354
4603,3.781082,0.0354
4604,3.780672,0.0355
4605,3.780521,0.0356
4606,3.780436,0.0355
4607,3.780573,0.0354
4608,3.780334,0.0354
4609,3.780399,0.0356
4610,3.780602,0.0352
4611,3.780921,0.0359
4612,3.780622,0.0357
4613,3.780219,0.0357
4614,3.779908,0.0356
4615,3.779523,0.0354
4616,3.779253,0.0351
4617,3.779341,0.0353
4618,3.779629,0.0357
4619,3.779619,0.0355
4620,3.779008,0.0356
4621,3.779058,0.0357
4622,3.778959,0.0354
4623,3.778966,0.0354
4624,3.778547,0.0353
4625,3.778404,0.0356
4626,3.778552,0.0358
4627,3.778373,0.0354
4628,3.778796,0.0353
4629,3.778573,0.0355
4630,3.778176,0.0354
4631,3.778303,0.0353
4632,3.777985,0.0355
4633,3.777911,0.0357
4634,3.777568,0.0356
4635,3.777620,0.0354
4636,3.777778,0.0354
4637,3.777686,0.0357
4638,3.777567,0.0355
4639,3.777336,0.0355
4640,3.777474,0.0353
4641,3.778745,0.0355
4642,3.780435,0.0359
4643,3.781782,0.0354
4644,3.782599,0.0354
4645,3.783648,0.0358
4646,3.784326,0.0354
4647,3.784994,0.0352
4648,3.785094,0.0354
4649,3.785579,0.0356
4650,3.785934,0.0355
4651,3.786778,0.0353
4652,3.787122,0.0351
4653,3.787342,0.0350
4654,3.787575,0.0355
4655,3.787145,0.0350
4656,3.786598,0.0355
4657,3.786232,0.0358
4658,3.786069,0.0356
4659,3.785523,0.0351
4660,3.785190,0.0353
4661,3.784893,0.0358
4662,3.784721,0.0351
4663,3.784783,0.0354
4664,3.785031,0.0353
4665,3.784968,0.0357
4666,3.785282,0.0354
4667,3.785306,0.0352
4668,3.785480,0.0353
4669,3.785833,0.0356
4670,3.786124,0.0353
4671,3.786156,0.0352
4672,3.786480,0.0357
4673,3.786368,0.0355
4674,3.786585,0.0352
4675,3.786437,0.0354
4676,3.786188,0.0353
4677,3.785856,0.0357
4678,3.785387,0.0351
4679,3.785016,0.0355
4680,3.784560,0.0354
4681,3.784328,0.0355
4682,3.783752,0.0354
4683,3.783220,0.0354
4684,3.783237,0.0354
4685,3.783341,0.0356
4686,3.783548,0.0354
4687,3.783572,0.0356
4688,3.783088,0.0354
4689,3.782803,0.0357
4690,3.782892,0.0354
4691,3.782400,0.0355
4692,3.782577,0.0352
4693,3.782629,0.0356
4694,3.782159,0.0354
4695,3.782089,0.0355
4696,3.782119,0.0354
4697,3.782101,0.0358
4698,3.781719,0.0357
4699,3.781696,0.0353
4700,3.781465,0.0352
4701,3.780982,0.0358
4702,3.780750,0.0356
4703,3.780437,0.0363
4704,3.780200,0.0352
4705,3.780033,0.0357
4706,3.780020,0.0359
4707,3.779851,0.0354
4708,3.779752,0.0351
4709,3.779716,0.0356
4710,3.779558,0.0354
4711,3.779364,0.0353
4712,3.778867,0.0352
4713,3.778790,0.0358
4714,3.778854,0.0357
4715,3.778716,0.0355
4716,3.778419,0.0353
4717,3.778389,0.0355
4718,3.778208,0.0356
4719,3.778386,0.0351
4720,3.778011,0.0351
4721,3.778072,0.0351
4722,3.778245,0.0357
4723,3.777836,0.0351
4724,3.777804,0.0353
4725,3.778050,0.0358
4726,3.778397,0.0358
4727,3.778138,0.0350
4728,3.778436,0.0353
4729,3.778273,0.0355
4730,3.778276,0.0354
4731,3.778244,0.0350
4732,3.777807,0.0353
4733,3.777572,0.0362
4734,3.777556,0.0355
4735,3.777039,0.0353
4736,3.776606,0.0353
4737,3.776133,0.0355
4738,3.776072,0.0355
4739,3.776106,0.0354
4740,3.775923,0.0352
4741,3.775986,0.0400
4742,3.776023,0.0353
4743,3.775757,0.0352
4744,3.776075,0.0353
4745,3.776092,0.0356
4746,3.776477,0.0357
4747,3.776873,0.0353
4748,3.777136,0.0354
4749,3.776539,0.0350
4750,3.776407,0.0354
4751,3.776152,0.0355
4752,3.775380,0.0352
4753,3.775223,0.0356
4754,3.774834,0.0357
4755,3.774898,0.0353
4756,3.775201,0.0351
4757,3.774882,0.0356
4758,3.775141,0.0356
4759,3.775332,0.0353
4760,3.775752,0.0354
4761,3.775946,0.0357
4762,3.776191,0.0359
4763,3.776795,0.0355
4764,3.776959,0.0355
4765,3.776738,0.0355
4766,3.776264,0.0359
4767,3.775803,0.0355
4768,3.775266,0.0354
4769,3.775182,0.0356
4770,3.775053,0.0357
4771,3.775090,0.0354
4772,3.775367,0.0353
4773,3.775023,0.0354
4774,3.775265,0.0357
4775,3.774956,0.0352
4776,3.774827,0.0352
4777,3.775290,0.0350
4778,3.775522,0.0354
4779,3.775826,0.0350
4780,3.775746,0.0354
4781,3.776153,0.0358
4782,3.775989,0.0358
4783,3.776379,0.0356
4784,3.776265,0.0353
4785,3.776109,0.0356
4786,3.775788,0.0358
4787,3.775838,0.0354
4788,3.775446,0.0352
4789,3.775526,0.0356
4790,3.775605,0.0356
4791,3.775419,0.0355
4792,3.775201,0.0355
4793,3.775305,0.0365
4794,3.774811,0.0357
4795,3.774528,0.0353
4796,3.774380,0.0355
4797,3.773947,0.0354
4798,3.773722,0.0356
4799,3.773816,0.0354
4800,3.773485,0.0354
4801,3.773551,0.0357
4802,3.773393,0.0357
4803,3.773118,0.0352
4804,3.773450,0.0354
4805,3.773107,0.0351
4806,3.773103,0.0355
4807,3.772743,0.0358
4808,3.772501,0.0353
4809,3.772391,0.0354
4810,3.772347,0.0357
4811,3.772287,0.0358
4812,3.771724,0.0353
4813,3.771044,0.0352
4814,3.770689,0.0356
4815,3.770631,0.0359
4816,3.770490,0.0352
4817,3.770688,0.0351
4818,3.770374,0.0356
4819,3.770473,0.0358
4820,3.770478,0.0350
4821,3.770385,0.0355
4822,3.770056,0.0356
4823,3.769942,0.0356
4824,3.769800,0.0359
4825,3.769776,0.0353
4826,3.769729,0.0357
4827,3.769579,0.0356
4828,3.769443,0.0352
4829,3.769191,0.0355
4830,3.769337,0.0356
4831,3.769799,0.0352
4832,3.770272,0.0355
4833,3.770650,0.0356
4834,3.770916,0.0354
4835,3.770687,0.0357
4836,3.770792,0.0354
4837,3.770501,0.0350
4838,3.770615,0.0357
4839,3.770181,0.0355
4840,3.770335,0.0359
4841,3.769883,0.0350
4842,3.769544,0.0355
4843,3.769384,0.0356
4844,3.769529,0.0355
4845,3.769646,0.0357
4846,3.769825,0.0355
4847,3.769933,0.0356
4848,3.769605,0.0354
4849,3.770023,0.0355
4850,3.770267,0.0355
4851,3.770326,0.0351
4852,3.770437,0.0353
4853,3.770316,0.0356
4854,3.770789,0.0358
4855,3.770890,0.0356
4856,3.770669,0.0349
4857,3.770811,0.0356
4858,3.770626,0.0358
4859,3.770212,0.0356
4860,3.769703,0.0354
4861,3.769846,0.0355
4862,3.770235,0.0355
4863,3.770624,0.0356
4864,3.770413,0.0353
4865,3.770255,0.0355
4866,3.770167,0.0358
4867,3.769681,0.0355
4868,3.769562,0.0353
4869,3.769363,0.0350
4870,3.769361,0.0353
4871,3.769149,0.0350
4872,3.769032,0.0350
4873,3.769033,0.0355
4874,3.768898,0.0352
4875,3.768609,0.0351
4876,3.768800,0.0350
4877,3.768552,0.0350
4878,3.769300,0.0352
4879,3.769478,0.0349
4880,3.769680,0.0350
4881,3.770524,0.0351
4882,3.770867,0.0353
4883,3.771008,0.0350
4884,3.771039,0.0351
4885,3.771204,0.0352
4886,3.771887,0.0353
4887,3.772233,0.0354
4888,3.772563,0.0350
4889,3.772896,0.0354
4890,3.773556,0.0350
4891,3.774179,0.0349
4892,3.774664,0.0349
4893,3.775033,0.0356
4894,3.775053,0.0349
4895,3.775321,0.0351
4896,3.775100,0.0350
4897,3.774602,0.0352
4898,3.774324,0.0354
4899,3.774135,0.0355
4900,3.773715,0.0354
4901,3.773709,0.0357
4902,3.773417,0.0354
4903,3.773188,0.0348
4904,3.773771,0.0353
4905,3.774619,0.0353
4906,3.774801,0.0353
4907,3.774786,0.0351
4908,3.774841,0.0355
4909,3.775161,0.0353
4910,3.774508,0.0355
4911,3.773780,0.0351
4912,3.773472,0.0356
4913,3.773430,0.0354
4914,3.772660,0.0353
4915,3.772209,0.0350
4916,3.771741,0.0362
4917,3.771701,0.0351
4918,3.771518,0.0352
4919,3.771894,0.0350
4920,3.771599,0.0355
4921,3.771548,0.0349
4922,3.771493,0.0352
4923,3.771507,0.0349
4924,3.770503,0.0355
4925,3.770197,0.0350
4926,3.770157,0.0354
4927,3.769433,0.0352
4928,3.769493,0.0354
4929,3.769024,0.0355
4930,3.768849,0.0350
4931,3.768719,0.0350
4932,3.768499,0.0359
4933,3.768680,0.0359
4934,3.768563,0.0355
4935,3.768075,0.0350
4936,3.767806,0.0355
4937,3.767636,0.0354
4938,3.767495,0.0356
4939,3.767667,0.0354
4940,3.768208,0.0357
4941,3.767791,0.0354
4942,3.767787,0.0352
4943,3.767414,0.0356
4944,3.767135,0.0354
4945,3.766783,0.0350
4946,3.766735,0.0354
4947,3.766655,0.0354
4948,3.766656,0.0356
4949,3.766803,0.0350
4950,3.766885,0.0354
4951,3.766796,0.0353
4952,3.766844,0.0354
4953,3.766945,0.0349
4954,3.766929,0.0355
4955,3.767374,0.0355
4956,3.767562,0.0356
4957,3.768073,0.0351
4958,3.768089,0.0350
4959,3.767755,0.0357
4960,3.767377,0.0355
4961,3.767019,0.0353
4962,3.766563,0.0352
4963,3.766141,0.0356
4964,3.765820,0.0359
4965,3.765996,0.0349
4966,3.766069,0.0354
4967,3.766670,0.0358
4968,3.766644,0.0350
4969,3.766699,0.0355
4970,3.766118,0.0351
4971,3.765730,0.0359
4972,3.765444,0.0356
4973,3.765518,0.0349
4974,3.765557,0.0355
4975,3.765131,0.0356
4976,3.764596,0.0366
4977,3.764544,0.0354
4978,3.764228,0.0350
4979,3.764255,0.0354
4980,3.764481,0.0356
4981,3.764251,0.0355
4982,3.764328,0.0353
4983,3.764183,0.0358
4984,3.764246,0.0356
4985,3.764134,0.0355
4986,3.764260,0.0355
4987,3.764124,0.0358
4988,3.764420,0.0356
4989,3.764250,0.0356
4990,3.764239,0.0354
4991,3.764467,0.0356
4992,3.764812,0.0357
4993,3.765333,0.0350
4994,3.765518,0.0356
4995,3.765540,0.0357
4996,3.765298,0.0355
4997,3.765230,0.0354
4998,3.765359,0.0353
4999,3.765265,0.0353
5000,3.765353,0.0353
5001,3.765248,0.0350
5002,3.764682,0.0353
5003,3.764544,0.0353
5004,3.764773,0.0354
5005,3.764714,0.0353
5006,3.764088,0.0364
5007,3.763339,0.0350
5008,3.763380,0.0354
5009,3.763897,0.0350
5010,3.764736,0.0353
5011,3.766305,0.0356
5012,3.767641,0.0354
5013,3.768897,0.0354
5014,3.770130,0.0353
5015,3.771339,0.0356
5016,3.772401,0.0353
5017,3.773284,0.0350
5018,3.773566,0.0352
5019,3.774247,0.0358
5020,3.774259,0.0355
5021,3.774054,0.0354
5022,3.773821,0.0352
5023,3.773688,0.0351
5024,3.774073,0.0354
5025,3.774093,0.0356
5026,3.774299,0.0355
5027,3.774040,0.0357
5028,3.774493,0.0355
5029,3.774508,0.0350
5030,3.774284,0.0402
5031,3.774318,0.0346
5032,3.774285,0.0356
5033,3.774351,0.0349
5034,3.774653,0.0353
5035,3.774167,0.0357
5036,3.773531,0.0353
5037,3.772421,0.0349
5038,3.771964,0.0356
5039,3.771062,0.0358
5040,3.770677,0.0354
5041,3.770190,0.0353
5042,3.769726,0.0352
5043,3.769409,0.0356
5044,3.769170,0.0357
5045,3.769036,0.0355
5046,3.768960,0.0350
5047,3.769236,0.0350
5048,3.769782,0.0356
5049,3.769600,0.0350
5050,3.770007,0.0351
5051,3.770328,0.0361
5052,3.770535,0.0352
5053,3.770321,0.0354
5054,3.769987,0.0350
5055,3.770012,0.0352
5056,3.770079,0.0355
5057,3.769885,0.0356
5058,3.769617,0.0353
5059,3.769277,0.0350
5060,3.769177,0.0354
5061,3.769160,0.0349
5062,3.768820,0.0349
5063,3.768818,0.0353
5064,3.769196,0.0351
5065,3.769303,0.0355
5066,3.769946,0.0352
5067,3.770066,0.0352
5068,3.769847,0.0355
5069,3.769753,0.0349
5070,3.770055,0.0354
5071,3.770035,0.0353
5072,3.770205,0.0350
5073,3.769754,0.0354
5074,3.768741,0.0356
5075,3.768655,0.0353
5076,3.768273,0.0350
5077,3.768001,0.0350
5078,3.768016,0.0353
5079,3.767978,0.0353
5080,3.767526,0.0352
5081,3.767410,0.0366
5082,3.766710,0.0352
5083,3.766527,0.0356
5084,3.766027,0.0352
5085,3.765370,0.0350
5086,3.764389,0.0353
5087,3.764160,0.0358
5088,3.764071,0.0353
5089,3.764094,0.0356
5090,3.763997,0.0358
5091,3.763626,0.0352
5092,3.763833,0.0355
5093,3.763335,0.0357
5094,3.764154,0.0355
5095,3.763988,0.0358
5096,3.763063,0.0352
5097,3.763278,0.0355
5098,3.762978,0.0357
5099,3.762852,0.0357
5100,3.763118,0.0351
5101,3.762757,0.0355
5102,3.762595,0.0350
5103,3.762675,0.0352
5104,3.762673,0.0351
5105,3.762535,0.0351
5106,3.762027,0.0354
5107,3.761980,0.0352
5108,3.762052,0.0351
5109,3.761590,0.0351
5110,3.761451,0.0349
5111,3.761535,0.0354
5112,3.761779,0.0351
5113,3.762354,0.0351
5114,3.762336,0.0354
5115,3.762593,0.0354
5116,3.762722,0.0354
5117,3.763474,0.0351
5118,3.763326,0.0351
5119,3.762844,0.0353
5120,3.762985,0.0352
5121,3.762968,0.0357
5122,3.762862,0.0352
5123,3.762643,0.0351
5124,3.762309,0.0352
5125,3.761921,0.0351
5126,3.761598,0.0359
5127,3.761964,0.0358
5128,3.762336,0.0350
5129,3.762214,0.0356
5130,3.762580,0.0356
5131,3.762434,0.0357
5132,3.762811,0.0350
5133,3.762815,0.0356
5134,3.762629,0.0357
5135,3.762322,0.0357
5136,3.762290,0.0350
5137,3.762015,0.0356
5138,3.761266,0.0359
5139,3.761578,0.0356
5140,3.760988,0.0355
5141,3.761295,0.0355
5142,3.761540,0.0365
5143,3.761528,0.0357
5144,3.761802,0.0355
5145,3.761509,0.0356
5146,3.760764,0.0356
5147,3.760206,0.0356
5148,3.759910,0.0355
5149,3.759506,0.0355
5150,3.759143,0.0356
5151,3.759000,0.0357
5152,3.759321,0.0355
5153,3.759758,0.0355
5154,3.759798,0.0354
5155,3.759649,0.0355
5156,3.759427,0.0355
5157,3.759321,0.0352
5158,3.758946,0.0356
5159,3.758611,0.0353
5160,3.758448,0.0361
5161,3.758132,0.0355
5162,3.757609,0.0354
5163,3.757563,0.0357
5164,3.757424,0.0357
5165,3.757135,0.0355
5166,3.757463,0.0355
5167,3.757015,0.0358
5168,3.756952,0.0354
5169,3.756835,0.0355
5170,3.757067,0.0355
5171,3.756742,0.0363
5172,3.756561,0.0357
5173,3.756178,0.0354
5174,3.756022,0.0356
5175,3.756016,0.0358
5176,3.756440,0.0359
5177,3.756981,0.0353
5178,3.757284,0.0356
5179,3.757376,0.0356
5180,3.757692,0.0358
5181,3.758148,0.0354
5182,3.758387,0.0352
5183,3.757831,0.0358
5184,3.758082,0.0353
5185,3.758094,0.0355
5186,3.757846,0.0353
5187,3.758052,0.0356
5188,3.757728,0.0360
5189,3.757381,0.0356
5190,3.756933,0.0356
5191,3.756588,0.0356
5192,3.756319,0.0356
5193,3.756608,0.0356
5194,3.756395,0.0355
5195,3.755796,0.0356
5196,3.755707,0.0356
5197,3.755681,0.0355
5198,3.755415,0.0355
5199,3.755112,0.0356
5200,3.755000,0.0356
5201,3.754923,0.0364
5202,3.754795,0.0352
5203,3.755332,0.0355
5204,3.755392,0.0358
5205,3.754824,0.0361
5206,3.755098,0.0356
5207,3.754933,0.0355
5208,3.754400,0.0354
5209,3.754158,0.0357
5210,3.753825,0.0353
5211,3.753625,0.0354
5212,3.753863,0.0357
5213,3.753878,0.0357
5214,3.754083,0.0353
5215,3.754312,0.0354
5216,3.754249,0.0353
5217,3.753898,0.0361
5218,3.753747,0.0354
5219,3.754083,0.0356
5220,3.754468,0.0357
5221,3.754865,0.0357
5222,3.755077,0.0353
5223,3.755075,0.0350
5224,3.755090,0.0351
5225,3.755278,0.0353
5226,3.755620,0.0351
5227,3.756381,0.0350
5228,3.757400,0.0350
5229,3.756870,0.0351
5230,3.756991,0.0349
5231,3.756683,0.0351
5232,3.756469,0.0353
5233,3.756578,0.0357
5234,3.756429,0.0352
5235,3.756274,0.0350
5236,3.756397,0.0352
5237,3.756348,0.0353
5238,3.756286,0.0350
5239,3.756532,0.0351
5240,3.756234,0.0355
5241,3.755821,0.0353
5242,3.756044,0.0351
5243,3.756426,0.0352
5244,3.756077,0.0356
5245,3.755448,0.0351
5246,3.755333,0.0350
5247,3.755063,0.0357
5248,3.755115,0.0351
5249,3.755177,0.0349
5250,3.755349,0.0349
5251,3.755937,0.0358
5252,3.755842,0.0350
5253,3.755857,0.0351
5254,3.755781,0.0351
5255,3.755868,0.0356
5256,3.755543,0.0351
5257,3.755592,0.0350
5258,3.754980,0.0354
5259,3.754487,0.0351
5260,3.754358,0.0357
5261,3.754557,0.0350
5262,3.754703,0.0354
5263,3.754806,0.0355
5264,3.754935,0.0355
5265,3.754364,0.0349
5266,3.754369,0.0354
5267,3.753965,0.0356
5268,3.754156,0.0355
5269,3.753316,0.0352
5270,3.753537,0.0353
5271,3.753736,0.0350
5272,3.753837,0.0354
5273,3.754031,0.0353
5274,3.754002,0.0352
5275,3.754389,0.0355
5276,3.754513,0.0356
5277,3.754567,0.0350
5278,3.754924,0.0354
5279,3.754962,0.0355
5280,3.754916,0.0356
5281,3.755762,0.0353
5282,3.756475,0.0353
5283,3.758096,0.0358
5284,3.758998,0.0355
5285,3.758947,0.0354
5286,3.759349,0.0353
5287,3.759344,0.0355
5288,3.759151,0.0356
5289,3.759742,0.0352
5290,3.759378,0.0354
5291,3.759086,0.0356
5292,3.758662,0.0356
5293,3.758744,0.0355
5294,3.758315,0.0353
5295,3.757579,0.0357
5296,3.757845,0.0356
5297,3.757809,0.0355
5298,3.756893,0.0353
5299,3.756496,0.0350
5300,3.756655,0.0356
5301,3.756489,0.0353
5302,3.756087,0.0353
5303,3.755656,0.0351
5304,3.755492,0.0356
5305,3.755658,0.0352
5306,3.755342,0.0355
5307,3.755560,0.0356
5308,3.755650,0.0356
5309,3.754939,0.0350
5310,3.754520,0.0357
5311,3.754327,0.0356
5312,3.754035,0.0356
5313,3.753644,0.0350
5314,3.753670,0.0353
5315,3.754095,0.0354
5316,3.754441,0.0355
5317,3.754258,0.0352
5318,3.754314,0.0353
5319,3.754453,0.0387
5320,3.754574,0.0352
5321,3.754366,0.0355
5322,3.754019,0.0353
5323,3.753752,0.0354
5324,3.753857,0.0359
5325,3.753577,0.0355
5326,3.753369,0.0353
5327,3.752828,0.0354
5328,3.752772,0.0356
5329,3.753074,0.0358
5330,3.753323,0.0355
5331,3.753813,0.0356
5332,3.754039,0.0355
5333,3.754664,0.0356
5334,3.754918,0.0353
5335,3.756257,0.0354
5336,3.757014,0.0357
5337,3.758033,0.0358
5338,3.759079,0.0353
5339,3.759765,0.0357
5340,3.760975,0.0354
5341,3.761717,0.0356
5342,3.762441,0.0353
5343,3.761966,0.0357
5344,3.762907,0.0353
5345,3.763305,0.0356
5346,3.764005,0.0354
5347,3.764128,0.0356
5348,3.764364,0.0352
5349,3.764683,0.0352
5350,3.764790,0.0353
5351,3.765169,0.0351
5352,3.765861,0.0350
5353,3.766622,0.0357
5354,3.767207,0.0353
5355,3.768585,0.0351
5356,3.768671,0.0355
5357,3.767892,0.0358
5358,3.767391,0.0355
5359,3.766540,0.0349
5360,3.765862,0.0352
5361,3.765580,0.0353
5362,3.765043,0.0354
5363,3.764679,0.0351
5364,3.764128,0.0358
5365,3.763742,0.0357
5366,3.763787,0.0353
5367,3.763409,0.0351
5368,3.763477,0.0353
5369,3.762976,0.0351
5370,3.762564,0.0354
5371,3.762019,0.0357
5372,3.762232,0.0358
5373,3.761850,0.0357
5374,3.761617,0.0352
5375,3.761656,0.0350
5376,3.761524,0.0355
5377,3.761522,0.0354
5378,3.761525,0.0352
5379,3.761993,0.0352
5380,3.762610,0.0358
5381,3.764196,0.0355
5382,3.765073,0.0349
5383,3.765953,0.0351
5384,3.765984,0.0354
5385,3.766444,0.0355
5386,3.766505,0.0366
5387,3.766191,0.0355
5388,3.765141,0.0358
5389,3.764242,0.0359
5390,3.763539,0.0354
5391,3.762843,0.0356
5392,3.762565,0.0358
5393,3.762160,0.0359
5394,3.761942,0.0355
5395,3.761971,0.0356
5396,3.761808,0.0356
5397,3.761835,0.0358
5398,3.761639,0.0356
5399,3.761760,0.0356
5400,3.761811,0.0355
5401,3.760854,0.0357
5402,3.760249,0.0364
5403,3.760016,0.0355
5404,3.759678,0.0356
5405,3.759828,0.0356
5406,3.760108,0.0356
5407,3.759826,0.0354
5408,3.759873,0.0353
5409,3.759293,0.0353
5410,3.758812,0.0356
5411,3.758060,0.0355
5412,3.757712,0.0353
5413,3.757134,0.0353
5414,3.757397,0.0356
5415,3.757224,0.0350
5416,3.756905,0.0353
5417,3.756615,0.0352
5418,3.756606,0.0356
5419,3.756525,0.0350
5420,3.756416,0.0354
5421,3.756547,0.0353
5422,3.756292,0.0354
5423,3.756714,0.0351
5424,3.757569,0.0351
5425,3.758038,0.0353
5426,3.758784,0.0353
5427,3.759091,0.0350
5428,3.758991,0.0351
5429,3.758874,0.0353
5430,3.758913,0.0353
5431,3.758561,0.0352
5432,3.758128,0.0352
5433,3.757400,0.0353
5434,3.757656,0.0356
5435,3.757608,0.0351
5436,3.758262,0.0351
5437,3.757849,0.0354
5438,3.758380,0.0352
5439,3.758658,0.0352
5440,3.759063,0.0352
5441,3.759254,0.0354
5442,3.759463,0.0351
5443,3.759178,0.0350
5444,3.759004,0.0352
5445,3.758492,0.0353
5446,3.758078,0.0350
5447,3.757879,0.0351
5448,3.757763,0.0353
5449,3.757361,0.0352
5450,3.757265,0.0353
5451,3.756995,0.0357
5452,3.757423,0.0359
5453,3.758497,0.0353
5454,3.759650,0.0353
5455,3.760778,0.0356
5456,3.760804,0.0354
5457,3.760472,0.0354
5458,3.759662,0.0350
5459,3.758554,0.0354
5460,3.757478,0.0356
5461,3.756390,0.0353
5462,3.755834,0.0353
5463,3.755680,0.0351
5464,3.756366,0.0355
5465,3.756491,0.0354
5466,3.756382,0.0354
5467,3.756158,0.0354
5468,3.756349,0.0356
5469,3.755957,0.0356
5470,3.756119,0.0353
5471,3.755924,0.0356
5472,3.756037,0.0356
5473,3.756958,0.0356
5474,3.756491,0.0354
5475,3.756428,0.0353
5476,3.755660,0.0354
5477,3.755179,0.0358
5478,3.755188,0.0353
5479,3.754788,0.0353
5480,3.754340,0.0355
5481,3.754489,0.0354
5482,3.754788,0.0352
5483,3.754270,0.0356
5484,3.754334,0.0355
5485,3.753825,0.0358
5486,3.753543,0.0351
5487,3.753285,0.0354
5488,3.753002,0.0357
5489,3.752261,0.0356
5490,3.752095,0.0353
5491,3.752793,0.0355
5492,3.753679,0.0357
5493,3.755114,0.0359
5494,3.756985,0.0355
5495,3.758715,0.0353
5496,3.760242,0.0355
5497,3.761436,0.0357
5498,3.762170,0.0354
5499,3.762667,0.0355
5500,3.763010,0.0356
5501,3.763044,0.0357
5502,3.763425,0.0358
5503,3.763378,0.0355
5504,3.762718,0.0356
5505,3.762933,0.0357
5506,3.762730,0.0353
5507,3.762675,0.0354
5508,3.762894,0.0357
5509,3.762955,0.0355
5510,3.762778,0.0353
5511,3.762714,0.0354
5512,3.762078,0.0352
5513,3.761519,0.0357
5514,3.760796,0.0354
5515,3.760500,0.0356
5516,3.760183,0.0357
5517,3.759518,0.0356
5518,3.759028,0.0350
5519,3.758849,0.0358
5520,3.758308,0.0355
5521,3.757782,0.0358
5522,3.757525,0.0356
5523,3.756775,0.0355
5524,3.756449,0.0356
5525,3.755611,0.0360
5526,3.755282,0.0358
5527,3.755117,0.0355
5528,3.755376,0.0356
5529,3.755099,0.0358
5530,3.754756,0.0358
5531,3.753821,0.0355
5532,3.753499,0.0356
5533,3.752748,0.0369
5534,3.752581,0.0357
5535,3.752364,0.0355
5536,3.751726,0.0354
5537,3.751486,0.0356
5538,3.751455,0.0359
5539,3.751083,0.0357
5540,3.750947,0.0355
5541,3.750777,0.0356
5542,3.750116,0.0358
5543,3.749563,0.0358
5544,3.749970,0.0353
5545,3.750404,0.0356
5546,3.750544,0.0356
5547,3.750697,0.0359
5548,3.750711,0.0353
5549,3.750325,0.0356
5550,3.749448,0.0356
5551,3.749410,0.0358
5552,3.749065,0.0355
5553,3.748658,0.0356
5554,3.748711,0.0354
5555,3.748510,0.0353
5556,3.748543,0.0353
5557,3.748271,0.0356
5558,3.748241,0.0357
5559,3.747963,0.0361
5560,3.747953,0.0353
5561,3.747448,0.0354
5562,3.747152,0.0357
5563,3.747174,0.0356
5564,3.747790,0.0355
5565,3.747262,0.0355
5566,3.747034,0.0355
5567,3.747458,0.0358
5568,3.747732,0.0356
5569,3.747295,0.0356
5570,3.747231,0.0357
5571,3.747646,0.0358
5572,3.746866,0.0357
5573,3.746937,0.0355
5574,3.746380,0.0357
5575,3.746279,0.0358
5576,3.746701,0.0357
5577,3.746778,0.0354
5578,3.746360,0.0356
5579,3.745991,0.0369
5580,3.745999,0.0357
5581,3.745856,0.0354
5582,3.745746,0.0356
5583,3.745684,0.0358
5584,3.745560,0.0358
5585,3.745579,0.0356
5586,3.745373,0.0356
5587,3.745126,0.0357
5588,3.744945,0.0356
5589,3.744697,0.0355
5590,3.744600,0.0354
5591,3.744876,0.0356
5592,3.745013,0.0357
5593,3.744466,0.0356
5594,3.744061,0.0355
5595,3.744030,0.0355
5596,3.743887,0.0358
5597,3.743826,0.0358
5598,3.744698,0.0355
5599,3.744837,0.0356
5600,3.744756,0.0358
5601,3.743740,0.0358
5602,3.743704,0.0355
5603,3.743256,0.0356
5604,3.743309,0.0358
5605,3.743479,0.0358
5606,3.743613,0.0355
5607,3.743212,0.0357
5608,3.743470,0.0356
5609,3.743264,0.0357
5610,3.743280,0.0355
5611,3.742728,0.0354
5612,3.743030,0.0354
5613,3.742799,0.0357
5614,3.742684,0.0356
5615,3.742515,0.0355
5616,3.742300,0.0356
5617,3.742086,0.0357
5618,3.741706,0.0358
5619,3.742244,0.0355
5620,3.742560,0.0356
5621,3.742459,0.0358
5622,3.742136,0.0358
5623,3.741920,0.0355
5624,3.741633,0.0366
5625,3.741518,0.0356
5626,3.742026,0.0358
5627,3.742321,0.0356
5628,3.742438,0.0356
5629,3.742156,0.0357
5630,3.742060,0.0357
5631,3.741983,0.0355
5632,3.742284,0.0354
5633,3.742484,0.0355
5634,3.743574,0.0357
5635,3.744920,0.0356
5636,3.745737,0.0355
5637,3.747062,0.0356
5638,3.746515,0.0358
5639,3.746230,0.0356
5640,3.746128,0.0355
5641,3.745247,0.0357
5642,3.745067,0.0359
5643,3.744734,0.0358
5644,3.744095,0.0355
5645,3.743499,0.0356
5646,3.743027,0.0358
5647,3.742640,0.0358
5648,3.742209,0.0355
5649,3.742275,0.0355
5650,3.742179,0.0356
5651,3.742015,0.0358
5652,3.742690,0.0365
5653,3.742827,0.0355
5654,3.742375,0.0356
5655,3.741435,0.0359
5656,3.741621,0.0355
5657,3.741638,0.0354
5658,3.741649,0.0355
5659,3.741400,0.0356
5660,3.741417,0.0356
5661,3.740851,0.0356
5662,3.740558,0.0357
5663,3.740512,0.0358
5664,3.740199,0.0358
5665,3.740134,0.0355
5666,3.740503,0.0356
5667,3.741281,0.0358
5668,3.742437,0.0358
5669,3.743629,0.0360
5670,3.743680,0.0354
5671,3.743623,0.0356
5672,3.743632,0.0358
5673,3.743007,0.0356
5674,3.742823,0.0356
5675,3.742435,0.0357
5676,3.741998,0.0357
5677,3.741639,0.0356
5678,3.741125,0.0355
5679,3.740981,0.0356
5680,3.740939,0.0358
5681,3.740736,0.0357
5682,3.740737,0.0355
5683,3.740182,0.0357
5684,3.740269,0.0359
5685,3.740291,0.0358
5686,3.739939,0.0355
5687,3.739725,0.0356
5688,3.739800,0.0357
5689,3.740485,0.0358
5690,3.741218,0.0350
5691,3.742278,0.0356
5692,3.743149,0.0357
5693,3.744502,0.0357
5694,3.745045,0.0356
5695,3.745936,0.0355
5696,3.746624,0.0356
5697,3.746851,0.0364
5698,3.746798,0.0355
5699,3.747015,0.0354
5700,3.746907,0.0364
5701,3.745773,0.0357
5702,3.745445,0.0359
5703,3.745472,0.0356
5704,3.744823,0.0354
5705,3.744098,0.0356
5706,3.742801,0.0358
5707,3.742570,0.0356
5708,3.742567,0.0355
5709,3.741805,0.0356
5710,3.741316,0.0360
5711,3.741106,0.0358
5712,3.741279,0.0355
5713,3.741501,0.0356
5714,3.742071,0.0351
5715,3.742221,0.0358
5716,3.741822,0.0356
5717,3.741782,0.0355
5718,3.741263,0.0356
5719,3.741179,0.0358
5720,3.741374,0.0354
5721,3.741376,0.0354
5722,3.741541,0.0356
5723,3.741373,0.0357
5724,3.741508,0.0354
5725,3.741537,0.0354
5726,3.742093,0.0355
5727,3.741715,0.0356
5728,3.742070,0.0354
5729,3.741814,0.0355
5730,3.741701,0.0356
5731,3.741607,0.0360
5732,3.741821,0.0355
5733,3.742043,0.0354
5734,3.741373,0.0355
5735,3.740878,0.0358
5736,3.740639,0.0358
5737,3.740958,0.0355
5738,3.741219,0.0356
5739,3.741897,0.0356
5740,3.742405,0.0358
5741,3.742747,0.0355
5742,3.742916,0.0356
5743,3.742797,0.0359
5744,3.741958,0.0361
5745,3.741298,0.0355
5746,3.740421,0.0355
5747,3.739878,0.0355
5748,3.738957,0.0358
5749,3.738715,0.0354
5750,3.738405,0.0353
5751,3.738466,0.0357
5752,3.738907,0.0353
5753,3.738490,0.0351
5754,3.738050,0.0350
5755,3.736701,0.0356
5756,3.736447,0.0359
5757,3.736562,0.0355
5758,3.736482,0.0354
5759,3.736811,0.0354
5760,3.736973,0.0358
5761,3.736970,0.0356
5762,3.736724,0.0355
5763,3.736581,0.0355
5764,3.736363,0.0352
5765,3.736076,0.0352
5766,3.735926,0.0356
5767,3.735585,0.0356
5768,3.735383,0.0353
5769,3.735534,0.0353
5770,3.735452,0.0357
5771,3.734576,0.0351
5772,3.734330,0.0355
5773,3.734339,0.0356
5774,3.734276,0.0353
5775,3.734659,0.0356
5776,3.734775,0.0356
5777,3.735201,0.0358
5778,3.734926,0.0355
5779,3.734812,0.0356
5780,3.734264,0.0359
5781,3.733443,0.0358
5782,3.733529,0.0352
5783,3.733218,0.0349
5784,3.733084,0.0355
5785,3.732919,0.0358
5786,3.732788,0.0353
5787,3.732689,0.0353
5788,3.732468,0.0354
5789,3.732673,0.0358
5790,3.732912,0.0353
5791,3.733071,0.0356
5792,3.733088,0.0356
5793,3.733181,0.0358
5794,3.732729,0.0354
5795,3.732655,0.0355
5796,3.732564,0.0358
5797,3.732188,0.0358
5798,3.732615,0.0353
5799,3.733678,0.0356
5800,3.732800,0.0356
5801,3.732948,0.0356
5802,3.732346,0.0355
5803,3.731904,0.0355
5804,3.732324,0.0356
5805,3.732593,0.0357
5806,3.732450,0.0355
5807,3.732885,0.0355
5808,3.732731,0.0354
5809,3.732028,0.0356
5810,3.732273,0.0354
5811,3.732685,0.0356
5812,3.732748,0.0356
5813,3.732974,0.0358
5814,3.733133,0.0356
5815,3.733474,0.0354
5816,3.733888,0.0355
5817,3.734035,0.0353
5818,3.734004,0.0360
5819,3.734206,0.0354
5820,3.734567,0.0351
5821,3.734999,0.0354
5822,3.734813,0.0358
5823,3.735156,0.0350
5824,3.735419,0.0350
5825,3.734962,0.0356
5826,3.734844,0.0355
5827,3.733592,0.0354
5828,3.733277,0.0354
5829,3.733129,0.0356
5830,3.733090,0.0356
5831,3.732373,0.0356
5832,3.732237,0.0355
5833,3.732385,0.0358
5834,3.732034,0.0357
5835,3.732613,0.0355
5836,3.732404,0.0356
5837,3.731709,0.0364
5838,3.731027,0.0358
5839,3.730826,0.0355
5840,3.730887,0.0356
5841,3.730577,0.0358
5842,3.730657,0.0356
5843,3.730699,0.0357
5844,3.730940,0.0355
5845,3.730323,0.0355
5846,3.730300,0.0355
5847,3.730497,0.0353
5848,3.730852,0.0355
5849,3.730864,0.0355
5850,3.730816,0.0359
5851,3.731008,0.0357
5852,3.731018,0.0353
5853,3.730628,0.0357
5854,3.730496,0.0356
5855,3.730083,0.0356
5856,3.729821,0.0355
5857,3.729774,0.0359
5858,3.729254,0.0359
5859,3.729327,0.0358
5860,3.729847,0.0355
5861,3.729579,0.0356
5862,3.729392,0.0356
5863,3.729687,0.0358
5864,3.729470,0.0355
5865,3.729422,0.0359
5866,3.729464,0.0356
5867,3.728793,0.0359
5868,3.728569,0.0356
5869,3.728566,0.0354
5870,3.728841,0.0354
5871,3.729285,0.0357
5872,3.729941,0.0354
5873,3.730277,0.0356
5874,3.730337,0.0356
5875,3.730417,0.0358
5876,3.729910,0.0356
5877,3.729922,0.0354
5878,3.729868,0.0355
5879,3.729823,0.0358
5880,3.730278,0.0358
5881,3.730406,0.0355
5882,3.730464,0.0356
5883,3.730222,0.0360
5884,3.730085,0.0357
5885,3.729982,0.0354
5886,3.730258,0.0354
5887,3.730167,0.0356
5888,3.730428,0.0359
5889,3.730552,0.0356
5890,3.730302,0.0356
5891,3.729980,0.0356
5892,3.729865,0.0357
5893,3.729463,0.0355
5894,3.729772,0.0356
5895,3.729969,0.0357
5896,3.729615,0.0353
5897,3.729609,0.0358
5898,3.729135,0.0351
5899,3.729392,0.0355
5900,3.729316,0.0359
5901,3.729468,0.0358
5902,3.729764,0.0356
5903,3.730688,0.0356
5904,3.730494,0.0358
5905,3.730704,0.0353
5906,3.730472,0.0356
5907,3.730307,0.0351
5908,3.730235,0.0352
5909,3.730390,0.0359
5910,3.730070,0.0350
5911,3.730553,0.0356
5912,3.731101,0.0355
5913,3.731818,0.0359
5914,3.732530,0.0354
5915,3.732779,0.0355
5916,3.733042,0.0356
5917,3.733787,0.0359
5918,3.733915,0.0350
5919,3.733758,0.0350
5920,3.733721,0.0357
5921,3.733494,0.0358
5922,3.733317,0.0355
5923,3.733549,0.0355
5924,3.733205,0.0355
5925,3.733582,0.0357
5926,3.733792,0.0353
5927,3.733627,0.0355
5928,3.733389,0.0352
5929,3.733130,0.0359
5930,3.733385,0.0358
5931,3.732597,0.0356
5932,3.732928,0.0356
5933,3.732666,0.0357
5934,3.732559,0.0356
5935,3.732098,0.0356
5936,3.732597,0.0357
5937,3.732483,0.0358
5938,3.732133,0.0355
5939,3.732642,0.0354
5940,3.733966,0.0357
5941,3.735171,0.0361
5942,3.735836,0.0357
5943,3.736687,0.0355
5944,3.737553,0.0359
5945,3.738314,0.0359
5946,3.737978,0.0358
5947,3.737880,0.0355
5948,3.738532,0.0355
5949,3.738238,0.0356
5950,3.738346,0.0358
5951,3.737663,0.0356
5952,3.736895,0.0356
5953,3.736236,0.0357
5954,3.735994,0.0357
5955,3.735510,0.0356
5956,3.735155,0.0356
5957,3.734362,0.0356
5958,3.733958,0.0370
5959,3.733661,0.0357
5960,3.733493,0.0354
5961,3.733283,0.0356
5962,3.733156,0.0358
5963,3.733333,0.0359
5964,3.733559,0.0355
5965,3.733260,0.0355
5966,3.733153,0.0357
5967,3.733042,0.0358
5968,3.732678,0.0356
5969,3.732445,0.0356
5970,3.732441,0.0357
5971,3.732539,0.0357
5972,3.732281,0.0357
5973,3.731650,0.0355
5974,3.731358,0.0355
5975,3.731011,0.0358
5976,3.731264,0.0355
5977,3.731014,0.0353
5978,3.731274,0.0354
5979,3.731425,0.0357
5980,3.731661,0.0358
5981,3.731818,0.0356
5982,3.732067,0.0356
5983,3.732531,0.0357
5984,3.733634,0.0358
5985,3.734368,0.0355
5986,3.734744,0.0356
5987,3.735051,0.0360
5988,3.735221,0.0359
5989,3.734702,0.0353
5990,3.734822,0.0355
5991,3.734410,0.0358
5992,3.734804,0.0357
5993,3.734765,0.0355
5994,3.734071,0.0355
5995,3.733569,0.0358
5996,3.732872,0.0358
5997,3.732683,0.0356
5998,3.731933,0.0356
5999,3.731651,0.0356
6000,3.731090,0.0357
