epoch,loss,tiempo_s
1,12.440147,0.3080
2,7.230031,0.0105
3,6.706104,0.0100
4,6.473293,0.0103
5,6.328818,0.0105
6,6.224588,0.0109
7,6.142487,0.0112
8,6.076682,0.0117
9,6.021622,0.0117
10,5.973320,0.0121
11,5.932050,0.0122
12,5.893675,0.0121
13,5.858183,0.0120
14,5.827499,0.0116
15,5.797340,0.0117
16,5.769683,0.0121
17,5.744490,0.0121
18,5.720620,0.0121
19,5.697835,0.0120
20,5.676847,0.0115
21,5.656172,0.0114
22,5.636487,0.0116
23,5.618889,0.0120
24,5.601212,0.0121
25,5.583812,0.0121
26,5.570207,0.0119
27,5.554078,0.0116
28,5.539941,0.0117
29,5.525225,0.0121
30,5.511896,0.0120
31,5.499067,0.0120
32,5.487203,0.0119
33,5.475757,0.0115
34,5.465003,0.0115
35,5.454093,0.0116
36,5.443330,0.0121
37,5.432523,0.0120
38,5.422703,0.0120
39,5.413116,0.0120
40,5.402914,0.0115
41,5.394781,0.0117
42,5.385028,0.0120
43,5.376671,0.0121
44,5.369038,0.0121
45,5.360624,0.0119
46,5.354113,0.0115
47,5.344882,0.0116
48,5.338964,0.0120
49,5.330419,0.0120
50,5.323616,0.0120
51,5.316874,0.0121
52,5.310757,0.0120
53,5.303488,0.0115
54,5.297525,0.0117
55,5.291020,0.0121
56,5.284480,0.0121
57,5.278331,0.0120
58,5.271423,0.0114
59,5.265360,0.0115
60,5.259394,0.0116
61,5.254364,0.0121
62,5.248737,0.0120
63,5.243213,0.0121
64,5.238120,0.0119
65,5.232546,0.0115
66,5.227064,0.0116
67,5.222455,0.0120
68,5.217778,0.0120
69,5.211492,0.0157
70,5.206990,0.0109
71,5.202107,0.0113
72,5.196861,0.0121
73,5.191608,0.0120
74,5.186154,0.0121
75,5.181711,0.0120
76,5.176637,0.0115
77,5.172269,0.0117
78,5.167258,0.0121
79,5.163058,0.0121
80,5.158419,0.0121
81,5.154100,0.0119
82,5.149676,0.0115
83,5.146033,0.0116
84,5.141743,0.0121
85,5.136558,0.0121
86,5.132942,0.0121
87,5.128923,0.0120
88,5.124658,0.0115
89,5.120307,0.0115
90,5.117495,0.0116
91,5.113166,0.0121
92,5.108547,0.0121
93,5.105289,0.0121
94,5.100899,0.0119
95,5.097282,0.0115
96,5.092204,0.0116
97,5.088690,0.0117
98,5.084869,0.0121
99,5.082255,0.0120
100,5.079182,0.0120
101,5.074334,0.0116
102,5.071427,0.0115
103,5.067437,0.0116
104,5.065801,0.0121
105,5.060918,0.0121
106,5.056985,0.0121
107,5.053660,0.0121
108,5.049875,0.0115
109,5.046208,0.0117
110,5.043071,0.0121
111,5.039539,0.0120
112,5.035659,0.0122
113,5.031926,0.0120
114,5.029325,0.0115
115,5.025520,0.0116
116,5.021561,0.0121
117,5.018194,0.0121
118,5.014490,0.0120
119,5.010900,0.0115
120,5.006625,0.0115
121,5.003351,0.0117
122,4.999783,0.0121
123,4.996908,0.0121
124,4.992345,0.0121
125,4.988955,0.0155
126,4.985359,0.0112
127,4.981556,0.0119
128,4.978204,0.0121
129,4.975451,0.0136
130,4.970945,0.0113
131,4.967309,0.0118
132,4.963830,0.0121
133,4.959558,0.0121
134,4.956564,0.0121
135,4.952916,0.0120
136,4.948609,0.0116
137,4.945402,0.0122
138,4.940313,0.0121
139,4.937327,0.0123
140,4.933702,0.0119
141,4.930004,0.0115
142,4.927129,0.0116
143,4.924192,0.0121
144,4.920234,0.0122
145,4.915683,0.0121
146,4.911676,0.0120
147,4.908826,0.0115
148,4.905182,0.0118
149,4.901623,0.0122
150,4.897909,0.0122
151,4.894112,0.0121
152,4.889954,0.0120
153,4.886127,0.0115
154,4.882965,0.0116
155,4.879812,0.0122
156,4.877017,0.0121
157,4.873594,0.0121
158,4.871153,0.0120
159,4.868264,0.0116
160,4.864178,0.0117
161,4.860932,0.0122
162,4.856982,0.0122
163,4.853717,0.0121
164,4.849475,0.0120
165,4.845788,0.0116
166,4.841219,0.0117
167,4.837083,0.0121
168,4.832518,0.0121
169,4.828891,0.0121
170,4.825373,0.0121
171,4.820715,0.0115
172,4.816810,0.0116
173,4.814055,0.0117
174,4.810086,0.0121
175,4.806703,0.0122
176,4.801884,0.0122
177,4.798762,0.0121
178,4.794735,0.0116
179,4.791129,0.0117
180,4.788372,0.0121
181,4.784197,0.0122
182,4.779764,0.0122
183,4.777492,0.0121
184,4.772634,0.0116
185,4.769219,0.0117
186,4.765023,0.0121
187,4.761432,0.0122
188,4.757333,0.0115
189,4.753869,0.0104
190,4.750077,0.0121
191,4.745711,0.0120
192,4.742477,0.0117
193,4.738470,0.0121
194,4.735065,0.0121
195,4.730659,0.0120
196,4.726489,0.0116
197,4.722901,0.0116
198,4.720132,0.0117
199,4.715715,0.0122
200,4.712281,0.0121
201,4.708622,0.0123
202,4.705404,0.0120
203,4.701820,0.0116
204,4.698176,0.0117
205,4.694492,0.0121
206,4.691415,0.0121
207,4.686891,0.0122
208,4.683065,0.0120
209,4.679107,0.0116
210,4.675091,0.0116
211,4.671011,0.0118
212,4.666503,0.0121
213,4.662938,0.0122
214,4.657954,0.0121
215,4.654092,0.0116
216,4.649524,0.0117
217,4.644678,0.0117
218,4.640658,0.0122
219,4.636536,0.0123
220,4.632430,0.0121
221,4.627056,0.0117
222,4.622992,0.0116
223,4.619466,0.0118
224,4.615655,0.0122
225,4.611065,0.0122
226,4.606915,0.0122
227,4.603325,0.0121
228,4.599197,0.0116
229,4.594757,0.0118
230,4.589810,0.0171
231,4.585525,0.0124
232,4.580558,0.0112
233,4.575894,0.0099
234,4.571520,0.0100
235,4.566674,0.0105
236,4.562202,0.0111
237,4.558159,0.0120
238,4.552260,0.0122
239,4.547880,0.0122
240,4.542715,0.0121
241,4.537635,0.0116
242,4.533457,0.0117
243,4.528811,0.0122
244,4.524045,0.0122
245,4.518658,0.0123
246,4.513931,0.0121
247,4.509898,0.0117
248,4.506142,0.0119
249,4.500752,0.0123
250,4.496397,0.0122
251,4.491712,0.0122
252,4.486933,0.0121
253,4.481045,0.0116
254,4.477046,0.0118
255,4.472966,0.0122
256,4.467706,0.0123
257,4.463730,0.0121
258,4.458226,0.0115
259,4.454161,0.0105
260,4.449649,0.0092
261,4.446033,0.0085
262,4.441960,0.0083
263,4.438390,0.0083
264,4.434648,0.0083
265,4.431337,0.0083
266,4.427287,0.0083
267,4.422955,0.0083
268,4.417593,0.0083
269,4.412148,0.0083
270,4.407264,0.0083
271,4.401782,0.0083
272,4.396716,0.0083
273,4.392988,0.0083
274,4.391831,0.0083
275,4.391191,0.0083
276,4.388822,0.0083
277,4.384871,0.0084
278,4.380564,0.0083
279,4.375783,0.0084
280,4.369001,0.0084
281,4.361897,0.0083
282,4.355576,0.0084
283,4.348863,0.0084
284,4.342757,0.0084
285,4.336939,0.0084
286,4.331274,0.0084
287,4.325071,0.0084
288,4.319460,0.0084
289,4.313616,0.0084
290,4.308243,0.0084
291,4.302932,0.0084
292,4.297489,0.0084
293,4.291815,0.0084
294,4.286185,0.0084
295,4.280911,0.0084
296,4.276948,0.0084
297,4.272045,0.0084
298,4.266587,0.0084
299,4.261543,0.0084
300,4.255883,0.0085
301,4.249579,0.0084
302,4.246113,0.0084
303,4.241384,0.0084
304,4.236723,0.0084
305,4.231093,0.0084
306,4.225431,0.0084
307,4.219118,0.0084
308,4.214199,0.0084
309,4.209215,0.0084
310,4.204732,0.0084
311,4.199521,0.0084
312,4.192995,0.0084
313,4.186868,0.0084
314,4.182079,0.0084
315,4.177674,0.0084
316,4.172592,0.0084
317,4.166829,0.0084
318,4.161708,0.0085
319,4.156720,0.0084
320,4.152238,0.0084
321,4.147448,0.0084
322,4.142526,0.0085
323,4.137796,0.0085
324,4.133497,0.0084
325,4.128623,0.0084
326,4.124954,0.0085
327,4.118584,0.0085
328,4.113409,0.0084
329,4.107096,0.0085
330,4.103125,0.0085
331,4.099022,0.0085
332,4.093245,0.0085
333,4.086688,0.0085
334,4.081998,0.0085
335,4.076653,0.0085
336,4.072591,0.0085
337,4.066688,0.0085
338,4.061436,0.0085
339,4.055286,0.0085
340,4.050888,0.0085
341,4.044546,0.0085
342,4.040463,0.0085
343,4.035387,0.0085
344,4.030434,0.0085
345,4.024024,0.0085
346,4.019198,0.0092
347,4.013824,0.0086
348,4.009414,0.0085
349,4.003513,0.0086
350,3.997498,0.0085
351,3.992427,0.0085
352,3.986706,0.0085
353,3.981919,0.0086
354,3.976488,0.0085
355,3.971334,0.0085
356,3.965655,0.0086
357,3.960388,0.0086
358,3.955235,0.0086
359,3.949589,0.0086
360,3.944456,0.0086
361,3.939405,0.0086
362,3.934859,0.0086
363,3.929831,0.0086
364,3.923712,0.0086
365,3.918518,0.0086
366,3.911928,0.0086
367,3.906545,0.0086
368,3.901200,0.0086
369,3.895773,0.0086
370,3.890046,0.0086
371,3.885277,0.0086
372,3.880305,0.0086
373,3.875067,0.0086
374,3.869603,0.0086
375,3.864858,0.0086
376,3.860587,0.0086
377,3.856037,0.0086
378,3.850817,0.0086
379,3.846205,0.0086
380,3.840420,0.0086
381,3.838028,0.0086
382,3.832011,0.0086
383,3.827572,0.0087
384,3.822518,0.0087
385,3.817822,0.0087
386,3.813129,0.0087
387,3.808556,0.0087
388,3.803334,0.0087
389,3.797709,0.0087
390,3.792652,0.0087
391,3.786471,0.0087
392,3.780049,0.0087
393,3.775193,0.0087
394,3.769779,0.0087
395,3.764878,0.0088
396,3.757900,0.0087
397,3.752998,0.0087
398,3.746590,0.0087
399,3.742594,0.0088
400,3.735902,0.0088
401,3.730779,0.0088
402,3.726281,0.0085
403,3.720623,0.0083
404,3.715568,0.0083
405,3.709002,0.0083
406,3.704308,0.0083
407,3.698179,0.0083
408,3.692595,0.0083
409,3.688301,0.0083
410,3.681677,0.0082
411,3.676302,0.0082
412,3.670831,0.0082
413,3.664043,0.0082
414,3.659671,0.0082
415,3.655912,0.0082
416,3.648821,0.0082
417,3.644267,0.0082
418,3.638487,0.0082
419,3.632805,0.0082
420,3.627473,0.0082
421,3.622131,0.0082
422,3.616930,0.0082
423,3.613325,0.0083
424,3.608813,0.0082
425,3.602369,0.0083
426,3.596543,0.0083
427,3.590632,0.0083
428,3.587180,0.0083
429,3.582848,0.0083
430,3.577871,0.0083
431,3.571997,0.0083
432,3.567264,0.0083
433,3.561576,0.0083
434,3.556088,0.0083
435,3.551071,0.0084
436,3.546575,0.0083
437,3.540610,0.0084
438,3.535487,0.0084
439,3.530008,0.0084
440,3.524564,0.0084
441,3.518184,0.0084
442,3.513625,0.0084
443,3.509742,0.0084
444,3.504949,0.0084
445,3.500271,0.0084
446,3.493886,0.0084
447,3.489058,0.0084
448,3.482850,0.0084
449,3.478370,0.0085
450,3.472323,0.0085
451,3.466876,0.0085
452,3.462401,0.0085
453,3.456783,0.0085
454,3.451288,0.0085
455,3.445915,0.0085
456,3.440938,0.0085
457,3.437357,0.0085
458,3.431852,0.0085
459,3.425983,0.0085
460,3.421316,0.0085
461,3.417029,0.0085
462,3.412700,0.0085
463,3.407732,0.0085
464,3.403951,0.0085
465,3.400553,0.0086
466,3.397129,0.0086
467,3.393325,0.0086
468,3.391857,0.0086
469,3.390384,0.0086
470,3.386927,0.0086
471,3.383840,0.0086
472,3.378750,0.0086
473,3.372979,0.0086
474,3.365795,0.0086
475,3.358790,0.0086
476,3.353454,0.0086
477,3.347177,0.0086
478,3.342325,0.0086
479,3.335599,0.0086
480,3.329925,0.0086
481,3.325015,0.0087
482,3.317793,0.0087
483,3.311935,0.0087
484,3.306916,0.0087
485,3.301387,0.0087
486,3.295213,0.0087
487,3.292177,0.0087
488,3.287760,0.0087
489,3.281232,0.0087
490,3.276160,0.0087
491,3.271420,0.0087
492,3.266755,0.0087
493,3.263119,0.0087
494,3.257484,0.0087
495,3.250325,0.0087
496,3.244263,0.0087
497,3.239346,0.0087
498,3.234813,0.0087
499,3.233446,0.0087
500,3.232598,0.0087
501,3.229023,0.0088
502,3.222008,0.0087
503,3.213026,0.0088
504,3.207907,0.0088
505,3.202226,0.0088
506,3.198990,0.0088
507,3.195544,0.0088
508,3.189124,0.0088
509,3.183917,0.0088
510,3.179585,0.0088
511,3.175206,0.0088
512,3.171536,0.0088
513,3.166394,0.0088
514,3.161369,0.0088
515,3.158130,0.0088
516,3.152326,0.0088
517,3.147396,0.0089
518,3.141927,0.0089
519,3.137404,0.0089
520,3.131556,0.0089
521,3.127755,0.0089
522,3.121907,0.0089
523,3.117674,0.0089
524,3.113362,0.0089
525,3.109011,0.0089
526,3.101919,0.0089
527,3.096509,0.0089
528,3.092263,0.0089
529,3.086936,0.0089
530,3.083201,0.0089
531,3.078982,0.0089
532,3.073334,0.0089
533,3.070488,0.0089
534,3.065091,0.0090
535,3.060851,0.0090
536,3.054896,0.0090
537,3.051682,0.0090
538,3.047583,0.0092
539,3.042684,0.0090
540,3.037611,0.0090
541,3.032752,0.0090
542,3.028191,0.0090
543,3.025317,0.0091
544,3.019537,0.0091
545,3.015288,0.0091
546,3.011449,0.0091
547,3.009224,0.0091
548,3.005709,0.0091
549,3.002708,0.0091
550,2.999377,0.0091
551,2.994198,0.0091
552,2.989789,0.0091
553,2.983922,0.0091
554,2.977705,0.0091
555,2.973485,0.0091
556,2.969361,0.0092
557,2.965477,0.0092
558,2.958938,0.0092
559,2.953965,0.0092
560,2.951359,0.0092
561,2.945918,0.0092
562,2.941736,0.0092
563,2.936744,0.0092
564,2.932191,0.0093
565,2.927495,0.0093
566,2.923798,0.0093
567,2.920652,0.0093
568,2.916257,0.0093
569,2.912414,0.0093
570,2.908198,0.0094
571,2.904316,0.0094
572,2.899360,0.0094
573,2.895273,0.0094
574,2.891388,0.0094
575,2.886566,0.0094
576,2.883270,0.0094
577,2.878015,0.0095
578,2.873452,0.0095
579,2.869461,0.0095
580,2.866149,0.0095
581,2.862535,0.0095
582,2.858006,0.0096
583,2.856140,0.0096
584,2.853973,0.0096
585,2.849710,0.0096
586,2.846173,0.0096
587,2.842359,0.0096
588,2.841594,0.0096
589,2.838340,0.0097
590,2.832808,0.0097
591,2.830138,0.0097
592,2.828316,0.0097
593,2.824027,0.0098
594,2.817872,0.0098
595,2.812998,0.0098
596,2.810838,0.0098
597,2.806576,0.0098
598,2.802011,0.0098
599,2.800264,0.0099
600,2.796847,0.0099
601,2.793180,0.0099
602,2.790135,0.0099
603,2.788509,0.0099
604,2.784019,0.0100
605,2.779775,0.0100
606,2.776753,0.0100
607,2.771574,0.0100
608,2.768301,0.0101
609,2.764954,0.0100
610,2.761388,0.0100
611,2.759500,0.0101
612,2.752811,0.0101
613,2.749345,0.0101
614,2.746503,0.0101
615,2.744328,0.0101
616,2.743842,0.0101
617,2.742272,0.0102
618,2.737240,0.0102
619,2.731815,0.0101
620,2.728539,0.0101
621,2.726652,0.0101
622,2.722915,0.0102
623,2.720139,0.0101
624,2.715177,0.0101
625,2.711404,0.0101
626,2.707820,0.0102
627,2.703284,0.0101
628,2.698803,0.0102
629,2.694659,0.0102
630,2.690610,0.0102
631,2.687221,0.0101
632,2.683974,0.0102
633,2.677985,0.0102
634,2.676425,0.0102
635,2.674297,0.0102
636,2.669863,0.0102
637,2.666106,0.0102
638,2.664290,0.0102
639,2.660158,0.0102
640,2.656996,0.0103
641,2.655549,0.0103
642,2.656008,0.0102
643,2.653551,0.0102
644,2.650090,0.0102
645,2.645499,0.0102
646,2.640903,0.0103
647,2.635459,0.0103
648,2.633218,0.0103
649,2.630853,0.0103
650,2.627104,0.0103
651,2.621023,0.0103
652,2.619696,0.0103
653,2.617008,0.0103
654,2.615029,0.0103
655,2.612048,0.0103
656,2.608245,0.0103
657,2.604675,0.0103
658,2.602993,0.0104
659,2.599067,0.0103
660,2.596258,0.0104
661,2.594460,0.0103
662,2.591850,0.0104
663,2.588628,0.0103
664,2.581465,0.0103
665,2.577595,0.0103
666,2.575632,0.0103
667,2.575169,0.0104
668,2.569218,0.0103
669,2.565887,0.0103
670,2.563980,0.0104
671,2.561358,0.0104
672,2.560414,0.0104
673,2.558966,0.0104
674,2.554186,0.0104
675,2.550280,0.0104
676,2.544501,0.0104
677,2.552337,0.0104
678,2.565171,0.0104
679,2.570577,0.0104
680,2.563573,0.0104
681,2.553970,0.0104
682,2.545731,0.0104
683,2.545600,0.0104
684,2.549711,0.0104
685,2.549879,0.0104
686,2.545098,0.0104
687,2.539994,0.0104
688,2.528307,0.0104
689,2.518299,0.0104
690,2.509755,0.0104
691,2.503781,0.0104
692,2.499885,0.0104
693,2.497096,0.0105
694,2.493734,0.0104
695,2.490179,0.0104
696,2.487123,0.0104
697,2.487266,0.0104
698,2.488657,0.0104
699,2.487028,0.0104
700,2.483446,0.0104
701,2.478669,0.0104
702,2.475665,0.0105
703,2.472170,0.0105
704,2.467108,0.0105
705,2.462912,0.0105
706,2.457266,0.0105
707,2.453268,0.0105
708,2.449017,0.0105
709,2.447125,0.0105
710,2.446487,0.0106
711,2.446145,0.0106
712,2.442075,0.0106
713,2.439414,0.0106
714,2.433565,0.0107
715,2.427828,0.0107
716,2.425022,0.0108
717,2.421590,0.0108
718,2.418090,0.0109
719,2.418602,0.0108
720,2.414953,0.0109
721,2.411506,0.0109
722,2.409469,0.0110
723,2.404253,0.0110
724,2.400841,0.0110
725,2.395242,0.0111
726,2.394936,0.0111
727,2.392455,0.0111
728,2.391737,0.0112
729,2.391943,0.0113
730,2.389279,0.0112
731,2.388621,0.0114
732,2.382534,0.0113
733,2.376580,0.0114
734,2.374407,0.0114
735,2.373739,0.0115
736,2.370549,0.0115
737,2.367664,0.0116
738,2.365799,0.0116
739,2.360531,0.0117
740,2.354488,0.0117
741,2.351828,0.0119
742,2.354312,0.0118
743,2.350418,0.0119
744,2.347773,0.0119
745,2.341623,0.0119
746,2.339721,0.0121
747,2.340216,0.0121
748,2.334590,0.0121
749,2.332025,0.0123
750,2.329162,0.0123
751,2.325659,0.0124
752,2.322144,0.0124
753,2.319944,0.0124
754,2.315145,0.0125
755,2.309851,0.0125
756,2.308616,0.0127
757,2.305268,0.0127
758,2.304123,0.0129
759,2.299364,0.0128
760,2.295974,0.0128
761,2.289700,0.0128
762,2.287176,0.0129
763,2.282388,0.0129
764,2.276881,0.0130
765,2.274455,0.0131
766,2.270224,0.0131
767,2.269673,0.0133
768,2.265033,0.0132
769,2.261063,0.0133
770,2.260880,0.0133
771,2.258454,0.0135
772,2.255212,0.0134
773,2.251446,0.0135
774,2.248400,0.0134
775,2.247440,0.0135
776,2.243029,0.0135
777,2.238661,0.0136
778,2.246813,0.0137
779,2.251739,0.0137
780,2.247002,0.0137
781,2.238304,0.0137
782,2.235948,0.0138
783,2.234536,0.0137
784,2.231192,0.0137
785,2.224741,0.0138
786,2.225904,0.0138
787,2.225539,0.0138
788,2.225526,0.0138
789,2.217938,0.0138
790,2.216369,0.0139
791,2.209957,0.0139
792,2.209898,0.0140
793,2.209137,0.0140
794,2.202790,0.0142
795,2.195833,0.0141
796,2.192514,0.0144
797,2.191082,0.0143
798,2.185982,0.0144
799,2.182607,0.0147
800,2.176250,0.0146
801,2.178267,0.0149
802,2.175538,0.0148
803,2.171866,0.0149
804,2.169678,0.0152
805,2.163504,0.0151
806,2.161731,0.0152
807,2.155468,0.0153
808,2.155931,0.0153
809,2.147801,0.0155
810,2.146314,0.0156
811,2.143291,0.0159
812,2.140383,0.0158
813,2.134320,0.0160
814,2.134075,0.0161
815,2.130141,0.0162
816,2.130726,0.0163
817,2.124353,0.0165
818,2.118579,0.0166
819,2.116301,0.0170
820,2.116295,0.0169
821,2.114331,0.0170
822,2.112457,0.0172
823,2.106716,0.0176
824,2.105655,0.0174
825,2.106477,0.0176
826,2.103602,0.0178
827,2.102829,0.0180
828,2.100502,0.0181
829,2.101433,0.0183
830,2.100112,0.0188
831,2.089280,0.0187
832,2.088490,0.0188
833,2.083898,0.0191
834,2.082582,0.0192
835,2.078168,0.0198
836,2.070202,0.0197
837,2.071604,0.0199
838,2.058650,0.0201
839,2.058503,0.0203
840,2.054428,0.0205
841,2.045881,0.0208
842,2.046566,0.0210
843,2.042349,0.0213
844,2.039753,0.0215
845,2.041289,0.0218
846,2.039890,0.0221
847,2.034957,0.0224
848,2.031877,0.0227
849,2.036961,0.0229
850,2.036289,0.0232
851,2.034596,0.0235
852,2.030321,0.0238
853,2.030556,0.0245
854,2.027062,0.0243
855,2.027454,0.0247
856,2.023383,0.0249
857,2.020690,0.0253
858,2.020165,0.0255
859,2.016342,0.0258
860,2.009170,0.0260
861,2.006001,0.0264
862,2.002018,0.0266
863,1.997297,0.0269
864,1.993822,0.0272
865,1.989100,0.0280
866,1.981491,0.0282
867,1.984567,0.0286
868,1.986889,0.0282
869,1.987189,0.0285
870,1.984359,0.0293
871,1.975459,0.0290
872,1.969558,0.0298
873,1.961891,0.0301
874,1.961200,0.0299
875,1.956375,0.0300
876,1.957625,0.0303
877,1.951673,0.0307
878,1.949567,0.0308
879,1.942653,0.0317
880,1.944755,0.0314
881,1.941471,0.0317
882,1.930840,0.0320
883,1.927910,0.0322
884,1.927701,0.0331
885,1.920467,0.0331
886,1.916716,0.0329
887,1.915897,0.0339
888,1.904328,0.0334
889,1.898992,0.0337
890,1.893568,0.0342
891,1.891165,0.0345
892,1.886357,0.0349
893,1.888420,0.0351
894,1.882390,0.0355
895,1.878942,0.0364
896,1.870623,0.0362
897,1.869748,0.0374
898,1.872429,0.0370
899,1.868919,0.0381
900,1.859023,0.0378
901,1.855651,0.0384
902,1.860545,0.0384
903,1.863211,0.0398
904,1.872842,0.0394
905,1.866463,0.0404
906,1.860371,0.0401
907,1.856595,0.0404
908,1.851642,0.0407
909,1.837652,0.0411
910,1.841085,0.0423
911,1.832104,0.0418
912,1.831575,0.0424
913,1.833805,0.0428
914,1.829076,0.0431
915,1.832018,0.0447
916,1.830483,0.0441
917,1.825770,0.0445
918,1.822376,0.0447
919,1.820276,0.0462
920,1.825338,0.0464
921,1.821614,0.0471
922,1.818501,0.0466
923,1.805976,0.0479
924,1.805727,0.0482
925,1.794194,0.0484
926,1.791686,0.0480
927,1.790973,0.0481
928,1.785987,0.0489
929,1.784380,0.0492
930,1.794197,0.0506
931,1.791173,0.0500
932,1.794480,0.0500
933,1.795215,0.0507
934,1.810297,0.0509
935,1.804130,0.0510
936,1.808165,0.0517
937,1.803531,0.0520
938,1.810148,0.0531
939,1.807449,0.0534
940,1.802108,0.0528
941,1.799367,0.0528
942,1.795956,0.0534
943,1.795486,0.0545
944,1.795864,0.0540
945,1.798553,0.0551
946,1.797387,0.0540
947,1.800264,0.0547
948,1.798957,0.0564
949,1.799253,0.0560
950,1.793719,0.0555
951,1.777521,0.0558
952,1.777228,0.0573
953,1.774159,0.0563
954,1.774525,0.0560
955,1.770879,0.0576
956,1.775420,0.0571
957,1.775235,0.0568
958,1.761340,0.0588
959,1.748026,0.0588
960,1.742484,0.0571
961,1.737436,0.0578
962,1.745974,0.0572
963,1.746862,0.0580
964,1.761171,0.0580
965,1.759393,0.0594
966,1.768408,0.0589
967,1.774406,0.0582
968,1.776521,0.0578
969,1.774491,0.0585
970,1.771502,0.0580
971,1.774838,0.0587
972,1.754470,0.0587
973,1.756088,0.0583
974,1.749529,0.0586
975,1.737863,0.0585
976,1.731960,0.0586
977,1.713500,0.0609
978,1.713218,0.0587
979,1.706580,0.0595
980,1.698100,0.0600
981,1.695225,0.0586
982,1.708017,0.0587
983,1.710875,0.0593
984,1.711160,0.0584
985,1.714770,0.0593
986,1.711161,0.0583
987,1.699944,0.0572
988,1.689899,0.0567
989,1.685843,0.0557
990,1.688126,0.0555
991,1.680593,0.0552
992,1.687058,0.0532
993,1.685675,0.0545
994,1.690225,0.0527
995,1.688897,0.0522
996,1.677776,0.0515
997,1.677046,0.0496
998,1.666553,0.0497
999,1.664334,0.0489
1000,1.659342,0.0477
1001,1.652687,0.0483
1002,1.657782,0.0484
1003,1.658243,0.0477
1004,1.648717,0.0489
1005,1.640136,0.0481
1006,1.641036,0.0492
1007,1.628257,0.0506
1008,1.620469,0.0497
1009,1.614192,0.0500
1010,1.614052,0.0492
1011,1.610332,0.0503
1012,1.616874,0.0495
1013,1.619627,0.0497
1014,1.622817,0.0496
1015,1.627161,0.0496
1016,1.620901,0.0500
1017,1.622731,0.0495
1018,1.615081,0.0480
1019,1.614821,0.0485
1020,1.605827,0.0480
1021,1.601489,0.0488
1022,1.599032,0.0466
1023,1.598994,0.0463
1024,1.589316,0.0470
1025,1.587517,0.0468
1026,1.587145,0.0469
1027,1.591837,0.0465
1028,1.596954,0.0455
1029,1.600303,0.0463
1030,1.599993,0.0466
1031,1.595317,0.0462
1032,1.603370,0.0461
1033,1.593493,0.0462
1034,1.591134,0.0462
1035,1.585204,0.0462
1036,1.583031,0.0463
1037,1.569918,0.0452
1038,1.563929,0.0453
1039,1.555467,0.0463
1040,1.551911,0.0464
1041,1.554207,0.0465
1042,1.556083,0.0462
1043,1.555457,0.0470
1044,1.557410,0.0472
1045,1.541758,0.0468
1046,1.537557,0.0488
1047,1.531179,0.0480
1048,1.525563,0.0482
1049,1.523758,0.0500
1050,1.517435,0.0494
1051,1.513201,0.0498
1052,1.511372,0.0494
1053,1.512275,0.0495
1054,1.511618,0.0501
1055,1.511273,0.0512
1056,1.520002,0.0501
1057,1.518034,0.0496
1058,1.510586,0.0503
1059,1.509734,0.0489
1060,1.509989,0.0490
1061,1.511948,0.0479
1062,1.511767,0.0487
1063,1.510530,0.0489
1064,1.503681,0.0493
1065,1.500798,0.0498
1066,1.496681,0.0490
1067,1.499485,0.0500
1068,1.497836,0.0499
1069,1.500116,0.0501
1070,1.501545,0.0505
1071,1.503315,0.0496
1072,1.516783,0.0522
1073,1.522466,0.0509
1074,1.533908,0.0510
1075,1.531584,0.0516
1076,1.527953,0.0510
1077,1.513840,0.0503
1078,1.512630,0.0503
1079,1.503112,0.0518
1080,1.498821,0.0512
1081,1.495366,0.0520
1082,1.496073,0.0509
1083,1.496561,0.0510
1084,1.501220,0.0512
1085,1.508603,0.0524
1086,1.507677,0.0520
1087,1.520423,0.0516
1088,1.522928,0.0518
1089,1.532916,0.0538
1090,1.532984,0.0535
1091,1.519305,0.0537
1092,1.504319,0.0539
1093,1.493486,0.0544
1094,1.480363,0.0541
1095,1.472684,0.0543
1096,1.471031,0.0548
1097,1.468334,0.0530
1098,1.464855,0.0534
1099,1.462085,0.0548
1100,1.474949,0.0534
1101,1.465916,0.0550
1102,1.458488,0.0551
1103,1.444139,0.0551
1104,1.443765,0.0565
1105,1.440351,0.0534
1106,1.441468,0.0534
1107,1.443829,0.0536
1108,1.437331,0.0546
1109,1.432564,0.0554
1110,1.434862,0.0549
1111,1.440232,0.0548
1112,1.442314,0.0536
1113,1.455149,0.0536
1114,1.457204,0.0537
1115,1.462460,0.0537
1116,1.457634,0.0561
1117,1.447584,0.0548
1118,1.447325,0.0547
1119,1.451224,0.0568
1120,1.448706,0.0571
1121,1.444221,0.0569
1122,1.442707,0.0590
1123,1.441955,0.0584
1124,1.445665,0.0607
1125,1.445160,0.0601
1126,1.432455,0.0608
1127,1.424943,0.0630
1128,1.423311,0.0621
1129,1.424601,0.0640
1130,1.425144,0.0643
1131,1.422864,0.0630
1132,1.418557,0.0635
1133,1.415238,0.0639
1134,1.401816,0.0646
1135,1.395924,0.0662
1136,1.399770,0.0649
1137,1.397283,0.0657
1138,1.397710,0.0660
1139,1.396819,0.0667
1140,1.393308,0.0667
1141,1.392235,0.0688
1142,1.389693,0.0691
1143,1.386275,0.0694
1144,1.384326,0.0681
1145,1.380404,0.0700
1146,1.382585,0.0685
1147,1.381981,0.0706
1148,1.378891,0.0692
1149,1.376424,0.0695
1150,1.370786,0.0700
1151,1.367100,0.0719
1152,1.351784,0.0718
1153,1.348309,0.0718
1154,1.342788,0.0718
1155,1.345224,0.0718
1156,1.346633,0.0702
1157,1.340006,0.0703
1158,1.344078,0.0702
1159,1.352217,0.0702
1160,1.362058,0.0702
1161,1.357013,0.0703
1162,1.352873,0.0719
1163,1.353720,0.0719
1164,1.362859,0.0719
1165,1.366632,0.0701
1166,1.363362,0.0701
1167,1.346495,0.0701
1168,1.335872,0.0700
1169,1.329806,0.0702
1170,1.335794,0.0703
1171,1.334950,0.0703
1172,1.343608,0.0702
1173,1.345127,0.0704
1174,1.334039,0.0703
1175,1.319810,0.0703
1176,1.314895,0.0703
1177,1.315408,0.0702
1178,1.316940,0.0720
1179,1.323174,0.0719
1180,1.325966,0.0719
1181,1.318354,0.0701
1182,1.329565,0.0703
1183,1.358288,0.0703
1184,1.372400,0.0703
1185,1.375319,0.0704
1186,1.364589,0.0708
1187,1.351468,0.0720
1188,1.348857,0.0720
1189,1.341210,0.0701
1190,1.339248,0.0702
1191,1.330754,0.0703
1192,1.333068,0.0704
1193,1.350611,0.0704
1194,1.353062,0.0703
1195,1.361305,0.0703
1196,1.352417,0.0704
1197,1.341535,0.0703
1198,1.340930,0.0703
1199,1.335981,0.0702
1200,1.340535,0.0702
1201,1.332987,0.0713
1202,1.324975,0.0703
1203,1.319672,0.0704
1204,1.320816,0.0702
1205,1.325628,0.0702
1206,1.323139,0.0702
1207,1.329285,0.0705
1208,1.332455,0.0721
1209,1.330733,0.0721
1210,1.330191,0.0721
1211,1.323154,0.0720
1212,1.322569,0.0705
1213,1.314833,0.0704
1214,1.304137,0.0704
1215,1.298736,0.0705
1216,1.291845,0.0705
1217,1.292848,0.0707
1218,1.290580,0.0706
1219,1.302648,0.0704
1220,1.302968,0.0706
1221,1.305420,0.0704
1222,1.291820,0.0705
1223,1.282527,0.0705
1224,1.280600,0.0705
1225,1.278500,0.0712
1226,1.281116,0.0705
1227,1.274680,0.0707
1228,1.267150,0.0705
1229,1.264686,0.0705
1230,1.255473,0.0717
1231,1.259696,0.0707
1232,1.266018,0.0709
1233,1.262835,0.0716
1234,1.265222,0.0716
1235,1.268328,0.0719
1236,1.272001,0.0743
1237,1.276714,0.0729
1238,1.275921,0.0754
1239,1.274056,0.0755
1240,1.273417,0.0740
1241,1.272960,0.0748
1242,1.276276,0.0751
1243,1.283265,0.0757
1244,1.289447,0.0774
1245,1.283104,0.0775
1246,1.276068,0.0775
1247,1.266628,0.0778
1248,1.268383,0.0775
1249,1.268600,0.0752
1250,1.267291,0.0758
1251,1.264565,0.0756
1252,1.261524,0.0758
1253,1.263121,0.0757
1254,1.257311,0.0759
1255,1.261059,0.0754
1256,1.263097,0.0759
1257,1.264877,0.0755
1258,1.264295,0.0756
1259,1.257204,0.0760
1260,1.250843,0.0765
1261,1.247608,0.0761
1262,1.240347,0.0764
1263,1.229887,0.0758
1264,1.231945,0.0776
1265,1.224381,0.0768
1266,1.224004,0.0764
1267,1.219474,0.0765
1268,1.219207,0.0770
1269,1.215245,0.0760
1270,1.220102,0.0768
1271,1.214585,0.0760
1272,1.207820,0.0761
1273,1.212283,0.0777
1274,1.216750,0.0777
1275,1.211804,0.0772
1276,1.209193,0.0761
1277,1.204289,0.0784
1278,1.198279,0.0786
1279,1.193413,0.0815
1280,1.192577,0.0814
1281,1.186176,0.0802
1282,1.196253,0.0791
1283,1.199753,0.0788
1284,1.202837,0.0792
1285,1.212010,0.0801
1286,1.211443,0.0799
1287,1.215066,0.0808
1288,1.215227,0.0797
1289,1.213866,0.0800
1290,1.214724,0.0800
1291,1.212643,0.0805
1292,1.224017,0.0804
1293,1.222309,0.0807
1294,1.216429,0.0806
1295,1.211138,0.0791
1296,1.214028,0.0806
1297,1.219326,0.0794
1298,1.220864,0.0772
1299,1.217613,0.0799
1300,1.214811,0.0786
1301,1.209924,0.0773
1302,1.202219,0.0785
1303,1.194460,0.0787
1304,1.191149,0.0776
1305,1.185250,0.0781
1306,1.188117,0.0764
1307,1.198782,0.0764
1308,1.209955,0.0775
1309,1.215042,0.0764
1310,1.217362,0.0778
1311,1.221659,0.0759
1312,1.210004,0.0784
1313,1.203089,0.0776
1314,1.190028,0.0758
1315,1.182919,0.0774
1316,1.179064,0.0775
1317,1.179684,0.0769
1318,1.176764,0.0774
1319,1.181658,0.0785
1320,1.184328,0.0767
1321,1.183211,0.0766
1322,1.171002,0.0780
1323,1.175894,0.0782
1324,1.179292,0.0764
1325,1.175149,0.0783
1326,1.174122,0.0768
1327,1.162201,0.0779
1328,1.151905,0.0776
1329,1.154351,0.0791
1330,1.160590,0.0782
1331,1.171027,0.0779
1332,1.175605,0.0801
1333,1.183419,0.0782
1334,1.171491,0.0787
1335,1.161599,0.0787
1336,1.153444,0.0795
1337,1.160576,0.0784
1338,1.171789,0.0770
1339,1.182447,0.0761
1340,1.191679,0.0768
1341,1.196522,0.0776
1342,1.186042,0.0783
1343,1.163786,0.0796
1344,1.146953,0.0803
1345,1.148512,0.0796
1346,1.145656,0.0794
1347,1.159860,0.0806
1348,1.173520,0.0804
1349,1.176727,0.0806
1350,1.175191,0.0802
1351,1.167497,0.0806
1352,1.160645,0.0792
1353,1.150707,0.0802
1354,1.146167,0.0808
1355,1.142735,0.0792
1356,1.147229,0.0786
1357,1.151997,0.0800
1358,1.154635,0.0800
1359,1.154776,0.0795
1360,1.151392,0.0791
1361,1.148262,0.0791
1362,1.149564,0.0807
1363,1.147261,0.0798
1364,1.139082,0.0779
1365,1.143005,0.0797
1366,1.142837,0.0792
1367,1.152646,0.0780
1368,1.162385,0.0786
1369,1.166932,0.0781
1370,1.166918,0.0793
1371,1.153360,0.0795
1372,1.144473,0.0778
1373,1.146806,0.0776
1374,1.148836,0.0786
1375,1.151655,0.0775
1376,1.150092,0.0787
1377,1.139206,0.0796
1378,1.147274,0.0777
1379,1.152818,0.0795
1380,1.153827,0.0794
1381,1.153329,0.0779
1382,1.163154,0.0811
1383,1.163367,0.0798
1384,1.170217,0.0815
1385,1.167530,0.0793
1386,1.163243,0.0759
1387,1.156319,0.0811
1388,1.148767,0.0789
1389,1.147969,0.0812
1390,1.148009,0.0810
1391,1.143105,0.0809
1392,1.146256,0.0800
1393,1.135368,0.0800
1394,1.125791,0.0803
1395,1.127095,0.0814
1396,1.132865,0.0799
1397,1.135960,0.0800
1398,1.136523,0.0816
1399,1.140491,0.0816
1400,1.142617,0.0816
1401,1.144494,0.0805
1402,1.137503,0.0796
1403,1.142214,0.0815
1404,1.144325,0.0814
1405,1.143865,0.0811
1406,1.129086,0.0801
1407,1.130403,0.0817
1408,1.124029,0.0814
1409,1.126655,0.0792
1410,1.128863,0.0814
1411,1.123615,0.0812
1412,1.121260,0.0800
1413,1.128637,0.0790
1414,1.133109,0.0803
1415,1.129604,0.0811
1416,1.123698,0.0810
1417,1.126520,0.0799
1418,1.128636,0.0811
1419,1.132546,0.0802
1420,1.128011,0.0784
1421,1.119455,0.0814
1422,1.115217,0.0810
1423,1.106433,0.0791
1424,1.105750,0.0799
1425,1.104609,0.0812
1426,1.101606,0.0791
1427,1.103296,0.0800
1428,1.104486,0.0814
1429,1.106970,0.0799
1430,1.106804,0.0800
1431,1.104588,0.0802
1432,1.106850,0.0814
1433,1.103197,0.0814
1434,1.098435,0.0798
1435,1.096504,0.0817
1436,1.097132,0.0802
1437,1.088608,0.0803
1438,1.089488,0.0792
1439,1.088913,0.0785
1440,1.082693,0.0800
1441,1.074629,0.0781
1442,1.081050,0.0794
1443,1.087127,0.0808
1444,1.087862,0.0803
1445,1.086900,0.0815
1446,1.087778,0.0818
1447,1.090698,0.0794
1448,1.090618,0.0814
1449,1.092511,0.0795
1450,1.089515,0.0816
1451,1.085082,0.0810
1452,1.083655,0.0814
1453,1.081311,0.0821
1454,1.083737,0.0808
1455,1.089287,0.0818
1456,1.093351,0.0821
1457,1.088455,0.0794
1458,1.084281,0.0806
1459,1.081704,0.0794
1460,1.072823,0.0788
1461,1.070853,0.0809
1462,1.071972,0.0791
1463,1.072662,0.0806
1464,1.084756,0.0804
1465,1.088062,0.0815
1466,1.093294,0.0800
1467,1.097875,0.0800
1468,1.097963,0.0802
1469,1.097227,0.0816
1470,1.089752,0.0805
1471,1.086273,0.0807
1472,1.083671,0.0824
1473,1.073359,0.0809
1474,1.075541,0.0819
1475,1.074955,0.0818
1476,1.074810,0.0823
1477,1.078617,0.0806
1478,1.084640,0.0807
1479,1.085694,0.0812
1480,1.078916,0.0814
1481,1.077051,0.0815
1482,1.072199,0.0815
1483,1.064356,0.0813
1484,1.063497,0.0830
1485,1.063520,0.0818
1486,1.067333,0.0817
1487,1.071015,0.0818
1488,1.079719,0.0819
1489,1.088441,0.0817
1490,1.096093,0.0832
1491,1.097127,0.0820
1492,1.091841,0.0833
1493,1.084314,0.0818
1494,1.080475,0.0817
1495,1.069332,0.0820
1496,1.069046,0.0820
1497,1.070492,0.0820
1498,1.076514,0.0816
1499,1.067045,0.0819
1500,1.061788,0.0819
1501,1.060007,0.0820
1502,1.069372,0.0821
1503,1.072588,0.0822
1504,1.075214,0.0820
1505,1.069773,0.0819
1506,1.065515,0.0822
1507,1.066132,0.0818
1508,1.065447,0.0822
1509,1.064666,0.0821
1510,1.063733,0.0823
1511,1.063309,0.0839
1512,1.068597,0.0836
1513,1.070979,0.0825
1514,1.078775,0.0821
1515,1.079400,0.0821
1516,1.079728,0.0823
1517,1.080804,0.0839
1518,1.081862,0.0837
1519,1.079985,0.0822
1520,1.080207,0.0825
1521,1.082468,0.0823
1522,1.080135,0.0838
1523,1.079707,0.0822
1524,1.082739,0.0821
1525,1.079584,0.0824
1526,1.071794,0.0839
1527,1.062472,0.0822
1528,1.057375,0.0822
1529,1.054194,0.0837
1530,1.051101,0.0824
1531,1.047618,0.0826
1532,1.044472,0.0823
1533,1.036360,0.0825
1534,1.035988,0.0840
1535,1.045345,0.0839
1536,1.045636,0.0825
1537,1.047291,0.0843
1538,1.041778,0.0838
1539,1.038603,0.0824
1540,1.050331,0.0828
1541,1.060324,0.0829
1542,1.066386,0.0836
1543,1.068580,0.0828
1544,1.050192,0.0840
1545,1.034266,0.0825
1546,1.028003,0.0828
1547,1.031626,0.0827
1548,1.035241,0.0841
1549,1.033961,0.0826
1550,1.030245,0.0825
1551,1.028181,0.0828
1552,1.037298,0.0823
1553,1.036896,0.0841
1554,1.033886,0.0834
1555,1.032325,0.0826
1556,1.038898,0.0827
1557,1.042493,0.0826
1558,1.044732,0.0840
1559,1.042295,0.0841
1560,1.042800,0.0827
1561,1.046880,0.0832
1562,1.050160,0.0821
1563,1.056948,0.0827
1564,1.054707,0.0822
1565,1.054974,0.0840
1566,1.052067,0.0840
1567,1.043613,0.0841
1568,1.043605,0.0826
1569,1.038016,0.0823
1570,1.028681,0.0824
1571,1.020884,0.0840
1572,1.017989,0.0823
1573,1.019105,0.0823
1574,1.023074,0.0825
1575,1.026958,0.0824
1576,1.032404,0.0827
1577,1.039148,0.0825
1578,1.047541,0.0824
1579,1.047174,0.0826
1580,1.047656,0.0828
1581,1.044387,0.0826
1582,1.043531,0.0829
1583,1.038621,0.0843
1584,1.038051,0.0827
1585,1.030144,0.0827
1586,1.020936,0.0842
1587,1.018161,0.0837
1588,1.017716,0.0827
1589,1.015293,0.0828
1590,1.018285,0.0837
1591,1.022802,0.0827
1592,1.022664,0.0824
1593,1.016455,0.0828
1594,1.012249,0.0842
1595,1.001991,0.0828
1596,0.993120,0.0828
1597,0.998270,0.0842
1598,1.003569,0.0829
1599,0.998996,0.0831
1600,0.992075,0.0828
1601,0.991515,0.0826
1602,0.996538,0.0824
1603,1.003984,0.0823
1604,1.008983,0.0843
1605,1.006798,0.0827
1606,1.004327,0.0827
1607,1.004920,0.0829
1608,1.011512,0.0823
1609,1.024667,0.0823
1610,1.027388,0.0844
1611,1.023334,0.0823
1612,1.019923,0.0825
1613,1.016186,0.0841
1614,1.026395,0.0824
1615,1.029686,0.0839
1616,1.027887,0.0826
1617,1.024467,0.0837
1618,1.021274,0.0827
1619,1.018837,0.0820
1620,1.011543,0.0827
1621,1.015841,0.0829
1622,1.027790,0.0824
1623,1.025240,0.0837
1624,1.021655,0.0837
1625,1.013681,0.0821
1626,1.013836,0.0819
1627,1.016047,0.0825
1628,1.020873,0.0823
1629,1.029110,0.0823
1630,1.036413,0.0839
1631,1.037612,0.0826
1632,1.034236,0.0827
1633,1.028304,0.0837
1634,1.021581,0.0838
1635,1.012659,0.0821
1636,1.008388,0.0826
1637,1.002282,0.0828
1638,1.009820,0.0833
1639,1.022519,0.0823
1640,1.029438,0.0836
1641,1.029558,0.0824
1642,1.019394,0.0820
1643,1.019366,0.0831
1644,1.021410,0.0832
1645,1.030369,0.0824
1646,1.037143,0.0828
1647,1.040768,0.0826
1648,1.034068,0.0837
1649,1.028055,0.0841
1650,1.025099,0.0827
1651,1.027401,0.0818
1652,1.031113,0.0837
1653,1.028851,0.0828
1654,1.033147,0.0832
1655,1.030174,0.0827
1656,1.025541,0.0830
1657,1.026454,0.0837
1658,1.024735,0.0837
1659,1.032196,0.0826
1660,1.038401,0.0827
1661,1.039541,0.0827
1662,1.035672,0.0825
1663,1.032749,0.0836
1664,1.026073,0.0835
1665,1.016986,0.0826
1666,1.024271,0.0835
1667,1.022676,0.0828
1668,1.022698,0.0826
1669,1.008688,0.0837
1670,1.002769,0.0826
1671,0.989385,0.0821
1672,0.982627,0.0833
1673,0.979614,0.0829
1674,0.986078,0.0827
1675,0.986789,0.0815
1676,0.983721,0.0836
1677,0.991155,0.0833
1678,0.997384,0.0837
1679,1.005773,0.0829
1680,1.005239,0.0837
1681,1.000896,0.0829
1682,0.989606,0.0840
1683,0.984997,0.0831
1684,0.985908,0.0833
1685,0.990429,0.0837
1686,0.992511,0.0822
1687,0.998961,0.0829
1688,1.011577,0.0827
1689,1.014609,0.0821
1690,1.016581,0.0832
1691,1.009090,0.0827
1692,1.000956,0.0822
1693,0.987885,0.0828
1694,0.984378,0.0833
1695,0.976595,0.0841
1696,0.968582,0.0840
1697,0.966818,0.0829
1698,0.973137,0.0829
1699,0.983180,0.0841
1700,0.983115,0.0842
1701,0.985793,0.0835
1702,0.987068,0.0831
1703,0.980641,0.0830
1704,0.971215,0.0835
1705,0.960357,0.0830
1706,0.956296,0.0824
1707,0.955519,0.0834
1708,0.964421,0.0829
1709,0.966217,0.0822
1710,0.961965,0.0840
1711,0.953592,0.0838
1712,0.953923,0.0832
1713,0.959245,0.0839
1714,0.964454,0.0824
1715,0.968005,0.0822
1716,0.962514,0.0817
1717,0.959256,0.0815
1718,0.956046,0.0839
1719,0.959547,0.0823
1720,0.960970,0.0836
1721,0.969791,0.0831
1722,0.976286,0.0829
1723,0.977536,0.0839
1724,0.975562,0.0823
1725,0.965148,0.0821
1726,0.959935,0.0839
1727,0.946774,0.0820
1728,0.936042,0.0835
1729,0.934129,0.0822
1730,0.940104,0.0830
1731,0.951249,0.0820
1732,0.956740,0.0829
1733,0.947931,0.0832
1734,0.941972,0.0838
1735,0.940660,0.0838
1736,0.948061,0.0835
1737,0.950429,0.0835
1738,0.954138,0.0835
1739,0.962881,0.0826
1740,0.963898,0.0825
1741,0.961809,0.0827
1742,0.955693,0.0829
1743,0.954481,0.0836
1744,0.947385,0.0835
1745,0.937042,0.0834
1746,0.939179,0.0835
1747,0.944302,0.0835
1748,0.943657,0.0836
1749,0.945075,0.0827
1750,0.944892,0.0828
1751,0.949321,0.0828
1752,0.951714,0.0819
1753,0.942687,0.0828
1754,0.946654,0.0824
1755,0.952912,0.0813
1756,0.960028,0.0817
1757,0.960630,0.0827
1758,0.953126,0.0826
1759,0.952861,0.0824
1760,0.954857,0.0835
1761,0.952651,0.0819
1762,0.953937,0.0825
1763,0.950973,0.0826
1764,0.954108,0.0834
1765,0.952789,0.0826
1766,0.951755,0.0822
1767,0.948629,0.0826
1768,0.944594,0.0823
1769,0.946185,0.0833
1770,0.950847,0.0824
1771,0.946989,0.0827
1772,0.946954,0.0830
1773,0.937336,0.0823
1774,0.933359,0.0814
1775,0.931261,0.0814
1776,0.934457,0.0819
1777,0.938551,0.0834
1778,0.944802,0.0826
1779,0.942712,0.0826
1780,0.954123,0.0840
1781,0.962469,0.0821
1782,0.972909,0.0834
1783,0.974673,0.0836
1784,0.969142,0.0816
1785,0.966508,0.0827
1786,0.963003,0.0811
1787,0.954515,0.0820
1788,0.951060,0.0829
1789,0.951939,0.0834
1790,0.942060,0.0835
1791,0.935748,0.0814
1792,0.935602,0.0824
1793,0.931881,0.0821
1794,0.933149,0.0828
1795,0.934216,0.0816
1796,0.937583,0.0815
1797,0.947387,0.0813
1798,0.954764,0.0820
1799,0.953943,0.0822
1800,0.949069,0.0817
1801,0.942581,0.0819
1802,0.933073,0.0821
1803,0.929350,0.0820
1804,0.921539,0.0820
1805,0.913918,0.0812
1806,0.916752,0.0832
1807,0.913637,0.0831
1808,0.912254,0.0818
1809,0.914832,0.0803
1810,0.926500,0.0817
1811,0.930907,0.0815
1812,0.934497,0.0819
1813,0.932070,0.0822
1814,0.928882,0.0824
1815,0.927108,0.0818
1816,0.917155,0.0831
1817,0.919244,0.0831
1818,0.915728,0.0825
1819,0.917031,0.0830
1820,0.913086,0.0819
1821,0.913160,0.0824
1822,0.917370,0.0819
1823,0.922508,0.0816
1824,0.922369,0.0830
1825,0.924910,0.0818
1826,0.926105,0.0830
1827,0.920218,0.0820
1828,0.916461,0.0820
1829,0.914816,0.0819
1830,0.915664,0.0810
1831,0.917150,0.0819
1832,0.913139,0.0829
1833,0.907869,0.0820
1834,0.904958,0.0824
1835,0.898363,0.0810
1836,0.902410,0.0824
1837,0.910685,0.0826
1838,0.915120,0.0824
1839,0.919174,0.0825
1840,0.921195,0.0822
1841,0.921939,0.0816
1842,0.919238,0.0824
1843,0.920956,0.0823
1844,0.918285,0.0816
1845,0.913902,0.0823
1846,0.903786,0.0827
1847,0.904264,0.0820
1848,0.904467,0.0820
1849,0.902798,0.0819
1850,0.899062,0.0830
1851,0.899820,0.0823
1852,0.898122,0.0826
1853,0.901896,0.0821
1854,0.898526,0.0831
1855,0.898865,0.0827
1856,0.897442,0.0822
1857,0.906541,0.0827
1858,0.909091,0.0818
1859,0.907059,0.0827
1860,0.899199,0.0821
1861,0.895463,0.0827
1862,0.894188,0.0821
1863,0.896197,0.0825
1864,0.903829,0.0818
1865,0.907989,0.0830
1866,0.901312,0.0818
1867,0.899597,0.0819
1868,0.892723,0.0817
1869,0.890721,0.0821
1870,0.887963,0.0832
1871,0.882068,0.0831
1872,0.888799,0.0815
1873,0.891467,0.0823
1874,0.895293,0.0819
1875,0.895742,0.0830
1876,0.895882,0.0856
1877,0.896822,0.0825
1878,0.891943,0.0831
1879,0.889810,0.0826
1880,0.896662,0.0826
1881,0.914886,0.0825
1882,0.920028,0.0851
1883,0.918809,0.0848
1884,0.916717,0.0846
1885,0.914451,0.0830
1886,0.911219,0.0847
1887,0.908947,0.0836
1888,0.905463,0.0846
1889,0.900952,0.0850
1890,0.895181,0.0847
1891,0.897638,0.0834
1892,0.902300,0.0850
1893,0.901251,0.0832
1894,0.909640,0.0850
1895,0.910425,0.0839
1896,0.910236,0.0837
1897,0.904995,0.0844
1898,0.907608,0.0848
1899,0.904750,0.0848
1900,0.895144,0.0833
1901,0.886567,0.0849
1902,0.887404,0.0851
1903,0.887482,0.0846
1904,0.894777,0.0837
1905,0.899821,0.0842
1906,0.908938,0.0842
1907,0.914237,0.0848
1908,0.905354,0.0849
1909,0.908211,0.0852
1910,0.902536,0.0848
1911,0.904127,0.0856
1912,0.901294,0.0846
1913,0.901069,0.0856
1914,0.903539,0.0844
1915,0.901183,0.0849
1916,0.892601,0.0839
1917,0.899469,0.0825
1918,0.904875,0.0840
1919,0.911775,0.0830
1920,0.912984,0.0837
1921,0.920738,0.0827
1922,0.917103,0.0828
1923,0.922498,0.0839
1924,0.927673,0.0839
1925,0.923725,0.0840
1926,0.927250,0.0835
1927,0.920480,0.0843
1928,0.916895,0.0826
1929,0.913027,0.0846
1930,0.917370,0.0852
1931,0.928189,0.0832
1932,0.935413,0.0824
1933,0.955697,0.0852
1934,0.964679,0.0854
1935,0.959876,0.0849
1936,0.954181,0.0841
1937,0.947400,0.0841
1938,0.935300,0.0846
1939,0.923122,0.0839
1940,0.910588,0.0844
1941,0.915219,0.0831
1942,0.906423,0.0853
1943,0.908397,0.0855
1944,0.916893,0.0841
1945,0.920574,0.0855
1946,0.913873,0.0847
1947,0.911527,0.0848
1948,0.904645,0.0845
1949,0.902768,0.0851
1950,0.898650,0.0833
1951,0.900138,0.0854
1952,0.906507,0.0865
1953,0.910600,0.0852
1954,0.913886,0.0867
1955,0.917906,0.0860
1956,0.917511,0.0842
1957,0.911022,0.0848
1958,0.913529,0.0855
1959,0.918639,0.0855
1960,0.925406,0.0839
1961,0.925104,0.0858
1962,0.920104,0.0858
1963,0.912392,0.0837
1964,0.906464,0.0849
1965,0.905871,0.0842
1966,0.907718,0.0851
1967,0.907135,0.0867
1968,0.910587,0.0843
1969,0.910031,0.0841
1970,0.903081,0.0839
1971,0.893331,0.0854
1972,0.896132,0.0831
1973,0.896187,0.0860
1974,0.899235,0.0847
1975,0.892827,0.0854
1976,0.887706,0.0835
1977,0.886872,0.0850
1978,0.887620,0.0868
1979,0.884457,0.0856
1980,0.877714,0.0845
1981,0.881441,0.0854
1982,0.887034,0.0846
1983,0.888268,0.0843
1984,0.889086,0.0837
1985,0.887677,0.0848
1986,0.890105,0.0845
1987,0.886957,0.0845
1988,0.888536,0.0850
1989,0.890616,0.0850
1990,0.887170,0.0834
1991,0.884434,0.0850
1992,0.882742,0.0833
1993,0.886307,0.0853
1994,0.891500,0.0851
1995,0.894012,0.0843
1996,0.892183,0.0837
1997,0.890672,0.0834
1998,0.890194,0.0834
1999,0.885447,0.0843
2000,0.886568,0.0851
2001,0.888644,0.0840
2002,0.888411,0.0842
2003,0.879444,0.0844
2004,0.876477,0.0848
2005,0.871823,0.0855
2006,0.874497,0.0838
2007,0.875088,0.0845
2008,0.873627,0.0848
2009,0.873456,0.0882
2010,0.876464,0.0877
2011,0.878141,0.0889
2012,0.874613,0.0865
2013,0.874191,0.0856
2014,0.881516,0.0874
2015,0.877773,0.0858
2016,0.886688,0.0862
2017,0.890261,0.0864
2018,0.894990,0.0871
2019,0.894230,0.0881
2020,0.901459,0.0881
2021,0.905361,0.0878
2022,0.912835,0.0874
2023,0.917359,0.0855
2024,0.923551,0.0864
2025,0.919952,0.0881
2026,0.910956,0.0876
2027,0.917609,0.0873
2028,0.910930,0.0849
2029,0.901973,0.0857
2030,0.896288,0.0861
2031,0.886840,0.0839
2032,0.880643,0.0855
2033,0.884179,0.0837
2034,0.890784,0.0871
2035,0.889770,0.0857
2036,0.893506,0.0842
2037,0.887257,0.0850
2038,0.886247,0.0835
2039,0.884709,0.0844
2040,0.880245,0.0844
2041,0.870895,0.0852
2042,0.870761,0.0874
2043,0.871308,0.0855
2044,0.876102,0.0852
2045,0.871303,0.0853
2046,0.867514,0.0848
2047,0.864096,0.0870
2048,0.865397,0.0840
2049,0.868249,0.0858
2050,0.862716,0.0866
2051,0.860228,0.0867
2052,0.849580,0.0867
2053,0.846052,0.0855
2054,0.849493,0.0857
2055,0.852709,0.0864
2056,0.851412,0.0856
2057,0.852104,0.0847
2058,0.853088,0.0832
2059,0.853423,0.0866
2060,0.855085,0.0839
2061,0.852336,0.0844
2062,0.853455,0.0848
2063,0.856506,0.0853
2064,0.865404,0.0843
2065,0.869497,0.0838
2066,0.872832,0.0858
2067,0.877652,0.0862
2068,0.878367,0.0842
2069,0.877689,0.0862
2070,0.875202,0.0847
2071,0.875501,0.0871
2072,0.870499,0.0858
2073,0.865753,0.0846
2074,0.856705,0.0852
2075,0.856963,0.0862
2076,0.860230,0.0857
2077,0.867548,0.0844
2078,0.871632,0.0851
2079,0.870551,0.0864
2080,0.870024,0.0846
2081,0.871563,0.0848
2082,0.876223,0.0858
2083,0.875966,0.0859
2084,0.876968,0.0843
2085,0.876306,0.0849
2086,0.873237,0.0857
2087,0.869325,0.0859
2088,0.859405,0.0865
2089,0.858241,0.0845
2090,0.865278,0.0858
2091,0.862374,0.0855
2092,0.863164,0.0859
2093,0.858047,0.0852
2094,0.858792,0.0866
2095,0.861521,0.0856
2096,0.868143,0.0852
2097,0.864536,0.0855
2098,0.863288,0.0862
2099,0.858076,0.0838
2100,0.853893,0.0871
2101,0.852462,0.0843
2102,0.847154,0.0848
2103,0.843932,0.0853
2104,0.848084,0.0836
2105,0.849735,0.0849
2106,0.846513,0.0841
2107,0.849665,0.0857
2108,0.859410,0.0846
2109,0.868324,0.0834
2110,0.873943,0.0846
2111,0.874625,0.0837
2112,0.880740,0.0833
2113,0.883954,0.0856
2114,0.885931,0.0855
2115,0.878011,0.0850
2116,0.872345,0.0837
2117,0.864869,0.0832
2118,0.860450,0.0849
2119,0.863232,0.0843
2120,0.861582,0.0844
2121,0.857562,0.0835
2122,0.849002,0.0843
2123,0.843365,0.0855
2124,0.842374,0.0836
2125,0.836868,0.0849
2126,0.835611,0.0837
2127,0.836044,0.0844
2128,0.842283,0.0848
2129,0.847054,0.0841
2130,0.853730,0.0846
2131,0.849422,0.0850
2132,0.849509,0.0838
2133,0.849804,0.0832
2134,0.849754,0.0835
2135,0.849037,0.0844
2136,0.846943,0.0862
2137,0.842290,0.0858
2138,0.841558,0.0851
2139,0.841681,0.0836
2140,0.846810,0.0843
2141,0.851183,0.0841
2142,0.847935,0.0835
2143,0.844934,0.0865
2144,0.848475,0.0878
2145,0.848304,0.0851
2146,0.847941,0.0854
2147,0.845254,0.0860
2148,0.844345,0.0865
2149,0.849451,0.0871
2150,0.855815,0.0838
2151,0.849691,0.0859
2152,0.843205,0.0836
2153,0.839234,0.0836
2154,0.834050,0.0847
2155,0.831378,0.0866
2156,0.833718,0.0852
2157,0.832640,0.0860
2158,0.827791,0.0862
2159,0.826015,0.0859
2160,0.824655,0.0845
2161,0.824203,0.0870
2162,0.819681,0.0858
2163,0.819772,0.0841
2164,0.821290,0.0850
2165,0.821186,0.0865
2166,0.816245,0.0851
2167,0.811174,0.0837
2168,0.810159,0.0847
2169,0.806930,0.0845
2170,0.803561,0.0859
2171,0.803983,0.0862
2172,0.803513,0.0855
2173,0.809111,0.0854
2174,0.807757,0.0853
2175,0.804459,0.0852
2176,0.798193,0.0854
2177,0.794809,0.0850
2178,0.792673,0.0858
2179,0.794334,0.0834
2180,0.805946,0.0855
2181,0.816493,0.0858
2182,0.829381,0.0839
2183,0.837134,0.0858
2184,0.840243,0.0828
2185,0.848620,0.0858
2186,0.850958,0.0834
2187,0.856619,0.0846
2188,0.854022,0.0836
2189,0.852147,0.0853
2190,0.857903,0.0858
2191,0.866528,0.0858
2192,0.866730,0.0843
2193,0.859228,0.0847
2194,0.851172,0.0848
2195,0.847588,0.0866
2196,0.844354,0.0837
2197,0.847341,0.0848
2198,0.849972,0.0832
2199,0.854734,0.0835
2200,0.852762,0.0831
2201,0.850520,0.0834
2202,0.844405,0.0841
2203,0.837676,0.0854
2204,0.834796,0.0850
2205,0.831838,0.0847
2206,0.829054,0.0846
2207,0.832459,0.0840
2208,0.829945,0.0846
2209,0.830848,0.0829
2210,0.835670,0.0833
2211,0.840700,0.0856
2212,0.842255,0.0849
2213,0.845481,0.0857
2214,0.846384,0.0838
2215,0.845291,0.0839
2216,0.850057,0.0863
2217,0.858422,0.0857
2218,0.859600,0.0862
2219,0.854518,0.0850
2220,0.852859,0.0838
2221,0.848570,0.0853
2222,0.844949,0.0853
2223,0.849934,0.0840
2224,0.847941,0.0856
2225,0.847940,0.0846
2226,0.850077,0.0853
2227,0.848339,0.0853
2228,0.842025,0.0837
2229,0.835071,0.0846
2230,0.836366,0.0844
2231,0.837940,0.0838
2232,0.834711,0.0835
2233,0.834656,0.0844
2234,0.831788,0.0858
2235,0.830183,0.0837
2236,0.832158,0.0846
2237,0.832731,0.0850
2238,0.830790,0.0859
2239,0.826012,0.0854
2240,0.825974,0.0828
2241,0.827866,0.0835
2242,0.829666,0.0836
2243,0.833381,0.0859
2244,0.829827,0.0835
2245,0.825759,0.0854
2246,0.823839,0.0844
2247,0.827735,0.0850
2248,0.829704,0.0848
2249,0.828618,0.0851
2250,0.819513,0.0841
2251,0.816911,0.0845
2252,0.817041,0.0853
2253,0.814989,0.0843
2254,0.817969,0.0856
2255,0.822626,0.0844
2256,0.825338,0.0827
2257,0.824422,0.0831
2258,0.822241,0.0840
2259,0.824574,0.0834
2260,0.824049,0.0854
2261,0.825277,0.0845
2262,0.830058,0.0844
2263,0.838483,0.0837
2264,0.838637,0.0848
2265,0.829070,0.0835
2266,0.828166,0.0852
2267,0.825122,0.0846
2268,0.821307,0.0841
2269,0.816553,0.0856
2270,0.815684,0.0844
2271,0.813117,0.0850
2272,0.815971,0.0843
2273,0.813380,0.0851
2274,0.812283,0.0847
2275,0.807292,0.0844
2276,0.800227,0.0844
2277,0.796503,0.0829
2278,0.795739,0.0845
2279,0.797284,0.0842
2280,0.798361,0.0846
2281,0.795487,0.0840
2282,0.796903,0.0831
2283,0.796254,0.0850
2284,0.796691,0.0842
2285,0.797850,0.0835
2286,0.791641,0.0848
2287,0.788648,0.0842
2288,0.786610,0.0847
2289,0.788696,0.0826
2290,0.787623,0.0838
2291,0.794564,0.0843
2292,0.796628,0.0838
2293,0.797136,0.0839
2294,0.803104,0.0838
2295,0.808139,0.0850
2296,0.813220,0.0826
2297,0.805784,0.0847
2298,0.800897,0.0848
2299,0.797884,0.0844
2300,0.798980,0.0849
2301,0.797980,0.0847
2302,0.801506,0.0846
2303,0.802303,0.0845
2304,0.798686,0.0846
2305,0.795827,0.0839
2306,0.795314,0.0844
2307,0.791306,0.0848
2308,0.795312,0.0847
2309,0.801192,0.0835
2310,0.802908,0.0845
2311,0.797982,0.0850
2312,0.795528,0.0830
2313,0.802454,0.0841
2314,0.813108,0.0849
2315,0.818129,0.0846
2316,0.820459,0.0846
2317,0.820604,0.0845
2318,0.817930,0.0838
2319,0.813645,0.0870
2320,0.810213,0.0858
2321,0.803046,0.0860
2322,0.797608,0.0857
2323,0.797790,0.0843
2324,0.797963,0.0845
2325,0.799574,0.0869
2326,0.803859,0.0868
2327,0.803271,0.0859
2328,0.804927,0.0856
2329,0.803452,0.0851
2330,0.794038,0.0860
2331,0.788787,0.0865
2332,0.781133,0.0853
2333,0.778076,0.0858
2334,0.777693,0.0857
2335,0.785823,0.0844
2336,0.792077,0.0863
2337,0.790870,0.0855
2338,0.789293,0.0861
2339,0.786343,0.0852
2340,0.787971,0.0855
2341,0.789542,0.0854
2342,0.788615,0.0859
2343,0.787617,0.0856
2344,0.781058,0.0863
2345,0.777307,0.0860
2346,0.777362,0.0860
2347,0.775605,0.0866
2348,0.775597,0.0866
2349,0.773391,0.0857
2350,0.774062,0.0860
2351,0.777535,0.0843
2352,0.778777,0.0851
2353,0.777358,0.0859
2354,0.775899,0.0867
2355,0.776312,0.0862
2356,0.775771,0.0858
2357,0.775802,0.0859
2358,0.775743,0.0857
2359,0.770069,0.0855
2360,0.764152,0.0852
2361,0.763999,0.0857
2362,0.768791,0.0862
2363,0.780927,0.0858
2364,0.788893,0.0854
2365,0.796231,0.0862
2366,0.796269,0.0857
2367,0.795195,0.0863
2368,0.796084,0.0850
2369,0.792840,0.0859
2370,0.792582,0.0857
2371,0.791940,0.0843
2372,0.796781,0.0856
2373,0.799751,0.0838
2374,0.798781,0.0855
2375,0.792930,0.0836
2376,0.793297,0.0855
2377,0.790955,0.0849
2378,0.786148,0.0852
2379,0.781122,0.0857
2380,0.777321,0.0852
2381,0.775057,0.0842
2382,0.776954,0.0842
2383,0.775875,0.0834
2384,0.773298,0.0845
2385,0.775797,0.0850
2386,0.774104,0.0849
2387,0.773845,0.0841
2388,0.774555,0.0851
2389,0.774491,0.0850
2390,0.775482,0.0849
2391,0.776305,0.0847
2392,0.773274,0.0853
2393,0.767885,0.0841
2394,0.764684,0.0857
2395,0.771194,0.0823
2396,0.783678,0.0822
2397,0.783849,0.0830
2398,0.785929,0.0851
2399,0.781335,0.0846
2400,0.773647,0.0825
2401,0.777306,0.0846
2402,0.775944,0.0852
2403,0.772912,0.0835
2404,0.771112,0.0850
2405,0.775146,0.0829
2406,0.775563,0.0857
2407,0.776563,0.0835
2408,0.771589,0.0837
2409,0.775990,0.0847
2410,0.777436,0.0853
2411,0.788714,0.0841
2412,0.802855,0.0858
2413,0.818474,0.0867
2414,0.824068,0.0860
2415,0.825862,0.0855
2416,0.820134,0.0856
2417,0.820016,0.0864
2418,0.815718,0.0856
2419,0.806789,0.0859
2420,0.807288,0.0846
2421,0.808436,0.0859
2422,0.798676,0.0843
2423,0.785429,0.0848
2424,0.787047,0.0850
2425,0.786363,0.0849
2426,0.784824,0.0837
2427,0.783055,0.0851
2428,0.781130,0.0840
2429,0.780257,0.0848
2430,0.780731,0.0850
2431,0.785597,0.0826
2432,0.788030,0.0850
2433,0.795252,0.0842
2434,0.794012,0.0858
2435,0.789369,0.0832
2436,0.784827,0.0851
2437,0.775902,0.0848
2438,0.776575,0.0840
2439,0.770935,0.0835
2440,0.771983,0.0842
2441,0.770436,0.0850
2442,0.774005,0.0851
2443,0.784201,0.0849
2444,0.791057,0.0850
2445,0.798141,0.0830
2446,0.800028,0.0850
2447,0.814692,0.0859
2448,0.799027,0.0834
2449,0.791653,0.0837
2450,0.778058,0.0830
2451,0.773291,0.0860
2452,0.763588,0.0859
2453,0.768268,0.0852
2454,0.774931,0.0825
2455,0.769043,0.0851
2456,0.769879,0.0841
2457,0.767525,0.0853
2458,0.765600,0.0837
2459,0.769118,0.0838
2460,0.767043,0.0828
2461,0.770882,0.0853
2462,0.775569,0.0861
2463,0.772031,0.0852
2464,0.771248,0.0852
2465,0.774528,0.0851
2466,0.775687,0.0851
2467,0.771376,0.0852
2468,0.771701,0.0838
2469,0.766578,0.0852
2470,0.781236,0.0841
2471,0.786042,0.0831
2472,0.786414,0.0851
2473,0.783456,0.0851
2474,0.780595,0.0850
2475,0.771366,0.0825
2476,0.766149,0.0856
2477,0.760821,0.0856
2478,0.758509,0.0854
2479,0.753561,0.0848
2480,0.755257,0.0854
2481,0.757869,0.0832
2482,0.758231,0.0827
2483,0.755512,0.0853
2484,0.757933,0.0853
2485,0.757638,0.0862
2486,0.753153,0.0850
2487,0.754598,0.0847
2488,0.753763,0.0852
2489,0.757891,0.0844
2490,0.755873,0.0853
2491,0.751555,0.0849
2492,0.746164,0.0851
2493,0.750521,0.0845
2494,0.748297,0.0846
2495,0.748883,0.0854
2496,0.749276,0.0846
2497,0.746942,0.0849
2498,0.749891,0.0858
2499,0.754367,0.0858
2500,0.756161,0.0860
2501,0.765112,0.0838
2502,0.766758,0.0848
2503,0.765582,0.0851
2504,0.763974,0.0841
2505,0.759378,0.0852
2506,0.755273,0.0841
2507,0.755415,0.0852
2508,0.752718,0.0855
2509,0.754395,0.0854
2510,0.756983,0.0862
2511,0.759984,0.0853
2512,0.758600,0.0847
2513,0.750499,0.0846
2514,0.746626,0.0844
2515,0.749576,0.0846
2516,0.760316,0.0849
2517,0.770549,0.0846
2518,0.782849,0.0844
2519,0.787647,0.0857
2520,0.785721,0.0844
2521,0.785626,0.0857
2522,0.782358,0.0864
2523,0.779597,0.0846
2524,0.780011,0.0850
2525,0.775871,0.0855
2526,0.778787,0.0847
2527,0.786595,0.0837
2528,0.786083,0.0825
2529,0.780638,0.0820
2530,0.775993,0.0843
2531,0.773351,0.0845
2532,0.772436,0.0842
2533,0.774984,0.0835
2534,0.777307,0.0833
2535,0.780983,0.0845
2536,0.777042,0.0847
2537,0.781009,0.0841
2538,0.793354,0.0834
2539,0.804129,0.0821
2540,0.805026,0.0840
2541,0.801809,0.0833
2542,0.797527,0.0845
2543,0.795938,0.0836
2544,0.785538,0.0837
2545,0.793998,0.0818
2546,0.802016,0.0835
2547,0.808345,0.0844
2548,0.806785,0.0837
2549,0.811373,0.0836
2550,0.810968,0.0831
2551,0.810552,0.0836
2552,0.809835,0.0840
2553,0.801401,0.0840
2554,0.797621,0.0843
2555,0.792447,0.0838
2556,0.796284,0.0837
2557,0.791527,0.0840
2558,0.793200,0.0841
2559,0.790012,0.0820
2560,0.781699,0.0834
2561,0.773625,0.0835
2562,0.773927,0.0835
2563,0.778246,0.0834
2564,0.782122,0.0831
2565,0.779912,0.0825
2566,0.780209,0.0841
2567,0.779297,0.0844
2568,0.780760,0.0825
2569,0.777662,0.0834
2570,0.782949,0.0834
2571,0.782543,0.0835
2572,0.779732,0.0843
2573,0.777786,0.0837
2574,0.775424,0.0825
2575,0.771481,0.0835
2576,0.770139,0.0835
2577,0.771249,0.0838
2578,0.768061,0.0836
2579,0.765507,0.0823
2580,0.761130,0.0835
2581,0.769216,0.0829
2582,0.767171,0.0825
2583,0.763038,0.0823
2584,0.759250,0.0854
2585,0.758214,0.0851
2586,0.759745,0.0855
2587,0.761940,0.0852
2588,0.763836,0.0848
2589,0.757617,0.0853
2590,0.753285,0.0853
2591,0.757737,0.0846
2592,0.756234,0.0858
2593,0.755945,0.0860
2594,0.753884,0.0849
2595,0.751159,0.0848
2596,0.750413,0.0850
2597,0.753152,0.0847
2598,0.757585,0.0850
2599,0.762633,0.0854
2600,0.763415,0.0842
2601,0.760336,0.0832
2602,0.772616,0.0833
2603,0.783657,0.0828
2604,0.788114,0.0841
2605,0.783736,0.0834
2606,0.779338,0.0822
2607,0.780419,0.0836
2608,0.777322,0.0826
2609,0.770508,0.0833
2610,0.771061,0.0826
2611,0.769726,0.0832
2612,0.769987,0.0833
2613,0.772767,0.0830
2614,0.768805,0.0832
2615,0.764468,0.0836
2616,0.760921,0.0844
2617,0.763069,0.0834
2618,0.760816,0.0839
2619,0.765864,0.0821
2620,0.776535,0.0832
2621,0.779427,0.0825
2622,0.773779,0.0841
2623,0.775667,0.0835
2624,0.770381,0.0836
2625,0.769794,0.0837
2626,0.776958,0.0838
2627,0.788109,0.0833
2628,0.792050,0.0833
2629,0.790595,0.0825
2630,0.786975,0.0843
2631,0.785091,0.0837
2632,0.781269,0.0833
2633,0.780022,0.0822
2634,0.780110,0.0834
2635,0.778364,0.0833
2636,0.772452,0.0834
2637,0.771175,0.0831
2638,0.767661,0.0826
2639,0.768928,0.0831
2640,0.768946,0.0833
2641,0.763838,0.0832
2642,0.758636,0.0820
2643,0.760868,0.0832
2644,0.769764,0.0837
2645,0.776911,0.0841
2646,0.778578,0.0830
2647,0.777275,0.0838
2648,0.773329,0.0823
2649,0.768698,0.0832
2650,0.763401,0.0837
2651,0.758999,0.0843
2652,0.753858,0.0831
2653,0.748985,0.0836
2654,0.749489,0.0832
2655,0.748558,0.0832
2656,0.747459,0.0831
2657,0.748387,0.0828
2658,0.756349,0.0830
2659,0.761214,0.0829
2660,0.759012,0.0832
2661,0.758753,0.0828
2662,0.762818,0.0840
2663,0.761752,0.0840
2664,0.761560,0.0827
2665,0.763788,0.0843
2666,0.761314,0.0838
2667,0.758094,0.0841
2668,0.754067,0.0833
2669,0.752682,0.0831
2670,0.749748,0.0832
2671,0.747177,0.0828
2672,0.745954,0.0829
2673,0.745906,0.0830
2674,0.745001,0.0831
2675,0.748740,0.0826
2676,0.750767,0.0836
2677,0.755928,0.0827
2678,0.757662,0.0826
2679,0.758590,0.0833
2680,0.765472,0.0831
2681,0.764844,0.0831
2682,0.762115,0.0834
2683,0.760023,0.0836
2684,0.758453,0.0832
2685,0.756863,0.0830
2686,0.760932,0.0847
2687,0.761897,0.0837
2688,0.761879,0.0823
2689,0.761013,0.0819
2690,0.755604,0.0828
2691,0.749830,0.0826
2692,0.751348,0.0846
2693,0.752267,0.0829
2694,0.746467,0.0839
2695,0.744701,0.0837
2696,0.742076,0.0829
2697,0.743399,0.0818
2698,0.744287,0.0832
2699,0.746081,0.0822
2700,0.745298,0.0830
2701,0.743733,0.0836
2702,0.747325,0.0835
2703,0.743874,0.0832
2704,0.738934,0.0839
2705,0.734607,0.0831
2706,0.742563,0.0821
2707,0.744439,0.0827
2708,0.745582,0.0827
2709,0.740772,0.0836
2710,0.737663,0.0817
2711,0.737429,0.0828
2712,0.735084,0.0831
2713,0.735486,0.0829
2714,0.735547,0.0828
2715,0.735189,0.0832
2716,0.732271,0.0819
2717,0.732252,0.0821
2718,0.737252,0.0835
2719,0.743683,0.0826
2720,0.744280,0.0836
2721,0.745364,0.0837
2722,0.738573,0.0829
2723,0.734179,0.0820
2724,0.738590,0.0829
2725,0.739176,0.0831
2726,0.740812,0.0828
2727,0.743466,0.0826
2728,0.744490,0.0838
2729,0.740099,0.0828
2730,0.734906,0.0828
2731,0.736776,0.0828
2732,0.737247,0.0830
2733,0.733412,0.0832
2734,0.731447,0.0832
2735,0.727052,0.0828
2736,0.720673,0.0830
2737,0.716261,0.0839
2738,0.717704,0.0830
2739,0.717199,0.0833
2740,0.718225,0.0831
2741,0.717936,0.0823
2742,0.719005,0.0831
2743,0.722492,0.0826
2744,0.726270,0.0833
2745,0.729396,0.0831
2746,0.726449,0.0818
2747,0.723051,0.0822
2748,0.719995,0.0828
2749,0.721281,0.0818
2750,0.716413,0.0828
2751,0.712674,0.0834
2752,0.709204,0.0837
2753,0.720934,0.0848
2754,0.731859,0.0843
2755,0.738643,0.0851
2756,0.736256,0.0848
2757,0.734668,0.0848
2758,0.731368,0.0851
2759,0.728277,0.0853
2760,0.725005,0.0835
2761,0.718893,0.0843
2762,0.722012,0.0841
2763,0.724013,0.0852
2764,0.725853,0.0839
2765,0.718955,0.0839
2766,0.715740,0.0849
2767,0.716238,0.0835
2768,0.715100,0.0835
2769,0.717020,0.0829
2770,0.721002,0.0836
2771,0.724162,0.0827
2772,0.725365,0.0834
2773,0.724965,0.0835
2774,0.727020,0.0827
2775,0.731150,0.0836
2776,0.732600,0.0827
2777,0.733912,0.0835
2778,0.730415,0.0829
2779,0.725246,0.0828
2780,0.727519,0.0830
2781,0.731022,0.0827
2782,0.731047,0.0829
2783,0.728365,0.0828
2784,0.724281,0.0832
2785,0.720560,0.0833
2786,0.725427,0.0833
2787,0.729078,0.0834
2788,0.727606,0.0837
2789,0.725688,0.0828
2790,0.723022,0.0831
2791,0.724302,0.0832
2792,0.731643,0.0833
2793,0.732017,0.0840
2794,0.731060,0.0837
2795,0.731006,0.0827
2796,0.727185,0.0838
2797,0.728215,0.0838
2798,0.722910,0.0838
2799,0.713890,0.0836
2800,0.713253,0.0837
2801,0.720373,0.0832
2802,0.727103,0.0838
2803,0.727689,0.0836
2804,0.728629,0.0831
2805,0.724197,0.0836
2806,0.721409,0.0835
2807,0.719278,0.0836
2808,0.715101,0.0838
2809,0.712913,0.0833
2810,0.711501,0.0836
2811,0.708444,0.0838
2812,0.709304,0.0838
2813,0.715773,0.0842
2814,0.723553,0.0834
2815,0.725702,0.0837
2816,0.718447,0.0841
2817,0.718471,0.0835
2818,0.716494,0.0832
2819,0.719457,0.0830
2820,0.726941,0.0833
2821,0.731697,0.0835
2822,0.730098,0.0834
2823,0.725730,0.0837
2824,0.721854,0.0835
2825,0.724372,0.0842
2826,0.727402,0.0820
2827,0.730458,0.0837
2828,0.729026,0.0833
2829,0.728302,0.0835
2830,0.727359,0.0838
2831,0.728327,0.0835
2832,0.729227,0.0831
2833,0.726921,0.0832
2834,0.730419,0.0840
2835,0.735378,0.0829
2836,0.736713,0.0836
2837,0.733490,0.0838
2838,0.735711,0.0821
2839,0.734964,0.0838
2840,0.735282,0.0829
2841,0.731706,0.0838
2842,0.722330,0.0841
2843,0.726239,0.0832
2844,0.734678,0.0841
2845,0.744936,0.0837
2846,0.761530,0.0834
2847,0.770265,0.0838
2848,0.766730,0.0834
2849,0.764998,0.0839
2850,0.753778,0.0839
2851,0.743425,0.0834
2852,0.739485,0.0838
2853,0.739882,0.0830
2854,0.749760,0.0836
2855,0.750402,0.0836
2856,0.754337,0.0835
2857,0.761780,0.0825
2858,0.761603,0.0833
2859,0.758935,0.0828
2860,0.758713,0.0835
2861,0.754843,0.0839
2862,0.753608,0.0843
2863,0.755769,0.0840
2864,0.757659,0.0824
2865,0.758138,0.0830
2866,0.755165,0.0835
2867,0.753409,0.0832
2868,0.748751,0.0830
2869,0.739300,0.0844
2870,0.728542,0.0845
2871,0.723585,0.0837
2872,0.729784,0.0836
2873,0.728749,0.0825
2874,0.733032,0.0825
2875,0.731130,0.0837
2876,0.727032,0.0826
2877,0.722550,0.0843
2878,0.718772,0.0827
2879,0.714276,0.0838
2880,0.710835,0.0836
2881,0.713762,0.0822
2882,0.719741,0.0824
2883,0.721809,0.0832
2884,0.725153,0.0828
2885,0.727344,0.0839
2886,0.728863,0.0838
2887,0.725396,0.0839
2888,0.723611,0.0840
2889,0.724761,0.0845
2890,0.726363,0.0839
2891,0.729874,0.0829
2892,0.729196,0.0832
2893,0.728185,0.0824
2894,0.727687,0.0826
2895,0.732575,0.0831
2896,0.731818,0.0845
2897,0.730971,0.0839
2898,0.724980,0.0839
2899,0.717070,0.0833
2900,0.714197,0.0837
2901,0.716972,0.0831
2902,0.720273,0.0838
2903,0.734472,0.0838
2904,0.746821,0.0843
2905,0.746878,0.0825
2906,0.748755,0.0823
2907,0.747163,0.0845
2908,0.745448,0.0844
2909,0.747866,0.0839
2910,0.750000,0.0821
2911,0.745441,0.0833
2912,0.743922,0.0822
2913,0.737036,0.0844
2914,0.731418,0.0824
2915,0.727292,0.0819
2916,0.731373,0.0821
2917,0.738397,0.0839
2918,0.738876,0.0825
2919,0.730412,0.0835
2920,0.736961,0.0839
2921,0.737843,0.0839
2922,0.740497,0.0852
2923,0.745307,0.0855
2924,0.742067,0.0851
2925,0.737295,0.0841
2926,0.724941,0.0854
2927,0.725653,0.0854
2928,0.730468,0.0840
2929,0.732286,0.0852
2930,0.727884,0.0839
2931,0.722644,0.0855
2932,0.718802,0.0840
2933,0.717059,0.0852
2934,0.715575,0.0852
2935,0.714906,0.0839
2936,0.715741,0.0850
2937,0.715606,0.0853
2938,0.721201,0.0851
2939,0.720707,0.0841
2940,0.725086,0.0854
2941,0.725698,0.0852
2942,0.727793,0.0843
2943,0.729760,0.0840
2944,0.726332,0.0847
2945,0.719490,0.0841
2946,0.721837,0.0841
2947,0.721762,0.0848
2948,0.722554,0.0832
2949,0.716678,0.0843
2950,0.712968,0.0846
2951,0.708021,0.0827
2952,0.712187,0.0850
2953,0.716357,0.0824
2954,0.717568,0.0841
2955,0.715095,0.0831
2956,0.706407,0.0834
2957,0.712472,0.0842
2958,0.711613,0.0824
2959,0.713517,0.0843
2960,0.718186,0.0838
2961,0.723501,0.0843
2962,0.727088,0.0841
2963,0.728635,0.0843
2964,0.725706,0.0848
2965,0.726616,0.0842
2966,0.730803,0.0843
2967,0.735019,0.0842
2968,0.733753,0.0843
2969,0.728715,0.0831
2970,0.727922,0.0849
2971,0.730853,0.0821
2972,0.734191,0.0845
2973,0.731384,0.0844
2974,0.726448,0.0844
2975,0.720110,0.0849
2976,0.715800,0.0825
2977,0.715042,0.0844
2978,0.716711,0.0844
2979,0.725163,0.0841
2980,0.730476,0.0842
2981,0.726374,0.0827
2982,0.721691,0.0837
2983,0.717812,0.0825
2984,0.723277,0.0843
2985,0.734673,0.0821
2986,0.748386,0.0842
2987,0.748556,0.0830
2988,0.745146,0.0841
2989,0.739524,0.0826
2990,0.732120,0.0828
2991,0.730805,0.0833
2992,0.728362,0.0843
2993,0.730179,0.0845
2994,0.730076,0.0841
2995,0.728118,0.0843
2996,0.729788,0.0840
2997,0.726467,0.0844
2998,0.726229,0.0829
2999,0.731913,0.0829
3000,0.730938,0.0842
3001,0.727157,0.0843
3002,0.721232,0.0828
3003,0.722468,0.0833
3004,0.719583,0.0842
3005,0.720818,0.0843
3006,0.719121,0.0833
3007,0.718906,0.0822
3008,0.717128,0.0821
3009,0.713835,0.0832
3010,0.711896,0.0830
3011,0.707331,0.0833
3012,0.713189,0.0824
3013,0.715408,0.0843
3014,0.715468,0.0841
3015,0.718609,0.0829
3016,0.718943,0.0841
3017,0.721004,0.0833
3018,0.724554,0.0841
3019,0.727238,0.0849
3020,0.732160,0.0850
3021,0.729110,0.0842
3022,0.727308,0.0841
3023,0.727883,0.0834
3024,0.726233,0.0843
3025,0.721035,0.0843
3026,0.714666,0.0822
3027,0.716634,0.0825
3028,0.716320,0.0845
3029,0.720092,0.0843
3030,0.728842,0.0826
3031,0.734860,0.0821
3032,0.736256,0.0841
3033,0.736615,0.0824
3034,0.732473,0.0849
3035,0.730363,0.0823
3036,0.727911,0.0821
3037,0.725462,0.0842
3038,0.724302,0.0842
3039,0.724722,0.0848
3040,0.723000,0.0849
3041,0.720720,0.0843
3042,0.716876,0.0851
3043,0.720838,0.0858
3044,0.726992,0.0835
3045,0.728612,0.0861
3046,0.722522,0.0834
3047,0.714524,0.0854
3048,0.711540,0.0849
3049,0.711406,0.0858
3050,0.712757,0.0856
3051,0.721271,0.0850
3052,0.723724,0.0836
3053,0.725787,0.0843
3054,0.725874,0.0835
3055,0.722420,0.0847
3056,0.717815,0.0852
3057,0.711953,0.0847
3058,0.727160,0.0837
3059,0.737976,0.0855
3060,0.740486,0.0824
3061,0.744299,0.0842
3062,0.744327,0.0841
3063,0.741047,0.0820
3064,0.731962,0.0842
3065,0.725245,0.0816
3066,0.726551,0.0813
3067,0.723741,0.0840
3068,0.728620,0.0848
3069,0.734510,0.0842
3070,0.734545,0.0841
3071,0.732656,0.0816
3072,0.738050,0.0842
3073,0.741537,0.0841
3074,0.737663,0.0825
3075,0.734914,0.0841
3076,0.725199,0.0841
3077,0.723402,0.0824
3078,0.724744,0.0841
3079,0.728531,0.0822
3080,0.725404,0.0847
3081,0.720568,0.0847
3082,0.718838,0.0833
3083,0.717577,0.0839
3084,0.738139,0.0843
3085,0.783213,0.0823
3086,0.824715,0.0820
3087,0.864992,0.0842
3088,0.880629,0.0839
3089,0.882060,0.0823
3090,0.866589,0.0840
3091,0.841439,0.0842
3092,0.828797,0.0830
3093,0.821083,0.0819
3094,0.815211,0.0821
3095,0.805670,0.0846
3096,0.798187,0.0839
3097,0.785803,0.0842
3098,0.775907,0.0821
3099,0.768753,0.0842
3100,0.766156,0.0847
3101,0.761506,0.0816
3102,0.757056,0.0838
3103,0.758987,0.0816
3104,0.759887,0.0841
3105,0.755534,0.0840
3106,0.749453,0.0839
3107,0.746224,0.0829
3108,0.748124,0.0831
3109,0.744111,0.0842
3110,0.739102,0.0844
3111,0.733773,0.0847
3112,0.728328,0.0842
3113,0.716274,0.0822
3114,0.707985,0.0822
3115,0.708237,0.0840
3116,0.705876,0.0828
3117,0.703870,0.0840
3118,0.702632,0.0834
3119,0.701033,0.0842
3120,0.700076,0.0842
3121,0.697844,0.0835
3122,0.693829,0.0847
3123,0.691755,0.0842
3124,0.688742,0.0832
3125,0.693989,0.0843
3126,0.700237,0.0829
3127,0.699050,0.0841
3128,0.706177,0.0840
3129,0.708909,0.0821
3130,0.707256,0.0841
3131,0.702385,0.0816
3132,0.695509,0.0842
3133,0.697356,0.0842
3134,0.698470,0.0816
3135,0.694537,0.0824
3136,0.692397,0.0840
3137,0.697243,0.0821
3138,0.700934,0.0840
3139,0.703884,0.0838
3140,0.704507,0.0840
3141,0.701486,0.0817
3142,0.697458,0.0825
3143,0.694245,0.0842
3144,0.695923,0.0849
3145,0.698846,0.0849
3146,0.698323,0.0839
3147,0.700721,0.0832
3148,0.702165,0.0819
3149,0.703048,0.0823
3150,0.702287,0.0847
3151,0.704263,0.0841
3152,0.706391,0.0818
3153,0.706860,0.0833
3154,0.713061,0.0842
3155,0.704500,0.0829
3156,0.704124,0.0841
3157,0.698839,0.0827
3158,0.697045,0.0827
3159,0.691780,0.0843
3160,0.692213,0.0824
3161,0.691501,0.0849
3162,0.691717,0.0848
3163,0.687370,0.0842
3164,0.687952,0.0815
3165,0.688198,0.0824
3166,0.683430,0.0824
3167,0.682793,0.0820
3168,0.698516,0.0842
3169,0.702429,0.0840
3170,0.709085,0.0812
3171,0.715355,0.0823
3172,0.716738,0.0841
3173,0.715724,0.0843
3174,0.718191,0.0843
3175,0.713127,0.0825
3176,0.708464,0.0843
3177,0.700750,0.0824
3178,0.695624,0.0818
3179,0.691662,0.0818
3180,0.685208,0.0843
3181,0.685836,0.0843
3182,0.687643,0.0842
3183,0.690044,0.0842
3184,0.688593,0.0851
3185,0.696534,0.0844
3186,0.696833,0.0817
3187,0.695703,0.0851
3188,0.700658,0.0818
3189,0.696258,0.0853
3190,0.708585,0.0851
3191,0.715481,0.0824
3192,0.718101,0.0831
3193,0.726142,0.0818
3194,0.734490,0.0844
3195,0.738992,0.0824
3196,0.736492,0.0823
3197,0.734888,0.0815
3198,0.733957,0.0816
3199,0.732759,0.0845
3200,0.731280,0.0833
3201,0.736973,0.0846
3202,0.746759,0.0819
3203,0.750386,0.0846
3204,0.751914,0.0844
3205,0.747228,0.0848
3206,0.742483,0.0837
3207,0.735561,0.0844
3208,0.731793,0.0846
3209,0.727274,0.0851
3210,0.731829,0.0841
3211,0.735160,0.0847
3212,0.733891,0.0844
3213,0.730595,0.0850
3214,0.728240,0.0836
3215,0.719301,0.0847
3216,0.711227,0.0847
3217,0.706842,0.0836
3218,0.704117,0.0843
3219,0.702765,0.0842
3220,0.705663,0.0845
3221,0.705984,0.0848
3222,0.706863,0.0843
3223,0.711518,0.0839
3224,0.711214,0.0843
3225,0.711883,0.0845
3226,0.722822,0.0840
3227,0.732572,0.0835
3228,0.735503,0.0840
3229,0.732863,0.0841
3230,0.732815,0.0831
3231,0.726122,0.0843
3232,0.720076,0.0839
3233,0.714576,0.0844
3234,0.712330,0.0832
3235,0.711927,0.0842
3236,0.710784,0.0841
3237,0.707583,0.0841
3238,0.704951,0.0838
3239,0.703839,0.0838
3240,0.701484,0.0818
3241,0.697420,0.0814
3242,0.695446,0.0826
3243,0.693340,0.0841
3244,0.695430,0.0819
3245,0.692518,0.0848
3246,0.691587,0.0816
3247,0.687977,0.0816
3248,0.699561,0.0839
3249,0.704240,0.0846
3250,0.701925,0.0840
3251,0.700979,0.0849
3252,0.703020,0.0848
3253,0.707272,0.0841
3254,0.709550,0.0843
3255,0.707094,0.0839
3256,0.705041,0.0839
3257,0.706136,0.0828
3258,0.705194,0.0846
3259,0.703334,0.0839
3260,0.699014,0.0842
3261,0.694975,0.0841
3262,0.692587,0.0841
3263,0.699935,0.0841
3264,0.705882,0.0844
3265,0.707979,0.0846
3266,0.706110,0.0847
3267,0.697870,0.0847
3268,0.698031,0.0838
3269,0.696656,0.0849
3270,0.696729,0.0840
3271,0.694831,0.0841
3272,0.696902,0.0846
3273,0.688231,0.0841
3274,0.685915,0.0838
3275,0.689079,0.0842
3276,0.694889,0.0837
3277,0.695709,0.0840
3278,0.693653,0.0841
3279,0.692271,0.0838
3280,0.690319,0.0839
3281,0.690163,0.0827
3282,0.689496,0.0827
3283,0.691018,0.0837
3284,0.688692,0.0839
3285,0.686629,0.0829
3286,0.688317,0.0837
3287,0.688478,0.0838
3288,0.686597,0.0837
3289,0.686087,0.0840
3290,0.684848,0.0847
3291,0.679966,0.0837
3292,0.683739,0.0847
3293,0.687075,0.0836
3294,0.691722,0.0843
3295,0.686855,0.0842
3296,0.688660,0.0848
3297,0.688294,0.0827
3298,0.688329,0.0842
3299,0.682047,0.0841
3300,0.678953,0.0848
3301,0.679829,0.0840
3302,0.679416,0.0842
3303,0.681900,0.0840
3304,0.684080,0.0840
3305,0.688578,0.0827
3306,0.688665,0.0818
3307,0.686731,0.0831
3308,0.682204,0.0842
3309,0.686141,0.0831
3310,0.688578,0.0842
3311,0.688773,0.0823
3312,0.692231,0.0810
3313,0.699273,0.0840
3314,0.708898,0.0835
3315,0.721020,0.0822
3316,0.723364,0.0819
3317,0.743974,0.0844
3318,0.751439,0.0841
3319,0.760626,0.0841
3320,0.755095,0.0806
3321,0.759681,0.0842
3322,0.759830,0.0826
3323,0.766297,0.0850
3324,0.767647,0.0842
3325,0.766248,0.0849
3326,0.763013,0.0825
3327,0.765117,0.0850
3328,0.764862,0.0841
3329,0.766276,0.0812
3330,0.765864,0.0810
3331,0.764906,0.0813
3332,0.762263,0.0851
3333,0.753291,0.0841
3334,0.746785,0.0840
3335,0.740630,0.0808
3336,0.733328,0.0813
3337,0.733519,0.0822
3338,0.725893,0.0842
3339,0.722555,0.0809
3340,0.719702,0.0841
3341,0.714498,0.0841
3342,0.715337,0.0842
3343,0.718132,0.0841
3344,0.715158,0.0841
3345,0.710651,0.0808
3346,0.704238,0.0841
3347,0.702318,0.0849
3348,0.698636,0.0849
3349,0.693738,0.0817
3350,0.693921,0.0816
3351,0.690500,0.0811
3352,0.687202,0.0842
3353,0.689069,0.0843
3354,0.682587,0.0850
3355,0.675385,0.0820
3356,0.676552,0.0842
3357,0.680400,0.0805
3358,0.682909,0.0807
3359,0.694802,0.0813
3360,0.705473,0.0841
3361,0.712510,0.0812
3362,0.714083,0.0851
3363,0.713765,0.0844
3364,0.710874,0.0813
3365,0.699534,0.0811
3366,0.688711,0.0805
3367,0.683686,0.0843
3368,0.676866,0.0843
3369,0.674784,0.0811
3370,0.672151,0.0851
3371,0.672313,0.0816
3372,0.667970,0.0811
3373,0.668533,0.0843
3374,0.673499,0.0808
3375,0.672518,0.0817
3376,0.678654,0.0844
3377,0.678484,0.0844
3378,0.677081,0.0826
3379,0.674807,0.0844
3380,0.674398,0.0812
3381,0.673179,0.0843
3382,0.671750,0.0829
3383,0.667940,0.0828
3384,0.671184,0.0825
3385,0.673403,0.0826
3386,0.671954,0.0813
3387,0.671942,0.0844
3388,0.673038,0.0852
3389,0.676108,0.0826
3390,0.677921,0.0808
3391,0.676809,0.0843
3392,0.675148,0.0844
3393,0.668182,0.0829
3394,0.664719,0.0845
3395,0.662628,0.0845
3396,0.661951,0.0853
3397,0.664998,0.0808
3398,0.668989,0.0844
3399,0.670805,0.0845
3400,0.676239,0.0824
3401,0.683496,0.0854
3402,0.689703,0.0844
3403,0.686988,0.0844
3404,0.685246,0.0846
3405,0.684030,0.0811
3406,0.686050,0.0809
3407,0.686986,0.0853
3408,0.685672,0.0845
3409,0.686326,0.0853
3410,0.683346,0.0808
3411,0.676409,0.0813
3412,0.670812,0.0844
3413,0.671577,0.0844
3414,0.673828,0.0844
3415,0.676045,0.0845
3416,0.675064,0.0825
3417,0.672225,0.0826
3418,0.668017,0.0845
3419,0.665543,0.0809
3420,0.662798,0.0808
3421,0.661933,0.0810
3422,0.660854,0.0853
3423,0.660278,0.0813
3424,0.665629,0.0830
3425,0.668736,0.0845
3426,0.669707,0.0844
3427,0.669943,0.0805
3428,0.669162,0.0844
3429,0.665975,0.0806
3430,0.671901,0.0807
3431,0.668499,0.0825
3432,0.673134,0.0803
3433,0.672095,0.0844
3434,0.672504,0.0843
3435,0.673385,0.0823
3436,0.676083,0.0843
3437,0.677923,0.0844
3438,0.679196,0.0852
3439,0.674464,0.0824
3440,0.676088,0.0845
3441,0.680340,0.0803
3442,0.681717,0.0843
3443,0.683899,0.0843
3444,0.691557,0.0842
3445,0.692715,0.0822
3446,0.695394,0.0843
3447,0.691178,0.0828
3448,0.687878,0.0829
3449,0.684797,0.0808
3450,0.679875,0.0843
3451,0.677230,0.0851
3452,0.680830,0.0842
3453,0.679432,0.0843
3454,0.679035,0.0829
3455,0.677474,0.0829
3456,0.668912,0.0843
3457,0.658941,0.0851
3458,0.654537,0.0846
3459,0.659913,0.0828
3460,0.664580,0.0820
3461,0.667711,0.0844
3462,0.671881,0.0852
3463,0.670141,0.0824
3464,0.662472,0.0822
3465,0.665938,0.0845
3466,0.673489,0.0819
3467,0.679624,0.0843
3468,0.676906,0.0819
3469,0.668694,0.0843
3470,0.664644,0.0844
3471,0.665325,0.0843
3472,0.667660,0.0843
3473,0.666529,0.0847
3474,0.662920,0.0844
3475,0.657971,0.0823
3476,0.653955,0.0823
3477,0.653308,0.0818
3478,0.656734,0.0844
3479,0.658777,0.0820
3480,0.653951,0.0843
3481,0.655055,0.0842
3482,0.657231,0.0804
3483,0.661048,0.0803
3484,0.660759,0.0844
3485,0.658330,0.0843
3486,0.658486,0.0807
3487,0.657231,0.0852
3488,0.657783,0.0805
3489,0.658612,0.0811
3490,0.663369,0.0805
3491,0.670205,0.0806
3492,0.673926,0.0800
3493,0.675337,0.0810
3494,0.673560,0.0800
3495,0.673314,0.0810
3496,0.672184,0.0844
3497,0.668321,0.0846
3498,0.665631,0.0842
3499,0.665964,0.0844
3500,0.659407,0.0803
3501,0.659118,0.0811
3502,0.656817,0.0846
3503,0.658927,0.0812
3504,0.663463,0.0808
3505,0.671128,0.0807
3506,0.669689,0.0799
3507,0.665458,0.0813
3508,0.664824,0.0851
3509,0.665154,0.0842
3510,0.658161,0.0851
3511,0.654678,0.0810
3512,0.648583,0.0808
3513,0.650407,0.0812
3514,0.658358,0.0843
3515,0.661290,0.0801
3516,0.662296,0.0841
3517,0.662456,0.0801
3518,0.672555,0.0844
3519,0.682092,0.0810
3520,0.689420,0.0841
3521,0.692543,0.0808
3522,0.693995,0.0809
3523,0.694858,0.0842
3524,0.688616,0.0797
3525,0.685751,0.0805
3526,0.680248,0.0842
3527,0.672091,0.0803
3528,0.669731,0.0840
3529,0.669149,0.0841
3530,0.667504,0.0840
3531,0.671237,0.0849
3532,0.668580,0.0841
3533,0.665818,0.0816
3534,0.659958,0.0816
3535,0.661677,0.0815
3536,0.662891,0.0814
3537,0.670872,0.0818
3538,0.679358,0.0815
3539,0.680781,0.0815
3540,0.679411,0.0820
3541,0.685131,0.0850
3542,0.682910,0.0842
3543,0.680230,0.0813
3544,0.676135,0.0841
3545,0.676925,0.0817
3546,0.675089,0.0843
3547,0.674099,0.0852
3548,0.672786,0.0814
3549,0.673346,0.0843
3550,0.669553,0.0843
3551,0.668656,0.0815
3552,0.666535,0.0815
3553,0.664437,0.0814
3554,0.665301,0.0818
3555,0.662500,0.0813
3556,0.661656,0.0817
3557,0.663760,0.0844
3558,0.668267,0.0818
3559,0.670572,0.0822
3560,0.667481,0.0844
3561,0.661334,0.0844
3562,0.654982,0.0816
3563,0.647466,0.0845
3564,0.644810,0.0816
3565,0.643967,0.0844
3566,0.651362,0.0819
3567,0.651150,0.0854
3568,0.651024,0.0847
3569,0.647725,0.0818
3570,0.640365,0.0845
3571,0.637565,0.0845
3572,0.640038,0.0814
3573,0.641373,0.0855
3574,0.644447,0.0854
3575,0.647745,0.0813
3576,0.647593,0.0817
3577,0.643431,0.0816
3578,0.639596,0.0849
3579,0.642501,0.0813
3580,0.641346,0.0845
3581,0.643761,0.0810
3582,0.647320,0.0811
3583,0.646784,0.0845
3584,0.642967,0.0811
3585,0.641343,0.0846
3586,0.640042,0.0810
3587,0.641607,0.0810
3588,0.645734,0.0846
3589,0.645487,0.0846
3590,0.646809,0.0810
3591,0.641065,0.0807
3592,0.639335,0.0849
3593,0.638698,0.0803
3594,0.650096,0.0847
3595,0.660416,0.0847
3596,0.660660,0.0847
3597,0.666457,0.0857
3598,0.671215,0.0819
3599,0.674617,0.0813
3600,0.704214,0.0815
3601,0.738145,0.0848
3602,0.776081,0.0848
3603,0.791125,0.0815
3604,0.800824,0.0817
3605,0.806120,0.0818
3606,0.802497,0.0815
3607,0.793381,0.0819
3608,0.786615,0.0848
3609,0.780848,0.0859
3610,0.774454,0.0850
3611,0.761888,0.0823
3612,0.747779,0.0812
3613,0.736535,0.0823
3614,0.726515,0.0849
3615,0.724211,0.0827
3616,0.716079,0.0829
3617,0.713601,0.0849
3618,0.705793,0.0822
3619,0.697535,0.0848
3620,0.693798,0.0849
3621,0.683791,0.0849
3622,0.677916,0.0849
3623,0.676878,0.0815
3624,0.678592,0.0848
3625,0.676603,0.0823
3626,0.670040,0.0821
3627,0.669120,0.0858
3628,0.664561,0.0813
3629,0.662792,0.0849
3630,0.661743,0.0815
3631,0.659319,0.0814
3632,0.661561,0.0814
3633,0.664179,0.0848
3634,0.667141,0.0848
3635,0.664263,0.0826
3636,0.664232,0.0812
3637,0.662283,0.0848
3638,0.662607,0.0813
3639,0.659697,0.0812
3640,0.660426,0.0848
3641,0.662985,0.0812
3642,0.661009,0.0797
3643,0.662327,0.0810
3644,0.657858,0.0802
3645,0.659150,0.0811
3646,0.656378,0.0802
3647,0.653995,0.0799
3648,0.653052,0.0848
3649,0.653633,0.0796
3650,0.653940,0.0848
3651,0.650225,0.0798
3652,0.649757,0.0796
3653,0.649831,0.0851
3654,0.649598,0.0857
3655,0.651213,0.0849
3656,0.652765,0.0849
3657,0.655741,0.0799
3658,0.651744,0.0813
3659,0.653286,0.0807
3660,0.658014,0.0802
3661,0.662325,0.0849
3662,0.662242,0.0810
3663,0.661109,0.0852
3664,0.658834,0.0803
3665,0.660632,0.0807
3666,0.664508,0.0809
3667,0.664093,0.0850
3668,0.667234,0.0804
3669,0.664660,0.0797
3670,0.665060,0.0859
3671,0.665864,0.0809
3672,0.663817,0.0796
3673,0.664185,0.0807
3674,0.660377,0.0810
3675,0.659685,0.0808
3676,0.663434,0.0850
3677,0.659246,0.0860
3678,0.652553,0.0811
3679,0.652853,0.0796
3680,0.654345,0.0798
3681,0.654100,0.0800
3682,0.650923,0.0801
3683,0.645092,0.0859
3684,0.645419,0.0849
3685,0.648704,0.0851
3686,0.651546,0.0803
3687,0.649130,0.0802
3688,0.650230,0.0850
3689,0.654488,0.0850
3690,0.652719,0.0859
3691,0.651671,0.0795
3692,0.648840,0.0810
3693,0.648695,0.0811
3694,0.649710,0.0860
3695,0.651147,0.0859
3696,0.658791,0.0811
3697,0.664600,0.0802
3698,0.664901,0.0850
3699,0.671035,0.0850
3700,0.674370,0.0849
3701,0.671460,0.0798
3702,0.669961,0.0850
3703,0.663281,0.0797
3704,0.656444,0.0850
3705,0.655403,0.0795
3706,0.652981,0.0805
3707,0.658842,0.0814
3708,0.670320,0.0806
3709,0.678068,0.0850
3710,0.680756,0.0858
3711,0.683909,0.0813
3712,0.684825,0.0849
3713,0.683268,0.0849
3714,0.678299,0.0798
3715,0.671301,0.0798
3716,0.666144,0.0848
3717,0.659263,0.0806
3718,0.656875,0.0810
3719,0.659133,0.0849
3720,0.660228,0.0807
3721,0.659372,0.0850
3722,0.660063,0.0811
3723,0.664451,0.0815
3724,0.668310,0.0801
3725,0.665506,0.0812
3726,0.663671,0.0807
3727,0.661568,0.0827
3728,0.661611,0.0849
3729,0.656392,0.0827
3730,0.654687,0.0823
3731,0.659685,0.0815
3732,0.660029,0.0807
3733,0.658891,0.0814
3734,0.663781,0.0848
3735,0.656718,0.0849
3736,0.654310,0.0858
3737,0.658070,0.0849
3738,0.670768,0.0822
3739,0.683443,0.0804
3740,0.686717,0.0850
3741,0.684943,0.0860
3742,0.679284,0.0849
3743,0.670167,0.0859
3744,0.666097,0.0801
3745,0.662466,0.0812
3746,0.655897,0.0849
3747,0.663729,0.0860
3748,0.666259,0.0848
3749,0.667374,0.0850
3750,0.666444,0.0852
3751,0.672097,0.0816
3752,0.674548,0.0859
3753,0.675019,0.0860
3754,0.674345,0.0859
3755,0.666182,0.0796
3756,0.670719,0.0816
3757,0.685935,0.0812
3758,0.698359,0.0849
3759,0.711149,0.0850
3760,0.715598,0.0849
3761,0.711566,0.0814
3762,0.700192,0.0849
3763,0.689230,0.0849
3764,0.680225,0.0814
3765,0.667581,0.0798
3766,0.665333,0.0817
3767,0.664533,0.0849
3768,0.663609,0.0798
3769,0.663259,0.0850
3770,0.662931,0.0849
3771,0.664004,0.0798
3772,0.665878,0.0810
3773,0.657280,0.0859
3774,0.654450,0.0849
3775,0.645145,0.0811
3776,0.640779,0.0849
3777,0.637074,0.0859
3778,0.630807,0.0859
3779,0.628736,0.0850
3780,0.627234,0.0849
3781,0.623466,0.0850
3782,0.617954,0.0813
3783,0.612030,0.0805
3784,0.607379,0.0854
3785,0.612055,0.0811
3786,0.614385,0.0850
3787,0.614997,0.0850
3788,0.615077,0.0850
3789,0.614385,0.0799
3790,0.613466,0.0818
3791,0.613177,0.0854
3792,0.612976,0.0811
3793,0.612433,0.0819
3794,0.612122,0.0853
3795,0.612216,0.0851
3796,0.610442,0.0799
3797,0.611288,0.0801
3798,0.609383,0.0813
3799,0.607307,0.0850
3800,0.606322,0.0850
3801,0.605182,0.0810
3802,0.606967,0.0850
3803,0.607473,0.0816
3804,0.603920,0.0805
3805,0.605374,0.0802
3806,0.603273,0.0801
3807,0.602075,0.0852
3808,0.601239,0.0816
3809,0.601327,0.0814
3810,0.598788,0.0852
3811,0.598526,0.0852
3812,0.598929,0.0819
3813,0.598914,0.0852
3814,0.597294,0.0803
3815,0.596461,0.0852
3816,0.594764,0.0852
3817,0.596846,0.0806
3818,0.595778,0.0818
3819,0.594632,0.0801
3820,0.592567,0.0852
3821,0.593097,0.0852
3822,0.594229,0.0800
3823,0.593522,0.0817
3824,0.595126,0.0819
3825,0.593626,0.0852
3826,0.593285,0.0853
3827,0.593877,0.0817
3828,0.594244,0.0801
3829,0.594428,0.0803
3830,0.592771,0.0854
3831,0.592792,0.0851
3832,0.590848,0.0851
3833,0.590974,0.0818
3834,0.589643,0.0850
3835,0.587940,0.0851
3836,0.586426,0.0803
3837,0.585453,0.0861
3838,0.586181,0.0852
3839,0.589251,0.0862
3840,0.589906,0.0810
3841,0.590782,0.0852
3842,0.591625,0.0818
3843,0.589340,0.0852
3844,0.588476,0.0811
3845,0.589366,0.0820
3846,0.590395,0.0817
3847,0.590250,0.0852
3848,0.589335,0.0807
3849,0.590332,0.0851
3850,0.589956,0.0810
3851,0.587976,0.0801
3852,0.587030,0.0852
3853,0.586471,0.0851
3854,0.586540,0.0818
3855,0.584327,0.0805
3856,0.583283,0.0809
3857,0.582496,0.0854
3858,0.581575,0.0802
3859,0.582592,0.0851
3860,0.582431,0.0816
3861,0.583097,0.0851
3862,0.583038,0.0851
3863,0.582062,0.0850
3864,0.581962,0.0861
3865,0.582509,0.0802
3866,0.585828,0.0804
3867,0.592648,0.0852
3868,0.596273,0.0805
3869,0.600014,0.0861
3870,0.598680,0.0852
3871,0.592138,0.0820
3872,0.588062,0.0811
3873,0.585855,0.0820
3874,0.583995,0.0853
3875,0.586025,0.0807
3876,0.586190,0.0853
3877,0.585272,0.0816
3878,0.584593,0.0803
3879,0.583420,0.0815
3880,0.582132,0.0806
3881,0.581770,0.0852
3882,0.579318,0.0852
3883,0.577554,0.0816
3884,0.574249,0.0862
3885,0.575165,0.0862
3886,0.574062,0.0803
3887,0.574546,0.0862
3888,0.574813,0.0852
3889,0.573511,0.0853
3890,0.572561,0.0803
3891,0.573305,0.0853
3892,0.571091,0.0802
3893,0.572710,0.0852
3894,0.572661,0.0861
3895,0.573093,0.0816
3896,0.572050,0.0815
3897,0.575042,0.0852
3898,0.580046,0.0854
3899,0.579537,0.0853
3900,0.578804,0.0854
3901,0.578975,0.0853
3902,0.583098,0.0862
3903,0.581559,0.0863
3904,0.579219,0.0862
3905,0.578416,0.0816
3906,0.581154,0.0806
3907,0.582398,0.0818
3908,0.581731,0.0820
3909,0.578983,0.0817
3910,0.577860,0.0808
3911,0.577551,0.0854
3912,0.577127,0.0854
3913,0.573659,0.0816
3914,0.573664,0.0806
3915,0.572611,0.0811
3916,0.572674,0.0857
3917,0.574220,0.0820
3918,0.577617,0.0856
3919,0.582401,0.0818
3920,0.582541,0.0806
3921,0.583462,0.0819
3922,0.583519,0.0806
3923,0.584204,0.0806
3924,0.582902,0.0818
3925,0.582167,0.0811
3926,0.580742,0.0854
3927,0.581090,0.0853
3928,0.584022,0.0820
3929,0.586491,0.0856
3930,0.586566,0.0819
3931,0.587693,0.0853
3932,0.587566,0.0854
3933,0.585961,0.0820
3934,0.582861,0.0864
3935,0.578149,0.0853
3936,0.579855,0.0819
3937,0.581784,0.0855
3938,0.582186,0.0853
3939,0.580371,0.0807
3940,0.581002,0.0806
3941,0.583058,0.0853
3942,0.584127,0.0811
3943,0.584172,0.0855
3944,0.582969,0.0820
3945,0.582421,0.0853
3946,0.578521,0.0853
3947,0.579820,0.0862
3948,0.582602,0.0808
3949,0.584321,0.0819
3950,0.585013,0.0820
3951,0.581780,0.0824
3952,0.580452,0.0862
3953,0.580307,0.0809
3954,0.581177,0.0822
3955,0.579785,0.0811
3956,0.576958,0.0819
3957,0.576153,0.0864
3958,0.575374,0.0808
3959,0.575254,0.0853
3960,0.574473,0.0852
3961,0.574654,0.0853
3962,0.572102,0.0852
3963,0.572211,0.0819
3964,0.574800,0.0861
3965,0.575100,0.0854
3966,0.576298,0.0818
3967,0.577587,0.0819
3968,0.578529,0.0822
3969,0.578552,0.0851
3970,0.577153,0.0853
3971,0.575892,0.0855
3972,0.573780,0.0820
3973,0.576575,0.0851
3974,0.580938,0.0808
3975,0.583170,0.0821
3976,0.585504,0.0855
3977,0.586288,0.0808
3978,0.582497,0.0823
3979,0.582142,0.0820
3980,0.580366,0.0852
3981,0.582357,0.0853
3982,0.584156,0.0852
3983,0.585473,0.0810
3984,0.583583,0.0808
3985,0.584956,0.0851
3986,0.584116,0.0808
3987,0.583689,0.0825
3988,0.578891,0.0860
3989,0.579520,0.0812
3990,0.577861,0.0852
3991,0.575832,0.0820
3992,0.577143,0.0811
3993,0.575682,0.0851
3994,0.575120,0.0810
3995,0.573755,0.0855
3996,0.573682,0.0821
3997,0.570764,0.0820
3998,0.570760,0.0824
3999,0.569412,0.0851
4000,0.568597,0.0814
4001,0.566307,0.0821
4002,0.568157,0.0813
4003,0.574456,0.0808
4004,0.578139,0.0810
4005,0.583069,0.0824
4006,0.584248,0.0821
4007,0.585627,0.0821
4008,0.586126,0.0860
4009,0.584212,0.0850
4010,0.581032,0.0860
4011,0.580711,0.0850
4012,0.577613,0.0821
4013,0.576899,0.0810
4014,0.572313,0.0852
4015,0.573541,0.0851
4016,0.572460,0.0850
4017,0.571145,0.0854
4018,0.571851,0.0809
4019,0.571633,0.0809
4020,0.574333,0.0809
4021,0.572916,0.0850
4022,0.571133,0.0820
4023,0.569506,0.0811
4024,0.566509,0.0823
4025,0.566029,0.0851
4026,0.566819,0.0852
4027,0.564915,0.0859
4028,0.563584,0.0820
4029,0.561716,0.0812
4030,0.560191,0.0851
4031,0.560122,0.0851
4032,0.559167,0.0851
4033,0.560811,0.0850
4034,0.559310,0.0858
4035,0.557057,0.0821
4036,0.555853,0.0822
4037,0.555573,0.0825
4038,0.556144,0.0810
4039,0.556896,0.0849
4040,0.556843,0.0858
4041,0.556063,0.0851
4042,0.556771,0.0850
4043,0.557510,0.0850
4044,0.557648,0.0859
4045,0.557621,0.0851
4046,0.556479,0.0821
4047,0.557758,0.0850
4048,0.557340,0.0810
4049,0.558483,0.0824
4050,0.557902,0.0850
4051,0.557464,0.0814
4052,0.556869,0.0850
4053,0.555919,0.0850
4054,0.556313,0.0813
4055,0.557765,0.0813
4056,0.562043,0.0825
4057,0.565277,0.0849
4058,0.567344,0.0821
4059,0.570776,0.0850
4060,0.570313,0.0823
4061,0.569442,0.0811
4062,0.564202,0.0851
4063,0.563815,0.0851
4064,0.561229,0.0859
4065,0.559779,0.0850
4066,0.561286,0.0811
4067,0.560306,0.0823
4068,0.559489,0.0823
4069,0.559676,0.0854
4070,0.559332,0.0859
4071,0.558184,0.0823
4072,0.556668,0.0854
4073,0.555834,0.0859
4074,0.557700,0.0850
4075,0.557571,0.0824
4076,0.560330,0.0851
4077,0.562591,0.0811
4078,0.561152,0.0810
4079,0.565103,0.0850
4080,0.569987,0.0812
4081,0.571768,0.0854
4082,0.572991,0.0822
4083,0.571498,0.0859
4084,0.572176,0.0823
4085,0.569481,0.0850
4086,0.568614,0.0816
4087,0.567529,0.0814
4088,0.564775,0.0813
4089,0.565330,0.0860
4090,0.565041,0.0851
4091,0.562887,0.0855
4092,0.563471,0.0851
4093,0.561903,0.0814
4094,0.560946,0.0851
4095,0.560151,0.0851
4096,0.560830,0.0859
4097,0.559325,0.0813
4098,0.558029,0.0813
4099,0.558551,0.0851
4100,0.557673,0.0824
4101,0.555827,0.0824
4102,0.554353,0.0852
4103,0.557843,0.0824
4104,0.559025,0.0812
4105,0.560332,0.0852
4106,0.561165,0.0851
4107,0.562410,0.0814
4108,0.561403,0.0828
4109,0.563239,0.0860
4110,0.562129,0.0822
4111,0.561622,0.0815
4112,0.559943,0.0825
4113,0.556565,0.0851
4114,0.556350,0.0853
4115,0.557413,0.0828
4116,0.556878,0.0852
4117,0.555575,0.0821
4118,0.557149,0.0813
4119,0.559205,0.0860
4120,0.557164,0.0854
4121,0.558913,0.0856
4122,0.558881,0.0824
4123,0.561510,0.0813
4124,0.567810,0.0826
4125,0.570079,0.0856
4126,0.573522,0.0860
4127,0.574734,0.0813
4128,0.577766,0.0812
4129,0.578224,0.0828
4130,0.580386,0.0852
4131,0.579838,0.0859
4132,0.582077,0.0812
4133,0.579879,0.0852
4134,0.580244,0.0852
4135,0.578700,0.0861
4136,0.578987,0.0861
4137,0.575062,0.0853
4138,0.569134,0.0813
4139,0.573943,0.0852
4140,0.574610,0.0813
4141,0.574238,0.0861
4142,0.577454,0.0854
4143,0.577290,0.0861
4144,0.577210,0.0813
4145,0.578475,0.0824
4146,0.576190,0.0829
4147,0.578523,0.0853
4148,0.576754,0.0860
4149,0.574356,0.0814
4150,0.575253,0.0861
4151,0.574144,0.0812
4152,0.571310,0.0815
4153,0.568242,0.0813
4154,0.567077,0.0814
4155,0.567358,0.0824
4156,0.566125,0.0826
4157,0.565101,0.0861
4158,0.561686,0.0854
4159,0.559875,0.0815
4160,0.556846,0.0862
4161,0.558448,0.0860
4162,0.556120,0.0827
4163,0.559306,0.0825
4164,0.559179,0.0860
4165,0.557800,0.0854
4166,0.557515,0.0854
4167,0.557006,0.0825
4168,0.554725,0.0815
4169,0.553166,0.0854
4170,0.552823,0.0855
4171,0.552228,0.0855
4172,0.552721,0.0862
4173,0.558662,0.0826
4174,0.564992,0.0852
4175,0.568313,0.0815
4176,0.565600,0.0855
4177,0.569603,0.0858
4178,0.567864,0.0813
4179,0.570618,0.0824
4180,0.569087,0.0826
4181,0.566553,0.0852
4182,0.568651,0.0852
4183,0.570771,0.0853
4184,0.571429,0.0813
4185,0.568863,0.0852
4186,0.564660,0.0854
4187,0.565322,0.0812
4188,0.561039,0.0815
4189,0.564831,0.0824
4190,0.565569,0.0816
4191,0.566674,0.0824
4192,0.567186,0.0853
4193,0.568963,0.0853
4194,0.565143,0.0817
4195,0.564656,0.0853
4196,0.566519,0.0821
4197,0.565409,0.0819
4198,0.562867,0.0861
4199,0.564500,0.0827
4200,0.563116,0.0827
4201,0.562714,0.0860
4202,0.560784,0.0814
4203,0.559360,0.0854
4204,0.559900,0.0823
4205,0.557675,0.0851
4206,0.556436,0.0812
4207,0.557530,0.0852
4208,0.557090,0.0864
4209,0.554948,0.0856
4210,0.555033,0.0855
4211,0.553734,0.0852
4212,0.553519,0.0853
4213,0.553672,0.0823
4214,0.551643,0.0810
4215,0.550957,0.0812
4216,0.549870,0.0859
4217,0.549633,0.0819
4218,0.547816,0.0809
4219,0.549154,0.0853
4220,0.549014,0.0860
4221,0.551263,0.0820
4222,0.552608,0.0823
4223,0.554615,0.0852
4224,0.552753,0.0810
4225,0.556831,0.0811
4226,0.559894,0.0823
4227,0.557460,0.0853
4228,0.556959,0.0822
4229,0.555439,0.0855
4230,0.556013,0.0812
4231,0.557241,0.0861
4232,0.557630,0.0861
4233,0.560293,0.0853
4234,0.562697,0.0821
4235,0.565789,0.0823
4236,0.567125,0.0816
4237,0.566649,0.0861
4238,0.566787,0.0820
4239,0.565367,0.0812
4240,0.564126,0.0815
4241,0.562195,0.0852
4242,0.561945,0.0821
4243,0.560001,0.0851
4244,0.557484,0.0852
4245,0.557280,0.0853
4246,0.556891,0.0852
4247,0.554607,0.0851
4248,0.553041,0.0824
4249,0.552703,0.0812
4250,0.550428,0.0819
4251,0.548881,0.0812
4252,0.549876,0.0852
4253,0.550716,0.0810
4254,0.551697,0.0851
4255,0.549221,0.0822
4256,0.544620,0.0816
4257,0.547536,0.0851
4258,0.551820,0.0851
4259,0.551411,0.0851
4260,0.549079,0.0851
4261,0.545968,0.0851
4262,0.548894,0.0810
4263,0.553226,0.0853
4264,0.556438,0.0851
4265,0.553577,0.0814
4266,0.554198,0.0850
4267,0.550871,0.0815
4268,0.546849,0.0851
4269,0.549910,0.0811
4270,0.551394,0.0817
4271,0.553352,0.0814
4272,0.551447,0.0858
4273,0.549114,0.0820
4274,0.547128,0.0858
4275,0.540410,0.0820
4276,0.540646,0.0851
4277,0.542634,0.0821
4278,0.542266,0.0858
4279,0.544149,0.0851
4280,0.543931,0.0852
4281,0.542574,0.0851
4282,0.546708,0.0812
4283,0.548723,0.0812
4284,0.551171,0.0818
4285,0.550644,0.0824
4286,0.548870,0.0851
4287,0.548559,0.0812
4288,0.548172,0.0858
4289,0.546561,0.0822
4290,0.546642,0.0822
4291,0.546559,0.0851
4292,0.548083,0.0812
4293,0.549263,0.0825
4294,0.547969,0.0851
4295,0.547511,0.0850
4296,0.545760,0.0858
4297,0.545137,0.0821
4298,0.542870,0.0815
4299,0.540022,0.0851
4300,0.541997,0.0853
4301,0.543552,0.0823
4302,0.544163,0.0810
4303,0.545135,0.0812
4304,0.544332,0.0820
4305,0.542660,0.0816
4306,0.542040,0.0813
4307,0.542416,0.0819
4308,0.543027,0.0814
4309,0.544885,0.0813
4310,0.543186,0.0811
4311,0.543730,0.0857
4312,0.544377,0.0849
4313,0.544156,0.0850
4314,0.546883,0.0815
4315,0.547198,0.0859
4316,0.545587,0.0820
4317,0.544304,0.0858
4318,0.542670,0.0849
4319,0.545613,0.0815
4320,0.546673,0.0812
4321,0.545353,0.0814
4322,0.544227,0.0814
4323,0.543637,0.0818
4324,0.541898,0.0849
4325,0.541502,0.0817
4326,0.542260,0.0812
4327,0.543399,0.0815
4328,0.543260,0.0858
4329,0.542857,0.0850
4330,0.545112,0.0851
4331,0.543760,0.0812
4332,0.541994,0.0850
4333,0.537594,0.0851
4334,0.539129,0.0858
4335,0.539018,0.0850
4336,0.540570,0.0850
4337,0.541500,0.0823
4338,0.542479,0.0850
4339,0.544573,0.0850
4340,0.545539,0.0813
4341,0.550335,0.0816
4342,0.552295,0.0818
4343,0.554291,0.0852
4344,0.554162,0.0814
4345,0.555126,0.0818
4346,0.553925,0.0851
4347,0.553070,0.0849
4348,0.552590,0.0850
4349,0.553157,0.0851
4350,0.553246,0.0849
4351,0.551724,0.0823
4352,0.550987,0.0850
4353,0.549159,0.0850
4354,0.551386,0.0816
4355,0.551630,0.0820
4356,0.549371,0.0850
4357,0.547800,0.0849
4358,0.548382,0.0852
4359,0.548367,0.0814
4360,0.547321,0.0813
4361,0.551937,0.0815
4362,0.552385,0.0857
4363,0.554688,0.0819
4364,0.557185,0.0850
4365,0.559296,0.0852
4366,0.559743,0.0817
4367,0.557802,0.0858
4368,0.555734,0.0814
4369,0.552063,0.0850
4370,0.550352,0.0848
4371,0.551396,0.0821
4372,0.553202,0.0826
4373,0.552254,0.0850
4374,0.553009,0.0814
4375,0.555435,0.0852
4376,0.556118,0.0857
4377,0.554688,0.0849
4378,0.551937,0.0814
4379,0.554194,0.0850
4380,0.556459,0.0822
4381,0.556478,0.0850
4382,0.552209,0.0823
4383,0.548491,0.0822
4384,0.548915,0.0815
4385,0.550861,0.0857
4386,0.550618,0.0851
4387,0.550698,0.0829
4388,0.550721,0.0821
4389,0.552993,0.0820
4390,0.556218,0.0850
4391,0.564995,0.0849
4392,0.571039,0.0828
4393,0.572913,0.0849
4394,0.576071,0.0856
4395,0.581582,0.0820
4396,0.579684,0.0827
4397,0.578730,0.0826
4398,0.574835,0.0823
4399,0.567789,0.0823
4400,0.566516,0.0848
4401,0.567346,0.0848
4402,0.565708,0.0848
4403,0.560892,0.0856
4404,0.561848,0.0848
4405,0.562998,0.0851
4406,0.563533,0.0856
4407,0.557917,0.0851
4408,0.549962,0.0848
4409,0.550532,0.0847
4410,0.553652,0.0821
4411,0.558775,0.0848
4412,0.556381,0.0855
4413,0.556923,0.0848
4414,0.555197,0.0830
4415,0.554012,0.0822
4416,0.549994,0.0846
4417,0.551533,0.0824
4418,0.552653,0.0849
4419,0.551951,0.0847
4420,0.552713,0.0847
4421,0.553821,0.0819
4422,0.550786,0.0847
4423,0.550920,0.0827
4424,0.549341,0.0848
4425,0.548117,0.0819
4426,0.557949,0.0849
4427,0.564280,0.0823
4428,0.565645,0.0821
4429,0.562505,0.0855
4430,0.555924,0.0823
4431,0.554991,0.0855
4432,0.554815,0.0846
4433,0.552719,0.0846
4434,0.548620,0.0825
4435,0.543885,0.0828
4436,0.545071,0.0846
4437,0.545894,0.0849
4438,0.545942,0.0852
4439,0.543780,0.0848
4440,0.543835,0.0845
4441,0.544686,0.0852
4442,0.545044,0.0818
4443,0.544751,0.0822
4444,0.543445,0.0820
4445,0.546054,0.0845
4446,0.548943,0.0852
4447,0.551026,0.0845
4448,0.552800,0.0822
4449,0.549610,0.0820
4450,0.550070,0.0822
4451,0.546630,0.0847
4452,0.548389,0.0824
4453,0.552857,0.0844
4454,0.559102,0.0822
4455,0.564587,0.0844
4456,0.569029,0.0822
4457,0.573955,0.0850
4458,0.574368,0.0825
4459,0.575598,0.0822
4460,0.577424,0.0844
4461,0.574567,0.0823
4462,0.573145,0.0849
4463,0.568575,0.0819
4464,0.564910,0.0842
4465,0.561378,0.0820
4466,0.562922,0.0843
4467,0.564702,0.0825
4468,0.566389,0.0825
4469,0.564134,0.0822
4470,0.562613,0.0821
4471,0.561757,0.0821
4472,0.562964,0.0843
4473,0.564697,0.0847
4474,0.566452,0.0842
4475,0.564395,0.0841
4476,0.562436,0.0843
4477,0.561637,0.0829
4478,0.559837,0.0829
4479,0.557734,0.0841
4480,0.555103,0.0823
4481,0.555225,0.0822
4482,0.555986,0.0848
4483,0.555826,0.0840
4484,0.555560,0.0842
4485,0.555473,0.0841
4486,0.553753,0.0844
4487,0.554755,0.0839
4488,0.554620,0.0818
4489,0.552968,0.0823
4490,0.551114,0.0847
4491,0.552464,0.0842
4492,0.553369,0.0819
4493,0.554642,0.0820
4494,0.552491,0.0840
4495,0.548868,0.0840
4496,0.546201,0.0820
4497,0.548137,0.0839
4498,0.548409,0.0840
4499,0.547440,0.0839
4500,0.547734,0.0840
4501,0.548122,0.0820
4502,0.546487,0.0846
4503,0.549629,0.0819
4504,0.551061,0.0821
4505,0.556850,0.0841
4506,0.559560,0.0824
4507,0.561445,0.0840
4508,0.560965,0.0840
4509,0.558334,0.0839
4510,0.557758,0.0840
4511,0.556561,0.0826
4512,0.556174,0.0839
4513,0.556231,0.0826
4514,0.552516,0.0840
4515,0.549299,0.0820
4516,0.543896,0.0846
4517,0.541557,0.0839
4518,0.542088,0.0823
4519,0.544002,0.0821
4520,0.542054,0.0820
4521,0.540205,0.0822
4522,0.538854,0.0830
4523,0.540484,0.0820
4524,0.540560,0.0824
4525,0.540341,0.0838
4526,0.540448,0.0846
4527,0.538650,0.0839
4528,0.536140,0.0819
4529,0.536945,0.0840
4530,0.538408,0.0821
4531,0.537418,0.0824
4532,0.537485,0.0819
4533,0.537521,0.0840
4534,0.535055,0.0840
4535,0.538036,0.0843
4536,0.539738,0.0838
4537,0.542485,0.0839
4538,0.545192,0.0845
4539,0.547278,0.0839
4540,0.547240,0.0844
4541,0.547215,0.0837
4542,0.544862,0.0821
4543,0.545220,0.0828
4544,0.545907,0.0838
4545,0.543949,0.0839
4546,0.543586,0.0827
4547,0.544243,0.0836
4548,0.542032,0.0819
4549,0.542997,0.0822
4550,0.540772,0.0837
4551,0.535624,0.0841
4552,0.534511,0.0838
4553,0.531973,0.0819
4554,0.533994,0.0837
4555,0.534779,0.0821
4556,0.536332,0.0840
4557,0.539758,0.0837
4558,0.538637,0.0823
4559,0.538077,0.0844
4560,0.535935,0.0844
4561,0.532884,0.0820
4562,0.531266,0.0822
4563,0.530607,0.0821
4564,0.531219,0.0838
4565,0.534011,0.0818
4566,0.536495,0.0821
4567,0.537463,0.0839
4568,0.535784,0.0837
4569,0.535616,0.0826
4570,0.535262,0.0821
4571,0.534392,0.0838
4572,0.540992,0.0837
4573,0.543108,0.0838
4574,0.542712,0.0841
4575,0.542069,0.0817
4576,0.537767,0.0820
4577,0.535998,0.0844
4578,0.534208,0.0838
4579,0.542374,0.0839
4580,0.545445,0.0837
4581,0.555566,0.0820
4582,0.557752,0.0843
4583,0.563190,0.0820
4584,0.564836,0.0844
4585,0.565420,0.0837
4586,0.566668,0.0836
4587,0.569397,0.0824
4588,0.567833,0.0818
4589,0.564053,0.0817
4590,0.561101,0.0837
4591,0.552399,0.0820
4592,0.558526,0.0837
4593,0.560613,0.0836
4594,0.555702,0.0822
4595,0.552352,0.0837
4596,0.552401,0.0820
4597,0.552166,0.0837
4598,0.552685,0.0821
4599,0.556320,0.0836
4600,0.560776,0.0839
4601,0.566333,0.0821
4602,0.565597,0.0820
4603,0.568378,0.0836
4604,0.568180,0.0820
4605,0.567259,0.0819
4606,0.563660,0.0838
4607,0.556963,0.0837
4608,0.560670,0.0819
4609,0.562580,0.0820
4610,0.559917,0.0819
4611,0.560563,0.0821
4612,0.557794,0.0828
4613,0.560990,0.0820
4614,0.560401,0.0835
4615,0.561158,0.0838
4616,0.565095,0.0836
4617,0.566067,0.0809
4618,0.569604,0.0843
4619,0.570923,0.0821
4620,0.569790,0.0837
4621,0.567823,0.0835
4622,0.565364,0.0842
4623,0.564155,0.0838
4624,0.561183,0.0816
4625,0.563216,0.0839
4626,0.562513,0.0810
4627,0.559812,0.0842
4628,0.560643,0.0837
4629,0.560712,0.0817
4630,0.554559,0.0819
4631,0.552198,0.0837
4632,0.552651,0.0823
4633,0.554471,0.0823
4634,0.552616,0.0818
4635,0.550653,0.0837
4636,0.549672,0.0817
4637,0.549397,0.0825
4638,0.549580,0.0820
4639,0.546995,0.0837
4640,0.545963,0.0821
4641,0.544384,0.0821
4642,0.544137,0.0828
4643,0.542384,0.0822
4644,0.540794,0.0821
4645,0.540120,0.0825
4646,0.539384,0.0820
4647,0.537501,0.0836
4648,0.537717,0.0836
4649,0.539541,0.0817
4650,0.540234,0.0837
4651,0.540927,0.0818
4652,0.542447,0.0822
4653,0.543695,0.0836
4654,0.547219,0.0820
4655,0.548780,0.0838
4656,0.547088,0.0836
4657,0.547386,0.0817
4658,0.550261,0.0812
4659,0.551303,0.0837
4660,0.549058,0.0836
4661,0.542907,0.0817
4662,0.544255,0.0815
4663,0.547547,0.0842
4664,0.548978,0.0814
4665,0.550044,0.0822
4666,0.550646,0.0813
4667,0.550359,0.0818
4668,0.553011,0.0837
4669,0.552279,0.0819
4670,0.554535,0.0836
4671,0.553796,0.0835
4672,0.552491,0.0836
4673,0.550711,0.0817
4674,0.546019,0.0836
4675,0.544952,0.0813
4676,0.544545,0.0838
4677,0.544738,0.0836
4678,0.546409,0.0813
4679,0.545355,0.0837
4680,0.543166,0.0839
4681,0.538735,0.0821
4682,0.534905,0.0820
4683,0.538904,0.0816
4684,0.540509,0.0821
4685,0.541566,0.0823
4686,0.539859,0.0822
4687,0.538147,0.0821
4688,0.539301,0.0823
4689,0.540320,0.0820
4690,0.540985,0.0836
4691,0.540984,0.0837
4692,0.539692,0.0835
4693,0.539610,0.0836
4694,0.539114,0.0837
4695,0.539437,0.0821
4696,0.537320,0.0818
4697,0.535567,0.0835
4698,0.536870,0.0820
4699,0.536225,0.0818
4700,0.535463,0.0817
4701,0.534832,0.0836
4702,0.536008,0.0812
4703,0.536808,0.0817
4704,0.537922,0.0819
4705,0.539263,0.0821
4706,0.537334,0.0841
4707,0.538212,0.0818
4708,0.539474,0.0840
4709,0.539510,0.0820
4710,0.540258,0.0836
4711,0.537383,0.0835
4712,0.540278,0.0812
4713,0.545806,0.0820
4714,0.550366,0.0812
4715,0.551288,0.0823
4716,0.549871,0.0834
4717,0.547972,0.0836
4718,0.547416,0.0836
4719,0.544073,0.0840
4720,0.541645,0.0813
4721,0.545063,0.0840
4722,0.547274,0.0812
4723,0.546287,0.0816
4724,0.545532,0.0816
4725,0.544105,0.0821
4726,0.543323,0.0826
4727,0.542773,0.0813
4728,0.539004,0.0839
4729,0.540882,0.0817
4730,0.543440,0.0819
4731,0.542422,0.0835
4732,0.541317,0.0828
4733,0.541050,0.0837
4734,0.541540,0.0836
4735,0.540702,0.0835
4736,0.539222,0.0841
4737,0.536229,0.0836
4738,0.536286,0.0841
4739,0.535444,0.0836
4740,0.534556,0.0821
4741,0.534829,0.0832
4742,0.532101,0.0823
4743,0.532175,0.0841
4744,0.534463,0.0832
4745,0.533538,0.0824
4746,0.537089,0.0836
4747,0.539750,0.0842
4748,0.543933,0.0835
4749,0.544047,0.0835
4750,0.542438,0.0843
4751,0.543247,0.0835
4752,0.541920,0.0835
4753,0.543983,0.0835
4754,0.543162,0.0840
4755,0.544979,0.0828
4756,0.544691,0.0835
4757,0.545929,0.0838
4758,0.542891,0.0829
4759,0.545599,0.0816
4760,0.547104,0.0840
4761,0.548644,0.0837
4762,0.546876,0.0823
4763,0.543140,0.0828
4764,0.546278,0.0825
4765,0.541904,0.0827
4766,0.539171,0.0835
4767,0.535887,0.0836
4768,0.533641,0.0825
4769,0.531382,0.0839
4770,0.529423,0.0838
4771,0.528695,0.0823
4772,0.527605,0.0840
4773,0.525831,0.0833
4774,0.523823,0.0827
4775,0.522892,0.0835
4776,0.520818,0.0836
4777,0.520824,0.0831
4778,0.518759,0.0836
4779,0.517304,0.0834
4780,0.514525,0.0831
4781,0.513813,0.0824
4782,0.512864,0.0822
4783,0.512091,0.0835
4784,0.511574,0.0835
4785,0.510489,0.0817
4786,0.509257,0.0840
4787,0.508118,0.0823
4788,0.508302,0.0835
4789,0.508335,0.0833
4790,0.506616,0.0827
4791,0.506443,0.0836
4792,0.506783,0.0833
4793,0.504773,0.0835
4794,0.503179,0.0828
4795,0.503353,0.0834
4796,0.502175,0.0840
4797,0.502270,0.0834
4798,0.502369,0.0838
4799,0.501813,0.0821
4800,0.500230,0.0821
4801,0.500714,0.0835
4802,0.501999,0.0835
4803,0.501743,0.0835
4804,0.500535,0.0824
4805,0.499018,0.0837
4806,0.497280,0.0817
4807,0.500530,0.0831
4808,0.502393,0.0839
4809,0.503252,0.0820
4810,0.504073,0.0822
4811,0.505015,0.0837
4812,0.505044,0.0835
4813,0.503512,0.0838
4814,0.502988,0.0835
4815,0.503520,0.0823
4816,0.503195,0.0827
4817,0.503407,0.0835
4818,0.502619,0.0838
4819,0.502746,0.0834
4820,0.502818,0.0835
4821,0.502634,0.0834
4822,0.503468,0.0820
4823,0.502223,0.0835
4824,0.501947,0.0841
4825,0.504308,0.0835
4826,0.502936,0.0841
4827,0.503177,0.0836
4828,0.502485,0.0841
4829,0.503084,0.0838
4830,0.500838,0.0836
4831,0.501829,0.0835
4832,0.501457,0.0837
4833,0.500994,0.0836
4834,0.501621,0.0841
4835,0.501284,0.0824
4836,0.500448,0.0835
4837,0.498907,0.0836
4838,0.500971,0.0837
4839,0.503804,0.0826
4840,0.503426,0.0823
4841,0.503826,0.0841
4842,0.502478,0.0836
4843,0.502906,0.0816
4844,0.501986,0.0842
4845,0.500846,0.0837
4846,0.499837,0.0826
4847,0.499820,0.0821
4848,0.500104,0.0836
4849,0.500169,0.0840
4850,0.499869,0.0824
4851,0.499068,0.0826
4852,0.498269,0.0837
4853,0.498667,0.0841
4854,0.499188,0.0837
4855,0.500378,0.0838
4856,0.500938,0.0836
4857,0.501389,0.0842
4858,0.502492,0.0836
4859,0.503630,0.0822
4860,0.502658,0.0837
4861,0.501939,0.0836
4862,0.502656,0.0839
4863,0.503685,0.0836
4864,0.505814,0.0842
4865,0.508915,0.0835
4866,0.511570,0.0842
4867,0.514618,0.0839
4868,0.517247,0.0835
4869,0.517418,0.0835
4870,0.518088,0.0825
4871,0.519412,0.0839
4872,0.520170,0.0821
4873,0.519985,0.0834
4874,0.520027,0.0836
4875,0.519520,0.0841
4876,0.516562,0.0837
4877,0.515148,0.0818
4878,0.513410,0.0826
4879,0.511692,0.0836
4880,0.510645,0.0842
4881,0.510189,0.0841
4882,0.508916,0.0838
4883,0.509367,0.0834
4884,0.509251,0.0835
4885,0.506419,0.0836
4886,0.509331,0.0841
4887,0.509172,0.0840
4888,0.509147,0.0821
4889,0.508360,0.0821
4890,0.506761,0.0842
4891,0.504698,0.0819
4892,0.503386,0.0823
4893,0.502309,0.0821
4894,0.501310,0.0836
4895,0.501419,0.0820
4896,0.502055,0.0840
4897,0.500251,0.0841
4898,0.498390,0.0841
4899,0.497703,0.0823
4900,0.498050,0.0834
4901,0.496112,0.0840
4902,0.496753,0.0840
4903,0.496500,0.0834
4904,0.496356,0.0837
4905,0.497054,0.0838
4906,0.496575,0.0841
4907,0.496607,0.0820
4908,0.495398,0.0841
4909,0.493349,0.0835
4910,0.493574,0.0840
4911,0.492768,0.0840
4912,0.493670,0.0835
4913,0.494361,0.0837
4914,0.493497,0.0834
4915,0.493428,0.0824
4916,0.494272,0.0822
4917,0.494239,0.0818
4918,0.493528,0.0840
4919,0.494452,0.0835
4920,0.493851,0.0835
4921,0.493237,0.0822
4922,0.493333,0.0840
4923,0.492192,0.0838
4924,0.492943,0.0836
4925,0.493313,0.0834
4926,0.492413,0.0835
4927,0.492851,0.0835
4928,0.492004,0.0835
4929,0.492226,0.0837
4930,0.492773,0.0835
4931,0.492943,0.0835
4932,0.492491,0.0841
4933,0.492871,0.0834
4934,0.492540,0.0835
4935,0.492366,0.0833
4936,0.492516,0.0835
4937,0.494811,0.0815
4938,0.495373,0.0815
4939,0.497322,0.0834
4940,0.498209,0.0835
4941,0.497984,0.0833
4942,0.498787,0.0835
4943,0.497289,0.0834
4944,0.497665,0.0819
4945,0.496934,0.0836
4946,0.497788,0.0836
4947,0.497754,0.0814
4948,0.497932,0.0834
4949,0.498559,0.0840
4950,0.498246,0.0835
4951,0.497801,0.0821
4952,0.498113,0.0840
4953,0.497494,0.0836
4954,0.496842,0.0840
4955,0.496257,0.0835
4956,0.494696,0.0821
4957,0.493879,0.0841
4958,0.494037,0.0836
4959,0.493444,0.0836
4960,0.494634,0.0825
4961,0.494886,0.0821
4962,0.493529,0.0837
4963,0.494015,0.0835
4964,0.493252,0.0824
4965,0.492162,0.0842
4966,0.492555,0.0840
4967,0.492617,0.0834
4968,0.492051,0.0834
4969,0.494326,0.0817
4970,0.495440,0.0836
4971,0.498252,0.0816
4972,0.501158,0.0823
4973,0.503556,0.0836
4974,0.505879,0.0833
4975,0.508827,0.0826
4976,0.510840,0.0822
4977,0.509829,0.0835
4978,0.513031,0.0834
4979,0.514108,0.0841
4980,0.514864,0.0834
4981,0.515134,0.0824
4982,0.515489,0.0838
4983,0.514257,0.0838
4984,0.511036,0.0834
4985,0.511422,0.0836
4986,0.509770,0.0836
4987,0.508657,0.0822
4988,0.506781,0.0823
4989,0.505931,0.0834
4990,0.500670,0.0835
4991,0.505773,0.0835
4992,0.507913,0.0823
4993,0.507986,0.0836
4994,0.510595,0.0837
4995,0.510922,0.0823
4996,0.512815,0.0838
4997,0.512241,0.0821
4998,0.507901,0.0841
4999,0.509390,0.0838
5000,0.511014,0.0839
5001,0.510229,0.0838
5002,0.510708,0.0823
5003,0.509385,0.0823
5004,0.506795,0.0835
5005,0.503825,0.0837
5006,0.501110,0.0836
5007,0.503909,0.0835
5008,0.503691,0.0843
5009,0.502221,0.0834
5010,0.502929,0.0814
5011,0.502220,0.0821
5012,0.500469,0.0821
5013,0.498818,0.0838
5014,0.499750,0.0837
5015,0.497891,0.0834
5016,0.497541,0.0842
5017,0.498143,0.0834
5018,0.499487,0.0836
5019,0.498068,0.0833
5020,0.497793,0.0824
5021,0.495878,0.0833
5022,0.494688,0.0838
5023,0.493861,0.0816
5024,0.492379,0.0834
5025,0.492407,0.0838
5026,0.492364,0.0837
5027,0.490904,0.0837
5028,0.489788,0.0838
5029,0.488763,0.0840
5030,0.489192,0.0833
5031,0.489549,0.0835
5032,0.493715,0.0837
5033,0.496066,0.0823
5034,0.499551,0.0836
5035,0.502628,0.0836
5036,0.505080,0.0840
5037,0.506112,0.0838
5038,0.504993,0.0833
5039,0.504339,0.0838
5040,0.506616,0.0832
5041,0.505945,0.0833
5042,0.506988,0.0827
5043,0.507669,0.0833
5044,0.507657,0.0837
5045,0.508853,0.0834
5046,0.507679,0.0825
5047,0.507157,0.0840
5048,0.507723,0.0821
5049,0.506983,0.0838
5050,0.506308,0.0822
5051,0.507098,0.0820
5052,0.505377,0.0834
5053,0.502292,0.0822
5054,0.498247,0.0843
5055,0.502356,0.0823
5056,0.504053,0.0825
5057,0.502427,0.0844
5058,0.503354,0.0837
5059,0.501888,0.0844
5060,0.501661,0.0837
5061,0.499303,0.0836
5062,0.500079,0.0839
5063,0.499721,0.0846
5064,0.499783,0.0837
5065,0.498948,0.0844
5066,0.496834,0.0842
5067,0.495558,0.0834
5068,0.494978,0.0823
5069,0.493242,0.0818
5070,0.493240,0.0824
5071,0.491217,0.0844
5072,0.491672,0.0836
5073,0.492302,0.0834
5074,0.491582,0.0835
5075,0.491501,0.0840
5076,0.489814,0.0834
5077,0.489809,0.0816
5078,0.487138,0.0843
5079,0.487185,0.0838
5080,0.487800,0.0824
5081,0.487169,0.0836
5082,0.485368,0.0838
5083,0.485421,0.0833
5084,0.485263,0.0837
5085,0.483964,0.0845
5086,0.483777,0.0845
5087,0.483892,0.0823
5088,0.481976,0.0823
5089,0.483987,0.0839
5090,0.483785,0.0838
5091,0.482786,0.0834
5092,0.480621,0.0845
5093,0.479955,0.0833
5094,0.479747,0.0816
5095,0.480659,0.0835
5096,0.480207,0.0838
5097,0.481864,0.0823
5098,0.482659,0.0822
5099,0.482917,0.0839
5100,0.483243,0.0833
5101,0.482765,0.0838
5102,0.480162,0.0839
5103,0.482449,0.0838
5104,0.483856,0.0832
5105,0.484089,0.0836
5106,0.482792,0.0837
5107,0.482283,0.0837
5108,0.483718,0.0832
5109,0.484080,0.0816
5110,0.485334,0.0837
5111,0.485449,0.0838
5112,0.485266,0.0819
5113,0.484051,0.0838
5114,0.483803,0.0837
5115,0.484279,0.0845
5116,0.484980,0.0839
5117,0.484051,0.0843
5118,0.484332,0.0817
5119,0.485140,0.0823
5120,0.486706,0.0816
5121,0.485807,0.0821
5122,0.484951,0.0838
5123,0.483502,0.0816
5124,0.483363,0.0839
5125,0.483533,0.0820
5126,0.484026,0.0833
5127,0.483530,0.0839
5128,0.483051,0.0838
5129,0.483818,0.0842
5130,0.484649,0.0835
5131,0.484947,0.0844
5132,0.485926,0.0838
5133,0.485278,0.0832
5134,0.484730,0.0822
5135,0.483831,0.0833
5136,0.482465,0.0842
5137,0.483217,0.0838
5138,0.483388,0.0838
5139,0.484562,0.0833
5140,0.484275,0.0837
5141,0.485017,0.0823
5142,0.483990,0.0844
5143,0.484774,0.0836
5144,0.485162,0.0817
5145,0.486220,0.0818
5146,0.486900,0.0833
5147,0.487526,0.0833
5148,0.487530,0.0817
5149,0.487091,0.0844
5150,0.486892,0.0816
5151,0.485841,0.0833
5152,0.483779,0.0817
5153,0.481898,0.0837
5154,0.483272,0.0844
5155,0.482840,0.0823
5156,0.482026,0.0832
5157,0.480068,0.0837
5158,0.481721,0.0833
5159,0.481022,0.0820
5160,0.481401,0.0839
5161,0.484127,0.0846
5162,0.487464,0.0839
5163,0.489340,0.0832
5164,0.490018,0.0836
5165,0.490454,0.0837
5166,0.493712,0.0837
5167,0.495606,0.0824
5168,0.496799,0.0816
5169,0.499176,0.0839
5170,0.503385,0.0838
5171,0.505886,0.0839
5172,0.506020,0.0843
5173,0.503240,0.0837
5174,0.503232,0.0839
5175,0.502134,0.0825
5176,0.500173,0.0817
5177,0.498471,0.0825
5178,0.497298,0.0840
5179,0.496135,0.0836
5180,0.495778,0.0826
5181,0.492273,0.0840
5182,0.494437,0.0817
5183,0.495801,0.0833
5184,0.494639,0.0835
5185,0.493104,0.0840
5186,0.494566,0.0842
5187,0.493859,0.0832
5188,0.492654,0.0840
5189,0.492665,0.0846
5190,0.492494,0.0839
5191,0.491370,0.0838
5192,0.491792,0.0831
5193,0.492068,0.0836
5194,0.491371,0.0825
5195,0.490758,0.0825
5196,0.489037,0.0842
5197,0.488443,0.0836
5198,0.488677,0.0837
5199,0.488308,0.0840
5200,0.487481,0.0820
5201,0.487747,0.0839
5202,0.486576,0.0839
5203,0.486747,0.0838
5204,0.486357,0.0840
5205,0.485831,0.0840
5206,0.486472,0.0827
5207,0.487918,0.0819
5208,0.488380,0.0839
5209,0.487735,0.0831
5210,0.486739,0.0840
5211,0.486445,0.0831
5212,0.484795,0.0836
5213,0.485447,0.0835
5214,0.485371,0.0839
5215,0.484952,0.0835
5216,0.484548,0.0824
5217,0.485094,0.0830
5218,0.485828,0.0821
5219,0.485169,0.0831
5220,0.483892,0.0831
5221,0.483725,0.0835
5222,0.485033,0.0831
5223,0.486057,0.0834
5224,0.485377,0.0831
5225,0.486117,0.0831
5226,0.487396,0.0832
5227,0.487640,0.0832
5228,0.485710,0.0834
5229,0.486038,0.0815
5230,0.487393,0.0827
5231,0.488200,0.0832
5232,0.487443,0.0832
5233,0.487023,0.0815
5234,0.486842,0.0832
5235,0.485934,0.0818
5236,0.486768,0.0830
5237,0.486317,0.0835
5238,0.486176,0.0814
5239,0.485006,0.0818
5240,0.484740,0.0819
5241,0.484674,0.0836
5242,0.483987,0.0817
5243,0.482196,0.0832
5244,0.482236,0.0818
5245,0.483429,0.0835
5246,0.483400,0.0818
5247,0.486748,0.0825
5248,0.487968,0.0833
5249,0.489436,0.0836
5250,0.491055,0.0832
5251,0.491368,0.0833
5252,0.492007,0.0833
5253,0.491763,0.0825
5254,0.492164,0.0833
5255,0.491184,0.0818
5256,0.489863,0.0820
5257,0.487941,0.0830
5258,0.488170,0.0832
5259,0.488774,0.0825
5260,0.488352,0.0831
5261,0.488176,0.0833
5262,0.488242,0.0817
5263,0.486125,0.0818
5264,0.486075,0.0832
5265,0.488347,0.0821
5266,0.488544,0.0820
5267,0.488978,0.0833
5268,0.489838,0.0832
5269,0.490085,0.0818
5270,0.491110,0.0825
5271,0.489613,0.0829
5272,0.487522,0.0831
5273,0.489582,0.0832
5274,0.491664,0.0836
5275,0.490791,0.0832
5276,0.490364,0.0833
5277,0.490146,0.0832
5278,0.489821,0.0831
5279,0.491413,0.0825
5280,0.492168,0.0819
5281,0.493589,0.0832
5282,0.494140,0.0817
5283,0.494123,0.0832
5284,0.495293,0.0832
5285,0.497977,0.0831
5286,0.499953,0.0826
5287,0.500650,0.0820
5288,0.500840,0.0832
5289,0.500646,0.0830
5290,0.500570,0.0825
5291,0.499180,0.0830
5292,0.499213,0.0822
5293,0.498636,0.0836
5294,0.497836,0.0831
5295,0.495440,0.0820
5296,0.493089,0.0834
5297,0.491237,0.0832
5298,0.490309,0.0831
5299,0.489475,0.0818
5300,0.488982,0.0831
5301,0.488357,0.0831
5302,0.486674,0.0833
5303,0.485405,0.0822
5304,0.484373,0.0830
5305,0.482460,0.0830
5306,0.482663,0.0827
5307,0.482652,0.0831
5308,0.482416,0.0835
5309,0.480930,0.0816
5310,0.479664,0.0833
5311,0.478691,0.0819
5312,0.478529,0.0820
5313,0.479122,0.0828
5314,0.477942,0.0825
5315,0.477589,0.0829
5316,0.476358,0.0827
5317,0.476170,0.0819
5318,0.476406,0.0824
5319,0.476219,0.0826
5320,0.476772,0.0832
5321,0.476710,0.0836
5322,0.476300,0.0822
5323,0.476302,0.0833
5324,0.476186,0.0825
5325,0.475805,0.0819
5326,0.474020,0.0817
5327,0.472439,0.0831
5328,0.473203,0.0831
5329,0.472606,0.0836
5330,0.472746,0.0830
5331,0.472218,0.0832
5332,0.472859,0.0829
5333,0.472120,0.0818
5334,0.472472,0.0828
5335,0.472354,0.0828
5336,0.471782,0.0820
5337,0.471418,0.0825
5338,0.470153,0.0818
5339,0.470553,0.0819
5340,0.469636,0.0832
5341,0.469796,0.0825
5342,0.468968,0.0832
5343,0.469080,0.0833
5344,0.469006,0.0820
5345,0.468254,0.0829
5346,0.467282,0.0821
5347,0.466256,0.0826
5348,0.465207,0.0819
5349,0.464823,0.0829
5350,0.463281,0.0835
5351,0.463960,0.0832
5352,0.464222,0.0824
5353,0.464595,0.0827
5354,0.465473,0.0826
5355,0.465105,0.0832
5356,0.464660,0.0818
5357,0.464542,0.0820
5358,0.463712,0.0828
5359,0.464543,0.0831
5360,0.464563,0.0819
5361,0.464118,0.0819
5362,0.463948,0.0831
5363,0.464560,0.0830
5364,0.465211,0.0825
5365,0.465330,0.0834
5366,0.464368,0.0824
5367,0.466047,0.0818
5368,0.466563,0.0825
5369,0.467620,0.0819
5370,0.468781,0.0832
5371,0.469192,0.0829
5372,0.469454,0.0829
5373,0.469678,0.0829
5374,0.469301,0.0828
5375,0.469298,0.0828
5376,0.468084,0.0832
5377,0.467943,0.0818
5378,0.466796,0.0822
5379,0.466785,0.0833
5380,0.466364,0.0818
5381,0.465955,0.0828
5382,0.464245,0.0823
5383,0.464267,0.0826
5384,0.464498,0.0831
5385,0.463764,0.0833
5386,0.462357,0.0819
5387,0.463131,0.0834
5388,0.462578,0.0822
5389,0.462920,0.0818
5390,0.462596,0.0829
5391,0.462664,0.0820
5392,0.461204,0.0821
5393,0.461968,0.0833
5394,0.461327,0.0819
5395,0.461773,0.0832
5396,0.461960,0.0826
5397,0.461981,0.0832
5398,0.461470,0.0827
5399,0.461892,0.0826
5400,0.461257,0.0818
5401,0.460651,0.0830
5402,0.460461,0.0833
5403,0.460573,0.0819
5404,0.460924,0.0826
5405,0.460770,0.0836
5406,0.460827,0.0829
5407,0.461392,0.0830
5408,0.461501,0.0819
5409,0.461578,0.0829
5410,0.460973,0.0830
5411,0.460898,0.0832
5412,0.461549,0.0834
5413,0.462656,0.0827
5414,0.461960,0.0833
5415,0.461675,0.0827
5416,0.463123,0.0818
5417,0.462121,0.0832
5418,0.462001,0.0836
5419,0.463146,0.0831
5420,0.464278,0.0836
5421,0.464671,0.0819
5422,0.463597,0.0820
5423,0.462745,0.0817
5424,0.460216,0.0831
5425,0.460148,0.0827
5426,0.461802,0.0821
5427,0.462083,0.0830
5428,0.461672,0.0832
5429,0.461839,0.0833
5430,0.461074,0.0818
5431,0.462466,0.0827
5432,0.462197,0.0828
5433,0.461949,0.0832
5434,0.461075,0.0822
5435,0.458801,0.0824
5436,0.459168,0.0820
5437,0.460049,0.0832
5438,0.460002,0.0832
5439,0.459136,0.0828
5440,0.460543,0.0818
5441,0.461347,0.0831
5442,0.461114,0.0832
5443,0.460820,0.0837
5444,0.460022,0.0820
5445,0.460712,0.0830
5446,0.460704,0.0818
5447,0.461420,0.0837
5448,0.462194,0.0831
5449,0.462445,0.0817
5450,0.462157,0.0831
5451,0.462878,0.0832
5452,0.462771,0.0817
5453,0.462382,0.0831
5454,0.462580,0.0818
5455,0.461505,0.0831
5456,0.459876,0.0818
5457,0.460906,0.0824
5458,0.460835,0.0830
5459,0.460176,0.0830
5460,0.459870,0.0831
5461,0.458595,0.0826
5462,0.458357,0.0830
5463,0.458166,0.0836
5464,0.457928,0.0832
5465,0.457337,0.0820
5466,0.457161,0.0819
5467,0.457396,0.0826
5468,0.458531,0.0830
5469,0.457851,0.0825
5470,0.459046,0.0831
5471,0.458968,0.0833
5472,0.458414,0.0834
5473,0.458138,0.0825
5474,0.456848,0.0821
5475,0.456677,0.0824
5476,0.457260,0.0832
5477,0.458978,0.0831
5478,0.459215,0.0832
5479,0.459188,0.0826
5480,0.459907,0.0833
5481,0.460563,0.0822
5482,0.460433,0.0825
5483,0.461353,0.0817
5484,0.460369,0.0832
5485,0.459933,0.0824
5486,0.459556,0.0818
5487,0.459426,0.0833
5488,0.458049,0.0818
5489,0.457236,0.0825
5490,0.458061,0.0835
5491,0.458391,0.0826
5492,0.458960,0.0821
5493,0.459749,0.0832
5494,0.459561,0.0836
5495,0.460931,0.0826
5496,0.461096,0.0831
5497,0.461786,0.0829
5498,0.461163,0.0836
5499,0.459701,0.0830
5500,0.459277,0.0826
5501,0.458731,0.0835
5502,0.457821,0.0837
5503,0.457579,0.0831
5504,0.458185,0.0832
5505,0.458695,0.0823
5506,0.457856,0.0818
5507,0.458089,0.0831
5508,0.457228,0.0828
5509,0.457763,0.0836
5510,0.457448,0.0827
5511,0.455497,0.0832
5512,0.455134,0.0828
5513,0.454412,0.0832
5514,0.455368,0.0834
5515,0.456361,0.0830
5516,0.455647,0.0837
5517,0.454626,0.0831
5518,0.454308,0.0832
5519,0.454439,0.0830
5520,0.454674,0.0831
5521,0.455098,0.0831
5522,0.454474,0.0824
5523,0.454453,0.0818
5524,0.454241,0.0815
5525,0.454609,0.0823
5526,0.455245,0.0829
5527,0.455141,0.0835
5528,0.454147,0.0832
5529,0.453424,0.0833
5530,0.454416,0.0825
5531,0.454964,0.0834
5532,0.453765,0.0837
5533,0.454030,0.0818
5534,0.453021,0.0832
5535,0.453883,0.0817
5536,0.453176,0.0832
5537,0.452986,0.0834
5538,0.452289,0.0821
5539,0.451254,0.0818
5540,0.450518,0.0828
5541,0.450917,0.0830
5542,0.450892,0.0824
5543,0.451874,0.0818
5544,0.451832,0.0835
5545,0.451738,0.0832
5546,0.451529,0.0827
5547,0.452273,0.0831
5548,0.451986,0.0832
5549,0.451918,0.0832
5550,0.452551,0.0828
5551,0.451969,0.0823
5552,0.451313,0.0834
5553,0.450974,0.0819
5554,0.450330,0.0833
5555,0.451250,0.0818
5556,0.450063,0.0827
5557,0.451419,0.0818
5558,0.452484,0.0825
5559,0.451214,0.0823
5560,0.451245,0.0836
5561,0.450354,0.0817
5562,0.449601,0.0817
5563,0.448737,0.0824
5564,0.448749,0.0836
5565,0.447991,0.0819
5566,0.449144,0.0829
5567,0.448626,0.0825
5568,0.448837,0.0836
5569,0.448934,0.0834
5570,0.450045,0.0831
5571,0.449567,0.0830
5572,0.449618,0.0825
5573,0.449957,0.0817
5574,0.449775,0.0835
5575,0.448851,0.0826
5576,0.448908,0.0817
5577,0.448066,0.0832
5578,0.447680,0.0826
5579,0.447964,0.0818
5580,0.449057,0.0831
5581,0.449743,0.0832
5582,0.450105,0.0826
5583,0.449265,0.0819
5584,0.448198,0.0836
5585,0.449268,0.0831
5586,0.448744,0.0819
5587,0.448481,0.0819
5588,0.448755,0.0831
5589,0.449630,0.0819
5590,0.449883,0.0820
5591,0.450092,0.0825
5592,0.450502,0.0836
5593,0.451263,0.0831
5594,0.451288,0.0817
5595,0.451884,0.0831
5596,0.450985,0.0820
5597,0.451220,0.0821
5598,0.449899,0.0825
5599,0.450438,0.0826
5600,0.450460,0.0828
5601,0.451365,0.0826
5602,0.451490,0.0820
5603,0.450953,0.0835
5604,0.450296,0.0828
5605,0.448307,0.0832
5606,0.448068,0.0832
5607,0.448672,0.0829
5608,0.449132,0.0832
5609,0.447921,0.0836
5610,0.448622,0.0835
5611,0.449087,0.0823
5612,0.449473,0.0829
5613,0.449850,0.0830
5614,0.449286,0.0832
5615,0.449430,0.0817
5616,0.450045,0.0826
5617,0.450394,0.0818
5618,0.450475,0.0819
5619,0.450816,0.0832
5620,0.450662,0.0818
5621,0.450133,0.0833
5622,0.449534,0.0832
5623,0.450184,0.0820
5624,0.450630,0.0823
5625,0.450598,0.0827
5626,0.450212,0.0826
5627,0.450515,0.0818
5628,0.450477,0.0826
5629,0.449541,0.0825
5630,0.449518,0.0819
5631,0.449069,0.0826
5632,0.448900,0.0832
5633,0.448296,0.0829
5634,0.447407,0.0831
5635,0.447917,0.0827
5636,0.446961,0.0825
5637,0.447213,0.0819
5638,0.447856,0.0833
5639,0.447844,0.0819
5640,0.447611,0.0827
5641,0.447664,0.0831
5642,0.448022,0.0828
5643,0.448634,0.0818
5644,0.448197,0.0819
5645,0.447625,0.0831
5646,0.448077,0.0820
5647,0.447227,0.0835
5648,0.447179,0.0830
5649,0.446880,0.0828
5650,0.446241,0.0831
5651,0.446463,0.0827
5652,0.446935,0.0822
5653,0.447248,0.0819
5654,0.446702,0.0826
5655,0.446827,0.0828
5656,0.447724,0.0831
5657,0.447387,0.0818
5658,0.446774,0.0836
5659,0.447325,0.0827
5660,0.446897,0.0817
5661,0.446283,0.0833
5662,0.446931,0.0822
5663,0.447591,0.0832
5664,0.447436,0.0818
5665,0.448146,0.0829
5666,0.448532,0.0830
5667,0.448002,0.0822
5668,0.448539,0.0827
5669,0.448378,0.0819
5670,0.447846,0.0826
5671,0.446752,0.0833
5672,0.447135,0.0831
5673,0.446862,0.0832
5674,0.445821,0.0835
5675,0.446124,0.0832
5676,0.446467,0.0826
5677,0.445925,0.0836
5678,0.446166,0.0826
5679,0.445832,0.0833
5680,0.445187,0.0819
5681,0.444405,0.0835
5682,0.444246,0.0835
5683,0.444703,0.0831
5684,0.445569,0.0820
5685,0.445106,0.0827
5686,0.445418,0.0817
5687,0.445223,0.0835
5688,0.444812,0.0830
5689,0.444228,0.0827
5690,0.444270,0.0818
5691,0.444654,0.0827
5692,0.444708,0.0832
5693,0.444517,0.0820
5694,0.444349,0.0836
5695,0.444770,0.0837
5696,0.444796,0.0831
5697,0.443764,0.0835
5698,0.443494,0.0827
5699,0.441827,0.0833
5700,0.441416,0.0827
5701,0.441853,0.0819
5702,0.441769,0.0822
5703,0.442182,0.0829
5704,0.442437,0.0826
5705,0.442785,0.0820
5706,0.442074,0.0835
5707,0.443304,0.0827
5708,0.442815,0.0831
5709,0.442547,0.0837
5710,0.443171,0.0832
5711,0.443539,0.0833
5712,0.442479,0.0818
5713,0.442292,0.0828
5714,0.442278,0.0817
5715,0.441939,0.0824
5716,0.441773,0.0825
5717,0.442087,0.0832
5718,0.442274,0.0836
5719,0.442782,0.0826
5720,0.441905,0.0832
5721,0.442196,0.0827
5722,0.442318,0.0819
5723,0.442222,0.0831
5724,0.441809,0.0825
5725,0.441380,0.0823
5726,0.441183,0.0825
5727,0.442341,0.0824
5728,0.441525,0.0832
5729,0.441717,0.0826
5730,0.441177,0.0831
5731,0.441095,0.0818
5732,0.441421,0.0826
5733,0.441333,0.0832
5734,0.441145,0.0826
5735,0.442127,0.0826
5736,0.442612,0.0836
5737,0.442289,0.0832
5738,0.442910,0.0832
5739,0.442932,0.0828
5740,0.443067,0.0835
5741,0.443015,0.0832
5742,0.443118,0.0831
5743,0.442093,0.0819
5744,0.442063,0.0831
5745,0.441927,0.0819
5746,0.441934,0.0832
5747,0.442657,0.0832
5748,0.442816,0.0832
5749,0.441671,0.0825
5750,0.441811,0.0833
5751,0.441221,0.0836
5752,0.440948,0.0821
5753,0.441045,0.0832
5754,0.440662,0.0833
5755,0.440984,0.0832
5756,0.440859,0.0832
5757,0.441120,0.0822
5758,0.440865,0.0820
5759,0.440578,0.0830
5760,0.440875,0.0833
5761,0.440520,0.0836
5762,0.439884,0.0830
5763,0.439251,0.0833
5764,0.438829,0.0826
5765,0.439345,0.0833
5766,0.438728,0.0827
5767,0.438532,0.0827
5768,0.438041,0.0819
5769,0.438366,0.0823
5770,0.438126,0.0818
5771,0.438274,0.0832
5772,0.438147,0.0831
5773,0.438602,0.0837
5774,0.438883,0.0833
5775,0.439672,0.0819
5776,0.440966,0.0831
5777,0.440313,0.0827
5778,0.439873,0.0824
5779,0.439127,0.0832
5780,0.439783,0.0832
5781,0.439476,0.0817
5782,0.440327,0.0835
5783,0.440025,0.0832
5784,0.440958,0.0822
5785,0.441279,0.0832
5786,0.440700,0.0824
5787,0.440348,0.0832
5788,0.440467,0.0827
5789,0.439402,0.0834
5790,0.439455,0.0818
5791,0.438237,0.0832
5792,0.438383,0.0832
5793,0.438239,0.0834
5794,0.437668,0.0821
5795,0.439281,0.0826
5796,0.439750,0.0819
5797,0.439812,0.0832
5798,0.441122,0.0834
5799,0.441692,0.0824
5800,0.441283,0.0834
5801,0.440942,0.0827
5802,0.440456,0.0823
5803,0.440890,0.0826
5804,0.441189,0.0835
5805,0.441617,0.0818
5806,0.441801,0.0833
5807,0.442385,0.0821
5808,0.441576,0.0822
5809,0.442266,0.0820
5810,0.441882,0.0831
5811,0.441879,0.0837
5812,0.441345,0.0821
5813,0.441465,0.0835
5814,0.441594,0.0821
5815,0.441996,0.0832
5816,0.441627,0.0826
5817,0.442142,0.0837
5818,0.441772,0.0830
5819,0.441314,0.0832
5820,0.442105,0.0833
5821,0.442252,0.0819
5822,0.441880,0.0822
5823,0.440938,0.0827
5824,0.440902,0.0823
5825,0.441173,0.0833
5826,0.441118,0.0827
5827,0.440548,0.0832
5828,0.441222,0.0835
5829,0.441321,0.0820
5830,0.441153,0.0833
5831,0.441713,0.0826
5832,0.441668,0.0820
5833,0.442031,0.0824
5834,0.441862,0.0829
5835,0.442189,0.0819
5836,0.441857,0.0836
5837,0.441762,0.0818
5838,0.441658,0.0822
5839,0.441790,0.0836
5840,0.441394,0.0836
5841,0.441469,0.0836
5842,0.441437,0.0832
5843,0.441594,0.0828
5844,0.441458,0.0826
5845,0.442008,0.0836
5846,0.440992,0.0833
5847,0.440500,0.0836
5848,0.440060,0.0829
5849,0.440259,0.0834
5850,0.441317,0.0819
5851,0.440672,0.0833
5852,0.439659,0.0837
5853,0.440856,0.0827
5854,0.441387,0.0827
5855,0.441819,0.0834
5856,0.441834,0.0836
5857,0.441543,0.0833
5858,0.440902,0.0833
5859,0.441025,0.0834
5860,0.440829,0.0827
5861,0.439929,0.0836
5862,0.441180,0.0821
5863,0.441461,0.0831
5864,0.440688,0.0834
5865,0.441634,0.0826
5866,0.441745,0.0821
5867,0.442218,0.0828
5868,0.442644,0.0829
5869,0.442347,0.0822
5870,0.442251,0.0833
5871,0.442142,0.0819
5872,0.441908,0.0832
5873,0.442939,0.0835
5874,0.442426,0.0833
5875,0.441977,0.0829
5876,0.441045,0.0836
5877,0.441019,0.0825
5878,0.441065,0.0833
5879,0.440846,0.0832
5880,0.441370,0.0836
5881,0.441290,0.0832
5882,0.441844,0.0827
5883,0.440670,0.0833
5884,0.440176,0.0836
5885,0.439976,0.0827
5886,0.440366,0.0819
5887,0.439766,0.0832
5888,0.438858,0.0832
5889,0.438769,0.0818
5890,0.438501,0.0820
5891,0.438078,0.0833
5892,0.437372,0.0821
5893,0.438749,0.0837
5894,0.439205,0.0827
5895,0.438998,0.0829
5896,0.439292,0.0833
5897,0.439079,0.0819
5898,0.438872,0.0837
5899,0.438480,0.0834
5900,0.438713,0.0833
5901,0.439050,0.0827
5902,0.439089,0.0823
5903,0.437984,0.0827
5904,0.437906,0.0835
5905,0.437759,0.0821
5906,0.437932,0.0824
5907,0.438270,0.0820
5908,0.437873,0.0825
5909,0.438412,0.0819
5910,0.438575,0.0820
5911,0.439117,0.0837
5912,0.438494,0.0820
5913,0.439054,0.0836
5914,0.439020,0.0835
5915,0.439203,0.0834
5916,0.438569,0.0830
5917,0.437957,0.0823
5918,0.437624,0.0833
5919,0.438408,0.0828
5920,0.438275,0.0830
5921,0.439006,0.0838
5922,0.438368,0.0833
5923,0.437681,0.0826
5924,0.438228,0.0819
5925,0.438022,0.0833
5926,0.437785,0.0835
5927,0.438324,0.0819
5928,0.439081,0.0821
5929,0.438951,0.0832
5930,0.439733,0.0822
5931,0.438762,0.0833
5932,0.437187,0.0819
5933,0.437502,0.0820
5934,0.437943,0.0819
5935,0.437701,0.0839
5936,0.437531,0.0822
5937,0.437591,0.0825
5938,0.436188,0.0821
5939,0.435398,0.0819
5940,0.436533,0.0826
5941,0.436905,0.0828
5942,0.436800,0.0836
5943,0.436287,0.0832
5944,0.436537,0.0821
5945,0.436850,0.0834
5946,0.438069,0.0827
5947,0.437478,0.0819
5948,0.437798,0.0819
5949,0.438065,0.0833
5950,0.437756,0.0830
5951,0.438462,0.0819
5952,0.438102,0.0832
5953,0.436999,0.0832
5954,0.436256,0.0819
5955,0.435948,0.0836
5956,0.435799,0.0820
5957,0.436599,0.0819
5958,0.435876,0.0824
5959,0.433916,0.0829
5960,0.434475,0.0836
5961,0.435232,0.0834
5962,0.434889,0.0832
5963,0.434259,0.0819
5964,0.434999,0.0833
5965,0.434630,0.0819
5966,0.435117,0.0819
5967,0.433841,0.0819
5968,0.434037,0.0831
5969,0.435139,0.0828
5970,0.434924,0.0819
5971,0.434273,0.0826
5972,0.434489,0.0819
5973,0.434550,0.0820
5974,0.434356,0.0820
5975,0.433531,0.0833
5976,0.433506,0.0831
5977,0.433732,0.0820
5978,0.434004,0.0832
5979,0.434332,0.0820
5980,0.434211,0.0826
5981,0.434275,0.0820
5982,0.436482,0.0833
5983,0.436038,0.0824
5984,0.435356,0.0833
5985,0.435060,0.0822
5986,0.434296,0.0820
5987,0.433953,0.0834
5988,0.434403,0.0825
5989,0.434890,0.0821
5990,0.435256,0.0823
5991,0.435899,0.0828
5992,0.435431,0.0819
5993,0.434718,0.0822
5994,0.435429,0.0836
5995,0.435772,0.0833
5996,0.434696,0.0830
5997,0.435528,0.0820
5998,0.435048,0.0832
5999,0.435476,0.0833
6000,0.434695,0.0821
