epoch,loss,tiempo_s
1,11.354372,0.1635
2,5.964862,0.0241
3,5.352967,0.0238
4,5.060484,0.0244
5,4.877315,0.0237
6,4.748301,0.0228
7,4.648525,0.0219
8,4.569313,0.0219
9,4.501253,0.0218
10,4.443282,0.0222
11,4.392015,0.0219
12,4.345530,0.0222
13,4.304949,0.0219
14,4.268237,0.0219
15,4.233610,0.0216
16,4.202278,0.0211
17,4.172226,0.0211
18,4.145566,0.0211
19,4.119865,0.0210
20,4.095604,0.0210
21,4.073492,0.0210
22,4.051739,0.0210
23,4.030916,0.0210
24,4.012130,0.0210
25,3.993374,0.0210
26,3.975618,0.0210
27,3.958283,0.0210
28,3.941837,0.0210
29,3.926232,0.0210
30,3.911422,0.0210
31,3.896168,0.0210
32,3.881997,0.0217
33,3.867340,0.0211
34,3.853894,0.0210
35,3.840217,0.0210
36,3.828187,0.0211
37,3.815864,0.0211
38,3.803501,0.0211
39,3.791907,0.0211
40,3.780589,0.0211
41,3.769015,0.0211
42,3.758047,0.0210
43,3.746744,0.0211
44,3.736352,0.0211
45,3.726344,0.0210
46,3.715671,0.0211
47,3.705491,0.0211
48,3.696896,0.0211
49,3.686487,0.0211
50,3.677307,0.0211
51,3.668184,0.0211
52,3.659132,0.0211
53,3.649938,0.0211
54,3.641631,0.0211
55,3.633982,0.0211
56,3.624803,0.0211
57,3.616868,0.0211
58,3.608476,0.0211
59,3.600115,0.0211
60,3.592898,0.0211
61,3.584196,0.0211
62,3.576658,0.0211
63,3.569025,0.0211
64,3.561293,0.0211
65,3.553789,0.0211
66,3.546631,0.0211
67,3.539516,0.0211
68,3.532663,0.0211
69,3.524791,0.0211
70,3.517874,0.0211
71,3.510841,0.0211
72,3.504123,0.0211
73,3.496826,0.0212
74,3.490248,0.0212
75,3.483666,0.0211
76,3.476483,0.0211
77,3.470011,0.0211
78,3.463195,0.0211
79,3.456956,0.0211
80,3.450091,0.0211
81,3.443156,0.0215
82,3.437571,0.0211
83,3.430985,0.0210
84,3.425228,0.0211
85,3.418466,0.0211
86,3.412813,0.0212
87,3.406311,0.0211
88,3.400440,0.0211
89,3.394381,0.0211
90,3.388513,0.0211
91,3.381360,0.0211
92,3.376372,0.0212
93,3.370724,0.0211
94,3.364409,0.0211
95,3.358699,0.0211
96,3.353209,0.0211
97,3.347107,0.0211
98,3.341347,0.0211
99,3.335392,0.0211
100,3.329628,0.0211
101,3.323795,0.0211
102,3.318070,0.0211
103,3.312583,0.0211
104,3.307497,0.0211
105,3.302036,0.0212
106,3.295947,0.0212
107,3.290412,0.0212
108,3.284808,0.0212
109,3.279080,0.0212
110,3.274326,0.0212
111,3.268435,0.0212
112,3.262945,0.0212
113,3.257802,0.0212
114,3.252301,0.0213
115,3.246645,0.0212
116,3.240793,0.0212
117,3.235266,0.0212
118,3.229919,0.0212
119,3.225581,0.0212
120,3.220068,0.0212
121,3.215219,0.0212
122,3.209489,0.0212
123,3.204088,0.0216
124,3.199553,0.0212
125,3.193465,0.0212
126,3.188396,0.0212
127,3.183165,0.0212
128,3.177345,0.0212
129,3.172140,0.0212
130,3.166511,0.0212
131,3.160806,0.0212
132,3.155982,0.0212
133,3.150797,0.0212
134,3.145268,0.0212
135,3.140382,0.0212
136,3.135003,0.0212
137,3.129499,0.0212
138,3.124251,0.0212
139,3.119668,0.0212
140,3.114383,0.0212
141,3.109688,0.0212
142,3.104295,0.0212
143,3.098591,0.0212
144,3.093896,0.0212
145,3.088230,0.0212
146,3.083080,0.0212
147,3.078159,0.0212
148,3.072734,0.0212
149,3.067854,0.0212
150,3.063143,0.0212
151,3.057564,0.0212
152,3.052664,0.0213
153,3.048073,0.0213
154,3.042403,0.0228
155,3.037195,0.0217
156,3.032360,0.0212
157,3.027507,0.0212
158,3.022712,0.0212
159,3.017362,0.0213
160,3.013014,0.0213
161,3.008047,0.0212
162,3.003152,0.0213
163,2.998088,0.0213
164,2.993093,0.0212
165,2.987988,0.0213
166,2.983356,0.0217
167,2.978495,0.0217
168,2.973439,0.0213
169,2.968139,0.0213
170,2.962499,0.0213
171,2.958073,0.0217
172,2.952730,0.0213
173,2.947226,0.0213
174,2.942026,0.0217
175,2.937660,0.0213
176,2.933400,0.0213
177,2.927768,0.0213
178,2.923294,0.0213
179,2.918700,0.0213
180,2.913718,0.0213
181,2.908615,0.0217
182,2.903204,0.0212
183,2.898836,0.0213
184,2.893689,0.0213
185,2.888780,0.0213
186,2.884000,0.0213
187,2.879337,0.0213
188,2.874283,0.0213
189,2.869481,0.0213
190,2.864789,0.0213
191,2.859867,0.0213
192,2.855421,0.0220
193,2.850625,0.0213
194,2.845545,0.0213
195,2.840219,0.0216
196,2.835220,0.0214
197,2.830971,0.0214
198,2.825919,0.0213
199,2.821184,0.0213
200,2.817058,0.0213
201,2.811318,0.0214
202,2.806079,0.0214
203,2.801403,0.0214
204,2.796222,0.0214
205,2.792693,0.0214
206,2.787550,0.0213
207,2.783093,0.0213
208,2.778491,0.0213
209,2.773995,0.0213
210,2.769477,0.0214
211,2.764558,0.0214
212,2.760707,0.0214
213,2.755254,0.0214
214,2.750192,0.0214
215,2.745864,0.0214
216,2.741836,0.0214
217,2.736764,0.0214
218,2.731855,0.0214
219,2.727402,0.0214
220,2.722687,0.0214
221,2.717798,0.0214
222,2.712777,0.0214
223,2.708099,0.0214
224,2.703687,0.0214
225,2.698722,0.0214
226,2.694136,0.0214
227,2.689750,0.0214
228,2.685025,0.0214
229,2.680128,0.0214
230,2.675694,0.0214
231,2.670806,0.0215
232,2.666173,0.0214
233,2.661203,0.0215
234,2.655911,0.0215
235,2.651650,0.0215
236,2.647049,0.0214
237,2.642540,0.0215
238,2.638004,0.0215
239,2.633430,0.0215
240,2.629050,0.0215
241,2.624182,0.0215
242,2.620558,0.0215
243,2.615581,0.0219
244,2.610761,0.0214
245,2.606009,0.0218
246,2.602370,0.0215
247,2.597511,0.0215
248,2.592586,0.0215
249,2.587984,0.0215
250,2.584459,0.0215
251,2.580327,0.0215
252,2.575424,0.0215
253,2.570670,0.0215
254,2.566206,0.0215
255,2.561862,0.0215
256,2.557924,0.0215
257,2.554167,0.0215
258,2.548867,0.0215
259,2.544649,0.0215
260,2.540761,0.0215
261,2.536532,0.0215
262,2.531658,0.0216
263,2.527694,0.0215
264,2.522813,0.0215
265,2.518858,0.0215
266,2.513499,0.0215
267,2.509550,0.0216
268,2.505391,0.0216
269,2.500556,0.0215
270,2.496825,0.0215
271,2.493156,0.0215
272,2.489133,0.0215
273,2.483798,0.0216
274,2.480313,0.0215
275,2.475605,0.0216
276,2.470966,0.0216
277,2.466751,0.0216
278,2.463085,0.0216
279,2.458911,0.0216
280,2.455137,0.0216
281,2.450835,0.0216
282,2.446153,0.0216
283,2.442327,0.0216
284,2.438320,0.0216
285,2.433603,0.0219
286,2.429910,0.0216
287,2.425273,0.0216
288,2.421814,0.0220
289,2.417676,0.0216
290,2.413769,0.0216
291,2.410536,0.0216
292,2.405516,0.0216
293,2.401950,0.0216
294,2.398581,0.0216
295,2.394633,0.0216
296,2.390774,0.0216
297,2.387255,0.0216
298,2.383297,0.0217
299,2.379829,0.0216
300,2.376465,0.0217
301,2.373166,0.0217
302,2.369090,0.0217
303,2.365590,0.0217
304,2.361012,0.0217
305,2.357411,0.0217
306,2.353669,0.0217
307,2.350157,0.0221
308,2.346452,0.0217
309,2.343529,0.0217
310,2.340898,0.0217
311,2.336368,0.0221
312,2.333031,0.0217
313,2.329101,0.0217
314,2.325362,0.0217
315,2.321576,0.0217
316,2.318258,0.0217
317,2.313901,0.0222
318,2.310968,0.0217
319,2.307097,0.0217
320,2.303267,0.0217
321,2.299609,0.0217
322,2.295794,0.0217
323,2.292078,0.0218
324,2.288184,0.0221
325,2.283822,0.0217
326,2.279605,0.0218
327,2.277347,0.0217
328,2.273457,0.0217
329,2.268852,0.0221
330,2.264197,0.0218
331,2.261268,0.0218
332,2.257674,0.0218
333,2.253085,0.0225
334,2.250348,0.0218
335,2.245863,0.0218
336,2.241720,0.0218
337,2.238667,0.0218
338,2.234150,0.0219
339,2.231323,0.0218
340,2.227210,0.0218
341,2.224420,0.0218
342,2.220427,0.0219
343,2.216741,0.0219
344,2.213989,0.0218
345,2.211077,0.0219
346,2.206705,0.0219
347,2.202360,0.0218
348,2.197866,0.0219
349,2.193299,0.0218
350,2.189967,0.0219
351,2.186827,0.0219
352,2.184228,0.0219
353,2.180771,0.0218
354,2.177585,0.0219
355,2.173700,0.0219
356,2.170437,0.0219
357,2.167029,0.0218
358,2.163160,0.0218
359,2.161447,0.0219
360,2.156700,0.0219
361,2.153816,0.0219
362,2.151085,0.0219
363,2.147659,0.0219
364,2.144855,0.0227
365,2.142171,0.0219
366,2.139424,0.0219
367,2.135943,0.0219
368,2.132400,0.0220
369,2.129462,0.0219
370,2.126643,0.0219
371,2.122825,0.0219
372,2.119006,0.0220
373,2.114622,0.0219
374,2.110347,0.0220
375,2.106969,0.0219
376,2.102639,0.0220
377,2.098124,0.0220
378,2.094060,0.0220
379,2.090541,0.0220
380,2.087536,0.0220
381,2.083627,0.0220
382,2.079364,0.0220
383,2.076138,0.0220
384,2.073307,0.0220
385,2.071947,0.0220
386,2.069076,0.0221
387,2.065600,0.0221
388,2.062376,0.0228
389,2.058912,0.0220
390,2.055956,0.0221
391,2.052021,0.0221
392,2.047911,0.0220
393,2.044542,0.0221
394,2.040648,0.0221
395,2.037404,0.0228
396,2.034731,0.0221
397,2.032327,0.0221
398,2.029569,0.0221
399,2.027118,0.0221
400,2.022746,0.0221
401,2.020154,0.0221
402,2.017070,0.0221
403,2.013194,0.0221
404,2.009651,0.0221
405,2.005281,0.0222
406,2.002906,0.0222
407,1.999367,0.0222
408,1.995599,0.0221
409,1.992295,0.0222
410,1.988654,0.0222
411,1.984529,0.0222
412,1.981428,0.0222
413,1.977538,0.0222
414,1.975525,0.0226
415,1.972984,0.0222
416,1.968313,0.0223
417,1.965623,0.0222
418,1.962471,0.0222
419,1.959622,0.0223
420,1.955127,0.0229
421,1.951664,0.0223
422,1.949286,0.0222
423,1.945443,0.0226
424,1.942799,0.0223
425,1.938826,0.0222
426,1.936021,0.0223
427,1.932633,0.0223
428,1.928888,0.0223
429,1.926300,0.0223
430,1.922970,0.0223
431,1.919225,0.0227
432,1.915943,0.0223
433,1.912725,0.0223
434,1.910062,0.0223
435,1.908437,0.0224
436,1.905540,0.0224
437,1.902862,0.0224
438,1.898249,0.0224
439,1.895187,0.0223
440,1.892449,0.0224
441,1.889537,0.0224
442,1.885606,0.0224
443,1.883159,0.0224
444,1.880366,0.0224
445,1.876711,0.0224
446,1.875441,0.0224
447,1.872985,0.0224
448,1.869382,0.0224
449,1.866322,0.0224
450,1.863944,0.0225
451,1.862395,0.0225
452,1.859396,0.0225
453,1.860120,0.0224
454,1.860168,0.0225
455,1.857818,0.0225
456,1.855920,0.0225
457,1.852290,0.0225
458,1.849529,0.0225
459,1.847849,0.0225
460,1.843974,0.0226
461,1.840371,0.0225
462,1.836349,0.0225
463,1.833159,0.0226
464,1.829326,0.0226
465,1.826010,0.0226
466,1.822725,0.0226
467,1.819247,0.0226
468,1.814884,0.0226
469,1.814868,0.0226
470,1.818550,0.0226
471,1.817027,0.0226
472,1.810722,0.0226
473,1.806793,0.0227
474,1.802554,0.0227
475,1.799840,0.0227
476,1.799432,0.0227
477,1.798357,0.0227
478,1.795164,0.0232
479,1.791756,0.0227
480,1.788523,0.0227
481,1.783795,0.0227
482,1.780175,0.0227
483,1.777296,0.0227
484,1.773186,0.0227
485,1.772817,0.0227
486,1.770787,0.0227
487,1.768354,0.0228
488,1.765213,0.0227
489,1.761740,0.0227
490,1.756982,0.0228
491,1.754229,0.0227
492,1.751406,0.0227
493,1.747997,0.0227
494,1.745672,0.0228
495,1.742589,0.0228
496,1.741277,0.0228
497,1.738292,0.0227
498,1.734791,0.0228
499,1.732060,0.0228
500,1.730543,0.0229
501,1.728219,0.0229
502,1.726090,0.0229
503,1.723658,0.0229
504,1.720512,0.0229
505,1.717883,0.0229
506,1.715810,0.0233
507,1.715223,0.0229
508,1.711754,0.0229
509,1.710596,0.0229
510,1.710970,0.0230
511,1.709129,0.0230
512,1.705114,0.0230
513,1.699906,0.0229
514,1.694883,0.0230
515,1.691910,0.0234
516,1.689583,0.0230
517,1.688119,0.0229
518,1.686770,0.0230
519,1.684864,0.0231
520,1.682764,0.0229
521,1.679916,0.0231
522,1.676173,0.0230
523,1.672295,0.0230
524,1.668103,0.0235
525,1.667877,0.0230
526,1.666812,0.0230
527,1.664508,0.0234
528,1.660856,0.0230
529,1.659992,0.0230
530,1.658124,0.0230
531,1.655214,0.0231
532,1.652805,0.0236
533,1.650020,0.0231
534,1.645727,0.0231
535,1.643301,0.0235
536,1.644501,0.0231
537,1.644503,0.0231
538,1.641626,0.0231
539,1.636013,0.0236
540,1.638601,0.0230
541,1.644030,0.0235
542,1.647943,0.0232
543,1.646480,0.0232
544,1.643396,0.0232
545,1.641957,0.0233
546,1.639859,0.0232
547,1.640887,0.0232
548,1.638078,0.0232
549,1.636741,0.0232
550,1.633873,0.0233
551,1.632799,0.0232
552,1.630920,0.0233
553,1.628761,0.0233
554,1.626171,0.0233
555,1.624403,0.0233
556,1.621100,0.0241
557,1.618679,0.0233
558,1.623058,0.0234
559,1.629485,0.0233
560,1.630323,0.0233
561,1.626776,0.0233
562,1.619123,0.0232
563,1.613050,0.0234
564,1.612357,0.0233
565,1.611348,0.0234
566,1.615607,0.0234
567,1.618538,0.0234
568,1.612514,0.0234
569,1.605624,0.0234
570,1.599906,0.0234
571,1.588234,0.0233
572,1.584085,0.0235
573,1.578111,0.0235
574,1.572691,0.0235
575,1.568649,0.0235
576,1.564630,0.0235
577,1.560234,0.0235
578,1.556213,0.0235
579,1.555854,0.0236
580,1.554966,0.0235
581,1.552872,0.0236
582,1.548953,0.0236
583,1.545548,0.0236
584,1.542387,0.0235
585,1.539726,0.0235
586,1.537246,0.0236
587,1.538687,0.0236
588,1.534042,0.0243
589,1.530220,0.0237
590,1.528578,0.0236
591,1.526890,0.0236
592,1.523147,0.0236
593,1.519872,0.0237
594,1.518243,0.0237
595,1.516335,0.0236
596,1.511815,0.0236
597,1.508252,0.0236
598,1.510452,0.0238
599,1.505680,0.0237
600,1.501822,0.0237
601,1.498490,0.0236
602,1.498433,0.0237
603,1.498756,0.0237
604,1.494895,0.0238
605,1.492214,0.0237
606,1.489656,0.0237
607,1.484808,0.0238
608,1.483889,0.0238
609,1.482433,0.0237
610,1.480288,0.0237
611,1.479813,0.0238
612,1.481331,0.0237
613,1.483547,0.0238
614,1.485703,0.0238
615,1.486609,0.0240
616,1.480770,0.0238
617,1.488508,0.0238
618,1.513089,0.0240
619,1.543785,0.0245
620,1.571810,0.0240
621,1.592723,0.0238
622,1.608380,0.0241
623,1.614173,0.0239
624,1.613010,0.0238
625,1.603111,0.0240
626,1.591269,0.0240
627,1.579839,0.0239
628,1.571976,0.0240
629,1.559394,0.0239
630,1.547053,0.0240
631,1.534097,0.0240
632,1.522754,0.0239
633,1.512041,0.0240
634,1.500275,0.0240
635,1.488723,0.0240
636,1.479504,0.0240
637,1.470421,0.0241
638,1.465471,0.0241
639,1.459919,0.0241
640,1.456296,0.0240
641,1.452502,0.0241
642,1.446415,0.0240
643,1.447623,0.0244
644,1.442228,0.0241
645,1.439332,0.0241
646,1.439329,0.0241
647,1.441074,0.0241
648,1.440623,0.0242
649,1.435837,0.0243
650,1.438207,0.0242
651,1.439363,0.0242
652,1.437351,0.0242
653,1.436114,0.0242
654,1.434947,0.0241
655,1.429583,0.0242
656,1.425472,0.0246
657,1.421067,0.0249
658,1.417135,0.0242
659,1.413518,0.0242
660,1.410986,0.0242
661,1.411252,0.0242
662,1.405531,0.0243
663,1.402403,0.0243
664,1.399123,0.0244
665,1.398183,0.0244
666,1.397091,0.0243
667,1.393582,0.0243
668,1.390938,0.0244
669,1.387864,0.0243
670,1.384876,0.0244
671,1.383403,0.0244
672,1.380163,0.0244
673,1.378303,0.0244
674,1.376081,0.0244
675,1.373837,0.0244
676,1.368992,0.0245
677,1.366815,0.0245
678,1.362636,0.0245
679,1.362537,0.0245
680,1.362403,0.0245
681,1.360239,0.0246
682,1.357834,0.0246
683,1.361280,0.0253
684,1.356251,0.0246
685,1.353884,0.0246
686,1.354328,0.0246
687,1.352376,0.0247
688,1.351271,0.0246
689,1.349422,0.0246
690,1.347621,0.0247
691,1.347607,0.0247
692,1.347105,0.0254
693,1.347964,0.0248
694,1.347853,0.0248
695,1.345523,0.0248
696,1.345317,0.0248
697,1.342392,0.0248
698,1.342767,0.0248
699,1.348798,0.0248
700,1.357100,0.0248
701,1.365301,0.0249
702,1.367488,0.0249
703,1.366227,0.0250
704,1.363738,0.0250
705,1.361094,0.0250
706,1.354919,0.0250
707,1.351261,0.0250
708,1.347348,0.0249
709,1.345444,0.0250
710,1.344785,0.0250
711,1.341467,0.0250
712,1.337097,0.0251
713,1.332713,0.0251
714,1.330790,0.0251
715,1.327211,0.0251
716,1.326538,0.0255
717,1.324394,0.0252
718,1.321534,0.0252
719,1.317975,0.0251
720,1.314348,0.0252
721,1.310713,0.0252
722,1.308582,0.0252
723,1.306525,0.0259
724,1.303454,0.0252
725,1.305305,0.0252
726,1.305627,0.0253
727,1.303827,0.0253
728,1.301098,0.0254
729,1.300951,0.0254
730,1.298617,0.0254
731,1.296195,0.0254
732,1.293913,0.0255
733,1.292207,0.0255
734,1.292276,0.0260
735,1.293751,0.0255
736,1.291216,0.0256
737,1.290572,0.0255
738,1.290431,0.0256
739,1.287995,0.0256
740,1.284136,0.0257
741,1.280585,0.0256
742,1.278765,0.0256
743,1.275567,0.0257
744,1.274002,0.0257
745,1.272705,0.0257
746,1.270039,0.0258
747,1.267943,0.0257
748,1.267037,0.0257
749,1.264471,0.0258
750,1.261496,0.0259
751,1.262480,0.0258
752,1.259342,0.0258
753,1.260993,0.0258
754,1.260629,0.0259
755,1.257329,0.0259
756,1.256850,0.0259
757,1.255881,0.0259
758,1.255491,0.0260
759,1.252459,0.0260
760,1.251792,0.0260
761,1.251913,0.0260
762,1.251854,0.0260
763,1.250252,0.0260
764,1.249438,0.0261
765,1.247359,0.0261
766,1.244456,0.0261
767,1.241402,0.0261
768,1.240550,0.0262
769,1.236385,0.0262
770,1.234291,0.0261
771,1.236956,0.0263
772,1.232268,0.0262
773,1.234950,0.0260
774,1.240611,0.0260
775,1.236671,0.0260
776,1.229568,0.0261
777,1.224937,0.0263
778,1.222475,0.0265
779,1.225091,0.0264
780,1.226825,0.0261
781,1.225859,0.0261
782,1.228365,0.0261
783,1.231890,0.0264
784,1.234503,0.0262
785,1.228938,0.0261
786,1.226712,0.0264
787,1.225809,0.0261
788,1.222893,0.0263
789,1.219163,0.0263
790,1.216183,0.0264
791,1.213942,0.0265
792,1.210961,0.0266
793,1.208385,0.0265
794,1.207109,0.0267
795,1.205085,0.0267
796,1.205495,0.0267
797,1.203708,0.0266
798,1.221374,0.0267
799,1.221668,0.0268
800,1.205428,0.0268
801,1.199754,0.0269
802,1.216319,0.0270
803,1.220728,0.0270
804,1.213138,0.0272
805,1.205153,0.0271
806,1.195970,0.0273
807,1.198115,0.0274
808,1.196848,0.0273
809,1.191507,0.0276
810,1.188927,0.0276
811,1.185628,0.0276
812,1.184776,0.0279
813,1.180034,0.0278
814,1.178622,0.0278
815,1.177767,0.0281
816,1.175350,0.0281
817,1.171874,0.0282
818,1.171011,0.0281
819,1.170468,0.0281
820,1.167880,0.0283
821,1.169730,0.0283
822,1.170035,0.0283
823,1.168796,0.0284
824,1.167086,0.0285
825,1.166903,0.0287
826,1.165684,0.0287
827,1.168644,0.0288
828,1.168553,0.0288
829,1.166695,0.0289
830,1.165167,0.0290
831,1.164490,0.0291
832,1.164914,0.0295
833,1.169307,0.0292
834,1.173309,0.0295
835,1.175538,0.0295
836,1.171498,0.0297
837,1.165927,0.0297
838,1.177817,0.0300
839,1.166762,0.0298
840,1.164879,0.0301
841,1.162262,0.0300
842,1.158169,0.0302
843,1.159877,0.0303
844,1.164981,0.0304
845,1.166942,0.0305
846,1.164470,0.0308
847,1.159755,0.0306
848,1.154510,0.0307
849,1.151530,0.0309
850,1.147910,0.0309
851,1.145104,0.0311
852,1.142100,0.0310
853,1.141876,0.0312
854,1.147228,0.0315
855,1.149058,0.0316
856,1.142266,0.0320
857,1.140525,0.0320
858,1.136699,0.0319
859,1.131121,0.0319
860,1.129707,0.0322
861,1.139128,0.0320
862,1.137994,0.0323
863,1.134691,0.0325
864,1.131572,0.0326
865,1.128531,0.0326
866,1.127720,0.0327
867,1.122139,0.0327
868,1.119961,0.0331
869,1.120045,0.0332
870,1.116230,0.0330
871,1.112876,0.0336
872,1.117203,0.0339
873,1.115269,0.0336
874,1.114529,0.0340
875,1.118120,0.0340
876,1.121293,0.0339
877,1.120362,0.0344
878,1.116459,0.0343
879,1.112817,0.0344
880,1.109341,0.0349
881,1.105729,0.0346
882,1.102078,0.0348
883,1.104071,0.0351
884,1.101672,0.0352
885,1.098527,0.0352
886,1.092824,0.0355
887,1.092604,0.0356
888,1.091660,0.0356
889,1.089691,0.0358
890,1.087529,0.0365
891,1.103850,0.0367
892,1.130477,0.0367
893,1.149700,0.0365
894,1.158700,0.0366
895,1.162576,0.0369
896,1.167699,0.0378
897,1.164070,0.0376
898,1.151582,0.0374
899,1.141001,0.0372
900,1.129818,0.0377
901,1.122552,0.0381
902,1.117567,0.0383
903,1.129213,0.0390
904,1.127671,0.0389
905,1.126273,0.0397
906,1.125346,0.0398
907,1.122771,0.0401
908,1.116286,0.0405
909,1.112169,0.0407
910,1.106067,0.0412
911,1.102965,0.0418
912,1.098270,0.0420
913,1.095339,0.0422
914,1.093741,0.0425
915,1.091121,0.0419
916,1.091239,0.0420
917,1.091833,0.0421
918,1.087641,0.0425
919,1.088951,0.0427
920,1.097362,0.0435
921,1.087726,0.0447
922,1.089808,0.0459
923,1.086894,0.0449
924,1.089539,0.0452
925,1.089999,0.0468
926,1.083361,0.0471
927,1.085119,0.0468
928,1.080832,0.0475
929,1.080288,0.0485
930,1.073616,0.0481
931,1.068908,0.0496
932,1.066709,0.0493
933,1.063597,0.0507
934,1.065875,0.0512
935,1.077203,0.0511
936,1.075282,0.0515
937,1.072298,0.0520
938,1.067594,0.0524
939,1.066100,0.0528
940,1.071439,0.0545
941,1.089126,0.0547
942,1.092903,0.0554
943,1.084065,0.0558
944,1.069789,0.0574
945,1.059933,0.0578
946,1.056143,0.0588
947,1.058886,0.0580
948,1.056289,0.0586
949,1.059178,0.0600
950,1.073341,0.0597
951,1.074050,0.0603
952,1.070072,0.0613
953,1.064366,0.0618
954,1.059016,0.0623
955,1.051692,0.0635
956,1.051809,0.0667
957,1.064952,0.0663
958,1.066612,0.0664
959,1.064572,0.0688
960,1.059390,0.0680
961,1.065050,0.0687
962,1.064419,0.0699
963,1.070907,0.0703
964,1.072175,0.0730
965,1.089992,0.0709
966,1.109044,0.0710
967,1.107815,0.0695
968,1.095713,0.0694
969,1.106436,0.0683
970,1.106090,0.0677
971,1.072004,0.0671
972,1.040150,0.0665
973,1.037727,0.0655
974,1.047502,0.0650
975,1.069939,0.0645
976,1.094388,0.0626
977,1.109420,0.0617
978,1.095161,0.0607
979,1.077787,0.0602
980,1.055665,0.0591
981,1.041282,0.0593
982,1.024868,0.0586
983,1.024038,0.0576
984,1.029725,0.0580
985,1.020075,0.0589
986,1.014516,0.0578
987,1.011902,0.0567
988,1.009262,0.0560
989,1.021214,0.0553
990,1.019278,0.0566
991,1.010391,0.0582
992,1.003618,0.0588
993,0.999186,0.0583
994,0.993413,0.0586
995,0.990774,0.0602
996,0.990334,0.0596
997,0.987933,0.0606
998,0.989668,0.0620
999,0.984469,0.0629
1000,0.982473,0.0634
1001,0.980262,0.0657
1002,0.975228,0.0658
1003,0.976125,0.0673
1004,0.971554,0.0671
1005,0.969258,0.0682
1006,0.965519,0.0688
1007,0.965274,0.0708
1008,0.964679,0.0709
1009,1.026386,0.0722
1010,1.098050,0.0735
1011,1.140208,0.0731
1012,1.133458,0.0753
1013,1.100942,0.0747
1014,1.065258,0.0756
1015,1.033941,0.0773
1016,1.014266,0.0779
1017,1.006346,0.0802
1018,0.994936,0.0786
1019,0.997741,0.0804
1020,1.001945,0.0795
1021,1.004078,0.0802
1022,0.989643,0.0807
1023,0.985575,0.0815
1024,0.996848,0.0833
1025,1.004163,0.0865
1026,1.003386,0.0846
1027,0.998795,0.0843
1028,0.995205,0.0853
1029,0.985525,0.0876
1030,0.982410,0.0882
1031,0.980136,0.0886
1032,0.975769,0.0920
1033,0.962355,0.0911
1034,0.964697,0.0922
1035,0.957919,0.0934
1036,0.950581,0.0945
1037,0.952966,0.0961
1038,0.960546,0.1001
1039,0.971399,0.0991
1040,0.956365,0.0978
1041,0.935023,0.0969
1042,0.933793,0.0962
1043,0.949422,0.0966
1044,0.969149,0.0973
1045,0.963305,0.0960
1046,0.945053,0.0942
1047,0.929299,0.0949
1048,0.927652,0.0925
1049,0.939007,0.0909
1050,0.963549,0.0911
1051,0.973671,0.0914
1052,0.964116,0.0896
1053,0.948845,0.0873
1054,0.933223,0.0864
1055,0.933906,0.0858
1056,0.925649,0.0846
1057,0.930179,0.0829
1058,0.932764,0.0814
1059,0.936712,0.0804
1060,0.930519,0.0795
1061,0.936489,0.0791
1062,0.949383,0.0792
1063,0.956119,0.0791
1064,0.956076,0.0793
1065,0.951546,0.0793
1066,0.946056,0.0794
1067,0.943339,0.0795
1068,0.935614,0.0779
1069,0.928282,0.0778
1070,0.918196,0.0771
1071,0.919979,0.0777
1072,0.914961,0.0781
1073,0.906773,0.0779
1074,0.908248,0.0810
1075,0.917359,0.0797
1076,0.925519,0.0794
1077,0.937632,0.0784
1078,0.937329,0.0783
1079,0.926938,0.0793
1080,0.929966,0.0773
1081,0.937499,0.0775
1082,0.933908,0.0792
1083,0.923807,0.0801
1084,0.918594,0.0809
1085,0.908261,0.0805
1086,0.911527,0.0813
1087,0.923337,0.0811
1088,0.930474,0.0819
1089,0.930261,0.0817
1090,0.933311,0.0820
1091,0.927803,0.0816
1092,0.935316,0.0826
1093,0.931242,0.0844
1094,0.926026,0.0824
1095,0.921856,0.0835
1096,0.907707,0.0844
1097,0.895256,0.0871
1098,0.890428,0.0864
1099,0.884166,0.0844
1100,0.871623,0.0861
1101,0.862186,0.0871
1102,0.860935,0.0865
1103,0.858203,0.0882
1104,0.859044,0.0877
1105,0.868249,0.0880
1106,0.871807,0.0901
1107,0.863718,0.0886
1108,0.860037,0.0893
1109,0.857158,0.0918
1110,0.857556,0.0897
1111,0.856847,0.0908
1112,0.856469,0.0904
1113,0.858302,0.0914
1114,0.860819,0.0916
1115,0.861378,0.0918
1116,0.858797,0.0949
1117,0.858424,0.0951
1118,0.860291,0.0956
1119,0.854104,0.0960
1120,0.845963,0.0949
1121,0.836476,0.0967
1122,0.837286,0.0957
1123,0.846744,0.1004
1124,0.844793,0.0989
1125,0.849988,0.1003
1126,0.851423,0.1022
1127,0.841815,0.1013
1128,0.837407,0.1016
1129,0.836350,0.1019
1130,0.840975,0.1033
1131,0.854289,0.1015
1132,0.849834,0.1022
1133,0.843104,0.1029
1134,0.839456,0.1046
1135,0.833325,0.1030
1136,0.837390,0.1025
1137,0.840687,0.1036
1138,0.841213,0.1058
1139,0.839283,0.1075
1140,0.840321,0.1050
1141,0.831980,0.1046
1142,0.830166,0.1065
1143,0.828514,0.1092
1144,0.830699,0.1066
1145,0.833528,0.1081
1146,0.830137,0.1078
1147,0.821186,0.1091
1148,0.827914,0.1093
1149,0.830355,0.1084
1150,0.819046,0.1116
1151,0.822577,0.1084
1152,0.816801,0.1095
1153,0.834470,0.1099
1154,0.845973,0.1110
1155,0.836290,0.1108
1156,0.827852,0.1081
1157,0.826890,0.1104
1158,0.818925,0.1086
1159,0.825514,0.1092
1160,0.825336,0.1084
1161,0.810020,0.1072
1162,0.802813,0.1093
1163,0.823008,0.1090
1164,0.846632,0.1087
1165,0.865381,0.1086
1166,0.862711,0.1098
1167,0.841873,0.1084
1168,0.821234,0.1074
1169,0.812707,0.1086
1170,0.831217,0.1065
1171,0.841111,0.1075
1172,0.841396,0.1043
1173,0.821737,0.1046
1174,0.808315,0.1075
1175,0.802418,0.1028
1176,0.797795,0.1015
1177,0.800572,0.0999
1178,0.809671,0.1002
1179,0.818290,0.1021
1180,0.817157,0.1005
1181,0.806181,0.0981
1182,0.792428,0.0988
1183,0.791550,0.0997
1184,0.795411,0.1011
1185,0.788609,0.0998
1186,0.786591,0.0984
1187,0.783811,0.1004
1188,0.774153,0.0979
1189,0.775214,0.0955
1190,0.776753,0.0942
1191,0.783231,0.0950
1192,0.782032,0.0943
1193,0.777406,0.0936
1194,0.781424,0.0929
1195,0.779696,0.0937
1196,0.782042,0.0920
1197,0.778393,0.0921
1198,0.774456,0.0924
1199,0.778750,0.0915
1200,0.791889,0.0900
1201,0.799866,0.0899
1202,0.781869,0.0891
1203,0.773696,0.0893
1204,0.766201,0.0903
1205,0.768856,0.0891
1206,0.775605,0.0887
1207,0.792894,0.0894
1208,0.795133,0.0902
1209,0.787947,0.0891
1210,0.780039,0.0887
1211,0.771993,0.0875
1212,0.771521,0.0885
1213,0.764924,0.0883
1214,0.761667,0.0872
1215,0.772682,0.0907
1216,0.769056,0.0899
1217,0.765560,0.0887
1218,0.760989,0.0891
1219,0.754315,0.0875
1220,0.753266,0.0891
1221,0.764078,0.0908
1222,0.763137,0.0906
1223,0.769575,0.0908
1224,0.777965,0.0912
1225,0.777297,0.0911
1226,0.772102,0.0911
1227,0.775005,0.0898
1228,0.777009,0.0911
1229,0.774992,0.0903
1230,0.775211,0.0929
1231,0.777517,0.0900
1232,0.775177,0.0915
1233,0.773341,0.0903
1234,0.770714,0.0920
1235,0.767506,0.0910
1236,0.765610,0.0921
1237,0.759906,0.0907
1238,0.752983,0.0920
1239,0.746112,0.0908
1240,0.747522,0.0916
1241,0.748036,0.0937
1242,0.749132,0.0941
1243,0.745077,0.0921
1244,0.746693,0.0921
1245,0.742443,0.0947
1246,0.739713,0.0965
1247,0.739628,0.0916
1248,0.757118,0.0927
1249,0.760474,0.0941
1250,0.764008,0.0924
1251,0.761878,0.0955
1252,0.752660,0.0934
1253,0.747896,0.0925
1254,0.756473,0.0962
1255,0.756677,0.0940
1256,0.753251,0.0935
1257,0.738588,0.0948
1258,0.728707,0.0963
1259,0.719956,0.0929
1260,0.723870,0.0949
1261,0.725847,0.0976
1262,0.725748,0.0967
1263,0.718579,0.0939
1264,0.710897,0.0952
1265,0.706148,0.0961
1266,0.709044,0.0950
1267,0.713276,0.0939
1268,0.708733,0.0980
1269,0.711349,0.0964
1270,0.708883,0.0946
1271,0.710588,0.0941
1272,0.713152,0.0976
1273,0.716491,0.0966
1274,0.717535,0.0975
1275,0.724064,0.0974
1276,0.728808,0.0951
1277,0.721389,0.0975
1278,0.711742,0.0972
1279,0.716291,0.0971
1280,0.714730,0.0960
1281,0.711958,0.0950
1282,0.720716,0.0962
1283,0.738120,0.0980
1284,0.733100,0.0963
1285,0.724928,0.0958
1286,0.708615,0.0979
1287,0.703664,0.0972
1288,0.710115,0.0980
1289,0.705662,0.0996
1290,0.710693,0.0986
1291,0.703892,0.0961
1292,0.711078,0.0959
1293,0.718284,0.0973
1294,0.729004,0.0985
1295,0.723069,0.0981
1296,0.719389,0.0973
1297,0.729832,0.0963
1298,0.724074,0.0985
1299,0.706578,0.0977
1300,0.695149,0.1004
1301,0.692333,0.1006
1302,0.688449,0.0987
1303,0.691612,0.0989
1304,0.696163,0.0982
1305,0.696187,0.0969
1306,0.692490,0.0963
1307,0.687756,0.0965
1308,0.694597,0.1006
1309,0.696940,0.0990
1310,0.690422,0.0998
1311,0.690051,0.0995
1312,0.691972,0.0989
1313,0.692054,0.0983
1314,0.693566,0.0993
1315,0.694435,0.0971
1316,0.693072,0.0967
1317,0.683309,0.0989
1318,0.681207,0.0991
1319,0.680965,0.1003
1320,0.688231,0.1025
1321,0.691782,0.1006
1322,0.687508,0.1014
1323,0.689216,0.1008
1324,0.679826,0.1006
1325,0.675514,0.1027
1326,0.668885,0.1004
1327,0.663056,0.1027
1328,0.663411,0.1005
1329,0.660674,0.1007
1330,0.662850,0.1011
1331,0.663352,0.1026
1332,0.665091,0.1009
1333,0.674058,0.1030
1334,0.669836,0.1012
1335,0.671409,0.1011
1336,0.668953,0.1029
1337,0.667998,0.1026
1338,0.659317,0.1009
1339,0.653429,0.1020
1340,0.649450,0.1011
1341,0.649019,0.1016
1342,0.640000,0.1052
1343,0.637150,0.1051
1344,0.635075,0.1047
1345,0.637787,0.1034
1346,0.639150,0.1030
1347,0.639730,0.1026
1348,0.643702,0.1044
1349,0.641302,0.1080
1350,0.639495,0.1053
1351,0.638394,0.1049
1352,0.636911,0.1059
1353,0.636216,0.1085
1354,0.635187,0.1070
1355,0.629778,0.1064
1356,0.635059,0.1107
1357,0.629657,0.1073
1358,0.628842,0.1079
1359,0.628420,0.1087
1360,0.632168,0.1095
1361,0.629100,0.1099
1362,0.626805,0.1094
1363,0.627215,0.1103
1364,0.628082,0.1096
1365,0.627757,0.1102
1366,0.638105,0.1111
1367,0.642404,0.1112
1368,0.649533,0.1116
1369,0.643574,0.1128
1370,0.635323,0.1126
1371,0.628270,0.1138
1372,0.629177,0.1132
1373,0.630435,0.1128
1374,0.628917,0.1148
1375,0.636988,0.1141
1376,0.652330,0.1140
1377,0.662692,0.1164
1378,0.672560,0.1178
1379,0.677651,0.1156
1380,0.694217,0.1150
1381,0.701782,0.1174
1382,0.694565,0.1174
1383,0.678133,0.1193
1384,0.685799,0.1196
1385,0.686667,0.1190
1386,0.678011,0.1149
1387,0.674089,0.1194
1388,0.659020,0.1209
1389,0.649140,0.1207
1390,0.643627,0.1210
1391,0.641490,0.1203
1392,0.635260,0.1196
1393,0.637204,0.1228
1394,0.646393,0.1217
1395,0.643419,0.1205
1396,0.647064,0.1205
1397,0.642701,0.1212
1398,0.640424,0.1208
1399,0.639741,0.1209
1400,0.640501,0.1206
1401,0.647651,0.1212
1402,0.653406,0.1229
1403,0.662105,0.1237
1404,0.670958,0.1218
1405,0.660866,0.1266
1406,0.641966,0.1247
1407,0.629194,0.1253
1408,0.620439,0.1234
1409,0.615776,0.1239
1410,0.622537,0.1271
1411,0.623786,0.1266
1412,0.624426,0.1243
1413,0.630989,0.1240
1414,0.632304,0.1249
1415,0.628960,0.1274
1416,0.624808,0.1245
1417,0.617575,0.1257
1418,0.617417,0.1226
1419,0.621928,0.1268
1420,0.631523,0.1259
1421,0.632466,0.1250
1422,0.633125,0.1236
1423,0.626439,0.1252
1424,0.621174,0.1256
1425,0.615337,0.1273
1426,0.611145,0.1234
1427,0.604453,0.1232
1428,0.608044,0.1257
1429,0.606979,0.1288
1430,0.605986,0.1247
1431,0.604845,0.1258
1432,0.602334,0.1248
1433,0.604680,0.1272
1434,0.603536,0.1266
1435,0.602227,0.1251
1436,0.603908,0.1253
1437,0.601614,0.1282
1438,0.595406,0.1260
1439,0.603130,0.1261
1440,0.610717,0.1298
1441,0.612506,0.1275
1442,0.612551,0.1267
1443,0.610645,0.1293
1444,0.610280,0.1271
1445,0.608777,0.1283
1446,0.608568,0.1299
1447,0.607436,0.1280
1448,0.604937,0.1303
1449,0.606938,0.1280
1450,0.605457,0.1283
1451,0.597596,0.1297
1452,0.595438,0.1286
1453,0.596603,0.1308
1454,0.596660,0.1284
1455,0.590335,0.1300
1456,0.593020,0.1306
1457,0.592030,0.1305
1458,0.595592,0.1304
1459,0.589769,0.1294
1460,0.587264,0.1301
1461,0.588824,0.1285
1462,0.593326,0.1294
1463,0.594696,0.1292
1464,0.596024,0.1273
1465,0.595597,0.1316
1466,0.594277,0.1295
1467,0.593810,0.1309
1468,0.590641,0.1302
1469,0.586136,0.1321
1470,0.585749,0.1307
1471,0.582125,0.1317
1472,0.582604,0.1294
1473,0.584877,0.1305
1474,0.584220,0.1304
1475,0.583634,0.1326
1476,0.579480,0.1307
1477,0.574618,0.1329
1478,0.569801,0.1290
1479,0.575441,0.1309
1480,0.588807,0.1292
1481,0.593125,0.1314
1482,0.624226,0.1303
1483,0.619963,0.1318
1484,0.604047,0.1292
1485,0.599481,0.1300
1486,0.591235,0.1293
1487,0.597187,0.1276
1488,0.601410,0.1301
1489,0.620446,0.1278
1490,0.620559,0.1304
1491,0.614546,0.1277
1492,0.601243,0.1273
1493,0.587570,0.1296
1494,0.583992,0.1276
1495,0.578679,0.1278
1496,0.575892,0.1295
1497,0.580481,0.1289
1498,0.586129,0.1314
1499,0.582622,0.1283
1500,0.583024,0.1288
1501,0.578348,0.1284
1502,0.574091,0.1310
1503,0.564488,0.1301
1504,0.564448,0.1288
1505,0.562634,0.1304
1506,0.562884,0.1299
1507,0.569293,0.1313
1508,0.569111,0.1299
1509,0.569422,0.1303
1510,0.566888,0.1301
1511,0.558037,0.1307
1512,0.557843,0.1288
1513,0.561318,0.1295
1514,0.564505,0.1311
1515,0.565770,0.1288
1516,0.568282,0.1302
1517,0.573694,0.1288
1518,0.572316,0.1329
1519,0.569772,0.1317
1520,0.564257,0.1310
1521,0.561442,0.1295
1522,0.558573,0.1325
1523,0.554794,0.1309
1524,0.554436,0.1316
1525,0.553628,0.1297
1526,0.550342,0.1321
1527,0.549826,0.1321
1528,0.556111,0.1317
1529,0.557420,0.1319
1530,0.552849,0.1313
1531,0.554079,0.1309
1532,0.547110,0.1303
1533,0.545004,0.1330
1534,0.549915,0.1308
1535,0.553475,0.1319
1536,0.549229,0.1301
1537,0.546468,0.1321
1538,0.548771,0.1275
1539,0.549499,0.1272
1540,0.546169,0.1299
1541,0.544269,0.1280
1542,0.551164,0.1284
1543,0.563834,0.1289
1544,0.564331,0.1265
1545,0.558668,0.1302
1546,0.560232,0.1291
1547,0.559891,0.1275
1548,0.561486,0.1291
1549,0.557841,0.1263
1550,0.561452,0.1301
1551,0.568932,0.1274
1552,0.564912,0.1259
1553,0.547276,0.1271
1554,0.538244,0.1286
1555,0.539902,0.1263
1556,0.541177,0.1294
1557,0.545677,0.1271
1558,0.541354,0.1270
1559,0.539907,0.1306
1560,0.536317,0.1298
1561,0.532515,0.1308
1562,0.534426,0.1292
1563,0.531252,0.1278
1564,0.531564,0.1304
1565,0.538723,0.1297
1566,0.545051,0.1302
1567,0.546572,0.1291
1568,0.539114,0.1304
1569,0.530986,0.1279
1570,0.528147,0.1274
1571,0.521971,0.1285
1572,0.519794,0.1285
1573,0.521701,0.1281
1574,0.525099,0.1297
1575,0.536831,0.1265
1576,0.538366,0.1268
1577,0.551101,0.1294
1578,0.553504,0.1267
1579,0.539515,0.1269
1580,0.542130,0.1287
1581,0.550526,0.1274
1582,0.542304,0.1271
1583,0.541259,0.1302
1584,0.543312,0.1265
1585,0.549340,0.1297
1586,0.553366,0.1291
1587,0.542029,0.1282
1588,0.539907,0.1312
1589,0.534730,0.1303
1590,0.538738,0.1319
1591,0.539637,0.1285
1592,0.537960,0.1312
1593,0.532906,0.1278
1594,0.527078,0.1298
1595,0.522842,0.1279
1596,0.527338,0.1265
1597,0.526870,0.1280
1598,0.527853,0.1285
1599,0.536424,0.1265
1600,0.532000,0.1281
1601,0.522087,0.1312
1602,0.520848,0.1298
1603,0.518240,0.1313
1604,0.513712,0.1288
1605,0.515206,0.1320
1606,0.516135,0.1307
1607,0.515803,0.1315
1608,0.521760,0.1306
1609,0.522936,0.1312
1610,0.520419,0.1290
1611,0.513346,0.1324
1612,0.504667,0.1305
1613,0.504163,0.1311
1614,0.503242,0.1310
1615,0.506076,0.1322
1616,0.504845,0.1291
1617,0.521116,0.1313
1618,0.523380,0.1290
1619,0.519156,0.1334
1620,0.514775,0.1294
1621,0.518022,0.1314
1622,0.517700,0.1292
1623,0.521112,0.1317
1624,0.514278,0.1310
1625,0.513344,0.1326
1626,0.518034,0.1291
1627,0.516645,0.1321
1628,0.502999,0.1312
1629,0.509254,0.1315
1630,0.514112,0.1307
1631,0.515490,0.1316
1632,0.511004,0.1299
1633,0.512913,0.1317
1634,0.506452,0.1310
1635,0.502020,0.1314
1636,0.499992,0.1295
1637,0.499633,0.1315
1638,0.498742,0.1312
1639,0.496139,0.1318
1640,0.497000,0.1320
1641,0.495206,0.1322
1642,0.491681,0.1321
1643,0.493254,0.1316
1644,0.489565,0.1332
1645,0.489642,0.1311
1646,0.493146,0.1338
1647,0.495499,0.1318
1648,0.496662,0.1320
1649,0.493729,0.1320
1650,0.492095,0.1300
1651,0.488269,0.1298
1652,0.488461,0.1320
1653,0.483881,0.1298
1654,0.483951,0.1313
1655,0.487928,0.1299
1656,0.495136,0.1318
1657,0.499472,0.1294
1658,0.499105,0.1305
1659,0.493159,0.1301
1660,0.486279,0.1316
1661,0.483984,0.1285
1662,0.480655,0.1315
1663,0.479062,0.1300
1664,0.474461,0.1310
1665,0.472180,0.1303
1666,0.475804,0.1328
1667,0.478728,0.1320
1668,0.478166,0.1333
1669,0.474494,0.1319
1670,0.474186,0.1345
1671,0.475538,0.1330
1672,0.471181,0.1304
1673,0.474150,0.1321
1674,0.470676,0.1305
1675,0.466013,0.1309
1676,0.515689,0.1311
1677,0.534842,0.1316
1678,0.540392,0.1313
1679,0.532691,0.1312
1680,0.519629,0.1313
1681,0.515301,0.1311
1682,0.519407,0.1312
1683,0.519054,0.1311
1684,0.517061,0.1314
1685,0.505709,0.1311
1686,0.499922,0.1313
1687,0.505283,0.1314
1688,0.505646,0.1313
1689,0.503759,0.1313
1690,0.495964,0.1312
1691,0.490193,0.1310
1692,0.489231,0.1314
1693,0.487135,0.1315
1694,0.483136,0.1312
1695,0.489305,0.1311
1696,0.489878,0.1314
1697,0.485721,0.1312
1698,0.482589,0.1312
1699,0.475494,0.1312
1700,0.475039,0.1314
1701,0.477924,0.1312
1702,0.479031,0.1310
1703,0.474233,0.1313
1704,0.471622,0.1315
1705,0.466980,0.1309
1706,0.468443,0.1315
1707,0.474209,0.1312
1708,0.479381,0.1314
1709,0.491177,0.1311
1710,0.503049,0.1314
1711,0.512758,0.1307
1712,0.508989,0.1319
1713,0.505908,0.1313
1714,0.492441,0.1316
1715,0.481618,0.1318
1716,0.479007,0.1316
1717,0.490439,0.1316
1718,0.496515,0.1311
1719,0.498621,0.1320
1720,0.504598,0.1312
1721,0.503309,0.1320
1722,0.499841,0.1332
1723,0.489622,0.1349
1724,0.480670,0.1338
1725,0.486331,0.1334
1726,0.497407,0.1353
1727,0.495055,0.1334
1728,0.487702,0.1339
1729,0.483726,0.1353
1730,0.474077,0.1334
1731,0.468428,0.1340
1732,0.468467,0.1354
1733,0.471794,0.1330
1734,0.471818,0.1337
1735,0.464144,0.1355
1736,0.461801,0.1331
1737,0.458771,0.1345
1738,0.462686,0.1349
1739,0.467467,0.1332
1740,0.468318,0.1355
1741,0.466029,0.1353
1742,0.468825,0.1331
1743,0.460521,0.1348
1744,0.456867,0.1355
1745,0.457999,0.1333
1746,0.451998,0.1346
1747,0.446025,0.1352
1748,0.441684,0.1333
1749,0.440273,0.1361
1750,0.441075,0.1337
1751,0.442178,0.1312
1752,0.450882,0.1338
1753,0.449033,0.1325
1754,0.443636,0.1349
1755,0.449800,0.1338
1756,0.451777,0.1330
1757,0.453473,0.1346
1758,0.451110,0.1357
1759,0.447027,0.1338
1760,0.444395,0.1351
1761,0.441003,0.1366
1762,0.443271,0.1344
1763,0.444383,0.1342
1764,0.449400,0.1361
1765,0.461761,0.1351
1766,0.468061,0.1343
1767,0.470759,0.1360
1768,0.469585,0.1358
1769,0.472996,0.1341
1770,0.465914,0.1348
1771,0.459727,0.1365
1772,0.454485,0.1322
1773,0.445462,0.1333
1774,0.442083,0.1336
1775,0.435517,0.1320
1776,0.428058,0.1346
1777,0.423626,0.1341
1778,0.426472,0.1331
1779,0.430754,0.1344
1780,0.432769,0.1321
1781,0.437597,0.1342
1782,0.439986,0.1340
1783,0.440553,0.1324
1784,0.447152,0.1348
1785,0.449519,0.1336
1786,0.448270,0.1328
1787,0.442568,0.1346
1788,0.438051,0.1328
1789,0.433580,0.1333
1790,0.434656,0.1343
1791,0.430432,0.1323
1792,0.431060,0.1350
1793,0.430549,0.1338
1794,0.441023,0.1336
1795,0.438403,0.1349
1796,0.439840,0.1335
1797,0.438617,0.1338
1798,0.441064,0.1351
1799,0.432398,0.1331
1800,0.429164,0.1337
1801,0.431223,0.1353
1802,0.433549,0.1362
1803,0.437178,0.1349
1804,0.436291,0.1362
1805,0.428753,0.1376
1806,0.425739,0.1368
1807,0.425619,0.1351
1808,0.429131,0.1359
1809,0.428525,0.1377
1810,0.427313,0.1378
1811,0.425211,0.1359
1812,0.419296,0.1337
1813,0.412467,0.1355
1814,0.412307,0.1344
1815,0.411582,0.1336
1816,0.413308,0.1356
1817,0.410314,0.1352
1818,0.414200,0.1333
1819,0.414227,0.1354
1820,0.418021,0.1359
1821,0.421993,0.1335
1822,0.422796,0.1342
1823,0.420610,0.1355
1824,0.418556,0.1335
1825,0.424544,0.1343
1826,0.426292,0.1354
1827,0.421201,0.1335
1828,0.424038,0.1344
1829,0.426673,0.1359
1830,0.426659,0.1340
1831,0.423543,0.1347
1832,0.419359,0.1362
1833,0.420807,0.1348
1834,0.424642,0.1341
1835,0.429236,0.1359
1836,0.422358,0.1350
1837,0.418318,0.1343
1838,0.412967,0.1359
1839,0.410858,0.1369
1840,0.415342,0.1348
1841,0.417500,0.1345
1842,0.413667,0.1364
1843,0.416212,0.1359
1844,0.415584,0.1340
1845,0.412800,0.1354
1846,0.417047,0.1370
1847,0.418876,0.1351
1848,0.418543,0.1342
1849,0.418402,0.1362
1850,0.419346,0.1362
1851,0.427933,0.1343
1852,0.435483,0.1348
1853,0.433572,0.1367
1854,0.431034,0.1350
1855,0.428290,0.1346
1856,0.432086,0.1366
1857,0.431867,0.1363
1858,0.427161,0.1357
1859,0.423897,0.1350
1860,0.427508,0.1374
1861,0.448390,0.1384
1862,0.454635,0.1361
1863,0.464951,0.1349
1864,0.472256,0.1367
1865,0.479761,0.1368
1866,0.481651,0.1372
1867,0.478291,0.1342
1868,0.481022,0.1384
1869,0.484206,0.1398
1870,0.487806,0.1394
1871,0.478289,0.1395
1872,0.472165,0.1387
1873,0.463547,0.1380
1874,0.455027,0.1366
1875,0.445537,0.1373
1876,0.436424,0.1392
1877,0.431093,0.1417
1878,0.431392,0.1395
1879,0.444156,0.1401
1880,0.448563,0.1397
1881,0.441520,0.1393
1882,0.424872,0.1380
1883,0.415840,0.1366
1884,0.408123,0.1369
1885,0.407768,0.1388
1886,0.400648,0.1402
1887,0.392008,0.1395
1888,0.389766,0.1396
1889,0.398911,0.1393
1890,0.401071,0.1382
1891,0.403971,0.1373
1892,0.409074,0.1367
1893,0.407980,0.1372
1894,0.410566,0.1403
1895,0.411479,0.1460
1896,0.406526,0.1381
1897,0.400256,0.1462
1898,0.395479,0.1384
1899,0.396446,0.1395
1900,0.395896,0.1397
1901,0.395563,0.1401
1902,0.407827,0.1398
1903,0.404026,0.1450
1904,0.408069,0.1397
1905,0.403989,0.1442
1906,0.403554,0.1440
1907,0.396281,0.1382
1908,0.393340,0.1414
1909,0.386661,0.1408
1910,0.385750,0.1412
1911,0.385944,0.1397
1912,0.384838,0.1401
1913,0.390701,0.1399
1914,0.391820,0.1393
1915,0.390692,0.1389
1916,0.386304,0.1379
1917,0.384313,0.1369
1918,0.383923,0.1374
1919,0.380286,0.1397
1920,0.385244,0.1403
1921,0.384882,0.1398
1922,0.379491,0.1398
1923,0.385111,0.1398
1924,0.396930,0.1391
1925,0.402388,0.1379
1926,0.399479,0.1377
1927,0.399849,0.1379
1928,0.395601,0.1396
1929,0.393928,0.1398
1930,0.389868,0.1405
1931,0.389936,0.1399
1932,0.388302,0.1398
1933,0.387287,0.1397
1934,0.387909,0.1394
1935,0.388325,0.1395
1936,0.388313,0.1393
1937,0.383065,0.1404
1938,0.384433,0.1378
1939,0.389497,0.1404
1940,0.405586,0.1409
1941,0.420029,0.1383
1942,0.438425,0.1397
1943,0.437330,0.1424
1944,0.434438,0.1383
1945,0.421839,0.1389
1946,0.416647,0.1381
1947,0.407210,0.1370
1948,0.402687,0.1360
1949,0.396160,0.1415
1950,0.393790,0.1422
1951,0.395262,0.1366
1952,0.398986,0.1384
1953,0.399325,0.1443
1954,0.407816,0.1424
1955,0.404694,0.1383
1956,0.413695,0.1458
1957,0.404963,0.1402
1958,0.402062,0.1423
1959,0.393972,0.1371
1960,0.397068,0.1400
1961,0.394968,0.1430
1962,0.387042,0.1454
1963,0.388835,0.1415
1964,0.385418,0.1409
1965,0.386558,0.1416
1966,0.384495,0.1389
1967,0.384588,0.1425
1968,0.382171,0.1415
1969,0.382943,0.1402
1970,0.384361,0.1433
1971,0.381544,0.1400
1972,0.376795,0.1437
1973,0.372515,0.1422
1974,0.369441,0.1395
1975,0.363240,0.1366
1976,0.363843,0.1414
1977,0.373812,0.1416
1978,0.375246,0.1403
1979,0.379423,0.1415
1980,0.375850,0.1433
1981,0.373709,0.1501
1982,0.375005,0.1453
1983,0.376199,0.1418
1984,0.373555,0.1418
1985,0.375982,0.1419
1986,0.373621,0.1426
1987,0.374033,0.1433
1988,0.383028,0.1447
1989,0.387624,0.1380
1990,0.381592,0.1418
1991,0.377749,0.1454
1992,0.378049,0.1648
1993,0.378018,0.1386
1994,0.377442,0.1409
1995,0.391602,0.1367
1996,0.397217,0.1436
1997,0.405747,0.1448
1998,0.403649,0.1463
1999,0.395195,0.1469
2000,0.377413,0.1452
2001,0.376969,0.1417
2002,0.380996,0.1422
2003,0.388429,0.1435
2004,0.382303,0.1443
2005,0.376866,0.1475
2006,0.379158,0.1430
2007,0.382331,0.1420
2008,0.381423,0.1446
2009,0.381487,0.1391
2010,0.373416,0.1403
2011,0.365305,0.1428
2012,0.362652,0.1425
2013,0.367669,0.1418
2014,0.371441,0.1472
2015,0.370133,0.1436
2016,0.364516,0.1442
2017,0.366544,0.1402
2018,0.370149,0.1449
2019,0.369915,0.1395
2020,0.362346,0.1434
2021,0.358219,0.1388
2022,0.357555,0.1405
2023,0.356838,0.1411
2024,0.352980,0.1453
2025,0.357309,0.1392
2026,0.368107,0.1430
2027,0.371581,0.1391
2028,0.370007,0.1403
2029,0.365979,0.1438
2030,0.373388,0.1391
2031,0.383194,0.1439
2032,0.392089,0.1438
2033,0.396083,0.1381
2034,0.390706,0.1436
2035,0.382901,0.1390
2036,0.372011,0.1390
2037,0.371246,0.1398
2038,0.369554,0.1400
2039,0.367550,0.1402
2040,0.370933,0.1412
2041,0.386965,0.1450
2042,0.398423,0.1451
2043,0.396170,0.1393
2044,0.385977,0.1388
2045,0.380147,0.1396
2046,0.380634,0.1455
2047,0.388020,0.1427
2048,0.395422,0.1399
2049,0.390848,0.1475
2050,0.384390,0.1420
2051,0.382775,0.1421
2052,0.377671,0.1430
2053,0.376077,0.1423
2054,0.369399,0.1423
2055,0.361579,0.1417
2056,0.360359,0.1417
2057,0.355525,0.1411
2058,0.360125,0.1460
2059,0.356788,0.1431
2060,0.358690,0.1402
2061,0.359473,0.1426
2062,0.357651,0.1417
2063,0.365677,0.1489
2064,0.363524,0.1437
2065,0.355935,0.1433
2066,0.359289,0.1423
2067,0.364089,0.1418
2068,0.361071,0.1416
2069,0.364843,0.1419
2070,0.359901,0.1485
2071,0.358668,0.1441
2072,0.355815,0.1451
2073,0.352745,0.1445
2074,0.349781,0.1435
2075,0.343738,0.1435
2076,0.340440,0.1424
2077,0.341286,0.1438
2078,0.340630,0.1452
2079,0.338545,0.1463
2080,0.338419,0.1500
2081,0.338789,0.1438
2082,0.336626,0.1455
2083,0.336779,0.1462
2084,0.340869,0.1444
2085,0.346431,0.1433
2086,0.345231,0.1429
2087,0.340784,0.1440
2088,0.342292,0.1523
2089,0.345827,0.1439
2090,0.343330,0.1434
2091,0.344867,0.1443
2092,0.346260,0.1459
2093,0.346927,0.1468
2094,0.348043,0.1450
2095,0.348870,0.1444
2096,0.348373,0.1452
2097,0.351764,0.1464
2098,0.350280,0.1476
2099,0.348132,0.1451
2100,0.344921,0.1451
2101,0.342633,0.1477
2102,0.342396,0.1452
2103,0.337143,0.1449
2104,0.336386,0.1465
2105,0.340682,0.1477
2106,0.340027,0.1461
2107,0.344504,0.1451
2108,0.341813,0.1523
2109,0.340200,0.1460
2110,0.336419,0.1451
2111,0.332165,0.1464
2112,0.331147,0.1482
2113,0.328548,0.1464
2114,0.328187,0.1463
2115,0.329112,0.1474
2116,0.329354,0.1480
2117,0.331199,0.1450
2118,0.330072,0.1458
2119,0.327666,0.1526
2120,0.325018,0.1464
2121,0.323267,0.1472
2122,0.324684,0.1490
2123,0.323338,0.1505
2124,0.324502,0.1517
2125,0.323575,0.1499
2126,0.325772,0.1524
2127,0.325119,0.1507
2128,0.326605,0.1525
2129,0.329989,0.1497
2130,0.327211,0.1480
2131,0.331032,0.1476
2132,0.332706,0.1456
2133,0.333965,0.1461
2134,0.334726,0.1520
2135,0.337128,0.1501
2136,0.340272,0.1481
2137,0.342928,0.1497
2138,0.345472,0.1515
2139,0.344104,0.1471
2140,0.346522,0.1455
2141,0.350178,0.1511
2142,0.354741,0.1472
2143,0.361064,0.1522
2144,0.356863,0.1488
2145,0.354759,0.1510
2146,0.367785,0.1472
2147,0.370331,0.1506
2148,0.375667,0.1521
2149,0.371739,0.1507
2150,0.359721,0.1520
2151,0.349585,0.1493
2152,0.343278,0.1536
2153,0.339209,0.1492
2154,0.343722,0.1470
2155,0.344104,0.1524
2156,0.348858,0.1525
2157,0.342373,0.1500
2158,0.344168,0.1468
2159,0.348951,0.1469
2160,0.352310,0.1488
2161,0.354566,0.1477
2162,0.357863,0.1473
2163,0.360582,0.1489
2164,0.364876,0.1477
2165,0.364375,0.1470
2166,0.363684,0.1467
2167,0.362351,0.1504
2168,0.363492,0.1452
2169,0.355359,0.1471
2170,0.354980,0.1480
2171,0.349313,0.1454
2172,0.347988,0.1492
2173,0.344974,0.1478
2174,0.350113,0.1479
2175,0.350078,0.1461
2176,0.351521,0.1474
2177,0.349761,0.1472
2178,0.348648,0.1457
2179,0.344546,0.1457
2180,0.347156,0.1473
2181,0.348995,0.1475
2182,0.343638,0.1448
2183,0.338880,0.1453
2184,0.327704,0.1475
2185,0.328780,0.1477
2186,0.332731,0.1458
2187,0.336042,0.1472
2188,0.335344,0.1484
2189,0.333876,0.1470
2190,0.330417,0.1466
2191,0.331734,0.1520
2192,0.334500,0.1466
2193,0.339925,0.1462
2194,0.347525,0.1542
2195,0.352031,0.1464
2196,0.353856,0.1474
2197,0.344467,0.1494
2198,0.337866,0.1504
2199,0.335937,0.1486
2200,0.334227,0.1489
2201,0.326709,0.1512
2202,0.325285,0.1490
2203,0.322292,0.1508
2204,0.323711,0.1525
2205,0.325256,0.1468
2206,0.324050,0.1490
2207,0.325470,0.1466
2208,0.323299,0.1467
2209,0.320984,0.1480
2210,0.316045,0.1479
2211,0.319738,0.1505
2212,0.327146,0.1492
2213,0.329651,0.1466
2214,0.332511,0.1511
2215,0.341777,0.1487
2216,0.341151,0.1464
2217,0.339377,0.1522
2218,0.329190,0.1471
2219,0.325204,0.1510
2220,0.320013,0.1492
2221,0.314388,0.1507
2222,0.311491,0.1487
2223,0.310818,0.1493
2224,0.317148,0.1512
2225,0.326064,0.1487
2226,0.327131,0.1470
2227,0.326184,0.1519
2228,0.324473,0.1469
2229,0.326631,0.1472
2230,0.329815,0.1517
2231,0.328235,0.1473
2232,0.324831,0.1483
2233,0.320199,0.1500
2234,0.317311,0.1513
2235,0.318289,0.1500
2236,0.316304,0.1473
2237,0.319871,0.1484
2238,0.319316,0.1495
2239,0.314050,0.1474
2240,0.313480,0.1530
2241,0.307678,0.1512
2242,0.308091,0.1560
2243,0.307243,0.1521
2244,0.303946,0.1512
2245,0.303560,0.1524
2246,0.305786,0.1517
2247,0.315164,0.1550
2248,0.322955,0.1503
2249,0.324241,0.1561
2250,0.325939,0.1515
2251,0.323236,0.1529
2252,0.321117,0.1475
2253,0.320732,0.1531
2254,0.314951,0.1476
2255,0.307301,0.1527
2256,0.305442,0.1509
2257,0.304886,0.1541
2258,0.306245,0.1520
2259,0.300675,0.1539
2260,0.297755,0.1487
2261,0.294397,0.1542
2262,0.296515,0.1530
2263,0.299913,0.1488
2264,0.298722,0.1526
2265,0.296759,0.1492
2266,0.294507,0.1525
2267,0.295501,0.1491
2268,0.293090,0.1485
2269,0.294911,0.1530
2270,0.292396,0.1511
2271,0.290821,0.1530
2272,0.291684,0.1488
2273,0.291307,0.1502
2274,0.287953,0.1481
2275,0.291747,0.1521
2276,0.292028,0.1484
2277,0.290599,0.1497
2278,0.295358,0.1525
2279,0.290721,0.1500
2280,0.303361,0.1497
2281,0.325065,0.1489
2282,0.325323,0.1533
2283,0.313174,0.1514
2284,0.298825,0.1507
2285,0.299334,0.1491
2286,0.306460,0.1546
2287,0.304701,0.1495
2288,0.297939,0.1518
2289,0.297979,0.1499
2290,0.302288,0.1516
2291,0.302408,0.1489
2292,0.300357,0.1512
2293,0.305274,0.1494
2294,0.304344,0.1529
2295,0.315188,0.1500
2296,0.333189,0.1508
2297,0.346547,0.1502
2298,0.339558,0.1518
2299,0.330745,0.1510
2300,0.326418,0.1516
2301,0.313051,0.1512
2302,0.306601,0.1512
2303,0.301484,0.1513
2304,0.297513,0.1518
2305,0.302405,0.1513
2306,0.307780,0.1523
2307,0.310477,0.1520
2308,0.303612,0.1527
2309,0.306441,0.1505
2310,0.306716,0.1530
2311,0.310469,0.1514
2312,0.308154,0.1533
2313,0.305181,0.1516
2314,0.302527,0.1533
2315,0.303602,0.1519
2316,0.311532,0.1554
2317,0.309225,0.1545
2318,0.309551,0.1522
2319,0.303406,0.1533
2320,0.300427,0.1525
2321,0.297175,0.1530
2322,0.297757,0.1533
2323,0.303261,0.1538
2324,0.308297,0.1545
2325,0.310270,0.1543
2326,0.309864,0.1529
2327,0.303000,0.1555
2328,0.300658,0.1545
2329,0.300589,0.1526
2330,0.303740,0.1542
2331,0.305369,0.1546
2332,0.305918,0.1537
2333,0.309577,0.1552
2334,0.306124,0.1542
2335,0.302070,0.1536
2336,0.297805,0.1554
2337,0.296790,0.1546
2338,0.292555,0.1551
2339,0.291878,0.1551
2340,0.291653,0.1546
2341,0.291926,0.1514
2342,0.296876,0.1557
2343,0.299919,0.1512
2344,0.301857,0.1532
2345,0.294799,0.1514
2346,0.296460,0.1530
2347,0.293668,0.1538
2348,0.289077,0.1549
2349,0.312732,0.1569
2350,0.326528,0.1571
2351,0.328444,0.1561
2352,0.321731,0.1551
2353,0.313533,0.1555
2354,0.308560,0.1572
2355,0.301719,0.1534
2356,0.305395,0.1549
2357,0.310617,0.1548
2358,0.313101,0.1529
2359,0.313371,0.1564
2360,0.307972,0.1552
2361,0.299806,0.1533
2362,0.301330,0.1560
2363,0.301406,0.1555
2364,0.302971,0.1541
2365,0.303928,0.1547
2366,0.297891,0.1566
2367,0.301901,0.1558
2368,0.296991,0.1540
2369,0.301010,0.1574
2370,0.312014,0.1571
2371,0.319275,0.1566
2372,0.321927,0.1572
2373,0.321729,0.1557
2374,0.313476,0.1573
2375,0.305470,0.1564
2376,0.306303,0.1548
2377,0.311250,0.1576
2378,0.318832,0.1593
2379,0.316480,0.1577
2380,0.315129,0.1568
2381,0.308955,0.1551
2382,0.303815,0.1574
2383,0.299939,0.1581
2384,0.300308,0.1570
2385,0.304989,0.1566
2386,0.302306,0.1588
2387,0.298562,0.1560
2388,0.296329,0.1583
2389,0.291227,0.1581
2390,0.287201,0.1568
2391,0.283362,0.1556
2392,0.285003,0.1593
2393,0.283608,0.1588
2394,0.289430,0.1584
2395,0.288542,0.1578
2396,0.285901,0.1561
2397,0.284356,0.1570
2398,0.279245,0.1581
2399,0.275175,0.1586
2400,0.275131,0.1568
2401,0.279204,0.1595
2402,0.275815,0.1549
2403,0.275205,0.1553
2404,0.274895,0.1564
2405,0.270201,0.1555
2406,0.271811,0.1542
2407,0.269049,0.1556
2408,0.273832,0.1607
2409,0.275675,0.1556
2410,0.279737,0.1545
2411,0.277183,0.1557
2412,0.272115,0.1614
2413,0.268895,0.1614
2414,0.263839,0.1616
2415,0.265859,0.1575
2416,0.267919,0.1580
2417,0.269946,0.1608
2418,0.268893,0.1552
2419,0.267815,0.1564
2420,0.266543,0.1574
2421,0.268817,0.1622
2422,0.267825,0.1567
2423,0.266618,0.1554
2424,0.267772,0.1578
2425,0.268291,0.1576
2426,0.266216,0.1577
2427,0.272439,0.1569
2428,0.279402,0.1584
2429,0.278844,0.1569
2430,0.278247,0.1612
2431,0.274899,0.1611
2432,0.275165,0.1611
2433,0.275265,0.1610
2434,0.272599,0.1586
2435,0.271160,0.1605
2436,0.269355,0.1602
2437,0.275876,0.1573
2438,0.291753,0.1583
2439,0.295457,0.1599
2440,0.288775,0.1573
2441,0.277156,0.1589
2442,0.273590,0.1606
2443,0.275626,0.1604
2444,0.279629,0.1601
2445,0.276787,0.1596
2446,0.270984,0.1600
2447,0.269460,0.1592
2448,0.269325,0.1597
2449,0.268863,0.1604
2450,0.270266,0.1602
2451,0.274156,0.1609
2452,0.269465,0.1614
2453,0.267372,0.1612
2454,0.266690,0.1614
2455,0.268039,0.1619
2456,0.268362,0.1616
2457,0.270865,0.1614
2458,0.265158,0.1603
2459,0.259769,0.1609
2460,0.256404,0.1603
2461,0.254294,0.1602
2462,0.256631,0.1609
2463,0.253685,0.1611
2464,0.253797,0.1610
2465,0.259293,0.1618
2466,0.262187,0.1611
2467,0.266492,0.1612
2468,0.265260,0.1606
2469,0.268191,0.1603
2470,0.266716,0.1605
2471,0.269334,0.1598
2472,0.269298,0.1590
2473,0.265890,0.1592
2474,0.264559,0.1597
2475,0.262813,0.1604
2476,0.262363,0.1602
2477,0.261254,0.1616
2478,0.266832,0.1609
2479,0.264959,0.1613
2480,0.264291,0.1615
2481,0.266297,0.1617
2482,0.263544,0.1613
2483,0.261793,0.1615
2484,0.262333,0.1618
2485,0.263682,0.1615
2486,0.265383,0.1626
2487,0.264233,0.1637
2488,0.261744,0.1621
2489,0.260326,0.1633
2490,0.263932,0.1614
2491,0.269534,0.1616
2492,0.270959,0.1611
2493,0.273597,0.1620
2494,0.274667,0.1619
2495,0.272794,0.1634
2496,0.267452,0.1581
2497,0.262978,0.1625
2498,0.260283,0.1617
2499,0.255703,0.1617
2500,0.260374,0.1657
2501,0.262678,0.1625
2502,0.262734,0.1633
2503,0.262310,0.1663
2504,0.265297,0.1563
2505,0.263857,0.1654
2506,0.264117,0.1662
2507,0.263938,0.1590
2508,0.262055,0.1614
2509,0.259199,0.1680
2510,0.259543,0.1596
2511,0.263627,0.1683
2512,0.264845,0.1577
2513,0.263230,0.1582
2514,0.252576,0.1684
2515,0.250945,0.1671
2516,0.250209,0.1553
2517,0.264967,0.1660
2518,0.269242,0.1556
2519,0.265877,0.1574
2520,0.263977,0.1593
2521,0.265419,0.1580
2522,0.263379,0.1572
2523,0.260038,0.1570
2524,0.259862,0.1587
2525,0.264330,0.1602
2526,0.261543,0.1583
2527,0.264504,0.1584
2528,0.261509,0.1661
2529,0.257959,0.1670
2530,0.255961,0.1661
2531,0.253007,0.1571
2532,0.251857,0.1590
2533,0.249744,0.1605
2534,0.248911,0.1596
2535,0.246040,0.1593
2536,0.245770,0.1672
2537,0.248774,0.1598
2538,0.248426,0.1607
2539,0.246428,0.1599
2540,0.241508,0.1608
2541,0.240692,0.1598
2542,0.242747,0.1599
2543,0.244851,0.1595
2544,0.245814,0.1584
2545,0.248715,0.1583
2546,0.246697,0.1606
2547,0.245524,0.1613
2548,0.243744,0.1614
2549,0.239894,0.1624
2550,0.240408,0.1612
2551,0.245030,0.1617
2552,0.251963,0.1617
2553,0.254798,0.1616
2554,0.257662,0.1612
2555,0.264848,0.1627
2556,0.267470,0.1617
2557,0.268039,0.1618
2558,0.268025,0.1621
2559,0.266989,0.1627
2560,0.266357,0.1607
2561,0.267116,0.1628
2562,0.266042,0.1694
2563,0.269686,0.1593
2564,0.268442,0.1670
2565,0.269781,0.1598
2566,0.265886,0.1591
2567,0.267521,0.1585
2568,0.268326,0.1595
2569,0.264861,0.1668
2570,0.260183,0.1661
2571,0.254861,0.1594
2572,0.252477,0.1583
2573,0.256098,0.1591
2574,0.255979,0.1670
2575,0.254770,0.1662
2576,0.253030,0.1674
2577,0.248727,0.1611
2578,0.246297,0.1675
2579,0.247916,0.1601
2580,0.248223,0.1602
2581,0.249592,0.1617
2582,0.247691,0.1614
2583,0.244549,0.1618
2584,0.242776,0.1676
2585,0.240417,0.1602
2586,0.240881,0.1606
2587,0.239725,0.1611
2588,0.238701,0.1617
2589,0.243460,0.1629
2590,0.243252,0.1626
2591,0.243741,0.1619
2592,0.245245,0.1617
2593,0.246445,0.1629
2594,0.243685,0.1632
2595,0.240416,0.1629
2596,0.238682,0.1616
2597,0.236875,0.1618
2598,0.234504,0.1617
2599,0.234860,0.1611
2600,0.232400,0.1626
2601,0.228964,0.1624
2602,0.230756,0.1616
2603,0.229758,0.1632
2604,0.227391,0.1621
2605,0.231997,0.1622
2606,0.232237,0.1627
2607,0.235961,0.1618
2608,0.235320,0.1619
2609,0.229664,0.1619
2610,0.228341,0.1624
2611,0.229569,0.1618
2612,0.231515,0.1629
2613,0.229820,0.1622
2614,0.231837,0.1619
2615,0.230931,0.1619
2616,0.235236,0.1630
2617,0.233954,0.1633
2618,0.232062,0.1633
2619,0.231889,0.1629
2620,0.236210,0.1618
2621,0.235442,0.1627
2622,0.232581,0.1626
2623,0.230219,0.1625
2624,0.230996,0.1620
2625,0.230239,0.1631
2626,0.229280,0.1641
2627,0.230307,0.1625
2628,0.234199,0.1627
2629,0.237610,0.1626
2630,0.244658,0.1631
2631,0.245364,0.1641
2632,0.246357,0.1654
2633,0.242816,0.1662
2634,0.249589,0.1634
2635,0.251776,0.1632
2636,0.256423,0.1654
2637,0.255509,0.1672
2638,0.251773,0.1655
2639,0.249956,0.1663
2640,0.260962,0.1660
2641,0.268218,0.1666
2642,0.267976,0.1668
2643,0.273117,0.1666
2644,0.273469,0.1881
2645,0.273489,0.1653
2646,0.278021,0.1876
2647,0.275607,0.1662
2648,0.276692,0.1665
2649,0.274894,0.1872
2650,0.271320,0.1672
2651,0.270139,0.1667
2652,0.272920,0.1657
2653,0.264369,0.1674
2654,0.268576,0.1881
2655,0.263480,0.1892
2656,0.259009,0.1912
2657,0.259014,0.1672
2658,0.258815,0.1891
2659,0.254565,0.1893
2660,0.252547,0.1911
2661,0.251500,0.1879
2662,0.250949,0.1897
2663,0.249083,0.1894
2664,0.246738,0.1863
2665,0.240639,0.1862
2666,0.236068,0.1659
2667,0.238325,0.1671
2668,0.238923,0.1669
2669,0.239248,0.1660
2670,0.240766,0.1662
2671,0.239558,0.1676
2672,0.236824,0.1660
2673,0.237769,0.1671
2674,0.240005,0.1649
2675,0.243853,0.1673
2676,0.244639,0.1662
2677,0.244592,0.1661
2678,0.241546,0.1662
2679,0.245637,0.1677
2680,0.251457,0.1680
2681,0.250947,0.1661
2682,0.250989,0.1645
2683,0.248034,0.1667
2684,0.244145,0.1669
2685,0.243419,0.1649
2686,0.237979,0.1643
2687,0.238982,0.1670
2688,0.241549,0.1657
2689,0.246975,0.1662
2690,0.245984,0.1650
2691,0.247517,0.1644
2692,0.244902,0.1644
2693,0.242513,0.1646
2694,0.243273,0.1655
2695,0.240976,0.1682
2696,0.243077,0.1643
2697,0.241671,0.1692
2698,0.242721,0.1676
2699,0.239446,0.1684
2700,0.239608,0.1650
2701,0.236761,0.1658
2702,0.232424,0.1663
2703,0.226257,0.1653
2704,0.226516,0.1696
2705,0.227732,0.1652
2706,0.230413,0.1667
2707,0.233447,0.1655
2708,0.233641,0.1648
2709,0.234371,0.1649
2710,0.231029,0.1650
2711,0.229319,0.1663
2712,0.227385,0.1664
2713,0.227815,0.1649
2714,0.225484,0.1660
2715,0.226070,0.1651
2716,0.226457,0.1660
2717,0.231167,0.1666
2718,0.244648,0.1655
2719,0.247925,0.1656
2720,0.246383,0.1651
2721,0.241020,0.1662
2722,0.237838,0.1668
2723,0.239366,0.1646
2724,0.238512,0.1645
2725,0.233597,0.1652
2726,0.234138,0.1649
2727,0.231518,0.1661
2728,0.226590,0.1665
2729,0.226077,0.1647
2730,0.228423,0.1651
2731,0.232739,0.1651
2732,0.236376,0.1660
2733,0.236239,0.1691
2734,0.228222,0.1678
2735,0.219908,0.1700
2736,0.215981,0.1691
2737,0.221260,0.1692
2738,0.223205,0.1687
2739,0.222784,0.1697
2740,0.224727,0.1694
2741,0.226422,0.1698
2742,0.231352,0.1681
2743,0.242464,0.1681
2744,0.250716,0.1711
2745,0.250345,0.1709
2746,0.252481,0.1724
2747,0.245857,0.1709
2748,0.240965,0.1716
2749,0.234613,0.1727
2750,0.231684,0.1720
2751,0.238061,0.1734
2752,0.236634,0.1735
2753,0.236572,0.1712
2754,0.235943,0.1712
2755,0.232815,0.1718
2756,0.236321,0.1726
2757,0.234147,0.1745
2758,0.235901,0.1740
2759,0.234841,0.1727
2760,0.236778,0.1722
2761,0.238042,0.1736
2762,0.235026,0.1711
2763,0.239715,0.1723
2764,0.243987,0.1714
2765,0.236724,0.1744
2766,0.235216,0.1749
2767,0.238330,0.1740
2768,0.236565,0.1746
2769,0.240515,0.1737
2770,0.237619,0.1743
2771,0.239085,0.1733
2772,0.235446,0.1737
2773,0.240377,0.1758
2774,0.234313,0.1771
2775,0.232635,0.1739
2776,0.232265,0.1745
2777,0.231618,0.1746
2778,0.227754,0.1748
2779,0.232524,0.1749
2780,0.230429,0.1777
2781,0.242334,0.1778
2782,0.243094,0.1781
2783,0.243105,0.1769
2784,0.238841,0.1760
2785,0.232988,0.1755
2786,0.230052,0.1764
2787,0.228573,0.1768
2788,0.230785,0.1786
2789,0.234327,0.1769
2790,0.235898,0.1773
2791,0.231596,0.1780
2792,0.231636,0.1784
2793,0.231943,0.1801
2794,0.230157,0.1793
2795,0.226444,0.1800
2796,0.227666,0.1798
2797,0.224234,0.1779
2798,0.222515,0.1778
2799,0.219535,0.1793
2800,0.217629,0.1798
2801,0.217354,0.1781
2802,0.219843,0.1780
2803,0.216265,0.1776
2804,0.212315,0.1774
2805,0.212478,0.1802
2806,0.212968,0.1792
2807,0.212680,0.1789
2808,0.213578,0.1789
2809,0.210307,0.1800
2810,0.209113,0.1789
2811,0.208175,0.1776
2812,0.212104,0.1791
2813,0.212177,0.1791
2814,0.208288,0.1810
2815,0.207109,0.1823
2816,0.209679,0.1785
2817,0.206767,0.1796
2818,0.205471,0.1787
2819,0.204110,0.1778
2820,0.206311,0.1783
2821,0.214006,0.1804
2822,0.220452,0.1809
2823,0.215969,0.1823
2824,0.210704,0.1822
2825,0.210307,0.1802
2826,0.210548,0.1821
2827,0.219597,0.1817
2828,0.222859,0.1799
2829,0.222406,0.1815
2830,0.223173,0.1814
2831,0.221242,0.1800
2832,0.222461,0.1798
2833,0.220176,0.1810
2834,0.216394,0.1798
2835,0.215674,0.1816
2836,0.215977,0.1791
2837,0.210277,0.1779
2838,0.208120,0.1789
2839,0.208584,0.1785
2840,0.206814,0.1786
2841,0.206542,0.1806
2842,0.202711,0.1805
2843,0.206606,0.1771
2844,0.209097,0.1765
2845,0.209410,0.1784
2846,0.209546,0.1778
2847,0.203471,0.1768
2848,0.201297,0.1784
2849,0.199837,0.1771
2850,0.199787,0.1784
2851,0.201002,0.1775
2852,0.203860,0.1757
2853,0.202699,0.1743
2854,0.200666,0.1744
2855,0.201517,0.1747
2856,0.204445,0.1752
2857,0.210165,0.1740
2858,0.212084,0.1744
2859,0.214151,0.1750
2860,0.211646,0.1738
2861,0.207403,0.1743
2862,0.205257,0.1745
2863,0.202989,0.1744
2864,0.205620,0.1737
2865,0.202756,0.1735
2866,0.205169,0.1734
2867,0.207059,0.1738
2868,0.206720,0.1728
2869,0.210777,0.1743
2870,0.213283,0.1721
2871,0.214940,0.1725
2872,0.214380,0.1724
2873,0.212925,0.1718
2874,0.210069,0.1722
2875,0.212802,0.1713
2876,0.213288,0.1716
2877,0.214490,0.1710
2878,0.215322,0.1704
2879,0.208647,0.1708
2880,0.212575,0.1705
2881,0.217026,0.1719
2882,0.222166,0.1704
2883,0.218918,0.1720
2884,0.214361,0.1708
2885,0.207872,0.1717
2886,0.207390,0.1706
2887,0.206383,0.1712
2888,0.204542,0.1702
2889,0.204396,0.1698
2890,0.203152,0.1702
2891,0.204605,0.1772
2892,0.205999,0.1707
2893,0.209076,0.1708
2894,0.205627,0.1704
2895,0.203624,0.1698
2896,0.203902,0.1708
2897,0.206218,0.1693
2898,0.205345,0.1703
2899,0.206137,0.1706
2900,0.203453,0.1706
2901,0.201929,0.1700
2902,0.204721,0.1697
2903,0.204816,0.1717
2904,0.206817,0.1697
2905,0.204565,0.1712
2906,0.204060,0.1694
2907,0.200240,0.1702
2908,0.197969,0.1690
2909,0.196136,0.1692
2910,0.197260,0.1702
2911,0.202546,0.1691
2912,0.197676,0.1691
2913,0.200839,0.1714
2914,0.200686,0.1696
2915,0.198343,0.1819
2916,0.200141,0.1713
2917,0.196779,0.1678
2918,0.194272,0.1669
2919,0.194372,0.1808
2920,0.191110,0.1795
2921,0.194138,0.1798
2922,0.194356,0.1673
2923,0.199067,0.1832
2924,0.199380,0.1765
2925,0.196248,0.1829
2926,0.201465,0.1826
2927,0.201855,0.1754
2928,0.202270,0.1846
2929,0.199112,0.1759
2930,0.199356,0.1832
2931,0.197713,0.1767
2932,0.199117,0.1833
2933,0.195496,0.1786
2934,0.191805,0.1776
2935,0.193787,0.1747
2936,0.197938,0.1831
2937,0.197030,0.1831
2938,0.194287,0.1676
2939,0.193602,0.1700
2940,0.193837,0.1687
2941,0.199499,0.1693
2942,0.203154,0.1818
2943,0.208479,0.1700
2944,0.212523,0.1686
2945,0.211663,0.1693
2946,0.213200,0.1691
2947,0.206732,0.1694
2948,0.206652,0.1702
2949,0.202085,0.1695
2950,0.203559,0.1700
2951,0.206601,0.1695
2952,0.206450,0.1701
2953,0.206727,0.1716
2954,0.203299,0.1701
2955,0.201639,0.1707
2956,0.199446,0.1706
2957,0.205615,0.1703
2958,0.207658,0.1717
2959,0.206454,0.1706
2960,0.205942,0.1712
2961,0.206244,0.1711
2962,0.203495,0.1787
2963,0.205598,0.1759
2964,0.203222,0.1711
2965,0.198542,0.1726
2966,0.203370,0.1715
2967,0.203464,0.1719
2968,0.200861,0.1711
2969,0.197135,0.1716
2970,0.200044,0.1711
2971,0.202345,0.1714
2972,0.206391,0.1710
2973,0.207613,0.1704
2974,0.208400,0.1723
2975,0.206131,0.1718
2976,0.203080,0.1727
2977,0.207344,0.1721
2978,0.216192,0.1729
2979,0.222322,0.1715
2980,0.227280,0.1727
2981,0.225985,0.1723
2982,0.224564,0.1732
2983,0.225198,0.1817
2984,0.219530,0.1821
2985,0.212561,0.1816
2986,0.208236,0.1819
2987,0.202975,0.1821
2988,0.204038,0.1823
2989,0.202694,0.1821
2990,0.203501,0.1815
2991,0.204335,0.1806
2992,0.206819,0.1816
2993,0.205994,0.1806
2994,0.202924,0.1827
2995,0.207209,0.1814
2996,0.210361,0.1808
2997,0.208345,0.1829
2998,0.203858,0.1814
2999,0.203622,0.1825
3000,0.201909,0.1828
3001,0.207654,0.1822
3002,0.212468,0.1809
3003,0.212189,0.1805
3004,0.235273,0.1823
3005,0.258236,0.1813
3006,0.279081,0.1808
3007,0.288130,0.1822
3008,0.285794,0.1801
3009,0.282945,0.1723
3010,0.286308,0.1729
3011,0.283315,0.1729
3012,0.275776,0.1725
3013,0.264344,0.1744
3014,0.259302,0.1732
3015,0.252463,0.1739
3016,0.242841,0.1732
3017,0.241131,0.1748
3018,0.241793,0.1729
3019,0.244295,0.1735
3020,0.243637,0.1724
3021,0.245819,0.1748
3022,0.243240,0.1750
3023,0.244715,0.1765
3024,0.247675,0.1745
3025,0.244164,0.1745
3026,0.239770,0.1734
3027,0.232066,0.1737
3028,0.229993,0.1733
3029,0.229400,0.1720
3030,0.236811,0.1724
3031,0.239158,0.1720
3032,0.236261,0.1715
3033,0.230423,0.1730
3034,0.223788,0.1735
3035,0.221616,0.1726
3036,0.220003,0.1733
3037,0.215394,0.1738
3038,0.212410,0.1745
3039,0.209321,0.1739
3040,0.203607,0.1725
3041,0.206163,0.1736
3042,0.207155,0.1728
3043,0.205331,0.1739
3044,0.206969,0.1731
3045,0.205067,0.1746
3046,0.203685,0.1730
3047,0.202502,0.1739
3048,0.201908,0.1735
3049,0.201428,0.1740
3050,0.200192,0.1737
3051,0.198839,0.1739
3052,0.196584,0.1743
3053,0.194326,0.1738
3054,0.194678,0.1731
3055,0.195341,0.1729
3056,0.191631,0.1727
3057,0.191085,0.1730
3058,0.189676,0.1733
3059,0.191436,0.1744
3060,0.191893,0.1732
3061,0.191964,0.1733
3062,0.192957,0.1733
3063,0.194140,0.1730
3064,0.194910,0.1728
3065,0.198112,0.1733
3066,0.194541,0.1731
3067,0.191899,0.1728
3068,0.188054,0.1735
3069,0.192486,0.1732
3070,0.192787,0.1726
3071,0.194926,0.1716
3072,0.195536,0.1723
3073,0.199529,0.1719
3074,0.199156,0.1719
3075,0.202282,0.1725
3076,0.202168,0.1724
3077,0.199550,0.1725
3078,0.197583,0.1727
3079,0.198537,0.1722
3080,0.198377,0.1724
3081,0.202664,0.1732
3082,0.206682,0.1726
3083,0.206281,0.1730
3084,0.201432,0.1723
3085,0.201817,0.1734
3086,0.201768,0.1717
3087,0.195907,0.1730
3088,0.191000,0.1727
3089,0.190407,0.1727
3090,0.190223,0.1721
3091,0.189701,0.1725
3092,0.188287,0.1730
3093,0.188319,0.1733
3094,0.192356,0.1754
3095,0.196154,0.1726
3096,0.196691,0.1730
3097,0.193277,0.1736
3098,0.193580,0.1731
3099,0.193778,0.1734
3100,0.190927,0.1736
3101,0.189649,0.1743
3102,0.184087,0.1736
3103,0.181935,0.1742
3104,0.181309,0.1730
3105,0.177146,0.1732
3106,0.177487,0.1759
3107,0.179732,0.1739
3108,0.178399,0.1744
3109,0.176370,0.1745
3110,0.176384,0.1741
3111,0.174443,0.1748
3112,0.178751,0.1745
3113,0.182478,0.1746
3114,0.184153,0.1754
3115,0.181395,0.1741
3116,0.179286,0.1744
3117,0.185216,0.1734
3118,0.180137,0.1744
3119,0.181213,0.1752
3120,0.186756,0.1740
3121,0.185348,0.1732
3122,0.185244,0.1739
3123,0.188722,0.1745
3124,0.191336,0.1742
3125,0.188450,0.1723
3126,0.186707,0.1733
3127,0.184950,0.1740
3128,0.180605,0.1737
3129,0.181598,0.1741
3130,0.180021,0.1731
3131,0.178462,0.1728
3132,0.181248,0.1724
3133,0.182577,0.1725
3134,0.183774,0.1724
3135,0.187068,0.1727
3136,0.186950,0.1731
3137,0.183164,0.1735
3138,0.185828,0.1729
3139,0.188122,0.1728
3140,0.190418,0.1740
3141,0.196831,0.1730
3142,0.194881,0.1727
3143,0.194070,0.1721
3144,0.196736,0.1721
3145,0.204085,0.1721
3146,0.203197,0.1716
3147,0.199845,0.1715
3148,0.199844,0.1720
3149,0.200024,0.1716
3150,0.202881,0.1723
3151,0.202982,0.1713
3152,0.203070,0.1716
3153,0.203313,0.1712
3154,0.197882,0.1716
3155,0.194180,0.1711
3156,0.192800,0.1720
3157,0.192233,0.1721
3158,0.194279,0.1714
3159,0.190132,0.1717
3160,0.192149,0.1725
3161,0.184451,0.1719
3162,0.183575,0.1734
3163,0.185390,0.1715
3164,0.189869,0.1723
3165,0.199068,0.1708
3166,0.205764,0.1725
3167,0.204563,0.1716
3168,0.200714,0.1724
3169,0.200269,0.1714
3170,0.193059,0.1722
3171,0.191343,0.1712
3172,0.188832,0.1722
3173,0.183172,0.1713
3174,0.179808,0.1712
3175,0.175502,0.1718
3176,0.178489,0.1717
3177,0.181663,0.1718
3178,0.180314,0.1725
3179,0.182650,0.1718
3180,0.197899,0.1716
3181,0.194677,0.1716
3182,0.197168,0.1720
3183,0.197859,0.1716
3184,0.195767,0.1728
3185,0.193462,0.1718
3186,0.193414,0.1720
3187,0.191456,0.1714
3188,0.190978,0.1726
3189,0.185571,0.1708
3190,0.187313,0.1725
3191,0.185629,0.1710
3192,0.183646,0.1730
3193,0.185868,0.1711
3194,0.186247,0.1725
3195,0.181804,0.1716
3196,0.180801,0.1726
3197,0.179462,0.1721
3198,0.179381,0.1735
3199,0.177998,0.1722
3200,0.176066,0.1732
3201,0.179122,0.1718
3202,0.176628,0.1727
3203,0.176578,0.1720
3204,0.175594,0.1721
3205,0.173306,0.1721
3206,0.173132,0.1723
3207,0.172844,0.1721
3208,0.176487,0.1726
3209,0.182243,0.1718
3210,0.180235,0.1719
3211,0.187666,0.1726
3212,0.189947,0.1727
3213,0.188025,0.1728
3214,0.192907,0.1725
3215,0.198141,0.1738
3216,0.199767,0.1730
3217,0.198123,0.1749
3218,0.193929,0.1722
3219,0.189334,0.1735
3220,0.186883,0.1728
3221,0.182015,0.1725
3222,0.180139,0.1738
3223,0.189102,0.1723
3224,0.206117,0.1735
3225,0.210025,0.1733
3226,0.208498,0.1739
3227,0.201030,0.1724
3228,0.193065,0.1721
3229,0.191949,0.1732
3230,0.192624,0.1733
3231,0.188004,0.1730
3232,0.188342,0.1732
3233,0.186771,0.1741
3234,0.188668,0.1727
3235,0.194263,0.1738
3236,0.197406,0.1721
3237,0.200052,0.1735
3238,0.196466,0.1726
3239,0.193391,0.1736
3240,0.188537,0.1724
3241,0.187370,0.1731
3242,0.185472,0.1734
3243,0.186579,0.1732
3244,0.187263,0.1752
3245,0.187843,0.1730
3246,0.189058,0.1739
3247,0.188102,0.1733
3248,0.189770,0.1732
3249,0.186347,0.1746
3250,0.186305,0.1731
3251,0.184490,0.1751
3252,0.184265,0.1721
3253,0.186406,0.1747
3254,0.182963,0.1741
3255,0.182579,0.1739
3256,0.178236,0.1745
3257,0.176237,0.1733
3258,0.172052,0.1732
3259,0.170576,0.1741
3260,0.170389,0.1735
3261,0.169074,0.1741
3262,0.166740,0.1744
3263,0.166689,0.1746
3264,0.166867,0.1747
3265,0.165215,0.1743
3266,0.162250,0.1755
3267,0.160911,0.1738
3268,0.163970,0.1741
3269,0.165166,0.1753
3270,0.163888,0.1751
3271,0.159163,0.1741
3272,0.158795,0.1762
3273,0.160253,0.1749
3274,0.162551,0.1741
3275,0.162770,0.1742
3276,0.164700,0.1748
3277,0.161562,0.1761
3278,0.161108,0.1744
3279,0.160990,0.1741
3280,0.160550,0.1757
3281,0.159721,0.1750
3282,0.158840,0.1747
3283,0.157403,0.1750
3284,0.155121,0.1748
3285,0.154426,0.1754
3286,0.157777,0.1755
3287,0.160500,0.1743
3288,0.161902,0.1749
3289,0.163274,0.1753
3290,0.162801,0.1744
3291,0.164295,0.1752
3292,0.162510,0.1742
3293,0.162786,0.1745
3294,0.163694,0.1750
3295,0.161282,0.1756
3296,0.163254,0.1761
3297,0.166183,0.1758
3298,0.167258,0.1745
3299,0.167091,0.1755
3300,0.165636,0.1813
3301,0.165140,0.1758
3302,0.169124,0.1746
3303,0.179192,0.1755
3304,0.179596,0.1830
3305,0.179472,0.1883
3306,0.179476,0.1765
3307,0.176938,0.1750
3308,0.176621,0.1837
3309,0.175928,0.1843
3310,0.170349,0.1767
3311,0.168330,0.1766
3312,0.173490,0.1885
3313,0.172702,0.1771
3314,0.171572,0.1757
3315,0.166561,0.1746
3316,0.171691,0.1764
3317,0.178646,0.1758
3318,0.177746,0.1752
3319,0.184880,0.1762
3320,0.187198,0.1754
3321,0.182889,0.1755
3322,0.182304,0.1759
3323,0.185545,0.1751
3324,0.181178,0.1748
3325,0.183289,0.1754
3326,0.186855,0.1763
3327,0.192139,0.1759
3328,0.188540,0.1765
3329,0.180889,0.1764
3330,0.186102,0.1757
3331,0.188521,0.1769
3332,0.191330,0.1758
3333,0.190834,0.1754
3334,0.190012,0.1758
3335,0.182235,0.1770
3336,0.184714,0.1768
3337,0.188612,0.1764
3338,0.183999,0.1763
3339,0.178001,0.1753
3340,0.170297,0.1766
3341,0.167906,0.1755
3342,0.166681,0.1755
3343,0.165595,0.1761
3344,0.169194,0.1753
3345,0.176409,0.1756
3346,0.179701,0.1750
3347,0.178908,0.1752
3348,0.174866,0.1759
3349,0.172352,0.1758
3350,0.171395,0.1756
3351,0.169960,0.1753
3352,0.167245,0.1752
3353,0.168956,0.1748
3354,0.167111,0.1751
3355,0.164230,0.1752
3356,0.163908,0.1767
3357,0.168731,0.1755
3358,0.173131,0.1758
3359,0.172590,0.1748
3360,0.173326,0.1755
3361,0.170569,0.1754
3362,0.167560,0.1750
3363,0.170393,0.1750
3364,0.166664,0.1751
3365,0.167739,0.1762
3366,0.167021,0.1750
3367,0.165778,0.1752
3368,0.164796,0.1762
3369,0.167913,0.1753
3370,0.165890,0.1756
3371,0.169108,0.1763
3372,0.167715,0.1750
3373,0.168331,0.1756
3374,0.175126,0.1760
3375,0.194131,0.1743
3376,0.198433,0.1751
3377,0.198046,0.1759
3378,0.198111,0.1764
3379,0.195070,0.1753
3380,0.191091,0.1759
3381,0.189284,0.1763
3382,0.180520,0.1756
3383,0.179115,0.1762
3384,0.173000,0.1752
3385,0.170861,0.1762
3386,0.172884,0.1763
3387,0.174158,0.1755
3388,0.178547,0.1764
3389,0.178759,0.1769
3390,0.173552,0.1752
3391,0.173387,0.1757
3392,0.175616,0.1758
3393,0.178746,0.1757
3394,0.182783,0.1764
3395,0.184716,0.1754
3396,0.187500,0.1758
3397,0.184268,0.1762
3398,0.182478,0.1760
3399,0.180753,0.1765
3400,0.178503,0.1767
3401,0.176031,0.1765
3402,0.171743,0.1769
3403,0.176044,0.1756
3404,0.172857,0.1765
3405,0.173492,0.1759
3406,0.177016,0.1761
3407,0.174214,0.1767
3408,0.175005,0.1761
3409,0.172526,0.1767
3410,0.171456,0.1761
3411,0.167112,0.1861
3412,0.165240,0.1768
3413,0.165483,0.1763
3414,0.162691,0.1777
3415,0.163679,0.1772
3416,0.166775,0.1768
3417,0.170226,0.1765
3418,0.176932,0.1771
3419,0.176051,0.1859
3420,0.176246,0.1894
3421,0.173104,0.1767
3422,0.178585,0.1856
3423,0.180481,0.1770
3424,0.182528,0.1906
3425,0.178453,0.1916
3426,0.175994,0.1766
3427,0.170635,0.1891
3428,0.174725,0.1771
3429,0.171558,0.1908
3430,0.168828,0.1775
3431,0.172469,0.1876
3432,0.176256,0.1883
3433,0.176088,0.1770
3434,0.174254,0.1781
3435,0.179070,0.1884
3436,0.183180,0.1783
3437,0.180996,0.1784
3438,0.182523,0.1777
3439,0.184474,0.1774
3440,0.183528,0.1775
3441,0.177881,0.1783
3442,0.176981,0.1777
3443,0.173581,0.1778
3444,0.167090,0.1777
3445,0.169628,0.1774
3446,0.166838,0.1772
3447,0.165597,0.1771
3448,0.164724,0.1779
3449,0.162928,0.1769
3450,0.160715,0.1772
3451,0.155243,0.1801
3452,0.156730,0.1800
3453,0.156620,0.1792
3454,0.155361,0.1797
3455,0.153783,0.1782
3456,0.151500,0.1796
3457,0.152109,0.1796
3458,0.151659,0.1778
3459,0.155014,0.1780
3460,0.158741,0.1775
3461,0.158961,0.1769
3462,0.156495,0.1775
3463,0.156362,0.1775
3464,0.154297,0.1778
3465,0.155790,0.1776
3466,0.154446,0.1787
3467,0.154585,0.1773
3468,0.150487,0.1782
3469,0.157970,0.1777
3470,0.160347,0.1801
3471,0.162256,0.1809
3472,0.159676,0.1803
3473,0.156711,0.1809
3474,0.158331,0.1800
3475,0.157247,0.1804
3476,0.153750,0.1798
3477,0.148669,0.1811
3478,0.148020,0.1801
3479,0.150037,0.1803
3480,0.149362,0.1801
3481,0.151487,0.1800
3482,0.153123,0.1815
3483,0.156968,0.1817
3484,0.160003,0.1817
3485,0.159477,0.1815
3486,0.155387,0.1989
3487,0.158670,0.1821
3488,0.159712,0.1813
3489,0.161310,0.1816
3490,0.161013,0.1811
3491,0.160000,0.1817
3492,0.160127,0.1816
3493,0.164548,0.1818
3494,0.163854,0.1814
3495,0.159748,0.1821
3496,0.158770,0.1820
3497,0.156215,0.1817
3498,0.155168,0.1820
3499,0.153155,0.1811
3500,0.151501,0.1811
3501,0.155963,0.1815
3502,0.160701,0.1813
3503,0.167624,0.1813
3504,0.168786,0.1809
3505,0.171145,0.1812
3506,0.166571,0.1811
3507,0.161719,0.1819
3508,0.156092,0.1818
3509,0.149915,0.1821
3510,0.145205,0.1821
3511,0.144587,0.1831
3512,0.144936,0.1820
3513,0.145701,0.1828
3514,0.145832,0.1866
3515,0.142311,0.1815
3516,0.140773,0.1847
3517,0.139665,0.1822
3518,0.139465,0.1821
3519,0.139983,0.1830
3520,0.138029,0.1833
3521,0.137005,0.1832
3522,0.136724,0.1832
3523,0.134769,0.1832
3524,0.137023,0.1829
3525,0.137138,0.1828
3526,0.137423,0.1824
3527,0.139493,0.1821
3528,0.141738,0.1810
3529,0.144996,0.1813
3530,0.144848,0.1817
3531,0.141609,0.1823
3532,0.144378,0.1821
3533,0.144620,0.1813
3534,0.145208,0.1812
3535,0.143588,0.1813
3536,0.152046,0.1971
3537,0.154015,0.1808
3538,0.156521,0.1943
3539,0.152362,0.1947
3540,0.153987,0.1808
3541,0.155526,0.1810
3542,0.155460,0.1801
3543,0.155480,0.1932
3544,0.151340,0.1820
3545,0.150751,0.1812
3546,0.154741,0.1816
3547,0.154793,0.1818
3548,0.157248,0.1824
3549,0.156403,0.1826
3550,0.150253,0.1971
3551,0.151316,0.1851
3552,0.150661,0.1864
3553,0.148993,0.1875
3554,0.150746,0.1846
3555,0.151175,0.1819
3556,0.155589,0.1817
3557,0.156957,0.1822
3558,0.153316,0.1811
3559,0.160042,0.1820
3560,0.160863,0.1820
3561,0.160979,0.1820
3562,0.162560,0.1819
3563,0.162221,0.1819
3564,0.160891,0.1822
3565,0.158600,0.1821
3566,0.151232,0.1819
3567,0.146781,0.1821
3568,0.146669,0.1818
3569,0.145522,0.1820
3570,0.144764,0.1819
3571,0.150247,0.1815
3572,0.158939,0.1876
3573,0.157366,0.1807
3574,0.161019,0.1864
3575,0.163445,0.1855
3576,0.157698,0.1811
3577,0.153105,0.1796
3578,0.149197,0.1790
3579,0.144246,0.1787
3580,0.144030,0.1795
3581,0.145135,0.1787
3582,0.147660,0.1788
3583,0.143348,0.1836
3584,0.141253,0.1786
3585,0.143314,0.1786
3586,0.143945,0.1816
3587,0.143514,0.1774
3588,0.140235,0.1788
3589,0.140564,0.1784
3590,0.144096,0.1782
3591,0.143718,0.1778
3592,0.147110,0.1773
3593,0.145923,0.1778
3594,0.146476,0.1774
3595,0.148609,0.1773
3596,0.150275,0.1780
3597,0.154414,0.1782
3598,0.154779,0.1773
3599,0.156813,0.1782
3600,0.154206,0.1771
3601,0.151228,0.1776
3602,0.148602,0.1780
3603,0.147124,0.1770
3604,0.145830,0.1777
3605,0.147792,0.1776
3606,0.149286,0.1771
3607,0.153784,0.1777
3608,0.152055,0.1782
3609,0.148286,0.1776
3610,0.150664,0.1776
3611,0.148985,0.1773
3612,0.148292,0.1785
3613,0.150779,0.1780
3614,0.152771,0.1789
3615,0.153631,0.1777
3616,0.151355,0.1777
3617,0.163500,0.1781
3618,0.166944,0.1785
3619,0.169706,0.1785
3620,0.172275,0.1776
3621,0.175718,0.1852
3622,0.171850,0.1861
3623,0.172181,0.1783
3624,0.171886,0.1855
3625,0.170521,0.1861
3626,0.172050,0.1869
3627,0.170245,0.1951
3628,0.166939,0.1875
3629,0.163068,0.1868
3630,0.161449,0.1875
3631,0.156574,0.1872
3632,0.173775,0.1873
3633,0.170795,0.1881
3634,0.161856,0.1775
3635,0.154853,0.1784
3636,0.151908,0.1884
3637,0.145897,0.1864
3638,0.145309,0.1860
3639,0.140937,0.1818
3640,0.140313,0.1862
3641,0.142726,0.1871
3642,0.140156,0.1775
3643,0.142143,0.1825
3644,0.143400,0.1776
3645,0.145718,0.1775
3646,0.149443,0.1768
3647,0.151085,0.1783
3648,0.152702,0.1780
3649,0.151043,0.1787
3650,0.150619,0.1783
3651,0.149025,0.1770
3652,0.145842,0.1780
3653,0.144485,0.1781
3654,0.142162,0.1789
3655,0.141750,0.1781
3656,0.144830,0.1772
3657,0.143015,0.1783
3658,0.137412,0.1785
3659,0.135168,0.1785
3660,0.134555,0.1848
3661,0.130819,0.1787
3662,0.134096,0.1784
3663,0.134863,0.1781
3664,0.135149,0.1792
3665,0.135525,0.1783
3666,0.135293,0.1793
3667,0.130800,0.1788
3668,0.130247,0.1784
3669,0.130291,0.1781
3670,0.130663,0.1797
3671,0.131508,0.1785
3672,0.134601,0.1786
3673,0.134728,0.1791
3674,0.134215,0.1789
3675,0.131174,0.1785
3676,0.130693,0.1798
3677,0.128173,0.1788
3678,0.125910,0.1786
3679,0.127083,0.1794
3680,0.129315,0.1794
3681,0.131441,0.1783
3682,0.130410,0.1780
3683,0.128903,0.1797
3684,0.129923,0.1812
3685,0.131777,0.1805
3686,0.131986,0.1813
3687,0.132035,0.1816
3688,0.129429,0.1812
3689,0.128681,0.1819
3690,0.127771,0.1810
3691,0.127989,0.1814
3692,0.126116,0.1796
3693,0.125250,0.1835
3694,0.125493,0.1797
3695,0.128084,0.1788
3696,0.124196,0.1837
3697,0.123054,0.1844
3698,0.123546,0.1838
3699,0.125696,0.1794
3700,0.126012,0.1788
3701,0.130875,0.1795
3702,0.132642,0.1807
3703,0.130115,0.1794
3704,0.128749,0.1803
3705,0.131755,0.1854
3706,0.127133,0.1855
3707,0.137238,0.1803
3708,0.141384,0.1796
3709,0.140680,0.1801
3710,0.141558,0.1810
3711,0.148002,0.1811
3712,0.151302,0.1799
3713,0.152302,0.1798
3714,0.146523,0.1795
3715,0.143590,0.1799
3716,0.135892,0.1803
3717,0.131615,0.1856
3718,0.135820,0.1792
3719,0.137176,0.1876
3720,0.137909,0.1792
3721,0.142189,0.1799
3722,0.140563,0.1803
3723,0.137995,0.1808
3724,0.151708,0.1805
3725,0.161414,0.1811
3726,0.159333,0.1825
3727,0.151832,0.1840
3728,0.143701,0.1805
3729,0.137854,0.1808
3730,0.134640,0.1806
3731,0.136820,0.1798
3732,0.137487,0.1798
3733,0.134568,0.1813
3734,0.136792,0.1810
3735,0.137354,0.1810
3736,0.137145,0.1800
3737,0.137355,0.1826
3738,0.139892,0.1827
3739,0.136501,0.1807
3740,0.136060,0.1811
3741,0.135856,0.1804
3742,0.134398,0.1812
3743,0.131775,0.1826
3744,0.132769,0.1810
3745,0.132255,0.1799
3746,0.130632,0.1800
3747,0.129135,0.1800
3748,0.127697,0.1816
3749,0.124709,0.1849
3750,0.126379,0.1799
3751,0.126720,0.1817
3752,0.126811,0.1817
3753,0.125810,0.1814
3754,0.121320,0.1807
3755,0.119896,0.1802
3756,0.119827,0.1812
3757,0.117676,0.1809
3758,0.119496,0.1811
3759,0.119426,0.1865
3760,0.119380,0.1816
3761,0.119752,0.1815
3762,0.119233,0.1816
3763,0.120766,0.1938
3764,0.121053,0.1860
3765,0.120071,0.1962
3766,0.122187,0.1854
3767,0.121011,0.1859
3768,0.123848,0.1892
3769,0.122292,0.1940
3770,0.131029,0.1884
3771,0.142497,0.1892
3772,0.145393,0.1918
3773,0.143644,0.1919
3774,0.139625,0.1821
3775,0.137877,0.1852
3776,0.136051,0.1880
3777,0.133660,0.1858
3778,0.131837,0.1809
3779,0.134740,0.1842
3780,0.136147,0.1808
3781,0.129416,0.1841
3782,0.126357,0.1835
3783,0.122880,0.1820
3784,0.120233,0.1837
3785,0.123353,0.1842
3786,0.126130,0.1836
3787,0.130921,0.1856
3788,0.128311,0.1850
3789,0.129262,0.1860
3790,0.126690,0.1850
3791,0.124317,0.1814
3792,0.122855,0.1849
3793,0.121185,0.1821
3794,0.127540,0.1819
3795,0.128242,0.1821
3796,0.126374,0.1822
3797,0.125238,0.1818
3798,0.128068,0.1821
3799,0.127430,0.1826
3800,0.126427,0.1825
3801,0.129184,0.1823
3802,0.128614,0.1823
3803,0.128905,0.1832
3804,0.128299,0.1826
3805,0.128581,0.1826
3806,0.125840,0.1825
3807,0.129246,0.1824
3808,0.126835,0.1832
3809,0.125367,0.1829
3810,0.125538,0.1830
3811,0.121808,0.1839
3812,0.120578,0.1843
3813,0.121307,0.1851
3814,0.121210,0.1844
3815,0.119708,0.1843
3816,0.121248,0.1840
3817,0.123381,0.1843
3818,0.122975,0.1848
3819,0.118156,0.1835
3820,0.120219,0.1834
3821,0.121608,0.1843
3822,0.122716,0.1836
3823,0.122669,0.1851
3824,0.123956,0.1857
3825,0.128881,0.1849
3826,0.130256,0.1849
3827,0.129941,0.1858
3828,0.127253,0.1840
3829,0.124390,0.1850
3830,0.123356,0.1858
3831,0.125026,0.1860
3832,0.127627,0.1873
3833,0.128434,0.1864
3834,0.123694,0.1846
3835,0.118136,0.1872
3836,0.120664,0.1861
3837,0.123286,0.1878
3838,0.127655,0.1856
3839,0.129780,0.1865
3840,0.130423,0.1865
3841,0.126570,0.1863
3842,0.123145,0.1862
3843,0.117979,0.1848
3844,0.117765,0.1845
3845,0.115615,0.1858
3846,0.117144,0.1868
3847,0.120290,0.1858
3848,0.118613,0.1865
3849,0.119207,0.1864
3850,0.121974,0.1877
3851,0.122359,0.1879
3852,0.122566,0.1868
3853,0.125650,0.1980
3854,0.128338,0.1883
3855,0.126358,0.1881
3856,0.123315,0.1878
3857,0.123158,0.1870
3858,0.121442,0.1896
3859,0.120989,0.1913
3860,0.120254,0.1908
3861,0.119850,0.1870
3862,0.121218,0.1941
3863,0.120029,0.1961
3864,0.119434,0.1942
3865,0.123652,0.1957
3866,0.128935,0.1962
3867,0.128623,0.1927
3868,0.125967,0.1973
3869,0.130708,0.1961
3870,0.136475,0.1879
3871,0.139390,0.1864
3872,0.135948,0.1872
3873,0.141132,0.1890
3874,0.149799,0.1943
3875,0.162959,0.1881
3876,0.174069,0.1986
3877,0.182058,0.1982
3878,0.180289,0.1989
3879,0.188210,0.1998
3880,0.199299,0.1989
3881,0.199728,0.1979
3882,0.198844,0.1963
3883,0.202309,0.1998
3884,0.199469,0.1891
3885,0.193117,0.1902
3886,0.187586,0.1888
3887,0.182716,0.1903
3888,0.174636,0.1904
3889,0.171026,0.1891
3890,0.167776,0.1907
3891,0.163791,0.1889
3892,0.159977,0.1891
3893,0.150366,0.1909
3894,0.153338,0.1893
3895,0.148281,0.1909
3896,0.142477,0.1902
3897,0.141919,0.1892
3898,0.140127,0.1900
3899,0.141077,0.1892
3900,0.142141,0.1898
3901,0.136067,0.2106
3902,0.133970,0.1899
3903,0.129715,0.1919
3904,0.126490,0.1981
3905,0.127995,0.1941
3906,0.127235,0.1971
3907,0.128055,0.1989
3908,0.125984,0.1968
3909,0.121219,0.1944
3910,0.119806,0.1995
3911,0.120016,0.1972
3912,0.114500,0.1952
3913,0.114964,0.1922
3914,0.115426,0.1897
3915,0.117704,0.1925
3916,0.115018,0.1893
3917,0.116586,0.1920
3918,0.114243,0.2020
3919,0.113524,0.1904
3920,0.115450,0.1912
3921,0.113721,0.2024
3922,0.113344,0.1900
3923,0.115733,0.1904
3924,0.113719,0.1920
3925,0.116870,0.2001
3926,0.120473,0.1896
3927,0.122234,0.1920
3928,0.121843,0.1899
3929,0.123824,0.1912
3930,0.126465,0.1912
3931,0.122706,0.1901
3932,0.122994,0.1912
3933,0.123558,0.1902
3934,0.120507,0.1914
3935,0.119838,0.1901
3936,0.120889,0.1927
3937,0.114991,0.1911
3938,0.111792,0.1927
3939,0.114352,0.1918
3940,0.116608,0.1912
3941,0.117739,0.1922
3942,0.126203,0.1903
3943,0.122432,0.1928
3944,0.127073,0.1901
3945,0.127780,0.1913
3946,0.126321,0.1898
3947,0.122955,0.1914
3948,0.121997,0.1912
3949,0.118861,0.1909
3950,0.114842,0.1926
3951,0.113436,0.1920
3952,0.113586,0.1938
3953,0.110284,0.1935
3954,0.109096,0.1916
3955,0.109318,0.1946
3956,0.109635,0.1907
3957,0.110081,0.1934
3958,0.114984,0.1927
3959,0.117656,0.1954
3960,0.119952,0.1931
3961,0.122292,0.1940
3962,0.121591,0.1947
3963,0.125637,0.1921
3964,0.125670,0.1953
3965,0.120316,0.1931
3966,0.120914,0.1948
3967,0.137641,0.1921
3968,0.141738,0.1944
3969,0.138383,0.1911
3970,0.141915,0.1955
3971,0.143579,0.2028
3972,0.144888,0.2048
3973,0.144501,0.1934
3974,0.147207,0.1908
3975,0.145852,0.1933
3976,0.146209,0.2001
3977,0.146572,0.2026
3978,0.149474,0.2010
3979,0.147232,0.2041
3980,0.154204,0.2064
3981,0.166261,0.2026
3982,0.174721,0.2025
3983,0.176843,0.2069
3984,0.183728,0.2063
3985,0.177567,0.1968
3986,0.172990,0.1946
3987,0.164139,0.2068
3988,0.159146,0.1959
3989,0.158485,0.2074
3990,0.157346,0.1943
3991,0.155456,0.2054
3992,0.153419,0.1947
3993,0.151025,0.1983
3994,0.149752,0.1952
3995,0.145661,0.1955
3996,0.142080,0.1972
3997,0.142246,0.1957
3998,0.140479,0.2066
3999,0.139460,0.1975
4000,0.137415,0.1944
4001,0.134866,0.1959
4002,0.131945,0.2104
4003,0.126879,0.1963
4004,0.126098,0.2112
4005,0.123546,0.1926
4006,0.121752,0.1988
4007,0.123534,0.1972
4008,0.122720,0.1931
4009,0.125159,0.1986
4010,0.122003,0.1954
4011,0.124760,0.1929
4012,0.134215,0.1971
4013,0.136423,0.1975
4014,0.134116,0.1929
4015,0.132489,0.1976
4016,0.129040,0.1974
4017,0.135717,0.1957
4018,0.135891,0.1952
4019,0.130577,0.1982
4020,0.127547,0.1936
4021,0.131111,0.1941
4022,0.130036,0.2011
4023,0.128936,0.2013
4024,0.129790,0.1946
4025,0.129857,0.1976
4026,0.136460,0.2026
4027,0.134246,0.1990
4028,0.133994,0.2275
4029,0.132231,0.1992
4030,0.130059,0.1960
4031,0.128080,0.2064
4032,0.130956,0.2067
4033,0.125414,0.1971
4034,0.122727,0.1985
4035,0.118466,0.1986
4036,0.122629,0.1942
4037,0.118928,0.1981
4038,0.118847,0.1962
4039,0.118773,0.1996
4040,0.119529,0.1952
4041,0.118359,0.1997
4042,0.118436,0.1989
4043,0.120628,0.2001
4044,0.119618,0.1965
4045,0.115913,0.1953
4046,0.112947,0.1996
4047,0.110700,0.1983
4048,0.110521,0.1952
4049,0.110732,0.1982
4050,0.110108,0.1973
4051,0.110964,0.1997
4052,0.116785,0.1942
4053,0.122299,0.1957
4054,0.124721,0.1996
4055,0.124051,0.2003
4056,0.121040,0.1984
4057,0.120691,0.1927
4058,0.117961,0.1968
4059,0.117124,0.1948
4060,0.117970,0.1942
4061,0.117802,0.1947
4062,0.118021,0.1957
4063,0.117937,0.1946
4064,0.117784,0.1949
4065,0.120040,0.1923
4066,0.120906,0.1954
4067,0.122687,0.1940
4068,0.124589,0.1946
4069,0.125557,0.1948
4070,0.126954,0.1922
4071,0.125267,0.1946
4072,0.121654,0.1910
4073,0.117971,0.1941
4074,0.120910,0.1915
4075,0.122440,0.1976
4076,0.119766,0.1927
4077,0.120066,0.1955
4078,0.114821,0.1961
4079,0.118665,0.1951
4080,0.122002,0.1964
4081,0.123138,0.1993
4082,0.119571,0.1933
4083,0.115118,0.1953
4084,0.111729,0.1990
4085,0.111916,0.1962
4086,0.109616,0.1956
4087,0.109705,0.1979
4088,0.109817,0.1938
4089,0.112127,0.1916
4090,0.110678,0.1940
4091,0.110961,0.1918
4092,0.109814,0.1945
4093,0.109358,0.1917
4094,0.107909,0.1939
4095,0.108627,0.1916
4096,0.109768,0.1946
4097,0.111790,0.1933
4098,0.112406,0.1959
4099,0.110535,0.1940
4100,0.107429,0.1931
4101,0.108817,0.1954
4102,0.110830,0.1931
4103,0.110543,0.1961
4104,0.112448,0.1949
4105,0.111126,0.1926
4106,0.110858,0.1945
4107,0.106851,0.1916
4108,0.110237,0.1941
4109,0.108258,0.1926
4110,0.110385,0.1945
4111,0.108360,0.1925
4112,0.108688,0.1958
4113,0.112929,0.1941
4114,0.117009,0.1942
4115,0.113814,0.1947
4116,0.118863,0.1930
4117,0.128330,0.1940
4118,0.134852,0.1924
4119,0.134124,0.1949
4120,0.133825,0.1949
4121,0.130956,0.1939
4122,0.134661,0.1947
4123,0.132480,0.1947
4124,0.134757,0.1963
4125,0.131665,0.1969
4126,0.126364,0.1953
4127,0.127356,0.1969
4128,0.126276,0.1973
4129,0.120754,0.1961
4130,0.124248,0.1938
4131,0.125224,0.1977
4132,0.122626,0.1951
4133,0.119829,0.1949
4134,0.123487,0.1966
4135,0.125536,0.1949
4136,0.125113,0.1961
4137,0.123412,0.1965
4138,0.119864,0.1948
4139,0.116527,0.1965
4140,0.114404,0.1978
4141,0.109368,0.1964
4142,0.108598,0.1950
4143,0.109051,0.1974
4144,0.111284,0.1964
4145,0.109474,0.1949
4146,0.112966,0.1969
4147,0.111850,0.1968
4148,0.112800,0.1939
4149,0.112481,0.1976
4150,0.111959,0.1979
4151,0.114063,0.1978
4152,0.113415,0.1968
4153,0.110416,0.2002
4154,0.111220,0.1994
4155,0.113123,0.1992
4156,0.112597,0.1980
4157,0.112040,0.2026
4158,0.114905,0.1970
4159,0.111142,0.1983
4160,0.108546,0.2093
4161,0.113131,0.1976
4162,0.108928,0.2002
4163,0.107705,0.2018
4164,0.106992,0.2008
4165,0.109308,0.2000
4166,0.107163,0.1983
4167,0.104255,0.1976
4168,0.106465,0.1988
4169,0.108644,0.2000
4170,0.113219,0.1950
4171,0.114398,0.1920
4172,0.113182,0.1949
4173,0.112355,0.1930
4174,0.108557,0.1955
4175,0.106423,0.1945
4176,0.105132,0.1920
4177,0.102147,0.1952
4178,0.102671,0.1920
4179,0.104309,0.1963
4180,0.104699,0.1946
4181,0.103763,0.1945
4182,0.099119,0.1943
4183,0.094665,0.1922
4184,0.094768,0.1959
4185,0.095850,0.1937
4186,0.097988,0.1946
4187,0.096656,0.1944
4188,0.096931,0.1922
4189,0.098049,0.1949
4190,0.099762,0.1931
4191,0.102278,0.1957
4192,0.100145,0.1948
4193,0.102713,0.1927
4194,0.103658,0.1950
4195,0.102071,0.1931
4196,0.100311,0.1959
4197,0.102174,0.1950
4198,0.102738,0.1926
4199,0.112590,0.1953
4200,0.110735,0.1938
4201,0.106715,0.1947
4202,0.106897,0.1953
4203,0.108524,0.1936
4204,0.107573,0.1959
4205,0.109885,0.1957
4206,0.106016,0.1925
4207,0.104535,0.1960
4208,0.107287,0.1936
4209,0.109574,0.1955
4210,0.105076,0.1947
4211,0.102712,0.1966
4212,0.100794,0.1999
4213,0.102705,0.1963
4214,0.099778,0.1948
4215,0.102545,0.1985
4216,0.104686,0.1960
4217,0.104474,0.1996
4218,0.103959,0.1952
4219,0.099640,0.1975
4220,0.099943,0.1964
4221,0.099557,0.1954
4222,0.097117,0.1947
4223,0.095689,0.1939
4224,0.099443,0.1950
4225,0.105020,0.1930
4226,0.106209,0.1965
4227,0.112070,0.1914
4228,0.115946,0.1938
4229,0.118361,0.1948
4230,0.117291,0.1971
4231,0.114389,0.1962
4232,0.118026,0.1955
4233,0.116977,0.1965
4234,0.115036,0.1984
4235,0.118513,0.1976
4236,0.116935,0.1949
4237,0.118550,0.1967
4238,0.121860,0.1967
4239,0.122516,0.1920
4240,0.123588,0.1969
4241,0.126023,0.1967
4242,0.124409,0.1955
4243,0.126120,0.1962
4244,0.128406,0.2036
4245,0.126245,0.2028
4246,0.119098,0.2127
4247,0.119560,0.1979
4248,0.126001,0.1989
4249,0.127850,0.2053
4250,0.127875,0.1986
4251,0.129821,0.1982
4252,0.121291,0.1999
4253,0.112882,0.2009
4254,0.106624,0.1990
4255,0.104461,0.2006
4256,0.105049,0.1979
4257,0.105996,0.1995
4258,0.103396,0.1977
4259,0.103454,0.1987
4260,0.102888,0.2019
4261,0.099946,0.1942
4262,0.099778,0.2018
4263,0.098152,0.2026
4264,0.098643,0.2020
4265,0.099073,0.2026
4266,0.099565,0.1974
4267,0.102168,0.2039
4268,0.099912,0.2021
4269,0.098657,0.2023
4270,0.099892,0.2036
4271,0.099031,0.2024
4272,0.102498,0.2028
4273,0.101009,0.2031
4274,0.100731,0.2017
4275,0.099600,0.2027
4276,0.103177,0.2023
4277,0.104216,0.2007
4278,0.104566,0.2036
4279,0.103044,0.2032
4280,0.101706,0.2022
4281,0.101819,0.2016
4282,0.101419,0.2030
4283,0.101112,0.2016
4284,0.100722,0.2079
4285,0.098862,0.2019
4286,0.096638,0.2019
4287,0.098371,0.2014
4288,0.103062,0.1964
4289,0.106110,0.1970
4290,0.110305,0.1965
4291,0.102841,0.1932
4292,0.110063,0.2020
4293,0.108702,0.2020
4294,0.108910,0.2096
4295,0.111569,0.2021
4296,0.107099,0.2079
4297,0.108611,0.2025
4298,0.101105,0.2014
4299,0.106236,0.2026
4300,0.107947,0.2013
4301,0.104919,0.2027
4302,0.108833,0.2012
4303,0.111381,0.2009
4304,0.114377,0.2008
4305,0.118781,0.2011
4306,0.125048,0.2011
4307,0.128660,0.2033
4308,0.141467,0.2013
4309,0.142799,0.2010
4310,0.135908,0.2028
4311,0.135248,0.1999
4312,0.130798,0.2100
4313,0.128012,0.2031
4314,0.127892,0.2092
4315,0.122558,0.2114
4316,0.125936,0.2085
4317,0.126192,0.2000
4318,0.126927,0.2078
4319,0.125073,0.2046
4320,0.119473,0.2031
4321,0.118052,0.2046
4322,0.125291,0.1990
4323,0.123654,0.2116
4324,0.122119,0.2036
4325,0.122123,0.2025
4326,0.119116,0.2092
4327,0.117560,0.2107
4328,0.115951,0.2091
4329,0.113076,0.2028
4330,0.111547,0.1984
4331,0.112624,0.1984
4332,0.117858,0.2058
4333,0.115675,0.2050
4334,0.111656,0.2031
4335,0.112084,0.1909
4336,0.109577,0.1949
4337,0.108356,0.1941
4338,0.104447,0.1994
4339,0.100746,0.1934
4340,0.096037,0.1925
4341,0.097596,0.1938
4342,0.098843,0.1898
4343,0.100690,0.1939
4344,0.101643,0.1898
4345,0.096832,0.1938
4346,0.094063,0.1899
4347,0.091487,0.1924
4348,0.089351,0.1931
4349,0.091682,0.1938
4350,0.091681,0.1907
4351,0.090769,0.1940
4352,0.090559,0.1914
4353,0.089119,0.1923
4354,0.086403,0.1898
4355,0.088107,0.1928
4356,0.087730,0.1920
4357,0.085980,0.1950
4358,0.084762,0.1906
4359,0.083349,0.1956
4360,0.084855,0.1912
4361,0.084055,0.1935
4362,0.084977,0.1934
4363,0.084741,0.1967
4364,0.088768,0.1921
4365,0.087897,0.1926
4366,0.086123,0.2036
4367,0.082119,0.1950
4368,0.083568,0.1904
4369,0.081546,0.1953
4370,0.081420,0.1930
4371,0.082851,0.1963
4372,0.082049,0.1981
4373,0.083516,0.1933
4374,0.084804,0.1980
4375,0.083547,0.1978
4376,0.083711,0.1966
4377,0.084351,0.1940
4378,0.087775,0.1986
4379,0.083379,0.1990
4380,0.083651,0.1959
4381,0.080500,0.1951
4382,0.079393,0.2076
4383,0.077345,0.2005
4384,0.077650,0.1988
4385,0.074847,0.1992
4386,0.074713,0.2072
4387,0.074822,0.2006
4388,0.074696,0.1983
4389,0.076352,0.2001
4390,0.077645,0.1979
4391,0.078368,0.2053
4392,0.081359,0.1981
4393,0.081904,0.1989
4394,0.082956,0.1971
4395,0.082365,0.1977
4396,0.082779,0.1968
4397,0.082137,0.1964
4398,0.084048,0.1996
4399,0.087740,0.2005
4400,0.085512,0.1980
4401,0.083345,0.1972
4402,0.084265,0.1966
4403,0.084499,0.2001
4404,0.082577,0.2024
4405,0.082562,0.2022
4406,0.079299,0.2022
4407,0.081517,0.1995
4408,0.083486,0.2001
4409,0.080634,0.1992
4410,0.082349,0.1962
4411,0.086017,0.1983
4412,0.084438,0.2021
4413,0.086192,0.1966
4414,0.087003,0.1999
4415,0.087158,0.1930
4416,0.088091,0.1977
4417,0.086927,0.1956
4418,0.083374,0.1943
4419,0.082067,0.1960
4420,0.090196,0.2007
4421,0.094709,0.1961
4422,0.096625,0.2001
4423,0.096915,0.2082
4424,0.097177,0.1929
4425,0.095155,0.2007
4426,0.098262,0.2011
4427,0.090791,0.1958
4428,0.092595,0.1981
4429,0.091680,0.1968
4430,0.092145,0.1961
4431,0.088341,0.1985
4432,0.088093,0.2008
4433,0.086050,0.1976
4434,0.088553,0.2020
4435,0.088172,0.1981
4436,0.090206,0.2009
4437,0.090533,0.1949
4438,0.094366,0.2116
4439,0.094464,0.1943
4440,0.094156,0.1979
4441,0.094754,0.2019
4442,0.095282,0.1991
4443,0.093468,0.2118
4444,0.093478,0.2136
4445,0.091042,0.2054
4446,0.093937,0.1983
4447,0.097954,0.1990
4448,0.098864,0.2086
4449,0.102502,0.2104
4450,0.105373,0.2134
4451,0.102080,0.2097
4452,0.102128,0.2131
4453,0.099315,0.2096
4454,0.096053,0.2109
4455,0.097150,0.2116
4456,0.096619,0.1990
4457,0.097914,0.2102
4458,0.097064,0.2121
4459,0.090188,0.2093
4460,0.084848,0.2063
4461,0.083797,0.2140
4462,0.084010,0.2116
4463,0.088453,0.2143
4464,0.092213,0.2048
4465,0.091407,0.2041
4466,0.089221,0.2115
4467,0.090831,0.2132
4468,0.093042,0.2121
4469,0.091227,0.2132
4470,0.089754,0.2290
4471,0.087904,0.2089
4472,0.089583,0.2124
4473,0.091223,0.2324
4474,0.087819,0.2140
4475,0.088139,0.2303
4476,0.087068,0.2314
4477,0.089890,0.2128
4478,0.093287,0.2079
4479,0.093789,0.2131
4480,0.099970,0.2309
4481,0.099596,0.2127
4482,0.100703,0.2146
4483,0.099169,0.2279
4484,0.095035,0.2067
4485,0.093667,0.2322
4486,0.094670,0.2130
4487,0.092063,0.2077
4488,0.090225,0.2310
4489,0.090558,0.1949
4490,0.087748,0.2148
4491,0.086112,0.2071
4492,0.099648,0.2150
4493,0.116189,0.2127
4494,0.122507,0.2132
4495,0.131337,0.2112
4496,0.131842,0.2147
4497,0.128959,0.1953
4498,0.126573,0.2139
4499,0.123250,0.2112
4500,0.118126,0.2115
4501,0.116121,0.2144
4502,0.113808,0.1974
4503,0.110716,0.2161
4504,0.111377,0.2140
4505,0.110000,0.2105
4506,0.109648,0.2083
4507,0.105971,0.2013
4508,0.105139,0.2099
4509,0.106414,0.2093
4510,0.104203,0.2079
4511,0.100832,0.2095
4512,0.095898,0.2098
4513,0.095115,0.1976
4514,0.097458,0.1973
4515,0.099599,0.1998
4516,0.099285,0.1976
4517,0.098650,0.2093
4518,0.095626,0.2102
4519,0.092541,0.1966
4520,0.092438,0.2114
4521,0.091851,0.2126
4522,0.093860,0.2085
4523,0.095782,0.1972
4524,0.094880,0.1991
4525,0.095837,0.1996
4526,0.094228,0.1990
4527,0.092554,0.1968
4528,0.090757,0.1964
4529,0.089666,0.2116
4530,0.089084,0.2096
4531,0.086095,0.2127
4532,0.084380,0.2099
4533,0.082927,0.2125
4534,0.092093,0.2100
4535,0.094713,0.2118
4536,0.100339,0.2120
4537,0.100474,0.2122
4538,0.103706,0.2134
4539,0.100476,0.2122
4540,0.098021,0.2129
4541,0.095541,0.2120
4542,0.091554,0.2126
4543,0.087788,0.2119
4544,0.087040,0.2121
4545,0.084617,0.2152
4546,0.088058,0.2129
4547,0.088734,0.2153
4548,0.083830,0.2113
4549,0.085281,0.2157
4550,0.086145,0.1959
4551,0.088482,0.1960
4552,0.086699,0.1971
4553,0.085216,0.2161
4554,0.082597,0.1954
4555,0.081548,0.2019
4556,0.083760,0.2033
4557,0.085286,0.2029
4558,0.084870,0.2026
4559,0.083339,0.2002
4560,0.082865,0.2027
4561,0.080669,0.2023
4562,0.079767,0.2018
4563,0.079679,0.2040
4564,0.078852,0.2035
4565,0.077575,0.2031
4566,0.079416,0.2014
4567,0.078032,0.2038
4568,0.078756,0.2015
4569,0.079395,0.2019
4570,0.072431,0.2020
4571,0.073189,0.2017
4572,0.076010,0.2031
4573,0.079442,0.2104
4574,0.078918,0.2019
4575,0.078984,0.2010
4576,0.080478,0.2004
4577,0.083716,0.2040
4578,0.083328,0.2011
4579,0.083740,0.2007
4580,0.085211,0.2027
4581,0.084692,0.2001
4582,0.082874,0.2023
4583,0.086308,0.2002
4584,0.086239,0.2184
4585,0.085752,0.2011
4586,0.086035,0.2049
4587,0.083021,0.2020
4588,0.080418,0.2044
4589,0.084192,0.2179
4590,0.084939,0.2042
4591,0.080111,0.2183
4592,0.080540,0.2153
4593,0.081468,0.1986
4594,0.081773,0.2198
4595,0.080884,0.2023
4596,0.085287,0.2182
4597,0.083102,0.2203
4598,0.080664,0.1986
4599,0.079005,0.2180
4600,0.079594,0.2160
4601,0.079883,0.2203
4602,0.079332,0.2176
4603,0.079468,0.2191
4604,0.079578,0.2178
4605,0.079265,0.2169
4606,0.076683,0.2198
4607,0.077851,0.2201
4608,0.080966,0.2198
4609,0.081097,0.2144
4610,0.078453,0.2182
4611,0.081208,0.2197
4612,0.079278,0.2182
4613,0.078189,0.2152
4614,0.081568,0.2176
4615,0.086556,0.2188
4616,0.081401,0.2173
4617,0.076963,0.2018
4618,0.076195,0.2188
4619,0.077006,0.2157
4620,0.078736,0.2202
4621,0.080182,0.2133
4622,0.078236,0.2160
4623,0.078509,0.2161
4624,0.081721,0.2143
4625,0.080853,0.2169
4626,0.083159,0.2155
4627,0.081784,0.2058
4628,0.082343,0.2196
4629,0.079551,0.2151
4630,0.080397,0.2166
4631,0.080590,0.2177
4632,0.078091,0.2152
4633,0.076872,0.2144
4634,0.082205,0.2173
4635,0.084415,0.2168
4636,0.091142,0.2185
4637,0.090083,0.2183
4638,0.088022,0.2218
4639,0.083789,0.2204
4640,0.085724,0.2199
4641,0.091547,0.2188
4642,0.094878,0.2178
4643,0.091359,0.2199
4644,0.085777,0.2202
4645,0.083452,0.2222
4646,0.081023,0.2206
4647,0.075244,0.2211
4648,0.091037,0.2198
4649,0.101319,0.2223
4650,0.096686,0.2200
4651,0.104245,0.2185
4652,0.109305,0.2193
4653,0.108299,0.2209
4654,0.104122,0.2209
4655,0.103963,0.2225
4656,0.099713,0.2206
4657,0.093710,0.2222
4658,0.083134,0.2206
4659,0.082712,0.2210
4660,0.078533,0.2225
4661,0.079173,0.2156
4662,0.083465,0.2120
4663,0.087062,0.2125
4664,0.090568,0.2094
4665,0.092487,0.2116
4666,0.093619,0.2126
4667,0.090929,0.2102
4668,0.087234,0.2112
4669,0.087064,0.1995
4670,0.093833,0.2113
4671,0.093787,0.2024
4672,0.090822,0.2111
4673,0.103074,0.2109
4674,0.108235,0.2111
4675,0.111390,0.2109
4676,0.108677,0.2085
4677,0.101928,0.2118
4678,0.107796,0.2161
4679,0.103052,0.2159
4680,0.103754,0.2160
4681,0.104860,0.2160
4682,0.101739,0.2060
4683,0.104737,0.2138
4684,0.103639,0.2076
4685,0.100086,0.2058
4686,0.098861,0.2066
4687,0.097048,0.2160
4688,0.092342,0.2052
4689,0.092757,0.2145
4690,0.087667,0.2150
4691,0.085861,0.2137
4692,0.094909,0.2151
4693,0.097198,0.2132
4694,0.106883,0.2055
4695,0.107265,0.2116
4696,0.106824,0.2148
4697,0.103480,0.2009
4698,0.101349,0.2030
4699,0.094346,0.2017
4700,0.089031,0.2091
4701,0.094244,0.2033
4702,0.093276,0.2155
4703,0.095474,0.2161
4704,0.098238,0.2165
4705,0.098815,0.2016
4706,0.101896,0.2031
4707,0.100591,0.2024
4708,0.104529,0.2076
4709,0.104540,0.2108
4710,0.101118,0.2021
4711,0.101524,0.2019
4712,0.095454,0.2098
4713,0.095869,0.2343
4714,0.097034,0.2341
4715,0.100473,0.2048
4716,0.116824,0.2364
4717,0.109932,0.2333
4718,0.105852,0.2026
4719,0.106535,0.2099
4720,0.101534,0.1997
4721,0.097072,0.2012
4722,0.099175,0.2054
4723,0.095852,0.1998
4724,0.099044,0.2019
4725,0.098280,0.2023
4726,0.097668,0.2020
4727,0.097042,0.2123
4728,0.095061,0.2017
4729,0.090981,0.2010
4730,0.092113,0.2004
4731,0.092416,0.2003
4732,0.093895,0.2012
4733,0.092328,0.2012
4734,0.087832,0.2035
4735,0.092656,0.2031
4736,0.099499,0.2025
4737,0.101071,0.2022
4738,0.098914,0.2032
4739,0.096722,0.2024
4740,0.094580,0.2029
4741,0.089671,0.2032
4742,0.087637,0.2011
4743,0.089993,0.2036
4744,0.093762,0.2003
4745,0.094927,0.2034
4746,0.091424,0.2032
4747,0.088630,0.2059
4748,0.085155,0.2011
4749,0.080047,0.2012
4750,0.076423,0.2019
4751,0.075068,0.2034
4752,0.070888,0.2037
4753,0.073730,0.2018
4754,0.073371,0.2018
4755,0.073234,0.2047
4756,0.073769,0.2024
4757,0.074601,0.2019
4758,0.074018,0.2030
4759,0.076161,0.2129
4760,0.076671,0.2021
4761,0.074607,0.2019
4762,0.074550,0.2014
4763,0.075002,0.2012
4764,0.072559,0.2002
4765,0.071031,0.1999
4766,0.070401,0.2018
4767,0.071555,0.2021
4768,0.067142,0.2028
4769,0.069029,0.2137
4770,0.070398,0.2016
4771,0.073162,0.2021
4772,0.077348,0.2013
4773,0.079952,0.2018
4774,0.082663,0.1997
4775,0.077978,0.2024
4776,0.075720,0.2063
4777,0.078863,0.2249
4778,0.080692,0.2109
4779,0.078303,0.2008
4780,0.074503,0.2075
4781,0.072976,0.2004
4782,0.069791,0.2071
4783,0.067125,0.2077
4784,0.062918,0.1991
4785,0.065241,0.1983
4786,0.067637,0.2108
4787,0.073475,0.2077
4788,0.075112,0.1991
4789,0.080557,0.1995
4790,0.087269,0.2049
4791,0.087497,0.2080
4792,0.087837,0.2099
4793,0.089082,0.2069
4794,0.088826,0.2072
4795,0.086900,0.2206
4796,0.086562,0.2190
4797,0.088085,0.2191
4798,0.089524,0.2069
4799,0.088307,0.1981
4800,0.085371,0.2070
4801,0.086226,0.2078
4802,0.087934,0.1972
4803,0.088990,0.2062
4804,0.088371,0.2025
4805,0.085408,0.2075
4806,0.083255,0.2096
4807,0.081239,0.2205
4808,0.080867,0.2046
4809,0.084177,0.2071
4810,0.083947,0.2160
4811,0.083633,0.2049
4812,0.085335,0.2029
4813,0.085804,0.2025
4814,0.085090,0.2060
4815,0.086263,0.2055
4816,0.081872,0.2054
4817,0.081186,0.2056
4818,0.080748,0.2068
4819,0.081218,0.2028
4820,0.080790,0.2060
4821,0.083089,0.2108
4822,0.084863,0.2123
4823,0.081630,0.1984
4824,0.078869,0.2070
4825,0.076951,0.2067
4826,0.073604,0.1999
4827,0.075508,0.1997
4828,0.074715,0.1991
4829,0.074184,0.2065
4830,0.072843,0.2069
4831,0.072657,0.2059
4832,0.072449,0.2000
4833,0.070141,0.2058
4834,0.077464,0.2059
4835,0.080854,0.2054
4836,0.076807,0.1976
4837,0.075370,0.2058
4838,0.083439,0.1974
4839,0.085477,0.1985
4840,0.086037,0.1998
4841,0.088643,0.2003
4842,0.081895,0.2067
4843,0.077285,0.2087
4844,0.084978,0.2088
4845,0.091395,0.2091
4846,0.093950,0.2085
4847,0.092503,0.2092
4848,0.090789,0.2089
4849,0.095545,0.2094
4850,0.094174,0.2091
4851,0.086725,0.2096
4852,0.098282,0.2086
4853,0.095765,0.2095
4854,0.099694,0.2105
4855,0.101886,0.2090
4856,0.102885,0.2091
4857,0.106829,0.2095
4858,0.096708,0.2090
4859,0.093367,0.2028
4860,0.092520,0.2019
4861,0.092455,0.2022
4862,0.091828,0.2020
4863,0.090593,0.2107
4864,0.085240,0.2096
4865,0.087185,0.2038
4866,0.083304,0.2101
4867,0.078756,0.2101
4868,0.072362,0.2099
4869,0.069669,0.2103
4870,0.069449,0.2101
4871,0.069198,0.2105
4872,0.070198,0.2096
4873,0.073651,0.2106
4874,0.074133,0.2093
4875,0.072014,0.2100
4876,0.079642,0.2103
4877,0.097105,0.2097
4878,0.103221,0.2213
4879,0.103627,0.2225
4880,0.105254,0.2237
4881,0.103311,0.2226
4882,0.099025,0.2241
4883,0.092286,0.2231
4884,0.087643,0.2231
4885,0.080551,0.2239
4886,0.082492,0.2248
4887,0.080175,0.2252
4888,0.077187,0.2253
4889,0.072715,0.2254
4890,0.072053,0.2260
4891,0.071944,0.2243
4892,0.067837,0.2264
4893,0.069302,0.2284
4894,0.071377,0.2110
4895,0.070723,0.2113
4896,0.071702,0.2263
4897,0.072073,0.2101
4898,0.072005,0.2110
4899,0.073815,0.2123
4900,0.075286,0.2116
4901,0.076951,0.2204
4902,0.077368,0.2123
4903,0.076052,0.2109
4904,0.073082,0.2103
4905,0.072130,0.2113
4906,0.076674,0.2121
4907,0.079033,0.2091
4908,0.080487,0.2186
4909,0.077091,0.2130
4910,0.077639,0.2094
4911,0.077417,0.2092
4912,0.079638,0.2092
4913,0.084860,0.2099
4914,0.088459,0.2090
4915,0.091492,0.2099
4916,0.088868,0.2092
4917,0.092034,0.2090
4918,0.086805,0.2098
4919,0.086484,0.2091
4920,0.082561,0.2088
4921,0.080187,0.2098
4922,0.077336,0.2154
4923,0.077360,0.2103
4924,0.082799,0.2099
4925,0.083224,0.2096
4926,0.077793,0.2101
4927,0.074994,0.2099
4928,0.074492,0.2095
4929,0.071743,0.2098
4930,0.069046,0.2113
4931,0.077088,0.2102
4932,0.082167,0.2094
4933,0.083198,0.2096
4934,0.081973,0.2101
4935,0.083143,0.2116
4936,0.086306,0.2095
4937,0.085932,0.2095
4938,0.086854,0.2095
4939,0.084529,0.2104
4940,0.084601,0.2092
4941,0.090895,0.2173
4942,0.094537,0.2098
4943,0.091078,0.2183
4944,0.090202,0.2098
4945,0.090548,0.2090
4946,0.091205,0.2095
4947,0.091912,0.2164
4948,0.087415,0.2171
4949,0.092509,0.2103
4950,0.089401,0.2170
4951,0.088756,0.2102
4952,0.088501,0.2092
4953,0.090048,0.2094
4954,0.092547,0.2102
4955,0.088718,0.2287
4956,0.084831,0.2092
4957,0.087188,0.2106
4958,0.089112,0.2100
4959,0.088215,0.2095
4960,0.086418,0.2092
4961,0.079918,0.2268
4962,0.081998,0.2100
4963,0.082057,0.2263
4964,0.081506,0.2252
4965,0.078427,0.2098
4966,0.078830,0.2258
4967,0.087296,0.2098
4968,0.089236,0.2244
4969,0.091319,0.2270
4970,0.095577,0.2096
4971,0.096657,0.2273
4972,0.094419,0.2244
4973,0.095389,0.2251
4974,0.095532,0.2244
4975,0.098825,0.2270
4976,0.097941,0.2099
4977,0.094843,0.2250
4978,0.092310,0.2100
4979,0.086691,0.2244
4980,0.086035,0.2089
4981,0.083850,0.2100
4982,0.084065,0.2263
4983,0.084433,0.2261
4984,0.086759,0.2249
4985,0.084687,0.2244
4986,0.072796,0.2241
4987,0.073190,0.2263
4988,0.069474,0.2251
4989,0.066312,0.2257
4990,0.063040,0.2098
4991,0.058599,0.2249
4992,0.058628,0.2256
4993,0.058708,0.2255
4994,0.056759,0.2094
4995,0.057760,0.2244
4996,0.055882,0.2090
4997,0.053904,0.2272
4998,0.051410,0.2102
4999,0.051680,0.2247
5000,0.051246,0.2259
5001,0.052471,0.2089
5002,0.049759,0.2096
5003,0.047951,0.2098
5004,0.047233,0.2275
5005,0.044458,0.2267
5006,0.045648,0.2287
5007,0.044698,0.2263
5008,0.044139,0.2245
5009,0.041059,0.2265
5010,0.038928,0.2271
5011,0.038794,0.2094
5012,0.037226,0.2265
5013,0.037009,0.2280
5014,0.037347,0.2263
5015,0.035576,0.2264
5016,0.034135,0.2268
5017,0.032940,0.2269
5018,0.031238,0.2288
5019,0.030642,0.2281
5020,0.028881,0.2267
5021,0.029796,0.2262
5022,0.029557,0.2258
5023,0.028037,0.2276
5024,0.027891,0.2265
5025,0.027002,0.2291
5026,0.027135,0.2094
5027,0.025162,0.2271
5028,0.024652,0.2280
5029,0.024819,0.2269
5030,0.024617,0.2271
5031,0.025474,0.2272
5032,0.024791,0.2273
5033,0.024100,0.2265
5034,0.024858,0.2283
5035,0.024755,0.2100
5036,0.024392,0.2268
5037,0.024260,0.2264
5038,0.022923,0.2250
5039,0.022070,0.2256
5040,0.021881,0.2283
5041,0.021408,0.2261
5042,0.021643,0.2274
5043,0.021370,0.2243
5044,0.021050,0.2259
5045,0.019687,0.2268
5046,0.019248,0.2268
5047,0.019540,0.2272
5048,0.020369,0.2251
5049,0.019735,0.2265
5050,0.018663,0.2248
5051,0.017185,0.2261
5052,0.019486,0.2275
5053,0.020004,0.2262
5054,0.018907,0.2276
5055,0.018962,0.2268
5056,0.019494,0.2254
5057,0.020963,0.2269
5058,0.021322,0.2245
5059,0.020771,0.2258
5060,0.020356,0.2266
5061,0.020305,0.2247
5062,0.019045,0.2260
5063,0.021733,0.2271
5064,0.024704,0.2263
5065,0.026416,0.2274
5066,0.028750,0.2269
5067,0.028675,0.2263
5068,0.029262,0.2255
5069,0.028292,0.2171
5070,0.027724,0.2211
5071,0.026731,0.2183
5072,0.024869,0.2206
5073,0.024589,0.2195
5074,0.025830,0.2198
5075,0.025803,0.2183
5076,0.025974,0.2203
5077,0.024666,0.2198
5078,0.024009,0.2187
5079,0.022988,0.2161
5080,0.022759,0.2182
5081,0.024211,0.2197
5082,0.024202,0.2191
5083,0.022860,0.2173
5084,0.024419,0.2181
5085,0.024209,0.2200
5086,0.023553,0.2201
5087,0.025200,0.2238
5088,0.025100,0.2200
5089,0.022850,0.2214
5090,0.026220,0.2190
5091,0.030958,0.2185
5092,0.031188,0.2190
5093,0.029096,0.2196
5094,0.029300,0.2216
5095,0.026590,0.2205
5096,0.026100,0.2188
5097,0.025734,0.2169
5098,0.025876,0.2212
5099,0.025780,0.2199
5100,0.024665,0.2216
5101,0.024522,0.2196
5102,0.023619,0.2188
5103,0.023123,0.2192
5104,0.021326,0.2172
5105,0.024605,0.2183
5106,0.027699,0.2194
5107,0.028136,0.2182
5108,0.028412,0.2165
5109,0.028894,0.2177
5110,0.029068,0.2060
5111,0.028933,0.2198
5112,0.028146,0.2200
5113,0.028839,0.2051
5114,0.027081,0.2051
5115,0.028023,0.2184
5116,0.025470,0.2053
5117,0.026536,0.2080
5118,0.024047,0.2090
5119,0.020830,0.2176
5120,0.024506,0.2024
5121,0.024314,0.2047
5122,0.026070,0.2029
5123,0.024529,0.2020
5124,0.023669,0.2014
5125,0.023588,0.2031
5126,0.026294,0.2024
5127,0.024609,0.2060
5128,0.023504,0.2042
5129,0.022572,0.2097
5130,0.021293,0.2040
5131,0.020435,0.2025
5132,0.019942,0.2015
5133,0.017905,0.2093
5134,0.014752,0.2095
5135,0.015056,0.2246
5136,0.017392,0.2231
5137,0.018208,0.2001
5138,0.017721,0.2246
5139,0.016726,0.2011
5140,0.015542,0.2035
5141,0.015996,0.1998
5142,0.015272,0.2085
5143,0.014729,0.2019
5144,0.015178,0.2146
5145,0.013464,0.2009
5146,0.013102,0.2030
5147,0.012939,0.2044
5148,0.013109,0.2021
5149,0.012415,0.2026
5150,0.010581,0.2020
5151,0.009816,0.2034
5152,0.010087,0.2158
5153,0.011694,0.2175
5154,0.011510,0.2007
5155,0.011272,0.2007
5156,0.011216,0.2120
5157,0.008876,0.2156
5158,0.010392,0.2001
5159,0.012238,0.2021
5160,0.013919,0.2022
5161,0.014515,0.2003
5162,0.014579,0.2165
5163,0.016864,0.2098
5164,0.017262,0.2027
5165,0.017480,0.1997
5166,0.016180,0.2011
5167,0.017218,0.2042
5168,0.018120,0.2015
5169,0.018606,0.2030
5170,0.018507,0.2042
5171,0.018695,0.2044
5172,0.017780,0.2139
5173,0.017531,0.2037
5174,0.018128,0.2054
5175,0.017762,0.2026
5176,0.017204,0.2123
5177,0.016018,0.2048
5178,0.015255,0.2126
5179,0.015005,0.2045
5180,0.015554,0.2044
5181,0.015794,0.2030
5182,0.016993,0.2021
5183,0.015846,0.2131
5184,0.014283,0.2044
5185,0.014685,0.2049
5186,0.014597,0.2031
5187,0.014095,0.2044
5188,0.014096,0.2122
5189,0.016657,0.2135
5190,0.016242,0.2116
5191,0.015766,0.2037
5192,0.015062,0.2052
5193,0.016058,0.2047
5194,0.015892,0.2027
5195,0.013769,0.2171
5196,0.012717,0.2051
5197,0.009909,0.2187
5198,0.010644,0.2052
5199,0.012400,0.2072
5200,0.012309,0.2040
5201,0.012845,0.2037
5202,0.013687,0.2034
5203,0.013595,0.2097
5204,0.011538,0.2141
5205,0.009909,0.2040
5206,0.008722,0.2161
5207,0.007489,0.2040
5208,0.006806,0.2040
5209,0.007123,0.2040
5210,0.006993,0.2042
5211,0.007035,0.2038
5212,0.005991,0.2173
5213,0.007084,0.2112
5214,0.006467,0.2056
5215,0.006379,0.2057
5216,0.006797,0.2050
5217,0.006540,0.2048
5218,0.007545,0.2038
5219,0.008564,0.2045
5220,0.009001,0.2024
5221,0.008173,0.2010
5222,0.008421,0.2168
5223,0.009978,0.2041
5224,0.011418,0.2030
5225,0.010902,0.2040
5226,0.011079,0.2051
5227,0.010904,0.2036
5228,0.012269,0.2041
5229,0.011787,0.2036
5230,0.012332,0.2199
5231,0.013904,0.2018
5232,0.012736,0.2027
5233,0.012155,0.2040
5234,0.012081,0.2025
5235,0.011413,0.2042
5236,0.009783,0.2057
5237,0.010174,0.2053
5238,0.011150,0.2038
5239,0.008448,0.2059
5240,0.008471,0.2038
5241,0.008463,0.2026
5242,0.005801,0.2182
5243,0.005361,0.2062
5244,0.006262,0.2066
5245,0.007475,0.2044
5246,0.008052,0.2062
5247,0.008227,0.2054
5248,0.008345,0.2059
5249,0.008786,0.2060
5250,0.007582,0.2056
5251,0.007772,0.2037
5252,0.007586,0.2046
5253,0.006597,0.2064
5254,0.007062,0.2068
5255,0.006699,0.2076
5256,0.007843,0.2041
5257,0.008251,0.2059
5258,0.007917,0.2027
5259,0.008052,0.2043
5260,0.008238,0.2055
5261,0.007471,0.2061
5262,0.008102,0.2062
5263,0.008737,0.2062
5264,0.007982,0.2033
5265,0.007764,0.2041
5266,0.005935,0.2040
5267,0.008990,0.2205
5268,0.009602,0.2029
5269,0.009278,0.2046
5270,0.009787,0.2053
5271,0.010945,0.2056
5272,0.010363,0.2095
5273,0.010257,0.2062
5274,0.009973,0.2055
5275,0.010221,0.2025
5276,0.010297,0.2072
5277,0.009384,0.2190
5278,0.010687,0.2055
5279,0.011296,0.2043
5280,0.011789,0.2062
5281,0.011092,0.2060
5282,0.012121,0.2177
5283,0.012943,0.2057
5284,0.013421,0.2062
5285,0.014274,0.2130
5286,0.014537,0.2061
5287,0.015635,0.2136
5288,0.013156,0.2123
5289,0.013036,0.2047
5290,0.009231,0.2076
5291,0.013353,0.2045
5292,0.015978,0.2039
5293,0.016715,0.2179
5294,0.015256,0.2054
5295,0.017358,0.2116
5296,0.015861,0.2046
5297,0.016953,0.2178
5298,0.016201,0.2031
5299,0.015919,0.2085
5300,0.013425,0.2145
5301,0.018677,0.2064
5302,0.017730,0.2321
5303,0.015638,0.2038
5304,0.016312,0.2120
5305,0.017428,0.2040
5306,0.016705,0.2049
5307,0.017187,0.2041
5308,0.017591,0.2198
5309,0.013371,0.2057
5310,0.012981,0.2117
5311,0.013661,0.2140
5312,0.016429,0.2136
5313,0.015908,0.2127
5314,0.012057,0.2087
5315,0.015167,0.2297
5316,0.016216,0.2184
5317,0.017184,0.2118
5318,0.016179,0.2103
5319,0.013473,0.2094
5320,0.012718,0.2136
5321,0.013103,0.2136
5322,0.011060,0.2058
5323,0.011368,0.2131
5324,0.011279,0.2107
5325,0.011897,0.2139
5326,0.013427,0.2309
5327,0.011530,0.2119
5328,0.011987,0.2068
5329,0.012563,0.2096
5330,0.012421,0.2103
5331,0.011282,0.2293
5332,0.010478,0.2307
5333,0.011958,0.2166
5334,0.013251,0.2130
5335,0.012364,0.2295
5336,0.012909,0.2303
5337,0.011437,0.2150
5338,0.009974,0.2041
5339,0.010737,0.2041
5340,0.012692,0.2323
5341,0.010381,0.2173
5342,0.012187,0.2034
5343,0.013016,0.2109
5344,0.013004,0.2182
5345,0.013705,0.2124
5346,0.011064,0.2293
5347,0.012885,0.2162
5348,0.013932,0.2041
5349,0.013575,0.2046
5350,0.014393,0.2180
5351,0.012506,0.2146
5352,0.011679,0.2100
5353,0.011328,0.2306
5354,0.011114,0.2212
5355,0.010433,0.2295
5356,0.008532,0.2105
5357,0.006742,0.2307
5358,0.007627,0.2175
5359,0.008458,0.2177
5360,0.008216,0.2188
5361,0.007554,0.2134
5362,0.007466,0.2169
5363,0.008318,0.2183
5364,0.007149,0.2191
5365,0.008438,0.2160
5366,0.006567,0.2139
5367,0.006739,0.2072
5368,0.005710,0.2197
5369,0.005947,0.2176
5370,0.003650,0.2184
5371,0.004201,0.2321
5372,0.004060,0.2326
5373,0.004039,0.2092
5374,0.003440,0.2198
5375,0.003070,0.2067
5376,0.004111,0.2302
5377,0.003722,0.2182
5378,0.002764,0.2194
5379,0.001407,0.2179
5380,0.000043,0.2181
5381,-0.000412,0.2068
5382,-0.000429,0.2178
5383,0.001993,0.2178
5384,0.002284,0.2190
5385,0.001890,0.2175
5386,0.000546,0.2304
5387,0.001358,0.2176
5388,0.001737,0.2063
5389,0.001657,0.2147
5390,0.001461,0.2176
5391,0.003537,0.2195
5392,0.003647,0.2178
5393,0.003594,0.2137
5394,0.005357,0.2072
5395,0.007416,0.2072
5396,0.007495,0.2173
5397,0.005787,0.2075
5398,0.006061,0.2176
5399,0.005972,0.2195
5400,0.004286,0.2038
5401,0.002831,0.2214
5402,0.001346,0.2077
5403,0.002120,0.2079
5404,-0.000168,0.2188
5405,0.001991,0.2094
5406,0.003953,0.2198
5407,0.002967,0.2209
5408,0.002993,0.2041
5409,0.003109,0.2197
5410,0.003330,0.2050
5411,0.003440,0.2196
5412,0.004211,0.2026
5413,0.005410,0.2190
5414,0.004885,0.2191
5415,0.005656,0.2204
5416,0.004718,0.2231
5417,0.010963,0.2262
5418,0.010640,0.2166
5419,0.009650,0.2185
5420,0.010118,0.2183
5421,0.010293,0.2189
5422,0.012513,0.2067
5423,0.013135,0.2196
5424,0.013719,0.2190
5425,0.014227,0.2198
5426,0.011878,0.2186
5427,0.013002,0.2198
5428,0.014932,0.2190
5429,0.015098,0.2062
5430,0.016122,0.2071
5431,0.017220,0.2192
5432,0.016942,0.2078
5433,0.014912,0.2219
5434,0.015434,0.2196
5435,0.013280,0.2012
5436,0.017673,0.2048
5437,0.019286,0.2192
5438,0.015400,0.2069
5439,0.012332,0.2223
5440,0.013035,0.2199
5441,0.014171,0.2123
5442,0.015701,0.2231
5443,0.013722,0.2076
5444,0.013001,0.2128
5445,0.013800,0.2084
5446,0.012313,0.2236
5447,0.009654,0.2160
5448,0.008706,0.2236
5449,0.010137,0.2233
5450,0.011109,0.2079
5451,0.012605,0.2158
5452,0.012621,0.2075
5453,0.012140,0.2169
5454,0.008192,0.2246
5455,0.007405,0.2083
5456,0.008973,0.2114
5457,0.007624,0.2234
5458,0.007959,0.2199
5459,0.006907,0.2248
5460,0.007023,0.2305
5461,0.006387,0.2231
5462,0.004775,0.2236
5463,0.007626,0.2097
5464,0.008506,0.2095
5465,0.008434,0.2074
5466,0.007535,0.2083
5467,0.007881,0.2120
5468,0.008694,0.2200
5469,0.008956,0.2156
5470,0.008622,0.2262
5471,0.005924,0.2310
5472,0.005955,0.2192
5473,0.005891,0.2244
5474,0.004513,0.2240
5475,0.006571,0.2265
5476,0.008266,0.2275
5477,0.007429,0.2251
5478,0.005946,0.2293
5479,0.008878,0.2194
5480,0.009216,0.2224
5481,0.008387,0.2274
5482,0.010450,0.2200
5483,0.008335,0.2215
5484,0.007600,0.2237
5485,0.007427,0.2240
5486,0.009150,0.2200
5487,0.008208,0.2259
5488,0.007333,0.2228
5489,0.006322,0.2244
5490,0.005430,0.2263
5491,0.004688,0.2266
5492,0.006213,0.2252
5493,0.004271,0.2274
5494,0.004929,0.2260
5495,0.004047,0.2219
5496,0.005008,0.2262
5497,0.004721,0.2226
5498,0.005400,0.2287
5499,0.005922,0.2253
5500,0.004636,0.2295
5501,0.002931,0.2263
5502,0.003819,0.2277
5503,0.003437,0.2305
5504,0.002558,0.2282
5505,0.001753,0.2292
5506,0.003038,0.2292
5507,0.002328,0.2289
5508,0.001562,0.2281
5509,-0.000005,0.2289
5510,0.000093,0.2277
5511,-0.001175,0.2335
5512,-0.000858,0.2293
5513,0.000074,0.2323
5514,-0.000621,0.2304
5515,-0.000491,0.2288
5516,-0.000793,0.2272
5517,-0.000251,0.2280
5518,-0.001348,0.2292
5519,-0.000073,0.2287
5520,0.001217,0.2278
5521,0.000404,0.2292
5522,0.001157,0.2277
5523,0.001520,0.2298
5524,0.002916,0.2309
5525,0.001853,0.2299
5526,0.002663,0.2282
5527,0.004148,0.2303
5528,0.003273,0.2301
5529,0.002848,0.2273
5530,0.001801,0.2302
5531,0.005224,0.2298
5532,0.006072,0.2309
5533,0.007049,0.2297
5534,0.004563,0.2299
5535,0.001543,0.2288
5536,0.002120,0.2303
5537,0.002103,0.2318
5538,0.003063,0.2338
5539,0.002111,0.2305
5540,0.004009,0.2313
5541,0.005871,0.2320
5542,0.006947,0.2283
5543,0.007148,0.2298
5544,0.008662,0.2298
5545,0.008354,0.2298
5546,0.006993,0.2279
5547,0.007782,0.2296
5548,0.007165,0.2275
5549,0.009040,0.2321
5550,0.010171,0.2286
5551,0.010747,0.2320
5552,0.014061,0.2277
5553,0.013091,0.2270
5554,0.010436,0.2265
5555,0.009890,0.2285
5556,0.011429,0.2261
5557,0.013279,0.2296
5558,0.012560,0.2286
5559,0.011037,0.2297
5560,0.011579,0.2317
5561,0.010801,0.2240
5562,0.010269,0.2249
5563,0.009032,0.2245
5564,0.007766,0.2273
5565,0.008563,0.2226
5566,0.008396,0.2210
5567,0.006438,0.2233
5568,0.005888,0.2224
5569,0.005693,0.2222
5570,0.005318,0.2213
5571,0.005983,0.2220
5572,0.005542,0.2273
5573,0.004201,0.2215
5574,0.002820,0.2234
5575,0.001417,0.2212
5576,0.002278,0.2210
5577,0.004216,0.2248
5578,0.004404,0.2247
5579,0.007906,0.2240
5580,0.013068,0.2193
5581,0.013351,0.2229
5582,0.012814,0.2214
5583,0.010552,0.2230
5584,0.009703,0.2225
5585,0.009120,0.2221
5586,0.008022,0.2201
5587,0.009501,0.2198
5588,0.009696,0.2121
5589,0.009297,0.2204
5590,0.009898,0.2208
5591,0.009181,0.2113
5592,0.005621,0.2306
5593,0.004972,0.2332
5594,0.006268,0.2198
5595,0.004040,0.2209
5596,0.004052,0.2256
5597,0.003442,0.2133
5598,0.004368,0.2267
5599,0.004121,0.2269
5600,0.003861,0.2396
5601,0.003672,0.2204
5602,0.003379,0.2222
5603,0.002445,0.2097
5604,0.003313,0.2315
5605,0.003707,0.2187
5606,0.003341,0.2307
5607,0.002577,0.2101
5608,0.003234,0.2173
5609,0.003110,0.2057
5610,0.003341,0.2263
5611,0.003041,0.2087
5612,0.002354,0.2185
5613,0.004874,0.2143
5614,0.004130,0.2115
5615,0.004552,0.2072
5616,0.004359,0.2190
5617,0.002478,0.2164
5618,0.003266,0.2303
5619,0.002402,0.2196
5620,0.003179,0.2348
5621,0.001958,0.2102
5622,0.000740,0.2100
5623,-0.000647,0.2168
5624,-0.000386,0.2134
5625,-0.001163,0.2342
5626,-0.001104,0.2105
5627,-0.000831,0.2150
5628,-0.000309,0.2123
5629,0.003038,0.2160
5630,0.002719,0.2150
5631,0.002838,0.2223
5632,0.002232,0.2112
5633,0.000895,0.2146
5634,0.001911,0.2151
5635,0.001330,0.2148
5636,0.000235,0.2158
5637,-0.000526,0.2232
5638,-0.002775,0.2138
5639,0.000132,0.2141
5640,0.001903,0.2142
5641,0.001851,0.2167
5642,0.005771,0.2195
5643,0.000634,0.2160
5644,0.001882,0.2152
5645,0.000833,0.2140
5646,-0.000517,0.2150
5647,-0.002376,0.2215
5648,-0.004511,0.2165
5649,-0.002039,0.2229
5650,-0.002028,0.2233
5651,-0.002409,0.2133
5652,-0.000491,0.2146
5653,-0.001039,0.2130
5654,-0.000406,0.2146
5655,0.000119,0.2234
5656,-0.002147,0.2134
5657,-0.001192,0.2157
5658,0.001677,0.2210
5659,0.002547,0.2238
5660,0.001361,0.2132
5661,0.000702,0.2129
5662,-0.000399,0.2144
5663,0.001691,0.2169
5664,0.001847,0.2214
5665,0.001860,0.2182
5666,0.003221,0.2426
5667,0.003882,0.2401
5668,0.002559,0.2259
5669,0.003850,0.2458
5670,0.004010,0.2463
5671,0.003563,0.2294
5672,0.004694,0.2424
5673,0.003820,0.2218
5674,0.005036,0.2269
5675,0.004688,0.2440
5676,0.006462,0.2218
5677,0.005083,0.2405
5678,0.005971,0.2234
5679,0.005780,0.2412
5680,0.005147,0.2437
5681,0.004925,0.2407
5682,0.005848,0.2413
5683,0.005074,0.2414
5684,0.005938,0.2418
5685,0.001842,0.2235
5686,0.001294,0.2413
5687,0.000187,0.2274
5688,-0.000243,0.2229
5689,-0.001735,0.2206
5690,-0.001914,0.2296
5691,-0.002397,0.2443
5692,-0.000622,0.2216
5693,-0.000396,0.2434
5694,-0.000437,0.2167
5695,-0.000479,0.2371
5696,-0.000548,0.2383
5697,-0.001203,0.2190
5698,-0.000455,0.2376
5699,-0.000771,0.2400
5700,-0.002403,0.2373
5701,-0.002291,0.2220
5702,-0.002368,0.2197
5703,-0.003806,0.2379
5704,-0.003708,0.2387
5705,-0.002993,0.2395
5706,-0.002947,0.2374
5707,-0.002979,0.2158
5708,-0.002751,0.2392
5709,-0.004288,0.2216
5710,-0.002587,0.2370
5711,-0.002893,0.2358
5712,-0.001943,0.2351
5713,0.000250,0.2218
5714,0.003217,0.2164
5715,0.004694,0.2175
5716,0.005295,0.2358
5717,0.004684,0.2427
5718,0.001648,0.2415
5719,0.000020,0.2419
5720,-0.002734,0.2451
5721,-0.001110,0.2456
5722,-0.000991,0.2433
5723,0.000355,0.2420
5724,0.000131,0.2317
5725,0.000386,0.2424
5726,0.001843,0.2408
5727,0.002303,0.2302
5728,0.002391,0.2462
5729,0.002637,0.2323
5730,0.001999,0.2302
5731,0.002549,0.2331
5732,0.002058,0.2312
5733,-0.000330,0.2161
5734,-0.000336,0.2312
5735,-0.000902,0.2171
5736,-0.000908,0.2320
5737,0.000257,0.2332
5738,-0.001395,0.2328
5739,0.001245,0.2336
5740,0.001424,0.2145
5741,0.000847,0.2316
5742,-0.002133,0.2312
5743,-0.000934,0.2330
5744,0.000233,0.2324
5745,0.000052,0.2327
5746,0.000892,0.2317
5747,0.000398,0.2314
5748,-0.001191,0.2329
5749,-0.003199,0.2321
5750,-0.000461,0.2315
5751,-0.001053,0.2310
5752,-0.001340,0.2153
5753,-0.001242,0.2317
5754,0.001108,0.2330
5755,0.002033,0.2313
5756,0.002450,0.2217
5757,0.003376,0.2316
5758,0.003675,0.2315
5759,0.003522,0.2308
5760,0.004561,0.2195
5761,0.004824,0.2191
5762,0.005174,0.2336
5763,0.003066,0.2278
5764,0.005694,0.2333
5765,0.005923,0.2198
5766,0.006235,0.2399
5767,0.005039,0.2329
5768,0.007067,0.2235
5769,0.005732,0.2234
5770,0.003325,0.2239
5771,0.003846,0.2164
5772,0.002311,0.2371
5773,0.001022,0.2270
5774,0.000781,0.2228
5775,0.001338,0.2218
5776,0.001615,0.2373
5777,-0.000008,0.2286
5778,-0.001311,0.2391
5779,-0.002632,0.2231
5780,-0.001886,0.2330
5781,-0.001230,0.2413
5782,-0.000533,0.2273
5783,0.000788,0.2202
5784,0.000197,0.2157
5785,0.000085,0.2309
5786,0.000811,0.2189
5787,0.000018,0.2265
5788,0.001751,0.2343
5789,0.001696,0.2184
5790,-0.000303,0.2365
5791,0.000193,0.2240
5792,0.000289,0.2283
5793,0.001749,0.2169
5794,0.001403,0.2262
5795,0.000929,0.2327
5796,-0.000499,0.2273
5797,0.003128,0.2267
5798,0.004065,0.2202
5799,0.002299,0.2205
5800,0.001646,0.2184
5801,0.001251,0.2323
5802,-0.001280,0.2206
5803,-0.002182,0.2213
5804,-0.001133,0.2348
5805,-0.000600,0.2269
5806,-0.000792,0.2198
5807,-0.001980,0.2223
5808,-0.001853,0.2198
5809,-0.003043,0.2223
5810,-0.002845,0.2205
5811,-0.004728,0.2278
5812,-0.002971,0.2317
5813,-0.002784,0.2202
5814,-0.000863,0.2145
5815,-0.002627,0.2134
5816,-0.001827,0.2142
5817,-0.000714,0.2222
5818,-0.003139,0.2144
5819,-0.003472,0.2129
5820,-0.003459,0.2139
5821,-0.004544,0.2270
5822,-0.005082,0.2161
5823,-0.004885,0.2143
5824,-0.004622,0.2144
5825,-0.003068,0.2165
5826,-0.002333,0.2153
5827,-0.002757,0.2203
5828,-0.003796,0.2154
5829,-0.004049,0.2206
5830,-0.002876,0.2137
5831,-0.002248,0.2173
5832,-0.001110,0.2152
5833,-0.001848,0.2192
5834,-0.001459,0.2167
5835,0.000503,0.2272
5836,-0.000244,0.2146
5837,0.001152,0.2355
5838,0.000856,0.2384
5839,0.000467,0.2220
5840,-0.000933,0.2210
5841,-0.003612,0.2212
5842,-0.000946,0.2261
5843,-0.001818,0.2280
5844,0.002522,0.2208
5845,0.003411,0.2201
5846,0.002616,0.2231
5847,0.003156,0.2217
5848,0.003624,0.2137
5849,0.005163,0.2141
5850,0.003950,0.2136
5851,0.001677,0.2286
5852,0.001494,0.2138
5853,-0.000360,0.2311
5854,-0.002648,0.2283
5855,0.001387,0.2287
5856,0.003670,0.2281
5857,0.000463,0.2301
5858,0.000054,0.2200
5859,0.000330,0.2195
5860,0.002143,0.2349
5861,0.005447,0.2338
5862,0.006738,0.2338
5863,0.003680,0.2331
5864,0.001511,0.2176
5865,0.000722,0.2359
5866,0.001799,0.2324
5867,0.001328,0.2193
5868,0.002588,0.2363
5869,0.001831,0.2330
5870,0.002057,0.2327
5871,0.001959,0.2137
5872,0.000829,0.2126
5873,-0.000917,0.2180
5874,-0.002047,0.2279
5875,-0.001728,0.2388
5876,-0.002632,0.2491
5877,-0.003428,0.2420
5878,-0.002723,0.2486
5879,-0.003400,0.2175
5880,-0.003179,0.2162
5881,-0.003837,0.2154
5882,-0.004814,0.2212
5883,-0.007096,0.2420
5884,-0.005031,0.2425
5885,-0.004517,0.2332
5886,-0.003495,0.2404
5887,-0.003308,0.2221
5888,-0.004010,0.2398
5889,-0.000777,0.2371
5890,-0.001693,0.2382
5891,-0.000874,0.2375
5892,-0.000194,0.2377
5893,0.004184,0.2357
5894,0.010574,0.2157
5895,0.015022,0.2379
5896,0.015157,0.2383
5897,0.015362,0.2288
5898,0.016157,0.2383
5899,0.015227,0.2374
5900,0.014267,0.2384
5901,0.012425,0.2379
5902,0.006799,0.2334
5903,0.007673,0.2386
5904,0.009755,0.2359
5905,0.007641,0.2380
5906,0.011697,0.2207
5907,0.014358,0.2140
5908,0.014717,0.2315
5909,0.015139,0.2221
5910,0.017585,0.2227
5911,0.018536,0.2191
5912,0.021405,0.2134
5913,0.021375,0.2140
5914,0.018339,0.2360
5915,0.015991,0.2135
5916,0.010736,0.2210
5917,0.009628,0.2213
5918,0.008719,0.2142
5919,0.007941,0.2227
5920,0.007586,0.2221
5921,0.007888,0.2364
5922,0.008831,0.2118
5923,0.011527,0.2359
5924,0.012431,0.2208
5925,0.011767,0.2148
5926,0.014088,0.2155
5927,0.011209,0.2371
5928,0.011467,0.2115
5929,0.010595,0.2358
5930,0.005717,0.2148
5931,0.004955,0.2382
5932,0.006382,0.2229
5933,0.003240,0.2137
5934,0.009084,0.2119
5935,0.007931,0.2138
5936,0.008414,0.2182
5937,0.009251,0.2173
5938,0.008521,0.2131
5939,0.007472,0.2591
5940,0.007814,0.2324
5941,0.010361,0.2385
5942,0.010968,0.2410
5943,0.009741,0.2185
5944,0.011828,0.2402
5945,0.012408,0.2342
5946,0.014127,0.2326
5947,0.011888,0.2121
5948,0.010658,0.2570
5949,0.011791,0.2375
5950,0.012637,0.2385
5951,0.012857,0.2403
5952,0.013300,0.2398
5953,0.012128,0.2379
5954,0.011360,0.2344
5955,0.010010,0.2401
5956,0.008439,0.2401
5957,0.005498,0.2567
5958,0.005086,0.2396
5959,0.002938,0.2396
5960,0.001868,0.2383
5961,0.000866,0.2359
5962,0.003988,0.2390
5963,0.005601,0.2161
5964,0.009647,0.2172
5965,0.010535,0.2168
5966,0.009770,0.2135
5967,0.012721,0.2378
5968,0.009535,0.2176
5969,0.009868,0.2143
5970,0.007080,0.2364
5971,0.004754,0.2169
5972,0.003738,0.2373
5973,0.002019,0.2354
5974,0.000761,0.2198
5975,0.001447,0.2358
5976,-0.000821,0.2364
5977,-0.000172,0.2346
5978,-0.000470,0.2378
5979,-0.001428,0.2439
5980,-0.002125,0.2376
5981,-0.003163,0.2427
5982,-0.003892,0.2366
5983,-0.003713,0.2381
5984,-0.005807,0.2438
5985,-0.005857,0.2190
5986,-0.006217,0.2176
5987,-0.006598,0.2443
5988,-0.006983,0.2452
5989,-0.005858,0.2177
5990,-0.007373,0.2319
5991,-0.007433,0.2427
5992,-0.006048,0.2321
5993,-0.002226,0.2421
5994,-0.004187,0.2449
5995,-0.001309,0.2331
5996,0.001774,0.2456
5997,0.003951,0.2411
5998,-0.003904,0.2415
5999,0.010140,0.2339
6000,0.016845,0.2319
