epoch,loss,tiempo_s
1,10.814641,0.0228
2,7.147923,0.0208
3,6.622757,0.0209
4,6.383962,0.0209
5,6.242966,0.0209
6,6.145296,0.0209
7,6.069190,0.0209
8,6.004652,0.0209
9,5.949787,0.0209
10,5.904578,0.0209
11,5.860467,0.0209
12,5.826352,0.0209
13,5.790236,0.0209
14,5.759562,0.0209
15,5.731145,0.0209
16,5.705468,0.0209
17,5.679256,0.0209
18,5.656323,0.0210
19,5.631973,0.0209
20,5.610966,0.0209
21,5.588551,0.0210
22,5.569828,0.0210
23,5.548684,0.0210
24,5.529631,0.0209
25,5.510038,0.0209
26,5.493162,0.0209
27,5.475891,0.0210
28,5.458766,0.0210
29,5.442100,0.0210
30,5.425356,0.0210
31,5.407856,0.0210
32,5.392093,0.0210
33,5.378033,0.0210
34,5.363479,0.0210
35,5.345903,0.0210
36,5.334058,0.0210
37,5.320268,0.0210
38,5.307252,0.0210
39,5.294990,0.0209
40,5.281714,0.0210
41,5.269732,0.0210
42,5.258147,0.0210
43,5.245976,0.0210
44,5.236921,0.0210
45,5.224945,0.0210
46,5.215118,0.0210
47,5.205817,0.0210
48,5.194375,0.0210
49,5.185356,0.0210
50,5.175374,0.0210
51,5.167342,0.0210
52,5.159342,0.0210
53,5.151128,0.0210
54,5.140789,0.0214
55,5.133922,0.0210
56,5.124803,0.0210
57,5.117939,0.0210
58,5.109653,0.0210
59,5.101660,0.0210
60,5.093178,0.0210
61,5.086011,0.0211
62,5.077591,0.0211
63,5.070328,0.0210
64,5.063448,0.0211
65,5.056783,0.0210
66,5.051324,0.0211
67,5.044483,0.0211
68,5.036829,0.0211
69,5.030380,0.0211
70,5.023319,0.0211
71,5.016055,0.0211
72,5.010356,0.0211
73,5.004995,0.0211
74,4.996369,0.0211
75,4.989026,0.0211
76,4.984577,0.0211
77,4.978070,0.0211
78,4.972485,0.0211
79,4.965913,0.0211
80,4.959570,0.0211
81,4.953346,0.0211
82,4.946843,0.0211
83,4.940386,0.0215
84,4.935167,0.0211
85,4.927383,0.0211
86,4.923298,0.0211
87,4.919040,0.0211
88,4.912437,0.0212
89,4.905987,0.0212
90,4.899608,0.0212
91,4.893752,0.0211
92,4.888165,0.0211
93,4.882980,0.0212
94,4.877255,0.0211
95,4.869864,0.0211
96,4.864827,0.0212
97,4.860671,0.0211
98,4.855116,0.0212
99,4.849863,0.0212
100,4.845422,0.0212
101,4.838753,0.0212
102,4.834466,0.0212
103,4.828958,0.0219
104,4.825025,0.0212
105,4.821189,0.0212
106,4.816436,0.0212
107,4.813589,0.0212
108,4.806623,0.0212
109,4.800719,0.0212
110,4.798417,0.0212
111,4.795427,0.0212
112,4.788012,0.0213
113,4.782325,0.0212
114,4.777595,0.0212
115,4.773911,0.0212
116,4.768788,0.0212
117,4.765403,0.0212
118,4.759866,0.0213
119,4.755811,0.0213
120,4.750656,0.0213
121,4.744345,0.0213
122,4.739661,0.0213
123,4.735458,0.0217
124,4.734646,0.0217
125,4.727849,0.0213
126,4.724161,0.0213
127,4.719308,0.0213
128,4.709927,0.0213
129,4.707633,0.0213
130,4.703923,0.0213
131,4.699998,0.0213
132,4.693398,0.0213
133,4.685909,0.0213
134,4.685314,0.0213
135,4.680787,0.0213
136,4.675913,0.0213
137,4.672274,0.0214
138,4.667259,0.0214
139,4.661728,0.0214
140,4.658076,0.0214
141,4.651947,0.0214
142,4.649468,0.0214
143,4.643210,0.0214
144,4.636806,0.0214
145,4.633214,0.0214
146,4.631074,0.0214
147,4.627195,0.0214
148,4.617887,0.0214
149,4.618520,0.0214
150,4.613711,0.0218
151,4.612786,0.0214
152,4.604635,0.0214
153,4.601499,0.0214
154,4.597967,0.0214
155,4.590966,0.0215
156,4.588514,0.0214
157,4.583088,0.0215
158,4.578083,0.0222
159,4.577132,0.0215
160,4.573167,0.0215
161,4.567615,0.0215
162,4.564060,0.0215
163,4.563997,0.0215
164,4.559086,0.0214
165,4.555203,0.0215
166,4.547772,0.0215
167,4.544855,0.0215
168,4.539969,0.0222
169,4.532495,0.0215
170,4.529839,0.0215
171,4.530199,0.0215
172,4.524956,0.0215
173,4.517395,0.0216
174,4.509942,0.0216
175,4.505940,0.0216
176,4.505622,0.0216
177,4.498981,0.0216
178,4.493603,0.0215
179,4.492280,0.0215
180,4.488636,0.0216
181,4.486213,0.0216
182,4.480462,0.0216
183,4.480594,0.0216
184,4.475372,0.0216
185,4.469525,0.0216
186,4.468771,0.0216
187,4.466829,0.0216
188,4.461042,0.0217
189,4.460451,0.0217
190,4.451877,0.0217
191,4.451327,0.0217
192,4.441223,0.0217
193,4.439407,0.0217
194,4.437432,0.0217
195,4.428768,0.0217
196,4.428399,0.0217
197,4.423000,0.0217
198,4.420243,0.0217
199,4.418901,0.0217
200,4.409649,0.0217
201,4.404864,0.0217
202,4.403192,0.0218
203,4.404042,0.0218
204,4.396429,0.0217
205,4.388718,0.0217
206,4.389806,0.0217
207,4.386347,0.0217
208,4.381336,0.0217
209,4.379126,0.0218
210,4.376607,0.0222
211,4.370781,0.0218
212,4.366619,0.0218
213,4.363399,0.0218
214,4.362859,0.0218
215,4.361008,0.0218
216,4.352306,0.0218
217,4.350430,0.0218
218,4.340990,0.0218
219,4.342883,0.0218
220,4.332879,0.0218
221,4.324614,0.0218
222,4.331968,0.0219
223,4.320583,0.0218
224,4.316539,0.0219
225,4.318082,0.0219
226,4.312414,0.0219
227,4.311424,0.0219
228,4.302433,0.0219
229,4.296772,0.0219
230,4.293675,0.0219
231,4.289691,0.0219
232,4.281339,0.0219
233,4.281293,0.0219
234,4.274849,0.0220
235,4.269131,0.0220
236,4.267504,0.0220
237,4.262397,0.0220
238,4.259298,0.0220
239,4.254693,0.0220
240,4.253426,0.0220
241,4.247966,0.0220
242,4.242175,0.0221
243,4.237407,0.0221
244,4.236020,0.0221
245,4.235366,0.0221
246,4.232289,0.0221
247,4.233898,0.0229
248,4.227646,0.0221
249,4.226571,0.0221
250,4.214541,0.0221
251,4.218116,0.0221
252,4.212587,0.0222
253,4.211786,0.0222
254,4.206708,0.0222
255,4.201846,0.0222
256,4.190606,0.0222
257,4.197381,0.0222
258,4.179658,0.0223
259,4.186623,0.0223
260,4.177533,0.0223
261,4.174861,0.0223
262,4.172696,0.0223
263,4.164841,0.0223
264,4.160122,0.0223
265,4.158503,0.0224
266,4.152268,0.0223
267,4.147960,0.0224
268,4.141737,0.0224
269,4.143272,0.0224
270,4.133718,0.0224
271,4.136914,0.0224
272,4.127492,0.0224
273,4.128472,0.0224
274,4.125616,0.0224
275,4.122290,0.0224
276,4.115862,0.0224
277,4.108520,0.0225
278,4.105618,0.0225
279,4.103067,0.0225
280,4.087901,0.0225
281,4.101029,0.0225
282,4.097648,0.0225
283,4.089862,0.0225
284,4.087491,0.0226
285,4.087793,0.0226
286,4.084885,0.0226
287,4.078188,0.0226
288,4.057277,0.0226
289,4.063917,0.0226
290,4.065486,0.0226
291,4.063568,0.0226
292,4.059066,0.0227
293,4.063028,0.0227
294,4.058478,0.0227
295,4.056052,0.0227
296,4.057748,0.0227
297,4.046537,0.0227
298,4.038805,0.0227
299,4.040031,0.0227
300,4.028590,0.0227
301,4.026100,0.0228
302,4.024414,0.0229
303,4.013246,0.0228
304,4.009607,0.0228
305,4.005429,0.0228
306,3.996836,0.0228
307,3.995660,0.0228
308,3.984004,0.0229
309,3.985852,0.0229
310,3.978781,0.0229
311,3.972587,0.0229
312,3.962312,0.0229
313,3.955192,0.0233
314,3.951694,0.0229
315,3.949244,0.0229
316,3.942793,0.0229
317,3.944823,0.0229
318,3.941466,0.0230
319,3.932187,0.0230
320,3.930118,0.0230
321,3.920340,0.0230
322,3.917905,0.0230
323,3.908550,0.0230
324,3.901675,0.0230
325,3.902988,0.0231
326,3.899651,0.0231
327,3.895747,0.0231
328,3.896986,0.0230
329,3.883910,0.0231
330,3.886470,0.0231
331,3.877933,0.0231
332,3.875787,0.0231
333,3.865950,0.0231
334,3.874504,0.0231
335,3.862334,0.0231
336,3.850951,0.0232
337,3.851295,0.0232
338,3.850880,0.0232
339,3.837565,0.0232
340,3.836906,0.0232
341,3.830322,0.0232
342,3.826576,0.0232
343,3.821855,0.0233
344,3.818967,0.0233
345,3.816986,0.0233
346,3.810360,0.0233
347,3.805215,0.0233
348,3.797697,0.0233
349,3.796307,0.0234
350,3.792545,0.0234
351,3.790458,0.0234
352,3.781770,0.0234
353,3.782267,0.0235
354,3.775066,0.0235
355,3.765919,0.0235
356,3.767284,0.0236
357,3.760090,0.0235
358,3.754278,0.0235
359,3.749474,0.0236
360,3.743556,0.0236
361,3.736471,0.0236
362,3.729836,0.0237
363,3.730677,0.0237
364,3.725113,0.0238
365,3.716074,0.0238
366,3.718333,0.0238
367,3.718803,0.0239
368,3.701757,0.0239
369,3.701606,0.0239
370,3.698576,0.0239
371,3.695455,0.0240
372,3.690884,0.0240
373,3.682305,0.0240
374,3.678672,0.0241
375,3.672070,0.0241
376,3.660316,0.0241
377,3.656552,0.0241
378,3.654815,0.0242
379,3.647979,0.0242
380,3.647259,0.0246
381,3.642911,0.0242
382,3.632161,0.0242
383,3.631309,0.0243
384,3.628109,0.0244
385,3.620321,0.0244
386,3.621158,0.0244
387,3.607907,0.0244
388,3.607104,0.0245
389,3.595813,0.0245
390,3.598261,0.0245
391,3.593583,0.0245
392,3.593005,0.0246
393,3.594766,0.0247
394,3.585803,0.0247
395,3.579605,0.0247
396,3.578609,0.0247
397,3.573058,0.0248
398,3.576245,0.0248
399,3.585113,0.0248
400,3.588610,0.0248
401,3.582462,0.0250
402,3.571910,0.0250
403,3.559992,0.0251
404,3.555434,0.0250
405,3.539716,0.0250
406,3.538833,0.0252
407,3.525460,0.0257
408,3.523055,0.0252
409,3.518078,0.0252
410,3.511394,0.0253
411,3.512445,0.0254
412,3.499457,0.0254
413,3.498766,0.0254
414,3.495733,0.0255
415,3.486380,0.0255
416,3.483323,0.0256
417,3.471905,0.0256
418,3.471846,0.0256
419,3.466046,0.0256
420,3.460935,0.0257
421,3.460703,0.0264
422,3.458509,0.0258
423,3.451766,0.0258
424,3.445488,0.0258
425,3.439586,0.0259
426,3.439747,0.0260
427,3.435842,0.0259
428,3.430789,0.0264
429,3.424847,0.0261
430,3.422993,0.0261
431,3.419358,0.0261
432,3.415562,0.0262
433,3.409562,0.0263
434,3.405307,0.0267
435,3.404614,0.0263
436,3.397065,0.0265
437,3.390476,0.0264
438,3.390375,0.0265
439,3.380497,0.0267
440,3.376453,0.0266
441,3.372977,0.0266
442,3.365465,0.0266
443,3.367860,0.0266
444,3.362741,0.0266
445,3.362368,0.0268
446,3.352507,0.0268
447,3.351228,0.0272
448,3.347533,0.0270
449,3.345461,0.0270
450,3.343277,0.0270
451,3.331415,0.0272
452,3.328401,0.0271
453,3.324022,0.0272
454,3.314809,0.0273
455,3.309597,0.0274
456,3.306496,0.0274
457,3.299800,0.0275
458,3.294298,0.0273
459,3.291180,0.0275
460,3.296118,0.0276
461,3.290892,0.0277
462,3.284200,0.0278
463,3.283027,0.0277
464,3.278218,0.0284
465,3.268951,0.0277
466,3.263792,0.0277
467,3.261554,0.0279
468,3.254431,0.0281
469,3.254109,0.0280
470,3.252317,0.0282
471,3.245679,0.0282
472,3.245646,0.0284
473,3.238823,0.0282
474,3.233917,0.0282
475,3.226792,0.0288
476,3.226619,0.0286
477,3.217639,0.0286
478,3.209419,0.0287
479,3.203699,0.0287
480,3.196705,0.0288
481,3.190965,0.0287
482,3.189491,0.0288
483,3.184799,0.0290
484,3.180866,0.0291
485,3.174192,0.0292
486,3.168461,0.0292
487,3.166626,0.0296
488,3.161531,0.0293
489,3.159075,0.0292
490,3.149352,0.0294
491,3.148039,0.0295
492,3.141382,0.0296
493,3.138992,0.0297
494,3.133294,0.0298
495,3.123953,0.0299
496,3.122365,0.0302
497,3.120052,0.0298
498,3.121250,0.0304
499,3.117121,0.0301
500,3.114209,0.0301
501,3.104055,0.0302
502,3.101215,0.0306
503,3.104025,0.0304
504,3.125262,0.0309
505,3.147723,0.0307
506,3.154230,0.0310
507,3.157609,0.0308
508,3.154588,0.0311
509,3.148505,0.0310
510,3.132300,0.0314
511,3.116432,0.0315
512,3.099256,0.0316
513,3.084289,0.0314
514,3.071587,0.0314
515,3.061501,0.0314
516,3.051512,0.0314
517,3.046911,0.0320
518,3.040401,0.0319
519,3.030633,0.0323
520,3.026477,0.0321
521,3.023281,0.0324
522,3.022421,0.0322
523,3.014894,0.0322
524,3.014417,0.0329
525,3.011208,0.0328
526,3.001024,0.0329
527,2.999919,0.0335
528,2.989197,0.0332
529,2.989393,0.0333
530,2.979975,0.0333
531,2.974154,0.0335
532,2.969970,0.0341
533,2.968356,0.0337
534,2.959028,0.0336
535,2.953292,0.0343
536,2.950941,0.0340
537,2.947323,0.0344
538,2.947106,0.0348
539,2.933520,0.0345
540,2.929922,0.0348
541,2.923353,0.0351
542,2.931244,0.0354
543,2.922454,0.0353
544,2.915639,0.0355
545,2.916787,0.0357
546,2.913089,0.0365
547,2.903925,0.0361
548,2.902670,0.0362
549,2.899092,0.0365
550,2.895581,0.0365
551,2.886937,0.0371
552,2.877441,0.0369
553,2.866804,0.0365
554,2.863519,0.0372
555,2.866473,0.0378
556,2.852015,0.0378
557,2.851891,0.0385
558,2.843836,0.0381
559,2.834718,0.0374
560,2.832729,0.0385
561,2.834508,0.0383
562,2.819481,0.0389
563,2.817918,0.0398
564,2.808633,0.0395
565,2.802955,0.0397
566,2.798849,0.0399
567,2.790751,0.0400
568,2.779846,0.0410
569,2.777130,0.0408
570,2.779108,0.0409
571,2.769185,0.0408
572,2.758954,0.0417
573,2.754461,0.0411
574,2.749587,0.0414
575,2.740665,0.0420
576,2.736331,0.0416
577,2.727231,0.0414
578,2.717480,0.0421
579,2.713350,0.0417
580,2.708156,0.0417
581,2.701561,0.0422
582,2.697141,0.0418
583,2.692509,0.0421
584,2.688829,0.0422
585,2.680928,0.0432
586,2.687074,0.0443
587,2.700187,0.0447
588,2.697470,0.0443
589,2.695951,0.0444
590,2.681628,0.0454
591,2.685342,0.0461
592,2.674011,0.0459
593,2.666696,0.0454
594,2.658538,0.0460
595,2.654043,0.0480
596,2.643749,0.0465
597,2.632634,0.0467
598,2.627378,0.0478
599,2.627839,0.0474
600,2.624057,0.0483
601,2.614770,0.0490
602,2.605095,0.0483
603,2.601137,0.0492
604,2.601285,0.0483
605,2.592180,0.0498
606,2.579563,0.0492
607,2.594500,0.0498
608,2.572333,0.0503
609,2.571431,0.0506
610,2.564655,0.0507
611,2.560539,0.0516
612,2.564425,0.0509
613,2.550826,0.0518
614,2.549523,0.0526
615,2.561414,0.0521
616,2.561002,0.0530
617,2.551891,0.0526
618,2.532121,0.0534
619,2.563086,0.0536
620,2.540174,0.0540
621,2.534164,0.0545
622,2.534337,0.0544
623,2.537049,0.0547
624,2.547156,0.0554
625,2.536363,0.0556
626,2.536219,0.0561
627,2.534072,0.0550
628,2.532966,0.0561
629,2.521161,0.0576
630,2.518869,0.0572
631,2.516966,0.0574
632,2.513317,0.0564
633,2.511705,0.0573
634,2.507925,0.0584
635,2.486463,0.0590
636,2.493654,0.0598
637,2.495681,0.0604
638,2.482816,0.0606
639,2.485168,0.0607
640,2.481900,0.0605
641,2.477129,0.0614
642,2.461686,0.0616
643,2.462837,0.0623
644,2.457745,0.0621
645,2.447970,0.0620
646,2.443132,0.0629
647,2.431513,0.0621
648,2.432439,0.0620
649,2.432000,0.0619
650,2.421184,0.0621
651,2.416546,0.0618
652,2.409043,0.0625
653,2.408523,0.0627
654,2.409336,0.0647
655,2.395705,0.0650
656,2.393985,0.0644
657,2.398894,0.0646
658,2.390083,0.0642
659,2.396314,0.0660
660,2.388673,0.0663
661,2.383022,0.0657
662,2.386237,0.0654
663,2.383220,0.0671
664,2.381608,0.0676
665,2.371690,0.0667
666,2.363567,0.0681
667,2.367102,0.0690
668,2.383061,0.0681
669,2.373760,0.0690
670,2.379102,0.0682
671,2.386747,0.0699
672,2.376497,0.0692
673,2.376038,0.0699
674,2.378070,0.0700
675,2.368436,0.0701
676,2.366092,0.0711
677,2.365496,0.0707
678,2.358170,0.0711
679,2.359619,0.0713
680,2.354466,0.0714
681,2.345208,0.0720
682,2.346310,0.0719
683,2.335169,0.0737
684,2.339387,0.0729
685,2.339085,0.0745
686,2.329434,0.0745
687,2.322299,0.0744
688,2.318377,0.0734
689,2.324097,0.0759
690,2.317006,0.0749
691,2.318270,0.0752
692,2.315946,0.0763
693,2.310114,0.0772
694,2.317246,0.0786
695,2.308852,0.0767
696,2.304436,0.0765
697,2.302868,0.0782
698,2.300707,0.0789
699,2.287299,0.0800
700,2.295609,0.0796
701,2.286717,0.0812
702,2.286878,0.0824
703,2.290685,0.0812
704,2.285666,0.0824
705,2.280169,0.0823
706,2.286038,0.0831
707,2.277989,0.0827
708,2.272411,0.0818
709,2.272277,0.0828
710,2.281227,0.0818
711,2.279977,0.0827
712,2.267087,0.0842
713,2.269966,0.0844
714,2.270402,0.0857
715,2.269235,0.0844
716,2.277695,0.0838
717,2.263542,0.0851
718,2.263201,0.0880
719,2.260147,0.0877
720,2.250827,0.0863
721,2.244110,0.0891
722,2.245516,0.0873
723,2.243895,0.0887
724,2.245263,0.0889
725,2.242541,0.0897
726,2.235369,0.0903
727,2.237102,0.0904
728,2.233012,0.0919
729,2.240812,0.0908
730,2.249807,0.0904
731,2.248380,0.0909
732,2.253569,0.0922
733,2.249709,0.0916
734,2.252122,0.0921
735,2.263194,0.0929
736,2.267818,0.0926
737,2.256630,0.0958
738,2.252356,0.0948
739,2.251780,0.0943
740,2.248299,0.0958
741,2.243369,0.0968
742,2.234955,0.0940
743,2.235344,0.0946
744,2.228788,0.0973
745,2.210316,0.0982
746,2.213951,0.0975
747,2.218511,0.0967
748,2.207316,0.0963
749,2.200950,0.0973
750,2.207536,0.0998
751,2.207907,0.1002
752,2.208245,0.1023
753,2.206739,0.1005
754,2.196180,0.1021
755,2.200593,0.1031
756,2.191614,0.1014
757,2.187537,0.1014
758,2.181914,0.1013
759,2.183222,0.1014
760,2.180251,0.1022
761,2.185386,0.1024
762,2.192688,0.1043
763,2.185111,0.1032
764,2.187768,0.1065
765,2.188540,0.1065
766,2.184520,0.1058
767,2.192572,0.1061
768,2.192991,0.1083
769,2.187268,0.1069
770,2.192452,0.1068
771,2.171049,0.1097
772,2.168188,0.1087
773,2.165966,0.1122
774,2.164973,0.1092
775,2.146327,0.1112
776,2.147367,0.1120
777,2.143140,0.1135
778,2.147656,0.1120
779,2.145566,0.1127
780,2.141631,0.1138
781,2.144204,0.1116
782,2.139365,0.1137
783,2.151224,0.1120
784,2.140765,0.1131
785,2.137519,0.1131
786,2.140141,0.1123
787,2.138521,0.1140
788,2.132812,0.1122
789,2.131504,0.1128
790,2.132762,0.1131
791,2.124608,0.1126
792,2.120982,0.1145
793,2.128350,0.1142
794,2.125718,0.1124
795,2.115695,0.1142
796,2.118735,0.1129
797,2.115705,0.1134
798,2.127424,0.1142
799,2.129445,0.1131
800,2.133977,0.1141
801,2.120022,0.1137
802,2.121706,0.1128
803,2.123182,0.1155
804,2.121678,0.1141
805,2.114930,0.1132
806,2.117041,0.1159
807,2.121402,0.1150
808,2.107572,0.1135
809,2.106355,0.1148
810,2.103602,0.1144
811,2.118248,0.1136
812,2.101110,0.1138
813,2.098635,0.1147
814,2.105707,0.1130
815,2.103123,0.1158
816,2.098716,0.1149
817,2.093064,0.1139
818,2.085518,0.1158
819,2.086187,0.1162
820,2.092041,0.1141
821,2.080035,0.1140
822,2.088348,0.1167
823,2.078678,0.1148
824,2.079290,0.1140
825,2.080150,0.1154
826,2.079102,0.1160
827,2.080625,0.1146
828,2.071812,0.1138
829,2.073366,0.1162
830,2.071682,0.1148
831,2.068788,0.1143
832,2.064222,0.1155
833,2.054415,0.1153
834,2.058220,0.1143
835,2.056975,0.1155
836,2.069532,0.1170
837,2.067672,0.1148
838,2.068058,0.1147
839,2.067034,0.1164
840,2.067091,0.1175
841,2.083332,0.1160
842,2.065319,0.1147
843,2.077370,0.1166
844,2.075352,0.1174
845,2.079368,0.1161
846,2.072493,0.1152
847,2.074207,0.1158
848,2.087225,0.1183
849,2.077832,0.1175
850,2.076222,0.1158
851,2.078508,0.1158
852,2.069896,0.1168
853,2.072241,0.1178
854,2.050976,0.1164
855,2.054380,0.1163
856,2.051344,0.1152
857,2.060164,0.1172
858,2.054542,0.1173
859,2.043949,0.1160
860,2.047024,0.1146
861,2.046326,0.1167
862,2.055847,0.1182
863,2.060765,0.1181
864,2.050644,0.1170
865,2.058910,0.1153
866,2.053948,0.1169
867,2.060792,0.1195
868,2.059649,0.1193
869,2.048442,0.1189
870,2.040708,0.1170
871,2.049865,0.1166
872,2.056311,0.1171
873,2.051483,0.1183
874,2.040610,0.1202
875,2.037824,0.1204
876,2.037692,0.1199
877,2.030962,0.1192
878,2.027870,0.1186
879,2.031131,0.1179
880,2.029106,0.1173
881,2.037315,0.1184
882,2.038577,0.1193
883,2.031926,0.1197
884,2.018961,0.1212
885,2.011221,0.1213
886,2.018117,0.1209
887,2.010127,0.1221
888,2.015843,0.1213
889,2.018202,0.1220
890,2.015188,0.1218
891,2.006873,0.1221
892,2.014465,0.1212
893,2.009626,0.1214
894,2.001449,0.1224
895,2.011890,0.1210
896,2.008669,0.1203
897,2.008220,0.1210
898,2.013661,0.1213
899,2.010845,0.1217
900,2.003026,0.1220
901,1.998987,0.1247
902,2.008343,0.1268
903,2.002171,0.1252
904,2.009227,0.1238
905,1.995357,0.1248
906,1.998207,0.1275
907,1.992399,0.1273
908,1.992234,0.1257
909,1.986993,0.1255
910,1.991784,0.1279
911,1.986097,0.1270
912,1.999233,0.1256
913,1.992539,0.1281
914,1.991797,0.1277
915,1.991750,0.1267
916,1.991170,0.1283
917,2.003516,0.1285
918,1.992301,0.1265
919,1.999436,0.1294
920,2.008840,0.1282
921,2.007735,0.1283
922,1.989233,0.1314
923,1.989432,0.1301
924,1.988243,0.1321
925,1.988683,0.1296
926,1.998681,0.1313
927,1.994807,0.1311
928,1.996508,0.1327
929,1.994195,0.1328
930,1.980507,0.1316
931,1.980885,0.1342
932,1.972314,0.1327
933,1.980047,0.1343
934,1.962685,0.1335
935,1.964359,0.1324
936,1.960159,0.1354
937,1.964647,0.1354
938,1.981410,0.1335
939,2.000251,0.1360
940,2.004208,0.1365
941,2.021170,0.1348
942,2.023223,0.1353
943,1.996771,0.1381
944,2.016947,0.1388
945,2.015684,0.1388
946,2.006619,0.1381
947,2.021278,0.1366
948,2.018749,0.1382
949,2.004371,0.1394
950,2.012492,0.1420
951,2.021390,0.1412
952,1.997160,0.1403
953,2.005150,0.1423
954,1.994614,0.1420
955,1.983733,0.1420
956,1.985587,0.1413
957,1.966726,0.1409
958,1.957078,0.1401
959,1.955042,0.1417
960,1.964855,0.1436
961,1.963303,0.1451
962,1.966599,0.1480
963,1.963304,0.1469
964,1.971850,0.1457
965,1.970243,0.1449
966,1.961366,0.1473
967,1.955784,0.1455
968,1.957172,0.1442
969,1.954296,0.1441
970,1.950251,0.1449
971,1.944040,0.1465
972,1.945833,0.1441
973,1.960560,0.1428
974,1.971611,0.1416
975,1.972531,0.1416
976,1.969021,0.1428
977,1.978828,0.1450
978,1.980862,0.1462
979,1.978016,0.1455
980,1.965945,0.1434
981,1.963113,0.1424
982,1.964497,0.1435
983,1.956887,0.1478
984,1.979538,0.1462
985,1.976892,0.1441
986,1.983697,0.1421
987,1.974111,0.1417
988,1.977340,0.1435
989,1.985580,0.1456
990,1.976470,0.1465
991,1.972893,0.1443
992,1.977950,0.1433
993,1.965607,0.1431
994,1.956833,0.1449
995,1.950395,0.1464
996,1.943244,0.1450
997,1.932168,0.1444
998,1.938051,0.1429
999,1.921462,0.1439
1000,1.922021,0.1464
1001,1.918171,0.1484
1002,1.916086,0.1462
1003,1.916501,0.1467
1004,1.911795,0.1491
1005,1.918178,0.1461
1006,1.917732,0.1462
1007,1.921131,0.1488
1008,1.922227,0.1471
1009,1.924920,0.1458
1010,1.919242,0.1472
1011,1.914372,0.1468
1012,1.912809,0.1452
1013,1.917995,0.1434
1014,1.925271,0.1454
1015,1.934508,0.1471
1016,1.948316,0.1446
1017,1.945063,0.1448
1018,1.950639,0.1449
1019,1.949857,0.1479
1020,1.953111,0.1466
1021,1.956885,0.1451
1022,1.957191,0.1447
1023,1.957339,0.1475
1024,1.963121,0.1466
1025,1.958906,0.1450
1026,1.953326,0.1453
1027,1.938251,0.1478
1028,1.929033,0.1463
1029,1.929319,0.1450
1030,1.915380,0.1452
1031,1.902354,0.1478
1032,1.895402,0.1465
1033,1.888672,0.1452
1034,1.894253,0.1454
1035,1.897617,0.1477
1036,1.897447,0.1465
1037,1.899322,0.1452
1038,1.908969,0.1452
1039,1.925762,0.1480
1040,1.909401,0.1465
1041,1.892033,0.1451
1042,1.882194,0.1462
1043,1.879621,0.1487
1044,1.870895,0.1457
1045,1.889964,0.1454
1046,1.910710,0.1471
1047,1.919400,0.1475
1048,1.916437,0.1455
1049,1.923540,0.1454
1050,1.916945,0.1478
1051,1.927072,0.1474
1052,1.941443,0.1452
1053,1.944973,0.1464
1054,1.946307,0.1480
1055,1.934134,0.1462
1056,1.927414,0.1449
1057,1.911766,0.1455
1058,1.921466,0.1483
1059,1.919250,0.1466
1060,1.912080,0.1437
1061,1.896961,0.1439
1062,1.891723,0.1462
1063,1.898577,0.1466
1064,1.906562,0.1448
1065,1.905802,0.1436
1066,1.903248,0.1438
1067,1.899976,0.1459
1068,1.890554,0.1471
1069,1.894641,0.1444
1070,1.899597,0.1437
1071,1.899668,0.1437
1072,1.900030,0.1459
1073,1.911132,0.1476
1074,1.906527,0.1451
1075,1.899431,0.1439
1076,1.903769,0.1438
1077,1.902225,0.1466
1078,1.897282,0.1480
1079,1.892730,0.1467
1080,1.895489,0.1462
1081,1.904205,0.1482
1082,1.907460,0.1474
1083,1.897603,0.1458
1084,1.896201,0.1472
1085,1.898865,0.1483
1086,1.902263,0.1462
1087,1.890970,0.1461
1088,1.889529,0.1484
1089,1.889213,0.1468
1090,1.887659,0.1455
1091,1.886571,0.1470
1092,1.884640,0.1489
1093,1.880070,0.1459
1094,1.876676,0.1476
1095,1.887600,0.1489
1096,1.894892,0.1461
1097,1.898942,0.1469
1098,1.903109,0.1486
1099,1.909182,0.1470
1100,1.920557,0.1463
1101,1.910222,0.1488
1102,1.897251,0.1474
1103,1.888480,0.1459
1104,1.883115,0.1474
1105,1.883827,0.1488
1106,1.885379,0.1464
1107,1.881937,0.1470
1108,1.884894,0.1497
1109,1.892749,0.1462
1110,1.888427,0.1475
1111,1.892621,0.1494
1112,1.904120,0.1465
1113,1.900491,0.1475
1114,1.891403,0.1498
1115,1.883469,0.1464
1116,1.887990,0.1472
1117,1.887256,0.1498
1118,1.883544,0.1463
1119,1.873906,0.1481
1120,1.875149,0.1494
1121,1.866868,0.1461
1122,1.865989,0.1476
1123,1.859846,0.1495
1124,1.863018,0.1464
1125,1.870509,0.1471
1126,1.873004,0.1491
1127,1.875318,0.1472
1128,1.873037,0.1478
1129,1.877774,0.1496
1130,1.874285,0.1464
1131,1.870721,0.1471
1132,1.865466,0.1495
1133,1.872239,0.1476
1134,1.867341,0.1478
1135,1.859232,0.1502
1136,1.855708,0.1468
1137,1.858611,0.1475
1138,1.865096,0.1491
1139,1.862924,0.1461
1140,1.867551,0.1470
1141,1.863017,0.1488
1142,1.865430,0.1472
1143,1.865321,0.1476
1144,1.864172,0.1490
1145,1.861314,0.1472
1146,1.858372,0.1469
1147,1.852252,0.1488
1148,1.845278,0.1472
1149,1.839664,0.1467
1150,1.830415,0.1486
1151,1.832857,0.1485
1152,1.835394,0.1467
1153,1.828720,0.1480
1154,1.823621,0.1488
1155,1.824500,0.1468
1156,1.837402,0.1477
1157,1.844098,0.1483
1158,1.851914,0.1461
1159,1.851327,0.1474
1160,1.865043,0.1499
1161,1.863436,0.1466
1162,1.861407,0.1476
1163,1.862535,0.1486
1164,1.854686,0.1460
1165,1.855290,0.1474
1166,1.839689,0.1492
1167,1.821598,0.1464
1168,1.829023,0.1476
1169,1.839106,0.1498
1170,1.837776,0.1464
1171,1.832685,0.1475
1172,1.832976,0.1492
1173,1.827795,0.1461
1174,1.828101,0.1473
1175,1.834817,0.1490
1176,1.837741,0.1461
1177,1.836086,0.1466
1178,1.829088,0.1495
1179,1.847661,0.1467
1180,1.848594,0.1469
1181,1.855179,0.1494
1182,1.855043,0.1471
1183,1.867515,0.1470
1184,1.872094,0.1489
1185,1.870482,0.1471
1186,1.870122,0.1467
1187,1.866358,0.1493
1188,1.869697,0.1479
1189,1.856942,0.1472
1190,1.852552,0.1489
1191,1.849597,0.1472
1192,1.833178,0.1467
1193,1.836457,0.1489
1194,1.833588,0.1476
1195,1.831687,0.1471
1196,1.833903,0.1488
1197,1.830484,0.1472
1198,1.832364,0.1469
1199,1.832588,0.1489
1200,1.815017,0.1477
1201,1.805963,0.1483
1202,1.822203,0.1489
1203,1.831003,0.1463
1204,1.829181,0.1473
1205,1.835912,0.1498
1206,1.841241,0.1465
1207,1.839242,0.1476
1208,1.836776,0.1484
1209,1.828817,0.1465
1210,1.814002,0.1475
1211,1.814974,0.1495
1212,1.810345,0.1461
1213,1.803298,0.1457
1214,1.807113,0.1484
1215,1.799921,0.1460
1216,1.800166,0.1452
1217,1.805815,0.1469
1218,1.802890,0.1486
1219,1.806948,0.1454
1220,1.815720,0.1457
1221,1.806789,0.1477
1222,1.808027,0.1472
1223,1.807678,0.1452
1224,1.803143,0.1464
1225,1.804067,0.1489
1226,1.801287,0.1463
1227,1.804844,0.1461
1228,1.802745,0.1479
1229,1.796624,0.1474
1230,1.800847,0.1458
1231,1.805566,0.1470
1232,1.802410,0.1497
1233,1.814925,0.1465
1234,1.832391,0.1478
1235,1.830363,0.1497
1236,1.835501,0.1467
1237,1.836522,0.1481
1238,1.833118,0.1487
1239,1.829598,0.1471
1240,1.824864,0.1478
1241,1.823339,0.1488
1242,1.820134,0.1472
1243,1.816955,0.1489
1244,1.813378,0.1490
1245,1.811217,0.1478
1246,1.814193,0.1493
1247,1.807359,0.1478
1248,1.795736,0.1486
1249,1.787272,0.1498
1250,1.790212,0.1472
1251,1.785106,0.1484
1252,1.776437,0.1503
1253,1.776764,0.1494
1254,1.769068,0.1514
1255,1.772526,0.1480
1256,1.761077,0.1493
1257,1.756469,0.1484
1258,1.759657,0.1472
1259,1.762650,0.1497
1260,1.765763,0.1471
1261,1.772171,0.1470
1262,1.781339,0.1504
1263,1.779144,0.1479
1264,1.776255,0.1485
1265,1.772655,0.1502
1266,1.768040,0.1481
1267,1.763439,0.1496
1268,1.758019,0.1484
1269,1.756053,0.1497
1270,1.751064,0.1508
1271,1.746567,0.1481
1272,1.744591,0.1501
1273,1.753352,0.1484
1274,1.755271,0.1485
1275,1.753425,0.1505
1276,1.751177,0.1474
1277,1.745524,0.1489
1278,1.747230,0.1480
1279,1.747617,0.1467
1280,1.749171,0.1483
1281,1.750326,0.1477
1282,1.753836,0.1464
1283,1.758632,0.1479
1284,1.758924,0.1487
1285,1.760732,0.1475
1286,1.758444,0.1489
1287,1.754352,0.1489
1288,1.752354,0.1477
1289,1.753180,0.1495
1290,1.752333,0.1485
1291,1.750949,0.1483
1292,1.746258,0.1503
1293,1.753064,0.1473
1294,1.749635,0.1483
1295,1.754124,0.1497
1296,1.750005,0.1478
1297,1.745939,0.1497
1298,1.739532,0.1484
1299,1.737685,0.1483
1300,1.743481,0.1505
1301,1.744791,0.1475
1302,1.739459,0.1479
1303,1.741869,0.1481
1304,1.738674,0.1456
1305,1.742394,0.1473
1306,1.734400,0.1497
1307,1.729645,0.1464
1308,1.729659,0.1476
1309,1.729001,0.1499
1310,1.731484,0.1465
1311,1.733232,0.1479
1312,1.735050,0.1496
1313,1.727662,0.1469
1314,1.722035,0.1483
1315,1.725574,0.1490
1316,1.730234,0.1470
1317,1.729937,0.1491
1318,1.732903,0.1490
1319,1.728804,0.1476
1320,1.741933,0.1497
1321,1.744306,0.1481
1322,1.745729,0.1484
1323,1.739414,0.1505
1324,1.738512,0.1475
1325,1.742417,0.1486
1326,1.742937,0.1491
1327,1.735592,0.1477
1328,1.732949,0.1500
1329,1.725743,0.1481
1330,1.731743,0.1483
1331,1.722404,0.1507
1332,1.749364,0.1475
1333,1.755245,0.1491
1334,1.759951,0.1489
1335,1.780422,0.1480
1336,1.772000,0.1496
1337,1.765866,0.1478
1338,1.771006,0.1486
1339,1.772564,0.1503
1340,1.766237,0.1481
1341,1.764049,0.1490
1342,1.770135,0.1492
1343,1.768522,0.1477
1344,1.767059,0.1506
1345,1.756961,0.1489
1346,1.744446,0.1498
1347,1.737326,0.1498
1348,1.737657,0.1478
1349,1.728380,0.1491
1350,1.721527,0.1475
1351,1.711407,0.1474
1352,1.707530,0.1501
1353,1.713883,0.1476
1354,1.709243,0.1481
1355,1.698923,0.1503
1356,1.695814,0.1475
1357,1.696717,0.1503
1358,1.692324,0.1499
1359,1.700672,0.1493
1360,1.698313,0.1514
1361,1.703896,0.1489
1362,1.700691,0.1512
1363,1.691648,0.1492
1364,1.688507,0.1504
1365,1.685155,0.1502
1366,1.692194,0.1498
1367,1.696171,0.1507
1368,1.695123,0.1487
1369,1.703406,0.1514
1370,1.704631,0.1484
1371,1.704316,0.1499
1372,1.708935,0.1499
1373,1.708568,0.1499
1374,1.712838,0.1515
1375,1.718495,0.1495
1376,1.717633,0.1515
1377,1.719611,0.1491
1378,1.713723,0.1516
1379,1.708556,0.1497
1380,1.703081,0.1514
1381,1.692322,0.1504
1382,1.697207,0.1517
1383,1.684865,0.1512
1384,1.682767,0.1523
1385,1.684047,0.1510
1386,1.687236,0.1531
1387,1.688884,0.1516
1388,1.686402,0.1546
1389,1.684974,0.1544
1390,1.691865,0.1541
1391,1.696560,0.1573
1392,1.703380,0.1572
1393,1.701852,0.1552
1394,1.700967,0.1562
1395,1.696814,0.1592
1396,1.695656,0.1610
1397,1.689969,0.1594
1398,1.684636,0.1599
1399,1.684236,0.1601
1400,1.686002,0.1602
1401,1.698087,0.1597
1402,1.691550,0.1601
1403,1.691799,0.1604
1404,1.690870,0.1595
1405,1.693056,0.1619
1406,1.696237,0.1606
1407,1.697194,0.1605
1408,1.698462,0.1618
1409,1.701400,0.1602
1410,1.691314,0.1589
1411,1.694529,0.1611
1412,1.689200,0.1595
1413,1.692730,0.1607
1414,1.696872,0.1603
1415,1.699640,0.1604
1416,1.689445,0.1598
1417,1.691053,0.1610
1418,1.689103,0.1586
1419,1.690597,0.1587
1420,1.694647,0.1588
1421,1.702378,0.1544
1422,1.696934,0.1574
1423,1.685434,0.1566
1424,1.676288,0.1560
1425,1.675588,0.1534
1426,1.673055,0.1558
1427,1.676295,0.1559
1428,1.676486,0.1540
1429,1.683425,0.1550
1430,1.680386,0.1539
1431,1.671986,0.1524
1432,1.663804,0.1564
1433,1.674422,0.1546
1434,1.673306,0.1538
1435,1.673712,0.1574
1436,1.682306,0.1569
1437,1.683946,0.1532
1438,1.685123,0.1558
1439,1.687272,0.1561
1440,1.687882,0.1543
1441,1.690854,0.1560
1442,1.699902,0.1589
1443,1.706063,0.1569
1444,1.708663,0.1559
1445,1.706648,0.1563
1446,1.710768,0.1582
1447,1.698645,0.1587
1448,1.691678,0.1581
1449,1.686569,0.1592
1450,1.677773,0.1574
1451,1.676648,0.1593
1452,1.685768,0.1603
1453,1.684548,0.1605
1454,1.684959,0.1607
1455,1.688190,0.1627
1456,1.691468,0.1603
1457,1.687951,0.1614
1458,1.699881,0.1612
1459,1.691384,0.1627
1460,1.703311,0.1620
1461,1.720554,0.1613
1462,1.726741,0.1615
1463,1.726576,0.1625
1464,1.732057,0.1621
1465,1.738256,0.1622
1466,1.733620,0.1614
1467,1.733252,0.1636
1468,1.734776,0.1612
1469,1.729343,0.1609
1470,1.725735,0.1628
1471,1.724259,0.1629
1472,1.721087,0.1609
1473,1.730183,0.1613
1474,1.731933,0.1618
1475,1.731374,0.1618
1476,1.729836,0.1636
1477,1.732916,0.1630
1478,1.732774,0.1646
1479,1.720927,0.1667
1480,1.720286,0.1652
1481,1.721783,0.1632
1482,1.726325,0.1646
1483,1.721226,0.1631
1484,1.721426,0.1659
1485,1.715628,0.1665
1486,1.704835,0.1665
1487,1.695163,0.1636
1488,1.704071,0.1640
1489,1.685430,0.1644
1490,1.687047,0.1665
1491,1.683828,0.1678
1492,1.677630,0.1637
1493,1.677509,0.1629
1494,1.668199,0.1633
1495,1.673771,0.1645
1496,1.678001,0.1648
1497,1.677399,0.1665
1498,1.676469,0.1652
1499,1.681815,0.1642
1500,1.678762,0.1643
1501,1.678640,0.1664
1502,1.680292,0.1663
1503,1.683072,0.1656
1504,1.674626,0.1642
1505,1.671860,0.1657
1506,1.679794,0.1662
1507,1.677421,0.1664
1508,1.674561,0.1650
1509,1.671072,0.1636
1510,1.668245,0.1645
1511,1.667883,0.1640
1512,1.668258,0.1652
1513,1.669832,0.1672
1514,1.669815,0.1653
1515,1.669980,0.1633
1516,1.670228,0.1635
1517,1.671244,0.1652
1518,1.665673,0.1659
1519,1.663676,0.1664
1520,1.664969,0.1645
1521,1.659223,0.1648
1522,1.655430,0.1652
1523,1.656667,0.1660
1524,1.660774,0.1682
1525,1.668060,0.1662
1526,1.661791,0.1652
1527,1.670011,0.1671
1528,1.673741,0.1688
1529,1.681447,0.1670
1530,1.677817,0.1665
1531,1.678677,0.1687
1532,1.679201,0.1700
1533,1.686678,0.1687
1534,1.686344,0.1717
1535,1.680624,0.1684
1536,1.663248,0.1697
1537,1.669448,0.1708
1538,1.675254,0.1700
1539,1.675920,0.1741
1540,1.673645,0.1718
1541,1.676800,0.1734
1542,1.673577,0.1734
1543,1.664913,0.1732
1544,1.675479,0.1745
1545,1.684689,0.1713
1546,1.685025,0.1760
1547,1.682673,0.1741
1548,1.679389,0.1733
1549,1.675267,0.1756
1550,1.668089,0.1742
1551,1.659181,0.1725
1552,1.657327,0.1745
1553,1.652211,0.1742
1554,1.655256,0.1779
1555,1.658959,0.1761
1556,1.661296,0.1752
1557,1.662724,0.1759
1558,1.661495,0.1774
1559,1.663790,0.1774
1560,1.667731,0.1764
1561,1.676948,0.1760
1562,1.675029,0.1784
1563,1.670261,0.1798
1564,1.677272,0.1770
1565,1.692482,0.1768
1566,1.695182,0.1781
1567,1.698412,0.1790
1568,1.708555,0.1818
1569,1.708875,0.1804
1570,1.710649,0.1800
1571,1.707139,0.1800
1572,1.695008,0.1824
1573,1.701741,0.1829
1574,1.695194,0.1843
1575,1.694982,0.1837
1576,1.690898,0.1811
1577,1.687769,0.1819
1578,1.679054,0.1843
1579,1.685592,0.1816
1580,1.687607,0.1831
1581,1.692448,0.1821
1582,1.683454,0.1805
1583,1.676426,0.1804
1584,1.683680,0.1822
1585,1.669864,0.1828
1586,1.682700,0.1815
1587,1.688321,0.1813
1588,1.694433,0.1797
1589,1.697174,0.1793
1590,1.696643,0.1765
1591,1.698091,0.1743
1592,1.694099,0.1744
1593,1.692507,0.1739
1594,1.701600,0.1726
1595,1.695665,0.1742
1596,1.695211,0.1718
1597,1.691731,0.1723
1598,1.685972,0.1712
1599,1.680612,0.1720
1600,1.683798,0.1703
1601,1.685890,0.1722
1602,1.687403,0.1697
1603,1.683692,0.1724
1604,1.676808,0.1687
1605,1.677473,0.1702
1606,1.673607,0.1684
1607,1.673046,0.1689
1608,1.674703,0.1707
1609,1.680442,0.1681
1610,1.681115,0.1698
1611,1.670788,0.1696
1612,1.662870,0.1681
1613,1.653489,0.1703
1614,1.649511,0.1681
1615,1.644881,0.1684
1616,1.646367,0.1704
1617,1.648541,0.1677
1618,1.648677,0.1690
1619,1.643914,0.1689
1620,1.635842,0.1678
1621,1.644219,0.1684
1622,1.651414,0.1697
1623,1.651102,0.1675
1624,1.656633,0.1708
1625,1.665102,0.1679
1626,1.659971,0.1676
1627,1.657836,0.1717
1628,1.665378,0.1671
1629,1.667576,0.1680
1630,1.661669,0.1700
1631,1.655482,0.1671
1632,1.658685,0.1676
1633,1.659786,0.1695
1634,1.665454,0.1664
1635,1.666784,0.1689
1636,1.666567,0.1691
1637,1.666353,0.1685
1638,1.659205,0.1667
1639,1.666793,0.1686
1640,1.663346,0.1669
1641,1.671745,0.1665
1642,1.673228,0.1675
1643,1.671890,0.1688
1644,1.670923,0.1662
1645,1.669887,0.1668
1646,1.665177,0.1689
1647,1.665658,0.1673
1648,1.667896,0.1668
1649,1.667210,0.1685
1650,1.663860,0.1681
1651,1.660668,0.1674
1652,1.655857,0.1678
1653,1.654407,0.1689
1654,1.653089,0.1669
1655,1.659314,0.1680
1656,1.665777,0.1695
1657,1.672256,0.1663
1658,1.674020,0.1674
1659,1.673388,0.1695
1660,1.670225,0.1670
1661,1.667696,0.1675
1662,1.669964,0.1696
1663,1.670585,0.1680
1664,1.678124,0.1678
1665,1.680925,0.1700
1666,1.685094,0.1678
1667,1.684973,0.1680
1668,1.688695,0.1699
1669,1.688109,0.1680
1670,1.685683,0.1682
1671,1.685558,0.1706
1672,1.684669,0.1681
1673,1.676602,0.1688
1674,1.674917,0.1691
1675,1.671159,0.1687
1676,1.671534,0.1701
1677,1.663261,0.1691
1678,1.653556,0.1690
1679,1.658682,0.1709
1680,1.663522,0.1692
1681,1.663859,0.1707
1682,1.667908,0.1691
1683,1.682377,0.1693
1684,1.687165,0.1702
1685,1.689511,0.1692
1686,1.690954,0.1719
1687,1.708214,0.1690
1688,1.710157,0.1704
1689,1.722539,0.1704
1690,1.722291,0.1697
1691,1.722317,0.1714
1692,1.720713,0.1697
1693,1.703286,0.1718
1694,1.699550,0.1702
1695,1.694337,0.1718
1696,1.686283,0.1707
1697,1.682277,0.1718
1698,1.673378,0.1708
1699,1.655513,0.1719
1700,1.652167,0.1706
1701,1.647082,0.1714
1702,1.661484,0.1715
1703,1.667104,0.1716
1704,1.668464,0.1719
1705,1.665551,0.1718
1706,1.663218,0.1719
1707,1.653223,0.1720
1708,1.657786,0.1719
1709,1.664581,0.1728
1710,1.666462,0.1718
1711,1.661620,0.1732
1712,1.666300,0.1721
1713,1.658819,0.1737
1714,1.665396,0.1724
1715,1.670849,0.1740
1716,1.676748,0.1727
1717,1.684401,0.1730
1718,1.686278,0.1741
1719,1.682347,0.1738
1720,1.676203,0.1763
1721,1.680135,0.1744
1722,1.676668,0.1736
1723,1.669114,0.1756
1724,1.666113,0.1739
1725,1.665806,0.1747
1726,1.661226,0.1761
1727,1.655598,0.1747
1728,1.652073,0.1749
1729,1.647451,0.1769
1730,1.648959,0.1751
1731,1.637534,0.1760
1732,1.633271,0.1762
1733,1.650005,0.1739
1734,1.664545,0.1738
1735,1.685745,0.1765
1736,1.689658,0.1740
1737,1.692915,0.1741
1738,1.699409,0.1756
1739,1.694458,0.1744
1740,1.688791,0.1744
1741,1.669129,0.1758
1742,1.677159,0.1743
1743,1.667247,0.1745
1744,1.666703,0.1759
1745,1.659625,0.1744
1746,1.649251,0.1750
1747,1.643397,0.1759
1748,1.636001,0.1756
1749,1.634573,0.1756
1750,1.633960,0.1775
1751,1.638877,0.1774
1752,1.638868,0.1776
1753,1.634988,0.1781
1754,1.628962,0.1774
1755,1.623935,0.1795
1756,1.627687,0.1805
1757,1.635777,0.1811
1758,1.652143,0.1814
1759,1.646407,0.1818
1760,1.640530,0.1823
1761,1.650689,0.1824
1762,1.649890,0.1826
1763,1.650822,0.1831
1764,1.634781,0.1833
1765,1.642573,0.1816
1766,1.646732,0.1819
1767,1.658256,0.1824
1768,1.666441,0.1823
1769,1.666393,0.1824
1770,1.669207,0.1826
1771,1.669964,0.1823
1772,1.667042,0.1821
1773,1.661778,0.1823
1774,1.655587,0.1825
1775,1.656644,0.1833
1776,1.651796,0.1836
1777,1.653197,0.1837
1778,1.656015,0.1845
1779,1.650347,0.1848
1780,1.652397,0.1847
1781,1.656389,0.1837
1782,1.650598,0.1825
1783,1.652083,0.1832
1784,1.653724,0.1826
1785,1.646460,0.1829
1786,1.647551,0.1827
1787,1.646846,0.1827
1788,1.651207,0.1838
1789,1.652469,0.1837
1790,1.654666,0.1842
1791,1.646210,0.1850
1792,1.645534,0.1843
1793,1.642659,0.1842
1794,1.649497,0.1827
1795,1.657518,0.1828
1796,1.656634,0.1830
1797,1.650912,0.1822
1798,1.645073,0.1824
1799,1.641264,0.1821
1800,1.656858,0.1817
1801,1.652040,0.1832
1802,1.654316,0.1828
1803,1.656928,0.1827
1804,1.650201,0.1830
1805,1.639220,0.1826
1806,1.659886,0.1825
1807,1.673152,0.1819
1808,1.674045,0.1818
1809,1.670899,0.1819
1810,1.678740,0.1818
1811,1.676258,0.1815
1812,1.688189,0.1834
1813,1.681635,0.1839
1814,1.675885,0.1829
1815,1.675485,0.1831
1816,1.667559,0.1829
1817,1.681771,0.1828
1818,1.674536,0.1822
1819,1.669276,0.1814
1820,1.668711,0.1816
1821,1.659375,0.1821
1822,1.656840,0.1812
1823,1.639637,0.1819
1824,1.640550,0.1813
1825,1.641607,0.1831
1826,1.636826,0.1820
1827,1.631596,0.1811
1828,1.629095,0.1816
1829,1.636032,0.1819
1830,1.632567,0.1817
1831,1.629786,0.1828
1832,1.632264,0.1826
1833,1.631264,0.1821
1834,1.625287,0.1819
1835,1.622870,0.1817
1836,1.618452,0.1818
1837,1.610766,0.1821
1838,1.614884,0.1820
1839,1.615730,0.1820
1840,1.614407,0.1824
1841,1.614582,0.1824
1842,1.617344,0.1823
1843,1.610817,0.1824
1844,1.624835,0.1804
1845,1.623748,0.1807
1846,1.616518,0.1810
1847,1.619576,0.1817
1848,1.623159,0.1818
1849,1.622553,0.1821
1850,1.618070,0.1819
1851,1.616868,0.1822
1852,1.616838,0.1829
1853,1.611575,0.1819
1854,1.622700,0.1829
1855,1.624008,0.1819
1856,1.628558,0.1820
1857,1.631317,0.1826
1858,1.639807,0.1821
1859,1.640888,0.1823
1860,1.642206,0.1826
1861,1.644623,0.1828
1862,1.645600,0.1825
1863,1.634454,0.1829
1864,1.635883,0.1833
1865,1.642514,0.1827
1866,1.651375,0.1833
1867,1.663678,0.1835
1868,1.667329,0.1839
1869,1.663742,0.1846
1870,1.664290,0.1852
1871,1.660380,0.1847
1872,1.654928,0.1849
1873,1.648261,0.1839
1874,1.642402,0.1834
1875,1.635758,0.1836
1876,1.636363,0.1841
1877,1.623941,0.1844
1878,1.631302,0.1853
1879,1.632749,0.1853
1880,1.638615,0.1859
1881,1.640335,0.1855
1882,1.641455,0.1837
1883,1.639478,0.1838
1884,1.644955,0.1838
1885,1.646883,0.1846
1886,1.650321,0.1847
1887,1.649176,0.1854
1888,1.640280,0.1858
1889,1.640217,0.1858
1890,1.640984,0.1841
1891,1.641487,0.1842
1892,1.637735,0.1837
1893,1.636202,0.1845
1894,1.632268,0.1848
1895,1.632864,0.1858
1896,1.631598,0.1869
1897,1.631218,0.1851
1898,1.639872,0.1841
1899,1.638222,0.1845
1900,1.624126,0.1856
1901,1.634612,0.1862
1902,1.641835,0.1874
1903,1.643534,0.1871
1904,1.651021,0.1855
1905,1.647975,0.1861
1906,1.648657,0.1869
1907,1.635795,0.1890
1908,1.637604,0.1861
1909,1.632896,0.1861
1910,1.634861,0.1880
1911,1.628425,0.1890
1912,1.633598,0.1863
1913,1.630822,0.1869
1914,1.637011,0.1882
1915,1.639288,0.1891
1916,1.641754,0.1862
1917,1.639887,0.1877
1918,1.636933,0.1892
1919,1.636300,0.1875
1920,1.634537,0.1862
1921,1.631941,0.1877
1922,1.630542,0.1893
1923,1.625408,0.1868
1924,1.627034,0.1876
1925,1.624862,0.1890
1926,1.613534,0.1884
1927,1.611555,0.1881
1928,1.612699,0.1888
1929,1.614559,0.1911
1930,1.604329,0.1878
1931,1.598861,0.1895
1932,1.599671,0.1900
1933,1.598640,0.1884
1934,1.610273,0.1926
1935,1.611612,0.1893
1936,1.609708,0.1916
1937,1.612946,0.1904
1938,1.615747,0.1893
1939,1.619997,0.1910
1940,1.615344,0.1899
1941,1.608523,0.1932
1942,1.604228,0.1898
1943,1.603663,0.1921
1944,1.601367,0.1905
1945,1.603886,0.1894
1946,1.609490,0.1937
1947,1.607928,0.1916
1948,1.619510,0.1931
1949,1.614038,0.1912
1950,1.618800,0.1940
1951,1.628248,0.1914
1952,1.626147,0.1953
1953,1.624289,0.1922
1954,1.618070,0.1947
1955,1.621222,0.1932
1956,1.623128,0.1920
1957,1.632844,0.1940
1958,1.635823,0.1920
1959,1.639738,0.1952
1960,1.638443,0.1911
1961,1.628725,0.1950
1962,1.625031,0.1943
1963,1.619544,0.1951
1964,1.621274,0.1966
1965,1.623328,0.1952
1966,1.627823,0.1954
1967,1.629483,0.1982
1968,1.623413,0.1981
1969,1.631420,0.1948
1970,1.633112,0.1960
1971,1.631263,0.1985
1972,1.629464,0.1972
1973,1.622370,0.1996
1974,1.612475,0.1988
1975,1.614424,0.1984
1976,1.605015,0.2014
1977,1.606707,0.2020
1978,1.600501,0.2020
1979,1.612785,0.2026
1980,1.618218,0.2029
1981,1.623243,0.2024
1982,1.618374,0.2027
1983,1.623429,0.2023
1984,1.627070,0.2028
1985,1.621547,0.2025
1986,1.626944,0.2028
1987,1.625011,0.2029
1988,1.621646,0.2027
1989,1.630732,0.2022
1990,1.635303,0.2014
1991,1.640655,0.2030
1992,1.644332,0.2022
1993,1.639833,0.2014
1994,1.640552,0.2020
1995,1.652896,0.2022
1996,1.647660,0.2025
1997,1.658693,0.2030
1998,1.659503,0.2030
1999,1.669693,0.2022
2000,1.673312,0.2018
2001,1.661097,0.2034
2002,1.660263,0.2011
2003,1.658212,0.2022
2004,1.652037,0.2021
2005,1.636937,0.2015
2006,1.641824,0.2017
2007,1.636939,0.2040
2008,1.640622,0.2012
2009,1.635130,0.2028
2010,1.630749,0.2010
2011,1.626251,0.2030
2012,1.630300,0.2015
2013,1.635423,0.2036
2014,1.629314,0.2022
2015,1.625316,0.2020
2016,1.617310,0.2028
2017,1.614284,0.2026
2018,1.620313,0.2029
2019,1.624964,0.2025
2020,1.616656,0.2035
2021,1.615391,0.2039
2022,1.611526,0.2063
2023,1.612052,0.2058
2024,1.610834,0.2046
2025,1.611455,0.2031
2026,1.606348,0.2018
2027,1.609439,0.2026
2028,1.606659,0.2025
2029,1.607622,0.2019
2030,1.610688,0.2020
2031,1.612736,0.2039
2032,1.608279,0.2044
2033,1.603694,0.2045
2034,1.608366,0.2083
2035,1.614736,0.2051
2036,1.617477,0.2047
2037,1.624397,0.2057
2038,1.624641,0.2053
2039,1.627591,0.2060
2040,1.631483,0.2084
2041,1.630273,0.2071
2042,1.641870,0.2046
2043,1.646495,0.2049
2044,1.633196,0.2059
2045,1.623796,0.2075
2046,1.624991,0.2066
2047,1.614342,0.2064
2048,1.601918,0.2072
2049,1.613472,0.2081
2050,1.612092,0.2079
2051,1.616084,0.2060
2052,1.613900,0.2076
2053,1.626516,0.2090
2054,1.625789,0.2076
2055,1.621755,0.2080
2056,1.625313,0.2099
2057,1.628389,0.2082
2058,1.621219,0.2088
2059,1.621994,0.2115
2060,1.626377,0.2097
2061,1.629189,0.2112
2062,1.623104,0.2108
2063,1.617463,0.2110
2064,1.612856,0.2117
2065,1.607689,0.2106
2066,1.593485,0.2134
2067,1.595625,0.2108
2068,1.593477,0.2144
2069,1.595522,0.2112
2070,1.600218,0.2128
2071,1.609505,0.2116
2072,1.610390,0.2131
2073,1.608665,0.2121
2074,1.616000,0.2134
2075,1.619719,0.2128
2076,1.621234,0.2143
2077,1.623997,0.2150
2078,1.623422,0.2129
2079,1.624086,0.2146
2080,1.613898,0.2131
2081,1.616197,0.2132
2082,1.625900,0.2137
2083,1.629626,0.2129
2084,1.636050,0.2153
2085,1.636091,0.2128
2086,1.632746,0.2149
2087,1.635855,0.2130
2088,1.625244,0.2139
2089,1.617261,0.2152
2090,1.629177,0.2137
2091,1.627307,0.2155
2092,1.639867,0.2135
2093,1.639886,0.2138
2094,1.645766,0.2163
2095,1.627969,0.2136
2096,1.642996,0.2146
2097,1.632941,0.2139
2098,1.636991,0.2136
2099,1.643217,0.2169
2100,1.647557,0.2135
2101,1.643012,0.2151
2102,1.647919,0.2163
2103,1.655820,0.2145
2104,1.658627,0.2133
2105,1.653888,0.2169
2106,1.649320,0.2134
2107,1.645184,0.2152
2108,1.641045,0.2150
2109,1.642577,0.2146
2110,1.640023,0.2173
2111,1.634358,0.2135
2112,1.643747,0.2133
2113,1.644620,0.2172
2114,1.640485,0.2134
2115,1.641195,0.2141
2116,1.636582,0.2147
2117,1.638032,0.2152
2118,1.641754,0.2166
2119,1.644643,0.2141
2120,1.635293,0.2144
2121,1.626323,0.2166
2122,1.619207,0.2140
2123,1.619298,0.2144
2124,1.623595,0.2159
2125,1.624893,0.2149
2126,1.623198,0.2141
2127,1.617820,0.2153
2128,1.622043,0.2142
2129,1.615441,0.2160
2130,1.616269,0.2141
2131,1.618864,0.2139
2132,1.609596,0.2176
2133,1.606251,0.2140
2134,1.608377,0.2143
2135,1.604679,0.2160
2136,1.610309,0.2143
2137,1.602265,0.2147
2138,1.625729,0.2156
2139,1.628009,0.2153
2140,1.634552,0.2160
2141,1.632841,0.2169
2142,1.626920,0.2151
2143,1.633464,0.2158
2144,1.630118,0.2157
2145,1.623372,0.2148
2146,1.621855,0.2172
2147,1.618959,0.2183
2148,1.625601,0.2167
2149,1.612761,0.2153
2150,1.621347,0.2174
2151,1.613894,0.2167
2152,1.616578,0.2151
2153,1.624400,0.2160
2154,1.624921,0.2173
2155,1.610403,0.2152
2156,1.612646,0.2160
2157,1.613310,0.2170
2158,1.619048,0.2163
2159,1.620361,0.2165
2160,1.625183,0.2160
2161,1.622250,0.2184
2162,1.625368,0.2173
2163,1.620200,0.2172
2164,1.631183,0.2165
2165,1.622649,0.2187
2166,1.612314,0.2170
2167,1.600552,0.2164
2168,1.602815,0.2182
2169,1.615680,0.2199
2170,1.626752,0.2195
2171,1.627869,0.2173
2172,1.622689,0.2175
2173,1.628608,0.2186
2174,1.626349,0.2186
2175,1.629186,0.2196
2176,1.620530,0.2193
2177,1.602203,0.2184
2178,1.601567,0.2180
2179,1.611967,0.2177
2180,1.611503,0.2202
2181,1.622064,0.2201
2182,1.621963,0.2191
2183,1.613439,0.2189
2184,1.617756,0.2195
2185,1.623253,0.2192
2186,1.617685,0.2196
2187,1.626231,0.2216
2188,1.627515,0.2222
2189,1.611421,0.2237
2190,1.617842,0.2228
2191,1.615114,0.2222
2192,1.610785,0.2234
2193,1.625264,0.2223
2194,1.633410,0.2222
2195,1.626402,0.2225
2196,1.643726,0.2223
2197,1.657527,0.2229
2198,1.671334,0.2226
2199,1.665888,0.2233
2200,1.667042,0.2228
2201,1.662452,0.2231
2202,1.662469,0.2224
2203,1.662371,0.2223
2204,1.662584,0.2224
2205,1.665601,0.2225
2206,1.667261,0.2225
2207,1.669204,0.2229
2208,1.670773,0.2226
2209,1.666612,0.2228
2210,1.649582,0.2226
2211,1.659200,0.2223
2212,1.660452,0.2225
2213,1.649893,0.2232
2214,1.650343,0.2240
2215,1.646266,0.2223
2216,1.636737,0.2218
2217,1.625992,0.2225
2218,1.620578,0.2227
2219,1.625949,0.2229
2220,1.624338,0.2229
2221,1.615907,0.2227
2222,1.597173,0.2226
2223,1.596333,0.2230
2224,1.584395,0.2229
2225,1.592964,0.2237
2226,1.588877,0.2235
2227,1.593240,0.2239
2228,1.588644,0.2235
2229,1.594378,0.2242
2230,1.596415,0.2248
2231,1.591112,0.2233
2232,1.596384,0.2238
2233,1.587815,0.2248
2234,1.583257,0.2257
2235,1.579338,0.2227
2236,1.566686,0.2230
2237,1.565138,0.2230
2238,1.566775,0.2228
2239,1.568573,0.2229
2240,1.569617,0.2237
2241,1.575059,0.2246
2242,1.586504,0.2251
2243,1.594873,0.2251
2244,1.596486,0.2256
2245,1.590629,0.2250
2246,1.595894,0.2264
2247,1.593894,0.2239
2248,1.589557,0.2239
2249,1.584044,0.2240
2250,1.589153,0.2240
2251,1.590999,0.2245
2252,1.593450,0.2251
2253,1.594014,0.2260
2254,1.587220,0.2250
2255,1.583276,0.2258
2256,1.580421,0.2248
2257,1.581623,0.2239
2258,1.582387,0.2251
2259,1.595263,0.2245
2260,1.599682,0.2248
2261,1.613728,0.2260
2262,1.617693,0.2247
2263,1.622364,0.2261
2264,1.618120,0.2248
2265,1.624183,0.2240
2266,1.619825,0.2246
2267,1.616459,0.2245
2268,1.615986,0.2247
2269,1.622725,0.2255
2270,1.616977,0.2258
2271,1.609915,0.2251
2272,1.605954,0.2263
2273,1.583920,0.2235
2274,1.595772,0.2234
2275,1.586164,0.2237
2276,1.592857,0.2228
2277,1.603274,0.2242
2278,1.613033,0.2244
2279,1.610983,0.2242
2280,1.615429,0.2241
2281,1.608395,0.2249
2282,1.617340,0.2246
2283,1.613924,0.2253
2284,1.609168,0.2248
2285,1.605600,0.2230
2286,1.596236,0.2230
2287,1.587757,0.2229
2288,1.569617,0.2233
2289,1.589394,0.2239
2290,1.604045,0.2242
2291,1.606157,0.2242
2292,1.610535,0.2239
2293,1.614796,0.2248
2294,1.613093,0.2242
2295,1.615605,0.2247
2296,1.609989,0.2248
2297,1.602456,0.2239
2298,1.602697,0.2237
2299,1.588920,0.2237
2300,1.584084,0.2237
2301,1.587963,0.2238
2302,1.581730,0.2241
2303,1.608140,0.2243
2304,1.614172,0.2248
2305,1.613784,0.2237
2306,1.612522,0.2244
2307,1.626870,0.2249
2308,1.634609,0.2251
2309,1.640298,0.2231
2310,1.645502,0.2243
2311,1.651066,0.2237
2312,1.655197,0.2241
2313,1.649543,0.2243
2314,1.663518,0.2242
2315,1.656076,0.2251
2316,1.661421,0.2242
2317,1.681090,0.2248
2318,1.666099,0.2252
2319,1.663587,0.2241
2320,1.651438,0.2233
2321,1.662429,0.2238
2322,1.649522,0.2238
2323,1.621821,0.2244
2324,1.642106,0.2243
2325,1.635453,0.2249
2326,1.629646,0.2243
2327,1.630203,0.2249
2328,1.630057,0.2252
2329,1.623194,0.2238
2330,1.624023,0.2237
2331,1.626055,0.2244
2332,1.617663,0.2240
2333,1.626659,0.2242
2334,1.622012,0.2246
2335,1.615008,0.2246
2336,1.610596,0.2242
2337,1.606394,0.2247
2338,1.596044,0.2250
2339,1.592363,0.2239
2340,1.583342,0.2244
2341,1.594035,0.2240
2342,1.584743,0.2241
2343,1.579685,0.2242
2344,1.575260,0.2244
2345,1.564757,0.2251
2346,1.564734,0.2243
2347,1.569268,0.2249
2348,1.570985,0.2250
2349,1.567686,0.2244
2350,1.563598,0.2235
2351,1.562625,0.2234
2352,1.559927,0.2242
2353,1.558548,0.2241
2354,1.561490,0.2247
2355,1.568300,0.2249
2356,1.571249,0.2243
2357,1.574049,0.2248
2358,1.575170,0.2250
2359,1.587128,0.2238
2360,1.599193,0.2232
2361,1.605335,0.2244
2362,1.609875,0.2240
2363,1.612886,0.2248
2364,1.606177,0.2247
2365,1.599840,0.2249
2366,1.592951,0.2252
2367,1.584249,0.2257
2368,1.584864,0.2247
2369,1.586061,0.2232
2370,1.582062,0.2241
2371,1.579056,0.2241
2372,1.579539,0.2258
2373,1.588517,0.2257
2374,1.594648,0.2253
2375,1.590497,0.2262
2376,1.588673,0.2249
2377,1.583748,0.2252
2378,1.581400,0.2249
2379,1.577475,0.2251
2380,1.578594,0.2260
2381,1.587948,0.2264
2382,1.590318,0.2255
2383,1.581647,0.2249
2384,1.588700,0.2253
2385,1.586848,0.2254
2386,1.602790,0.2259
2387,1.608879,0.2258
2388,1.609288,0.2263
2389,1.607847,0.2252
2390,1.612419,0.2242
2391,1.612188,0.2245
2392,1.605997,0.2251
2393,1.602248,0.2250
2394,1.598138,0.2244
2395,1.594031,0.2252
2396,1.595531,0.2255
2397,1.590221,0.2244
2398,1.587454,0.2253
2399,1.585312,0.2245
2400,1.589555,0.2243
2401,1.583755,0.2250
2402,1.581801,0.2258
2403,1.572555,0.2236
2404,1.573805,0.2240
2405,1.575867,0.2241
2406,1.574142,0.2247
2407,1.574620,0.2246
2408,1.565562,0.2252
2409,1.561602,0.2245
2410,1.558765,0.2256
2411,1.556538,0.2245
2412,1.550846,0.2239
2413,1.559798,0.2241
2414,1.557422,0.2244
2415,1.568154,0.2255
2416,1.570007,0.2259
2417,1.571261,0.2249
2418,1.565707,0.2249
2419,1.561041,0.2248
2420,1.560327,0.2243
2421,1.553824,0.2240
2422,1.553779,0.2242
2423,1.551333,0.2251
2424,1.547994,0.2251
2425,1.549378,0.2247
2426,1.557867,0.2248
2427,1.559659,0.2256
2428,1.552541,0.2247
2429,1.551710,0.2241
2430,1.549850,0.2242
2431,1.549808,0.2250
2432,1.564363,0.2258
2433,1.567998,0.2251
2434,1.569425,0.2258
2435,1.566955,0.2247
2436,1.566551,0.2244
2437,1.558118,0.2243
2438,1.561958,0.2256
2439,1.564969,0.2252
2440,1.560499,0.2257
2441,1.563262,0.2256
2442,1.566717,0.2236
2443,1.560084,0.2244
2444,1.569576,0.2242
2445,1.571291,0.2248
2446,1.574321,0.2249
2447,1.574813,0.2253
2448,1.575166,0.2245
2449,1.573367,0.2251
2450,1.573232,0.2252
2451,1.570729,0.2244
2452,1.570545,0.2247
2453,1.561556,0.2247
2454,1.557914,0.2258
2455,1.553769,0.2253
2456,1.551472,0.2248
2457,1.551054,0.2254
2458,1.550584,0.2246
2459,1.549709,0.2243
2460,1.547985,0.2249
2461,1.551526,0.2251
2462,1.551883,0.2254
2463,1.555938,0.2252
2464,1.553785,0.2249
2465,1.567952,0.2257
2466,1.568617,0.2238
2467,1.565950,0.2237
2468,1.565120,0.2248
2469,1.563176,0.2252
2470,1.561126,0.2257
2471,1.574923,0.2248
2472,1.566002,0.2248
2473,1.566516,0.2256
2474,1.555557,0.2245
2475,1.557019,0.2245
2476,1.563271,0.2248
2477,1.567159,0.2249
2478,1.575807,0.2254
2479,1.575916,0.2246
2480,1.581737,0.2250
2481,1.583026,0.2260
2482,1.582961,0.2242
2483,1.575346,0.2245
2484,1.567406,0.2250
2485,1.572039,0.2260
2486,1.568282,0.2260
2487,1.565444,0.2253
2488,1.556911,0.2256
2489,1.557469,0.2247
2490,1.558984,0.2248
2491,1.556022,0.2249
2492,1.555169,0.2256
2493,1.557646,0.2255
2494,1.546265,0.2259
2495,1.540299,0.2258
2496,1.544449,0.2250
2497,1.545018,0.2251
2498,1.546069,0.2255
2499,1.550282,0.2250
2500,1.542033,0.2257
2501,1.563871,0.2251
2502,1.572401,0.2254
2503,1.569144,0.2257
2504,1.577022,0.2242
2505,1.577570,0.2240
2506,1.575513,0.2252
2507,1.576342,0.2249
2508,1.577451,0.2255
2509,1.578893,0.2260
2510,1.575107,0.2246
2511,1.568920,0.2251
2512,1.579792,0.2258
2513,1.575735,0.2246
2514,1.573225,0.2246
2515,1.578092,0.2250
2516,1.576243,0.2255
2517,1.566080,0.2254
2518,1.569282,0.2254
2519,1.566616,0.2251
2520,1.565008,0.2261
2521,1.559304,0.2247
2522,1.558362,0.2247
2523,1.558037,0.2256
2524,1.554120,0.2261
2525,1.555105,0.2262
2526,1.555795,0.2252
2527,1.553721,0.2258
2528,1.549425,0.2260
2529,1.550155,0.2246
2530,1.543175,0.2246
2531,1.543543,0.2249
2532,1.535988,0.2267
2533,1.529543,0.2268
2534,1.525280,0.2259
2535,1.528562,0.2252
2536,1.532276,0.2251
2537,1.527428,0.2258
2538,1.532340,0.2252
2539,1.533657,0.2262
2540,1.539383,0.2255
2541,1.545668,0.2259
2542,1.546723,0.2251
2543,1.552300,0.2247
2544,1.547274,0.2255
2545,1.544147,0.2259
2546,1.536747,0.2264
2547,1.529738,0.2261
2548,1.529635,0.2259
2549,1.534056,0.2250
2550,1.536538,0.2252
2551,1.533446,0.2253
2552,1.535907,0.2265
2553,1.529676,0.2262
2554,1.534033,0.2257
2555,1.533616,0.2266
2556,1.529429,0.2243
2557,1.522227,0.2255
2558,1.511960,0.2255
2559,1.520695,0.2265
2560,1.529472,0.2265
2561,1.532647,0.2262
2562,1.541654,0.2254
2563,1.543443,0.2253
2564,1.539551,0.2258
2565,1.535433,0.2257
2566,1.534127,0.2268
2567,1.535530,0.2260
2568,1.532640,0.2265
2569,1.534284,0.2252
2570,1.527609,0.2255
2571,1.530772,0.2271
2572,1.530566,0.2274
2573,1.540929,0.2261
2574,1.544836,0.2264
2575,1.549763,0.2259
2576,1.548866,0.2260
2577,1.546501,0.2271
2578,1.546818,0.2264
2579,1.541662,0.2264
2580,1.532959,0.2254
2581,1.530059,0.2256
2582,1.538374,0.2267
2583,1.539779,0.2262
2584,1.542201,0.2265
2585,1.536273,0.2257
2586,1.529697,0.2255
2587,1.522570,0.2259
2588,1.529535,0.2272
2589,1.533578,0.2262
2590,1.541798,0.2266
2591,1.539477,0.2261
2592,1.537378,0.2259
2593,1.529963,0.2271
2594,1.532221,0.2263
2595,1.533327,0.2264
2596,1.530180,0.2257
2597,1.530070,0.2259
2598,1.532358,0.2271
2599,1.526903,0.2270
2600,1.530725,0.2266
2601,1.525936,0.2254
2602,1.526770,0.2255
2603,1.532527,0.2274
2604,1.530169,0.2274
2605,1.531837,0.2268
2606,1.528600,0.2255
2607,1.530056,0.2258
2608,1.527499,0.2271
2609,1.531542,0.2275
2610,1.541980,0.2273
2611,1.550390,0.2256
2612,1.547197,0.2256
2613,1.548229,0.2270
2614,1.550375,0.2275
2615,1.549765,0.2269
2616,1.543112,0.2257
2617,1.540632,0.2262
2618,1.538767,0.2270
2619,1.542512,0.2264
2620,1.541875,0.2273
2621,1.540331,0.2255
2622,1.535995,0.2256
2623,1.536081,0.2273
2624,1.538270,0.2272
2625,1.538183,0.2269
2626,1.529762,0.2260
2627,1.525547,0.2263
2628,1.541621,0.2271
2629,1.547032,0.2270
2630,1.551685,0.2263
2631,1.553037,0.2258
2632,1.548313,0.2264
2633,1.551303,0.2273
2634,1.541446,0.2269
2635,1.547622,0.2259
2636,1.548771,0.2258
2637,1.552364,0.2271
2638,1.547507,0.2277
2639,1.545867,0.2273
2640,1.541486,0.2258
2641,1.544349,0.2266
2642,1.549188,0.2274
2643,1.552666,0.2267
2644,1.547047,0.2258
2645,1.538047,0.2258
2646,1.529312,0.2267
2647,1.526714,0.2273
2648,1.531398,0.2265
2649,1.534661,0.2263
2650,1.530527,0.2264
2651,1.541293,0.2263
2652,1.548537,0.2273
2653,1.549518,0.2268
2654,1.541707,0.2257
2655,1.552266,0.2262
2656,1.555094,0.2276
2657,1.564926,0.2273
2658,1.567416,0.2270
2659,1.568581,0.2265
2660,1.562275,0.2265
2661,1.558798,0.2273
2662,1.567502,0.2263
2663,1.568677,0.2266
2664,1.567588,0.2263
2665,1.567912,0.2277
2666,1.567607,0.2276
2667,1.554527,0.2271
2668,1.550618,0.2254
2669,1.547838,0.2261
2670,1.556263,0.2272
2671,1.563915,0.2265
2672,1.568755,0.2271
2673,1.566057,0.2261
2674,1.569674,0.2263
2675,1.572083,0.2270
2676,1.570600,0.2262
2677,1.568608,0.2268
2678,1.565089,0.2264
2679,1.579488,0.2268
2680,1.579794,0.2277
2681,1.580641,0.2270
2682,1.576943,0.2261
2683,1.579901,0.2258
2684,1.582691,0.2276
2685,1.581765,0.2275
2686,1.584158,0.2275
2687,1.587238,0.2257
2688,1.589114,0.2260
2689,1.595030,0.2276
2690,1.595535,0.2264
2691,1.599640,0.2268
2692,1.594789,0.2261
2693,1.585142,0.2263
2694,1.587199,0.2277
2695,1.591096,0.2267
2696,1.590202,0.2257
2697,1.587391,0.2261
2698,1.589380,0.2264
2699,1.577994,0.2275
2700,1.583266,0.2270
2701,1.590606,0.2277
2702,1.589695,0.2273
2703,1.597493,0.2271
2704,1.595045,0.2269
2705,1.590574,0.2264
2706,1.584396,0.2268
2707,1.587409,0.2277
2708,1.599840,0.2273
2709,1.604521,0.2260
2710,1.600548,0.2263
2711,1.593691,0.2277
2712,1.600405,0.2275
2713,1.604005,0.2272
2714,1.599884,0.2262
2715,1.588893,0.2271
2716,1.580550,0.2280
2717,1.551520,0.2276
2718,1.575709,0.2259
2719,1.571955,0.2262
2720,1.571654,0.2280
2721,1.580905,0.2277
2722,1.578252,0.2271
2723,1.583340,0.2263
2724,1.584263,0.2279
2725,1.569889,0.2278
2726,1.608655,0.2279
2727,1.611934,0.2264
2728,1.625635,0.2279
2729,1.624551,0.2277
2730,1.650420,0.2282
2731,1.651513,0.2266
2732,1.649099,0.2284
2733,1.663045,0.2282
2734,1.658108,0.2272
2735,1.666306,0.2265
2736,1.673140,0.2285
2737,1.675701,0.2279
2738,1.679894,0.2272
2739,1.682977,0.2263
2740,1.658687,0.2284
2741,1.661660,0.2277
2742,1.669520,0.2265
2743,1.663308,0.2265
2744,1.654877,0.2279
2745,1.657567,0.2280
2746,1.650688,0.2285
2747,1.647440,0.2272
2748,1.648284,0.2287
2749,1.638364,0.2279
2750,1.632246,0.2265
2751,1.636416,0.2269
2752,1.640833,0.2285
2753,1.637961,0.2277
2754,1.626596,0.2272
2755,1.617495,0.2265
2756,1.600597,0.2286
2757,1.597643,0.2276
2758,1.585444,0.2270
2759,1.589963,0.2271
2760,1.580075,0.2286
2761,1.580320,0.2277
2762,1.567525,0.2264
2763,1.580507,0.2271
2764,1.579451,0.2295
2765,1.577416,0.2282
2766,1.574944,0.2275
2767,1.568148,0.2283
2768,1.549520,0.2295
2769,1.553124,0.2281
2770,1.545400,0.2275
2771,1.549424,0.2279
2772,1.550612,0.2274
2773,1.554386,0.2267
2774,1.556058,0.2268
2775,1.560087,0.2282
2776,1.556279,0.2286
2777,1.546046,0.2268
2778,1.546013,0.2267
2779,1.539367,0.2285
2780,1.549275,0.2285
2781,1.550383,0.2264
2782,1.550969,0.2269
2783,1.548155,0.2287
2784,1.543170,0.2275
2785,1.537220,0.2278
2786,1.535310,0.2270
2787,1.534069,0.2283
2788,1.532337,0.2273
2789,1.529621,0.2264
2790,1.529695,0.2269
2791,1.529862,0.2287
2792,1.526445,0.2291
2793,1.522271,0.2270
2794,1.512075,0.2278
2795,1.504373,0.2295
2796,1.521262,0.2288
2797,1.532647,0.2270
2798,1.536844,0.2285
2799,1.539460,0.2280
2800,1.541635,0.2279
2801,1.542107,0.2269
2802,1.542876,0.2285
2803,1.547405,0.2286
2804,1.544935,0.2288
2805,1.541313,0.2270
2806,1.536898,0.2283
2807,1.527205,0.2286
2808,1.519945,0.2279
2809,1.517601,0.2270
2810,1.515868,0.2289
2811,1.507180,0.2288
2812,1.521107,0.2272
2813,1.517833,0.2272
2814,1.503302,0.2290
2815,1.519025,0.2285
2816,1.512568,0.2271
2817,1.516931,0.2272
2818,1.512220,0.2285
2819,1.520046,0.2274
2820,1.520651,0.2271
2821,1.518789,0.2268
2822,1.511142,0.2290
2823,1.512412,0.2289
2824,1.506481,0.2271
2825,1.501708,0.2269
2826,1.502883,0.2286
2827,1.498792,0.2285
2828,1.496849,0.2268
2829,1.493037,0.2266
2830,1.476423,0.2287
2831,1.484239,0.2288
2832,1.492257,0.2268
2833,1.489779,0.2267
2834,1.495040,0.2285
2835,1.497411,0.2290
2836,1.497472,0.2271
2837,1.504765,0.2268
2838,1.506274,0.2292
2839,1.513859,0.2290
2840,1.519390,0.2271
2841,1.515309,0.2273
2842,1.505278,0.2294
2843,1.502524,0.2278
2844,1.515257,0.2271
2845,1.514813,0.2281
2846,1.516471,0.2289
2847,1.515151,0.2290
2848,1.518299,0.2273
2849,1.516101,0.2285
2850,1.519171,0.2286
2851,1.518146,0.2278
2852,1.514880,0.2276
2853,1.516297,0.2284
2854,1.511374,0.2276
2855,1.509686,0.2279
2856,1.500592,0.2278
2857,1.494023,0.2283
2858,1.488987,0.2275
2859,1.488382,0.2272
2860,1.488297,0.2273
2861,1.484337,0.2287
2862,1.491561,0.2279
2863,1.496401,0.2272
2864,1.495758,0.2278
2865,1.498505,0.2283
2866,1.498570,0.2287
2867,1.488784,0.2269
2868,1.485047,0.2278
2869,1.488019,0.2283
2870,1.488526,0.2275
2871,1.479756,0.2270
2872,1.481006,0.2276
2873,1.466058,0.2287
2874,1.476374,0.2285
2875,1.482890,0.2275
2876,1.481100,0.2287
2877,1.492740,0.2292
2878,1.495315,0.2280
2879,1.496552,0.2280
2880,1.496178,0.2295
2881,1.494405,0.2287
2882,1.490685,0.2273
2883,1.498961,0.2293
2884,1.497681,0.2288
2885,1.496980,0.2272
2886,1.500164,0.2277
2887,1.505720,0.2295
2888,1.503386,0.2285
2889,1.508803,0.2276
2890,1.508622,0.2286
2891,1.504917,0.2287
2892,1.500986,0.2270
2893,1.491305,0.2275
2894,1.491615,0.2294
2895,1.493444,0.2285
2896,1.484640,0.2272
2897,1.469467,0.2294
2898,1.478750,0.2291
2899,1.478580,0.2271
2900,1.476038,0.2276
2901,1.478338,0.2293
2902,1.480913,0.2287
2903,1.478228,0.2274
2904,1.479697,0.2295
2905,1.475805,0.2283
2906,1.470146,0.2277
2907,1.460862,0.2285
2908,1.455267,0.2292
2909,1.450115,0.2278
2910,1.457490,0.2279
2911,1.463860,0.2298
2912,1.456853,0.2286
2913,1.471709,0.2274
2914,1.476494,0.2286
2915,1.484676,0.2293
2916,1.488516,0.2271
2917,1.494963,0.2278
2918,1.498535,0.2302
2919,1.496044,0.2288
2920,1.499238,0.2273
2921,1.507154,0.2293
2922,1.503282,0.2298
2923,1.494702,0.2275
2924,1.492521,0.2288
2925,1.492509,0.2287
2926,1.491900,0.2281
2927,1.486583,0.2279
2928,1.490668,0.2295
2929,1.486092,0.2289
2930,1.489751,0.2274
2931,1.487276,0.2291
2932,1.486668,0.2289
2933,1.484542,0.2272
2934,1.484783,0.2280
2935,1.478009,0.2296
2936,1.472371,0.2287
2937,1.471111,0.2280
2938,1.472406,0.2295
2939,1.471048,0.2286
2940,1.465030,0.2273
2941,1.461400,0.2291
2942,1.467684,0.2290
2943,1.463506,0.2273
2944,1.473393,0.2291
2945,1.474125,0.2297
2946,1.473682,0.2280
2947,1.471682,0.2277
2948,1.464233,0.2288
2949,1.463797,0.2289
2950,1.460740,0.2273
2951,1.460940,0.2292
2952,1.465558,0.2290
2953,1.469066,0.2274
2954,1.466335,0.2281
2955,1.467519,0.2300
2956,1.465387,0.2286
2957,1.458974,0.2284
2958,1.457838,0.2295
2959,1.463269,0.2292
2960,1.461735,0.2280
2961,1.458217,0.2303
2962,1.454639,0.2286
2963,1.451618,0.2278
2964,1.450953,0.2298
2965,1.456159,0.2289
2966,1.453478,0.2276
2967,1.452899,0.2299
2968,1.445511,0.2291
2969,1.442987,0.2275
2970,1.439420,0.2291
2971,1.439341,0.2289
2972,1.439977,0.2275
2973,1.432002,0.2290
2974,1.433738,0.2296
2975,1.433247,0.2275
2976,1.437370,0.2294
2977,1.437404,0.2299
2978,1.443656,0.2282
2979,1.440611,0.2284
2980,1.445301,0.2297
2981,1.445298,0.2295
2982,1.440274,0.2284
2983,1.427998,0.2297
2984,1.429047,0.2287
2985,1.450178,0.2280
2986,1.459479,0.2303
2987,1.463554,0.2288
2988,1.470744,0.2274
2989,1.475426,0.2300
2990,1.473688,0.2288
2991,1.474790,0.2273
2992,1.481453,0.2295
2993,1.479077,0.2292
2994,1.480017,0.2279
2995,1.491336,0.2294
2996,1.495198,0.2308
2997,1.497509,0.2278
2998,1.500093,0.2290
2999,1.499163,0.2302
3000,1.497983,0.2275
3001,1.500088,0.2306
3002,1.496451,0.2288
3003,1.486534,0.2274
3004,1.484723,0.2296
3005,1.490253,0.2297
3006,1.484585,0.2276
3007,1.483109,0.2294
3008,1.478287,0.2296
3009,1.476340,0.2280
3010,1.469128,0.2295
3011,1.477717,0.2305
3012,1.477688,0.2280
3013,1.473561,0.2291
3014,1.472921,0.2300
3015,1.465418,0.2282
3016,1.461526,0.2282
3017,1.468799,0.2301
3018,1.473294,0.2285
3019,1.477377,0.2283
3020,1.477688,0.2296
3021,1.482245,0.2288
3022,1.479645,0.2291
3023,1.478087,0.2302
3024,1.478955,0.2288
3025,1.474646,0.2283
3026,1.473576,0.2303
3027,1.471227,0.2288
3028,1.463419,0.2282
3029,1.459734,0.2299
3030,1.460474,0.2287
3031,1.459011,0.2284
3032,1.457369,0.2304
3033,1.453406,0.2287
3034,1.451343,0.2284
3035,1.441349,0.2295
3036,1.456074,0.2294
3037,1.455011,0.2281
3038,1.459851,0.2296
3039,1.459675,0.2292
3040,1.453490,0.2279
3041,1.462437,0.2300
3042,1.466414,0.2293
3043,1.474756,0.2283
3044,1.478161,0.2300
3045,1.483378,0.2291
3046,1.487576,0.2283
3047,1.487197,0.2299
3048,1.483228,0.2299
3049,1.487727,0.2282
3050,1.483452,0.2298
3051,1.487458,0.2292
3052,1.489357,0.2284
3053,1.490481,0.2305
3054,1.489687,0.2285
3055,1.489257,0.2282
3056,1.487637,0.2295
3057,1.481757,0.2294
3058,1.477145,0.2285
3059,1.471858,0.2306
3060,1.468517,0.2287
3061,1.462756,0.2282
3062,1.467491,0.2302
3063,1.468351,0.2287
3064,1.462683,0.2285
3065,1.457815,0.2306
3066,1.453136,0.2296
3067,1.442326,0.2282
3068,1.428291,0.2306
3069,1.441126,0.2281
3070,1.444441,0.2283
3071,1.455880,0.2296
3072,1.456988,0.2305
3073,1.457920,0.2303
3074,1.456457,0.2305
3075,1.453498,0.2289
3076,1.447504,0.2304
3077,1.436896,0.2312
3078,1.436512,0.2293
3079,1.446048,0.2311
3080,1.450450,0.2297
3081,1.448561,0.2297
3082,1.453241,0.2310
3083,1.454062,0.2290
3084,1.458423,0.2300
3085,1.459572,0.2291
3086,1.462911,0.2280
3087,1.461436,0.2295
3088,1.458034,0.2303
3089,1.455909,0.2280
3090,1.451904,0.2282
3091,1.461990,0.2305
3092,1.459633,0.2285
3093,1.458233,0.2288
3094,1.453070,0.2302
3095,1.448885,0.2296
3096,1.437879,0.2279
3097,1.453090,0.2300
3098,1.467623,0.2295
3099,1.468515,0.2284
3100,1.469036,0.2297
3101,1.466243,0.2293
3102,1.466097,0.2284
3103,1.464635,0.2301
3104,1.458835,0.2288
3105,1.462742,0.2281
3106,1.468878,0.2301
3107,1.471666,0.2306
3108,1.473667,0.2280
3109,1.474638,0.2305
3110,1.476655,0.2295
3111,1.477793,0.2283
3112,1.473356,0.2298
3113,1.467522,0.2301
3114,1.464739,0.2282
3115,1.460607,0.2289
3116,1.450005,0.2312
3117,1.448458,0.2282
3118,1.441439,0.2297
3119,1.436850,0.2300
3120,1.429069,0.2280
3121,1.420892,0.2296
3122,1.426538,0.2305
3123,1.426905,0.2281
3124,1.425098,0.2296
3125,1.426377,0.2306
3126,1.424294,0.2278
3127,1.435950,0.2280
3128,1.434247,0.2303
3129,1.433186,0.2291
3130,1.439495,0.2281
3131,1.451482,0.2305
3132,1.453036,0.2295
3133,1.450981,0.2283
3134,1.459584,0.2302
3135,1.460666,0.2297
3136,1.450786,0.2286
3137,1.461553,0.2304
3138,1.468461,0.2296
3139,1.473552,0.2284
3140,1.476255,0.2308
3141,1.481457,0.2296
3142,1.481162,0.2281
3143,1.473857,0.2299
3144,1.461192,0.2296
3145,1.462293,0.2278
3146,1.466367,0.2298
3147,1.466173,0.2314
3148,1.462187,0.2283
3149,1.458333,0.2293
3150,1.465834,0.2306
3151,1.468504,0.2282
3152,1.465440,0.2294
3153,1.455709,0.2296
3154,1.457771,0.2282
3155,1.452756,0.2297
3156,1.455391,0.2305
3157,1.451679,0.2281
3158,1.457431,0.2294
3159,1.458637,0.2306
3160,1.467723,0.2285
3161,1.471642,0.2294
3162,1.468672,0.2306
3163,1.466387,0.2286
3164,1.470024,0.2286
3165,1.471256,0.2303
3166,1.475982,0.2287
3167,1.477292,0.2290
3168,1.481992,0.2310
3169,1.480093,0.2280
3170,1.476930,0.2293
3171,1.471062,0.2303
3172,1.464020,0.2286
3173,1.473044,0.2291
3174,1.472323,0.2304
3175,1.469586,0.2276
3176,1.469434,0.2293
3177,1.468583,0.2301
3178,1.460749,0.2282
3179,1.462521,0.2293
3180,1.473071,0.2302
3181,1.471740,0.2282
3182,1.474495,0.2295
3183,1.473445,0.2315
3184,1.467326,0.2283
3185,1.466838,0.2304
3186,1.466516,0.2306
3187,1.464411,0.2283
3188,1.470480,0.2305
3189,1.476161,0.2291
3190,1.476757,0.2285
3191,1.479724,0.2301
3192,1.480544,0.2299
3193,1.477778,0.2293
3194,1.471972,0.2299
3195,1.461097,0.2286
3196,1.449296,0.2297
3197,1.454970,0.2315
3198,1.448664,0.2279
3199,1.443489,0.2297
3200,1.433566,0.2308
3201,1.433176,0.2283
3202,1.439990,0.2306
3203,1.443254,0.2299
3204,1.446093,0.2294
3205,1.444166,0.2307
3206,1.442171,0.2279
3207,1.439693,0.2294
3208,1.436774,0.2303
3209,1.442988,0.2289
3210,1.443623,0.2298
3211,1.438557,0.2314
3212,1.432409,0.2282
3213,1.426855,0.2299
3214,1.418326,0.2311
3215,1.422803,0.2283
3216,1.426397,0.2303
3217,1.422392,0.2302
3218,1.415888,0.2297
3219,1.424734,0.2304
3220,1.419184,0.2282
3221,1.426458,0.2301
3222,1.422530,0.2311
3223,1.428394,0.2280
3224,1.426820,0.2299
3225,1.430935,0.2315
3226,1.423911,0.2284
3227,1.429448,0.2309
3228,1.441580,0.2290
3229,1.442474,0.2294
3230,1.443984,0.2311
3231,1.446030,0.2284
3232,1.439776,0.2295
3233,1.439265,0.2314
3234,1.435499,0.2281
3235,1.432792,0.2299
3236,1.432923,0.2307
3237,1.428792,0.2284
3238,1.439898,0.2307
3239,1.442517,0.2302
3240,1.445255,0.2297
3241,1.440384,0.2304
3242,1.442815,0.2285
3243,1.443018,0.2296
3244,1.441191,0.2316
3245,1.441487,0.2281
3246,1.442369,0.2298
3247,1.442170,0.2314
3248,1.432231,0.2285
3249,1.436515,0.2306
3250,1.439808,0.2291
3251,1.444394,0.2291
3252,1.442176,0.2304
3253,1.434971,0.2287
3254,1.440255,0.2296
3255,1.442566,0.2303
3256,1.442334,0.2282
3257,1.441279,0.2296
3258,1.443423,0.2306
3259,1.443292,0.2282
3260,1.438209,0.2303
3261,1.436441,0.2317
3262,1.431303,0.2279
3263,1.438890,0.2302
3264,1.440782,0.2303
3265,1.442989,0.2286
3266,1.444416,0.2310
3267,1.440512,0.2291
3268,1.433011,0.2294
3269,1.439206,0.2309
3270,1.437164,0.2284
3271,1.434571,0.2302
3272,1.434337,0.2321
3273,1.432121,0.2288
3274,1.434946,0.2305
3275,1.432987,0.2307
3276,1.426697,0.2301
3277,1.424603,0.2317
3278,1.432014,0.2282
3279,1.435916,0.2299
3280,1.435617,0.2316
3281,1.435614,0.2284
3282,1.434532,0.2307
3283,1.426701,0.2306
3284,1.423766,0.2296
3285,1.431954,0.2308
3286,1.434149,0.2282
3287,1.432102,0.2299
3288,1.433295,0.2314
3289,1.429033,0.2289
3290,1.429627,0.2301
3291,1.429455,0.2318
3292,1.428894,0.2301
3293,1.432478,0.2313
3294,1.431923,0.2284
3295,1.428222,0.2299
3296,1.419252,0.2317
3297,1.423947,0.2282
3298,1.432194,0.2310
3299,1.432813,0.2307
3300,1.429632,0.2295
3301,1.435594,0.2327
3302,1.439872,0.2298
3303,1.437001,0.2320
3304,1.435829,0.2288
3305,1.437818,0.2316
3306,1.432621,0.2308
3307,1.430797,0.2307
3308,1.422933,0.2324
3309,1.426371,0.2298
3310,1.425046,0.2319
3311,1.419117,0.2294
3312,1.412845,0.2312
3313,1.416152,0.2323
3314,1.420995,0.2303
3315,1.417226,0.2326
3316,1.423130,0.2297
3317,1.421338,0.2322
3318,1.422698,0.2294
3319,1.421784,0.2310
3320,1.421199,0.2324
3321,1.414434,0.2306
3322,1.409036,0.2333
3323,1.410793,0.2308
3324,1.407544,0.2322
3325,1.402722,0.2297
3326,1.403092,0.2315
3327,1.407976,0.2308
3328,1.402030,0.2311
3329,1.398195,0.2326
3330,1.386920,0.2306
3331,1.394545,0.2328
3332,1.399890,0.2296
3333,1.406750,0.2323
3334,1.410606,0.2292
3335,1.414635,0.2310
3336,1.414206,0.2323
3337,1.412326,0.2307
3338,1.410091,0.2328
3339,1.403631,0.2295
3340,1.406744,0.2316
3341,1.406435,0.2313
3342,1.408417,0.2322
3343,1.408947,0.2312
3344,1.405793,0.2308
3345,1.401119,0.2323
3346,1.404872,0.2296
3347,1.406519,0.2316
3348,1.401792,0.2293
3349,1.395128,0.2316
3350,1.395990,0.2319
3351,1.399392,0.2310
3352,1.402527,0.2326
3353,1.403078,0.2294
3354,1.403631,0.2322
3355,1.408421,0.2300
3356,1.400603,0.2308
3357,1.407036,0.2328
3358,1.410712,0.2307
3359,1.406277,0.2332
3360,1.404444,0.2298
3361,1.412154,0.2318
3362,1.415901,0.2292
3363,1.418746,0.2310
3364,1.421154,0.2323
3365,1.426007,0.2307
3366,1.422683,0.2329
3367,1.422426,0.2297
3368,1.419072,0.2316
3369,1.418813,0.2310
3370,1.408665,0.2314
3371,1.418459,0.2321
3372,1.419953,0.2308
3373,1.423106,0.2327
3374,1.424653,0.2309
3375,1.428823,0.2324
3376,1.430719,0.2290
3377,1.426425,0.2315
3378,1.435905,0.2313
3379,1.437628,0.2312
3380,1.437216,0.2330
3381,1.433764,0.2301
3382,1.430178,0.2320
3383,1.429285,0.2291
3384,1.425197,0.2323
3385,1.416873,0.2316
3386,1.415476,0.2311
3387,1.418894,0.2326
3388,1.416461,0.2303
3389,1.424690,0.2321
3390,1.429075,0.2295
3391,1.432239,0.2315
3392,1.435980,0.2320
3393,1.438993,0.2307
3394,1.437912,0.2329
3395,1.433676,0.2301
3396,1.428019,0.2322
3397,1.425688,0.2297
3398,1.430035,0.2313
3399,1.435958,0.2333
3400,1.438146,0.2313
3401,1.438745,0.2327
3402,1.434085,0.2301
3403,1.427696,0.2316
3404,1.430013,0.2293
3405,1.428059,0.2299
3406,1.423815,0.2317
3407,1.423112,0.2290
3408,1.428348,0.2307
3409,1.430109,0.2316
3410,1.426920,0.2302
3411,1.426591,0.2326
3412,1.422200,0.2285
3413,1.429494,0.2314
3414,1.435258,0.2322
3415,1.433530,0.2294
3416,1.438542,0.2315
3417,1.444686,0.2297
3418,1.452198,0.2306
3419,1.449703,0.2325
3420,1.443902,0.2294
3421,1.442784,0.2319
3422,1.441930,0.2291
3423,1.438539,0.2307
3424,1.442728,0.2325
3425,1.438653,0.2303
3426,1.440299,0.2317
3427,1.435638,0.2293
3428,1.435302,0.2309
3429,1.433749,0.2318
3430,1.433114,0.2305
3431,1.433155,0.2328
3432,1.434441,0.2305
3433,1.430617,0.2313
3434,1.421179,0.2309
3435,1.412897,0.2323
3436,1.413910,0.2330
3437,1.408025,0.2307
3438,1.416561,0.2320
3439,1.425784,0.2305
3440,1.428815,0.2317
3441,1.425448,0.2290
3442,1.423180,0.2306
3443,1.418495,0.2323
3444,1.422890,0.2301
3445,1.426501,0.2329
3446,1.427186,0.2290
3447,1.428795,0.2316
3448,1.432019,0.2319
3449,1.428658,0.2302
3450,1.434435,0.2325
3451,1.433198,0.2293
3452,1.427250,0.2317
3453,1.434591,0.2303
3454,1.440178,0.2297
3455,1.440251,0.2327
3456,1.440860,0.2299
3457,1.440589,0.2309
3458,1.434831,0.2321
3459,1.433908,0.2309
3460,1.440399,0.2314
3461,1.441060,0.2299
3462,1.441436,0.2327
3463,1.440640,0.2295
3464,1.436550,0.2314
3465,1.433505,0.2311
3466,1.428115,0.2304
3467,1.429031,0.2329
3468,1.426904,0.2299
3469,1.422477,0.2324
3470,1.428987,0.2286
3471,1.423936,0.2303
3472,1.418871,0.2323
3473,1.422953,0.2305
3474,1.425027,0.2324
3475,1.427002,0.2297
3476,1.426272,0.2327
3477,1.422733,0.2291
3478,1.418302,0.2316
3479,1.418834,0.2326
3480,1.409454,0.2314
3481,1.419779,0.2330
3482,1.421969,0.2317
3483,1.426799,0.2332
3484,1.426289,0.2304
3485,1.439309,0.2328
3486,1.445197,0.2297
3487,1.442130,0.2317
3488,1.446391,0.2324
3489,1.453369,0.2330
3490,1.459022,0.2329
3491,1.460116,0.2335
3492,1.456221,0.2321
3493,1.456138,0.2330
3494,1.452988,0.2307
3495,1.447289,0.2337
3496,1.448393,0.2323
3497,1.445343,0.2330
3498,1.446530,0.2317
3499,1.445828,0.2334
3500,1.443059,0.2313
3501,1.441248,0.2325
3502,1.445277,0.2333
3503,1.447244,0.2339
3504,1.443895,0.2307
3505,1.445433,0.2330
3506,1.442235,0.2333
3507,1.434358,0.2338
3508,1.437742,0.2307
3509,1.437859,0.2343
3510,1.435693,0.2321
3511,1.438243,0.2329
3512,1.438636,0.2309
3513,1.440799,0.2345
3514,1.433481,0.2306
3515,1.434268,0.2336
3516,1.433122,0.2311
3517,1.432197,0.2326
3518,1.432764,0.2329
3519,1.431205,0.2338
3520,1.427584,0.2306
3521,1.416172,0.2335
3522,1.417455,0.2312
3523,1.425373,0.2337
3524,1.422683,0.2314
3525,1.432077,0.2338
3526,1.442648,0.2311
3527,1.449872,0.2343
3528,1.452554,0.2317
3529,1.456441,0.2358
3530,1.456831,0.2333
3531,1.450234,0.2364
3532,1.449792,0.2346
3533,1.450547,0.2317
3534,1.451482,0.2345
3535,1.448894,0.2329
3536,1.447450,0.2357
3537,1.446686,0.2333
3538,1.445954,0.2357
3539,1.443014,0.2348
3540,1.441430,0.2331
3541,1.438543,0.2355
3542,1.436479,0.2338
3543,1.431862,0.2349
3544,1.427471,0.2348
3545,1.419018,0.2324
3546,1.414269,0.2358
3547,1.413801,0.2335
3548,1.411275,0.2366
3549,1.409886,0.2351
3550,1.409913,0.2323
3551,1.411029,0.2357
3552,1.411023,0.2337
3553,1.409729,0.2362
3554,1.405617,0.2350
3555,1.402829,0.2327
3556,1.395312,0.2366
3557,1.397791,0.2338
3558,1.396266,0.2340
3559,1.404833,0.2351
3560,1.407961,0.2322
3561,1.409862,0.2358
3562,1.407681,0.2335
3563,1.403935,0.2365
3564,1.401883,0.2353
3565,1.400910,0.2326
3566,1.401712,0.2344
3567,1.399506,0.2335
3568,1.397604,0.2359
3569,1.397542,0.2354
3570,1.398151,0.2328
3571,1.397502,0.2365
3572,1.394756,0.2339
3573,1.391966,0.2358
3574,1.382031,0.2354
3575,1.381872,0.2335
3576,1.384316,0.2356
3577,1.383913,0.2352
3578,1.379782,0.2331
3579,1.368838,0.2363
3580,1.376305,0.2343
3581,1.380239,0.2364
3582,1.380842,0.2356
3583,1.375234,0.2332
3584,1.366764,0.2364
3585,1.381056,0.2347
3586,1.390055,0.2337
3587,1.392630,0.2351
3588,1.392623,0.2340
3589,1.395874,0.2348
3590,1.396926,0.2345
3591,1.402026,0.2348
3592,1.403215,0.2371
3593,1.403261,0.2351
3594,1.401435,0.2356
3595,1.397639,0.2362
3596,1.402085,0.2343
3597,1.402791,0.2362
3598,1.400571,0.2350
3599,1.403394,0.2327
3600,1.405697,0.2367
3601,1.405570,0.2377
3602,1.403422,0.2334
3603,1.400501,0.2365
3604,1.403448,0.2355
3605,1.398602,0.2334
3606,1.390886,0.2365
3607,1.388570,0.2353
3608,1.391483,0.2329
3609,1.390011,0.2366
3610,1.384675,0.2337
3611,1.382322,0.2363
3612,1.382999,0.2357
3613,1.380327,0.2340
3614,1.372815,0.2368
3615,1.369829,0.2358
3616,1.371857,0.2335
3617,1.369477,0.2372
3618,1.376358,0.2350
3619,1.381796,0.2335
3620,1.377798,0.2373
3621,1.380744,0.2351
3622,1.381966,0.2336
3623,1.385894,0.2358
3624,1.383728,0.2335
3625,1.381989,0.2366
3626,1.384429,0.2357
3627,1.385771,0.2333
3628,1.376364,0.2372
3629,1.381411,0.2349
3630,1.385512,0.2333
3631,1.383785,0.2361
3632,1.377182,0.2345
3633,1.381763,0.2356
3634,1.381087,0.2360
3635,1.380042,0.2336
3636,1.379893,0.2372
3637,1.373557,0.2358
3638,1.369494,0.2339
3639,1.374545,0.2366
3640,1.379053,0.2349
3641,1.381421,0.2343
3642,1.383204,0.2374
3643,1.392009,0.2351
3644,1.391303,0.2348
3645,1.394329,0.2362
3646,1.392967,0.2342
3647,1.393427,0.2368
3648,1.397370,0.2368
3649,1.390718,0.2346
3650,1.399752,0.2366
3651,1.402989,0.2368
3652,1.404218,0.2343
3653,1.403955,0.2365
3654,1.399159,0.2358
3655,1.397365,0.2343
3656,1.399787,0.2376
3657,1.395581,0.2367
3658,1.391860,0.2348
3659,1.393359,0.2372
3660,1.392693,0.2366
3661,1.382786,0.2343
3662,1.386708,0.2377
3663,1.385458,0.2370
3664,1.380377,0.2339
3665,1.380635,0.2370
3666,1.381720,0.2365
3667,1.377619,0.2346
3668,1.384994,0.2372
3669,1.378628,0.2362
3670,1.379533,0.2343
3671,1.376568,0.2369
3672,1.383319,0.2351
3673,1.384159,0.2337
3674,1.383973,0.2373
3675,1.390773,0.2354
3676,1.393337,0.2337
3677,1.397506,0.2366
3678,1.398645,0.2347
3679,1.400725,0.2364
3680,1.398690,0.2356
3681,1.396774,0.2332
3682,1.394532,0.2359
3683,1.394166,0.2346
3684,1.392117,0.2375
3685,1.386100,0.2358
3686,1.385113,0.2339
3687,1.381709,0.2374
3688,1.385117,0.2358
3689,1.382086,0.2344
3690,1.380780,0.2383
3691,1.379528,0.2356
3692,1.377667,0.2338
3693,1.376833,0.2376
3694,1.376139,0.2360
3695,1.369026,0.2341
3696,1.377799,0.2378
3697,1.382096,0.2349
3698,1.385293,0.2371
3699,1.385657,0.2383
3700,1.386366,0.2354
3701,1.385996,0.2346
3702,1.382018,0.2380
3703,1.375332,0.2361
3704,1.375963,0.2342
3705,1.376760,0.2382
3706,1.372910,0.2357
3707,1.376807,0.2344
3708,1.382381,0.2381
3709,1.378481,0.2334
3710,1.384992,0.2370
3711,1.384011,0.2385
3712,1.378752,0.2360
3713,1.380727,0.2345
3714,1.374472,0.2377
3715,1.374657,0.2355
3716,1.380415,0.2352
3717,1.382423,0.2379
3718,1.381439,0.2355
3719,1.370753,0.2350
3720,1.373622,0.2380
3721,1.370327,0.2345
3722,1.372622,0.2359
3723,1.376677,0.2383
3724,1.381533,0.2359
3725,1.381542,0.2342
3726,1.386115,0.2377
3727,1.386122,0.2360
3728,1.386824,0.2340
3729,1.381536,0.2384
3730,1.377274,0.2356
3731,1.377590,0.2348
3732,1.376808,0.2381
3733,1.371151,0.2358
3734,1.373315,0.2356
3735,1.372768,0.2386
3736,1.376165,0.2364
3737,1.377743,0.2342
3738,1.379801,0.2390
3739,1.378314,0.2365
3740,1.374539,0.2351
3741,1.373907,0.2374
3742,1.371828,0.2373
3743,1.374222,0.2347
3744,1.372921,0.2375
3745,1.366944,0.2371
3746,1.368142,0.2355
3747,1.370116,0.2364
3748,1.369607,0.2372
3749,1.367688,0.2363
3750,1.368105,0.2338
3751,1.367070,0.2375
3752,1.364496,0.2362
3753,1.362110,0.2344
3754,1.360186,0.2381
3755,1.355399,0.2367
3756,1.362294,0.2343
3757,1.363995,0.2381
3758,1.364520,0.2368
3759,1.366250,0.2347
3760,1.372144,0.2380
3761,1.374199,0.2357
3762,1.377997,0.2345
3763,1.376594,0.2371
3764,1.377361,0.2377
3765,1.376430,0.2362
3766,1.372337,0.2344
3767,1.366410,0.2350
3768,1.367875,0.2353
3769,1.364177,0.2365
3770,1.370178,0.2387
3771,1.373132,0.2360
3772,1.370806,0.2347
3773,1.374102,0.2382
3774,1.374124,0.2374
3775,1.371873,0.2354
3776,1.374434,0.2374
3777,1.371148,0.2376
3778,1.369511,0.2355
3779,1.379458,0.2351
3780,1.384813,0.2380
3781,1.387702,0.2365
3782,1.387175,0.2342
3783,1.386397,0.2384
3784,1.385755,0.2366
3785,1.384002,0.2352
3786,1.379362,0.2371
3787,1.385830,0.2371
3788,1.388916,0.2351
3789,1.387109,0.2368
3790,1.386035,0.2377
3791,1.380090,0.2366
3792,1.382016,0.2345
3793,1.384973,0.2393
3794,1.386106,0.2370
3795,1.384018,0.2337
3796,1.385444,0.2382
3797,1.384426,0.2377
3798,1.382909,0.2365
3799,1.382325,0.2356
3800,1.384836,0.2384
3801,1.384781,0.2374
3802,1.382504,0.2356
3803,1.379664,0.2374
3804,1.371986,0.2381
3805,1.377377,0.2370
3806,1.373124,0.2352
3807,1.375494,0.2388
3808,1.372223,0.2376
3809,1.375352,0.2363
3810,1.374948,0.2341
3811,1.373782,0.2382
3812,1.371932,0.2365
3813,1.368519,0.2351
3814,1.362663,0.2378
3815,1.358020,0.2364
3816,1.357220,0.2330
3817,1.356304,0.2381
3818,1.353528,0.2369
3819,1.360932,0.2356
3820,1.357852,0.2380
3821,1.357991,0.2383
3822,1.355279,0.2368
3823,1.356701,0.2350
3824,1.351312,0.2380
3825,1.352998,0.2373
3826,1.357737,0.2352
3827,1.359574,0.2371
3828,1.362516,0.2381
3829,1.363698,0.2365
3830,1.363780,0.2342
3831,1.363871,0.2381
3832,1.358489,0.2367
3833,1.355599,0.2349
3834,1.357860,0.2383
3835,1.351340,0.2374
3836,1.353071,0.2356
3837,1.358469,0.2374
3838,1.364803,0.2355
3839,1.368254,0.2354
3840,1.369424,0.2361
3841,1.371986,0.2380
3842,1.372344,0.2362
3843,1.371701,0.2349
3844,1.369745,0.2376
3845,1.369087,0.2371
3846,1.369461,0.2347
3847,1.369797,0.2379
3848,1.367666,0.2368
3849,1.359679,0.2355
3850,1.358814,0.2381
3851,1.356417,0.2381
3852,1.358072,0.2371
3853,1.361415,0.2352
3854,1.359719,0.2384
3855,1.356429,0.2375
3856,1.347163,0.2356
3857,1.339192,0.2355
3858,1.336424,0.2375
3859,1.348028,0.2360
3860,1.352118,0.2361
3861,1.352732,0.2383
3862,1.348941,0.2369
3863,1.353544,0.2348
3864,1.358103,0.2384
3865,1.358452,0.2373
3866,1.359259,0.2357
3867,1.358100,0.2358
3868,1.357203,0.2374
3869,1.361696,0.2363
3870,1.360384,0.2342
3871,1.361963,0.2381
3872,1.361581,0.2366
3873,1.366487,0.2343
3874,1.366384,0.2383
3875,1.363552,0.2373
3876,1.362968,0.2353
3877,1.360754,0.2374
3878,1.369464,0.2385
3879,1.372624,0.2370
3880,1.373140,0.2348
3881,1.370611,0.2381
3882,1.369326,0.2366
3883,1.371916,0.2349
3884,1.369752,0.2381
3885,1.366242,0.2370
3886,1.365198,0.2345
3887,1.370622,0.2385
3888,1.371000,0.2377
3889,1.370859,0.2357
3890,1.370225,0.2353
3891,1.367113,0.2382
3892,1.362776,0.2368
3893,1.365735,0.2358
3894,1.369838,0.2389
3895,1.368095,0.2347
3896,1.364869,0.2345
3897,1.360269,0.2384
3898,1.362793,0.2376
3899,1.363441,0.2355
3900,1.362516,0.2360
3901,1.355106,0.2391
3902,1.362438,0.2384
3903,1.364356,0.2370
3904,1.366214,0.2352
3905,1.363230,0.2387
3906,1.364585,0.2371
3907,1.364344,0.2360
3908,1.359612,0.2360
3909,1.361703,0.2374
3910,1.360954,0.2367
3911,1.364032,0.2343
3912,1.364026,0.2379
3913,1.360842,0.2365
3914,1.352032,0.2349
3915,1.359681,0.2385
3916,1.358254,0.2379
3917,1.357777,0.2354
3918,1.355464,0.2380
3919,1.351505,0.2383
3920,1.346839,0.2366
3921,1.348317,0.2351
3922,1.352457,0.2388
3923,1.354199,0.2380
3924,1.355103,0.2364
3925,1.356811,0.2351
3926,1.357042,0.2387
3927,1.354423,0.2378
3928,1.356096,0.2357
3929,1.356385,0.2375
3930,1.355791,0.2387
3931,1.353033,0.2371
3932,1.353394,0.2359
3933,1.351051,0.2386
3934,1.354071,0.2385
3935,1.354900,0.2368
3936,1.353204,0.2358
3937,1.351857,0.2391
3938,1.347149,0.2380
3939,1.338367,0.2369
3940,1.323577,0.2349
3941,1.327890,0.2385
3942,1.322041,0.2370
3943,1.333688,0.2356
3944,1.332709,0.2387
3945,1.332121,0.2386
3946,1.335961,0.2366
3947,1.338985,0.2359
3948,1.346351,0.2391
3949,1.349066,0.2383
3950,1.353371,0.2369
3951,1.354489,0.2359
3952,1.355790,0.2389
3953,1.353387,0.2378
3954,1.353375,0.2360
3955,1.348957,0.2367
3956,1.353090,0.2387
3957,1.351317,0.2373
3958,1.349680,0.2354
3959,1.354795,0.2386
3960,1.354596,0.2384
3961,1.352748,0.2362
3962,1.350579,0.2351
3963,1.349242,0.2390
3964,1.351313,0.2371
3965,1.348620,0.2354
3966,1.354070,0.2390
3967,1.354659,0.2382
3968,1.347766,0.2369
3969,1.348574,0.2351
3970,1.350864,0.2381
3971,1.347618,0.2370
3972,1.340356,0.2355
3973,1.342894,0.2387
3974,1.354652,0.2379
3975,1.356915,0.2358
3976,1.356371,0.2381
3977,1.358021,0.2390
3978,1.356919,0.2364
3979,1.358677,0.2351
3980,1.360104,0.2383
3981,1.360014,0.2375
3982,1.358228,0.2352
3983,1.354151,0.2385
3984,1.349191,0.2386
3985,1.351488,0.2370
3986,1.351634,0.2356
3987,1.349626,0.2389
3988,1.347685,0.2383
3989,1.344185,0.2370
3990,1.355352,0.2353
3991,1.358478,0.2376
3992,1.360522,0.2371
3993,1.362068,0.2348
3994,1.359336,0.2384
3995,1.355698,0.2378
3996,1.353162,0.2351
3997,1.353859,0.2384
3998,1.348105,0.2384
3999,1.347687,0.2367
4000,1.353549,0.2346
4001,1.357481,0.2420
4002,1.357776,0.2377
4003,1.355875,0.2362
4004,1.355354,0.2342
4005,1.353399,0.2381
4006,1.347491,0.2368
4007,1.344949,0.2357
4008,1.343338,0.2393
4009,1.339765,0.2379
4010,1.340748,0.2357
4011,1.345810,0.2367
4012,1.343650,0.2394
4013,1.343253,0.2383
4014,1.344192,0.2350
4015,1.342247,0.2391
4016,1.341383,0.2378
4017,1.338160,0.2374
4018,1.327980,0.2351
4019,1.336636,0.2389
4020,1.340195,0.2383
4021,1.341038,0.2369
4022,1.343320,0.2366
4023,1.342541,0.2392
4024,1.345629,0.2387
4025,1.347482,0.2365
4026,1.345874,0.2377
4027,1.342531,0.2391
4028,1.341701,0.2377
4029,1.341723,0.2361
4030,1.340113,0.2366
4031,1.333982,0.2397
4032,1.330283,0.2386
4033,1.334904,0.2363
4034,1.337301,0.2375
4035,1.339421,0.2400
4036,1.340590,0.2392
4037,1.340319,0.2375
4038,1.339445,0.2359
4039,1.336889,0.2396
4040,1.326924,0.2385
4041,1.327036,0.2382
4042,1.333984,0.2360
4043,1.337298,0.2364
4044,1.337962,0.2383
4045,1.335876,0.2367
4046,1.334795,0.2352
4047,1.330734,0.2390
4048,1.323117,0.2385
4049,1.334316,0.2371
4050,1.337819,0.2355
4051,1.342661,0.2388
4052,1.344308,0.2379
4053,1.340752,0.2360
4054,1.340440,0.2372
4055,1.344802,0.2388
4056,1.344614,0.2383
4057,1.344826,0.2358
4058,1.345499,0.2387
4059,1.343801,0.2387
4060,1.339917,0.2384
4061,1.336314,0.2360
4062,1.327813,0.2376
4063,1.332719,0.2388
4064,1.331514,0.2384
4065,1.331844,0.2370
4066,1.339339,0.2361
4067,1.338026,0.2389
4068,1.344377,0.2384
4069,1.345214,0.2366
4070,1.344334,0.2373
4071,1.342170,0.2390
4072,1.340348,0.2385
4073,1.337343,0.2368
4074,1.332594,0.2353
4075,1.329957,0.2387
4076,1.322902,0.2376
4077,1.327303,0.2359
4078,1.336915,0.2384
4079,1.339514,0.2383
4080,1.339420,0.2373
4081,1.339339,0.2348
4082,1.342845,0.2388
4083,1.341708,0.2381
4084,1.340316,0.2369
4085,1.341658,0.2348
4086,1.341298,0.2386
4087,1.340865,0.2377
4088,1.345575,0.2357
4089,1.344819,0.2380
4090,1.346981,0.2382
4091,1.344269,0.2372
4092,1.350659,0.2347
4093,1.352535,0.2389
4094,1.352732,0.2381
4095,1.349270,0.2370
4096,1.346073,0.2348
4097,1.343160,0.2381
4098,1.342505,0.2370
4099,1.338122,0.2356
4100,1.339879,0.2383
4101,1.341512,0.2374
4102,1.340093,0.2359
4103,1.340482,0.2360
4104,1.338890,0.2382
4105,1.331119,0.2369
4106,1.341623,0.2345
4107,1.342873,0.2388
4108,1.348555,0.2375
4109,1.350394,0.2367
4110,1.350520,0.2362
4111,1.350516,0.2383
4112,1.348477,0.2372
4113,1.345671,0.2348
4114,1.343879,0.2386
4115,1.343944,0.2382
4116,1.342776,0.2363
4117,1.335592,0.2357
4118,1.333715,0.2382
4119,1.337332,0.2375
4120,1.346180,0.2348
4121,1.347834,0.2384
4122,1.344904,0.2383
4123,1.342992,0.2372
4124,1.343273,0.2351
4125,1.348891,0.2389
4126,1.348706,0.2381
4127,1.348853,0.2368
4128,1.349398,0.2358
4129,1.352436,0.2399
4130,1.350040,0.2383
4131,1.349762,0.2373
4132,1.348184,0.2360
4133,1.341971,0.2394
4134,1.345066,0.2389
4135,1.345687,0.2373
4136,1.347085,0.2355
4137,1.348624,0.2391
4138,1.350115,0.2386
4139,1.348518,0.2370
4140,1.346472,0.2364
4141,1.345299,0.2395
4142,1.342542,0.2381
4143,1.344713,0.2383
4144,1.339726,0.2356
4145,1.337882,0.2388
4146,1.336106,0.2388
4147,1.332916,0.2382
4148,1.325107,0.2368
4149,1.322099,0.2371
4150,1.319771,0.2392
4151,1.319316,0.2385
4152,1.320129,0.2373
4153,1.317221,0.2361
4154,1.311928,0.2388
4155,1.310254,0.2387
4156,1.312113,0.2368
4157,1.312972,0.2360
4158,1.311922,0.2391
4159,1.312101,0.2389
4160,1.312553,0.2375
4161,1.310278,0.2359
4162,1.305800,0.2394
4163,1.294636,0.2386
4164,1.304746,0.2376
4165,1.309421,0.2365
4166,1.313853,0.2390
4167,1.313844,0.2386
4168,1.319911,0.2380
4169,1.321047,0.2364
4170,1.320934,0.2387
4171,1.319648,0.2391
4172,1.318171,0.2382
4173,1.317294,0.2373
4174,1.319032,0.2356
4175,1.317664,0.2391
4176,1.316169,0.2383
4177,1.317598,0.2373
4178,1.317540,0.2363
4179,1.316668,0.2397
4180,1.313711,0.2392
4181,1.314708,0.2377
4182,1.316052,0.2356
4183,1.316297,0.2390
4184,1.312171,0.2389
4185,1.311697,0.2383
4186,1.310178,0.2372
4187,1.309886,0.2359
4188,1.307175,0.2389
4189,1.301829,0.2381
4190,1.305575,0.2370
4191,1.307458,0.2360
4192,1.304806,0.2393
4193,1.300198,0.2386
4194,1.303503,0.2371
4195,1.300121,0.2356
4196,1.299372,0.2389
4197,1.302595,0.2384
4198,1.304894,0.2373
4199,1.305029,0.2355
4200,1.302600,0.2387
4201,1.303323,0.2397
4202,1.300386,0.2384
4203,1.307435,0.2371
4204,1.306963,0.2354
4205,1.310485,0.2388
4206,1.312935,0.2385
4207,1.313698,0.2365
4208,1.316223,0.2360
4209,1.314574,0.2390
4210,1.312635,0.2383
4211,1.307462,0.2366
4212,1.308397,0.2375
4213,1.308854,0.2388
4214,1.306726,0.2383
4215,1.306303,0.2371
4216,1.307879,0.2358
4217,1.308509,0.2389
4218,1.308794,0.2382
4219,1.307236,0.2372
4220,1.304432,0.2354
4221,1.302331,0.2389
4222,1.304331,0.2374
4223,1.305990,0.2358
4224,1.305947,0.2386
4225,1.306402,0.2387
4226,1.304204,0.2375
4227,1.303665,0.2358
4228,1.303482,0.2388
4229,1.302787,0.2387
4230,1.301982,0.2380
4231,1.299283,0.2369
4232,1.300230,0.2372
4233,1.298512,0.2387
4234,1.299472,0.2381
4235,1.303643,0.2373
4236,1.301676,0.2367
4237,1.304428,0.2394
4238,1.306781,0.2384
4239,1.307064,0.2369
4240,1.304226,0.2367
4241,1.302276,0.2397
4242,1.301487,0.2379
4243,1.304583,0.2364
4244,1.303608,0.2382
4245,1.301151,0.2385
4246,1.295858,0.2374
4247,1.290645,0.2360
4248,1.287836,0.2388
4249,1.290357,0.2385
4250,1.290212,0.2367
4251,1.293853,0.2366
4252,1.292751,0.2394
4253,1.298234,0.2380
4254,1.297971,0.2369
4255,1.297375,0.2380
4256,1.296442,0.2386
4257,1.296348,0.2373
4258,1.294668,0.2366
4259,1.294881,0.2393
4260,1.293541,0.2387
4261,1.296820,0.2376
4262,1.294616,0.2355
4263,1.290876,0.2393
4264,1.294026,0.2392
4265,1.292672,0.2369
4266,1.289719,0.2360
4267,1.290413,0.2396
4268,1.293447,0.2377
4269,1.295653,0.2375
4270,1.295997,0.2367
4271,1.293001,0.2395
4272,1.297095,0.2382
4273,1.298517,0.2373
4274,1.296124,0.2369
4275,1.296209,0.2393
4276,1.297999,0.2382
4277,1.298805,0.2373
4278,1.295761,0.2367
4279,1.291802,0.2387
4280,1.290147,0.2373
4281,1.293206,0.2361
4282,1.294048,0.2392
4283,1.292562,0.2391
4284,1.282743,0.2382
4285,1.287194,0.2353
4286,1.290012,0.2392
4287,1.291962,0.2391
4288,1.294156,0.2369
4289,1.296398,0.2361
4290,1.295016,0.2403
4291,1.290005,0.2394
4292,1.290562,0.2383
4293,1.291958,0.2370
4294,1.290521,0.2383
4295,1.286535,0.2406
4296,1.288421,0.2381
4297,1.283403,0.2369
4298,1.285430,0.2370
4299,1.286330,0.2388
4300,1.292657,0.2383
4301,1.295618,0.2364
4302,1.293591,0.2389
4303,1.294035,0.2387
4304,1.291434,0.2383
4305,1.290719,0.2359
4306,1.291716,0.2386
4307,1.291668,0.2389
4308,1.290979,0.2376
4309,1.290181,0.2362
4310,1.291905,0.2382
4311,1.296009,0.2385
4312,1.293990,0.2373
4313,1.297546,0.2359
4314,1.299231,0.2398
4315,1.300417,0.2388
4316,1.300217,0.2375
4317,1.299881,0.2361
4318,1.297755,0.2388
4319,1.295174,0.2385
4320,1.297625,0.2383
4321,1.299547,0.2366
4322,1.299550,0.2375
4323,1.300533,0.2399
4324,1.299839,0.2384
4325,1.297717,0.2371
4326,1.295444,0.2360
4327,1.293635,0.2399
4328,1.287560,0.2388
4329,1.292396,0.2374
4330,1.295734,0.2357
4331,1.296873,0.2393
4332,1.300077,0.2388
4333,1.300999,0.2373
4334,1.298854,0.2358
4335,1.298150,0.2397
4336,1.297851,0.2395
4337,1.297417,0.2382
4338,1.298029,0.2365
4339,1.295116,0.2373
4340,1.293382,0.2392
4341,1.292457,0.2379
4342,1.295536,0.2369
4343,1.295389,0.2363
4344,1.299366,0.2389
4345,1.298485,0.2379
4346,1.297673,0.2366
4347,1.298211,0.2370
4348,1.296335,0.2396
4349,1.293776,0.2382
4350,1.288932,0.2370
4351,1.283093,0.2348
4352,1.281853,0.2388
4353,1.287769,0.2379
4354,1.292068,0.2361
4355,1.296101,0.2373
4356,1.297507,0.2393
4357,1.297823,0.2385
4358,1.298051,0.2368
4359,1.295251,0.2358
4360,1.293595,0.2391
4361,1.290420,0.2386
4362,1.289563,0.2368
4363,1.288038,0.2353
4364,1.284602,0.2395
4365,1.290041,0.2388
4366,1.291219,0.2367
4367,1.290936,0.2355
4368,1.288700,0.2393
4369,1.288751,0.2384
4370,1.287730,0.2368
4371,1.290408,0.2356
4372,1.291922,0.2392
4373,1.296610,0.2382
4374,1.298334,0.2371
4375,1.296573,0.2362
4376,1.294495,0.2390
4377,1.292744,0.2384
4378,1.288748,0.2369
4379,1.288193,0.2360
4380,1.286521,0.2392
4381,1.285737,0.2379
4382,1.281558,0.2364
4383,1.286928,0.2364
4384,1.290642,0.2392
4385,1.288315,0.2380
4386,1.284488,0.2370
4387,1.292667,0.2356
4388,1.293030,0.2397
4389,1.294201,0.2378
4390,1.296364,0.2367
4391,1.294939,0.2363
4392,1.294571,0.2395
4393,1.294906,0.2381
4394,1.296864,0.2368
4395,1.298090,0.2356
4396,1.298079,0.2392
4397,1.295807,0.2381
4398,1.294229,0.2370
4399,1.293174,0.2353
4400,1.295222,0.2395
4401,1.296401,0.2380
4402,1.294369,0.2365
4403,1.291841,0.2369
4404,1.289742,0.2394
4405,1.283258,0.2380
4406,1.290972,0.2361
4407,1.291419,0.2378
4408,1.292275,0.2397
4409,1.291420,0.2389
4410,1.292735,0.2373
4411,1.291013,0.2361
4412,1.288656,0.2397
4413,1.290484,0.2390
4414,1.291257,0.2376
4415,1.287921,0.2356
4416,1.290136,0.2394
4417,1.291246,0.2395
4418,1.291123,0.2383
4419,1.287646,0.2365
4420,1.287002,0.2374
4421,1.287248,0.2402
4422,1.283375,0.2382
4423,1.277868,0.2369
4424,1.276018,0.2365
4425,1.271554,0.2400
4426,1.278227,0.2384
4427,1.282773,0.2377
4428,1.283528,0.2358
4429,1.282938,0.2393
4430,1.280612,0.2390
4431,1.278201,0.2374
4432,1.281567,0.2363
4433,1.283903,0.2395
4434,1.281900,0.2397
4435,1.274748,0.2384
4436,1.273523,0.2370
4437,1.278764,0.2364
4438,1.277485,0.2390
4439,1.279373,0.2383
4440,1.279713,0.2368
4441,1.277737,0.2372
4442,1.276846,0.2403
4443,1.282509,0.2388
4444,1.284898,0.2376
4445,1.284057,0.2360
4446,1.284672,0.2397
4447,1.286195,0.2389
4448,1.287234,0.2373
4449,1.287766,0.2359
4450,1.285209,0.2393
4451,1.284317,0.2392
4452,1.288802,0.2382
4453,1.291634,0.2366
4454,1.291398,0.2384
4455,1.290127,0.2390
4456,1.288250,0.2388
4457,1.285424,0.2370
4458,1.283029,0.2367
4459,1.282574,0.2396
4460,1.278864,0.2385
4461,1.275996,0.2373
4462,1.279213,0.2359
4463,1.283535,0.2398
4464,1.285425,0.2391
4465,1.283637,0.2376
4466,1.287367,0.2368
4467,1.287691,0.2391
4468,1.286158,0.2398
4469,1.283672,0.2385
4470,1.283062,0.2368
4471,1.282913,0.2360
4472,1.282815,0.2401
4473,1.279832,0.2390
4474,1.286376,0.2375
4475,1.288431,0.2361
4476,1.288581,0.2397
4477,1.287163,0.2396
4478,1.285213,0.2380
4479,1.285344,0.2369
4480,1.285724,0.2375
4481,1.283352,0.2398
4482,1.278597,0.2386
4483,1.276549,0.2373
4484,1.279745,0.2370
4485,1.284162,0.2394
4486,1.281770,0.2387
4487,1.284436,0.2381
4488,1.287356,0.2366
4489,1.288572,0.2378
4490,1.289502,0.2395
4491,1.284898,0.2388
4492,1.286266,0.2373
4493,1.287736,0.2361
4494,1.287415,0.2395
4495,1.287910,0.2388
4496,1.288113,0.2377
4497,1.285678,0.2360
4498,1.282380,0.2399
4499,1.279130,0.2395
4500,1.279296,0.2386
4501,1.278995,0.2397
4502,1.278750,0.2372
4503,1.276483,0.2345
4504,1.276613,0.2397
4505,1.272970,0.2380
4506,1.274573,0.2377
4507,1.279150,0.2359
4508,1.277050,0.2395
4509,1.279577,0.2388
4510,1.283413,0.2372
4511,1.284484,0.2359
4512,1.283680,0.2401
4513,1.284647,0.2393
4514,1.282929,0.2382
4515,1.289943,0.2371
4516,1.292293,0.2369
4517,1.291954,0.2393
4518,1.291586,0.2379
4519,1.289237,0.2368
4520,1.289082,0.2366
4521,1.290589,0.2394
4522,1.290476,0.2380
4523,1.288966,0.2363
4524,1.288251,0.2380
4525,1.283300,0.2400
4526,1.281725,0.2377
4527,1.277660,0.2367
4528,1.282909,0.2363
4529,1.283307,0.2389
4530,1.282317,0.2380
4531,1.280422,0.2363
4532,1.278331,0.2392
4533,1.280739,0.2394
4534,1.283378,0.2378
4535,1.285648,0.2365
4536,1.285588,0.2382
4537,1.286906,0.2394
4538,1.287264,0.2380
4539,1.284654,0.2371
4540,1.280361,0.2377
4541,1.277455,0.2398
4542,1.276186,0.2380
4543,1.280404,0.2371
4544,1.281087,0.2360
4545,1.281230,0.2397
4546,1.281196,0.2375
4547,1.280701,0.2366
4548,1.276331,0.2391
4549,1.274404,0.2388
4550,1.273995,0.2381
4551,1.270555,0.2364
4552,1.269878,0.2381
4553,1.273144,0.2401
4554,1.272243,0.2380
4555,1.275312,0.2368
4556,1.277879,0.2376
4557,1.279367,0.2399
4558,1.278187,0.2380
4559,1.277099,0.2368
4560,1.276560,0.2363
4561,1.277195,0.2394
4562,1.276146,0.2381
4563,1.273618,0.2356
4564,1.270520,0.2382
4565,1.271285,0.2401
4566,1.269913,0.2380
4567,1.274781,0.2369
4568,1.276306,0.2361
4569,1.276822,0.2392
4570,1.277627,0.2384
4571,1.278843,0.2375
4572,1.278120,0.2372
4573,1.276804,0.2400
4574,1.274029,0.2383
4575,1.269786,0.2370
4576,1.269975,0.2374
4577,1.275843,0.2399
4578,1.276598,0.2381
4579,1.277655,0.2380
4580,1.274934,0.2361
4581,1.273206,0.2397
4582,1.273416,0.2397
4583,1.279874,0.2373
4584,1.278556,0.2360
4585,1.278733,0.2403
4586,1.278931,0.2400
4587,1.274229,0.2386
4588,1.273634,0.2375
4589,1.276833,0.2367
4590,1.277697,0.2406
4591,1.277013,0.2396
4592,1.275881,0.2376
4593,1.273156,0.2362
4594,1.275531,0.2408
4595,1.278144,0.2407
4596,1.280255,0.2386
4597,1.281021,0.2368
4598,1.280891,0.2368
4599,1.280987,0.2398
4600,1.277381,0.2395
4601,1.279886,0.2385
4602,1.280394,0.2366
4603,1.275377,0.2394
4604,1.276308,0.2397
4605,1.276855,0.2391
4606,1.277322,0.2377
4607,1.282455,0.2369
4608,1.284875,0.2384
4609,1.287321,0.2404
4610,1.288398,0.2397
4611,1.286680,0.2386
4612,1.286038,0.2364
4613,1.283358,0.2391
4614,1.281896,0.2395
4615,1.276212,0.2392
4616,1.277820,0.2379
4617,1.279132,0.2364
4618,1.280918,0.2401
4619,1.278690,0.2404
4620,1.276626,0.2390
4621,1.274861,0.2376
4622,1.274065,0.2362
4623,1.272412,0.2396
4624,1.269980,0.2388
4625,1.267417,0.2383
4626,1.264402,0.2370
4627,1.268184,0.2384
4628,1.269664,0.2398
4629,1.271544,0.2391
4630,1.271648,0.2380
4631,1.267000,0.2365
4632,1.271647,0.2404
4633,1.273780,0.2403
4634,1.274018,0.2394
4635,1.271414,0.2377
4636,1.266063,0.2365
4637,1.266847,0.2394
4638,1.267434,0.2403
4639,1.270551,0.2392
4640,1.268214,0.2377
4641,1.263640,0.2367
4642,1.262106,0.2386
4643,1.265522,0.2404
4644,1.263724,0.2392
4645,1.264805,0.2377
4646,1.266812,0.2364
4647,1.263892,0.2402
4648,1.269442,0.2405
4649,1.271270,0.2391
4650,1.270769,0.2378
4651,1.272707,0.2366
4652,1.271772,0.2399
4653,1.270995,0.2407
4654,1.270887,0.2393
4655,1.269966,0.2386
4656,1.270556,0.2371
4657,1.271048,0.2384
4658,1.274873,0.2403
4659,1.274859,0.2406
4660,1.276485,0.2390
4661,1.275820,0.2377
4662,1.273323,0.2363
4663,1.274974,0.2395
4664,1.273664,0.2393
4665,1.270653,0.2389
4666,1.270937,0.2366
4667,1.266869,0.2381
4668,1.270679,0.2401
4669,1.267320,0.2393
4670,1.270993,0.2378
4671,1.266681,0.2368
4672,1.273590,0.2401
4673,1.273980,0.2400
4674,1.277289,0.2393
4675,1.282112,0.2377
4676,1.282217,0.2371
4677,1.281259,0.2397
4678,1.276988,0.2397
4679,1.276251,0.2393
4680,1.278328,0.2376
4681,1.277492,0.2361
4682,1.272809,0.2400
4683,1.275079,0.2403
4684,1.276099,0.2388
4685,1.276610,0.2381
4686,1.277074,0.2372
4687,1.277317,0.2393
4688,1.274508,0.2403
4689,1.270740,0.2390
4690,1.261933,0.2383
4691,1.264797,0.2368
4692,1.267929,0.2393
4693,1.269687,0.2404
4694,1.272301,0.2392
4695,1.272316,0.2381
4696,1.270532,0.2368
4697,1.266150,0.2390
4698,1.263357,0.2403
4699,1.262917,0.2394
4700,1.262872,0.2377
4701,1.264099,0.2363
4702,1.262188,0.2402
4703,1.268571,0.2400
4704,1.267280,0.2393
4705,1.270327,0.2376
4706,1.274287,0.2364
4707,1.278223,0.2396
4708,1.278838,0.2398
4709,1.279004,0.2387
4710,1.278673,0.2371
4711,1.277898,0.2368
4712,1.275206,0.2401
4713,1.276465,0.2391
4714,1.274205,0.2388
4715,1.269720,0.2371
4716,1.270341,0.2378
4717,1.269372,0.2405
4718,1.269930,0.2397
4719,1.269586,0.2384
4720,1.266725,0.2370
4721,1.268535,0.2377
4722,1.269450,0.2404
4723,1.267877,0.2390
4724,1.268770,0.2391
4725,1.268305,0.2372
4726,1.268230,0.2382
4727,1.266015,0.2395
4728,1.263562,0.2394
4729,1.261090,0.2379
4730,1.257595,0.2374
4731,1.257317,0.2387
4732,1.258377,0.2399
4733,1.262531,0.2398
4734,1.263325,0.2389
4735,1.260239,0.2372
4736,1.263275,0.2372
4737,1.265342,0.2400
4738,1.262355,0.2398
4739,1.268174,0.2390
4740,1.269439,0.2372
4741,1.268966,0.2370
4742,1.272252,0.2404
4743,1.272399,0.2398
4744,1.273312,0.2385
4745,1.271416,0.2379
4746,1.270200,0.2370
4747,1.269508,0.2403
4748,1.271518,0.2403
4749,1.271054,0.2395
4750,1.266756,0.2379
4751,1.268538,0.2362
4752,1.273309,0.2400
4753,1.276671,0.2405
4754,1.277169,0.2398
4755,1.277791,0.2390
4756,1.277860,0.2371
4757,1.277224,0.2375
4758,1.276525,0.2400
4759,1.273914,0.2398
4760,1.271048,0.2390
4761,1.267975,0.2368
4762,1.266426,0.2380
4763,1.263665,0.2401
4764,1.265141,0.2399
4765,1.264481,0.2389
4766,1.262489,0.2370
4767,1.267205,0.2380
4768,1.267803,0.2407
4769,1.264566,0.2398
4770,1.261427,0.2389
4771,1.265063,0.2372
4772,1.263400,0.2367
4773,1.263494,0.2404
4774,1.263694,0.2397
4775,1.265094,0.2392
4776,1.266155,0.2378
4777,1.270082,0.2362
4778,1.269831,0.2404
4779,1.268889,0.2398
4780,1.272240,0.2390
4781,1.270563,0.2375
4782,1.274100,0.2362
4783,1.275478,0.2396
4784,1.274040,0.2396
4785,1.273854,0.2387
4786,1.274290,0.2365
4787,1.275348,0.2382
4788,1.276807,0.2407
4789,1.278063,0.2395
4790,1.276031,0.2391
4791,1.279155,0.2375
4792,1.279173,0.2374
4793,1.278145,0.2401
4794,1.276555,0.2392
4795,1.274758,0.2375
4796,1.275399,0.2363
4797,1.271412,0.2405
4798,1.271180,0.2397
4799,1.273541,0.2396
4800,1.272924,0.2379
4801,1.272176,0.2386
4802,1.269006,0.2361
4803,1.272760,0.2405
4804,1.274167,0.2395
4805,1.273793,0.2391
4806,1.267965,0.2371
4807,1.264563,0.2388
4808,1.268942,0.2395
4809,1.270674,0.2396
4810,1.270337,0.2391
4811,1.265675,0.2368
4812,1.259494,0.2389
4813,1.261644,0.2404
4814,1.269662,0.2397
4815,1.274397,0.2380
4816,1.276780,0.2367
4817,1.277517,0.2402
4818,1.278906,0.2406
4819,1.278183,0.2384
4820,1.274115,0.2372
4821,1.276198,0.2379
4822,1.279661,0.2401
4823,1.280085,0.2395
4824,1.279794,0.2375
4825,1.279817,0.2364
4826,1.276531,0.2406
4827,1.273835,0.2399
4828,1.271319,0.2386
4829,1.266302,0.2376
4830,1.263060,0.2385
4831,1.265398,0.2409
4832,1.269874,0.2401
4833,1.269295,0.2386
4834,1.269481,0.2364
4835,1.270329,0.2393
4836,1.270783,0.2404
4837,1.269030,0.2401
4838,1.267860,0.2390
4839,1.266928,0.2375
4840,1.265459,0.2371
4841,1.265471,0.2408
4842,1.260703,0.2398
4843,1.260105,0.2398
4844,1.262725,0.2368
4845,1.263788,0.2381
4846,1.264934,0.2411
4847,1.265281,0.2399
4848,1.262926,0.2392
4849,1.262020,0.2376
4850,1.263460,0.2372
4851,1.269280,0.2406
4852,1.270587,0.2402
4853,1.271761,0.2390
4854,1.272898,0.2374
4855,1.270376,0.2376
4856,1.267036,0.2409
4857,1.264648,0.2399
4858,1.266360,0.2384
4859,1.270136,0.2373
4860,1.267538,0.2381
4861,1.270322,0.2405
4862,1.267733,0.2402
4863,1.270984,0.2390
4864,1.270616,0.2373
4865,1.270105,0.2372
4866,1.268549,0.2403
4867,1.268774,0.2393
4868,1.266180,0.2379
4869,1.268431,0.2366
4870,1.269235,0.2405
4871,1.266974,0.2399
4872,1.262131,0.2383
4873,1.257523,0.2376
4874,1.264153,0.2370
4875,1.266583,0.2399
4876,1.265136,0.2393
4877,1.266075,0.2380
4878,1.268875,0.2366
4879,1.270071,0.2399
4880,1.270621,0.2403
4881,1.267484,0.2398
4882,1.267500,0.2388
4883,1.267326,0.2364
4884,1.265949,0.2382
4885,1.264184,0.2401
4886,1.266520,0.2399
4887,1.263152,0.2389
4888,1.264987,0.2368
4889,1.263983,0.2383
4890,1.265496,0.2401
4891,1.268588,0.2400
4892,1.267496,0.2388
4893,1.266750,0.2373
4894,1.264392,0.2364
4895,1.267535,0.2399
4896,1.266467,0.2397
4897,1.267572,0.2388
4898,1.267462,0.2375
4899,1.264436,0.2361
4900,1.257450,0.2405
4901,1.260299,0.2396
4902,1.264651,0.2389
4903,1.265752,0.2368
4904,1.264024,0.2376
4905,1.266060,0.2404
4906,1.265949,0.2398
4907,1.265805,0.2391
4908,1.266980,0.2372
4909,1.265651,0.2381
4910,1.264713,0.2402
4911,1.264045,0.2401
4912,1.262284,0.2388
4913,1.256495,0.2374
4914,1.267440,0.2369
4915,1.271818,0.2401
4916,1.274121,0.2399
4917,1.275057,0.2387
4918,1.276413,0.2372
4919,1.275141,0.2377
4920,1.268167,0.2408
4921,1.272395,0.2404
4922,1.272802,0.2396
4923,1.272555,0.2389
4924,1.270390,0.2373
4925,1.268233,0.2379
4926,1.269331,0.2407
4927,1.269009,0.2405
4928,1.266742,0.2394
4929,1.267343,0.2377
4930,1.268119,0.2363
4931,1.270213,0.2402
4932,1.271573,0.2404
4933,1.271043,0.2390
4934,1.270013,0.2382
4935,1.268856,0.2364
4936,1.265398,0.2404
4937,1.258672,0.2405
4938,1.258625,0.2398
4939,1.260319,0.2389
4940,1.260764,0.2374
4941,1.257388,0.2373
4942,1.255435,0.2404
4943,1.257324,0.2396
4944,1.257212,0.2389
4945,1.261093,0.2381
4946,1.263289,0.2365
4947,1.259746,0.2407
4948,1.262346,0.2395
4949,1.265792,0.2394
4950,1.268009,0.2378
4951,1.271210,0.2363
4952,1.271233,0.2406
4953,1.270266,0.2394
4954,1.270855,0.2390
4955,1.270482,0.2373
4956,1.269838,0.2375
4957,1.271673,0.2403
4958,1.272562,0.2397
4959,1.269097,0.2390
4960,1.267649,0.2381
4961,1.265760,0.2364
4962,1.264748,0.2402
4963,1.262060,0.2397
4964,1.265772,0.2389
4965,1.269458,0.2376
4966,1.268315,0.2370
4967,1.268478,0.2403
4968,1.271880,0.2406
4969,1.272666,0.2391
4970,1.271970,0.2377
4971,1.269378,0.2362
4972,1.270074,0.2406
4973,1.270471,0.2404
4974,1.270180,0.2400
4975,1.267116,0.2387
4976,1.270522,0.2366
4977,1.269713,0.2389
4978,1.268838,0.2406
4979,1.271237,0.2398
4980,1.273340,0.2389
4981,1.274680,0.2371
4982,1.271629,0.2372
4983,1.267981,0.2404
4984,1.264313,0.2405
4985,1.268780,0.2391
4986,1.269258,0.2377
4987,1.272246,0.2365
4988,1.274593,0.2408
4989,1.276859,0.2404
4990,1.279503,0.2392
4991,1.278704,0.2377
4992,1.274387,0.2364
4993,1.275393,0.2403
4994,1.272400,0.2401
4995,1.273049,0.2396
4996,1.270460,0.2378
4997,1.276041,0.2363
4998,1.278236,0.2405
4999,1.276264,0.2404
5000,1.272575,0.2397
5001,1.272757,0.2391
5002,1.273096,0.2373
5003,1.271784,0.2381
5004,1.267707,0.2410
5005,1.268532,0.2408
5006,1.264564,0.2390
5007,1.267357,0.2377
5008,1.265146,0.2362
5009,1.270164,0.2404
5010,1.270427,0.2405
5011,1.267755,0.2394
5012,1.270023,0.2376
5013,1.270526,0.2364
5014,1.270976,0.2406
5015,1.273329,0.2396
5016,1.273657,0.2390
5017,1.271683,0.2371
5018,1.272084,0.2378
5019,1.274011,0.2406
5020,1.270839,0.2399
5021,1.267812,0.2389
5022,1.264945,0.2375
5023,1.261050,0.2372
5024,1.263651,0.2404
5025,1.263931,0.2396
5026,1.262081,0.2389
5027,1.259532,0.2380
5028,1.264774,0.2364
5029,1.264019,0.2405
5030,1.264766,0.2404
5031,1.261307,0.2392
5032,1.266852,0.2384
5033,1.268530,0.2371
5034,1.268841,0.2392
5035,1.270541,0.2403
5036,1.270859,0.2398
5037,1.270143,0.2390
5038,1.268619,0.2373
5039,1.265965,0.2376
5040,1.267040,0.2407
5041,1.266261,0.2408
5042,1.264614,0.2387
5043,1.264778,0.2376
5044,1.262199,0.2367
5045,1.263623,0.2405
5046,1.266687,0.2410
5047,1.267852,0.2389
5048,1.265678,0.2379
5049,1.260034,0.2367
5050,1.263196,0.2404
5051,1.263732,0.2396
5052,1.262438,0.2393
5053,1.263756,0.2377
5054,1.264731,0.2364
5055,1.266162,0.2407
5056,1.264225,0.2395
5057,1.261272,0.2397
5058,1.260763,0.2373
5059,1.262680,0.2369
5060,1.262879,0.2405
5061,1.260541,0.2395
5062,1.255732,0.2396
5063,1.258625,0.2379
5064,1.258901,0.2373
5065,1.257826,0.2402
5066,1.261867,0.2405
5067,1.264518,0.2394
5068,1.264950,0.2386
5069,1.263416,0.2377
5070,1.263372,0.2378
5071,1.264817,0.2409
5072,1.268591,0.2398
5073,1.267889,0.2389
5074,1.267192,0.2375
5075,1.268072,0.2374
5076,1.268165,0.2402
5077,1.267895,0.2405
5078,1.265421,0.2388
5079,1.267106,0.2373
5080,1.264966,0.2368
5081,1.261506,0.2403
5082,1.256040,0.2399
5083,1.254414,0.2387
5084,1.250490,0.2374
5085,1.253240,0.2375
5086,1.255870,0.2405
5087,1.257204,0.2396
5088,1.257738,0.2387
5089,1.260376,0.2373
5090,1.262198,0.2380
5091,1.261474,0.2404
5092,1.258498,0.2397
5093,1.259643,0.2382
5094,1.255724,0.2363
5095,1.256127,0.2398
5096,1.259519,0.2399
5097,1.257632,0.2388
5098,1.256261,0.2376
5099,1.255168,0.2365
5100,1.252496,0.2406
5101,1.249408,0.2412
5102,1.246466,0.2402
5103,1.253753,0.2397
5104,1.256126,0.2375
5105,1.258119,0.2366
5106,1.257127,0.2403
5107,1.250779,0.2388
5108,1.258051,0.2374
5109,1.262067,0.2364
5110,1.263473,0.2397
5111,1.264965,0.2395
5112,1.266448,0.2386
5113,1.265813,0.2362
5114,1.265018,0.2395
5115,1.266260,0.2402
5116,1.264984,0.2392
5117,1.263699,0.2377
5118,1.260190,0.2360
5119,1.259271,0.2404
5120,1.256561,0.2399
5121,1.250849,0.2381
5122,1.247851,0.2364
5123,1.245259,0.2396
5124,1.245982,0.2395
5125,1.249378,0.2397
5126,1.249748,0.2376
5127,1.249263,0.2369
5128,1.244916,0.2403
5129,1.246429,0.2402
5130,1.249104,0.2394
5131,1.250702,0.2380
5132,1.252871,0.2363
5133,1.251416,0.2405
5134,1.246148,0.2407
5135,1.248089,0.2392
5136,1.251702,0.2378
5137,1.253317,0.2366
5138,1.254957,0.2398
5139,1.255483,0.2396
5140,1.252721,0.2387
5141,1.251486,0.2373
5142,1.249531,0.2375
5143,1.249913,0.2404
5144,1.249057,0.2396
5145,1.245095,0.2380
5146,1.245023,0.2362
5147,1.250341,0.2407
5148,1.253724,0.2410
5149,1.254997,0.2398
5150,1.252158,0.2390
5151,1.251891,0.2375
5152,1.251186,0.2372
5153,1.251423,0.2404
5154,1.255320,0.2394
5155,1.253842,0.2381
5156,1.256517,0.2372
5157,1.254655,0.2402
5158,1.255087,0.2400
5159,1.254733,0.2405
5160,1.254244,0.2381
5161,1.251866,0.2373
5162,1.253916,0.2387
5163,1.254768,0.2412
5164,1.253534,0.2404
5165,1.250411,0.2393
5166,1.250902,0.2380
5167,1.248810,0.2370
5168,1.244293,0.2386
5169,1.242716,0.2397
5170,1.242618,0.2386
5171,1.247548,0.2372
5172,1.247614,0.2370
5173,1.247880,0.2406
5174,1.247302,0.2401
5175,1.252316,0.2388
5176,1.256688,0.2376
5177,1.258742,0.2378
5178,1.258717,0.2405
5179,1.257979,0.2406
5180,1.255707,0.2391
5181,1.252332,0.2380
5182,1.245440,0.2370
5183,1.245484,0.2397
5184,1.244748,0.2404
5185,1.251293,0.2396
5186,1.254327,0.2377
5187,1.253911,0.2372
5188,1.253392,0.2396
5189,1.256350,0.2406
5190,1.256703,0.2396
5191,1.253851,0.2389
5192,1.250242,0.2374
5193,1.249798,0.2380
5194,1.248724,0.2408
5195,1.248632,0.2406
5196,1.244978,0.2391
5197,1.250403,0.2378
5198,1.250858,0.2367
5199,1.251480,0.2404
5200,1.251891,0.2406
5201,1.246563,0.2393
5202,1.247394,0.2374
5203,1.248118,0.2367
5204,1.251115,0.2405
5205,1.254225,0.2403
5206,1.254321,0.2395
5207,1.251878,0.2379
5208,1.250304,0.2372
5209,1.249874,0.2403
5210,1.249044,0.2406
5211,1.248220,0.2397
5212,1.246752,0.2389
5213,1.249208,0.2379
5214,1.247384,0.2368
5215,1.245039,0.2405
5216,1.243065,0.2407
5217,1.244887,0.2387
5218,1.250365,0.2379
5219,1.250975,0.2366
5220,1.247755,0.2405
5221,1.241080,0.2402
5222,1.245884,0.2401
5223,1.249832,0.2389
5224,1.252505,0.2367
5225,1.252641,0.2388
5226,1.254122,0.2405
5227,1.255102,0.2403
5228,1.253615,0.2390
5229,1.253118,0.2379
5230,1.253331,0.2369
5231,1.253643,0.2407
5232,1.253918,0.2403
5233,1.249737,0.2397
5234,1.246536,0.2387
5235,1.244722,0.2373
5236,1.247911,0.2378
5237,1.249988,0.2408
5238,1.248203,0.2399
5239,1.247845,0.2388
5240,1.247724,0.2374
5241,1.246253,0.2372
5242,1.243243,0.2408
5243,1.242795,0.2405
5244,1.237291,0.2398
5245,1.241668,0.2390
5246,1.248378,0.2372
5247,1.248768,0.2383
5248,1.248412,0.2409
5249,1.249533,0.2403
5250,1.248012,0.2391
5251,1.245855,0.2377
5252,1.248978,0.2367
5253,1.249537,0.2408
5254,1.247191,0.2401
5255,1.245254,0.2396
5256,1.245095,0.2387
5257,1.246159,0.2367
5258,1.243430,0.2394
5259,1.243610,0.2403
5260,1.248827,0.2405
5261,1.249166,0.2394
5262,1.249162,0.2381
5263,1.247661,0.2367
5264,1.243608,0.2404
5265,1.241475,0.2406
5266,1.243463,0.2399
5267,1.240951,0.2386
5268,1.235330,0.2372
5269,1.241856,0.2380
5270,1.242563,0.2406
5271,1.242330,0.2402
5272,1.240633,0.2397
5273,1.243850,0.2391
5274,1.242960,0.2371
5275,1.242113,0.2378
5276,1.243316,0.2406
5277,1.242437,0.2408
5278,1.238126,0.2397
5279,1.242215,0.2381
5280,1.242895,0.2368
5281,1.246947,0.2402
5282,1.249439,0.2404
5283,1.250937,0.2408
5284,1.252405,0.2397
5285,1.250232,0.2382
5286,1.249487,0.2376
5287,1.247591,0.2385
5288,1.250912,0.2407
5289,1.250159,0.2404
5290,1.250708,0.2401
5291,1.251580,0.2389
5292,1.250543,0.2373
5293,1.251448,0.2390
5294,1.249776,0.2407
5295,1.247527,0.2409
5296,1.244976,0.2397
5297,1.247310,0.2395
5298,1.245038,0.2364
5299,1.248205,0.2392
5300,1.248673,0.2409
5301,1.248369,0.2409
5302,1.247360,0.2402
5303,1.244922,0.2388
5304,1.244078,0.2380
5305,1.244898,0.2381
5306,1.244401,0.2409
5307,1.242094,0.2412
5308,1.237109,0.2399
5309,1.238075,0.2391
5310,1.241608,0.2376
5311,1.244823,0.2379
5312,1.245678,0.2414
5313,1.245738,0.2410
5314,1.242192,0.2409
5315,1.241953,0.2398
5316,1.245977,0.2386
5317,1.248718,0.2374
5318,1.249281,0.2388
5319,1.250139,0.2414
5320,1.246289,0.2409
5321,1.248945,0.2409
5322,1.249996,0.2396
5323,1.250486,0.2381
5324,1.249697,0.2373
5325,1.249723,0.2400
5326,1.248345,0.2413
5327,1.247925,0.2410
5328,1.248967,0.2401
5329,1.245526,0.2394
5330,1.244271,0.2381
5331,1.243326,0.2372
5332,1.241446,0.2411
5333,1.242178,0.2412
5334,1.244200,0.2406
5335,1.242811,0.2398
5336,1.241869,0.2384
5337,1.240170,0.2372
5338,1.236638,0.2400
5339,1.237629,0.2409
5340,1.235501,0.2411
5341,1.239624,0.2398
5342,1.242319,0.2390
5343,1.245061,0.2377
5344,1.244295,0.2376
5345,1.242171,0.2411
5346,1.243388,0.2416
5347,1.243569,0.2412
5348,1.240324,0.2394
5349,1.239503,0.2389
5350,1.238854,0.2367
5351,1.242870,0.2399
5352,1.242715,0.2407
5353,1.245575,0.2404
5354,1.247079,0.2397
5355,1.246314,0.2378
5356,1.246112,0.2378
5357,1.244187,0.2401
5358,1.241786,0.2408
5359,1.234835,0.2413
5360,1.235654,0.2399
5361,1.243691,0.2391
5362,1.247549,0.2375
5363,1.248907,0.2385
5364,1.250971,0.2421
5365,1.251357,0.2409
5366,1.251701,0.2404
5367,1.253549,0.2399
5368,1.251925,0.2384
5369,1.250633,0.2374
5370,1.247986,0.2407
5371,1.246154,0.2406
5372,1.247313,0.2414
5373,1.248019,0.2395
5374,1.243343,0.2379
5375,1.245827,0.2370
5376,1.244981,0.2406
5377,1.242863,0.2406
5378,1.241915,0.2389
5379,1.240382,0.2380
5380,1.238811,0.2367
5381,1.237924,0.2411
5382,1.233516,0.2404
5383,1.233083,0.2392
5384,1.228368,0.2370
5385,1.232136,0.2381
5386,1.234411,0.2411
5387,1.237708,0.2398
5388,1.235770,0.2391
5389,1.237554,0.2379
5390,1.236626,0.2389
5391,1.237499,0.2411
5392,1.236160,0.2412
5393,1.233717,0.2398
5394,1.236714,0.2382
5395,1.236446,0.2374
5396,1.233512,0.2409
5397,1.238105,0.2413
5398,1.240302,0.2403
5399,1.237496,0.2396
5400,1.242044,0.2379
5401,1.244623,0.2376
5402,1.244812,0.2398
5403,1.246707,0.2407
5404,1.247800,0.2400
5405,1.246535,0.2402
5406,1.247117,0.2378
5407,1.246071,0.2375
5408,1.239105,0.2406
5409,1.241404,0.2409
5410,1.243290,0.2417
5411,1.242693,0.2405
5412,1.247194,0.2392
5413,1.248998,0.2382
5414,1.248592,0.2375
5415,1.251196,0.2410
5416,1.251635,0.2415
5417,1.250918,0.2397
5418,1.250290,0.2391
5419,1.247635,0.2377
5420,1.244667,0.2388
5421,1.246317,0.2410
5422,1.247826,0.2416
5423,1.247729,0.2393
5424,1.244861,0.2389
5425,1.247606,0.2373
5426,1.246624,0.2405
5427,1.243371,0.2412
5428,1.239083,0.2401
5429,1.237269,0.2393
5430,1.236219,0.2383
5431,1.240042,0.2384
5432,1.240999,0.2419
5433,1.241144,0.2412
5434,1.239765,0.2406
5435,1.241198,0.2400
5436,1.244789,0.2377
5437,1.246195,0.2374
5438,1.246964,0.2413
5439,1.245428,0.2413
5440,1.242644,0.2413
5441,1.244854,0.2401
5442,1.243659,0.2388
5443,1.240383,0.2382
5444,1.238567,0.2372
5445,1.238327,0.2407
5446,1.236274,0.2411
5447,1.244528,0.2391
5448,1.246646,0.2382
5449,1.251084,0.2372
5450,1.252233,0.2412
5451,1.254446,0.2420
5452,1.254545,0.2407
5453,1.254308,0.2407
5454,1.252221,0.2397
5455,1.256118,0.2381
5456,1.254531,0.2375
5457,1.254233,0.2403
5458,1.256124,0.2415
5459,1.256983,0.2413
5460,1.255372,0.2410
5461,1.256370,0.2399
5462,1.257162,0.2387
5463,1.258668,0.2375
5464,1.256384,0.2398
5465,1.251874,0.2414
5466,1.247164,0.2410
5467,1.246750,0.2410
5468,1.253202,0.2396
5469,1.255498,0.2383
5470,1.257135,0.2374
5471,1.254263,0.2399
5472,1.254800,0.2406
5473,1.256580,0.2410
5474,1.257725,0.2400
5475,1.256946,0.2389
5476,1.252976,0.2374
5477,1.252125,0.2405
5478,1.248531,0.2402
5479,1.246176,0.2413
5480,1.243676,0.2410
5481,1.254425,0.2404
5482,1.255047,0.2393
5483,1.258472,0.2382
5484,1.260612,0.2366
5485,1.254247,0.2414
5486,1.252185,0.2411
5487,1.249757,0.2408
5488,1.256915,0.2400
5489,1.258049,0.2383
5490,1.256159,0.2377
5491,1.257225,0.2395
5492,1.260829,0.2411
5493,1.261675,0.2417
5494,1.261710,0.2409
5495,1.261304,0.2397
5496,1.257665,0.2382
5497,1.255050,0.2372
5498,1.250535,0.2404
5499,1.250480,0.2410
5500,1.249392,0.2417
5501,1.249732,0.2411
5502,1.249510,0.2402
5503,1.250742,0.2394
5504,1.250803,0.2382
5505,1.251530,0.2377
5506,1.256322,0.2402
5507,1.256967,0.2408
5508,1.256416,0.2404
5509,1.255321,0.2392
5510,1.254959,0.2381
5511,1.252436,0.2373
5512,1.253802,0.2415
5513,1.253982,0.2413
5514,1.254443,0.2410
5515,1.254662,0.2398
5516,1.253484,0.2393
5517,1.251347,0.2386
5518,1.250161,0.2377
5519,1.248691,0.2403
5520,1.252833,0.2409
5521,1.252470,0.2412
5522,1.251675,0.2401
5523,1.249502,0.2394
5524,1.247860,0.2384
5525,1.241524,0.2377
5526,1.247625,0.2411
5527,1.248428,0.2415
5528,1.249172,0.2411
5529,1.246300,0.2411
5530,1.246091,0.2398
5531,1.245878,0.2394
5532,1.248225,0.2385
5533,1.246784,0.2380
5534,1.250176,0.2414
5535,1.249682,0.2413
5536,1.249437,0.2408
5537,1.251096,0.2395
5538,1.256340,0.2394
5539,1.257686,0.2371
5540,1.256165,0.2388
5541,1.254314,0.2411
5542,1.254199,0.2409
5543,1.253920,0.2400
5544,1.253012,0.2388
5545,1.252617,0.2379
5546,1.249055,0.2375
5547,1.252169,0.2417
5548,1.250212,0.2412
5549,1.249571,0.2410
5550,1.249812,0.2398
5551,1.249714,0.2387
5552,1.245142,0.2370
5553,1.246458,0.2398
5554,1.246725,0.2416
5555,1.242434,0.2408
5556,1.240640,0.2400
5557,1.241959,0.2389
5558,1.240991,0.2378
5559,1.241746,0.2376
5560,1.244096,0.2418
5561,1.244530,0.2417
5562,1.240445,0.2414
5563,1.242222,0.2404
5564,1.244551,0.2391
5565,1.246926,0.2378
5566,1.245972,0.2380
5567,1.239916,0.2414
5568,1.247671,0.2414
5569,1.250885,0.2409
5570,1.250202,0.2401
5571,1.251011,0.2390
5572,1.247500,0.2379
5573,1.251655,0.2383
5574,1.253518,0.2416
5575,1.250624,0.2415
5576,1.251003,0.2411
5577,1.254613,0.2401
5578,1.254865,0.2392
5579,1.252727,0.2385
5580,1.251677,0.2381
5581,1.246393,0.2418
5582,1.248224,0.2409
5583,1.248130,0.2409
5584,1.247648,0.2400
5585,1.245579,0.2397
5586,1.239791,0.2380
5587,1.239566,0.2390
5588,1.244266,0.2406
5589,1.245424,0.2412
5590,1.243936,0.2409
5591,1.244126,0.2401
5592,1.242720,0.2390
5593,1.244209,0.2376
5594,1.244232,0.2391
5595,1.242590,0.2408
5596,1.241105,0.2416
5597,1.240968,0.2410
5598,1.240733,0.2400
5599,1.239470,0.2392
5600,1.236784,0.2375
5601,1.234849,0.2379
5602,1.229979,0.2415
5603,1.228511,0.2413
5604,1.233578,0.2410
5605,1.234133,0.2396
5606,1.238242,0.2380
5607,1.238777,0.2374
5608,1.238835,0.2396
5609,1.241611,0.2412
5610,1.241943,0.2411
5611,1.241224,0.2402
5612,1.241955,0.2390
5613,1.242441,0.2379
5614,1.241726,0.2379
5615,1.239426,0.2422
5616,1.236041,0.2420
5617,1.230261,0.2409
5618,1.228130,0.2409
5619,1.230098,0.2398
5620,1.232201,0.2393
5621,1.232749,0.2391
5622,1.231822,0.2381
5623,1.229674,0.2418
5624,1.225223,0.2417
5625,1.222197,0.2410
5626,1.226585,0.2404
5627,1.226868,0.2395
5628,1.225305,0.2382
5629,1.226777,0.2375
5630,1.227447,0.2412
5631,1.230758,0.2422
5632,1.230854,0.2417
5633,1.229863,0.2421
5634,1.225783,0.2424
5635,1.225938,0.2415
5636,1.228122,0.2405
5637,1.226825,0.2392
5638,1.224612,0.2389
5639,1.221283,0.2393
5640,1.221591,0.2403
5641,1.222641,0.2423
5642,1.221795,0.2427
5643,1.216792,0.2425
5644,1.218120,0.2423
5645,1.219259,0.2422
5646,1.220278,0.2418
5647,1.224312,0.2416
5648,1.225218,0.2403
5649,1.225150,0.2398
5650,1.225523,0.2392
5651,1.224303,0.2385
5652,1.222623,0.2421
5653,1.223194,0.2430
5654,1.223400,0.2429
5655,1.224400,0.2433
5656,1.223960,0.2430
5657,1.223567,0.2431
5658,1.220332,0.2431
5659,1.220387,0.2433
5660,1.220431,0.2432
5661,1.218910,0.2426
5662,1.217361,0.2431
5663,1.216328,0.2429
5664,1.220583,0.2424
5665,1.221865,0.2430
5666,1.221881,0.2414
5667,1.221038,0.2403
5668,1.222669,0.2399
5669,1.224644,0.2391
5670,1.223304,0.2396
5671,1.223895,0.2427
5672,1.224920,0.2434
5673,1.224746,0.2434
5674,1.225005,0.2424
5675,1.223328,0.2438
5676,1.221159,0.2429
5677,1.216008,0.2427
5678,1.218874,0.2434
5679,1.217470,0.2425
5680,1.217178,0.2430
5681,1.219666,0.2431
5682,1.222430,0.2425
5683,1.222524,0.2429
5684,1.220945,0.2424
5685,1.220089,0.2430
5686,1.216784,0.2425
5687,1.214620,0.2429
5688,1.214814,0.2431
5689,1.215829,0.2421
5690,1.218569,0.2416
5691,1.219957,0.2417
5692,1.221491,0.2406
5693,1.220337,0.2393
5694,1.219046,0.2384
5695,1.217623,0.2417
5696,1.215389,0.2428
5697,1.215639,0.2431
5698,1.217201,0.2439
5699,1.217155,0.2430
5700,1.214569,0.2429
5701,1.217754,0.2424
5702,1.216753,0.2410
5703,1.217627,0.2432
5704,1.217406,0.2427
5705,1.214650,0.2439
5706,1.217266,0.2427
5707,1.215442,0.2426
5708,1.216422,0.2435
5709,1.219845,0.2427
5710,1.222251,0.2435
5711,1.221612,0.2426
5712,1.220189,0.2429
5713,1.222211,0.2429
5714,1.222731,0.2437
5715,1.219467,0.2432
5716,1.218602,0.2442
5717,1.216487,0.2431
5718,1.214329,0.2434
5719,1.215239,0.2433
5720,1.218057,0.2436
5721,1.218005,0.2431
5722,1.218363,0.2428
5723,1.217288,0.2446
5724,1.219040,0.2426
5725,1.218383,0.2431
5726,1.220182,0.2431
5727,1.217740,0.2430
5728,1.217812,0.2427
5729,1.218952,0.2422
5730,1.216886,0.2428
5731,1.216934,0.2431
5732,1.217897,0.2436
5733,1.222188,0.2425
5734,1.222142,0.2421
5735,1.219073,0.2431
5736,1.217062,0.2431
5737,1.213380,0.2431
5738,1.215954,0.2432
5739,1.217830,0.2427
5740,1.219436,0.2434
5741,1.218730,0.2418
5742,1.218520,0.2429
5743,1.219651,0.2428
5744,1.216624,0.2432
5745,1.218023,0.2430
5746,1.221315,0.2430
5747,1.222610,0.2432
5748,1.221992,0.2427
5749,1.218894,0.2432
5750,1.215016,0.2432
5751,1.214089,0.2431
5752,1.210761,0.2429
5753,1.216712,0.2433
5754,1.218183,0.2432
5755,1.218690,0.2427
5756,1.218662,0.2420
5757,1.219243,0.2430
5758,1.220383,0.2435
5759,1.216190,0.2439
5760,1.218056,0.2429
5761,1.218709,0.2433
5762,1.218518,0.2426
5763,1.218409,0.2424
5764,1.215605,0.2429
5765,1.214582,0.2424
5766,1.212252,0.2430
5767,1.215530,0.2429
5768,1.216974,0.2423
5769,1.218106,0.2429
5770,1.215324,0.2433
5771,1.214382,0.2432
5772,1.215607,0.2432
5773,1.215392,0.2428
5774,1.213990,0.2430
5775,1.211731,0.2427
5776,1.208334,0.2428
5777,1.211497,0.2433
5778,1.214454,0.2428
5779,1.215228,0.2423
5780,1.216742,0.2429
5781,1.216527,0.2435
5782,1.215886,0.2429
5783,1.219923,0.2431
5784,1.221336,0.2421
5785,1.219636,0.2432
5786,1.218223,0.2425
5787,1.217550,0.2430
5788,1.217911,0.2423
5789,1.217189,0.2436
5790,1.218605,0.2428
5791,1.215620,0.2424
5792,1.219328,0.2427
5793,1.219333,0.2421
5794,1.221480,0.2433
5795,1.221640,0.2423
5796,1.222993,0.2428
5797,1.223233,0.2436
5798,1.223385,0.2432
5799,1.222686,0.2421
5800,1.221590,0.2431
5801,1.217053,0.2428
5802,1.218895,0.2425
5803,1.218446,0.2430
5804,1.215219,0.2428
5805,1.215043,0.2434
5806,1.214731,0.2423
5807,1.211922,0.2431
5808,1.206816,0.2421
5809,1.211347,0.2437
5810,1.211488,0.2423
5811,1.213707,0.2425
5812,1.212399,0.2425
5813,1.208279,0.2432
5814,1.211452,0.2429
5815,1.214879,0.2425
5816,1.214418,0.2436
5817,1.210350,0.2419
5818,1.212344,0.2437
5819,1.213959,0.2428
5820,1.215268,0.2422
5821,1.218646,0.2439
5822,1.219773,0.2421
5823,1.220888,0.2436
5824,1.219218,0.2429
5825,1.218689,0.2433
5826,1.216082,0.2419
5827,1.212030,0.2432
5828,1.211688,0.2424
5829,1.212035,0.2429
5830,1.211449,0.2432
5831,1.211626,0.2424
5832,1.213509,0.2424
5833,1.214345,0.2434
5834,1.209404,0.2428
5835,1.209192,0.2428
5836,1.213615,0.2425
5837,1.213345,0.2432
5838,1.214169,0.2432
5839,1.215189,0.2422
5840,1.217325,0.2432
5841,1.217236,0.2429
5842,1.213039,0.2432
5843,1.211276,0.2419
5844,1.211857,0.2428
5845,1.211869,0.2431
5846,1.209148,0.2434
5847,1.208913,0.2417
5848,1.210776,0.2432
5849,1.212909,0.2424
5850,1.212536,0.2431
5851,1.210644,0.2425
5852,1.208453,0.2433
5853,1.203873,0.2426
5854,1.208515,0.2424
5855,1.209834,0.2436
5856,1.211280,0.2430
5857,1.211059,0.2430
5858,1.206103,0.2426
5859,1.208649,0.2426
5860,1.208434,0.2427
5861,1.207530,0.2436
5862,1.206082,0.2427
5863,1.208542,0.2425
5864,1.206689,0.2434
5865,1.207975,0.2425
5866,1.208543,0.2424
5867,1.208116,0.2426
5868,1.207434,0.2437
5869,1.206963,0.2426
5870,1.209851,0.2421
5871,1.209020,0.2434
5872,1.206830,0.2428
5873,1.207292,0.2433
5874,1.207722,0.2425
5875,1.210502,0.2430
5876,1.211562,0.2426
5877,1.208672,0.2427
5878,1.207708,0.2434
5879,1.211626,0.2426
5880,1.213193,0.2433
5881,1.211864,0.2429
5882,1.211954,0.2434
5883,1.209229,0.2425
5884,1.209774,0.2425
5885,1.209857,0.2436
5886,1.209304,0.2429
5887,1.206941,0.2424
5888,1.206502,0.2423
5889,1.209564,0.2433
5890,1.210086,0.2428
5891,1.210369,0.2433
5892,1.211457,0.2422
5893,1.210846,0.2431
5894,1.210346,0.2434
5895,1.209110,0.2423
5896,1.206151,0.2427
5897,1.208911,0.2432
5898,1.211819,0.2422
5899,1.212633,0.2431
5900,1.212917,0.2434
5901,1.213448,0.2427
5902,1.214651,0.2430
5903,1.215972,0.2422
5904,1.215654,0.2429
5905,1.213862,0.2436
5906,1.214667,0.2431
5907,1.212180,0.2424
5908,1.212711,0.2430
5909,1.212675,0.2423
5910,1.210944,0.2427
5911,1.212158,0.2434
5912,1.213673,0.2429
5913,1.213060,0.2430
5914,1.212587,0.2427
5915,1.212504,0.2429
5916,1.212848,0.2430
5917,1.211855,0.2428
5918,1.212655,0.2433
5919,1.212403,0.2438
5920,1.211795,0.2426
5921,1.210213,0.2427
5922,1.209754,0.2434
5923,1.210755,0.2425
5924,1.210492,0.2428
5925,1.211260,0.2432
5926,1.211543,0.2427
5927,1.208355,0.2428
5928,1.210375,0.2436
5929,1.212701,0.2433
5930,1.213114,0.2425
5931,1.214568,0.2429
5932,1.214228,0.2435
5933,1.212971,0.2433
5934,1.211010,0.2432
5935,1.212174,0.2435
5936,1.212448,0.2432
5937,1.210177,0.2423
5938,1.208834,0.2432
5939,1.209015,0.2424
5940,1.210508,0.2440
5941,1.208130,0.2431
5942,1.208346,0.2432
5943,1.210557,0.2427
5944,1.208870,0.2435
5945,1.207371,0.2434
5946,1.209937,0.2430
5947,1.208069,0.2430
5948,1.206915,0.2438
5949,1.206295,0.2431
5950,1.205184,0.2428
5951,1.206970,0.2429
5952,1.205125,0.2426
5953,1.205746,0.2436
5954,1.204954,0.2439
5955,1.205742,0.2425
5956,1.208185,0.2433
5957,1.208734,0.2435
5958,1.207459,0.2430
5959,1.205019,0.2425
5960,1.206470,0.2445
5961,1.207817,0.2425
5962,1.210335,0.2436
5963,1.210478,0.2433
5964,1.206860,0.2440
5965,1.208567,0.2427
5966,1.208166,0.2423
5967,1.205888,0.2438
5968,1.210675,0.2433
5969,1.212341,0.2423
5970,1.212076,0.2435
5971,1.212414,0.2431
5972,1.209627,0.2429
5973,1.211300,0.2439
5974,1.210557,0.2430
5975,1.211980,0.2436
5976,1.213248,0.2422
5977,1.211767,0.2438
5978,1.209207,0.2430
5979,1.208587,0.2430
5980,1.211927,0.2445
5981,1.212819,0.2428
5982,1.212654,0.2431
5983,1.211505,0.2437
5984,1.215080,0.2426
5985,1.214113,0.2441
5986,1.215712,0.2432
5987,1.214467,0.2432
5988,1.213226,0.2425
5989,1.214106,0.2428
5990,1.216332,0.2433
5991,1.217332,0.2437
5992,1.215086,0.2435
5993,1.214147,0.2434
5994,1.213607,0.2424
5995,1.210522,0.2435
5996,1.206261,0.2431
5997,1.210079,0.2429
5998,1.211426,0.2430
5999,1.210901,0.2432
6000,1.212857,0.2433
