epoch,loss,tiempo_s
1,5.242344,0.2458
2,4.343277,0.0061
3,3.991969,0.0059
4,3.766907,0.0079
5,3.603123,0.0090
6,3.480941,0.0077
7,3.378412,0.0092
8,3.289866,0.0092
9,3.213781,0.0095
10,3.145267,0.0097
11,3.086866,0.0097
12,3.029602,0.0098
13,2.977872,0.0097
14,2.933399,0.0097
15,2.893510,0.0097
16,2.852566,0.0098
17,2.815225,0.0083
18,2.779912,0.0083
19,2.746373,0.0097
20,2.713379,0.0097
21,2.686620,0.0098
22,2.657838,0.0083
23,2.629873,0.0096
24,2.601907,0.0082
25,2.576828,0.0083
26,2.551829,0.0060
27,2.526613,0.0055
28,2.502053,0.0055
29,2.480104,0.0055
30,2.459738,0.0083
31,2.436698,0.0099
32,2.416562,0.0094
33,2.396807,0.0065
34,2.378921,0.0092
35,2.363206,0.0094
36,2.345339,0.0095
37,2.327814,0.0095
38,2.310573,0.0082
39,2.292165,0.0082
40,2.278152,0.0083
41,2.262601,0.0096
42,2.245270,0.0082
43,2.231528,0.0096
44,2.217221,0.0082
45,2.206751,0.0096
46,2.193456,0.0076
47,2.179475,0.0056
48,2.166451,0.0060
49,2.154144,0.0060
50,2.141637,0.0093
51,2.130583,0.0095
52,2.119307,0.0094
53,2.106997,0.0095
54,2.093500,0.0082
55,2.083114,0.0096
56,2.073170,0.0097
57,2.062731,0.0097
58,2.051484,0.0097
59,2.040488,0.0098
60,2.029677,0.0097
61,2.020729,0.0097
62,2.009841,0.0097
63,1.999838,0.0074
64,1.988842,0.0056
65,1.980431,0.0055
66,1.969358,0.0056
67,1.960447,0.0060
68,1.951340,0.0113
69,1.942509,0.0093
70,1.932819,0.0081
71,1.923683,0.0094
72,1.914981,0.0094
73,1.905236,0.0082
74,1.896237,0.0082
75,1.887884,0.0096
76,1.880420,0.0082
77,1.872071,0.0095
78,1.864192,0.0096
79,1.856379,0.0095
80,1.850340,0.0082
81,1.843471,0.0096
82,1.835541,0.0096
83,1.829979,0.0096
84,1.823630,0.0095
85,1.817601,0.0096
86,1.811595,0.0096
87,1.804027,0.0096
88,1.799690,0.0098
89,1.793331,0.0091
90,1.786889,0.0057
91,1.779797,0.0060
92,1.774704,0.0085
93,1.768351,0.0098
94,1.764770,0.0095
95,1.758738,0.0082
96,1.753728,0.0096
97,1.747210,0.0096
98,1.740708,0.0096
99,1.735708,0.0062
100,1.730251,0.0055
101,1.725689,0.0055
102,1.720379,0.0061
103,1.715926,0.0112
104,1.712106,0.0081
105,1.706885,0.0081
106,1.700547,0.0081
107,1.696491,0.0081
108,1.691422,0.0095
109,1.686753,0.0095
110,1.683444,0.0095
111,1.679304,0.0096
112,1.674655,0.0096
113,1.669452,0.0096
114,1.665807,0.0097
115,1.662580,0.0097
116,1.658954,0.0096
117,1.655676,0.0097
118,1.650554,0.0097
119,1.645948,0.0097
120,1.640771,0.0097
121,1.638709,0.0082
122,1.636224,0.0097
123,1.633085,0.0097
124,1.628188,0.0097
125,1.622860,0.0097
126,1.618971,0.0096
127,1.614979,0.0097
128,1.611300,0.0097
129,1.607517,0.0096
130,1.604183,0.0083
131,1.600433,0.0083
132,1.596025,0.0061
133,1.592347,0.0055
134,1.591439,0.0055
135,1.587851,0.0081
136,1.583721,0.0057
137,1.580689,0.0060
138,1.576636,0.0073
139,1.573362,0.0093
140,1.568646,0.0094
141,1.563717,0.0094
142,1.558546,0.0082
143,1.552724,0.0096
144,1.548005,0.0082
145,1.545062,0.0096
146,1.540430,0.0082
147,1.536171,0.0082
148,1.532305,0.0095
149,1.529910,0.0096
150,1.526053,0.0097
151,1.524080,0.0096
152,1.522195,0.0083
153,1.519546,0.0096
154,1.516927,0.0096
155,1.512882,0.0097
156,1.510812,0.0082
157,1.507563,0.0082
158,1.503785,0.0096
159,1.499809,0.0097
160,1.496485,0.0096
161,1.493174,0.0096
162,1.491459,0.0096
163,1.490539,0.0097
164,1.489141,0.0083
165,1.486961,0.0083
166,1.483521,0.0083
167,1.480520,0.0096
168,1.478708,0.0072
169,1.477281,0.0059
170,1.475029,0.0056
171,1.472832,0.0056
172,1.470574,0.0062
173,1.467767,0.0113
174,1.464471,0.0095
175,1.461426,0.0081
176,1.457235,0.0081
177,1.455136,0.0096
178,1.451767,0.0082
179,1.448517,0.0067
180,1.447366,0.0079
181,1.443714,0.0089
182,1.442108,0.0058
183,1.440817,0.0060
184,1.439196,0.0086
185,1.437517,0.0098
186,1.435402,0.0095
187,1.432707,0.0095
188,1.434106,0.0082
189,1.434747,0.0096
190,1.433714,0.0096
191,1.433514,0.0097
192,1.433441,0.0098
193,1.430603,0.0097
194,1.427977,0.0083
195,1.424350,0.0083
196,1.422090,0.0096
197,1.418837,0.0096
198,1.415954,0.0096
199,1.412575,0.0096
200,1.408239,0.0097
201,1.405571,0.0097
202,1.402427,0.0097
203,1.398871,0.0097
204,1.395739,0.0099
205,1.395081,0.0061
206,1.393106,0.0057
207,1.389972,0.0056
208,1.386955,0.0056
209,1.383669,0.0062
210,1.380469,0.0113
211,1.378766,0.0094
212,1.375272,0.0082
213,1.372304,0.0095
214,1.370278,0.0095
215,1.366917,0.0096
216,1.364093,0.0095
217,1.360899,0.0097
218,1.359084,0.0097
219,1.358416,0.0098
220,1.357015,0.0097
221,1.357306,0.0097
222,1.357033,0.0098
223,1.354061,0.0090
224,1.352525,0.0059
225,1.351965,0.0060
226,1.352687,0.0085
227,1.351158,0.0098
228,1.349952,0.0095
229,1.349808,0.0096
230,1.348746,0.0083
231,1.347726,0.0096
232,1.346100,0.0083
233,1.344320,0.0097
234,1.344126,0.0097
235,1.344804,0.0097
236,1.343256,0.0083
237,1.340865,0.0097
238,1.336763,0.0097
239,1.333589,0.0097
240,1.330110,0.0075
241,1.328954,0.0057
242,1.326625,0.0056
243,1.323103,0.0059
244,1.320408,0.0061
245,1.317159,0.0097
246,1.312922,0.0094
247,1.309798,0.0095
248,1.308216,0.0095
249,1.307288,0.0096
250,1.307370,0.0096
251,1.308123,0.0096
252,1.307287,0.0097
253,1.305005,0.0097
254,1.303578,0.0098
255,1.300546,0.0097
256,1.297328,0.0098
257,1.294068,0.0098
258,1.291215,0.0098
259,1.289219,0.0098
260,1.288200,0.0098
261,1.288248,0.0098
262,1.287996,0.0098
263,1.287178,0.0083
264,1.285584,0.0096
265,1.283596,0.0090
266,1.280347,0.0058
267,1.280071,0.0061
268,1.281708,0.0086
269,1.282918,0.0098
270,1.282417,0.0095
271,1.279870,0.0097
272,1.276620,0.0096
273,1.273640,0.0097
274,1.269843,0.0087
275,1.268794,0.0059
276,1.267137,0.0057
277,1.265805,0.0060
278,1.265558,0.0061
279,1.264206,0.0113
280,1.261647,0.0095
281,1.259494,0.0095
282,1.256382,0.0082
283,1.253340,0.0096
284,1.251340,0.0083
285,1.251230,0.0097
286,1.249692,0.0097
287,1.249711,0.0097
288,1.249401,0.0098
289,1.249040,0.0098
290,1.250507,0.0084
291,1.249593,0.0098
292,1.249453,0.0099
293,1.248422,0.0099
294,1.247100,0.0099
295,1.246343,0.0099
296,1.243582,0.0097
297,1.240438,0.0084
298,1.237441,0.0084
299,1.237634,0.0084
300,1.236325,0.0097
301,1.234413,0.0097
302,1.233680,0.0097
303,1.233069,0.0098
304,1.232504,0.0098
305,1.232667,0.0098
306,1.233807,0.0084
307,1.234122,0.0087
308,1.233535,0.0060
309,1.232296,0.0057
310,1.230761,0.0060
311,1.229269,0.0061
312,1.228986,0.0080
313,1.229073,0.0061
314,1.226951,0.0085
315,1.224487,0.0094
316,1.223892,0.0081
317,1.223464,0.0094
318,1.222404,0.0097
319,1.220446,0.0096
320,1.217375,0.0098
321,1.214972,0.0098
322,1.213148,0.0097
323,1.212671,0.0098
324,1.213274,0.0098
325,1.214511,0.0097
326,1.215160,0.0098
327,1.213539,0.0099
328,1.216175,0.0098
329,1.219351,0.0098
330,1.219542,0.0098
331,1.219197,0.0097
332,1.218525,0.0097
333,1.215980,0.0097
334,1.214311,0.0099
335,1.211342,0.0085
336,1.208215,0.0099
337,1.204018,0.0099
338,1.201227,0.0098
339,1.199883,0.0099
340,1.199151,0.0085
341,1.199507,0.0088
342,1.199422,0.0060
343,1.198788,0.0057
344,1.197934,0.0057
345,1.193055,0.0064
346,1.190641,0.0114
347,1.188328,0.0095
348,1.188903,0.0095
349,1.191614,0.0095
350,1.192336,0.0096
351,1.190846,0.0096
352,1.190986,0.0091
353,1.193558,0.0059
354,1.194341,0.0062
355,1.195189,0.0086
356,1.194170,0.0099
357,1.195868,0.0096
358,1.199950,0.0097
359,1.205013,0.0097
360,1.208663,0.0097
361,1.209274,0.0097
362,1.209418,0.0097
363,1.209285,0.0098
364,1.211838,0.0098
365,1.214387,0.0098
366,1.214423,0.0098
367,1.213528,0.0098
368,1.212142,0.0098
369,1.207656,0.0098
370,1.200840,0.0098
371,1.197130,0.0098
372,1.192094,0.0098
373,1.186986,0.0098
374,1.185256,0.0098
375,1.183123,0.0068
376,1.179940,0.0057
377,1.178588,0.0057
378,1.174635,0.0063
379,1.171246,0.0113
380,1.170008,0.0095
381,1.167670,0.0096
382,1.167918,0.0086
383,1.168589,0.0097
384,1.169971,0.0097
385,1.172502,0.0097
386,1.175409,0.0097
387,1.175629,0.0099
388,1.172033,0.0097
389,1.169230,0.0097
390,1.167412,0.0098
391,1.168491,0.0097
392,1.168237,0.0092
393,1.164991,0.0059
394,1.162804,0.0062
395,1.160985,0.0087
396,1.157637,0.0100
397,1.155995,0.0097
398,1.157858,0.0098
399,1.162006,0.0084
400,1.161536,0.0097
401,1.156788,0.0093
402,1.154301,0.0097
403,1.154344,0.0098
404,1.153809,0.0098
405,1.153670,0.0099
406,1.153080,0.0085
407,1.152605,0.0098
408,1.152737,0.0099
409,1.151172,0.0064
410,1.147586,0.0058
411,1.145184,0.0058
412,1.145258,0.0064
413,1.144963,0.0116
414,1.142979,0.0096
415,1.141691,0.0096
416,1.141611,0.0097
417,1.140961,0.0098
418,1.143416,0.0098
419,1.146855,0.0099
420,1.147705,0.0098
421,1.145393,0.0099
422,1.144421,0.0098
423,1.146677,0.0098
424,1.148429,0.0099
425,1.150479,0.0099
426,1.149110,0.0098
427,1.147300,0.0099
428,1.149208,0.0101
429,1.146242,0.0099
430,1.143527,0.0099
431,1.142253,0.0100
432,1.139314,0.0089
433,1.135766,0.0078
434,1.134837,0.0058
435,1.133471,0.0091
436,1.133589,0.0102
437,1.135044,0.0085
438,1.137219,0.0098
439,1.137807,0.0099
440,1.137670,0.0098
441,1.139493,0.0099
442,1.141059,0.0065
443,1.142451,0.0058
444,1.140403,0.0058
445,1.137876,0.0063
446,1.134650,0.0114
447,1.131108,0.0096
448,1.128048,0.0097
449,1.125540,0.0097
450,1.125605,0.0098
451,1.125217,0.0098
452,1.126220,0.0099
453,1.128598,0.0099
454,1.130760,0.0099
455,1.131588,0.0098
456,1.132050,0.0099
457,1.130185,0.0099
458,1.127080,0.0099
459,1.124812,0.0099
460,1.129639,0.0099
461,1.135446,0.0099
462,1.140696,0.0099
463,1.150141,0.0098
464,1.156206,0.0099
465,1.161765,0.0099
466,1.163965,0.0100
467,1.159434,0.0100
468,1.151977,0.0100
469,1.146330,0.0100
470,1.141283,0.0100
471,1.136672,0.0100
472,1.134193,0.0078
473,1.134228,0.0060
474,1.133400,0.0059
475,1.129586,0.0059
476,1.125745,0.0064
477,1.122804,0.0081
478,1.121242,0.0065
479,1.120814,0.0086
480,1.123092,0.0096
481,1.121454,0.0069
482,1.116380,0.0081
483,1.116148,0.0081
484,1.117952,0.0082
485,1.117981,0.0082
486,1.114089,0.0098
487,1.111373,0.0098
488,1.114708,0.0099
489,1.120711,0.0099
490,1.124607,0.0099
491,1.125579,0.0099
492,1.125112,0.0098
493,1.123650,0.0099
494,1.119131,0.0099
495,1.114035,0.0099
496,1.114405,0.0099
497,1.118497,0.0099
498,1.120031,0.0099
499,1.118275,0.0099
500,1.113970,0.0099
501,1.112706,0.0099
502,1.112529,0.0100
503,1.113940,0.0099
504,1.114068,0.0100
505,1.116814,0.0099
506,1.127704,0.0099
507,1.142226,0.0088
508,1.150932,0.0061
509,1.153440,0.0059
510,1.152507,0.0058
511,1.147369,0.0065
512,1.142803,0.0114
513,1.135600,0.0097
514,1.130810,0.0097
515,1.127007,0.0097
516,1.122420,0.0100
517,1.118787,0.0098
518,1.116992,0.0093
519,1.114350,0.0061
520,1.111127,0.0066
521,1.105264,0.0090
522,1.099533,0.0098
523,1.095872,0.0097
524,1.093176,0.0098
525,1.095939,0.0098
526,1.096210,0.0098
527,1.096757,0.0099
528,1.100225,0.0100
529,1.106096,0.0100
530,1.112469,0.0102
531,1.116346,0.0100
532,1.116059,0.0100
533,1.110559,0.0100
534,1.102603,0.0100
535,1.098558,0.0100
536,1.094984,0.0101
537,1.095136,0.0100
538,1.096269,0.0101
539,1.097932,0.0101
540,1.097161,0.0101
541,1.095605,0.0067
542,1.093397,0.0059
543,1.091620,0.0064
544,1.090374,0.0064
545,1.090607,0.0115
546,1.088078,0.0097
547,1.086177,0.0097
548,1.085227,0.0099
549,1.084708,0.0098
550,1.085284,0.0098
551,1.088602,0.0099
552,1.091823,0.0099
553,1.094104,0.0099
554,1.095777,0.0099
555,1.095588,0.0070
556,1.093995,0.0097
557,1.089992,0.0099
558,1.091751,0.0089
559,1.095482,0.0079
560,1.092112,0.0063
561,1.089500,0.0089
562,1.088488,0.0101
563,1.091891,0.0098
564,1.092249,0.0099
565,1.089225,0.0099
566,1.083974,0.0100
567,1.081380,0.0100
568,1.081507,0.0100
569,1.086954,0.0100
570,1.092681,0.0101
571,1.094970,0.0101
572,1.096279,0.0101
573,1.096576,0.0101
574,1.096517,0.0079
575,1.099267,0.0061
576,1.103799,0.0060
577,1.101302,0.0060
578,1.096041,0.0088
579,1.098083,0.0104
580,1.105666,0.0098
581,1.111356,0.0100
582,1.112916,0.0099
583,1.110972,0.0099
584,1.107710,0.0099
585,1.103678,0.0099
586,1.099075,0.0099
587,1.095949,0.0099
588,1.091788,0.0099
589,1.090093,0.0099
590,1.089605,0.0100
591,1.092249,0.0100
592,1.094094,0.0101
593,1.093789,0.0101
594,1.092619,0.0101
595,1.089805,0.0101
596,1.083742,0.0101
597,1.080354,0.0100
598,1.081867,0.0094
599,1.083668,0.0062
600,1.080991,0.0065
601,1.078433,0.0102
602,1.076214,0.0099
603,1.077059,0.0099
604,1.082951,0.0099
605,1.082098,0.0099
606,1.077680,0.0099
607,1.076024,0.0078
608,1.074676,0.0063
609,1.075795,0.0060
610,1.078246,0.0060
611,1.081701,0.0066
612,1.080744,0.0115
613,1.077796,0.0097
614,1.079216,0.0098
615,1.079702,0.0098
616,1.080628,0.0099
617,1.083653,0.0100
618,1.088078,0.0100
619,1.089908,0.0101
620,1.087835,0.0101
621,1.087083,0.0101
622,1.090396,0.0101
623,1.088472,0.0101
624,1.082290,0.0101
625,1.082830,0.0100
626,1.080039,0.0100
627,1.073818,0.0100
628,1.071873,0.0101
629,1.069361,0.0101
630,1.069312,0.0101
631,1.070071,0.0101
632,1.073985,0.0101
633,1.078369,0.0101
634,1.083379,0.0102
635,1.085881,0.0102
636,1.087031,0.0101
637,1.096808,0.0101
638,1.110155,0.0079
639,1.118306,0.0062
640,1.127473,0.0061
641,1.136928,0.0061
642,1.141866,0.0067
643,1.143598,0.0079
644,1.139951,0.0065
645,1.130980,0.0099
646,1.122008,0.0097
647,1.113937,0.0098
648,1.106592,0.0099
649,1.099944,0.0100
650,1.093286,0.0100
651,1.087484,0.0100
652,1.084190,0.0101
653,1.079126,0.0102
654,1.077420,0.0101
655,1.073328,0.0102
656,1.066508,0.0102
657,1.065614,0.0102
658,1.067878,0.0101
659,1.066911,0.0102
660,1.066751,0.0102
661,1.073025,0.0102
662,1.078555,0.0102
663,1.072291,0.0102
664,1.064763,0.0101
665,1.062467,0.0102
666,1.065456,0.0101
667,1.068677,0.0101
668,1.068402,0.0102
669,1.066699,0.0102
670,1.064932,0.0101
671,1.062192,0.0079
672,1.058440,0.0061
673,1.056623,0.0060
674,1.058246,0.0060
675,1.059850,0.0089
676,1.060587,0.0105
677,1.059379,0.0098
678,1.055391,0.0099
679,1.050410,0.0101
680,1.047214,0.0101
681,1.046399,0.0101
682,1.047110,0.0083
683,1.051750,0.0060
684,1.061919,0.0068
685,1.068920,0.0103
686,1.071885,0.0100
687,1.072460,0.0101
688,1.072421,0.0101
689,1.067659,0.0102
690,1.062416,0.0102
691,1.060605,0.0103
692,1.057975,0.0103
693,1.056154,0.0102
694,1.057390,0.0102
695,1.059541,0.0103
696,1.056404,0.0103
697,1.050771,0.0102
698,1.047915,0.0102
699,1.046640,0.0102
700,1.044560,0.0102
701,1.049271,0.0103
702,1.061457,0.0103
703,1.068361,0.0103
704,1.067771,0.0092
705,1.066696,0.0064
706,1.067211,0.0062
707,1.068098,0.0062
708,1.067521,0.0068
709,1.065116,0.0118
710,1.066834,0.0101
711,1.072821,0.0100
712,1.077631,0.0100
713,1.077837,0.0101
714,1.079940,0.0101
715,1.084348,0.0102
716,1.089541,0.0103
717,1.089291,0.0102
718,1.085620,0.0102
719,1.081176,0.0102
720,1.079378,0.0104
721,1.078187,0.0103
722,1.072624,0.0085
723,1.065231,0.0062
724,1.063682,0.0071
725,1.060272,0.0113
726,1.055793,0.0101
727,1.061514,0.0102
728,1.064490,0.0102
729,1.060506,0.0102
730,1.061425,0.0103
731,1.066128,0.0103
732,1.069418,0.0103
733,1.067571,0.0103
734,1.064607,0.0104
735,1.064048,0.0104
736,1.064720,0.0105
737,1.068108,0.0093
738,1.078718,0.0065
739,1.090648,0.0062
740,1.094232,0.0062
741,1.088109,0.0068
742,1.080096,0.0131
743,1.074288,0.0100
744,1.071698,0.0102
745,1.069405,0.0102
746,1.066208,0.0102
747,1.062599,0.0102
748,1.061260,0.0103
749,1.063036,0.0103
750,1.064789,0.0103
751,1.062328,0.0105
752,1.059807,0.0103
753,1.057940,0.0104
754,1.057112,0.0103
755,1.053897,0.0104
756,1.053224,0.0103
757,1.055788,0.0103
758,1.056086,0.0103
759,1.052102,0.0103
760,1.050925,0.0103
761,1.054531,0.0097
762,1.062013,0.0064
763,1.067836,0.0069
764,1.071598,0.0105
765,1.075011,0.0103
766,1.073028,0.0102
767,1.068125,0.0102
768,1.064864,0.0104
769,1.063903,0.0104
770,1.063060,0.0081
771,1.065711,0.0064
772,1.068496,0.0063
773,1.069739,0.0063
774,1.067465,0.0092
775,1.061152,0.0108
776,1.054115,0.0102
777,1.048701,0.0101
778,1.047480,0.0103
779,1.055778,0.0102
780,1.071171,0.0103
781,1.087418,0.0102
782,1.097605,0.0103
783,1.102010,0.0103
784,1.101585,0.0104
785,1.096079,0.0103
786,1.090027,0.0104
787,1.082872,0.0103
788,1.077551,0.0103
789,1.074060,0.0103
790,1.072519,0.0104
791,1.072219,0.0104
792,1.072533,0.0103
793,1.075309,0.0103
794,1.077309,0.0105
795,1.077821,0.0105
796,1.071908,0.0105
797,1.067317,0.0105
798,1.062810,0.0105
799,1.062060,0.0105
800,1.062569,0.0104
801,1.059358,0.0071
802,1.057100,0.0064
803,1.056056,0.0064
804,1.054849,0.0064
805,1.051545,0.0089
806,1.045945,0.0067
807,1.045159,0.0104
808,1.045490,0.0101
809,1.038514,0.0102
810,1.034221,0.0101
811,1.033842,0.0102
812,1.034575,0.0102
813,1.036444,0.0103
814,1.038437,0.0103
815,1.040333,0.0105
816,1.037633,0.0104
817,1.038990,0.0104
818,1.040663,0.0104
819,1.044697,0.0105
820,1.043947,0.0103
821,1.043033,0.0105
822,1.045144,0.0104
823,1.045779,0.0105
824,1.044362,0.0104
825,1.043526,0.0105
826,1.055228,0.0107
827,1.071992,0.0105
828,1.075839,0.0107
829,1.068705,0.0107
830,1.063461,0.0106
831,1.058659,0.0105
832,1.049101,0.0105
833,1.041324,0.0083
834,1.041100,0.0072
835,1.040673,0.0065
836,1.039516,0.0064
837,1.038509,0.0123
838,1.037092,0.0101
839,1.032461,0.0103
840,1.030910,0.0103
841,1.031621,0.0105
842,1.030730,0.0106
843,1.029423,0.0100
844,1.026959,0.0067
845,1.026161,0.0070
846,1.027197,0.0106
847,1.025936,0.0103
848,1.029760,0.0104
849,1.029050,0.0103
850,1.028379,0.0104
851,1.029902,0.0104
852,1.031683,0.0105
853,1.034608,0.0104
854,1.035134,0.0107
855,1.030420,0.0105
856,1.028754,0.0106
857,1.029118,0.0106
858,1.032612,0.0106
859,1.036883,0.0105
860,1.035529,0.0107
861,1.034855,0.0105
862,1.040698,0.0105
863,1.039329,0.0105
864,1.035652,0.0105
865,1.035249,0.0094
866,1.036196,0.0067
867,1.040149,0.0065
868,1.045062,0.0064
869,1.044932,0.0093
870,1.043314,0.0107
871,1.040841,0.0102
872,1.039235,0.0103
873,1.038809,0.0104
874,1.041456,0.0104
875,1.044215,0.0105
876,1.043676,0.0106
877,1.039460,0.0105
878,1.037142,0.0106
879,1.035213,0.0106
880,1.037565,0.0105
881,1.037356,0.0105
882,1.032474,0.0094
883,1.033156,0.0084
884,1.035052,0.0070
885,1.033790,0.0109
886,1.032462,0.0103
887,1.029339,0.0103
888,1.027076,0.0103
889,1.028381,0.0105
890,1.029912,0.0105
891,1.030807,0.0106
892,1.032947,0.0104
893,1.033776,0.0104
894,1.030703,0.0105
895,1.028781,0.0104
896,1.038146,0.0104
897,1.047409,0.0105
898,1.051258,0.0072
899,1.055418,0.0065
900,1.056295,0.0065
901,1.053295,0.0094
902,1.051513,0.0110
903,1.050109,0.0104
904,1.047600,0.0104
905,1.045512,0.0104
906,1.046469,0.0103
907,1.046245,0.0104
908,1.048616,0.0105
909,1.046911,0.0105
910,1.048004,0.0105
911,1.044912,0.0107
912,1.052001,0.0107
913,1.064500,0.0107
914,1.077798,0.0106
915,1.088267,0.0107
916,1.094461,0.0107
917,1.097443,0.0107
918,1.093352,0.0106
919,1.087693,0.0106
920,1.082001,0.0104
921,1.079901,0.0100
922,1.075863,0.0067
923,1.069934,0.0070
924,1.065013,0.0106
925,1.062541,0.0103
926,1.063957,0.0104
927,1.062316,0.0104
928,1.067035,0.0105
929,1.070525,0.0108
930,1.065490,0.0084
931,1.059637,0.0067
932,1.069236,0.0066
933,1.082921,0.0066
934,1.080052,0.0114
935,1.070473,0.0105
936,1.058393,0.0105
937,1.047526,0.0105
938,1.048086,0.0106
939,1.052573,0.0106
940,1.052068,0.0107
941,1.051134,0.0106
942,1.047281,0.0105
943,1.046536,0.0107
944,1.048297,0.0106
945,1.050039,0.0106
946,1.048281,0.0104
947,1.045078,0.0107
948,1.039055,0.0105
949,1.040354,0.0105
950,1.053770,0.0106
951,1.064983,0.0094
952,1.068295,0.0091
953,1.080170,0.0106
954,1.099089,0.0106
955,1.108125,0.0106
956,1.104043,0.0106
957,1.092855,0.0106
958,1.081474,0.0091
959,1.075443,0.0105
960,1.072896,0.0105
961,1.071178,0.0095
962,1.071697,0.0069
963,1.073778,0.0066
964,1.073258,0.0066
965,1.069228,0.0073
966,1.068717,0.0084
967,1.071694,0.0074
968,1.086286,0.0113
969,1.103332,0.0101
970,1.114534,0.0103
971,1.117641,0.0104
972,1.115280,0.0107
973,1.109805,0.0107
974,1.104715,0.0108
975,1.098427,0.0108
976,1.090732,0.0107
977,1.081843,0.0106
978,1.074039,0.0107
979,1.064432,0.0106
980,1.055359,0.0105
981,1.048662,0.0106
982,1.046723,0.0106
983,1.046275,0.0107
984,1.045942,0.0106
985,1.047311,0.0107
986,1.048532,0.0106
987,1.046573,0.0107
988,1.042869,0.0107
989,1.038172,0.0108
990,1.036369,0.0107
991,1.034131,0.0106
992,1.032144,0.0106
993,1.032594,0.0106
994,1.029136,0.0073
995,1.027403,0.0067
996,1.024035,0.0066
997,1.022251,0.0095
998,1.023092,0.0108
999,1.027495,0.0103
1000,1.026871,0.0104
1001,1.024734,0.0106
1002,1.029658,0.0107
1003,1.032797,0.0096
1004,1.030619,0.0086
1005,1.026584,0.0072
1006,1.024240,0.0109
1007,1.026768,0.0104
1008,1.026520,0.0104
1009,1.025594,0.0104
1010,1.025553,0.0105
1011,1.028283,0.0106
1012,1.030780,0.0108
1013,1.028836,0.0106
1014,1.028017,0.0092
1015,1.026194,0.0091
1016,1.028402,0.0107
1017,1.029040,0.0106
1018,1.029226,0.0106
1019,1.030445,0.0107
1020,1.028090,0.0107
1021,1.028328,0.0107
1022,1.030919,0.0107
1023,1.034073,0.0107
1024,1.034688,0.0108
1025,1.035853,0.0107
1026,1.034367,0.0086
1027,1.031294,0.0069
1028,1.028557,0.0068
1029,1.027602,0.0068
1030,1.036182,0.0126
1031,1.039585,0.0104
1032,1.036831,0.0106
1033,1.033811,0.0105
1034,1.031072,0.0106
1035,1.033799,0.0106
1036,1.036309,0.0106
1037,1.035520,0.0106
1038,1.030482,0.0106
1039,1.028207,0.0106
1040,1.028802,0.0106
1041,1.031745,0.0107
1042,1.034711,0.0108
1043,1.035661,0.0091
1044,1.038294,0.0068
1045,1.044579,0.0077
1046,1.058195,0.0118
1047,1.071077,0.0106
1048,1.070742,0.0106
1049,1.069992,0.0106
1050,1.078337,0.0107
1051,1.097173,0.0108
1052,1.112256,0.0107
1053,1.113051,0.0108
1054,1.106880,0.0108
1055,1.097985,0.0108
1056,1.086609,0.0108
1057,1.075265,0.0122
1058,1.075221,0.0086
1059,1.077553,0.0069
1060,1.081211,0.0068
1061,1.081252,0.0068
1062,1.078156,0.0128
1063,1.068802,0.0104
1064,1.061004,0.0106
1065,1.063102,0.0106
1066,1.066947,0.0106
1067,1.065032,0.0107
1068,1.056461,0.0107
1069,1.047521,0.0092
1070,1.042202,0.0106
1071,1.041151,0.0107
1072,1.040090,0.0107
1073,1.035454,0.0107
1074,1.033319,0.0107
1075,1.031971,0.0109
1076,1.032160,0.0109
1077,1.034220,0.0122
1078,1.032894,0.0109
1079,1.034452,0.0108
1080,1.035166,0.0109
1081,1.036910,0.0097
1082,1.039315,0.0088
1083,1.041134,0.0073
1084,1.039761,0.0111
1085,1.038932,0.0106
1086,1.035303,0.0107
1087,1.030586,0.0108
1088,1.025833,0.0109
1089,1.033293,0.0108
1090,1.047267,0.0087
1091,1.055770,0.0070
1092,1.058552,0.0069
1093,1.060874,0.0069
1094,1.065861,0.0124
1095,1.068269,0.0106
1096,1.070829,0.0107
1097,1.072063,0.0108
1098,1.066298,0.0109
1099,1.057288,0.0108
1100,1.049488,0.0110
1101,1.044066,0.0109
1102,1.041281,0.0123
1103,1.043018,0.0109
1104,1.047584,0.0109
1105,1.051139,0.0109
1106,1.051547,0.0108
1107,1.051892,0.0108
1108,1.049857,0.0108
1109,1.045752,0.0109
1110,1.042453,0.0109
1111,1.039820,0.0123
1112,1.035563,0.0124
1113,1.031942,0.0110
1114,1.027029,0.0110
1115,1.025760,0.0123
1116,1.021781,0.0109
1117,1.020061,0.0109
1118,1.028171,0.0114
1119,1.039967,0.0073
1120,1.043784,0.0070
1121,1.044637,0.0070
1122,1.047352,0.0096
1123,1.040956,0.0072
1124,1.041093,0.0110
1125,1.044307,0.0104
1126,1.038685,0.0107
1127,1.029190,0.0107
1128,1.026135,0.0109
1129,1.026689,0.0109
1130,1.020782,0.0123
1131,1.017194,0.0110
1132,1.017422,0.0109
1133,1.018515,0.0109
1134,1.021835,0.0109
1135,1.026266,0.0122
1136,1.031018,0.0094
1137,1.031945,0.0094
1138,1.028680,0.0095
1139,1.022420,0.0123
1140,1.017381,0.0123
1141,1.022747,0.0124
1142,1.032943,0.0124
1143,1.038663,0.0124
1144,1.039552,0.0111
1145,1.045790,0.0111
1146,1.062160,0.0111
1147,1.075112,0.0095
1148,1.080107,0.0111
1149,1.081039,0.0091
1150,1.084675,0.0070
1151,1.085827,0.0070
1152,1.081362,0.0076
1153,1.076410,0.0138
1154,1.074873,0.0106
1155,1.074351,0.0107
1156,1.080038,0.0108
1157,1.083284,0.0123
1158,1.083993,0.0118
1159,1.081346,0.0073
1160,1.076042,0.0081
1161,1.068947,0.0121
1162,1.075602,0.0122
1163,1.088332,0.0109
1164,1.095451,0.0123
1165,1.093918,0.0123
1166,1.085384,0.0111
1167,1.072880,0.0110
1168,1.060718,0.0110
1169,1.048212,0.0110
1170,1.041089,0.0110
1171,1.038593,0.0110
1172,1.040719,0.0110
1173,1.045761,0.0111
1174,1.050200,0.0110
1175,1.053280,0.0111
1176,1.052370,0.0111
1177,1.042377,0.0111
1178,1.038255,0.0124
1179,1.039481,0.0077
1180,1.044379,0.0071
1181,1.054505,0.0070
1182,1.062788,0.0127
1183,1.062603,0.0108
1184,1.057289,0.0108
1185,1.051885,0.0095
1186,1.047380,0.0122
1187,1.041884,0.0109
1188,1.037506,0.0123
1189,1.033924,0.0110
1190,1.035961,0.0111
1191,1.043108,0.0125
1192,1.049137,0.0125
1193,1.049988,0.0115
1194,1.050113,0.0091
1195,1.048539,0.0077
1196,1.041932,0.0112
1197,1.036699,0.0122
1198,1.032524,0.0123
1199,1.030188,0.0110
1200,1.032272,0.0124
1201,1.042406,0.0099
1202,1.053675,0.0124
1203,1.059707,0.0124
1204,1.059620,0.0125
1205,1.063526,0.0112
1206,1.072821,0.0111
1207,1.061102,0.0077
1208,1.046497,0.0071
1209,1.042584,0.0071
1210,1.048452,0.0132
1211,1.066879,0.0123
1212,1.084028,0.0110
1213,1.090375,0.0098
1214,1.092182,0.0123
1215,1.090275,0.0110
1216,1.082933,0.0111
1217,1.070272,0.0111
1218,1.056193,0.0111
1219,1.048505,0.0123
1220,1.049107,0.0124
1221,1.052388,0.0111
1222,1.052608,0.0113
1223,1.049476,0.0125
1224,1.048988,0.0125
1225,1.047971,0.0113
1226,1.045490,0.0125
1227,1.046065,0.0119
1228,1.054046,0.0074
1229,1.057961,0.0082
1230,1.062488,0.0135
1231,1.061655,0.0122
1232,1.058337,0.0110
1233,1.058271,0.0111
1234,1.058358,0.0110
1235,1.053534,0.0091
1236,1.048546,0.0072
1237,1.047366,0.0072
1238,1.050532,0.0078
1239,1.069491,0.0140
1240,1.101415,0.0109
1241,1.127591,0.0109
1242,1.136594,0.0124
1243,1.134976,0.0111
1244,1.128798,0.0111
1245,1.122474,0.0110
1246,1.115163,0.0123
1247,1.104071,0.0111
1248,1.091344,0.0111
1249,1.079063,0.0124
1250,1.065994,0.0096
1251,1.060544,0.0124
1252,1.057686,0.0124
1253,1.060266,0.0110
1254,1.071440,0.0123
1255,1.074725,0.0123
1256,1.060923,0.0112
1257,1.057950,0.0112
1258,1.071972,0.0125
1259,1.078390,0.0125
1260,1.085006,0.0125
1261,1.089200,0.0115
1262,1.089659,0.0075
1263,1.087963,0.0072
1264,1.085218,0.0072
1265,1.080328,0.0098
1266,1.080971,0.0075
1267,1.083667,0.0113
1268,1.079135,0.0120
1269,1.086377,0.0108
1270,1.066063,0.0122
1271,1.063263,0.0110
1272,1.063674,0.0111
1273,1.050190,0.0112
1274,1.044655,0.0112
1275,1.039876,0.0125
1276,1.033314,0.0125
1277,1.028989,0.0112
1278,1.026554,0.0126
1279,1.038049,0.0125
1280,1.048300,0.0112
1281,1.044650,0.0126
1282,1.049258,0.0113
1283,1.060324,0.0112
1284,1.075908,0.0112
1285,1.078791,0.0112
1286,1.072099,0.0114
1287,1.058900,0.0113
1288,1.047417,0.0126
1289,1.044994,0.0125
1290,1.047005,0.0091
1291,1.044534,0.0080
1292,1.040895,0.0074
1293,1.037083,0.0073
1294,1.034192,0.0133
1295,1.033319,0.0123
1296,1.035401,0.0122
1297,1.044501,0.0123
1298,1.054842,0.0125
1299,1.058682,0.0095
1300,1.059173,0.0077
1301,1.058519,0.0117
1302,1.060087,0.0125
1303,1.064032,0.0125
1304,1.064575,0.0125
1305,1.067599,0.0112
1306,1.073634,0.0125
1307,1.076620,0.0098
1308,1.078435,0.0127
1309,1.079239,0.0114
1310,1.073598,0.0127
1311,1.065342,0.0127
1312,1.059525,0.0127
1313,1.052224,0.0114
1314,1.053357,0.0114
1315,1.046954,0.0113
1316,1.042496,0.0113
1317,1.040072,0.0128
1318,1.038523,0.0079
1319,1.036144,0.0074
1320,1.033912,0.0073
1321,1.035193,0.0120
1322,1.041552,0.0123
1323,1.039519,0.0111
1324,1.038949,0.0125
1325,1.033336,0.0113
1326,1.031657,0.0128
1327,1.035010,0.0127
1328,1.039394,0.0128
1329,1.044813,0.0128
1330,1.044919,0.0128
1331,1.043152,0.0118
1332,1.038024,0.0093
1333,1.032052,0.0080
1334,1.028183,0.0114
1335,1.030792,0.0124
1336,1.037604,0.0111
1337,1.042891,0.0112
1338,1.045080,0.0112
1339,1.044030,0.0127
1340,1.039526,0.0128
1341,1.033016,0.0128
1342,1.025442,0.0114
1343,1.023547,0.0113
1344,1.020460,0.0114
1345,1.018899,0.0105
1346,1.017493,0.0076
1347,1.015108,0.0074
1348,1.014510,0.0080
1349,1.015548,0.0140
1350,1.016607,0.0123
1351,1.016434,0.0125
1352,1.016161,0.0126
1353,1.013338,0.0126
1354,1.010769,0.0113
1355,1.008818,0.0114
1356,1.008899,0.0128
1357,1.007516,0.0128
1358,1.006920,0.0128
1359,1.005507,0.0128
1360,1.003463,0.0115
1361,1.001727,0.0129
1362,1.001511,0.0128
1363,1.000911,0.0128
1364,1.002466,0.0122
1365,1.006889,0.0077
1366,1.016674,0.0087
1367,1.026512,0.0139
1368,1.035124,0.0125
1369,1.042782,0.0112
1370,1.046921,0.0114
1371,1.048408,0.0129
1372,1.049605,0.0082
1373,1.053595,0.0075
1374,1.059107,0.0076
1375,1.064123,0.0133
1376,1.063476,0.0124
1377,1.059295,0.0112
1378,1.050541,0.0127
1379,1.041379,0.0127
1380,1.033696,0.0114
1381,1.031715,0.0128
1382,1.034846,0.0127
1383,1.039539,0.0127
1384,1.043614,0.0114
1385,1.044001,0.0114
1386,1.045089,0.0128
1387,1.046076,0.0127
1388,1.047321,0.0116
1389,1.048571,0.0128
1390,1.048374,0.0127
1391,1.052288,0.0128
1392,1.059797,0.0129
1393,1.066315,0.0129
1394,1.067401,0.0116
1395,1.066510,0.0130
1396,1.064043,0.0108
1397,1.058788,0.0077
1398,1.054327,0.0076
1399,1.051131,0.0081
1400,1.047541,0.0098
1401,1.043770,0.0084
1402,1.041671,0.0133
1403,1.038085,0.0111
1404,1.039140,0.0112
1405,1.047485,0.0126
1406,1.055461,0.0128
1407,1.059646,0.0129
1408,1.058648,0.0115
1409,1.058645,0.0127
1410,1.054772,0.0128
1411,1.050527,0.0116
1412,1.048344,0.0128
1413,1.047283,0.0127
1414,1.048004,0.0129
1415,1.048033,0.0116
1416,1.049085,0.0105
1417,1.048805,0.0129
1418,1.045097,0.0128
1419,1.041378,0.0116
1420,1.038528,0.0130
1421,1.036674,0.0129
1422,1.036744,0.0129
1423,1.037491,0.0107
1424,1.038732,0.0078
1425,1.039867,0.0077
1426,1.040642,0.0082
1427,1.042033,0.0143
1428,1.042662,0.0114
1429,1.045067,0.0099
1430,1.047799,0.0127
1431,1.048501,0.0127
1432,1.048045,0.0104
1433,1.046593,0.0095
1434,1.044357,0.0082
1435,1.041868,0.0118
1436,1.040101,0.0112
1437,1.040406,0.0126
1438,1.042101,0.0126
1439,1.042505,0.0128
1440,1.047930,0.0129
1441,1.048774,0.0129
1442,1.048273,0.0130
1443,1.050899,0.0131
1444,1.053981,0.0130
1445,1.055034,0.0130
1446,1.052819,0.0129
1447,1.049837,0.0129
1448,1.047372,0.0129
1449,1.042747,0.0130
1450,1.038186,0.0096
1451,1.039829,0.0076
1452,1.046251,0.0076
1453,1.052531,0.0137
1454,1.057740,0.0126
1455,1.059580,0.0126
1456,1.058162,0.0126
1457,1.053316,0.0127
1458,1.047318,0.0114
1459,1.039487,0.0128
1460,1.031708,0.0129
1461,1.024109,0.0129
1462,1.020131,0.0116
1463,1.022682,0.0124
1464,1.025137,0.0078
1465,1.025449,0.0089
1466,1.023521,0.0138
1467,1.020025,0.0125
1468,1.016546,0.0126
1469,1.013870,0.0128
1470,1.010889,0.0130
1471,1.009717,0.0130
1472,1.007718,0.0130
1473,1.004277,0.0130
1474,1.000262,0.0130
1475,1.000431,0.0108
1476,1.004439,0.0078
1477,1.004058,0.0077
1478,1.002337,0.0081
1479,1.002076,0.0141
1480,1.003116,0.0125
1481,1.003818,0.0126
1482,1.004444,0.0128
1483,1.004454,0.0129
1484,1.002352,0.0129
1485,1.000231,0.0129
1486,0.995846,0.0130
1487,0.993391,0.0130
1488,0.993086,0.0130
1489,0.995768,0.0130
1490,1.000444,0.0130
1491,1.007107,0.0130
1492,1.012838,0.0129
1493,1.018460,0.0119
1494,1.022348,0.0096
1495,1.022989,0.0083
1496,1.024634,0.0119
1497,1.022687,0.0127
1498,1.019950,0.0128
1499,1.016923,0.0128
1500,1.013481,0.0129
1501,1.010248,0.0083
1502,1.006169,0.0077
1503,1.004387,0.0077
1504,1.003367,0.0136
1505,1.001500,0.0127
1506,1.000425,0.0115
1507,1.000109,0.0116
1508,1.006536,0.0128
1509,1.018670,0.0128
1510,1.027775,0.0129
1511,1.034720,0.0130
1512,1.036663,0.0130
1513,1.036574,0.0130
1514,1.034984,0.0130
1515,1.031700,0.0129
1516,1.027719,0.0116
1517,1.022381,0.0129
1518,1.018217,0.0130
1519,1.015279,0.0129
1520,1.011849,0.0130
1521,1.006878,0.0131
1522,1.002710,0.0131
1523,0.999274,0.0131
1524,0.998147,0.0120
1525,0.996539,0.0080
1526,0.994909,0.0077
1527,0.994866,0.0076
1528,0.992318,0.0102
1529,0.989722,0.0081
1530,0.989950,0.0116
1531,0.991483,0.0125
1532,0.995542,0.0113
1533,0.998314,0.0126
1534,0.998895,0.0129
1535,1.000418,0.0130
1536,0.999708,0.0130
1537,1.002398,0.0130
1538,1.008457,0.0116
1539,1.010136,0.0117
1540,1.007335,0.0129
1541,1.003679,0.0128
1542,0.999546,0.0130
1543,0.996870,0.0130
1544,0.994771,0.0131
1545,0.994189,0.0131
1546,0.992031,0.0129
1547,0.989712,0.0129
1548,0.988313,0.0130
1549,0.986984,0.0130
1550,0.986768,0.0120
1551,0.987832,0.0081
1552,0.988553,0.0077
1553,0.987057,0.0077
1554,0.986354,0.0136
1555,0.985963,0.0112
1556,0.984624,0.0128
1557,0.986207,0.0127
1558,0.989923,0.0127
1559,0.993138,0.0113
1560,0.998074,0.0083
1561,1.000816,0.0121
1562,1.003211,0.0128
1563,1.003259,0.0115
1564,1.003606,0.0128
1565,1.002403,0.0129
1566,1.002789,0.0129
1567,1.003205,0.0117
1568,1.002444,0.0130
1569,1.000235,0.0129
1570,0.997156,0.0129
1571,0.993413,0.0117
1572,0.990041,0.0117
1573,0.987549,0.0129
1574,0.986483,0.0130
1575,0.986666,0.0129
1576,0.986728,0.0129
1577,0.986891,0.0083
1578,0.985525,0.0078
1579,0.985090,0.0077
1580,0.983974,0.0136
1581,0.983150,0.0126
1582,0.985072,0.0127
1583,0.985071,0.0129
1584,0.985163,0.0130
1585,0.983870,0.0117
1586,0.984537,0.0130
1587,0.985915,0.0116
1588,0.987340,0.0130
1589,0.988718,0.0129
1590,0.988609,0.0124
1591,0.986951,0.0079
1592,0.986807,0.0088
1593,0.991306,0.0141
1594,0.995531,0.0128
1595,0.997564,0.0129
1596,0.999328,0.0129
1597,1.001440,0.0116
1598,1.004577,0.0117
1599,1.008051,0.0130
1600,1.010660,0.0130
1601,1.013316,0.0118
1602,1.016721,0.0130
1603,1.018998,0.0084
1604,1.019102,0.0078
1605,1.016762,0.0078
1606,1.014842,0.0137
1607,1.010291,0.0127
1608,1.007059,0.0115
1609,1.004279,0.0128
1610,1.002925,0.0128
1611,1.002191,0.0129
1612,1.000731,0.0130
1613,0.999711,0.0130
1614,0.998890,0.0129
1615,0.997602,0.0131
1616,0.994990,0.0132
1617,0.995242,0.0119
1618,0.997887,0.0132
1619,0.999493,0.0130
1620,0.999752,0.0131
1621,1.009638,0.0107
1622,1.026158,0.0097
1623,1.041331,0.0084
1624,1.049589,0.0119
1625,1.052341,0.0128
1626,1.050829,0.0127
1627,1.044321,0.0129
1628,1.036613,0.0131
1629,1.030660,0.0084
1630,1.028062,0.0078
1631,1.027884,0.0077
1632,1.028226,0.0136
1633,1.027282,0.0125
1634,1.024770,0.0113
1635,1.021812,0.0115
1636,1.022261,0.0129
1637,1.024620,0.0129
1638,1.025457,0.0130
1639,1.023848,0.0131
1640,1.020980,0.0131
1641,1.018500,0.0130
1642,1.017004,0.0117
1643,1.013400,0.0116
1644,1.009451,0.0131
1645,1.004959,0.0130
1646,1.002095,0.0118
1647,1.000362,0.0130
1648,1.000563,0.0130
1649,1.000012,0.0130
1650,0.998796,0.0132
1651,0.998367,0.0131
1652,0.996880,0.0131
1653,0.995343,0.0098
1654,0.995857,0.0078
1655,0.997788,0.0078
1656,0.996440,0.0084
1657,0.992727,0.0099
1658,0.989173,0.0118
1659,0.988378,0.0113
1660,0.990443,0.0116
1661,0.990311,0.0127
1662,0.993324,0.0128
1663,0.993907,0.0130
1664,0.990560,0.0131
1665,0.988535,0.0131
1666,0.988496,0.0131
1667,0.988850,0.0131
1668,0.991216,0.0130
1669,0.990692,0.0130
1670,0.990487,0.0131
1671,0.989952,0.0131
1672,0.987948,0.0130
1673,0.986566,0.0130
1674,0.985198,0.0130
1675,0.984452,0.0130
1676,0.986079,0.0130
1677,0.986496,0.0131
1678,0.989806,0.0110
1679,0.993295,0.0079
1680,0.994668,0.0078
1681,0.993375,0.0084
1682,0.990218,0.0145
1683,0.986311,0.0127
1684,0.984599,0.0127
1685,0.985420,0.0115
1686,0.987295,0.0129
1687,0.987027,0.0100
1688,0.984307,0.0086
1689,0.982766,0.0122
1690,0.982485,0.0128
1691,0.992659,0.0129
1692,0.991691,0.0129
1693,0.986115,0.0131
1694,0.985581,0.0131
1695,0.987222,0.0130
1696,0.985810,0.0131
1697,0.984487,0.0132
1698,0.983875,0.0132
1699,0.983060,0.0132
1700,0.983000,0.0132
1701,0.983672,0.0131
1702,0.986203,0.0118
1703,0.993526,0.0131
1704,0.996819,0.0097
1705,0.998321,0.0078
1706,1.002333,0.0078
1707,1.004939,0.0139
1708,1.004217,0.0128
1709,1.000626,0.0129
1710,0.999659,0.0129
1711,0.999551,0.0131
1712,0.999712,0.0132
1713,0.999149,0.0118
1714,0.997705,0.0131
1715,0.996917,0.0116
1716,0.995582,0.0131
1717,0.996924,0.0124
1718,1.003944,0.0080
1719,1.012074,0.0087
1720,1.016437,0.0137
1721,1.019928,0.0128
1722,1.020646,0.0128
1723,1.023331,0.0131
1724,1.031224,0.0131
1725,1.037071,0.0131
1726,1.039757,0.0132
1727,1.037812,0.0119
1728,1.034836,0.0118
1729,1.032130,0.0118
1730,1.032904,0.0097
1731,1.037259,0.0078
1732,1.040193,0.0078
1733,1.039615,0.0137
1734,1.036915,0.0126
1735,1.030011,0.0128
1736,1.021906,0.0129
1737,1.013164,0.0117
1738,1.005965,0.0130
1739,1.004091,0.0117
1740,1.004555,0.0130
1741,1.004078,0.0132
1742,1.005231,0.0130
1743,1.008854,0.0132
1744,1.011161,0.0132
1745,1.013041,0.0131
1746,1.013178,0.0146
1747,1.010859,0.0121
1748,1.007880,0.0108
1749,1.005354,0.0098
1750,1.003197,0.0084
1751,1.001187,0.0120
1752,0.999500,0.0128
1753,0.996187,0.0130
1754,0.993226,0.0131
1755,0.990457,0.0131
1756,0.987781,0.0085
1757,0.986331,0.0079
1758,0.985709,0.0079
1759,0.988463,0.0137
1760,0.990681,0.0128
1761,0.990607,0.0117
1762,0.993849,0.0145
1763,0.999070,0.0133
1764,1.004788,0.0133
1765,1.007933,0.0134
1766,1.008584,0.0134
1767,1.007914,0.0133
1768,1.008384,0.0134
1769,1.008936,0.0134
1770,1.006827,0.0133
1771,1.002543,0.0135
1772,0.999379,0.0135
1773,0.996873,0.0134
1774,0.996713,0.0135
1775,0.996851,0.0134
1776,0.997852,0.0134
1777,0.997176,0.0136
1778,0.995083,0.0136
1779,0.994997,0.0088
1780,0.993453,0.0080
1781,0.992124,0.0080
1782,0.990464,0.0107
1783,0.987650,0.0082
1784,0.986130,0.0133
1785,0.984687,0.0116
1786,0.983562,0.0141
1787,0.981452,0.0131
1788,0.979528,0.0136
1789,0.978973,0.0121
1790,0.979205,0.0135
1791,0.982257,0.0135
1792,0.989327,0.0135
1793,0.994247,0.0135
1794,0.994761,0.0135
1795,0.994669,0.0135
1796,0.990217,0.0136
1797,0.984207,0.0136
1798,0.978168,0.0136
1799,0.975056,0.0136
1800,0.977028,0.0140
1801,0.982450,0.0136
1802,0.986884,0.0135
1803,0.990052,0.0136
1804,0.990425,0.0088
1805,0.992932,0.0081
1806,0.993909,0.0111
1807,0.994069,0.0137
1808,0.992933,0.0130
1809,0.987913,0.0131
1810,0.983726,0.0133
1811,0.981579,0.0128
1812,0.980782,0.0083
1813,0.981912,0.0116
1814,0.984674,0.0133
1815,0.985872,0.0135
1816,0.987784,0.0134
1817,0.991722,0.0134
1818,0.998662,0.0136
1819,1.002717,0.0137
1820,1.005142,0.0136
1821,1.008862,0.0137
1822,1.009141,0.0136
1823,1.008379,0.0135
1824,1.010827,0.0138
1825,1.011158,0.0137
1826,1.009588,0.0137
1827,1.005483,0.0137
1828,1.000938,0.0104
1829,0.997152,0.0082
1830,0.996007,0.0082
1831,0.996251,0.0085
1832,0.997279,0.0157
1833,0.996655,0.0131
1834,0.993159,0.0132
1835,0.990304,0.0133
1836,0.988309,0.0133
1837,0.986449,0.0135
1838,0.984009,0.0136
1839,0.982286,0.0137
1840,0.981464,0.0137
1841,0.980330,0.0130
1842,0.981078,0.0084
1843,0.981612,0.0115
1844,0.982751,0.0132
1845,0.984347,0.0134
1846,0.984983,0.0135
1847,0.986244,0.0137
1848,0.988236,0.0137
1849,0.990693,0.0137
1850,0.991859,0.0137
1851,0.992170,0.0137
1852,0.991254,0.0137
1853,0.991197,0.0104
1854,0.996019,0.0083
1855,0.995812,0.0082
1856,1.006025,0.0128
1857,1.015967,0.0130
1858,1.033017,0.0132
1859,1.046467,0.0134
1860,1.057592,0.0136
1861,1.066931,0.0137
1862,1.064988,0.0138
1863,1.057900,0.0138
1864,1.050374,0.0138
1865,1.043843,0.0138
1866,1.039140,0.0138
1867,1.035138,0.0137
1868,1.031556,0.0137
1869,1.030735,0.0137
1870,1.031448,0.0138
1871,1.032752,0.0122
1872,1.033839,0.0088
1873,1.035743,0.0139
1874,1.034850,0.0132
1875,1.030390,0.0134
1876,1.023417,0.0135
1877,1.018534,0.0126
1878,1.013353,0.0086
1879,1.031035,0.0084
1880,1.047167,0.0114
1881,1.059940,0.0140
1882,1.067821,0.0135
1883,1.073123,0.0135
1884,1.074626,0.0134
1885,1.074149,0.0138
1886,1.078156,0.0136
1887,1.089948,0.0137
1888,1.104261,0.0137
1889,1.118556,0.0122
1890,1.130913,0.0137
1891,1.139044,0.0137
1892,1.140991,0.0136
1893,1.139906,0.0136
1894,1.134312,0.0140
1895,1.128580,0.0139
1896,1.122328,0.0139
1897,1.112839,0.0139
1898,1.100217,0.0138
1899,1.086854,0.0137
1900,1.073697,0.0127
1901,1.061275,0.0087
1902,1.050566,0.0085
1903,1.042848,0.0093
1904,1.037497,0.0105
1905,1.031177,0.0113
1906,1.027757,0.0131
1907,1.025794,0.0134
1908,1.022864,0.0136
1909,1.022363,0.0136
1910,1.026591,0.0139
1911,1.032570,0.0139
1912,1.038665,0.0139
1913,1.041936,0.0140
1914,1.044019,0.0140
1915,1.043266,0.0139
1916,1.039459,0.0141
1917,1.033738,0.0141
1918,1.028696,0.0140
1919,1.025969,0.0141
1920,1.022464,0.0140
1921,1.021139,0.0139
1922,1.016826,0.0140
1923,1.011314,0.0140
1924,1.006446,0.0140
1925,1.003492,0.0107
1926,1.002295,0.0086
1927,1.001930,0.0085
1928,1.005541,0.0130
1929,1.007739,0.0133
1930,1.010478,0.0136
1931,1.010297,0.0124
1932,1.009551,0.0138
1933,1.005390,0.0133
1934,1.002638,0.0088
1935,0.999593,0.0119
1936,0.998599,0.0138
1937,1.003223,0.0137
1938,1.007744,0.0140
1939,1.008504,0.0140
1940,1.008287,0.0142
1941,1.006031,0.0143
1942,1.004614,0.0141
1943,1.002771,0.0141
1944,1.003498,0.0140
1945,1.002015,0.0141
1946,0.997055,0.0141
1947,0.997817,0.0140
1948,1.001475,0.0141
1949,1.001380,0.0142
1950,0.999667,0.0108
1951,0.997531,0.0087
1952,0.999024,0.0088
1953,0.997966,0.0132
1954,0.998298,0.0135
1955,1.000510,0.0139
1956,1.003490,0.0138
1957,1.004792,0.0139
1958,1.004612,0.0141
1959,1.002267,0.0141
1960,1.002138,0.0141
1961,1.000442,0.0142
1962,0.999917,0.0143
1963,0.997889,0.0126
1964,0.996884,0.0092
1965,0.996635,0.0143
1966,0.997365,0.0139
1967,1.000333,0.0140
1968,0.999854,0.0141
1969,1.001116,0.0141
1970,0.999174,0.0143
1971,0.995862,0.0143
1972,0.992780,0.0144
1973,0.991083,0.0144
1974,0.989013,0.0135
1975,0.986359,0.0092
1976,0.986273,0.0089
1977,0.985930,0.0119
1978,0.984949,0.0142
1979,0.985032,0.0140
1980,0.991817,0.0142
1981,1.008717,0.0141
1982,1.022855,0.0143
1983,1.028497,0.0143
1984,1.025701,0.0143
1985,1.016672,0.0143
1986,1.006556,0.0143
1987,0.999141,0.0144
1988,0.994254,0.0144
1989,0.993949,0.0145
1990,0.996663,0.0145
1991,0.999045,0.0145
1992,1.005763,0.0138
1993,1.015649,0.0093
1994,1.015286,0.0123
1995,1.010148,0.0143
1996,1.012969,0.0143
1997,1.013026,0.0143
1998,1.015996,0.0147
1999,1.020080,0.0113
2000,1.021265,0.0092
2001,1.018544,0.0091
2002,1.016208,0.0148
2003,1.014389,0.0141
2004,1.011780,0.0141
2005,1.009425,0.0142
2006,1.007477,0.0146
2007,1.005010,0.0144
2008,1.003012,0.0144
2009,1.001694,0.0145
2010,1.002012,0.0145
2011,1.002030,0.0146
2012,1.001781,0.0146
2013,1.000507,0.0147
2014,0.997310,0.0147
2015,0.994514,0.0147
2016,0.991559,0.0147
2017,0.988110,0.0147
2018,0.985920,0.0145
2019,0.983868,0.0144
2020,0.983013,0.0146
2021,0.982014,0.0146
2022,0.980963,0.0100
2023,0.981570,0.0092
2024,0.983281,0.0097
2025,0.985428,0.0112
2026,0.987795,0.0123
2027,0.989275,0.0139
2028,0.989565,0.0141
2029,0.987682,0.0144
2030,0.986642,0.0146
2031,0.985100,0.0148
2032,0.983449,0.0148
2033,0.982088,0.0146
2034,0.980939,0.0147
2035,0.979257,0.0147
2036,0.978142,0.0146
2037,0.978328,0.0145
2038,0.979874,0.0148
2039,0.980288,0.0147
2040,0.979936,0.0147
2041,0.979343,0.0147
2042,0.979080,0.0149
2043,0.979373,0.0147
2044,0.978675,0.0146
2045,0.978857,0.0146
2046,0.977703,0.0114
2047,0.977014,0.0094
2048,0.976469,0.0093
2049,0.976847,0.0165
2050,0.976481,0.0145
2051,0.975955,0.0145
2052,0.975197,0.0146
2053,0.975125,0.0135
2054,0.974756,0.0112
2055,0.974401,0.0128
2056,0.974840,0.0145
2057,0.975043,0.0144
2058,0.976120,0.0145
2059,0.975906,0.0146
2060,0.976098,0.0148
2061,0.976446,0.0148
2062,0.977376,0.0148
2063,0.977898,0.0147
2064,0.977967,0.0148
2065,0.978453,0.0147
2066,0.979870,0.0146
2067,0.980318,0.0148
2068,0.980591,0.0149
2069,0.979846,0.0163
2070,0.979326,0.0101
2071,0.980008,0.0093
2072,0.979302,0.0144
2073,0.977736,0.0145
2074,0.977505,0.0145
2075,0.978411,0.0145
2076,0.978661,0.0147
2077,0.977945,0.0148
2078,0.977202,0.0148
2079,0.977320,0.0147
2080,0.976560,0.0147
2081,0.975402,0.0147
2082,0.975592,0.0132
2083,0.974727,0.0101
2084,0.974382,0.0147
2085,0.973780,0.0144
2086,0.973928,0.0146
2087,0.973640,0.0136
2088,0.973841,0.0149
2089,0.973513,0.0161
2090,0.973058,0.0150
2091,0.972607,0.0163
2092,0.972176,0.0164
2093,0.972476,0.0117
2094,0.971657,0.0095
2095,0.970758,0.0095
2096,0.969756,0.0164
2097,0.968900,0.0145
2098,0.967546,0.0146
2099,0.966528,0.0147
2100,0.965305,0.0150
2101,0.965069,0.0150
2102,0.964688,0.0149
2103,0.965167,0.0149
2104,0.966184,0.0149
2105,0.967229,0.0148
2106,0.968192,0.0148
2107,0.968379,0.0148
2108,0.968648,0.0149
2109,0.968013,0.0148
2110,0.967145,0.0137
2111,0.970832,0.0114
2112,0.975902,0.0129
2113,0.982677,0.0145
2114,0.990998,0.0149
2115,0.996257,0.0162
2116,0.999816,0.0152
2117,1.003085,0.0099
2118,1.003818,0.0094
2119,1.003226,0.0141
2120,1.003139,0.0145
2121,1.003677,0.0131
2122,1.003893,0.0145
2123,1.002480,0.0150
2124,1.003873,0.0150
2125,1.006971,0.0162
2126,1.009068,0.0148
2127,1.010036,0.0151
2128,1.009298,0.0150
2129,1.007975,0.0150
2130,1.004225,0.0149
2131,1.001322,0.0166
2132,0.997653,0.0150
2133,0.995349,0.0149
2134,0.994732,0.0148
2135,0.992532,0.0150
2136,0.989879,0.0149
2137,0.986208,0.0161
2138,0.982697,0.0139
2139,0.979083,0.0098
2140,0.976544,0.0096
2141,0.974864,0.0124
2142,0.973287,0.0103
2143,0.972232,0.0145
2144,0.969427,0.0143
2145,0.967122,0.0144
2146,0.964374,0.0147
2147,0.963579,0.0149
2148,0.963811,0.0148
2149,0.963213,0.0147
2150,0.962817,0.0148
2151,0.963315,0.0148
2152,0.963837,0.0147
2153,0.963894,0.0147
2154,0.964563,0.0150
2155,0.965773,0.0150
2156,0.966678,0.0149
2157,0.966228,0.0150
2158,0.964539,0.0150
2159,0.963488,0.0164
2160,0.961723,0.0162
2161,0.961654,0.0148
2162,0.962206,0.0116
2163,0.961528,0.0095
2164,0.961329,0.0093
2165,0.962353,0.0163
2166,0.965080,0.0142
2167,0.972876,0.0147
2168,0.984609,0.0147
2169,0.996212,0.0137
2170,1.007854,0.0111
2171,1.017174,0.0126
2172,1.025314,0.0144
2173,1.030377,0.0146
2174,1.034562,0.0148
2175,1.037881,0.0161
2176,1.039212,0.0148
2177,1.039737,0.0149
2178,1.038888,0.0162
2179,1.036740,0.0162
2180,1.035838,0.0149
2181,1.033281,0.0163
2182,1.029863,0.0165
2183,1.027101,0.0151
2184,1.022831,0.0150
2185,1.019915,0.0102
2186,1.020111,0.0094
2187,1.022365,0.0140
2188,1.025890,0.0144
2189,1.028844,0.0144
2190,1.030042,0.0144
2191,1.031229,0.0148
2192,1.032294,0.0148
2193,1.032320,0.0162
2194,1.033264,0.0163
2195,1.032706,0.0150
2196,1.029248,0.0157
2197,1.025773,0.0097
2198,1.023679,0.0127
2199,1.020778,0.0146
2200,1.015826,0.0145
2201,1.011263,0.0157
2202,1.007293,0.0151
2203,1.002980,0.0164
2204,0.999051,0.0163
2205,0.994023,0.0149
2206,0.990096,0.0164
2207,0.986999,0.0116
2208,0.984492,0.0095
2209,0.981891,0.0142
2210,0.980020,0.0145
2211,0.978142,0.0144
2212,0.976757,0.0148
2213,0.975712,0.0162
2214,0.974677,0.0162
2215,0.973914,0.0148
2216,0.974199,0.0149
2217,0.973833,0.0150
2218,0.974684,0.0150
2219,0.975769,0.0149
2220,0.975839,0.0150
2221,0.976722,0.0164
2222,0.977621,0.0164
2223,0.977711,0.0130
2224,0.977012,0.0106
2225,0.976507,0.0148
2226,0.976847,0.0129
2227,0.978082,0.0159
2228,0.977044,0.0147
2229,0.977612,0.0138
2230,0.976554,0.0097
2231,0.976917,0.0094
2232,0.976482,0.0123
2233,0.975858,0.0148
2234,0.976069,0.0145
2235,0.976435,0.0147
2236,0.977487,0.0151
2237,0.977742,0.0164
2238,0.978693,0.0152
2239,0.978646,0.0150
2240,0.979029,0.0150
2241,0.978836,0.0150
2242,0.979230,0.0149
2243,0.979390,0.0148
2244,0.979576,0.0165
2245,0.980171,0.0166
2246,0.979962,0.0151
2247,0.979930,0.0164
2248,0.979548,0.0150
2249,0.978921,0.0164
2250,0.978841,0.0149
2251,0.977994,0.0116
2252,0.977264,0.0096
2253,0.976882,0.0102
2254,0.976478,0.0115
2255,0.975920,0.0124
2256,0.975449,0.0142
2257,0.975272,0.0145
2258,0.974327,0.0146
2259,0.973683,0.0147
2260,0.973372,0.0151
2261,0.971668,0.0164
2262,0.972107,0.0164
2263,0.972006,0.0150
2264,0.971184,0.0150
2265,0.970286,0.0150
2266,0.970516,0.0150
2267,0.969654,0.0149
2268,0.969553,0.0149
2269,0.969109,0.0150
2270,0.968533,0.0163
2271,0.967740,0.0149
2272,0.967385,0.0149
2273,0.965855,0.0150
2274,0.964807,0.0128
2275,0.964271,0.0096
2276,0.963078,0.0094
2277,0.963290,0.0152
2278,0.963921,0.0148
2279,0.966232,0.0161
2280,0.966842,0.0150
2281,0.965821,0.0138
2282,0.964247,0.0115
2283,0.962819,0.0132
2284,0.961706,0.0160
2285,0.961231,0.0149
2286,0.962080,0.0163
2287,0.962580,0.0163
2288,0.963098,0.0164
2289,0.964997,0.0164
2290,0.966186,0.0164
2291,0.967376,0.0151
2292,0.967811,0.0151
2293,0.967601,0.0163
2294,0.967197,0.0153
2295,0.967451,0.0152
2296,0.969058,0.0128
2297,0.969136,0.0096
2298,0.968063,0.0094
2299,0.968642,0.0152
2300,0.969765,0.0144
2301,0.972425,0.0146
2302,0.972762,0.0147
2303,0.972489,0.0150
2304,0.971774,0.0151
2305,0.971906,0.0150
2306,0.973044,0.0149
2307,0.973375,0.0152
2308,0.973804,0.0154
2309,0.973285,0.0115
2310,0.971819,0.0129
2311,0.970653,0.0148
2312,0.969492,0.0146
2313,0.967657,0.0146
2314,0.966174,0.0149
2315,0.965457,0.0165
2316,0.965072,0.0164
2317,0.966010,0.0152
2318,0.967246,0.0152
2319,0.969365,0.0141
2320,0.971718,0.0099
2321,0.972976,0.0095
2322,0.972163,0.0141
2323,0.970731,0.0143
2324,0.968503,0.0146
2325,0.968969,0.0149
2326,0.969494,0.0163
2327,0.968293,0.0164
2328,0.965473,0.0165
2329,0.963937,0.0152
2330,0.962796,0.0152
2331,0.962928,0.0149
2332,0.961621,0.0165
2333,0.960386,0.0164
2334,0.959294,0.0151
2335,0.959027,0.0149
2336,0.960070,0.0119
2337,0.965149,0.0107
2338,0.978549,0.0157
2339,0.994312,0.0148
2340,1.010690,0.0162
2341,1.024279,0.0150
2342,1.033748,0.0117
2343,1.038429,0.0095
2344,1.039993,0.0095
2345,1.037542,0.0165
2346,1.032047,0.0143
2347,1.024848,0.0129
2348,1.016590,0.0149
2349,1.007473,0.0163
2350,0.998144,0.0163
2351,0.989172,0.0164
2352,0.982093,0.0151
2353,0.976579,0.0164
2354,0.974800,0.0151
2355,0.975039,0.0150
2356,0.974804,0.0150
2357,0.975431,0.0166
2358,0.975427,0.0151
2359,0.976513,0.0150
2360,0.978694,0.0149
2361,0.982851,0.0166
2362,0.988240,0.0165
2363,0.994460,0.0118
2364,0.999327,0.0097
2365,1.002368,0.0102
2366,1.003490,0.0119
2367,1.000430,0.0124
2368,0.996081,0.0144
2369,0.990478,0.0145
2370,0.985416,0.0148
2371,0.982571,0.0164
2372,0.981751,0.0151
2373,0.981324,0.0151
2374,0.982970,0.0164
2375,0.984731,0.0164
2376,0.985987,0.0163
2377,0.987805,0.0164
2378,0.988744,0.0149
2379,0.989580,0.0149
2380,0.989304,0.0150
2381,0.989266,0.0164
2382,0.987579,0.0166
2383,0.985476,0.0155
2384,0.984211,0.0154
2385,0.982836,0.0132
2386,0.981032,0.0097
2387,0.979669,0.0096
2388,0.978521,0.0165
2389,0.977992,0.0148
2390,0.978039,0.0148
2391,0.979516,0.0148
2392,0.980975,0.0140
2393,0.982503,0.0115
2394,0.982264,0.0130
2395,0.981686,0.0159
2396,0.978583,0.0149
2397,0.977131,0.0151
2398,0.974442,0.0150
2399,0.972994,0.0151
2400,0.971431,0.0164
2401,0.970851,0.0151
2402,0.969934,0.0163
2403,0.968716,0.0163
2404,0.968556,0.0153
2405,0.967017,0.0153
2406,0.965601,0.0164
2407,0.963949,0.0142
2408,0.961983,0.0098
2409,0.961248,0.0097
2410,0.960862,0.0155
2411,0.959985,0.0146
2412,0.959130,0.0145
2413,0.959417,0.0146
2414,0.958938,0.0152
2415,0.960019,0.0152
2416,0.960973,0.0165
2417,0.961644,0.0164
2418,0.962537,0.0164
2419,0.962598,0.0136
2420,0.963169,0.0104
2421,0.963420,0.0149
2422,0.963919,0.0147
2423,0.964166,0.0146
2424,0.963907,0.0147
2425,0.963998,0.0151
2426,0.963738,0.0163
2427,0.963569,0.0152
2428,0.963907,0.0163
2429,0.962246,0.0151
2430,0.962533,0.0117
2431,0.963592,0.0097
2432,0.964072,0.0144
2433,0.963952,0.0161
2434,0.965264,0.0148
2435,0.967481,0.0147
2436,0.970789,0.0153
2437,0.974533,0.0164
2438,0.976793,0.0152
2439,0.977435,0.0163
2440,0.977205,0.0138
2441,0.975522,0.0165
2442,0.973626,0.0150
2443,0.971248,0.0163
2444,0.968038,0.0152
2445,0.966075,0.0164
2446,0.963235,0.0119
2447,0.962517,0.0131
2448,0.962500,0.0161
2449,0.963230,0.0147
2450,0.962972,0.0148
2451,0.961508,0.0150
2452,0.959398,0.0104
2453,0.957912,0.0098
2454,0.957320,0.0143
2455,0.955608,0.0146
2456,0.954526,0.0145
2457,0.954165,0.0149
2458,0.954863,0.0164
2459,0.954145,0.0163
2460,0.952933,0.0151
2461,0.953029,0.0165
2462,0.952626,0.0154
2463,0.952853,0.0165
2464,0.952336,0.0165
2465,0.952331,0.0152
2466,0.953581,0.0152
2467,0.953645,0.0149
2468,0.953548,0.0161
2469,0.953703,0.0163
2470,0.953851,0.0164
2471,0.954686,0.0166
2472,0.956783,0.0104
2473,0.961795,0.0098
2474,0.967456,0.0126
2475,0.970173,0.0104
2476,0.971859,0.0156
2477,0.972256,0.0145
2478,0.971295,0.0148
2479,0.970553,0.0150
2480,0.968321,0.0153
2481,0.967115,0.0166
2482,0.965757,0.0153
2483,0.964875,0.0152
2484,0.965480,0.0166
2485,0.966448,0.0166
2486,0.966881,0.0152
2487,0.967287,0.0151
2488,0.967475,0.0162
2489,0.967624,0.0153
2490,0.968623,0.0153
2491,0.967666,0.0165
2492,0.967723,0.0153
2493,0.966893,0.0166
2494,0.965235,0.0106
2495,0.966225,0.0098
2496,0.970530,0.0145
2497,0.973121,0.0160
2498,0.974467,0.0146
2499,0.972951,0.0150
2500,0.971779,0.0154
2501,0.971331,0.0116
2502,0.971285,0.0132
2503,0.973759,0.0151
2504,0.974783,0.0162
2505,0.976920,0.0149
2506,0.977891,0.0151
2507,0.978713,0.0164
2508,0.980796,0.0164
2509,0.982969,0.0165
2510,0.984314,0.0153
2511,0.986288,0.0153
2512,0.987499,0.0153
2513,0.988695,0.0153
2514,0.988441,0.0152
2515,0.988318,0.0164
2516,0.987342,0.0105
2517,0.986226,0.0098
2518,0.985813,0.0145
2519,0.983971,0.0148
2520,0.981454,0.0147
2521,0.979950,0.0150
2522,0.978831,0.0163
2523,0.976565,0.0151
2524,0.975096,0.0151
2525,0.974124,0.0163
2526,0.971649,0.0166
2527,0.969921,0.0148
2528,0.967997,0.0102
2529,0.966661,0.0154
2530,0.965210,0.0161
2531,0.963872,0.0162
2532,0.962178,0.0163
2533,0.961895,0.0153
2534,0.961315,0.0153
2535,0.960763,0.0164
2536,0.960224,0.0165
2537,0.959449,0.0130
2538,0.958291,0.0098
2539,0.957621,0.0098
2540,0.955950,0.0169
2541,0.956736,0.0147
2542,0.957788,0.0148
2543,0.959566,0.0163
2544,0.961071,0.0167
2545,0.962548,0.0168
2546,0.965979,0.0167
2547,0.968337,0.0166
2548,0.970477,0.0164
2549,0.972564,0.0153
2550,0.974991,0.0165
2551,0.974666,0.0165
2552,0.975013,0.0143
2553,0.975223,0.0116
2554,0.975281,0.0131
2555,0.976782,0.0148
2556,0.978848,0.0149
2557,0.979689,0.0151
2558,0.980628,0.0153
2559,0.981069,0.0119
2560,0.981713,0.0096
2561,0.983341,0.0097
2562,0.983423,0.0166
2563,0.983515,0.0146
2564,0.983080,0.0147
2565,0.983824,0.0147
2566,0.987729,0.0153
2567,0.994627,0.0165
2568,1.000080,0.0152
2569,1.004294,0.0163
2570,1.006252,0.0152
2571,1.006138,0.0154
2572,1.004409,0.0167
2573,1.001858,0.0165
2574,0.998161,0.0164
2575,0.994631,0.0165
2576,0.991624,0.0165
2577,0.988064,0.0152
2578,0.985423,0.0163
2579,0.982680,0.0144
2580,0.979962,0.0098
2581,0.978582,0.0098
2582,0.976691,0.0122
2583,0.978679,0.0129
2584,0.977814,0.0144
2585,0.979036,0.0147
2586,0.981279,0.0149
2587,0.981792,0.0162
2588,0.982153,0.0152
2589,0.984835,0.0153
2590,0.984610,0.0166
2591,0.984650,0.0153
2592,0.983514,0.0153
2593,0.983762,0.0154
2594,0.981802,0.0164
2595,0.980404,0.0151
2596,0.979964,0.0151
2597,0.978138,0.0152
2598,0.976571,0.0153
2599,0.975823,0.0137
2600,0.974855,0.0163
2601,0.974716,0.0154
2602,0.973613,0.0132
2603,0.973886,0.0097
2604,0.974597,0.0096
2605,0.974399,0.0169
2606,0.975447,0.0147
2607,0.975384,0.0153
2608,0.976028,0.0163
2609,0.978694,0.0144
2610,0.980047,0.0098
2611,0.981862,0.0129
2612,0.983170,0.0147
2613,0.985082,0.0148
2614,0.985069,0.0151
2615,0.985033,0.0164
2616,0.983628,0.0152
2617,0.982585,0.0164
2618,0.980671,0.0154
2619,0.979156,0.0153
2620,0.978623,0.0152
2621,0.978774,0.0165
2622,0.977674,0.0154
2623,0.976734,0.0153
2624,0.976768,0.0152
2625,0.977261,0.0128
2626,0.977880,0.0098
2627,0.977777,0.0098
2628,0.979980,0.0171
2629,0.987961,0.0147
2630,0.994837,0.0148
2631,1.000122,0.0135
2632,1.000796,0.0163
2633,0.998467,0.0165
2634,0.995926,0.0164
2635,0.992060,0.0153
2636,0.987897,0.0164
2637,0.983786,0.0119
2638,0.979833,0.0105
2639,0.976271,0.0151
2640,0.974020,0.0162
2641,0.972244,0.0162
2642,0.972437,0.0150
2643,0.973751,0.0152
2644,0.975387,0.0165
2645,0.977364,0.0153
2646,0.978818,0.0152
2647,0.979584,0.0152
2648,0.978115,0.0104
2649,0.975218,0.0098
2650,0.972010,0.0144
2651,0.969897,0.0149
2652,0.968553,0.0160
2653,0.966281,0.0148
2654,0.964574,0.0152
2655,0.963245,0.0153
2656,0.961739,0.0163
2657,0.960907,0.0151
2658,0.960425,0.0153
2659,0.960169,0.0153
2660,0.960866,0.0164
2661,0.961080,0.0164
2662,0.961886,0.0155
2663,0.962753,0.0166
2664,0.963248,0.0122
2665,0.962656,0.0107
2666,0.962758,0.0152
2667,0.962528,0.0148
2668,0.961589,0.0148
2669,0.959801,0.0166
2670,0.959065,0.0135
2671,0.957823,0.0100
2672,0.957191,0.0096
2673,0.956350,0.0169
2674,0.955743,0.0147
2675,0.955338,0.0152
2676,0.954772,0.0153
2677,0.954456,0.0164
2678,0.953939,0.0153
2679,0.953658,0.0165
2680,0.954079,0.0167
2681,0.955355,0.0166
2682,0.956828,0.0166
2683,0.957923,0.0165
2684,0.958833,0.0154
2685,0.959978,0.0165
2686,0.961556,0.0154
2687,0.962393,0.0165
2688,0.963040,0.0152
2689,0.963035,0.0165
2690,0.962651,0.0134
2691,0.962849,0.0098
2692,0.962322,0.0097
2693,0.961500,0.0121
2694,0.959932,0.0127
2695,0.958035,0.0145
2696,0.956907,0.0146
2697,0.955982,0.0147
2698,0.955440,0.0153
2699,0.954403,0.0165
2700,0.953327,0.0151
2701,0.952041,0.0149
2702,0.951454,0.0166
2703,0.951133,0.0165
2704,0.950285,0.0152
2705,0.948588,0.0163
2706,0.948218,0.0152
2707,0.948081,0.0155
2708,0.947594,0.0165
2709,0.946854,0.0165
2710,0.947113,0.0164
2711,0.947806,0.0164
2712,0.948197,0.0119
2713,0.949632,0.0098
2714,0.951352,0.0144
2715,0.953312,0.0162
2716,0.954453,0.0149
2717,0.955533,0.0162
2718,0.958126,0.0159
2719,0.962347,0.0100
2720,0.964732,0.0133
2721,0.966557,0.0161
2722,0.966565,0.0149
2723,0.965770,0.0149
2724,0.963786,0.0162
2725,0.962775,0.0152
2726,0.961702,0.0153
2727,0.960613,0.0165
2728,0.958789,0.0154
2729,0.957296,0.0153
2730,0.955815,0.0150
2731,0.954869,0.0162
2732,0.954642,0.0164
2733,0.954769,0.0151
2734,0.955786,0.0104
2735,0.956425,0.0097
2736,0.957493,0.0143
2737,0.957794,0.0162
2738,0.959214,0.0149
2739,0.960013,0.0150
2740,0.960028,0.0164
2741,0.960308,0.0154
2742,0.960979,0.0166
2743,0.961705,0.0165
2744,0.962435,0.0165
2745,0.962754,0.0120
2746,0.963565,0.0105
2747,0.963461,0.0154
2748,0.963427,0.0163
2749,0.964660,0.0152
2750,0.965438,0.0152
2751,0.966094,0.0165
2752,0.966529,0.0166
2753,0.966610,0.0168
2754,0.967438,0.0169
2755,0.967249,0.0133
2756,0.967158,0.0098
2757,0.966880,0.0097
2758,0.966131,0.0168
2759,0.965739,0.0161
2760,0.965234,0.0150
2761,0.965288,0.0163
2762,0.964381,0.0152
2763,0.963688,0.0152
2764,0.962763,0.0166
2765,0.961771,0.0166
2766,0.960264,0.0165
2767,0.959713,0.0152
2768,0.959203,0.0164
2769,0.957733,0.0168
2770,0.956141,0.0157
2771,0.955146,0.0118
2772,0.954347,0.0133
2773,0.953857,0.0150
2774,0.953696,0.0149
2775,0.953648,0.0149
2776,0.953301,0.0155
2777,0.953122,0.0117
2778,0.952623,0.0098
2779,0.952844,0.0135
2780,0.952307,0.0148
2781,0.951230,0.0148
2782,0.951093,0.0164
2783,0.951468,0.0138
2784,0.951012,0.0152
2785,0.951560,0.0151
2786,0.950948,0.0166
2787,0.950825,0.0153
2788,0.949933,0.0152
2789,0.949697,0.0164
2790,0.948530,0.0154
2791,0.949223,0.0165
2792,0.950664,0.0153
2793,0.951778,0.0152
2794,0.952044,0.0152
2795,0.950672,0.0167
2796,0.949323,0.0166
2797,0.947544,0.0168
2798,0.946377,0.0104
2799,0.945654,0.0097
2800,0.945966,0.0126
2801,0.945908,0.0103
2802,0.945994,0.0144
2803,0.945822,0.0154
2804,0.945240,0.0151
2805,0.945099,0.0164
2806,0.945428,0.0138
2807,0.945666,0.0164
2808,0.946304,0.0153
2809,0.946183,0.0154
2810,0.946065,0.0166
2811,0.946419,0.0164
2812,0.946776,0.0164
2813,0.947417,0.0155
2814,0.948114,0.0155
2815,0.948725,0.0168
2816,0.948892,0.0153
2817,0.949546,0.0152
2818,0.950430,0.0154
2819,0.951716,0.0166
2820,0.953322,0.0105
2821,0.954401,0.0097
2822,0.955223,0.0142
2823,0.955340,0.0145
2824,0.955538,0.0149
2825,0.955353,0.0151
2826,0.955537,0.0164
2827,0.954955,0.0119
2828,0.955568,0.0133
2829,0.955554,0.0163
2830,0.956002,0.0163
2831,0.955013,0.0151
2832,0.955137,0.0166
2833,0.954908,0.0165
2834,0.954008,0.0166
2835,0.954383,0.0165
2836,0.954208,0.0166
2837,0.953860,0.0168
2838,0.954371,0.0168
2839,0.954158,0.0167
2840,0.954643,0.0144
2841,0.954597,0.0102
2842,0.955407,0.0097
2843,0.955129,0.0142
2844,0.954927,0.0147
2845,0.954766,0.0148
2846,0.954706,0.0161
2847,0.954671,0.0152
2848,0.954443,0.0153
2849,0.954651,0.0152
2850,0.953933,0.0163
2851,0.953532,0.0151
2852,0.952574,0.0144
2853,0.951509,0.0117
2854,0.951121,0.0133
2855,0.951316,0.0161
2856,0.951046,0.0149
2857,0.951002,0.0150
2858,0.951889,0.0164
2859,0.951248,0.0156
2860,0.950578,0.0168
2861,0.950712,0.0154
2862,0.950839,0.0164
2863,0.950574,0.0120
2864,0.950583,0.0097
2865,0.949517,0.0096
2866,0.949129,0.0167
2867,0.949521,0.0146
2868,0.949387,0.0148
2869,0.949250,0.0154
2870,0.948757,0.0154
2871,0.948561,0.0153
2872,0.948253,0.0151
2873,0.950639,0.0155
2874,0.952177,0.0153
2875,0.953570,0.0151
2876,0.954412,0.0165
2877,0.955097,0.0165
2878,0.954168,0.0166
2879,0.953870,0.0156
2880,0.952420,0.0118
2881,0.951350,0.0133
2882,0.951283,0.0150
2883,0.950325,0.0161
2884,0.950072,0.0150
2885,0.949311,0.0153
2886,0.948611,0.0106
2887,0.947999,0.0099
2888,0.948056,0.0144
2889,0.947442,0.0161
2890,0.946551,0.0148
2891,0.946589,0.0166
2892,0.946078,0.0167
2893,0.945664,0.0167
2894,0.945638,0.0166
2895,0.945233,0.0153
2896,0.945434,0.0154
2897,0.944873,0.0166
2898,0.944636,0.0153
2899,0.944081,0.0151
2900,0.943698,0.0153
2901,0.943308,0.0165
2902,0.942857,0.0164
2903,0.941836,0.0153
2904,0.942162,0.0165
2905,0.942253,0.0155
2906,0.942019,0.0106
2907,0.941124,0.0099
2908,0.942033,0.0127
2909,0.941927,0.0105
2910,0.941025,0.0147
2911,0.940242,0.0146
2912,0.939554,0.0147
2913,0.939120,0.0149
2914,0.938467,0.0154
2915,0.937920,0.0166
2916,0.938043,0.0165
2917,0.938299,0.0164
2918,0.938165,0.0166
2919,0.937625,0.0168
2920,0.937976,0.0168
2921,0.937812,0.0168
2922,0.939169,0.0155
2923,0.938548,0.0166
2924,0.938289,0.0167
2925,0.938600,0.0156
2926,0.938186,0.0166
2927,0.938802,0.0117
2928,0.939757,0.0097
2929,0.940692,0.0144
2930,0.942654,0.0146
2931,0.944236,0.0150
2932,0.945421,0.0164
2933,0.946670,0.0151
2934,0.947818,0.0119
2935,0.948052,0.0132
2936,0.948539,0.0163
2937,0.948403,0.0163
2938,0.949163,0.0164
2939,0.950736,0.0167
2940,0.952192,0.0169
2941,0.955272,0.0166
2942,0.957736,0.0166
2943,0.960715,0.0168
2944,0.963627,0.0170
2945,0.966907,0.0177
2946,0.969058,0.0166
2947,0.970374,0.0131
2948,0.971644,0.0098
2949,0.971711,0.0097
2950,0.972452,0.0156
2951,0.972329,0.0164
2952,0.972303,0.0164
2953,0.972892,0.0166
2954,0.973970,0.0153
2955,0.974972,0.0165
2956,0.976939,0.0153
2957,0.977768,0.0166
2958,0.979142,0.0159
2959,0.979431,0.0106
2960,0.980150,0.0157
2961,0.979772,0.0151
2962,0.980061,0.0163
2963,0.979052,0.0163
2964,0.977864,0.0166
2965,0.976493,0.0167
2966,0.975972,0.0154
2967,0.975918,0.0167
2968,0.976210,0.0132
2969,0.976250,0.0098
2970,0.976377,0.0098
2971,0.975608,0.0171
2972,0.975296,0.0160
2973,0.974996,0.0148
2974,0.974009,0.0149
2975,0.972573,0.0154
2976,0.971742,0.0166
2977,0.970636,0.0167
2978,0.969855,0.0154
2979,0.969222,0.0164
2980,0.968347,0.0168
2981,0.966348,0.0168
2982,0.965518,0.0169
2983,0.963346,0.0156
2984,0.962347,0.0118
2985,0.961047,0.0133
2986,0.959563,0.0163
2987,0.958615,0.0152
2988,0.958089,0.0166
2989,0.956827,0.0145
2990,0.955803,0.0102
2991,0.954253,0.0097
2992,0.953065,0.0144
2993,0.952289,0.0145
2994,0.952492,0.0150
2995,0.952428,0.0162
2996,0.952401,0.0164
2997,0.952069,0.0164
2998,0.953082,0.0166
2999,0.955585,0.0156
3000,0.959396,0.0168
3001,0.962096,0.0155
3002,0.964370,0.0166
3003,0.966302,0.0166
3004,0.966672,0.0156
3005,0.966325,0.0155
3006,0.968357,0.0155
3007,0.968164,0.0163
3008,0.968776,0.0153
3009,0.967813,0.0157
3010,0.967774,0.0102
3011,0.967950,0.0099
3012,0.968244,0.0126
3013,0.966971,0.0105
3014,0.965410,0.0150
3015,0.964868,0.0161
3016,0.963382,0.0150
3017,0.962152,0.0153
3018,0.961747,0.0154
3019,0.960832,0.0166
3020,0.960176,0.0165
3021,0.960208,0.0153
3022,0.959984,0.0154
3023,0.960358,0.0166
3024,0.959607,0.0167
3025,0.959169,0.0167
3026,0.958297,0.0152
3027,0.958071,0.0168
3028,0.957035,0.0168
3029,0.956963,0.0168
3030,0.956030,0.0169
3031,0.957347,0.0120
3032,0.957790,0.0099
3033,0.958250,0.0146
3034,0.958777,0.0161
3035,0.958519,0.0166
3036,0.958541,0.0165
3037,0.958123,0.0149
3038,0.957442,0.0107
3039,0.957341,0.0154
3040,0.956144,0.0163
3041,0.955610,0.0163
3042,0.955301,0.0151
3043,0.954351,0.0168
3044,0.953506,0.0167
3045,0.952472,0.0166
3046,0.951775,0.0167
3047,0.951247,0.0154
3048,0.950124,0.0166
3049,0.948929,0.0165
3050,0.948420,0.0153
3051,0.947335,0.0142
3052,0.946929,0.0100
3053,0.946157,0.0096
3054,0.946434,0.0142
3055,0.947758,0.0161
3056,0.948511,0.0163
3057,0.948701,0.0153
3058,0.949328,0.0153
3059,0.948409,0.0166
3060,0.948513,0.0165
3061,0.948835,0.0154
3062,0.949363,0.0166
3063,0.950456,0.0122
3064,0.951489,0.0108
3065,0.952679,0.0154
3066,0.953500,0.0161
3067,0.953514,0.0152
3068,0.953500,0.0165
3069,0.953239,0.0166
3070,0.953274,0.0153
3071,0.953596,0.0155
3072,0.954387,0.0166
3073,0.954239,0.0144
3074,0.953918,0.0101
3075,0.953714,0.0098
3076,0.952906,0.0170
3077,0.952298,0.0149
3078,0.951887,0.0151
3079,0.951683,0.0151
3080,0.951253,0.0164
3081,0.951031,0.0165
3082,0.949541,0.0170
3083,0.948889,0.0170
3084,0.947936,0.0170
3085,0.946521,0.0168
3086,0.947090,0.0166
3087,0.945957,0.0166
3088,0.946493,0.0161
3089,0.947263,0.0108
3090,0.947710,0.0159
3091,0.947723,0.0165
3092,0.947232,0.0155
3093,0.947065,0.0167
3094,0.947717,0.0120
3095,0.947504,0.0098
3096,0.948112,0.0097
3097,0.948091,0.0166
3098,0.947029,0.0150
3099,0.947042,0.0163
3100,0.947119,0.0166
3101,0.946885,0.0139
3102,0.945824,0.0167
3103,0.944956,0.0166
3104,0.944265,0.0166
3105,0.943421,0.0168
3106,0.941203,0.0165
3107,0.941163,0.0156
3108,0.940996,0.0156
3109,0.940901,0.0167
3110,0.940551,0.0154
3111,0.940023,0.0165
3112,0.940826,0.0155
3113,0.940365,0.0167
3114,0.940819,0.0133
3115,0.940696,0.0100
3116,0.940418,0.0104
3117,0.940634,0.0119
3118,0.940626,0.0130
3119,0.940069,0.0160
3120,0.939814,0.0162
3121,0.939369,0.0165
3122,0.938899,0.0169
3123,0.938079,0.0169
3124,0.938052,0.0168
3125,0.937652,0.0168
3126,0.937001,0.0155
3127,0.936585,0.0166
3128,0.935895,0.0155
3129,0.935885,0.0167
3130,0.935179,0.0166
3131,0.934550,0.0156
3132,0.934804,0.0169
3133,0.935083,0.0157
3134,0.934271,0.0168
3135,0.934529,0.0118
3136,0.934474,0.0098
3137,0.934418,0.0129
3138,0.935371,0.0151
3139,0.935053,0.0151
3140,0.934773,0.0165
3141,0.934110,0.0166
3142,0.934006,0.0121
3143,0.934040,0.0134
3144,0.933785,0.0162
3145,0.933165,0.0150
3146,0.932558,0.0165
3147,0.932243,0.0168
3148,0.933327,0.0152
3149,0.933208,0.0167
3150,0.932763,0.0168
3151,0.932878,0.0168
3152,0.932990,0.0168
3153,0.933348,0.0168
3154,0.933447,0.0154
3155,0.933608,0.0153
3156,0.933871,0.0119
3157,0.934151,0.0098
3158,0.934489,0.0097
3159,0.934321,0.0169
3160,0.933673,0.0148
3161,0.933482,0.0160
3162,0.932983,0.0164
3163,0.932740,0.0157
3164,0.932488,0.0169
3165,0.933028,0.0168
3166,0.932715,0.0165
3167,0.932090,0.0150
3168,0.932450,0.0106
3169,0.932150,0.0155
3170,0.932263,0.0151
3171,0.932070,0.0150
3172,0.931630,0.0166
3173,0.931830,0.0166
3174,0.931802,0.0165
3175,0.931376,0.0154
3176,0.931124,0.0169
3177,0.931622,0.0146
3178,0.931056,0.0100
3179,0.930329,0.0098
3180,0.930378,0.0173
3181,0.930660,0.0149
3182,0.930856,0.0163
3183,0.931324,0.0167
3184,0.931788,0.0168
3185,0.931821,0.0166
3186,0.931144,0.0165
3187,0.930465,0.0165
3188,0.930291,0.0169
3189,0.930144,0.0169
3190,0.930454,0.0169
3191,0.930617,0.0155
3192,0.930550,0.0150
3193,0.930732,0.0106
3194,0.929685,0.0153
3195,0.930103,0.0151
3196,0.929772,0.0163
3197,0.929786,0.0167
3198,0.929513,0.0119
3199,0.929141,0.0100
3200,0.929008,0.0146
3201,0.929668,0.0151
3202,0.929759,0.0150
3203,0.929394,0.0152
3204,0.929899,0.0154
3205,0.929538,0.0165
3206,0.929978,0.0165
3207,0.929350,0.0165
3208,0.929939,0.0140
3209,0.929406,0.0166
3210,0.929614,0.0166
3211,0.929411,0.0167
3212,0.929243,0.0166
3213,0.928848,0.0158
3214,0.928692,0.0169
3215,0.928799,0.0154
3216,0.928985,0.0166
3217,0.929785,0.0155
3218,0.929422,0.0108
3219,0.929490,0.0100
3220,0.929731,0.0128
3221,0.929166,0.0106
3222,0.928707,0.0158
3223,0.928354,0.0160
3224,0.928504,0.0150
3225,0.928551,0.0151
3226,0.928773,0.0152
3227,0.928963,0.0154
3228,0.928842,0.0166
3229,0.928787,0.0150
3230,0.927902,0.0152
3231,0.927925,0.0155
3232,0.927412,0.0166
3233,0.927029,0.0153
3234,0.926697,0.0165
3235,0.927299,0.0165
3236,0.927432,0.0169
3237,0.927173,0.0170
3238,0.928032,0.0169
3239,0.928248,0.0135
3240,0.927837,0.0100
3241,0.928308,0.0098
3242,0.927931,0.0171
3243,0.927976,0.0163
3244,0.927700,0.0153
3245,0.928007,0.0165
3246,0.927581,0.0135
3247,0.928172,0.0107
3248,0.928029,0.0162
3249,0.928254,0.0162
3250,0.928090,0.0152
3251,0.927990,0.0168
3252,0.928109,0.0168
3253,0.928242,0.0168
3254,0.928438,0.0168
3255,0.928364,0.0166
3256,0.927976,0.0167
3257,0.927769,0.0167
3258,0.927280,0.0166
3259,0.927419,0.0154
3260,0.927005,0.0117
3261,0.926881,0.0098
3262,0.926352,0.0146
3263,0.926262,0.0161
3264,0.925906,0.0151
3265,0.925061,0.0152
3266,0.924967,0.0152
3267,0.925294,0.0165
3268,0.925152,0.0156
3269,0.925497,0.0168
3270,0.925829,0.0166
3271,0.925515,0.0134
3272,0.925047,0.0108
3273,0.925722,0.0152
3274,0.925779,0.0149
3275,0.925661,0.0151
3276,0.925706,0.0165
3277,0.925558,0.0165
3278,0.925844,0.0165
3279,0.925334,0.0155
3280,0.925716,0.0169
3281,0.926641,0.0146
3282,0.926340,0.0101
3283,0.926639,0.0098
3284,0.927058,0.0170
3285,0.927561,0.0146
3286,0.926802,0.0151
3287,0.927266,0.0165
3288,0.927229,0.0154
3289,0.927622,0.0168
3290,0.928203,0.0167
3291,0.927927,0.0168
3292,0.928155,0.0170
3293,0.928425,0.0167
3294,0.928984,0.0166
3295,0.929595,0.0165
3296,0.929401,0.0160
3297,0.929164,0.0101
3298,0.928787,0.0133
3299,0.929095,0.0162
3300,0.928851,0.0167
3301,0.929174,0.0168
3302,0.930052,0.0132
3303,0.930130,0.0100
3304,0.929909,0.0099
3305,0.929203,0.0172
3306,0.929110,0.0165
3307,0.929423,0.0155
3308,0.929334,0.0154
3309,0.929445,0.0154
3310,0.930463,0.0164
3311,0.930939,0.0166
3312,0.931069,0.0168
3313,0.930716,0.0155
3314,0.931284,0.0155
3315,0.931517,0.0153
3316,0.931624,0.0155
3317,0.931231,0.0165
3318,0.931491,0.0154
3319,0.931012,0.0166
3320,0.929939,0.0156
3321,0.929557,0.0167
3322,0.929964,0.0156
3323,0.929368,0.0103
3324,0.928634,0.0098
3325,0.928383,0.0124
3326,0.928012,0.0104
3327,0.928272,0.0148
3328,0.927488,0.0144
3329,0.927962,0.0150
3330,0.927018,0.0164
3331,0.926686,0.0154
3332,0.926619,0.0153
3333,0.926968,0.0155
3334,0.927054,0.0166
3335,0.927005,0.0154
3336,0.926501,0.0164
3337,0.926496,0.0153
3338,0.926799,0.0154
3339,0.926152,0.0165
3340,0.926440,0.0154
3341,0.926421,0.0167
3342,0.926174,0.0167
3343,0.925872,0.0167
3344,0.926093,0.0157
3345,0.926306,0.0106
3346,0.925676,0.0099
3347,0.925279,0.0145
3348,0.924837,0.0160
3349,0.925285,0.0164
3350,0.925132,0.0156
3351,0.925130,0.0144
3352,0.925141,0.0119
3353,0.924989,0.0133
3354,0.924797,0.0162
3355,0.925288,0.0162
3356,0.924845,0.0164
3357,0.925045,0.0155
3358,0.925088,0.0156
3359,0.924760,0.0169
3360,0.924536,0.0168
3361,0.924438,0.0167
3362,0.924309,0.0166
3363,0.924235,0.0171
3364,0.924146,0.0157
3365,0.924204,0.0155
3366,0.923912,0.0120
3367,0.923388,0.0098
3368,0.923286,0.0099
3369,0.923195,0.0172
3370,0.922856,0.0149
3371,0.922550,0.0163
3372,0.923518,0.0151
3373,0.923327,0.0166
3374,0.923061,0.0156
3375,0.922845,0.0168
3376,0.922753,0.0169
3377,0.922111,0.0161
3378,0.922224,0.0101
3379,0.922025,0.0133
3380,0.922801,0.0162
3381,0.923362,0.0164
3382,0.923349,0.0166
3383,0.924014,0.0154
3384,0.923695,0.0165
3385,0.923814,0.0165
3386,0.924460,0.0155
3387,0.924272,0.0157
3388,0.924365,0.0103
3389,0.924336,0.0098
3390,0.924274,0.0144
3391,0.924107,0.0148
3392,0.924040,0.0163
3393,0.924005,0.0153
3394,0.923987,0.0167
3395,0.923848,0.0166
3396,0.923073,0.0155
3397,0.923056,0.0169
3398,0.922998,0.0168
3399,0.922937,0.0168
3400,0.923116,0.0154
3401,0.923002,0.0154
3402,0.922581,0.0154
3403,0.922252,0.0149
3404,0.922851,0.0106
3405,0.922879,0.0153
3406,0.922621,0.0164
3407,0.922647,0.0164
3408,0.922074,0.0152
3409,0.922625,0.0117
3410,0.922623,0.0098
3411,0.922327,0.0147
3412,0.922225,0.0161
3413,0.922919,0.0152
3414,0.922869,0.0151
3415,0.922634,0.0152
3416,0.922818,0.0153
3417,0.923143,0.0167
3418,0.923238,0.0167
3419,0.925487,0.0169
3420,0.927289,0.0155
3421,0.927516,0.0155
3422,0.927492,0.0167
3423,0.927324,0.0166
3424,0.927195,0.0153
3425,0.927323,0.0153
3426,0.926941,0.0154
3427,0.926194,0.0155
3428,0.925607,0.0167
3429,0.924213,0.0132
3430,0.923955,0.0099
3431,0.923821,0.0105
3432,0.923798,0.0118
3433,0.922990,0.0129
3434,0.923160,0.0146
3435,0.923051,0.0153
3436,0.922930,0.0165
3437,0.922845,0.0166
3438,0.922684,0.0168
3439,0.922592,0.0167
3440,0.922008,0.0157
3441,0.921604,0.0167
3442,0.921344,0.0169
3443,0.921194,0.0166
3444,0.921195,0.0165
3445,0.921312,0.0155
3446,0.920973,0.0169
3447,0.921337,0.0168
3448,0.921243,0.0155
3449,0.920893,0.0154
3450,0.920887,0.0144
3451,0.921161,0.0099
3452,0.921516,0.0098
3453,0.921521,0.0169
3454,0.921526,0.0148
3455,0.921533,0.0149
3456,0.921288,0.0154
3457,0.920979,0.0160
3458,0.920702,0.0101
3459,0.920745,0.0132
3460,0.920760,0.0148
3461,0.920408,0.0161
3462,0.920028,0.0151
3463,0.920717,0.0168
3464,0.920502,0.0167
3465,0.920283,0.0168
3466,0.920151,0.0168
3467,0.920737,0.0155
3468,0.920740,0.0166
3469,0.920286,0.0155
3470,0.920113,0.0167
3471,0.919717,0.0166
3472,0.919871,0.0119
3473,0.919588,0.0099
3474,0.920503,0.0147
3475,0.921565,0.0162
3476,0.921603,0.0166
3477,0.922704,0.0167
3478,0.923422,0.0165
3479,0.924135,0.0164
3480,0.924468,0.0165
3481,0.925292,0.0154
3482,0.925497,0.0160
3483,0.926288,0.0107
3484,0.926592,0.0156
3485,0.926879,0.0164
3486,0.926756,0.0165
3487,0.926826,0.0165
3488,0.926755,0.0165
3489,0.926504,0.0168
3490,0.926715,0.0157
3491,0.926843,0.0169
3492,0.926816,0.0120
3493,0.927282,0.0099
3494,0.926768,0.0157
3495,0.926740,0.0150
3496,0.926337,0.0150
3497,0.926006,0.0166
3498,0.926636,0.0167
3499,0.926045,0.0167
3500,0.925886,0.0166
3501,0.925385,0.0166
3502,0.925074,0.0156
3503,0.924722,0.0169
3504,0.924892,0.0168
3505,0.924691,0.0168
3506,0.924594,0.0157
3507,0.924738,0.0119
3508,0.924298,0.0135
3509,0.924223,0.0163
3510,0.924206,0.0164
3511,0.924515,0.0170
3512,0.924541,0.0136
3513,0.924743,0.0101
3514,0.924599,0.0098
3515,0.924603,0.0171
3516,0.924520,0.0151
3517,0.923763,0.0164
3518,0.923694,0.0154
3519,0.923230,0.0166
3520,0.923431,0.0167
3521,0.923824,0.0167
3522,0.923375,0.0155
3523,0.923247,0.0154
3524,0.924837,0.0166
3525,0.925336,0.0154
3526,0.925331,0.0166
3527,0.924986,0.0152
3528,0.925872,0.0155
3529,0.926409,0.0167
3530,0.927367,0.0165
3531,0.927970,0.0153
3532,0.927925,0.0144
3533,0.927756,0.0100
3534,0.927588,0.0098
3535,0.927683,0.0125
3536,0.927369,0.0106
3537,0.927248,0.0157
3538,0.926916,0.0147
3539,0.927091,0.0148
3540,0.926811,0.0166
3541,0.926295,0.0155
3542,0.925842,0.0154
3543,0.926238,0.0165
3544,0.926081,0.0165
3545,0.926435,0.0168
3546,0.926201,0.0168
3547,0.925939,0.0167
3548,0.925864,0.0166
3549,0.925894,0.0165
3550,0.925977,0.0166
3551,0.925857,0.0167
3552,0.925590,0.0169
3553,0.925889,0.0147
3554,0.925570,0.0101
3555,0.925140,0.0099
3556,0.925248,0.0171
3557,0.925404,0.0149
3558,0.925335,0.0167
3559,0.925838,0.0154
3560,0.925901,0.0149
3561,0.925538,0.0106
3562,0.925439,0.0153
3563,0.925441,0.0162
3564,0.924842,0.0163
3565,0.924644,0.0167
3566,0.924324,0.0171
3567,0.923892,0.0171
3568,0.923716,0.0170
3569,0.924045,0.0170
3570,0.923357,0.0156
3571,0.922579,0.0155
3572,0.922614,0.0166
3573,0.923084,0.0166
3574,0.923463,0.0132
3575,0.923546,0.0099
3576,0.923090,0.0098
3577,0.922632,0.0169
3578,0.922468,0.0150
3579,0.922463,0.0163
3580,0.922462,0.0163
3581,0.922488,0.0164
3582,0.922682,0.0165
3583,0.923073,0.0158
3584,0.922973,0.0168
3585,0.923283,0.0151
3586,0.923365,0.0108
3587,0.922513,0.0155
3588,0.922362,0.0151
3589,0.922330,0.0151
3590,0.922172,0.0164
3591,0.922052,0.0168
3592,0.921941,0.0168
3593,0.921625,0.0169
3594,0.921316,0.0169
3595,0.920837,0.0132
3596,0.921550,0.0101
3597,0.922198,0.0100
3598,0.922256,0.0172
3599,0.922207,0.0152
3600,0.922057,0.0165
3601,0.922632,0.0152
3602,0.922450,0.0153
3603,0.922495,0.0167
3604,0.922147,0.0169
3605,0.921510,0.0167
3606,0.921682,0.0166
3607,0.922247,0.0155
3608,0.922013,0.0168
3609,0.922178,0.0170
3610,0.922367,0.0163
3611,0.921884,0.0102
3612,0.922185,0.0135
3613,0.921978,0.0152
3614,0.921996,0.0161
3615,0.921860,0.0151
3616,0.921768,0.0155
3617,0.921699,0.0107
3618,0.921564,0.0099
3619,0.921320,0.0146
3620,0.921167,0.0161
3621,0.920926,0.0155
3622,0.921375,0.0166
3623,0.921189,0.0154
3624,0.921138,0.0167
3625,0.921122,0.0164
3626,0.920959,0.0154
3627,0.921188,0.0155
3628,0.921086,0.0166
3629,0.921021,0.0154
3630,0.920220,0.0166
3631,0.920352,0.0165
3632,0.920613,0.0167
3633,0.920369,0.0168
3634,0.920791,0.0168
3635,0.920389,0.0167
3636,0.920248,0.0135
3637,0.919689,0.0099
3638,0.919508,0.0099
3639,0.918805,0.0124
3640,0.918735,0.0130
3641,0.918902,0.0145
3642,0.918971,0.0151
3643,0.919440,0.0165
3644,0.919401,0.0166
3645,0.919293,0.0155
3646,0.919570,0.0154
3647,0.919982,0.0155
3648,0.920318,0.0165
3649,0.919660,0.0153
3650,0.919592,0.0165
3651,0.919883,0.0157
3652,0.919650,0.0170
3653,0.919963,0.0167
3654,0.920123,0.0166
3655,0.920025,0.0166
3656,0.920257,0.0167
3657,0.920163,0.0157
3658,0.920038,0.0103
3659,0.920233,0.0099
3660,0.919991,0.0158
3661,0.919829,0.0148
3662,0.919481,0.0147
3663,0.919680,0.0153
3664,0.919714,0.0156
3665,0.919227,0.0119
3666,0.919460,0.0134
3667,0.919860,0.0164
3668,0.919739,0.0152
3669,0.919812,0.0149
3670,0.919933,0.0166
3671,0.919774,0.0155
3672,0.920285,0.0169
3673,0.920586,0.0166
3674,0.919735,0.0167
3675,0.919776,0.0156
3676,0.919750,0.0168
3677,0.919876,0.0169
3678,0.920076,0.0167
3679,0.920461,0.0120
3680,0.919575,0.0099
3681,0.920039,0.0147
3682,0.919554,0.0150
3683,0.919371,0.0163
3684,0.919477,0.0150
3685,0.919077,0.0162
3686,0.918711,0.0165
3687,0.918984,0.0169
3688,0.919392,0.0168
3689,0.919252,0.0159
3690,0.919106,0.0120
3691,0.919200,0.0135
3692,0.919284,0.0164
3693,0.919942,0.0163
3694,0.919971,0.0164
3695,0.920506,0.0155
3696,0.920398,0.0168
3697,0.920948,0.0169
3698,0.920833,0.0167
3699,0.920841,0.0144
3700,0.920930,0.0103
3701,0.920571,0.0098
3702,0.919871,0.0156
3703,0.919907,0.0162
3704,0.920027,0.0164
3705,0.919925,0.0164
3706,0.919776,0.0166
3707,0.919536,0.0154
3708,0.919425,0.0167
3709,0.919978,0.0167
3710,0.919651,0.0167
3711,0.919318,0.0168
3712,0.920062,0.0167
3713,0.920749,0.0167
3714,0.920953,0.0147
3715,0.920867,0.0106
3716,0.920715,0.0157
3717,0.920792,0.0163
3718,0.920535,0.0165
3719,0.920975,0.0165
3720,0.921222,0.0105
3721,0.921370,0.0099
3722,0.922575,0.0147
3723,0.922614,0.0151
3724,0.922877,0.0164
3725,0.922590,0.0152
3726,0.922064,0.0163
3727,0.922050,0.0151
3728,0.921944,0.0167
3729,0.922627,0.0155
3730,0.922638,0.0155
3731,0.922799,0.0165
3732,0.922596,0.0154
3733,0.923232,0.0167
3734,0.923393,0.0167
3735,0.923130,0.0167
3736,0.923408,0.0166
3737,0.922537,0.0166
3738,0.923401,0.0167
3739,0.923500,0.0145
3740,0.923045,0.0101
3741,0.923308,0.0098
3742,0.924391,0.0124
3743,0.925092,0.0131
3744,0.925831,0.0134
3745,0.926100,0.0147
3746,0.925401,0.0149
3747,0.925582,0.0168
3748,0.924545,0.0167
3749,0.924024,0.0167
3750,0.923685,0.0155
3751,0.923581,0.0167
3752,0.922894,0.0169
3753,0.922830,0.0169
3754,0.922342,0.0168
3755,0.921957,0.0169
3756,0.922207,0.0155
3757,0.921908,0.0168
3758,0.921960,0.0170
3759,0.921672,0.0169
3760,0.921104,0.0146
3761,0.920767,0.0101
3762,0.920594,0.0099
3763,0.920218,0.0173
3764,0.919505,0.0150
3765,0.919457,0.0165
3766,0.918987,0.0164
3767,0.918794,0.0137
3768,0.919217,0.0106
3769,0.919041,0.0153
3770,0.919147,0.0163
3771,0.919060,0.0161
3772,0.919044,0.0155
3773,0.920083,0.0156
3774,0.920547,0.0155
3775,0.920797,0.0166
3776,0.920979,0.0153
3777,0.921031,0.0156
3778,0.921079,0.0168
3779,0.921415,0.0169
3780,0.921448,0.0169
3781,0.922127,0.0167
3782,0.922206,0.0107
3783,0.922290,0.0099
3784,0.921406,0.0145
3785,0.921247,0.0150
3786,0.921717,0.0163
3787,0.922083,0.0163
3788,0.923173,0.0167
3789,0.923472,0.0156
3790,0.923463,0.0167
3791,0.922932,0.0168
3792,0.923272,0.0157
3793,0.923455,0.0118
3794,0.923348,0.0134
3795,0.923226,0.0163
3796,0.922485,0.0164
3797,0.922395,0.0167
3798,0.923000,0.0168
3799,0.923101,0.0169
3800,0.923162,0.0168
3801,0.922674,0.0155
3802,0.922137,0.0132
3803,0.922156,0.0101
3804,0.922452,0.0100
3805,0.922439,0.0174
3806,0.922245,0.0162
3807,0.921645,0.0164
3808,0.920976,0.0167
3809,0.921073,0.0157
3810,0.921187,0.0168
3811,0.921448,0.0167
3812,0.920930,0.0154
3813,0.921296,0.0165
3814,0.921219,0.0153
3815,0.921294,0.0156
3816,0.921150,0.0168
3817,0.921311,0.0157
3818,0.921456,0.0120
3819,0.921134,0.0136
3820,0.921231,0.0164
3821,0.920672,0.0153
3822,0.920435,0.0165
3823,0.919675,0.0146
3824,0.919356,0.0102
3825,0.919870,0.0100
3826,0.920445,0.0171
3827,0.919946,0.0149
3828,0.920578,0.0150
3829,0.919955,0.0166
3830,0.919769,0.0166
3831,0.919754,0.0167
3832,0.919287,0.0167
3833,0.919653,0.0156
3834,0.920042,0.0167
3835,0.919527,0.0154
3836,0.919484,0.0167
3837,0.919075,0.0165
3838,0.919139,0.0154
3839,0.919055,0.0155
3840,0.918643,0.0167
3841,0.918980,0.0167
3842,0.918884,0.0167
3843,0.918445,0.0120
3844,0.918432,0.0100
3845,0.918395,0.0108
3846,0.918189,0.0121
3847,0.918127,0.0152
3848,0.917791,0.0147
3849,0.917443,0.0151
3850,0.917151,0.0152
3851,0.917542,0.0163
3852,0.917238,0.0153
3853,0.917451,0.0167
3854,0.917429,0.0168
3855,0.917625,0.0168
3856,0.917706,0.0154
3857,0.917321,0.0166
3858,0.917353,0.0155
3859,0.917133,0.0168
3860,0.917262,0.0167
3861,0.916790,0.0167
3862,0.916694,0.0141
3863,0.917259,0.0167
3864,0.917216,0.0145
3865,0.917200,0.0100
3866,0.917369,0.0098
3867,0.917449,0.0169
3868,0.917329,0.0148
3869,0.917493,0.0151
3870,0.918468,0.0173
3871,0.918194,0.0150
3872,0.918564,0.0108
3873,0.918317,0.0153
3874,0.918888,0.0163
3875,0.918766,0.0164
3876,0.918424,0.0154
3877,0.918333,0.0167
3878,0.918574,0.0166
3879,0.918442,0.0166
3880,0.918361,0.0154
3881,0.917814,0.0154
3882,0.917947,0.0165
3883,0.918339,0.0167
3884,0.918281,0.0170
3885,0.918621,0.0147
3886,0.918235,0.0104
3887,0.917908,0.0099
3888,0.918143,0.0158
3889,0.917636,0.0163
3890,0.917807,0.0155
3891,0.918396,0.0167
3892,0.918564,0.0167
3893,0.919355,0.0154
3894,0.919017,0.0154
3895,0.919176,0.0156
3896,0.918993,0.0168
3897,0.919132,0.0123
3898,0.918669,0.0108
3899,0.918651,0.0162
3900,0.918504,0.0162
3901,0.918460,0.0151
3902,0.919445,0.0167
3903,0.919660,0.0167
3904,0.920711,0.0157
3905,0.921052,0.0167
3906,0.921178,0.0166
3907,0.921654,0.0122
3908,0.920690,0.0099
3909,0.920198,0.0098
3910,0.919960,0.0168
3911,0.919657,0.0147
3912,0.918749,0.0150
3913,0.918752,0.0166
3914,0.917977,0.0166
3915,0.917995,0.0167
3916,0.917739,0.0155
3917,0.918153,0.0166
3918,0.917874,0.0157
3919,0.917018,0.0170
3920,0.917265,0.0167
3921,0.917741,0.0166
3922,0.917069,0.0154
3923,0.917174,0.0123
3924,0.917855,0.0135
3925,0.918460,0.0164
3926,0.918762,0.0165
3927,0.919316,0.0156
3928,0.918939,0.0145
3929,0.919344,0.0101
3930,0.918859,0.0100
3931,0.919106,0.0174
3932,0.919166,0.0163
3933,0.919489,0.0165
3934,0.919266,0.0155
3935,0.918713,0.0167
3936,0.918453,0.0166
3937,0.918292,0.0167
3938,0.918160,0.0156
3939,0.917954,0.0167
3940,0.917838,0.0167
3941,0.917196,0.0166
3942,0.917588,0.0165
3943,0.917146,0.0165
3944,0.916837,0.0157
3945,0.917462,0.0169
3946,0.918085,0.0153
3947,0.918523,0.0158
3948,0.919253,0.0104
3949,0.919752,0.0099
3950,0.920128,0.0125
3951,0.921184,0.0106
3952,0.921177,0.0159
3953,0.921660,0.0163
3954,0.921987,0.0166
3955,0.922518,0.0155
3956,0.922568,0.0166
3957,0.923020,0.0165
3958,0.923363,0.0155
3959,0.923709,0.0167
3960,0.924095,0.0168
3961,0.923788,0.0167
3962,0.924294,0.0154
3963,0.924462,0.0165
3964,0.924114,0.0157
3965,0.924203,0.0168
3966,0.923974,0.0168
3967,0.924228,0.0168
3968,0.924169,0.0145
3969,0.923863,0.0103
3970,0.924079,0.0099
3971,0.923626,0.0159
3972,0.923412,0.0161
3973,0.923546,0.0150
3974,0.923601,0.0163
3975,0.923285,0.0149
3976,0.923085,0.0107
3977,0.923118,0.0159
3978,0.923072,0.0153
3979,0.922834,0.0165
3980,0.922875,0.0164
3981,0.922757,0.0154
3982,0.922483,0.0166
3983,0.921230,0.0155
3984,0.922256,0.0167
3985,0.922346,0.0167
3986,0.922318,0.0168
3987,0.922923,0.0166
3988,0.922672,0.0154
3989,0.922565,0.0158
3990,0.922005,0.0104
3991,0.921979,0.0100
3992,0.922055,0.0159
3993,0.921675,0.0148
3994,0.921256,0.0149
3995,0.920868,0.0164
3996,0.920719,0.0166
3997,0.920199,0.0152
3998,0.920398,0.0168
3999,0.920236,0.0168
4000,0.919892,0.0158
4001,0.919690,0.0102
4002,0.919865,0.0138
4003,0.919095,0.0162
4004,0.918938,0.0153
4005,0.919629,0.0168
4006,0.919496,0.0155
4007,0.918761,0.0167
4008,0.919017,0.0168
4009,0.919073,0.0170
4010,0.918417,0.0158
4011,0.918694,0.0103
4012,0.918431,0.0098
4013,0.917717,0.0144
4014,0.917797,0.0148
4015,0.918193,0.0154
4016,0.917863,0.0166
4017,0.917966,0.0153
4018,0.917552,0.0153
4019,0.917662,0.0166
4020,0.917348,0.0168
4021,0.917220,0.0168
4022,0.917276,0.0168
4023,0.917370,0.0155
4024,0.917330,0.0155
4025,0.917170,0.0156
4026,0.916723,0.0158
4027,0.917376,0.0120
4028,0.917284,0.0134
4029,0.916857,0.0153
4030,0.916886,0.0163
4031,0.916667,0.0166
4032,0.916604,0.0146
4033,0.916962,0.0101
4034,0.916820,0.0101
4035,0.916511,0.0171
4036,0.916620,0.0151
4037,0.917190,0.0162
4038,0.917524,0.0152
4039,0.917465,0.0156
4040,0.917553,0.0168
4041,0.917710,0.0169
4042,0.917769,0.0155
4043,0.917879,0.0166
4044,0.917245,0.0156
4045,0.916809,0.0169
4046,0.916627,0.0167
4047,0.916368,0.0154
4048,0.916601,0.0155
4049,0.916384,0.0168
4050,0.916404,0.0170
4051,0.916610,0.0169
4052,0.916409,0.0135
4053,0.916554,0.0100
4054,0.916155,0.0099
4055,0.916066,0.0122
4056,0.916279,0.0129
4057,0.915473,0.0159
4058,0.915741,0.0151
4059,0.916025,0.0166
4060,0.916407,0.0167
4061,0.916360,0.0167
4062,0.916204,0.0156
4063,0.916156,0.0168
4064,0.915575,0.0168
4065,0.915479,0.0169
4066,0.915931,0.0168
4067,0.915493,0.0168
4068,0.915272,0.0169
4069,0.915173,0.0168
4070,0.914466,0.0169
4071,0.914859,0.0170
4072,0.914942,0.0160
4073,0.915230,0.0105
4074,0.915398,0.0099
4075,0.915560,0.0170
4076,0.915338,0.0162
4077,0.916244,0.0166
4078,0.916154,0.0157
4079,0.916721,0.0137
4080,0.916034,0.0109
4081,0.915802,0.0163
4082,0.915869,0.0164
4083,0.915344,0.0163
4084,0.915439,0.0166
4085,0.915444,0.0156
4086,0.915108,0.0169
4087,0.915493,0.0167
4088,0.915130,0.0166
4089,0.915134,0.0166
4090,0.915239,0.0166
4091,0.915485,0.0168
4092,0.915085,0.0157
4093,0.915516,0.0122
4094,0.915269,0.0101
4095,0.915607,0.0147
4096,0.915955,0.0150
4097,0.915879,0.0162
4098,0.915736,0.0155
4099,0.915077,0.0168
4100,0.915171,0.0154
4101,0.914733,0.0164
4102,0.915008,0.0166
4103,0.914297,0.0157
4104,0.915020,0.0137
4105,0.915133,0.0109
4106,0.915072,0.0163
4107,0.915185,0.0153
4108,0.914867,0.0164
4109,0.914432,0.0164
4110,0.914297,0.0155
4111,0.914752,0.0170
4112,0.914115,0.0170
4113,0.913920,0.0168
4114,0.913873,0.0120
4115,0.914893,0.0099
4116,0.915196,0.0147
4117,0.915389,0.0161
4118,0.915262,0.0166
4119,0.915318,0.0155
4120,0.914545,0.0166
4121,0.914630,0.0166
4122,0.914628,0.0155
4123,0.914244,0.0167
4124,0.914316,0.0170
4125,0.914628,0.0168
4126,0.914774,0.0166
4127,0.914180,0.0168
4128,0.913555,0.0154
4129,0.913645,0.0124
4130,0.913606,0.0134
4131,0.913062,0.0152
4132,0.913432,0.0164
4133,0.913076,0.0167
4134,0.913417,0.0140
4135,0.913471,0.0107
4136,0.913768,0.0099
4137,0.913661,0.0145
4138,0.913942,0.0160
4139,0.914466,0.0165
4140,0.914337,0.0166
4141,0.914440,0.0154
4142,0.914174,0.0165
4143,0.914583,0.0167
4144,0.914100,0.0167
4145,0.914479,0.0154
4146,0.914305,0.0166
4147,0.913857,0.0166
4148,0.913910,0.0157
4149,0.914236,0.0169
4150,0.914776,0.0168
4151,0.914876,0.0168
4152,0.915168,0.0154
4153,0.915549,0.0156
4154,0.915024,0.0134
4155,0.914997,0.0101
4156,0.915511,0.0105
4157,0.915226,0.0120
4158,0.914927,0.0130
4159,0.914813,0.0148
4160,0.914216,0.0149
4161,0.914248,0.0163
4162,0.914331,0.0166
4163,0.914845,0.0169
4164,0.914670,0.0170
4165,0.913996,0.0169
4166,0.914063,0.0167
4167,0.913885,0.0167
4168,0.913625,0.0169
4169,0.913365,0.0169
4170,0.913801,0.0168
4171,0.913619,0.0167
4172,0.913841,0.0168
4173,0.913198,0.0168
4174,0.912601,0.0159
4175,0.912400,0.0105
4176,0.912710,0.0102
4177,0.912918,0.0174
4178,0.912545,0.0163
4179,0.912963,0.0151
4180,0.912668,0.0165
4181,0.912748,0.0139
4182,0.912661,0.0108
4183,0.912541,0.0156
4184,0.912562,0.0153
4185,0.912450,0.0165
4186,0.911898,0.0165
4187,0.911916,0.0154
4188,0.912318,0.0165
4189,0.912409,0.0155
4190,0.911902,0.0170
4191,0.912477,0.0169
4192,0.912403,0.0156
4193,0.913009,0.0167
4194,0.913221,0.0169
4195,0.913350,0.0158
4196,0.912994,0.0110
4197,0.912932,0.0101
4198,0.913462,0.0161
4199,0.913185,0.0162
4200,0.913754,0.0164
4201,0.913793,0.0154
4202,0.913409,0.0168
4203,0.913354,0.0171
4204,0.912769,0.0169
4205,0.912522,0.0169
4206,0.912371,0.0137
4207,0.912101,0.0109
4208,0.912101,0.0154
4209,0.912078,0.0163
4210,0.912484,0.0165
4211,0.912370,0.0169
4212,0.912809,0.0170
4213,0.912727,0.0171
4214,0.912491,0.0156
4215,0.912513,0.0166
4216,0.912231,0.0119
4217,0.912727,0.0099
4218,0.912076,0.0131
4219,0.912000,0.0161
4220,0.912273,0.0161
4221,0.911808,0.0162
4222,0.911573,0.0156
4223,0.911062,0.0158
4224,0.910653,0.0157
4225,0.911743,0.0167
4226,0.912096,0.0154
4227,0.911870,0.0154
4228,0.911928,0.0167
4229,0.912253,0.0167
4230,0.912044,0.0167
4231,0.912626,0.0161
4232,0.913144,0.0103
4233,0.913044,0.0137
4234,0.912983,0.0164
4235,0.912964,0.0165
4236,0.912957,0.0156
4237,0.912727,0.0146
4238,0.912345,0.0102
4239,0.912443,0.0100
4240,0.912468,0.0173
4241,0.912347,0.0136
4242,0.911661,0.0164
4243,0.911310,0.0166
4244,0.911828,0.0167
4245,0.911488,0.0167
4246,0.911408,0.0156
4247,0.911829,0.0169
4248,0.911460,0.0170
4249,0.911142,0.0169
4250,0.910432,0.0169
4251,0.910746,0.0167
4252,0.910902,0.0167
4253,0.910915,0.0157
4254,0.911728,0.0170
4255,0.911623,0.0168
4256,0.912229,0.0157
4257,0.911950,0.0104
4258,0.912499,0.0099
4259,0.912031,0.0127
4260,0.912486,0.0105
4261,0.912029,0.0151
4262,0.911553,0.0148
4263,0.911113,0.0152
4264,0.911579,0.0164
4265,0.911813,0.0155
4266,0.911238,0.0167
4267,0.911937,0.0170
4268,0.911607,0.0170
4269,0.910963,0.0169
4270,0.910560,0.0169
4271,0.910599,0.0168
4272,0.910287,0.0168
4273,0.910167,0.0155
4274,0.910555,0.0157
4275,0.910947,0.0168
4276,0.911324,0.0167
4277,0.911207,0.0156
4278,0.911019,0.0121
4279,0.910978,0.0101
4280,0.911642,0.0158
4281,0.912009,0.0153
4282,0.912812,0.0165
4283,0.913887,0.0167
4284,0.914847,0.0149
4285,0.915249,0.0106
4286,0.915129,0.0159
4287,0.916227,0.0164
4288,0.916734,0.0154
4289,0.917577,0.0165
4290,0.917974,0.0167
4291,0.919553,0.0159
4292,0.920625,0.0168
4293,0.921623,0.0168
4294,0.922983,0.0170
4295,0.924158,0.0170
4296,0.924757,0.0168
4297,0.925230,0.0167
4298,0.925475,0.0133
4299,0.925923,0.0101
4300,0.925128,0.0107
4301,0.924264,0.0168
4302,0.923775,0.0163
4303,0.923460,0.0152
4304,0.924022,0.0164
4305,0.924238,0.0155
4306,0.924242,0.0155
4307,0.924143,0.0167
4308,0.923624,0.0167
4309,0.922849,0.0162
4310,0.922175,0.0108
4311,0.921491,0.0157
4312,0.921572,0.0163
4313,0.921407,0.0152
4314,0.921551,0.0155
4315,0.920676,0.0156
4316,0.920043,0.0169
4317,0.919625,0.0166
4318,0.919591,0.0166
4319,0.919171,0.0146
4320,0.919036,0.0104
4321,0.918869,0.0100
4322,0.919140,0.0158
4323,0.918882,0.0161
4324,0.919286,0.0164
4325,0.919559,0.0167
4326,0.919782,0.0171
4327,0.919825,0.0170
4328,0.919249,0.0156
4329,0.920078,0.0155
4330,0.919026,0.0166
4331,0.918165,0.0166
4332,0.917694,0.0166
4333,0.917916,0.0153
4334,0.918222,0.0154
4335,0.918133,0.0119
4336,0.918281,0.0136
4337,0.918144,0.0164
4338,0.918001,0.0164
4339,0.918637,0.0156
4340,0.918515,0.0146
4341,0.918544,0.0103
4342,0.917561,0.0099
4343,0.916823,0.0155
4344,0.916575,0.0147
4345,0.917148,0.0153
4346,0.917603,0.0165
4347,0.917083,0.0167
4348,0.916895,0.0155
4349,0.916460,0.0153
4350,0.916100,0.0169
4351,0.916161,0.0169
4352,0.916046,0.0170
4353,0.916072,0.0168
4354,0.915988,0.0156
4355,0.916170,0.0167
4356,0.915627,0.0171
4357,0.915994,0.0169
4358,0.915525,0.0169
4359,0.915510,0.0156
4360,0.915452,0.0135
4361,0.916680,0.0101
4362,0.917282,0.0107
4363,0.917081,0.0121
4364,0.917118,0.0129
4365,0.917656,0.0146
4366,0.918474,0.0150
4367,0.919654,0.0151
4368,0.919704,0.0152
4369,0.920229,0.0154
4370,0.921018,0.0166
4371,0.921624,0.0166
4372,0.921887,0.0168
4373,0.922147,0.0168
4374,0.922390,0.0156
4375,0.922413,0.0170
4376,0.922072,0.0157
4377,0.922031,0.0167
4378,0.922244,0.0167
4379,0.922062,0.0155
4380,0.921048,0.0170
4381,0.922303,0.0171
4382,0.922529,0.0108
4383,0.923091,0.0101
4384,0.923218,0.0159
4385,0.923274,0.0162
4386,0.922865,0.0151
4387,0.922833,0.0169
4388,0.922779,0.0152
4389,0.922971,0.0107
4390,0.922786,0.0155
4391,0.922170,0.0164
4392,0.922173,0.0164
4393,0.921697,0.0153
4394,0.921133,0.0165
4395,0.920273,0.0155
4396,0.920233,0.0157
4397,0.920355,0.0167
4398,0.919445,0.0167
4399,0.919365,0.0167
4400,0.918986,0.0169
4401,0.918853,0.0159
4402,0.919450,0.0149
4403,0.918869,0.0103
4404,0.918513,0.0100
4405,0.918236,0.0170
4406,0.917817,0.0149
4407,0.917143,0.0152
4408,0.917416,0.0167
4409,0.916721,0.0152
4410,0.916459,0.0167
4411,0.916050,0.0167
4412,0.916487,0.0168
4413,0.916384,0.0163
4414,0.916553,0.0103
4415,0.916701,0.0135
4416,0.916665,0.0163
4417,0.916341,0.0164
4418,0.916281,0.0153
4419,0.915672,0.0164
4420,0.916001,0.0167
4421,0.915881,0.0158
4422,0.915431,0.0170
4423,0.914609,0.0159
4424,0.914003,0.0104
4425,0.914090,0.0100
4426,0.912891,0.0159
4427,0.912611,0.0162
4428,0.913158,0.0167
4429,0.912849,0.0167
4430,0.912783,0.0153
4431,0.912020,0.0166
4432,0.912222,0.0164
4433,0.911887,0.0170
4434,0.911712,0.0169
4435,0.911357,0.0169
4436,0.911410,0.0169
4437,0.910678,0.0155
4438,0.910646,0.0145
4439,0.911786,0.0119
4440,0.911712,0.0133
4441,0.911248,0.0162
4442,0.910886,0.0152
4443,0.911651,0.0153
4444,0.911556,0.0153
4445,0.910825,0.0107
4446,0.910241,0.0099
4447,0.909416,0.0144
4448,0.909914,0.0148
4449,0.909810,0.0149
4450,0.909944,0.0149
4451,0.910327,0.0167
4452,0.910419,0.0169
4453,0.910271,0.0168
4454,0.910877,0.0153
4455,0.911180,0.0166
4456,0.911123,0.0167
4457,0.911374,0.0168
4458,0.911476,0.0170
4459,0.911582,0.0170
4460,0.912283,0.0168
4461,0.912890,0.0167
4462,0.912625,0.0167
4463,0.912193,0.0158
4464,0.912180,0.0137
4465,0.912098,0.0102
4466,0.911920,0.0106
4467,0.911951,0.0122
4468,0.912127,0.0130
4469,0.912102,0.0160
4470,0.912061,0.0161
4471,0.911770,0.0164
4472,0.911337,0.0167
4473,0.910674,0.0167
4474,0.910522,0.0167
4475,0.910621,0.0165
4476,0.910555,0.0153
4477,0.910404,0.0165
4478,0.910369,0.0158
4479,0.910379,0.0170
4480,0.909984,0.0168
4481,0.909353,0.0169
4482,0.909592,0.0156
4483,0.909412,0.0168
4484,0.909339,0.0169
4485,0.908857,0.0108
4486,0.909389,0.0101
4487,0.909929,0.0159
4488,0.910229,0.0150
4489,0.910187,0.0149
4490,0.910247,0.0154
4491,0.909625,0.0156
4492,0.910099,0.0120
4493,0.909638,0.0134
4494,0.909551,0.0164
4495,0.909997,0.0152
4496,0.910075,0.0164
4497,0.909811,0.0156
4498,0.910612,0.0168
4499,0.910476,0.0167
4500,0.911312,0.0167
4501,0.911266,0.0155
4502,0.910039,0.0167
4503,0.910257,0.0158
4504,0.910042,0.0169
4505,0.909781,0.0169
4506,0.909850,0.0122
4507,0.909913,0.0100
4508,0.910416,0.0131
4509,0.910238,0.0152
4510,0.909745,0.0167
4511,0.910274,0.0167
4512,0.910179,0.0166
4513,0.909977,0.0154
4514,0.909898,0.0166
4515,0.910018,0.0158
4516,0.910163,0.0170
4517,0.910353,0.0137
4518,0.910582,0.0110
4519,0.910131,0.0164
4520,0.910075,0.0164
4521,0.909367,0.0155
4522,0.910002,0.0166
4523,0.910228,0.0156
4524,0.910744,0.0168
4525,0.910364,0.0170
4526,0.910438,0.0157
4527,0.910373,0.0134
4528,0.909453,0.0102
4529,0.909228,0.0101
4530,0.909459,0.0171
4531,0.909559,0.0163
4532,0.909457,0.0163
4533,0.910273,0.0153
4534,0.909723,0.0166
4535,0.910568,0.0158
4536,0.910055,0.0169
4537,0.910145,0.0168
4538,0.910128,0.0156
4539,0.910095,0.0166
4540,0.910092,0.0169
4541,0.909588,0.0169
4542,0.909256,0.0164
4543,0.909600,0.0108
4544,0.909658,0.0158
4545,0.909331,0.0164
4546,0.910188,0.0153
4547,0.910130,0.0152
4548,0.910337,0.0135
4549,0.910189,0.0100
4550,0.909675,0.0099
4551,0.909504,0.0169
4552,0.909279,0.0148
4553,0.909905,0.0163
4554,0.910400,0.0167
4555,0.910358,0.0159
4556,0.910368,0.0170
4557,0.910599,0.0168
4558,0.911230,0.0155
4559,0.911267,0.0154
4560,0.911452,0.0168
4561,0.911385,0.0168
4562,0.912066,0.0169
4563,0.912652,0.0169
4564,0.912714,0.0168
4565,0.913142,0.0170
4566,0.913297,0.0171
4567,0.913965,0.0158
4568,0.913634,0.0108
4569,0.914229,0.0100
4570,0.914550,0.0124
4571,0.915071,0.0102
4572,0.915208,0.0149
4573,0.914921,0.0146
4574,0.915381,0.0149
4575,0.914966,0.0152
4576,0.915687,0.0154
4577,0.915591,0.0154
4578,0.915795,0.0154
4579,0.915348,0.0168
4580,0.915455,0.0155
4581,0.915310,0.0154
4582,0.914899,0.0154
4583,0.915586,0.0166
4584,0.915873,0.0167
4585,0.915839,0.0167
4586,0.916129,0.0167
4587,0.916713,0.0167
4588,0.916884,0.0168
4589,0.916701,0.0158
4590,0.916716,0.0110
4591,0.916959,0.0103
4592,0.916400,0.0160
4593,0.916306,0.0152
4594,0.916284,0.0152
4595,0.915682,0.0162
4596,0.915897,0.0146
4597,0.916274,0.0120
4598,0.915830,0.0135
4599,0.915007,0.0163
4600,0.915345,0.0152
4601,0.915209,0.0153
4602,0.914966,0.0152
4603,0.914208,0.0152
4604,0.914913,0.0166
4605,0.915057,0.0167
4606,0.914652,0.0169
4607,0.914536,0.0168
4608,0.913661,0.0168
4609,0.913361,0.0170
4610,0.913209,0.0170
4611,0.913026,0.0121
4612,0.913254,0.0101
4613,0.912967,0.0147
4614,0.913069,0.0161
4615,0.913116,0.0162
4616,0.912656,0.0155
4617,0.912406,0.0169
4618,0.912316,0.0168
4619,0.912115,0.0169
4620,0.912094,0.0152
4621,0.911045,0.0156
4622,0.911192,0.0121
4623,0.910892,0.0137
4624,0.911029,0.0163
4625,0.910736,0.0156
4626,0.911242,0.0168
4627,0.911946,0.0167
4628,0.911839,0.0154
4629,0.911669,0.0167
4630,0.911527,0.0169
4631,0.912591,0.0160
4632,0.912902,0.0103
4633,0.912763,0.0100
4634,0.912857,0.0171
4635,0.913984,0.0148
4636,0.914345,0.0162
4637,0.914342,0.0155
4638,0.914711,0.0167
4639,0.914346,0.0155
4640,0.914121,0.0155
4641,0.913925,0.0167
4642,0.913844,0.0157
4643,0.913292,0.0168
4644,0.912688,0.0155
4645,0.912441,0.0155
4646,0.911966,0.0168
4647,0.911182,0.0151
4648,0.911209,0.0107
4649,0.911348,0.0154
4650,0.910659,0.0153
4651,0.910456,0.0165
4652,0.910662,0.0155
4653,0.910924,0.0133
4654,0.910334,0.0102
4655,0.909715,0.0101
4656,0.909015,0.0171
4657,0.908719,0.0163
4658,0.908456,0.0151
4659,0.908760,0.0165
4660,0.908495,0.0156
4661,0.908351,0.0170
4662,0.908200,0.0169
4663,0.908376,0.0168
4664,0.908395,0.0167
4665,0.908714,0.0155
4666,0.908752,0.0169
4667,0.908929,0.0170
4668,0.909217,0.0170
4669,0.909237,0.0168
4670,0.909431,0.0169
4671,0.909766,0.0168
4672,0.909088,0.0148
4673,0.908897,0.0105
4674,0.908789,0.0102
4675,0.908985,0.0127
4676,0.908336,0.0104
4677,0.908555,0.0151
4678,0.908764,0.0148
4679,0.908855,0.0149
4680,0.908600,0.0166
4681,0.908698,0.0170
4682,0.909475,0.0171
4683,0.908887,0.0156
4684,0.908849,0.0165
4685,0.908702,0.0166
4686,0.908930,0.0155
4687,0.908581,0.0156
4688,0.909179,0.0169
4689,0.909389,0.0169
4690,0.909408,0.0168
4691,0.909163,0.0169
4692,0.909472,0.0170
4693,0.909266,0.0167
4694,0.909050,0.0108
4695,0.909442,0.0100
4696,0.909279,0.0157
4697,0.909848,0.0147
4698,0.909675,0.0150
4699,0.908944,0.0167
4700,0.908585,0.0160
4701,0.908312,0.0103
4702,0.907860,0.0123
4703,0.907888,0.0162
4704,0.907715,0.0150
4705,0.908048,0.0153
4706,0.908239,0.0165
4707,0.908143,0.0154
4708,0.908120,0.0155
4709,0.907777,0.0166
4710,0.907526,0.0156
4711,0.907676,0.0168
4712,0.907898,0.0168
4713,0.907512,0.0169
4714,0.907709,0.0169
4715,0.908477,0.0147
4716,0.907979,0.0103
4717,0.907038,0.0102
4718,0.907213,0.0172
4719,0.907426,0.0163
4720,0.907384,0.0151
4721,0.907759,0.0151
4722,0.907826,0.0166
4723,0.908651,0.0168
4724,0.909097,0.0168
4725,0.909167,0.0167
4726,0.909841,0.0148
4727,0.910361,0.0107
4728,0.911391,0.0155
4729,0.912634,0.0163
4730,0.913665,0.0163
4731,0.914922,0.0169
4732,0.916372,0.0169
4733,0.917343,0.0170
4734,0.918066,0.0170
4735,0.919197,0.0169
4736,0.919465,0.0109
4737,0.920187,0.0101
4738,0.921168,0.0171
4739,0.921991,0.0151
4740,0.922523,0.0165
4741,0.922822,0.0167
4742,0.923496,0.0167
4743,0.923855,0.0156
4744,0.924345,0.0156
4745,0.924861,0.0156
4746,0.924907,0.0155
4747,0.924530,0.0164
4748,0.924665,0.0166
4749,0.924569,0.0167
4750,0.924486,0.0167
4751,0.924546,0.0125
4752,0.924576,0.0109
4753,0.923642,0.0165
4754,0.923047,0.0165
4755,0.922791,0.0166
4756,0.922402,0.0155
4757,0.922227,0.0106
4758,0.922483,0.0100
4759,0.921621,0.0156
4760,0.920810,0.0150
4761,0.920515,0.0150
4762,0.920245,0.0152
4763,0.919692,0.0154
4764,0.920115,0.0155
4765,0.919931,0.0154
4766,0.919449,0.0164
4767,0.919509,0.0165
4768,0.919057,0.0168
4769,0.918706,0.0169
4770,0.917887,0.0154
4771,0.917280,0.0168
4772,0.917215,0.0167
4773,0.917097,0.0156
4774,0.916804,0.0169
4775,0.917094,0.0168
4776,0.916865,0.0154
4777,0.916926,0.0106
4778,0.916390,0.0100
4779,0.915906,0.0126
4780,0.916114,0.0106
4781,0.916014,0.0160
4782,0.916027,0.0162
4783,0.916091,0.0166
4784,0.915977,0.0166
4785,0.915503,0.0167
4786,0.914755,0.0154
4787,0.914711,0.0155
4788,0.914610,0.0154
4789,0.914116,0.0155
4790,0.914309,0.0153
4791,0.913513,0.0164
4792,0.913313,0.0167
4793,0.913557,0.0169
4794,0.913091,0.0169
4795,0.913228,0.0168
4796,0.913334,0.0170
4797,0.913073,0.0159
4798,0.912724,0.0105
4799,0.912177,0.0101
4800,0.912397,0.0170
4801,0.912713,0.0151
4802,0.912089,0.0154
4803,0.911819,0.0168
4804,0.911641,0.0136
4805,0.911541,0.0109
4806,0.911338,0.0154
4807,0.911179,0.0151
4808,0.911164,0.0165
4809,0.911434,0.0156
4810,0.911714,0.0167
4811,0.911564,0.0167
4812,0.911337,0.0165
4813,0.910617,0.0154
4814,0.910294,0.0158
4815,0.909780,0.0169
4816,0.909895,0.0169
4817,0.909622,0.0168
4818,0.909571,0.0159
4819,0.908895,0.0105
4820,0.909116,0.0101
4821,0.909245,0.0155
4822,0.908563,0.0163
4823,0.908489,0.0151
4824,0.908059,0.0152
4825,0.907637,0.0154
4826,0.908043,0.0168
4827,0.907621,0.0166
4828,0.907451,0.0155
4829,0.907287,0.0154
4830,0.907205,0.0139
4831,0.907860,0.0108
4832,0.908152,0.0154
4833,0.907245,0.0163
4834,0.907986,0.0166
4835,0.908102,0.0168
4836,0.907979,0.0168
4837,0.908002,0.0168
4838,0.907706,0.0170
4839,0.907771,0.0171
4840,0.907485,0.0108
4841,0.906800,0.0102
4842,0.907191,0.0147
4843,0.906794,0.0164
4844,0.906950,0.0151
4845,0.907173,0.0163
4846,0.906455,0.0159
4847,0.906319,0.0170
4848,0.906098,0.0171
4849,0.906357,0.0169
4850,0.906454,0.0168
4851,0.906866,0.0169
4852,0.907369,0.0170
4853,0.906851,0.0170
4854,0.906566,0.0156
4855,0.906309,0.0122
4856,0.907152,0.0135
4857,0.906824,0.0165
4858,0.906829,0.0164
4859,0.906645,0.0166
4860,0.906285,0.0134
4861,0.906448,0.0101
4862,0.906986,0.0106
4863,0.907268,0.0168
4864,0.907430,0.0162
4865,0.907474,0.0151
4866,0.907262,0.0152
4867,0.907143,0.0157
4868,0.907978,0.0169
4869,0.908562,0.0168
4870,0.908577,0.0167
4871,0.908059,0.0168
4872,0.908341,0.0169
4873,0.908090,0.0171
4874,0.908129,0.0169
4875,0.908433,0.0168
4876,0.908203,0.0169
4877,0.907283,0.0170
4878,0.907626,0.0158
4879,0.907384,0.0159
4880,0.907763,0.0106
4881,0.908213,0.0101
4882,0.907349,0.0127
4883,0.907218,0.0108
4884,0.907528,0.0158
4885,0.906829,0.0148
4886,0.906976,0.0148
4887,0.907261,0.0154
4888,0.907552,0.0156
4889,0.907382,0.0168
4890,0.907079,0.0168
4891,0.906320,0.0140
4892,0.906000,0.0168
4893,0.906318,0.0168
4894,0.906067,0.0169
4895,0.905564,0.0154
4896,0.904977,0.0170
4897,0.905412,0.0170
4898,0.904733,0.0170
4899,0.904954,0.0169
4900,0.905136,0.0168
4901,0.905317,0.0120
4902,0.905633,0.0102
4903,0.906034,0.0147
4904,0.906305,0.0149
4905,0.906131,0.0164
4906,0.906183,0.0167
4907,0.905956,0.0162
4908,0.906000,0.0108
4909,0.906304,0.0133
4910,0.906500,0.0165
4911,0.906752,0.0165
4912,0.906230,0.0153
4913,0.906164,0.0167
4914,0.906544,0.0169
4915,0.907034,0.0169
4916,0.906827,0.0153
4917,0.906983,0.0168
4918,0.906887,0.0169
4919,0.906464,0.0171
4920,0.906918,0.0171
4921,0.906389,0.0161
4922,0.906828,0.0106
4923,0.906777,0.0101
4924,0.907070,0.0145
4925,0.906956,0.0149
4926,0.906513,0.0167
4927,0.906202,0.0168
4928,0.905287,0.0170
4929,0.906155,0.0168
4930,0.906199,0.0153
4931,0.905970,0.0157
4932,0.905901,0.0169
4933,0.906436,0.0123
4934,0.906417,0.0111
4935,0.905741,0.0164
4936,0.905996,0.0151
4937,0.905860,0.0164
4938,0.905692,0.0166
4939,0.906199,0.0169
4940,0.906029,0.0158
4941,0.905477,0.0170
4942,0.905462,0.0169
4943,0.905279,0.0121
4944,0.905280,0.0102
4945,0.904887,0.0148
4946,0.904864,0.0152
4947,0.904986,0.0163
4948,0.904405,0.0153
4949,0.904335,0.0154
4950,0.904703,0.0165
4951,0.904883,0.0168
4952,0.904560,0.0168
4953,0.905037,0.0155
4954,0.905108,0.0154
4955,0.904791,0.0154
4956,0.904532,0.0153
4957,0.904361,0.0168
4958,0.904516,0.0158
4959,0.904765,0.0119
4960,0.904910,0.0160
4961,0.905060,0.0166
4962,0.905254,0.0168
4963,0.905230,0.0154
4964,0.904945,0.0133
4965,0.904760,0.0103
4966,0.904913,0.0102
4967,0.904748,0.0171
4968,0.905395,0.0165
4969,0.906082,0.0167
4970,0.906233,0.0167
4971,0.906396,0.0170
4972,0.905532,0.0146
4973,0.905875,0.0170
4974,0.906070,0.0170
4975,0.906136,0.0168
4976,0.906317,0.0168
4977,0.906498,0.0172
4978,0.906424,0.0170
4979,0.906341,0.0170
4980,0.906355,0.0169
4981,0.906347,0.0170
4982,0.905740,0.0168
4983,0.905478,0.0137
4984,0.904689,0.0102
4985,0.904016,0.0102
4986,0.903946,0.0125
4987,0.904853,0.0144
4988,0.905305,0.0158
4989,0.905493,0.0153
4990,0.905196,0.0165
4991,0.905230,0.0167
4992,0.905559,0.0168
4993,0.905195,0.0171
4994,0.905250,0.0171
4995,0.905785,0.0171
4996,0.906093,0.0172
4997,0.906053,0.0170
4998,0.906180,0.0170
4999,0.906461,0.0170
5000,0.905458,0.0174
5001,0.905255,0.0159
5002,0.904924,0.0170
5003,0.904538,0.0137
5004,0.904330,0.0102
5005,0.903755,0.0108
5006,0.904271,0.0168
5007,0.903866,0.0153
5008,0.904153,0.0165
5009,0.904068,0.0167
5010,0.904673,0.0136
5011,0.904948,0.0110
5012,0.904736,0.0163
5013,0.904679,0.0161
5014,0.905112,0.0152
5015,0.905089,0.0168
5016,0.905375,0.0170
5017,0.905676,0.0170
5018,0.905723,0.0171
5019,0.906235,0.0157
5020,0.906449,0.0170
5021,0.906379,0.0170
5022,0.906362,0.0173
5023,0.906829,0.0171
5024,0.907334,0.0123
5025,0.907116,0.0104
5026,0.907059,0.0173
5027,0.907232,0.0153
5028,0.906809,0.0165
5029,0.907408,0.0165
5030,0.907937,0.0173
5031,0.907638,0.0172
5032,0.906967,0.0170
5033,0.907098,0.0169
5034,0.906259,0.0137
5035,0.906507,0.0111
5036,0.905817,0.0166
5037,0.905744,0.0162
5038,0.906021,0.0166
5039,0.905590,0.0170
5040,0.905655,0.0174
5041,0.905398,0.0171
5042,0.905815,0.0171
5043,0.905827,0.0159
5044,0.905779,0.0106
5045,0.905475,0.0102
5046,0.905367,0.0173
5047,0.904819,0.0165
5048,0.904048,0.0169
5049,0.903940,0.0170
5050,0.904837,0.0170
5051,0.904660,0.0169
5052,0.904368,0.0170
5053,0.904391,0.0169
5054,0.904509,0.0172
5055,0.903713,0.0174
5056,0.903590,0.0172
5057,0.903302,0.0169
5058,0.903234,0.0127
5059,0.902993,0.0111
5060,0.903519,0.0165
5061,0.903709,0.0165
5062,0.903512,0.0168
5063,0.903047,0.0162
5064,0.903276,0.0113
5065,0.902578,0.0104
5066,0.902156,0.0178
5067,0.902564,0.0166
5068,0.902110,0.0167
5069,0.902460,0.0167
5070,0.902077,0.0169
5071,0.901741,0.0173
5072,0.901819,0.0173
5073,0.901753,0.0172
5074,0.901812,0.0170
5075,0.901655,0.0171
5076,0.901762,0.0153
5077,0.901400,0.0172
5078,0.901196,0.0172
5079,0.901704,0.0172
5080,0.903073,0.0171
5081,0.903858,0.0171
5082,0.904515,0.0124
5083,0.904980,0.0102
5084,0.906008,0.0132
5085,0.907048,0.0109
5086,0.907361,0.0161
5087,0.907740,0.0161
5088,0.907312,0.0150
5089,0.906518,0.0170
5090,0.906260,0.0171
5091,0.906216,0.0174
5092,0.906092,0.0171
5093,0.906487,0.0170
5094,0.907013,0.0170
5095,0.906888,0.0171
5096,0.905807,0.0171
5097,0.905224,0.0172
5098,0.905497,0.0172
5099,0.905132,0.0170
5100,0.904706,0.0169
5101,0.904205,0.0171
5102,0.903473,0.0114
5103,0.904213,0.0105
5104,0.904040,0.0162
5105,0.903398,0.0167
5106,0.902928,0.0167
5107,0.902389,0.0168
5108,0.903196,0.0136
5109,0.902384,0.0112
5110,0.902019,0.0167
5111,0.902477,0.0165
5112,0.901991,0.0169
5113,0.902754,0.0171
5114,0.902734,0.0172
5115,0.903067,0.0171
5116,0.903655,0.0172
5117,0.903719,0.0171
5118,0.903413,0.0171
5119,0.903580,0.0172
5120,0.903209,0.0173
5121,0.903658,0.0164
5122,0.903618,0.0108
5123,0.904342,0.0103
5124,0.903989,0.0176
5125,0.903398,0.0152
5126,0.902903,0.0153
5127,0.902603,0.0170
5128,0.902448,0.0172
5129,0.902981,0.0173
5130,0.902576,0.0171
5131,0.902332,0.0170
5132,0.902066,0.0154
5133,0.902132,0.0113
5134,0.902594,0.0159
5135,0.902780,0.0166
5136,0.902424,0.0168
5137,0.901923,0.0173
5138,0.902008,0.0173
5139,0.902100,0.0174
5140,0.901793,0.0172
5141,0.902165,0.0171
5142,0.901961,0.0109
5143,0.902275,0.0104
5144,0.902096,0.0163
5145,0.902015,0.0165
5146,0.902107,0.0171
5147,0.901852,0.0173
5148,0.901882,0.0175
5149,0.901655,0.0172
5150,0.901939,0.0171
5151,0.901983,0.0172
5152,0.902254,0.0172
5153,0.902867,0.0173
5154,0.902626,0.0174
5155,0.902754,0.0172
5156,0.902651,0.0140
5157,0.902566,0.0113
5158,0.902756,0.0168
5159,0.902899,0.0166
5160,0.903119,0.0156
5161,0.903005,0.0156
5162,0.903063,0.0125
5163,0.902975,0.0104
5164,0.902841,0.0163
5165,0.902548,0.0155
5166,0.902183,0.0155
5167,0.902574,0.0166
5168,0.902673,0.0169
5169,0.902787,0.0173
5170,0.902224,0.0174
5171,0.902183,0.0173
5172,0.902474,0.0173
5173,0.902680,0.0174
5174,0.903759,0.0172
5175,0.904336,0.0170
5176,0.905743,0.0174
5177,0.906541,0.0174
5178,0.907457,0.0173
5179,0.908557,0.0173
5180,0.908979,0.0149
5181,0.909496,0.0105
5182,0.908941,0.0103
5183,0.908466,0.0126
5184,0.907749,0.0135
5185,0.907489,0.0165
5186,0.906952,0.0151
5187,0.906511,0.0168
5188,0.906742,0.0175
5189,0.906383,0.0175
5190,0.905213,0.0176
5191,0.904911,0.0174
5192,0.904549,0.0172
5193,0.904266,0.0171
5194,0.903308,0.0173
5195,0.902823,0.0175
5196,0.902465,0.0175
5197,0.901950,0.0174
5198,0.902063,0.0172
5199,0.901827,0.0172
5200,0.901696,0.0149
5201,0.901960,0.0105
5202,0.901642,0.0105
5203,0.901235,0.0177
5204,0.901309,0.0169
5205,0.901406,0.0169
5206,0.901795,0.0156
5207,0.901262,0.0138
5208,0.901716,0.0113
5209,0.902100,0.0158
5210,0.903295,0.0167
5211,0.903037,0.0168
5212,0.902991,0.0172
5213,0.903653,0.0174
5214,0.903577,0.0159
5215,0.903870,0.0173
5216,0.904011,0.0172
5217,0.903567,0.0172
5218,0.903945,0.0173
5219,0.903474,0.0176
5220,0.903855,0.0177
5221,0.903916,0.0126
5222,0.903476,0.0107
5223,0.903573,0.0178
5224,0.902800,0.0169
5225,0.903296,0.0169
5226,0.903381,0.0168
5227,0.902899,0.0169
5228,0.903114,0.0173
5229,0.903051,0.0175
5230,0.903373,0.0175
5231,0.903383,0.0127
5232,0.903173,0.0112
5233,0.902587,0.0167
5234,0.903462,0.0168
5235,0.903407,0.0171
5236,0.904450,0.0172
5237,0.904777,0.0174
5238,0.905028,0.0177
5239,0.905627,0.0178
5240,0.906341,0.0165
5241,0.907208,0.0109
5242,0.907360,0.0104
5243,0.907532,0.0174
5244,0.907722,0.0166
5245,0.907717,0.0171
5246,0.907968,0.0174
5247,0.907747,0.0176
5248,0.907863,0.0177
5249,0.907445,0.0175
5250,0.907341,0.0174
5251,0.907275,0.0174
5252,0.907179,0.0172
5253,0.907193,0.0162
5254,0.906701,0.0158
5255,0.906309,0.0158
5256,0.906700,0.0114
5257,0.906716,0.0161
5258,0.906372,0.0171
5259,0.906284,0.0174
5260,0.906248,0.0175
5261,0.905654,0.0112
5262,0.905715,0.0105
5263,0.904987,0.0163
5264,0.904780,0.0166
5265,0.905107,0.0152
5266,0.904358,0.0161
5267,0.904255,0.0173
5268,0.904472,0.0173
5269,0.904587,0.0173
5270,0.904874,0.0173
5271,0.904675,0.0173
5272,0.904422,0.0175
5273,0.903992,0.0177
5274,0.903673,0.0177
5275,0.903836,0.0177
5276,0.903922,0.0174
5277,0.903681,0.0174
5278,0.903940,0.0173
5279,0.903810,0.0150
5280,0.903697,0.0107
5281,0.903359,0.0107
5282,0.903463,0.0129
5283,0.903533,0.0139
5284,0.903471,0.0164
5285,0.903733,0.0169
5286,0.903956,0.0173
5287,0.903995,0.0174
5288,0.904608,0.0176
5289,0.904514,0.0175
5290,0.903882,0.0175
5291,0.903292,0.0175
5292,0.902851,0.0175
5293,0.902653,0.0176
5294,0.902737,0.0176
5295,0.902250,0.0175
5296,0.902439,0.0174
5297,0.902184,0.0173
5298,0.901553,0.0173
5299,0.901212,0.0140
5300,0.900855,0.0106
5301,0.900390,0.0115
5302,0.899674,0.0183
5303,0.899921,0.0171
5304,0.899912,0.0172
5305,0.900007,0.0163
5306,0.899728,0.0126
5307,0.900025,0.0141
5308,0.899957,0.0170
5309,0.899530,0.0170
5310,0.899124,0.0172
5311,0.898841,0.0173
5312,0.898558,0.0192
5313,0.898358,0.0166
5314,0.898004,0.0178
5315,0.898114,0.0175
5316,0.898082,0.0174
5317,0.897647,0.0173
5318,0.897565,0.0173
5319,0.897345,0.0140
5320,0.897687,0.0106
5321,0.897806,0.0113
5322,0.898195,0.0183
5323,0.899158,0.0170
5324,0.899426,0.0174
5325,0.899837,0.0173
5326,0.899911,0.0173
5327,0.900192,0.0174
5328,0.900374,0.0175
5329,0.900498,0.0166
5330,0.900464,0.0127
5331,0.900434,0.0158
5332,0.900062,0.0171
5333,0.900329,0.0173
5334,0.900757,0.0175
5335,0.900882,0.0175
5336,0.900785,0.0174
5337,0.900988,0.0175
5338,0.900650,0.0173
5339,0.901206,0.0126
5340,0.901843,0.0107
5341,0.901833,0.0179
5342,0.901219,0.0159
5343,0.900513,0.0175
5344,0.900629,0.0189
5345,0.900683,0.0162
5346,0.900764,0.0173
5347,0.901213,0.0174
5348,0.901256,0.0174
5349,0.901035,0.0174
5350,0.901154,0.0175
5351,0.900946,0.0177
5352,0.900886,0.0177
5353,0.900625,0.0144
5354,0.899679,0.0118
5355,0.899509,0.0170
5356,0.899343,0.0171
5357,0.899546,0.0173
5358,0.899810,0.0164
5359,0.899766,0.0110
5360,0.899720,0.0106
5361,0.899062,0.0179
5362,0.898473,0.0170
5363,0.898235,0.0172
5364,0.898509,0.0177
5365,0.898655,0.0192
5366,0.899092,0.0164
5367,0.899601,0.0174
5368,0.900377,0.0174
5369,0.900000,0.0174
5370,0.899551,0.0175
5371,0.899287,0.0176
5372,0.899018,0.0177
5373,0.898452,0.0176
5374,0.898419,0.0177
5375,0.898179,0.0174
5376,0.898226,0.0173
5377,0.897906,0.0112
5378,0.897358,0.0107
5379,0.897378,0.0131
5380,0.897522,0.0112
5381,0.897358,0.0164
5382,0.896974,0.0165
5383,0.896904,0.0169
5384,0.896890,0.0175
5385,0.896927,0.0176
5386,0.897042,0.0177
5387,0.896922,0.0191
5388,0.896584,0.0164
5389,0.896982,0.0173
5390,0.897100,0.0173
5391,0.897558,0.0176
5392,0.897632,0.0178
5393,0.897743,0.0192
5394,0.897940,0.0180
5395,0.897803,0.0163
5396,0.897465,0.0163
5397,0.896958,0.0109
5398,0.896966,0.0107
5399,0.896815,0.0181
5400,0.896751,0.0169
5401,0.896819,0.0161
5402,0.897173,0.0162
5403,0.897097,0.0143
5404,0.896822,0.0117
5405,0.896251,0.0168
5406,0.896942,0.0170
5407,0.897156,0.0171
5408,0.896912,0.0172
5409,0.896974,0.0173
5410,0.897206,0.0172
5411,0.897175,0.0175
5412,0.896865,0.0177
5413,0.896884,0.0177
5414,0.896919,0.0176
5415,0.896787,0.0175
5416,0.896342,0.0168
5417,0.896384,0.0109
5418,0.895800,0.0106
5419,0.896066,0.0179
5420,0.896290,0.0170
5421,0.896409,0.0172
5422,0.896735,0.0191
5423,0.896554,0.0180
5424,0.895822,0.0163
5425,0.895983,0.0173
5426,0.895580,0.0173
5427,0.896129,0.0128
5428,0.895818,0.0145
5429,0.895735,0.0172
5430,0.895645,0.0171
5431,0.895785,0.0170
5432,0.895861,0.0171
5433,0.895671,0.0175
5434,0.895973,0.0191
5435,0.895720,0.0180
5436,0.895987,0.0130
5437,0.896072,0.0108
5438,0.895731,0.0114
5439,0.895352,0.0185
5440,0.894900,0.0168
5441,0.895542,0.0155
5442,0.895883,0.0162
5443,0.896184,0.0174
5444,0.896029,0.0174
5445,0.895452,0.0174
5446,0.895487,0.0175
5447,0.895629,0.0188
5448,0.895667,0.0165
5449,0.895410,0.0193
5450,0.895473,0.0166
5451,0.895363,0.0143
5452,0.895432,0.0120
5453,0.895803,0.0170
5454,0.895825,0.0172
5455,0.895801,0.0173
5456,0.895383,0.0165
5457,0.895413,0.0112
5458,0.895494,0.0106
5459,0.895331,0.0180
5460,0.895301,0.0158
5461,0.894616,0.0171
5462,0.894783,0.0177
5463,0.894708,0.0190
5464,0.894486,0.0164
5465,0.894262,0.0175
5466,0.894002,0.0188
5467,0.893427,0.0163
5468,0.893422,0.0173
5469,0.893475,0.0175
5470,0.893421,0.0193
5471,0.893327,0.0180
5472,0.893698,0.0164
5473,0.894349,0.0175
5474,0.894809,0.0174
5475,0.894791,0.0125
5476,0.895045,0.0106
5477,0.895007,0.0131
5478,0.894455,0.0128
5479,0.894199,0.0166
5480,0.894147,0.0166
5481,0.894339,0.0170
5482,0.894276,0.0187
5483,0.894640,0.0179
5484,0.893906,0.0182
5485,0.894058,0.0180
5486,0.893671,0.0164
5487,0.892983,0.0174
5488,0.893095,0.0174
5489,0.892977,0.0174
5490,0.893141,0.0175
5491,0.893170,0.0177
5492,0.893832,0.0193
5493,0.893333,0.0182
5494,0.893454,0.0142
5495,0.893954,0.0109
5496,0.894056,0.0105
5497,0.893911,0.0178
5498,0.894564,0.0167
5499,0.894330,0.0169
5500,0.894195,0.0175
5501,0.894062,0.0132
5502,0.893702,0.0144
5503,0.893980,0.0172
5504,0.893789,0.0170
5505,0.893436,0.0174
5506,0.893575,0.0191
5507,0.894334,0.0165
5508,0.894354,0.0177
5509,0.893942,0.0176
5510,0.894212,0.0174
5511,0.894315,0.0173
5512,0.894463,0.0174
5513,0.894230,0.0191
5514,0.893736,0.0133
5515,0.893541,0.0108
5516,0.893435,0.0113
5517,0.893425,0.0183
5518,0.892897,0.0166
5519,0.892707,0.0170
5520,0.893286,0.0188
5521,0.892985,0.0165
5522,0.893295,0.0192
5523,0.893212,0.0165
5524,0.892762,0.0166
5525,0.892624,0.0127
5526,0.892658,0.0155
5527,0.893182,0.0173
5528,0.892928,0.0190
5529,0.892928,0.0166
5530,0.893135,0.0177
5531,0.893389,0.0190
5532,0.893424,0.0164
5533,0.892804,0.0175
5534,0.892880,0.0129
5535,0.893261,0.0107
5536,0.892816,0.0169
5537,0.892860,0.0171
5538,0.893538,0.0189
5539,0.893117,0.0165
5540,0.892810,0.0176
5541,0.892979,0.0174
5542,0.892640,0.0172
5543,0.892677,0.0173
5544,0.893650,0.0191
5545,0.893133,0.0181
5546,0.893114,0.0180
5547,0.893316,0.0166
5548,0.893344,0.0144
5549,0.893640,0.0120
5550,0.894139,0.0170
5551,0.894565,0.0173
5552,0.894547,0.0175
5553,0.894875,0.0168
5554,0.894630,0.0109
5555,0.894574,0.0108
5556,0.894665,0.0180
5557,0.894460,0.0170
5558,0.894413,0.0173
5559,0.894804,0.0189
5560,0.894890,0.0178
5561,0.894742,0.0179
5562,0.894626,0.0165
5563,0.894583,0.0189
5564,0.894376,0.0163
5565,0.894583,0.0174
5566,0.894191,0.0175
5567,0.894196,0.0193
5568,0.893889,0.0180
5569,0.893845,0.0179
5570,0.893599,0.0179
5571,0.893637,0.0164
5572,0.893215,0.0114
5573,0.893218,0.0108
5574,0.893697,0.0131
5575,0.893437,0.0137
5576,0.893617,0.0166
5577,0.893736,0.0168
5578,0.893325,0.0172
5579,0.893513,0.0160
5580,0.893386,0.0175
5581,0.893475,0.0190
5582,0.893548,0.0180
5583,0.893530,0.0180
5584,0.893601,0.0165
5585,0.893849,0.0176
5586,0.894010,0.0189
5587,0.894042,0.0162
5588,0.893852,0.0174
5589,0.894248,0.0191
5590,0.894440,0.0182
5591,0.894435,0.0145
5592,0.894431,0.0110
5593,0.894449,0.0108
5594,0.894026,0.0184
5595,0.894313,0.0169
5596,0.894450,0.0170
5597,0.894569,0.0173
5598,0.894887,0.0131
5599,0.895083,0.0144
5600,0.895012,0.0173
5601,0.894480,0.0161
5602,0.894649,0.0187
5603,0.894537,0.0164
5604,0.894343,0.0192
5605,0.894818,0.0169
5606,0.894775,0.0190
5607,0.894579,0.0179
5608,0.894736,0.0164
5609,0.894588,0.0175
5610,0.894362,0.0175
5611,0.894421,0.0143
5612,0.894281,0.0108
5613,0.894383,0.0115
5614,0.894187,0.0184
5615,0.893992,0.0187
5616,0.893597,0.0162
5617,0.893864,0.0173
5618,0.893591,0.0174
5619,0.893710,0.0188
5620,0.894148,0.0178
5621,0.894229,0.0174
5622,0.894081,0.0111
5623,0.894156,0.0170
5624,0.894207,0.0172
5625,0.894649,0.0172
5626,0.894643,0.0176
5627,0.894560,0.0193
5628,0.894607,0.0180
5629,0.894579,0.0165
5630,0.895027,0.0180
5631,0.894939,0.0112
5632,0.894700,0.0107
5633,0.894297,0.0177
5634,0.894331,0.0169
5635,0.894246,0.0170
5636,0.894194,0.0190
5637,0.894730,0.0182
5638,0.894850,0.0182
5639,0.894320,0.0179
5640,0.894138,0.0178
5641,0.894069,0.0165
5642,0.894120,0.0175
5643,0.894281,0.0175
5644,0.893789,0.0176
5645,0.894818,0.0132
5646,0.895067,0.0158
5647,0.895458,0.0162
5648,0.895555,0.0172
5649,0.895526,0.0191
5650,0.896022,0.0134
5651,0.896525,0.0110
5652,0.896281,0.0116
5653,0.896317,0.0187
5654,0.896133,0.0171
5655,0.895996,0.0173
5656,0.896394,0.0174
5657,0.896261,0.0189
5658,0.896646,0.0180
5659,0.896543,0.0181
5660,0.896574,0.0183
5661,0.896379,0.0181
5662,0.896468,0.0179
5663,0.896260,0.0178
5664,0.896053,0.0164
5665,0.895633,0.0175
5666,0.895342,0.0175
5667,0.895747,0.0190
5668,0.895230,0.0161
5669,0.895570,0.0112
5670,0.895514,0.0118
5671,0.895042,0.0134
5672,0.894910,0.0161
5673,0.894764,0.0168
5674,0.894412,0.0171
5675,0.894715,0.0190
5676,0.894440,0.0182
5677,0.894150,0.0182
5678,0.893950,0.0183
5679,0.894038,0.0179
5680,0.894112,0.0163
5681,0.894069,0.0175
5682,0.894205,0.0175
5683,0.893937,0.0189
5684,0.894231,0.0182
5685,0.893745,0.0183
5686,0.893632,0.0182
5687,0.893536,0.0171
5688,0.893914,0.0113
5689,0.893347,0.0108
5690,0.893675,0.0182
5691,0.893737,0.0170
5692,0.894019,0.0186
5693,0.894879,0.0167
5694,0.894621,0.0128
5695,0.894782,0.0144
5696,0.894738,0.0174
5697,0.894564,0.0173
5698,0.894681,0.0188
5699,0.894449,0.0148
5700,0.894730,0.0191
5701,0.894568,0.0180
5702,0.894528,0.0181
5703,0.894782,0.0179
5704,0.894911,0.0164
5705,0.895788,0.0174
5706,0.896162,0.0189
5707,0.895933,0.0143
5708,0.896140,0.0111
5709,0.896523,0.0110
5710,0.896770,0.0181
5711,0.897425,0.0188
5712,0.898298,0.0178
5713,0.898597,0.0178
5714,0.898670,0.0178
5715,0.898610,0.0177
5716,0.898800,0.0163
5717,0.898999,0.0178
5718,0.899221,0.0131
5719,0.899493,0.0144
5720,0.899642,0.0172
5721,0.899454,0.0173
5722,0.899279,0.0192
5723,0.898757,0.0184
5724,0.898900,0.0183
5725,0.898835,0.0183
5726,0.898865,0.0181
5727,0.898699,0.0134
5728,0.898465,0.0110
5729,0.897823,0.0116
5730,0.897496,0.0186
5731,0.897175,0.0170
5732,0.896888,0.0172
5733,0.896707,0.0191
5734,0.896439,0.0184
5735,0.896433,0.0182
5736,0.895869,0.0182
5737,0.895170,0.0179
5738,0.895057,0.0178
5739,0.895565,0.0178
5740,0.895891,0.0163
5741,0.896556,0.0184
5742,0.896353,0.0112
5743,0.896184,0.0185
5744,0.896282,0.0163
5745,0.895686,0.0189
5746,0.896175,0.0167
5747,0.896032,0.0114
5748,0.895984,0.0108
5749,0.896126,0.0195
5750,0.895675,0.0160
5751,0.895995,0.0188
5752,0.895781,0.0180
5753,0.895526,0.0181
5754,0.895701,0.0179
5755,0.895278,0.0178
5756,0.895185,0.0163
5757,0.894908,0.0188
5758,0.895056,0.0166
5759,0.894358,0.0192
5760,0.894272,0.0181
5761,0.894208,0.0181
5762,0.894723,0.0180
5763,0.894771,0.0164
5764,0.895020,0.0180
5765,0.894779,0.0115
5766,0.894926,0.0108
5767,0.894549,0.0134
5768,0.894413,0.0142
5769,0.894523,0.0170
5770,0.894022,0.0171
5771,0.894359,0.0172
5772,0.894295,0.0188
5773,0.894468,0.0177
5774,0.894455,0.0180
5775,0.894629,0.0182
5776,0.894747,0.0183
5777,0.894753,0.0182
5778,0.894499,0.0179
5779,0.894682,0.0179
5780,0.894551,0.0164
5781,0.894206,0.0175
5782,0.893905,0.0189
5783,0.893235,0.0179
5784,0.893575,0.0134
5785,0.893508,0.0111
5786,0.893411,0.0140
5787,0.892797,0.0174
5788,0.892468,0.0188
5789,0.892635,0.0177
5790,0.892823,0.0162
5791,0.893028,0.0116
5792,0.892776,0.0181
5793,0.893048,0.0178
5794,0.893149,0.0177
5795,0.893064,0.0177
5796,0.892910,0.0177
5797,0.892633,0.0178
5798,0.892569,0.0178
5799,0.892039,0.0179
5800,0.891829,0.0184
5801,0.892058,0.0183
5802,0.891866,0.0183
5803,0.891815,0.0172
5804,0.891130,0.0114
5805,0.891006,0.0110
5806,0.891067,0.0183
5807,0.891160,0.0171
5808,0.890814,0.0172
5809,0.890998,0.0186
5810,0.891287,0.0179
5811,0.891571,0.0179
5812,0.891149,0.0182
5813,0.891116,0.0173
5814,0.890728,0.0131
5815,0.891133,0.0151
5816,0.891082,0.0162
5817,0.891317,0.0187
5818,0.891446,0.0178
5819,0.891698,0.0179
5820,0.891507,0.0181
5821,0.891111,0.0178
5822,0.891606,0.0177
5823,0.891657,0.0141
5824,0.891367,0.0111
5825,0.891145,0.0116
5826,0.890537,0.0199
5827,0.890294,0.0161
5828,0.890276,0.0192
5829,0.890182,0.0182
5830,0.890218,0.0181
5831,0.890782,0.0178
5832,0.890937,0.0177
5833,0.890703,0.0163
5834,0.890980,0.0188
5835,0.891168,0.0179
5836,0.891003,0.0181
5837,0.891189,0.0175
5838,0.890726,0.0112
5839,0.891083,0.0170
5840,0.890887,0.0173
5841,0.890830,0.0190
5842,0.890987,0.0173
5843,0.891596,0.0116
5844,0.891244,0.0114
5845,0.891700,0.0195
5846,0.892080,0.0176
5847,0.891964,0.0178
5848,0.891513,0.0178
5849,0.891015,0.0180
5850,0.891156,0.0177
5851,0.890950,0.0177
5852,0.890880,0.0179
5853,0.891193,0.0180
5854,0.891246,0.0183
5855,0.891120,0.0182
5856,0.891179,0.0180
5857,0.891197,0.0179
5858,0.891472,0.0150
5859,0.891452,0.0188
5860,0.891096,0.0178
5861,0.891043,0.0119
5862,0.890783,0.0111
5863,0.890713,0.0136
5864,0.890491,0.0141
5865,0.890595,0.0161
5866,0.890265,0.0172
5867,0.890473,0.0188
5868,0.890123,0.0178
5869,0.890063,0.0181
5870,0.889887,0.0153
5871,0.889415,0.0178
5872,0.889575,0.0181
5873,0.889998,0.0179
5874,0.889747,0.0178
5875,0.889844,0.0178
5876,0.889322,0.0180
5877,0.888643,0.0183
5878,0.889087,0.0184
5879,0.889349,0.0183
5880,0.889293,0.0172
5881,0.889400,0.0115
5882,0.889619,0.0111
5883,0.889571,0.0182
5884,0.889426,0.0171
5885,0.889063,0.0171
5886,0.889049,0.0177
5887,0.889196,0.0129
5888,0.889212,0.0171
5889,0.888816,0.0162
5890,0.889062,0.0173
5891,0.889149,0.0187
5892,0.889190,0.0179
5893,0.889258,0.0180
5894,0.889332,0.0180
5895,0.889244,0.0183
5896,0.888860,0.0182
5897,0.888911,0.0181
5898,0.888797,0.0182
5899,0.888922,0.0180
5900,0.888603,0.0118
5901,0.888836,0.0111
5902,0.888909,0.0166
5903,0.888977,0.0169
5904,0.889396,0.0186
5905,0.888826,0.0180
5906,0.888640,0.0181
5907,0.888524,0.0182
5908,0.888465,0.0181
5909,0.888566,0.0182
5910,0.888544,0.0134
5911,0.888585,0.0120
5912,0.888644,0.0187
5913,0.888496,0.0178
5914,0.887936,0.0177
5915,0.888397,0.0177
5916,0.888524,0.0177
5917,0.887880,0.0177
5918,0.887874,0.0178
5919,0.887572,0.0161
5920,0.887689,0.0114
5921,0.887776,0.0146
5922,0.888240,0.0180
5923,0.888417,0.0177
5924,0.888151,0.0181
5925,0.888861,0.0182
5926,0.889104,0.0182
5927,0.889111,0.0179
5928,0.889053,0.0178
5929,0.888642,0.0177
5930,0.888721,0.0178
5931,0.888266,0.0180
5932,0.888667,0.0180
5933,0.888758,0.0176
5934,0.888646,0.0114
5935,0.888208,0.0171
5936,0.887597,0.0189
5937,0.887408,0.0178
5938,0.887435,0.0172
5939,0.887315,0.0117
5940,0.887296,0.0112
5941,0.887540,0.0184
5942,0.887564,0.0188
5943,0.888178,0.0182
5944,0.888134,0.0180
5945,0.887902,0.0180
5946,0.887881,0.0177
5947,0.887895,0.0177
5948,0.888244,0.0177
5949,0.887805,0.0180
5950,0.887750,0.0182
5951,0.887779,0.0184
5952,0.887836,0.0185
5953,0.887912,0.0183
5954,0.887441,0.0181
5955,0.887451,0.0179
5956,0.887170,0.0167
5957,0.887458,0.0114
5958,0.888045,0.0109
5959,0.888117,0.0134
5960,0.887962,0.0154
5961,0.887955,0.0169
5962,0.888063,0.0171
5963,0.887976,0.0172
5964,0.887677,0.0187
5965,0.888229,0.0179
5966,0.888207,0.0180
5967,0.887691,0.0183
5968,0.888017,0.0183
5969,0.888060,0.0183
5970,0.887620,0.0182
5971,0.887936,0.0181
5972,0.887683,0.0180
5973,0.887123,0.0177
5974,0.887306,0.0178
5975,0.887226,0.0178
5976,0.887342,0.0118
5977,0.887441,0.0109
5978,0.887524,0.0171
5979,0.888050,0.0176
5980,0.888180,0.0179
5981,0.887680,0.0181
5982,0.887571,0.0151
5983,0.887877,0.0120
5984,0.887435,0.0176
5985,0.887448,0.0162
5986,0.887516,0.0188
5987,0.887348,0.0180
5988,0.887403,0.0178
5989,0.887510,0.0178
5990,0.887682,0.0179
5991,0.887768,0.0180
5992,0.887321,0.0181
5993,0.887388,0.0182
5994,0.887143,0.0182
5995,0.887534,0.0172
5996,0.887567,0.0114
5997,0.887872,0.0110
5998,0.887833,0.0182
5999,0.887262,0.0171
6000,0.887790,0.0172
