epoch,loss,tiempo_s
1,9.518788,0.1600
2,4.177719,0.0087
3,3.649278,0.0079
4,3.421010,0.0079
5,3.289549,0.0079
6,3.201183,0.0079
7,3.135431,0.0080
8,3.082630,0.0079
9,3.038189,0.0079
10,2.998944,0.0079
11,2.963206,0.0079
12,2.929692,0.0079
13,2.897436,0.0079
14,2.867537,0.0079
15,2.839334,0.0079
16,2.812817,0.0079
17,2.785623,0.0079
18,2.759558,0.0079
19,2.733399,0.0071
20,2.708694,0.0070
21,2.684646,0.0070
22,2.661194,0.0070
23,2.638723,0.0070
24,2.615788,0.0071
25,2.593903,0.0070
26,2.572834,0.0070
27,2.551516,0.0070
28,2.530716,0.0070
29,2.511015,0.0070
30,2.492499,0.0070
31,2.474346,0.0070
32,2.455400,0.0070
33,2.437427,0.0071
34,2.420301,0.0070
35,2.404045,0.0070
36,2.386926,0.0070
37,2.371480,0.0070
38,2.356560,0.0070
39,2.341069,0.0070
40,2.325981,0.0070
41,2.311009,0.0070
42,2.297051,0.0070
43,2.284575,0.0075
44,2.272371,0.0070
45,2.257965,0.0070
46,2.244383,0.0070
47,2.231392,0.0067
48,2.218866,0.0064
49,2.206163,0.0064
50,2.194412,0.0064
51,2.181908,0.0064
52,2.169753,0.0064
53,2.157902,0.0068
54,2.146595,0.0064
55,2.135195,0.0064
56,2.122554,0.0064
57,2.110067,0.0064
58,2.099015,0.0064
59,2.087191,0.0064
60,2.075513,0.0064
61,2.065398,0.0064
62,2.053551,0.0064
63,2.042432,0.0064
64,2.031433,0.0064
65,2.019519,0.0068
66,2.008991,0.0068
67,1.996959,0.0064
68,1.987224,0.0064
69,1.976203,0.0064
70,1.966402,0.0064
71,1.955418,0.0064
72,1.944067,0.0064
73,1.933610,0.0064
74,1.923168,0.0064
75,1.912695,0.0064
76,1.901193,0.0064
77,1.889780,0.0064
78,1.879917,0.0064
79,1.870040,0.0064
80,1.859654,0.0064
81,1.848589,0.0064
82,1.836410,0.0068
83,1.825984,0.0064
84,1.816172,0.0064
85,1.805081,0.0064
86,1.794888,0.0064
87,1.784958,0.0064
88,1.775010,0.0064
89,1.764440,0.0064
90,1.754083,0.0064
91,1.743346,0.0064
92,1.732649,0.0064
93,1.722249,0.0064
94,1.713063,0.0064
95,1.702335,0.0064
96,1.690906,0.0064
97,1.680843,0.0064
98,1.670105,0.0064
99,1.661368,0.0068
100,1.651165,0.0064
101,1.640855,0.0064
102,1.631895,0.0064
103,1.620999,0.0064
104,1.610832,0.0064
105,1.600825,0.0064
106,1.591257,0.0064
107,1.581829,0.0064
108,1.571227,0.0064
109,1.561723,0.0064
110,1.552748,0.0064
111,1.543343,0.0064
112,1.534221,0.0064
113,1.523716,0.0064
114,1.513205,0.0064
115,1.503181,0.0064
116,1.493074,0.0064
117,1.484694,0.0064
118,1.475177,0.0064
119,1.465340,0.0064
120,1.455378,0.0064
121,1.444940,0.0064
122,1.436262,0.0069
123,1.426175,0.0064
124,1.415503,0.0064
125,1.407007,0.0064
126,1.397851,0.0064
127,1.388264,0.0064
128,1.379802,0.0064
129,1.370050,0.0064
130,1.359614,0.0064
131,1.350201,0.0064
132,1.340001,0.0064
133,1.330467,0.0064
134,1.321453,0.0064
135,1.310650,0.0064
136,1.300438,0.0064
137,1.290427,0.0064
138,1.281271,0.0064
139,1.272817,0.0065
140,1.263746,0.0065
141,1.254196,0.0065
142,1.243434,0.0064
143,1.234857,0.0064
144,1.226078,0.0064
145,1.216192,0.0064
146,1.206553,0.0064
147,1.197513,0.0064
148,1.189437,0.0064
149,1.178744,0.0065
150,1.169863,0.0065
151,1.161527,0.0065
152,1.153077,0.0064
153,1.141871,0.0068
154,1.132553,0.0064
155,1.122718,0.0064
156,1.113908,0.0064
157,1.104265,0.0064
158,1.095149,0.0069
159,1.084675,0.0064
160,1.076508,0.0064
161,1.066103,0.0064
162,1.056648,0.0069
163,1.047960,0.0064
164,1.038779,0.0064
165,1.028601,0.0064
166,1.018537,0.0064
167,1.009258,0.0064
168,0.998528,0.0064
169,0.988364,0.0064
170,0.979266,0.0064
171,0.969157,0.0064
172,0.959309,0.0064
173,0.950073,0.0064
174,0.941016,0.0064
175,0.932986,0.0072
176,0.923744,0.0064
177,0.914344,0.0064
178,0.904658,0.0064
179,0.892867,0.0064
180,0.884123,0.0064
181,0.874159,0.0064
182,0.865194,0.0064
183,0.856240,0.0065
184,0.846913,0.0064
185,0.838281,0.0064
186,0.829095,0.0064
187,0.820527,0.0064
188,0.812236,0.0065
189,0.801403,0.0065
190,0.789461,0.0064
191,0.781183,0.0064
192,0.774700,0.0064
193,0.766540,0.0064
194,0.756888,0.0064
195,0.748757,0.0064
196,0.739569,0.0064
197,0.728702,0.0064
198,0.721303,0.0064
199,0.712259,0.0065
200,0.701716,0.0066
201,0.691943,0.0072
202,0.682941,0.0065
203,0.674837,0.0065
204,0.665248,0.0065
205,0.657359,0.0064
206,0.647729,0.0064
207,0.639027,0.0065
208,0.630502,0.0064
209,0.620501,0.0064
210,0.612532,0.0064
211,0.605362,0.0065
212,0.596452,0.0064
213,0.588844,0.0065
214,0.583364,0.0064
215,0.577395,0.0072
216,0.570121,0.0065
217,0.563710,0.0064
218,0.559731,0.0064
219,0.552432,0.0065
220,0.545281,0.0065
221,0.537045,0.0064
222,0.529864,0.0064
223,0.520912,0.0064
224,0.511814,0.0064
225,0.502172,0.0065
226,0.494454,0.0073
227,0.485912,0.0072
228,0.478637,0.0065
229,0.469807,0.0065
230,0.460884,0.0065
231,0.453585,0.0065
232,0.445798,0.0065
233,0.438218,0.0065
234,0.429896,0.0065
235,0.421357,0.0065
236,0.413846,0.0065
237,0.407181,0.0065
238,0.398099,0.0065
239,0.390409,0.0065
240,0.384036,0.0065
241,0.376759,0.0065
242,0.369023,0.0065
243,0.360043,0.0065
244,0.353723,0.0065
245,0.347471,0.0065
246,0.340486,0.0065
247,0.333716,0.0065
248,0.329664,0.0065
249,0.322873,0.0065
250,0.314300,0.0065
251,0.307568,0.0065
252,0.300379,0.0065
253,0.294341,0.0065
254,0.288263,0.0074
255,0.281398,0.0065
256,0.275798,0.0068
257,0.271078,0.0065
258,0.264832,0.0065
259,0.257654,0.0065
260,0.249892,0.0065
261,0.243599,0.0065
262,0.237336,0.0065
263,0.232012,0.0065
264,0.226293,0.0068
265,0.219813,0.0065
266,0.213810,0.0065
267,0.207718,0.0065
268,0.202169,0.0065
269,0.196586,0.0065
270,0.194653,0.0065
271,0.189968,0.0065
272,0.186597,0.0065
273,0.182436,0.0065
274,0.178923,0.0065
275,0.175168,0.0065
276,0.168792,0.0065
277,0.163556,0.0065
278,0.160653,0.0065
279,0.158085,0.0074
280,0.153113,0.0065
281,0.149439,0.0065
282,0.146232,0.0065
283,0.142629,0.0065
284,0.138075,0.0065
285,0.133985,0.0065
286,0.127464,0.0065
287,0.122279,0.0065
288,0.116159,0.0065
289,0.110651,0.0065
290,0.106021,0.0065
291,0.099956,0.0065
292,0.096343,0.0065
293,0.090824,0.0065
294,0.084460,0.0065
295,0.080691,0.0073
296,0.075826,0.0065
297,0.073052,0.0065
298,0.069757,0.0065
299,0.062626,0.0065
300,0.057485,0.0065
301,0.052842,0.0065
302,0.048211,0.0065
303,0.045652,0.0065
304,0.042154,0.0065
305,0.036632,0.0065
306,0.032895,0.0065
307,0.025219,0.0065
308,0.019476,0.0065
309,0.013940,0.0065
310,0.010007,0.0065
311,0.005432,0.0065
312,0.000451,0.0065
313,-0.002668,0.0065
314,-0.007145,0.0065
315,-0.009746,0.0065
316,-0.014559,0.0065
317,-0.017928,0.0065
318,-0.022639,0.0065
319,-0.028109,0.0065
320,-0.031717,0.0065
321,-0.034401,0.0065
322,-0.039146,0.0065
323,-0.043376,0.0065
324,-0.048337,0.0065
325,-0.053604,0.0065
326,-0.058428,0.0065
327,-0.060988,0.0065
328,-0.064875,0.0065
329,-0.069628,0.0065
330,-0.072387,0.0065
331,-0.076971,0.0065
332,-0.079264,0.0069
333,-0.083309,0.0065
334,-0.086352,0.0065
335,-0.089146,0.0065
336,-0.092958,0.0065
337,-0.095327,0.0065
338,-0.098354,0.0069
339,-0.102882,0.0065
340,-0.106576,0.0065
341,-0.110335,0.0065
342,-0.114828,0.0065
343,-0.118300,0.0065
344,-0.121246,0.0065
345,-0.123016,0.0065
346,-0.126575,0.0065
347,-0.128943,0.0065
348,-0.128835,0.0065
349,-0.122589,0.0065
350,-0.109885,0.0065
351,-0.096231,0.0065
352,-0.083805,0.0065
353,-0.070644,0.0065
354,-0.062576,0.0065
355,-0.058818,0.0065
356,-0.058318,0.0065
357,-0.059022,0.0065
358,-0.061634,0.0065
359,-0.066929,0.0065
360,-0.073962,0.0065
361,-0.080303,0.0065
362,-0.087612,0.0073
363,-0.093659,0.0065
364,-0.099998,0.0065
365,-0.105175,0.0065
366,-0.112339,0.0065
367,-0.117867,0.0065
368,-0.124400,0.0065
369,-0.129167,0.0065
370,-0.131844,0.0065
371,-0.135097,0.0065
372,-0.138675,0.0065
373,-0.142523,0.0065
374,-0.148345,0.0065
375,-0.152669,0.0065
376,-0.157523,0.0065
377,-0.163865,0.0065
378,-0.169599,0.0065
379,-0.173380,0.0065
380,-0.177114,0.0065
381,-0.179719,0.0065
382,-0.181967,0.0065
383,-0.183689,0.0065
384,-0.185379,0.0065
385,-0.188737,0.0065
386,-0.192657,0.0073
387,-0.197146,0.0069
388,-0.198878,0.0065
389,-0.202243,0.0065
390,-0.201418,0.0065
391,-0.204734,0.0065
392,-0.208138,0.0065
393,-0.211561,0.0066
394,-0.212218,0.0065
395,-0.213194,0.0065
396,-0.216699,0.0065
397,-0.220044,0.0065
398,-0.220919,0.0065
399,-0.222175,0.0066
400,-0.224106,0.0065
401,-0.229550,0.0065
402,-0.232325,0.0066
403,-0.234661,0.0065
404,-0.235589,0.0065
405,-0.238140,0.0065
406,-0.239903,0.0065
407,-0.243865,0.0066
408,-0.244296,0.0065
409,-0.243628,0.0065
410,-0.243863,0.0066
411,-0.241895,0.0066
412,-0.242376,0.0073
413,-0.243326,0.0066
414,-0.244859,0.0066
415,-0.249430,0.0066
416,-0.251311,0.0065
417,-0.253611,0.0066
418,-0.256131,0.0066
419,-0.257026,0.0065
420,-0.259106,0.0065
421,-0.261790,0.0065
422,-0.267060,0.0065
423,-0.272865,0.0065
424,-0.269775,0.0066
425,-0.264511,0.0066
426,-0.260640,0.0065
427,-0.256719,0.0066
428,-0.254020,0.0065
429,-0.252550,0.0065
430,-0.251415,0.0066
431,-0.251915,0.0066
432,-0.256637,0.0066
433,-0.259241,0.0066
434,-0.259654,0.0069
435,-0.261074,0.0066
436,-0.264027,0.0066
437,-0.267321,0.0065
438,-0.271223,0.0066
439,-0.274326,0.0066
440,-0.277990,0.0066
441,-0.280858,0.0065
442,-0.284930,0.0065
443,-0.288070,0.0066
444,-0.290145,0.0066
445,-0.293189,0.0066
446,-0.296258,0.0066
447,-0.296895,0.0066
448,-0.297225,0.0066
449,-0.298387,0.0066
450,-0.301398,0.0069
451,-0.302144,0.0066
452,-0.305789,0.0066
453,-0.307389,0.0066
454,-0.311126,0.0066
455,-0.313879,0.0074
456,-0.313772,0.0066
457,-0.316284,0.0066
458,-0.319985,0.0066
459,-0.322705,0.0066
460,-0.323800,0.0066
461,-0.325490,0.0066
462,-0.327633,0.0066
463,-0.325984,0.0066
464,-0.320846,0.0071
465,-0.316110,0.0068
466,-0.312558,0.0066
467,-0.311717,0.0066
468,-0.310876,0.0066
469,-0.311328,0.0066
470,-0.314320,0.0066
471,-0.318179,0.0066
472,-0.322997,0.0066
473,-0.325951,0.0066
474,-0.327765,0.0066
475,-0.330771,0.0066
476,-0.334981,0.0066
477,-0.339768,0.0066
478,-0.341223,0.0066
479,-0.344859,0.0066
480,-0.349469,0.0066
481,-0.354944,0.0066
482,-0.348691,0.0066
483,-0.345411,0.0066
484,-0.353135,0.0066
485,-0.356653,0.0066
486,-0.358872,0.0066
487,-0.358595,0.0074
488,-0.360254,0.0066
489,-0.360694,0.0066
490,-0.364274,0.0066
491,-0.369290,0.0073
492,-0.371608,0.0066
493,-0.373252,0.0066
494,-0.374459,0.0070
495,-0.377304,0.0066
496,-0.380366,0.0066
497,-0.381677,0.0066
498,-0.383412,0.0066
499,-0.385444,0.0075
500,-0.387624,0.0066
501,-0.388483,0.0066
502,-0.392622,0.0066
503,-0.395253,0.0066
504,-0.397068,0.0066
505,-0.398437,0.0066
506,-0.402030,0.0066
507,-0.403378,0.0066
508,-0.405858,0.0066
509,-0.408616,0.0066
510,-0.409086,0.0066
511,-0.410384,0.0066
512,-0.411168,0.0066
513,-0.402617,0.0066
514,-0.380372,0.0066
515,-0.357318,0.0066
516,-0.339742,0.0066
517,-0.325329,0.0066
518,-0.321747,0.0066
519,-0.329294,0.0066
520,-0.341494,0.0066
521,-0.349046,0.0075
522,-0.353113,0.0066
523,-0.357543,0.0067
524,-0.361511,0.0066
525,-0.367090,0.0066
526,-0.372944,0.0066
527,-0.379028,0.0066
528,-0.383839,0.0066
529,-0.386858,0.0075
530,-0.389679,0.0066
531,-0.392895,0.0066
532,-0.395856,0.0066
533,-0.395712,0.0074
534,-0.392843,0.0066
535,-0.393325,0.0066
536,-0.398494,0.0066
537,-0.402184,0.0066
538,-0.404490,0.0067
539,-0.404438,0.0066
540,-0.406790,0.0066
541,-0.411512,0.0066
542,-0.416005,0.0066
543,-0.418893,0.0066
544,-0.420728,0.0066
545,-0.423275,0.0066
546,-0.421045,0.0066
547,-0.423513,0.0066
548,-0.425167,0.0066
549,-0.427348,0.0066
550,-0.429948,0.0066
551,-0.425206,0.0066
552,-0.431854,0.0066
553,-0.430782,0.0067
554,-0.425545,0.0067
555,-0.429949,0.0067
556,-0.432838,0.0067
557,-0.433893,0.0067
558,-0.432904,0.0067
559,-0.436376,0.0067
560,-0.435090,0.0067
561,-0.436601,0.0066
562,-0.431319,0.0067
563,-0.434706,0.0066
564,-0.435014,0.0066
565,-0.434281,0.0067
566,-0.432797,0.0067
567,-0.434800,0.0066
568,-0.431012,0.0067
569,-0.426117,0.0067
570,-0.427211,0.0066
571,-0.430859,0.0066
572,-0.433327,0.0067
573,-0.437471,0.0067
574,-0.441496,0.0067
575,-0.447081,0.0067
576,-0.445855,0.0072
577,-0.439622,0.0067
578,-0.439448,0.0067
579,-0.440453,0.0067
580,-0.443993,0.0071
581,-0.450028,0.0067
582,-0.455320,0.0067
583,-0.456841,0.0067
584,-0.454176,0.0067
585,-0.444573,0.0067
586,-0.447208,0.0067
587,-0.446245,0.0067
588,-0.444787,0.0067
589,-0.445987,0.0067
590,-0.451038,0.0067
591,-0.454220,0.0067
592,-0.457453,0.0067
593,-0.460678,0.0067
594,-0.457397,0.0067
595,-0.453872,0.0067
596,-0.454256,0.0067
597,-0.453883,0.0067
598,-0.452100,0.0067
599,-0.455231,0.0067
600,-0.459777,0.0067
601,-0.461885,0.0067
602,-0.466410,0.0067
603,-0.469672,0.0067
604,-0.474131,0.0067
605,-0.477022,0.0067
606,-0.479615,0.0067
607,-0.478692,0.0067
608,-0.480639,0.0067
609,-0.483138,0.0067
610,-0.483035,0.0067
611,-0.485155,0.0067
612,-0.487136,0.0067
613,-0.486269,0.0067
614,-0.492064,0.0067
615,-0.492178,0.0067
616,-0.494012,0.0067
617,-0.494657,0.0067
618,-0.495696,0.0067
619,-0.497845,0.0067
620,-0.498627,0.0067
621,-0.501124,0.0067
622,-0.496693,0.0067
623,-0.488608,0.0067
624,-0.485229,0.0067
625,-0.483433,0.0067
626,-0.488101,0.0067
627,-0.492202,0.0067
628,-0.491847,0.0067
629,-0.486909,0.0067
630,-0.492665,0.0068
631,-0.497205,0.0067
632,-0.502182,0.0067
633,-0.506101,0.0068
634,-0.507455,0.0067
635,-0.504835,0.0067
636,-0.505431,0.0067
637,-0.510155,0.0067
638,-0.513088,0.0067
639,-0.513209,0.0068
640,-0.513427,0.0067
641,-0.515902,0.0067
642,-0.517512,0.0068
643,-0.518217,0.0067
644,-0.518254,0.0068
645,-0.520577,0.0067
646,-0.520809,0.0068
647,-0.519679,0.0068
648,-0.518260,0.0067
649,-0.520692,0.0067
650,-0.524153,0.0068
651,-0.525673,0.0067
652,-0.527393,0.0068
653,-0.527979,0.0067
654,-0.529840,0.0072
655,-0.525006,0.0068
656,-0.524402,0.0067
657,-0.529376,0.0067
658,-0.529033,0.0068
659,-0.522591,0.0068
660,-0.508302,0.0068
661,-0.502731,0.0067
662,-0.504020,0.0068
663,-0.512032,0.0068
664,-0.517851,0.0068
665,-0.522818,0.0068
666,-0.526278,0.0067
667,-0.526262,0.0067
668,-0.527038,0.0068
669,-0.528873,0.0068
670,-0.528951,0.0068
671,-0.532979,0.0067
672,-0.525805,0.0067
673,-0.514885,0.0068
674,-0.514109,0.0068
675,-0.514320,0.0068
676,-0.514685,0.0076
677,-0.518970,0.0068
678,-0.522597,0.0068
679,-0.528774,0.0068
680,-0.531238,0.0068
681,-0.532903,0.0068
682,-0.534320,0.0067
683,-0.535063,0.0068
684,-0.537151,0.0068
685,-0.534358,0.0068
686,-0.530228,0.0068
687,-0.527069,0.0068
688,-0.531289,0.0068
689,-0.536782,0.0068
690,-0.538898,0.0068
691,-0.540948,0.0068
692,-0.539732,0.0068
693,-0.537001,0.0067
694,-0.537317,0.0068
695,-0.509609,0.0067
696,-0.530639,0.0068
697,-0.526716,0.0068
698,-0.531828,0.0068
699,-0.529629,0.0068
700,-0.536104,0.0068
701,-0.538052,0.0068
702,-0.540563,0.0068
703,-0.544289,0.0068
704,-0.543868,0.0068
705,-0.540853,0.0068
706,-0.544411,0.0068
707,-0.547297,0.0068
708,-0.543002,0.0068
709,-0.534660,0.0068
710,-0.539875,0.0068
711,-0.533823,0.0068
712,-0.531695,0.0068
713,-0.537985,0.0068
714,-0.548129,0.0068
715,-0.549483,0.0068
716,-0.548858,0.0068
717,-0.551114,0.0068
718,-0.553391,0.0068
719,-0.554660,0.0068
720,-0.555941,0.0068
721,-0.559183,0.0068
722,-0.559989,0.0068
723,-0.559620,0.0068
724,-0.559768,0.0068
725,-0.563561,0.0068
726,-0.565416,0.0068
727,-0.566781,0.0068
728,-0.567460,0.0068
729,-0.568394,0.0068
730,-0.569296,0.0068
731,-0.571476,0.0068
732,-0.573844,0.0068
733,-0.561358,0.0068
734,-0.567845,0.0068
735,-0.559912,0.0068
736,-0.564344,0.0068
737,-0.573462,0.0068
738,-0.569141,0.0068
739,-0.573831,0.0068
740,-0.578286,0.0068
741,-0.575804,0.0068
742,-0.578878,0.0068
743,-0.556919,0.0068
744,-0.546470,0.0069
745,-0.551929,0.0069
746,-0.556977,0.0068
747,-0.561813,0.0068
748,-0.566378,0.0069
749,-0.574193,0.0073
750,-0.579124,0.0068
751,-0.575437,0.0069
752,-0.573163,0.0069
753,-0.571711,0.0069
754,-0.575061,0.0069
755,-0.575214,0.0068
756,-0.576128,0.0068
757,-0.578742,0.0068
758,-0.576409,0.0069
759,-0.574280,0.0075
760,-0.576144,0.0070
761,-0.566612,0.0069
762,-0.557650,0.0069
763,-0.559484,0.0069
764,-0.565324,0.0068
765,-0.570916,0.0068
766,-0.574569,0.0069
767,-0.574878,0.0069
768,-0.578448,0.0069
769,-0.579863,0.0069
770,-0.580113,0.0069
771,-0.580178,0.0068
772,-0.581194,0.0068
773,-0.586214,0.0069
774,-0.587706,0.0069
775,-0.587853,0.0072
776,-0.590301,0.0069
777,-0.590529,0.0069
778,-0.590445,0.0069
779,-0.592666,0.0069
780,-0.592372,0.0069
781,-0.594123,0.0077
782,-0.595769,0.0069
783,-0.596482,0.0069
784,-0.592813,0.0069
785,-0.594670,0.0069
786,-0.597258,0.0069
787,-0.597290,0.0069
788,-0.589547,0.0069
789,-0.584809,0.0069
790,-0.585382,0.0069
791,-0.592597,0.0069
792,-0.593110,0.0069
793,-0.596621,0.0069
794,-0.597893,0.0069
795,-0.599603,0.0069
796,-0.596946,0.0069
797,-0.598133,0.0069
798,-0.593641,0.0069
799,-0.595321,0.0069
800,-0.590533,0.0069
801,-0.587193,0.0069
802,-0.590121,0.0069
803,-0.595448,0.0070
804,-0.598793,0.0069
805,-0.596933,0.0069
806,-0.598610,0.0070
807,-0.597541,0.0070
808,-0.600456,0.0070
809,-0.601623,0.0071
810,-0.600779,0.0069
811,-0.596041,0.0074
812,-0.590048,0.0070
813,-0.587867,0.0069
814,-0.587690,0.0070
815,-0.588567,0.0070
816,-0.591099,0.0070
817,-0.596056,0.0070
818,-0.595475,0.0070
819,-0.598512,0.0070
820,-0.604000,0.0069
821,-0.605358,0.0070
822,-0.603454,0.0074
823,-0.603016,0.0070
824,-0.602973,0.0070
825,-0.605179,0.0069
826,-0.599087,0.0070
827,-0.606520,0.0069
828,-0.604180,0.0074
829,-0.606628,0.0070
830,-0.608406,0.0069
831,-0.611709,0.0069
832,-0.612175,0.0070
833,-0.593658,0.0069
834,-0.577744,0.0069
835,-0.574773,0.0069
836,-0.570593,0.0070
837,-0.555951,0.0070
838,-0.569398,0.0070
839,-0.568323,0.0070
840,-0.572567,0.0069
841,-0.566445,0.0078
842,-0.573386,0.0070
843,-0.578305,0.0070
844,-0.573989,0.0070
845,-0.572957,0.0069
846,-0.584278,0.0069
847,-0.591691,0.0070
848,-0.594675,0.0070
849,-0.601400,0.0070
850,-0.605035,0.0070
851,-0.607530,0.0070
852,-0.605818,0.0070
853,-0.607142,0.0070
854,-0.610235,0.0070
855,-0.612365,0.0070
856,-0.607754,0.0070
857,-0.607812,0.0070
858,-0.613842,0.0077
859,-0.615111,0.0070
860,-0.613481,0.0070
861,-0.614254,0.0070
862,-0.616817,0.0070
863,-0.618883,0.0070
864,-0.619723,0.0070
865,-0.614692,0.0070
866,-0.615615,0.0070
867,-0.617674,0.0070
868,-0.620201,0.0070
869,-0.622760,0.0070
870,-0.625148,0.0070
871,-0.626077,0.0070
872,-0.627267,0.0070
873,-0.627259,0.0070
874,-0.630276,0.0070
875,-0.631518,0.0070
876,-0.634638,0.0070
877,-0.636297,0.0070
878,-0.636999,0.0070
879,-0.639400,0.0070
880,-0.640307,0.0070
881,-0.641855,0.0070
882,-0.643452,0.0070
883,-0.643062,0.0070
884,-0.644973,0.0071
885,-0.647126,0.0078
886,-0.648470,0.0070
887,-0.647749,0.0070
888,-0.646577,0.0070
889,-0.649110,0.0071
890,-0.650526,0.0078
891,-0.653294,0.0071
892,-0.650038,0.0071
893,-0.649631,0.0071
894,-0.646295,0.0071
895,-0.646284,0.0071
896,-0.637764,0.0070
897,-0.633116,0.0070
898,-0.627834,0.0070
899,-0.615303,0.0071
900,-0.617748,0.0071
901,-0.609514,0.0071
902,-0.613013,0.0070
903,-0.612555,0.0070
904,-0.614267,0.0071
905,-0.612160,0.0070
906,-0.615874,0.0070
907,-0.622788,0.0070
908,-0.619424,0.0070
909,-0.612640,0.0079
910,-0.622357,0.0070
911,-0.604239,0.0070
912,-0.599630,0.0070
913,-0.600253,0.0071
914,-0.600037,0.0070
915,-0.603613,0.0070
916,-0.602382,0.0070
917,-0.605048,0.0070
918,-0.606689,0.0070
919,-0.602276,0.0070
920,-0.606522,0.0070
921,-0.611594,0.0070
922,-0.617881,0.0070
923,-0.614841,0.0070
924,-0.616938,0.0070
925,-0.624387,0.0071
926,-0.623125,0.0070
927,-0.630590,0.0070
928,-0.634789,0.0070
929,-0.640438,0.0071
930,-0.638287,0.0071
931,-0.642566,0.0070
932,-0.636883,0.0071
933,-0.641763,0.0078
934,-0.647209,0.0071
935,-0.649619,0.0071
936,-0.652582,0.0071
937,-0.645887,0.0071
938,-0.652638,0.0071
939,-0.657207,0.0071
940,-0.653596,0.0070
941,-0.657407,0.0071
942,-0.655532,0.0071
943,-0.655582,0.0071
944,-0.656324,0.0071
945,-0.660019,0.0070
946,-0.662296,0.0071
947,-0.658411,0.0071
948,-0.649348,0.0071
949,-0.640051,0.0071
950,-0.646467,0.0071
951,-0.638567,0.0071
952,-0.651946,0.0071
953,-0.648153,0.0071
954,-0.645175,0.0071
955,-0.656439,0.0071
956,-0.661276,0.0071
957,-0.662524,0.0075
958,-0.663553,0.0071
959,-0.662550,0.0072
960,-0.661107,0.0071
961,-0.663243,0.0071
962,-0.655722,0.0071
963,-0.640987,0.0071
964,-0.625334,0.0071
965,-0.614875,0.0071
966,-0.607344,0.0072
967,-0.616012,0.0072
968,-0.624745,0.0071
969,-0.632818,0.0071
970,-0.641274,0.0071
971,-0.648439,0.0071
972,-0.652927,0.0072
973,-0.654430,0.0071
974,-0.658010,0.0071
975,-0.658160,0.0071
976,-0.661808,0.0071
977,-0.663996,0.0072
978,-0.664055,0.0071
979,-0.666378,0.0071
980,-0.669332,0.0072
981,-0.670130,0.0072
982,-0.670004,0.0072
983,-0.670992,0.0072
984,-0.675969,0.0075
985,-0.667717,0.0074
986,-0.661577,0.0072
987,-0.666158,0.0072
988,-0.669829,0.0071
989,-0.676186,0.0071
990,-0.679867,0.0072
991,-0.678223,0.0071
992,-0.677985,0.0072
993,-0.681979,0.0076
994,-0.684640,0.0072
995,-0.686299,0.0072
996,-0.686476,0.0072
997,-0.685346,0.0072
998,-0.684722,0.0072
999,-0.687563,0.0073
1000,-0.690412,0.0072
1001,-0.688872,0.0071
1002,-0.688519,0.0071
1003,-0.692941,0.0072
1004,-0.695813,0.0072
1005,-0.695507,0.0072
1006,-0.695139,0.0072
1007,-0.689152,0.0072
1008,-0.687612,0.0072
1009,-0.687907,0.0072
1010,-0.682526,0.0072
1011,-0.689988,0.0072
1012,-0.687291,0.0072
1013,-0.690992,0.0072
1014,-0.695444,0.0073
1015,-0.687103,0.0072
1016,-0.680857,0.0073
1017,-0.685652,0.0072
1018,-0.682326,0.0072
1019,-0.684763,0.0072
1020,-0.689030,0.0072
1021,-0.687364,0.0072
1022,-0.690581,0.0072
1023,-0.691403,0.0082
1024,-0.692315,0.0080
1025,-0.693168,0.0073
1026,-0.696349,0.0073
1027,-0.696264,0.0072
1028,-0.696566,0.0072
1029,-0.696452,0.0073
1030,-0.687560,0.0072
1031,-0.674933,0.0073
1032,-0.674514,0.0074
1033,-0.684178,0.0073
1034,-0.695211,0.0073
1035,-0.700984,0.0073
1036,-0.695839,0.0073
1037,-0.690187,0.0072
1038,-0.659000,0.0073
1039,-0.664784,0.0072
1040,-0.661190,0.0072
1041,-0.682908,0.0082
1042,-0.686870,0.0074
1043,-0.696128,0.0073
1044,-0.694201,0.0074
1045,-0.688299,0.0073
1046,-0.677917,0.0073
1047,-0.668896,0.0073
1048,-0.663059,0.0073
1049,-0.673687,0.0074
1050,-0.676382,0.0075
1051,-0.681110,0.0075
1052,-0.691205,0.0075
1053,-0.694907,0.0075
1054,-0.699255,0.0076
1055,-0.695093,0.0075
1056,-0.694563,0.0075
1057,-0.696031,0.0074
1058,-0.690847,0.0074
1059,-0.696437,0.0073
1060,-0.693029,0.0081
1061,-0.698345,0.0074
1062,-0.697601,0.0073
1063,-0.699795,0.0073
1064,-0.701910,0.0073
1065,-0.705468,0.0074
1066,-0.707576,0.0074
1067,-0.687757,0.0074
1068,-0.695142,0.0074
1069,-0.697786,0.0073
1070,-0.698436,0.0074
1071,-0.689605,0.0074
1072,-0.704605,0.0074
1073,-0.698854,0.0074
1074,-0.703803,0.0073
1075,-0.696228,0.0074
1076,-0.686818,0.0075
1077,-0.690147,0.0073
1078,-0.690451,0.0075
1079,-0.694601,0.0074
1080,-0.693741,0.0074
1081,-0.692004,0.0074
1082,-0.692968,0.0074
1083,-0.704368,0.0075
1084,-0.703006,0.0075
1085,-0.697681,0.0075
1086,-0.705418,0.0075
1087,-0.707305,0.0075
1088,-0.705570,0.0075
1089,-0.704969,0.0075
1090,-0.711563,0.0075
1091,-0.713150,0.0075
1092,-0.705902,0.0075
1093,-0.699434,0.0075
1094,-0.704441,0.0075
1095,-0.703689,0.0076
1096,-0.711026,0.0074
1097,-0.703421,0.0075
1098,-0.701746,0.0075
1099,-0.702008,0.0075
1100,-0.655593,0.0075
1101,-0.659459,0.0075
1102,-0.672449,0.0075
1103,-0.660047,0.0075
1104,-0.653092,0.0075
1105,-0.668354,0.0075
1106,-0.679180,0.0075
1107,-0.681718,0.0076
1108,-0.672279,0.0075
1109,-0.686552,0.0074
1110,-0.687503,0.0075
1111,-0.690565,0.0075
1112,-0.689208,0.0075
1113,-0.690366,0.0079
1114,-0.693787,0.0074
1115,-0.693636,0.0074
1116,-0.692946,0.0075
1117,-0.693041,0.0074
1118,-0.699413,0.0074
1119,-0.700565,0.0075
1120,-0.703186,0.0075
1121,-0.705207,0.0075
1122,-0.706635,0.0075
1123,-0.695580,0.0075
1124,-0.674178,0.0074
1125,-0.655428,0.0074
1126,-0.647840,0.0075
1127,-0.652752,0.0075
1128,-0.656448,0.0075
1129,-0.658274,0.0075
1130,-0.669520,0.0075
1131,-0.678074,0.0075
1132,-0.688338,0.0075
1133,-0.690426,0.0075
1134,-0.696849,0.0075
1135,-0.700333,0.0075
1136,-0.699314,0.0074
1137,-0.697147,0.0075
1138,-0.699461,0.0075
1139,-0.702275,0.0076
1140,-0.700000,0.0075
1141,-0.701932,0.0075
1142,-0.672234,0.0075
1143,-0.702120,0.0076
1144,-0.708408,0.0075
1145,-0.698849,0.0075
1146,-0.710207,0.0076
1147,-0.715842,0.0075
1148,-0.710515,0.0075
1149,-0.710271,0.0075
1150,-0.714891,0.0071
1151,-0.716486,0.0072
1152,-0.716685,0.0071
1153,-0.715019,0.0071
1154,-0.716087,0.0072
1155,-0.712118,0.0072
1156,-0.715893,0.0072
1157,-0.719841,0.0072
1158,-0.715883,0.0072
1159,-0.717705,0.0072
1160,-0.720084,0.0072
1161,-0.716629,0.0072
1162,-0.719685,0.0072
1163,-0.721138,0.0071
1164,-0.727322,0.0072
1165,-0.729967,0.0072
1166,-0.728715,0.0072
1167,-0.730725,0.0072
1168,-0.727809,0.0072
1169,-0.729601,0.0072
1170,-0.729011,0.0071
1171,-0.729223,0.0072
1172,-0.729928,0.0071
1173,-0.735492,0.0072
1174,-0.735454,0.0071
1175,-0.732860,0.0072
1176,-0.732687,0.0072
1177,-0.726882,0.0071
1178,-0.727419,0.0072
1179,-0.726902,0.0072
1180,-0.728242,0.0072
1181,-0.731584,0.0071
1182,-0.719718,0.0072
1183,-0.701370,0.0072
1184,-0.630078,0.0072
1185,-0.623428,0.0072
1186,-0.654631,0.0072
1187,-0.664446,0.0072
1188,-0.674704,0.0071
1189,-0.692949,0.0072
1190,-0.707884,0.0072
1191,-0.714090,0.0072
1192,-0.721282,0.0073
1193,-0.715911,0.0073
1194,-0.725875,0.0072
1195,-0.732335,0.0073
1196,-0.730965,0.0072
1197,-0.722422,0.0072
1198,-0.724023,0.0072
1199,-0.733299,0.0072
1200,-0.736385,0.0072
1201,-0.742590,0.0073
1202,-0.742893,0.0073
1203,-0.740402,0.0072
1204,-0.685592,0.0073
1205,-0.661576,0.0072
1206,-0.701935,0.0072
1207,-0.711074,0.0072
1208,-0.691270,0.0072
1209,-0.699084,0.0073
1210,-0.708021,0.0073
1211,-0.677845,0.0072
1212,-0.690869,0.0072
1213,-0.715323,0.0072
1214,-0.709218,0.0073
1215,-0.712667,0.0072
1216,-0.733057,0.0072
1217,-0.727641,0.0072
1218,-0.718361,0.0073
1219,-0.735261,0.0073
1220,-0.744029,0.0075
1221,-0.732534,0.0072
1222,-0.736389,0.0073
1223,-0.740574,0.0073
1224,-0.737840,0.0073
1225,-0.739066,0.0073
1226,-0.736535,0.0074
1227,-0.740889,0.0073
1228,-0.740560,0.0073
1229,-0.739354,0.0074
1230,-0.730237,0.0073
1231,-0.731886,0.0073
1232,-0.718619,0.0074
1233,-0.713744,0.0074
1234,-0.726534,0.0074
1235,-0.736197,0.0073
1236,-0.744956,0.0074
1237,-0.740973,0.0074
1238,-0.739201,0.0074
1239,-0.741431,0.0074
1240,-0.745109,0.0074
1241,-0.739147,0.0073
1242,-0.741047,0.0073
1243,-0.745302,0.0074
1244,-0.742515,0.0074
1245,-0.736267,0.0074
1246,-0.726431,0.0073
1247,-0.726184,0.0073
1248,-0.732691,0.0074
1249,-0.740059,0.0073
1250,-0.745024,0.0073
1251,-0.742813,0.0073
1252,-0.741648,0.0073
1253,-0.735389,0.0074
1254,-0.740509,0.0073
1255,-0.742650,0.0074
1256,-0.737749,0.0073
1257,-0.735750,0.0073
1258,-0.697055,0.0073
1259,-0.722866,0.0073
1260,-0.726896,0.0073
1261,-0.726090,0.0074
1262,-0.745254,0.0074
1263,-0.742452,0.0074
1264,-0.739015,0.0073
1265,-0.739136,0.0074
1266,-0.747536,0.0074
1267,-0.743332,0.0074
1268,-0.748421,0.0074
1269,-0.745040,0.0073
1270,-0.745098,0.0073
1271,-0.738154,0.0073
1272,-0.743274,0.0073
1273,-0.737815,0.0074
1274,-0.739870,0.0074
1275,-0.737804,0.0074
1276,-0.729092,0.0074
1277,-0.725349,0.0074
1278,-0.727814,0.0074
1279,-0.728554,0.0074
1280,-0.736040,0.0074
1281,-0.736141,0.0074
1282,-0.746061,0.0074
1283,-0.745074,0.0074
1284,-0.745140,0.0074
1285,-0.750485,0.0075
1286,-0.758756,0.0075
1287,-0.755091,0.0075
1288,-0.756176,0.0075
1289,-0.756353,0.0075
1290,-0.741115,0.0075
1291,-0.724508,0.0075
1292,-0.719390,0.0075
1293,-0.724044,0.0075
1294,-0.726397,0.0075
1295,-0.725407,0.0075
1296,-0.731802,0.0075
1297,-0.742112,0.0075
1298,-0.749730,0.0075
1299,-0.750112,0.0075
1300,-0.748896,0.0075
1301,-0.744155,0.0075
1302,-0.738704,0.0075
1303,-0.751344,0.0075
1304,-0.735601,0.0075
1305,-0.749935,0.0075
1306,-0.733104,0.0075
1307,-0.742944,0.0075
1308,-0.724508,0.0076
1309,-0.713945,0.0075
1310,-0.733584,0.0076
1311,-0.738721,0.0075
1312,-0.730615,0.0076
1313,-0.717977,0.0076
1314,-0.717190,0.0075
1315,-0.719085,0.0075
1316,-0.725580,0.0076
1317,-0.730242,0.0076
1318,-0.739459,0.0076
1319,-0.739362,0.0076
1320,-0.749826,0.0075
1321,-0.750678,0.0075
1322,-0.754500,0.0075
1323,-0.742533,0.0076
1324,-0.742599,0.0076
1325,-0.741528,0.0076
1326,-0.746930,0.0075
1327,-0.753804,0.0076
1328,-0.750520,0.0076
1329,-0.750190,0.0076
1330,-0.756421,0.0076
1331,-0.754413,0.0076
1332,-0.753201,0.0076
1333,-0.750803,0.0076
1334,-0.752272,0.0075
1335,-0.755375,0.0076
1336,-0.760253,0.0076
1337,-0.761785,0.0076
1338,-0.764510,0.0076
1339,-0.766391,0.0076
1340,-0.769659,0.0076
1341,-0.765433,0.0076
1342,-0.765285,0.0076
1343,-0.767565,0.0076
1344,-0.769945,0.0076
1345,-0.766996,0.0076
1346,-0.766605,0.0076
1347,-0.772106,0.0076
1348,-0.770492,0.0077
1349,-0.769227,0.0077
1350,-0.768453,0.0077
1351,-0.765248,0.0076
1352,-0.766205,0.0076
1353,-0.767744,0.0077
1354,-0.766124,0.0076
1355,-0.770182,0.0076
1356,-0.773342,0.0076
1357,-0.774207,0.0077
1358,-0.773565,0.0077
1359,-0.775476,0.0077
1360,-0.776193,0.0076
1361,-0.776482,0.0077
1362,-0.775823,0.0077
1363,-0.773080,0.0077
1364,-0.766729,0.0077
1365,-0.726593,0.0077
1366,-0.728456,0.0077
1367,-0.767806,0.0077
1368,-0.747858,0.0077
1369,-0.747404,0.0077
1370,-0.761874,0.0077
1371,-0.748653,0.0077
1372,-0.715123,0.0077
1373,-0.714053,0.0077
1374,-0.717287,0.0077
1375,-0.732467,0.0077
1376,-0.727662,0.0077
1377,-0.692843,0.0077
1378,-0.703586,0.0077
1379,-0.736375,0.0077
1380,-0.752718,0.0077
1381,-0.744632,0.0077
1382,-0.744104,0.0077
1383,-0.747841,0.0077
1384,-0.746963,0.0077
1385,-0.754733,0.0077
1386,-0.756599,0.0077
1387,-0.756377,0.0077
1388,-0.760131,0.0077
1389,-0.759719,0.0077
1390,-0.758864,0.0077
1391,-0.757401,0.0077
1392,-0.756771,0.0078
1393,-0.762442,0.0077
1394,-0.764019,0.0077
1395,-0.763158,0.0077
1396,-0.709875,0.0077
1397,-0.650096,0.0078
1398,-0.644210,0.0077
1399,-0.675380,0.0080
1400,-0.711832,0.0078
1401,-0.735540,0.0078
1402,-0.751111,0.0078
1403,-0.758547,0.0078
1404,-0.754769,0.0077
1405,-0.741602,0.0077
1406,-0.740978,0.0078
1407,-0.756141,0.0078
1408,-0.765128,0.0077
1409,-0.768565,0.0078
1410,-0.763821,0.0078
1411,-0.764843,0.0078
1412,-0.770076,0.0077
1413,-0.772458,0.0078
1414,-0.714134,0.0078
1415,-0.705833,0.0078
1416,-0.724557,0.0078
1417,-0.737636,0.0078
1418,-0.731891,0.0078
1419,-0.690242,0.0078
1420,-0.734715,0.0078
1421,-0.733910,0.0077
1422,-0.741584,0.0078
1423,-0.742987,0.0078
1424,-0.725458,0.0078
1425,-0.734156,0.0078
1426,-0.739057,0.0078
1427,-0.721743,0.0078
1428,-0.725149,0.0078
1429,-0.746098,0.0078
1430,-0.755063,0.0078
1431,-0.755858,0.0078
1432,-0.760650,0.0078
1433,-0.764259,0.0078
1434,-0.763570,0.0078
1435,-0.761463,0.0078
1436,-0.765671,0.0078
1437,-0.766030,0.0078
1438,-0.760612,0.0078
1439,-0.764891,0.0078
1440,-0.704677,0.0078
1441,-0.627226,0.0078
1442,-0.615025,0.0078
1443,-0.673737,0.0078
1444,-0.692910,0.0078
1445,-0.632899,0.0079
1446,-0.635005,0.0079
1447,-0.700710,0.0079
1448,-0.730848,0.0079
1449,-0.697922,0.0078
1450,-0.639644,0.0078
1451,-0.611686,0.0078
1452,-0.658442,0.0078
1453,-0.700388,0.0078
1454,-0.662334,0.0078
1455,-0.665370,0.0078
1456,-0.708018,0.0078
1457,-0.727607,0.0078
1458,-0.705304,0.0078
1459,-0.710958,0.0078
1460,-0.737593,0.0078
1461,-0.742399,0.0078
1462,-0.729311,0.0078
1463,-0.728671,0.0078
1464,-0.730372,0.0078
1465,-0.734806,0.0078
1466,-0.738179,0.0078
1467,-0.742657,0.0078
1468,-0.745514,0.0078
1469,-0.748624,0.0078
1470,-0.751987,0.0079
1471,-0.758734,0.0078
1472,-0.748573,0.0079
1473,-0.722666,0.0079
1474,-0.729845,0.0078
1475,-0.752968,0.0079
1476,-0.766638,0.0079
1477,-0.759436,0.0079
1478,-0.749697,0.0079
1479,-0.758439,0.0079
1480,-0.765664,0.0079
1481,-0.760974,0.0079
1482,-0.760040,0.0078
1483,-0.757555,0.0078
1484,-0.760506,0.0079
1485,-0.774988,0.0078
1486,-0.769134,0.0079
1487,-0.769400,0.0079
1488,-0.771250,0.0078
1489,-0.776761,0.0078
1490,-0.776483,0.0078
1491,-0.776216,0.0078
1492,-0.778062,0.0079
1493,-0.779171,0.0078
1494,-0.782477,0.0078
1495,-0.783298,0.0078
1496,-0.768892,0.0078
1497,-0.778451,0.0079
1498,-0.776803,0.0078
1499,-0.780896,0.0078
1500,-0.773806,0.0078
1501,-0.776330,0.0079
1502,-0.777489,0.0078
1503,-0.774330,0.0078
1504,-0.780960,0.0078
1505,-0.777524,0.0078
1506,-0.776156,0.0078
1507,-0.779773,0.0078
1508,-0.781906,0.0078
1509,-0.789144,0.0079
1510,-0.786527,0.0078
1511,-0.783485,0.0078
1512,-0.779524,0.0078
1513,-0.779175,0.0078
1514,-0.775665,0.0078
1515,-0.778890,0.0078
1516,-0.777732,0.0078
1517,-0.781567,0.0078
1518,-0.635527,0.0078
1519,-0.502678,0.0078
1520,-0.443127,0.0078
1521,-0.457468,0.0078
1522,-0.506479,0.0078
1523,-0.545758,0.0078
1524,-0.593372,0.0078
1525,-0.643691,0.0078
1526,-0.659216,0.0078
1527,-0.664882,0.0078
1528,-0.696732,0.0078
1529,-0.717607,0.0078
1530,-0.712170,0.0078
1531,-0.700849,0.0078
1532,-0.718500,0.0078
1533,-0.748476,0.0078
1534,-0.760671,0.0078
1535,-0.751168,0.0078
1536,-0.748000,0.0078
1537,-0.757073,0.0078
1538,-0.759771,0.0079
1539,-0.757377,0.0078
1540,-0.767252,0.0079
1541,-0.766311,0.0079
1542,-0.779526,0.0078
1543,-0.773951,0.0079
1544,-0.775845,0.0079
1545,-0.769946,0.0079
1546,-0.773100,0.0079
1547,-0.776691,0.0079
1548,-0.781083,0.0079
1549,-0.778454,0.0079
1550,-0.757532,0.0079
1551,-0.755861,0.0079
1552,-0.770980,0.0079
1553,-0.784482,0.0079
1554,-0.779912,0.0079
1555,-0.774987,0.0079
1556,-0.785746,0.0079
1557,-0.789500,0.0079
1558,-0.795243,0.0079
1559,-0.773451,0.0078
1560,-0.758563,0.0078
1561,-0.754484,0.0079
1562,-0.766784,0.0079
1563,-0.778955,0.0079
1564,-0.767545,0.0079
1565,-0.730596,0.0079
1566,-0.704869,0.0079
1567,-0.688423,0.0079
1568,-0.689685,0.0079
1569,-0.701478,0.0079
1570,-0.717389,0.0079
1571,-0.733011,0.0079
1572,-0.743591,0.0079
1573,-0.758374,0.0079
1574,-0.771141,0.0079
1575,-0.774250,0.0079
1576,-0.772161,0.0079
1577,-0.772273,0.0079
1578,-0.771297,0.0079
1579,-0.771216,0.0079
1580,-0.776414,0.0079
1581,-0.778621,0.0079
1582,-0.776289,0.0079
1583,-0.779857,0.0079
1584,-0.778335,0.0079
1585,-0.781328,0.0079
1586,-0.788163,0.0080
1587,-0.776118,0.0080
1588,-0.773697,0.0079
1589,-0.783167,0.0080
1590,-0.783414,0.0080
1591,-0.783721,0.0080
1592,-0.788139,0.0080
1593,-0.775608,0.0080
1594,-0.755792,0.0081
1595,-0.747456,0.0081
1596,-0.750198,0.0081
1597,-0.761734,0.0080
1598,-0.770716,0.0080
1599,-0.774707,0.0080
1600,-0.779873,0.0080
1601,-0.779900,0.0080
1602,-0.783325,0.0080
1603,-0.780661,0.0081
1604,-0.779513,0.0080
1605,-0.782659,0.0080
1606,-0.786088,0.0080
1607,-0.790008,0.0080
1608,-0.793086,0.0080
1609,-0.789969,0.0080
1610,-0.760235,0.0080
1611,-0.715193,0.0080
1612,-0.690360,0.0080
1613,-0.684567,0.0080
1614,-0.703270,0.0080
1615,-0.730510,0.0080
1616,-0.742325,0.0081
1617,-0.751487,0.0080
1618,-0.726656,0.0080
1619,-0.735716,0.0081
1620,-0.733566,0.0081
1621,-0.718254,0.0080
1622,-0.730276,0.0082
1623,-0.745183,0.0080
1624,-0.745716,0.0080
1625,-0.748872,0.0080
1626,-0.757998,0.0080
1627,-0.751221,0.0080
1628,-0.745571,0.0081
1629,-0.749269,0.0080
1630,-0.760274,0.0080
1631,-0.765818,0.0080
1632,-0.755472,0.0081
1633,-0.758382,0.0080
1634,-0.764249,0.0081
1635,-0.758000,0.0081
1636,-0.759650,0.0081
1637,-0.763512,0.0081
1638,-0.761586,0.0081
1639,-0.763373,0.0081
1640,-0.771343,0.0081
1641,-0.777061,0.0080
1642,-0.777116,0.0080
1643,-0.774128,0.0080
1644,-0.773892,0.0080
1645,-0.766389,0.0080
1646,-0.756519,0.0081
1647,-0.764776,0.0080
1648,-0.774913,0.0080
1649,-0.776014,0.0081
1650,-0.771099,0.0081
1651,-0.781450,0.0081
1652,-0.784561,0.0081
1653,-0.788288,0.0081
1654,-0.787316,0.0081
1655,-0.785001,0.0081
1656,-0.788150,0.0081
1657,-0.792498,0.0081
1658,-0.775912,0.0080
1659,-0.769421,0.0080
1660,-0.779144,0.0080
1661,-0.784735,0.0080
1662,-0.778021,0.0081
1663,-0.775878,0.0081
1664,-0.763755,0.0081
1665,-0.763976,0.0081
1666,-0.787440,0.0081
1667,-0.777735,0.0082
1668,-0.745016,0.0081
1669,-0.700538,0.0081
1670,-0.683302,0.0081
1671,-0.704787,0.0082
1672,-0.739596,0.0081
1673,-0.737016,0.0082
1674,-0.764166,0.0081
1675,-0.748489,0.0081
1676,-0.730912,0.0082
1677,-0.724581,0.0082
1678,-0.717383,0.0081
1679,-0.715769,0.0081
1680,-0.726831,0.0081
1681,-0.734675,0.0081
1682,-0.733846,0.0082
1683,-0.743750,0.0081
1684,-0.741243,0.0081
1685,-0.749977,0.0081
1686,-0.755509,0.0081
1687,-0.740029,0.0082
1688,-0.732725,0.0081
1689,-0.741241,0.0083
1690,-0.745987,0.0082
1691,-0.749854,0.0082
1692,-0.769048,0.0081
1693,-0.765494,0.0084
1694,-0.775072,0.0082
1695,-0.774733,0.0082
1696,-0.773663,0.0081
1697,-0.777706,0.0083
1698,-0.778604,0.0082
1699,-0.781502,0.0085
1700,-0.776183,0.0082
1701,-0.764727,0.0084
1702,-0.757077,0.0085
1703,-0.754598,0.0085
1704,-0.753778,0.0082
1705,-0.756519,0.0085
1706,-0.759443,0.0085
1707,-0.773596,0.0083
1708,-0.785043,0.0085
1709,-0.777121,0.0085
1710,-0.743966,0.0081
1711,-0.715063,0.0082
1712,-0.690606,0.0083
1713,-0.671520,0.0081
1714,-0.669683,0.0082
1715,-0.686861,0.0082
1716,-0.699836,0.0082
1717,-0.720676,0.0083
1718,-0.748053,0.0084
1719,-0.769532,0.0082
1720,-0.784014,0.0083
1721,-0.782969,0.0082
1722,-0.787342,0.0082
1723,-0.784935,0.0082
1724,-0.788405,0.0084
1725,-0.785721,0.0084
1726,-0.783872,0.0083
1727,-0.789022,0.0084
1728,-0.783887,0.0084
1729,-0.784444,0.0082
1730,-0.780423,0.0084
1731,-0.787876,0.0084
1732,-0.791458,0.0084
1733,-0.778928,0.0084
1734,-0.785040,0.0084
1735,-0.787019,0.0084
1736,-0.790666,0.0084
1737,-0.791897,0.0084
1738,-0.796586,0.0084
1739,-0.800985,0.0084
1740,-0.801906,0.0084
1741,-0.801100,0.0084
1742,-0.803257,0.0084
1743,-0.801765,0.0085
1744,-0.803063,0.0083
1745,-0.806723,0.0085
1746,-0.803956,0.0085
1747,-0.808034,0.0084
1748,-0.811418,0.0085
1749,-0.812472,0.0084
1750,-0.814662,0.0085
1751,-0.815148,0.0085
1752,-0.814440,0.0085
1753,-0.816120,0.0086
1754,-0.814688,0.0083
1755,-0.815050,0.0086
1756,-0.812235,0.0084
1757,-0.812807,0.0084
1758,-0.808735,0.0084
1759,-0.804579,0.0084
1760,-0.806032,0.0083
1761,-0.810838,0.0083
1762,-0.809672,0.0084
1763,-0.810037,0.0084
1764,-0.812228,0.0084
1765,-0.809008,0.0084
1766,-0.815186,0.0083
1767,-0.812781,0.0083
1768,-0.814781,0.0083
1769,-0.816433,0.0085
1770,-0.820430,0.0083
1771,-0.818487,0.0083
1772,-0.820858,0.0098
1773,-0.820635,0.0085
1774,-0.823961,0.0083
1775,-0.824184,0.0083
1776,-0.821720,0.0085
1777,-0.822233,0.0083
1778,-0.819919,0.0083
1779,-0.815865,0.0086
1780,-0.805364,0.0083
1781,-0.801957,0.0085
1782,-0.798613,0.0086
1783,-0.802707,0.0084
1784,-0.806637,0.0085
1785,-0.809839,0.0085
1786,-0.812291,0.0085
1787,-0.810683,0.0084
1788,-0.812192,0.0088
1789,-0.817035,0.0085
1790,-0.818432,0.0086
1791,-0.821991,0.0086
1792,-0.821586,0.0086
1793,-0.823277,0.0086
1794,-0.822641,0.0085
1795,-0.821925,0.0085
1796,-0.822361,0.0086
1797,-0.822433,0.0086
1798,-0.810964,0.0086
1799,-0.822711,0.0087
1800,-0.815684,0.0086
1801,-0.820827,0.0086
1802,-0.819160,0.0086
1803,-0.825921,0.0086
1804,-0.820862,0.0086
1805,-0.814967,0.0086
1806,-0.800298,0.0087
1807,-0.806865,0.0085
1808,-0.810864,0.0086
1809,-0.816869,0.0086
1810,-0.820939,0.0086
1811,-0.824490,0.0086
1812,-0.815398,0.0084
1813,-0.817578,0.0086
1814,-0.818615,0.0085
1815,-0.815780,0.0085
1816,-0.816029,0.0084
1817,-0.818407,0.0086
1818,-0.816487,0.0085
1819,-0.817381,0.0086
1820,-0.823773,0.0085
1821,-0.825981,0.0085
1822,-0.820213,0.0085
1823,-0.820855,0.0085
1824,-0.818541,0.0086
1825,-0.810780,0.0085
1826,-0.811504,0.0085
1827,-0.815246,0.0085
1828,-0.819751,0.0086
1829,-0.815878,0.0085
1830,-0.818459,0.0086
1831,-0.817923,0.0085
1832,-0.820188,0.0095
1833,-0.823344,0.0086
1834,-0.826348,0.0086
1835,-0.826660,0.0086
1836,-0.826350,0.0086
1837,-0.821935,0.0086
1838,-0.787082,0.0086
1839,-0.812166,0.0087
1840,-0.817444,0.0087
1841,-0.819460,0.0086
1842,-0.817762,0.0087
1843,-0.814529,0.0087
1844,-0.727769,0.0086
1845,-0.680273,0.0087
1846,-0.720310,0.0086
1847,-0.731437,0.0087
1848,-0.725161,0.0087
1849,-0.734910,0.0087
1850,-0.747571,0.0087
1851,-0.774998,0.0087
1852,-0.785434,0.0087
1853,-0.793499,0.0087
1854,-0.791475,0.0087
1855,-0.793951,0.0087
1856,-0.787232,0.0088
1857,-0.798707,0.0087
1858,-0.786988,0.0087
1859,-0.791771,0.0087
1860,-0.796528,0.0088
1861,-0.800101,0.0088
1862,-0.801887,0.0088
1863,-0.804130,0.0088
1864,-0.804678,0.0088
1865,-0.808205,0.0088
1866,-0.812846,0.0088
1867,-0.814287,0.0088
1868,-0.814660,0.0088
1869,-0.819098,0.0088
1870,-0.814817,0.0089
1871,-0.817563,0.0088
1872,-0.817457,0.0088
1873,-0.819733,0.0088
1874,-0.818686,0.0089
1875,-0.821584,0.0089
1876,-0.824403,0.0089
1877,-0.826863,0.0089
1878,-0.821245,0.0089
1879,-0.823103,0.0089
1880,-0.823285,0.0090
1881,-0.828336,0.0089
1882,-0.828652,0.0089
1883,-0.828408,0.0089
1884,-0.828362,0.0089
1885,-0.831212,0.0089
1886,-0.834237,0.0089
1887,-0.827155,0.0089
1888,-0.801927,0.0089
1889,-0.828798,0.0089
1890,-0.828779,0.0089
1891,-0.821734,0.0089
1892,-0.832631,0.0089
1893,-0.829112,0.0089
1894,-0.821776,0.0089
1895,-0.827049,0.0090
1896,-0.824132,0.0089
1897,-0.820712,0.0088
1898,-0.827749,0.0089
1899,-0.797869,0.0090
1900,-0.788337,0.0090
1901,-0.775737,0.0090
1902,-0.754618,0.0090
1903,-0.746451,0.0090
1904,-0.752786,0.0090
1905,-0.769041,0.0090
1906,-0.780430,0.0090
1907,-0.786828,0.0090
1908,-0.793793,0.0090
1909,-0.796833,0.0090
1910,-0.796056,0.0091
1911,-0.785542,0.0090
1912,-0.794100,0.0090
1913,-0.798358,0.0090
1914,-0.801235,0.0090
1915,-0.801773,0.0090
1916,-0.808415,0.0090
1917,-0.808454,0.0090
1918,-0.812498,0.0091
1919,-0.770342,0.0091
1920,-0.751022,0.0091
1921,-0.745662,0.0091
1922,-0.767687,0.0091
1923,-0.789585,0.0091
1924,-0.786303,0.0091
1925,-0.799340,0.0091
1926,-0.793036,0.0091
1927,-0.799135,0.0091
1928,-0.799369,0.0091
1929,-0.805854,0.0091
1930,-0.808674,0.0091
1931,-0.802925,0.0092
1932,-0.803785,0.0092
1933,-0.808649,0.0092
1934,-0.813356,0.0092
1935,-0.814571,0.0092
1936,-0.814795,0.0092
1937,-0.656132,0.0092
1938,-0.658229,0.0092
1939,-0.727257,0.0092
1940,-0.727940,0.0092
1941,-0.720020,0.0092
1942,-0.752652,0.0092
1943,-0.785969,0.0092
1944,-0.788600,0.0092
1945,-0.775162,0.0092
1946,-0.759734,0.0092
1947,-0.731414,0.0092
1948,-0.731025,0.0092
1949,-0.752457,0.0092
1950,-0.780073,0.0092
1951,-0.790011,0.0092
1952,-0.783124,0.0092
1953,-0.761522,0.0092
1954,-0.730389,0.0092
1955,-0.721670,0.0092
1956,-0.742669,0.0092
1957,-0.774822,0.0092
1958,-0.788995,0.0092
1959,-0.771966,0.0092
1960,-0.775022,0.0092
1961,-0.789736,0.0092
1962,-0.800421,0.0092
1963,-0.795139,0.0092
1964,-0.797413,0.0092
1965,-0.807921,0.0092
1966,-0.814145,0.0095
1967,-0.811702,0.0096
1968,-0.807241,0.0093
1969,-0.809747,0.0096
1970,-0.814872,0.0096
1971,-0.816332,0.0093
1972,-0.818787,0.0096
1973,-0.819783,0.0093
1974,-0.824943,0.0096
1975,-0.822339,0.0098
1976,-0.823503,0.0096
1977,-0.824813,0.0092
1978,-0.826459,0.0095
1979,-0.827222,0.0093
1980,-0.829488,0.0094
1981,-0.833497,0.0095
1982,-0.833513,0.0095
1983,-0.832479,0.0095
1984,-0.833291,0.0095
1985,-0.834004,0.0095
1986,-0.837424,0.0095
1987,-0.836324,0.0095
1988,-0.831492,0.0095
1989,-0.826742,0.0095
1990,-0.826725,0.0095
1991,-0.825475,0.0095
1992,-0.823503,0.0095
1993,-0.830200,0.0095
1994,-0.826198,0.0098
1995,-0.826268,0.0095
1996,-0.830151,0.0098
1997,-0.834710,0.0095
1998,-0.835070,0.0095
1999,-0.828600,0.0095
2000,-0.832960,0.0095
2001,-0.829438,0.0096
2002,-0.833601,0.0095
2003,-0.834451,0.0095
2004,-0.831428,0.0095
2005,-0.831432,0.0096
2006,-0.826619,0.0096
2007,-0.825973,0.0095
2008,-0.828476,0.0096
2009,-0.826712,0.0096
2010,-0.831841,0.0095
2011,-0.826586,0.0097
2012,-0.777549,0.0096
2013,-0.784703,0.0096
2014,-0.803534,0.0096
2015,-0.810063,0.0096
2016,-0.825171,0.0096
2017,-0.818065,0.0096
2018,-0.815851,0.0097
2019,-0.818611,0.0096
2020,-0.828933,0.0097
2021,-0.825883,0.0097
2022,-0.828900,0.0097
2023,-0.824474,0.0097
2024,-0.823516,0.0097
2025,-0.818543,0.0097
2026,-0.820914,0.0097
2027,-0.821338,0.0097
2028,-0.816562,0.0097
2029,-0.820642,0.0097
2030,-0.820150,0.0097
2031,-0.826603,0.0097
2032,-0.821413,0.0097
2033,-0.820456,0.0097
2034,-0.811639,0.0098
2035,-0.822589,0.0096
2036,-0.815249,0.0097
2037,-0.817168,0.0097
2038,-0.820374,0.0096
2039,-0.826803,0.0097
2040,-0.762899,0.0096
2041,-0.751049,0.0097
2042,-0.763335,0.0098
2043,-0.792630,0.0098
2044,-0.747757,0.0098
2045,-0.794092,0.0096
2046,-0.795875,0.0098
2047,-0.801096,0.0098
2048,-0.801218,0.0098
2049,-0.798595,0.0098
2050,-0.807229,0.0098
2051,-0.810781,0.0098
2052,-0.818467,0.0099
2053,-0.807149,0.0098
2054,-0.812011,0.0100
2055,-0.819088,0.0096
2056,-0.820069,0.0096
2057,-0.824598,0.0096
2058,-0.823219,0.0096
2059,-0.823516,0.0097
2060,-0.814888,0.0097
2061,-0.812741,0.0097
2062,-0.822766,0.0097
2063,-0.822760,0.0097
2064,-0.824848,0.0097
2065,-0.824991,0.0097
2066,-0.829288,0.0097
2067,-0.823577,0.0097
2068,-0.834734,0.0097
2069,-0.806921,0.0097
2070,-0.770695,0.0097
2071,-0.762527,0.0097
2072,-0.757013,0.0097
2073,-0.774432,0.0097
2074,-0.788824,0.0097
2075,-0.794890,0.0097
2076,-0.771547,0.0097
2077,-0.756132,0.0098
2078,-0.743371,0.0097
2079,-0.753281,0.0097
2080,-0.749488,0.0097
2081,-0.763310,0.0098
2082,-0.766009,0.0098
2083,-0.758209,0.0098
2084,-0.765782,0.0098
2085,-0.779453,0.0098
2086,-0.776748,0.0097
2087,-0.794495,0.0098
2088,-0.798248,0.0097
2089,-0.803699,0.0098
2090,-0.813191,0.0097
2091,-0.810113,0.0097
2092,-0.812876,0.0097
2093,-0.815181,0.0097
2094,-0.815261,0.0098
2095,-0.772723,0.0098
2096,-0.703652,0.0098
2097,-0.673250,0.0098
2098,-0.684338,0.0098
2099,-0.725605,0.0098
2100,-0.760435,0.0098
2101,-0.790651,0.0098
2102,-0.803444,0.0098
2103,-0.778271,0.0098
2104,-0.771459,0.0098
2105,-0.774956,0.0098
2106,-0.701991,0.0098
2107,-0.581651,0.0097
2108,-0.529629,0.0097
2109,-0.539763,0.0099
2110,-0.589874,0.0097
2111,-0.657714,0.0099
2112,-0.701810,0.0099
2113,-0.714177,0.0098
2114,-0.708798,0.0098
2115,-0.700948,0.0098
2116,-0.709824,0.0097
2117,-0.736393,0.0098
2118,-0.770733,0.0098
2119,-0.796901,0.0099
2120,-0.789472,0.0098
2121,-0.775226,0.0099
2122,-0.771508,0.0097
2123,-0.773933,0.0099
2124,-0.787006,0.0099
2125,-0.790612,0.0099
2126,-0.789921,0.0098
2127,-0.788514,0.0099
2128,-0.793995,0.0099
2129,-0.794634,0.0099
2130,-0.804263,0.0099
2131,-0.804261,0.0098
2132,-0.803439,0.0099
2133,-0.810201,0.0099
2134,-0.814178,0.0099
2135,-0.817687,0.0099
2136,-0.821159,0.0099
2137,-0.821430,0.0099
2138,-0.815552,0.0099
2139,-0.819746,0.0097
2140,-0.824913,0.0099
2141,-0.819552,0.0099
2142,-0.813844,0.0098
2143,-0.823815,0.0098
2144,-0.821825,0.0099
2145,-0.798891,0.0099
2146,-0.756544,0.0099
2147,-0.717416,0.0100
2148,-0.690942,0.0099
2149,-0.675344,0.0100
2150,-0.674268,0.0100
2151,-0.679972,0.0099
2152,-0.687546,0.0100
2153,-0.705913,0.0103
2154,-0.732670,0.0100
2155,-0.755215,0.0100
2156,-0.777946,0.0100
2157,-0.802266,0.0100
2158,-0.820879,0.0101
2159,-0.825949,0.0101
2160,-0.824373,0.0101
2161,-0.814469,0.0100
2162,-0.805506,0.0100
2163,-0.810365,0.0101
2164,-0.809376,0.0101
2165,-0.809323,0.0100
2166,-0.799484,0.0101
2167,-0.796699,0.0101
2168,-0.808945,0.0101
2169,-0.822113,0.0101
2170,-0.828122,0.0101
2171,-0.801224,0.0101
2172,-0.801086,0.0101
2173,-0.800585,0.0101
2174,-0.794060,0.0101
2175,-0.799731,0.0101
2176,-0.806134,0.0101
2177,-0.805036,0.0102
2178,-0.805040,0.0101
2179,-0.813555,0.0100
2180,-0.823573,0.0101
2181,-0.821780,0.0102
2182,-0.818142,0.0101
2183,-0.817750,0.0102
2184,-0.820276,0.0102
2185,-0.825773,0.0102
2186,-0.828595,0.0101
2187,-0.827999,0.0102
2188,-0.849794,0.0102
2189,-0.850453,0.0101
2190,-0.858643,0.0102
2191,-0.857143,0.0102
2192,-0.861933,0.0101
2193,-0.863643,0.0101
2194,-0.865865,0.0101
2195,-0.868045,0.0101
2196,-0.869878,0.0101
2197,-0.870364,0.0101
2198,-0.871083,0.0101
2199,-0.874243,0.0101
2200,-0.877263,0.0100
2201,-0.878822,0.0100
2202,-0.878106,0.0101
2203,-0.878066,0.0100
2204,-0.879408,0.0101
2205,-0.880692,0.0101
2206,-0.881607,0.0100
2207,-0.883548,0.0101
2208,-0.883728,0.0101
2209,-0.883791,0.0100
2210,-0.884140,0.0101
2211,-0.883681,0.0101
2212,-0.883769,0.0101
2213,-0.885175,0.0101
2214,-0.887758,0.0101
2215,-0.886911,0.0101
2216,-0.886347,0.0101
2217,-0.886666,0.0101
2218,-0.886134,0.0101
2219,-0.886198,0.0101
2220,-0.887081,0.0101
2221,-0.887239,0.0101
2222,-0.887895,0.0101
2223,-0.889614,0.0101
2224,-0.889384,0.0101
2225,-0.888038,0.0102
2226,-0.888499,0.0101
2227,-0.889259,0.0101
2228,-0.891183,0.0101
2229,-0.891944,0.0101
2230,-0.892221,0.0101
2231,-0.894630,0.0103
2232,-0.893923,0.0102
2233,-0.894828,0.0102
2234,-0.894766,0.0102
2235,-0.894609,0.0101
2236,-0.893418,0.0102
2237,-0.889483,0.0102
2238,-0.885437,0.0101
2239,-0.883172,0.0102
2240,-0.882558,0.0102
2241,-0.879109,0.0102
2242,-0.878900,0.0102
2243,-0.882433,0.0102
2244,-0.881685,0.0102
2245,-0.871447,0.0102
2246,-0.868485,0.0102
2247,-0.873764,0.0102
2248,-0.879210,0.0102
2249,-0.831122,0.0102
2250,-0.720695,0.0102
2251,-0.617504,0.0102
2252,-0.544967,0.0102
2253,-0.508187,0.0103
2254,-0.501513,0.0103
2255,-0.516392,0.0102
2256,-0.546714,0.0103
2257,-0.582721,0.0102
2258,-0.619991,0.0103
2259,-0.655527,0.0103
2260,-0.688289,0.0103
2261,-0.718075,0.0103
2262,-0.739720,0.0103
2263,-0.757839,0.0103
2264,-0.779169,0.0103
2265,-0.800807,0.0103
2266,-0.818764,0.0104
2267,-0.832005,0.0104
2268,-0.842411,0.0105
2269,-0.852330,0.0105
2270,-0.861917,0.0106
2271,-0.867133,0.0106
2272,-0.869316,0.0109
2273,-0.871992,0.0106
2274,-0.877084,0.0107
2275,-0.879663,0.0107
2276,-0.884905,0.0107
2277,-0.887439,0.0107
2278,-0.886825,0.0107
2279,-0.886895,0.0107
2280,-0.881750,0.0108
2281,-0.876763,0.0108
2282,-0.876470,0.0111
2283,-0.879240,0.0109
2284,-0.881994,0.0109
2285,-0.884507,0.0108
2286,-0.887900,0.0110
2287,-0.890628,0.0111
2288,-0.890800,0.0109
2289,-0.890636,0.0109
2290,-0.889081,0.0111
2291,-0.888546,0.0111
2292,-0.888016,0.0111
2293,-0.889343,0.0110
2294,-0.890292,0.0111
2295,-0.892479,0.0110
2296,-0.893633,0.0112
2297,-0.896345,0.0112
2298,-0.898411,0.0112
2299,-0.897844,0.0112
2300,-0.899519,0.0112
2301,-0.899129,0.0113
2302,-0.900057,0.0112
2303,-0.900143,0.0113
2304,-0.900106,0.0112
2305,-0.898801,0.0113
2306,-0.896176,0.0113
2307,-0.894744,0.0113
2308,-0.890316,0.0114
2309,-0.893022,0.0114
2310,-0.894907,0.0114
2311,-0.899288,0.0114
2312,-0.899578,0.0114
2313,-0.903600,0.0115
2314,-0.900942,0.0115
2315,-0.901960,0.0115
2316,-0.901567,0.0115
2317,-0.898787,0.0115
2318,-0.899627,0.0117
2319,-0.898929,0.0116
2320,-0.899294,0.0117
2321,-0.900013,0.0116
2322,-0.899239,0.0116
2323,-0.900364,0.0117
2324,-0.899387,0.0116
2325,-0.899548,0.0117
2326,-0.901886,0.0118
2327,-0.900979,0.0118
2328,-0.898935,0.0117
2329,-0.899183,0.0118
2330,-0.898533,0.0118
2331,-0.899763,0.0118
2332,-0.899493,0.0119
2333,-0.901645,0.0118
2334,-0.902002,0.0119
2335,-0.902487,0.0119
2336,-0.902134,0.0119
2337,-0.901817,0.0121
2338,-0.902094,0.0120
2339,-0.903137,0.0120
2340,-0.901140,0.0120
2341,-0.899671,0.0121
2342,-0.899637,0.0121
2343,-0.900971,0.0121
2344,-0.899333,0.0120
2345,-0.899548,0.0121
2346,-0.901452,0.0121
2347,-0.902948,0.0122
2348,-0.905487,0.0123
2349,-0.905121,0.0122
2350,-0.905429,0.0122
2351,-0.906113,0.0123
2352,-0.905315,0.0122
2353,-0.907025,0.0122
2354,-0.906418,0.0123
2355,-0.906390,0.0123
2356,-0.905026,0.0123
2357,-0.905344,0.0124
2358,-0.903729,0.0124
2359,-0.904716,0.0124
2360,-0.906672,0.0125
2361,-0.901939,0.0125
2362,-0.902685,0.0125
2363,-0.899786,0.0125
2364,-0.898371,0.0125
2365,-0.897459,0.0125
2366,-0.897270,0.0127
2367,-0.898204,0.0126
2368,-0.898357,0.0126
2369,-0.895761,0.0126
2370,-0.892867,0.0126
2371,-0.887603,0.0127
2372,-0.879689,0.0127
2373,-0.874575,0.0127
2374,-0.876240,0.0127
2375,-0.880200,0.0133
2376,-0.885433,0.0131
2377,-0.890463,0.0129
2378,-0.894381,0.0128
2379,-0.898667,0.0128
2380,-0.900836,0.0129
2381,-0.867153,0.0129
2382,-0.803049,0.0129
2383,-0.752901,0.0131
2384,-0.724770,0.0129
2385,-0.721887,0.0130
2386,-0.733015,0.0130
2387,-0.742179,0.0131
2388,-0.738820,0.0132
2389,-0.725932,0.0130
2390,-0.719165,0.0131
2391,-0.718310,0.0131
2392,-0.722256,0.0131
2393,-0.733468,0.0131
2394,-0.744879,0.0133
2395,-0.759674,0.0134
2396,-0.775283,0.0132
2397,-0.791124,0.0133
2398,-0.805027,0.0134
2399,-0.812718,0.0133
2400,-0.812752,0.0133
2401,-0.816837,0.0134
2402,-0.825008,0.0135
2403,-0.833749,0.0134
2404,-0.841622,0.0134
2405,-0.848040,0.0134
2406,-0.853781,0.0136
2407,-0.860608,0.0135
2408,-0.867232,0.0137
2409,-0.873798,0.0135
2410,-0.864725,0.0137
2411,-0.863037,0.0136
2412,-0.855750,0.0136
2413,-0.834917,0.0136
2414,-0.852214,0.0137
2415,-0.858377,0.0136
2416,-0.876400,0.0137
2417,-0.866441,0.0137
2418,-0.866463,0.0139
2419,-0.877532,0.0139
2420,-0.878487,0.0139
2421,-0.880183,0.0138
2422,-0.881341,0.0138
2423,-0.879612,0.0138
2424,-0.880409,0.0140
2425,-0.888216,0.0139
2426,-0.884992,0.0139
2427,-0.882446,0.0139
2428,-0.887777,0.0139
2429,-0.889870,0.0141
2430,-0.892247,0.0139
2431,-0.892401,0.0140
2432,-0.894556,0.0140
2433,-0.896297,0.0141
2434,-0.899091,0.0142
2435,-0.898402,0.0140
2436,-0.899801,0.0142
2437,-0.899386,0.0141
2438,-0.898964,0.0141
2439,-0.902198,0.0143
2440,-0.903077,0.0141
2441,-0.902541,0.0142
2442,-0.906369,0.0143
2443,-0.903978,0.0142
2444,-0.905804,0.0141
2445,-0.907269,0.0143
2446,-0.906588,0.0142
2447,-0.909445,0.0142
2448,-0.902718,0.0143
2449,-0.901414,0.0145
2450,-0.897650,0.0143
2451,-0.898326,0.0145
2452,-0.897541,0.0143
2453,-0.899268,0.0144
2454,-0.898996,0.0144
2455,-0.900210,0.0144
2456,-0.902906,0.0144
2457,-0.906010,0.0146
2458,-0.901776,0.0144
2459,-0.894508,0.0145
2460,-0.884258,0.0145
2461,-0.872140,0.0145
2462,-0.863338,0.0147
2463,-0.857437,0.0145
2464,-0.857601,0.0147
2465,-0.862123,0.0145
2466,-0.857579,0.0146
2467,-0.843854,0.0145
2468,-0.836423,0.0145
2469,-0.845139,0.0146
2470,-0.860234,0.0146
2471,-0.875837,0.0146
2472,-0.887007,0.0147
2473,-0.894558,0.0148
2474,-0.899270,0.0147
2475,-0.900032,0.0146
2476,-0.895091,0.0147
2477,-0.889515,0.0149
2478,-0.886176,0.0147
2479,-0.889735,0.0147
2480,-0.893489,0.0148
2481,-0.898098,0.0147
2482,-0.902963,0.0148
2483,-0.902461,0.0148
2484,-0.897080,0.0150
2485,-0.895260,0.0150
2486,-0.879524,0.0148
2487,-0.892045,0.0148
2488,-0.888682,0.0148
2489,-0.891794,0.0150
2490,-0.895559,0.0150
2491,-0.893874,0.0149
2492,-0.897833,0.0151
2493,-0.899017,0.0149
2494,-0.897461,0.0149
2495,-0.902510,0.0151
2496,-0.872180,0.0151
2497,-0.880439,0.0151
2498,-0.899728,0.0150
2499,-0.892187,0.0150
2500,-0.889634,0.0152
2501,-0.875891,0.0149
2502,-0.853569,0.0152
2503,-0.834245,0.0152
2504,-0.819470,0.0152
2505,-0.813437,0.0150
2506,-0.818317,0.0150
2507,-0.819874,0.0150
2508,-0.818668,0.0151
2509,-0.828033,0.0150
2510,-0.837186,0.0150
2511,-0.843310,0.0151
2512,-0.848184,0.0151
2513,-0.800785,0.0152
2514,-0.846258,0.0151
2515,-0.836911,0.0151
2516,-0.855959,0.0153
2517,-0.869639,0.0152
2518,-0.849606,0.0151
2519,-0.868111,0.0151
2520,-0.862503,0.0152
2521,-0.870430,0.0151
2522,-0.882400,0.0152
2523,-0.877999,0.0154
2524,-0.885661,0.0152
2525,-0.894274,0.0152
2526,-0.889665,0.0152
2527,-0.892523,0.0154
2528,-0.903388,0.0152
2529,-0.894763,0.0152
2530,-0.891492,0.0152
2531,-0.899977,0.0152
2532,-0.902151,0.0152
2533,-0.895716,0.0152
2534,-0.899908,0.0155
2535,-0.900252,0.0154
2536,-0.904836,0.0153
2537,-0.909495,0.0155
2538,-0.907035,0.0153
2539,-0.906152,0.0153
2540,-0.907148,0.0153
2541,-0.909690,0.0153
2542,-0.909598,0.0153
2543,-0.909749,0.0155
2544,-0.909989,0.0153
2545,-0.908910,0.0153
2546,-0.907952,0.0153
2547,-0.912062,0.0154
2548,-0.912827,0.0153
2549,-0.913838,0.0154
2550,-0.916388,0.0153
2551,-0.915063,0.0156
2552,-0.916694,0.0154
2553,-0.914740,0.0156
2554,-0.911481,0.0153
2555,-0.906740,0.0154
2556,-0.910269,0.0156
2557,-0.914447,0.0154
2558,-0.911854,0.0156
2559,-0.912497,0.0155
2560,-0.914105,0.0154
2561,-0.913159,0.0155
2562,-0.914264,0.0155
2563,-0.913798,0.0156
2564,-0.915748,0.0155
2565,-0.916802,0.0157
2566,-0.914563,0.0157
2567,-0.916168,0.0155
2568,-0.915559,0.0155
2569,-0.919132,0.0155
2570,-0.919033,0.0157
2571,-0.919767,0.0155
2572,-0.918577,0.0157
2573,-0.919142,0.0155
2574,-0.915605,0.0156
2575,-0.913527,0.0157
2576,-0.915310,0.0156
2577,-0.913997,0.0156
2578,-0.914593,0.0156
2579,-0.916309,0.0156
2580,-0.918072,0.0158
2581,-0.919029,0.0156
2582,-0.918018,0.0156
2583,-0.872877,0.0157
2584,-0.870171,0.0157
2585,-0.859334,0.0157
2586,-0.864695,0.0157
2587,-0.871900,0.0157
2588,-0.881505,0.0157
2589,-0.878740,0.0157
2590,-0.880437,0.0158
2591,-0.880658,0.0157
2592,-0.883010,0.0158
2593,-0.885801,0.0158
2594,-0.870546,0.0158
2595,-0.885844,0.0160
2596,-0.879956,0.0161
2597,-0.893326,0.0159
2598,-0.888113,0.0161
2599,-0.889622,0.0159
2600,-0.899092,0.0159
2601,-0.903098,0.0159
2602,-0.908300,0.0159
2603,-0.904466,0.0159
2604,-0.900150,0.0159
2605,-0.894242,0.0160
2606,-0.896252,0.0160
2607,-0.905156,0.0160
2608,-0.909698,0.0160
2609,-0.909725,0.0163
2610,-0.908307,0.0160
2611,-0.907249,0.0160
2612,-0.910369,0.0163
2613,-0.910143,0.0161
2614,-0.909127,0.0161
2615,-0.912744,0.0161
2616,-0.913449,0.0161
2617,-0.913520,0.0161
2618,-0.913803,0.0164
2619,-0.914120,0.0162
2620,-0.915757,0.0164
2621,-0.916268,0.0164
2622,-0.911201,0.0162
2623,-0.908389,0.0162
2624,-0.905215,0.0162
2625,-0.904872,0.0162
2626,-0.905979,0.0163
2627,-0.908214,0.0163
2628,-0.906201,0.0162
2629,-0.905146,0.0163
2630,-0.904774,0.0163
2631,-0.907819,0.0163
2632,-0.908050,0.0163
2633,-0.908982,0.0163
2634,-0.905607,0.0163
2635,-0.908223,0.0163
2636,-0.908018,0.0163
2637,-0.904274,0.0166
2638,-0.905849,0.0163
2639,-0.909634,0.0166
2640,-0.910411,0.0166
2641,-0.908728,0.0166
2642,-0.907314,0.0164
2643,-0.909565,0.0164
2644,-0.911456,0.0164
2645,-0.913466,0.0165
2646,-0.913334,0.0164
2647,-0.913064,0.0165
2648,-0.912408,0.0165
2649,-0.914786,0.0165
2650,-0.913352,0.0165
2651,-0.912287,0.0165
2652,-0.914436,0.0165
2653,-0.915083,0.0165
2654,-0.915232,0.0165
2655,-0.918320,0.0168
2656,-0.916910,0.0165
2657,-0.917926,0.0165
2658,-0.918954,0.0168
2659,-0.919966,0.0166
2660,-0.921700,0.0166
2661,-0.919766,0.0166
2662,-0.918397,0.0166
2663,-0.918056,0.0166
2664,-0.915231,0.0166
2665,-0.915315,0.0169
2666,-0.915728,0.0166
2667,-0.920373,0.0167
2668,-0.922129,0.0166
2669,-0.924691,0.0169
2670,-0.924765,0.0167
2671,-0.925571,0.0167
2672,-0.923879,0.0167
2673,-0.924134,0.0168
2674,-0.924938,0.0168
2675,-0.926262,0.0168
2676,-0.920765,0.0168
2677,-0.925556,0.0170
2678,-0.926146,0.0168
2679,-0.926919,0.0168
2680,-0.926706,0.0168
2681,-0.923321,0.0168
2682,-0.920467,0.0170
2683,-0.918559,0.0169
2684,-0.920459,0.0169
2685,-0.923231,0.0171
2686,-0.926384,0.0169
2687,-0.927806,0.0169
2688,-0.927282,0.0169
2689,-0.926547,0.0168
2690,-0.920777,0.0171
2691,-0.927194,0.0169
2692,-0.926565,0.0168
2693,-0.927268,0.0172
2694,-0.923611,0.0171
2695,-0.917496,0.0169
2696,-0.915707,0.0169
2697,-0.915379,0.0170
2698,-0.913480,0.0172
2699,-0.910480,0.0169
2700,-0.911022,0.0170
2701,-0.911832,0.0169
2702,-0.915124,0.0169
2703,-0.916808,0.0172
2704,-0.916162,0.0169
2705,-0.914114,0.0169
2706,-0.913538,0.0169
2707,-0.915614,0.0172
2708,-0.918598,0.0169
2709,-0.921636,0.0169
2710,-0.922686,0.0170
2711,-0.925081,0.0173
2712,-0.927795,0.0172
2713,-0.927917,0.0170
2714,-0.927391,0.0170
2715,-0.929613,0.0170
2716,-0.929051,0.0170
2717,-0.930161,0.0170
2718,-0.928429,0.0172
2719,-0.927899,0.0170
2720,-0.929901,0.0170
2721,-0.929835,0.0173
2722,-0.931037,0.0170
2723,-0.931014,0.0170
2724,-0.932014,0.0170
2725,-0.931714,0.0171
2726,-0.931126,0.0173
2727,-0.929874,0.0171
2728,-0.928166,0.0171
2729,-0.925499,0.0171
2730,-0.926842,0.0170
2731,-0.929927,0.0170
2732,-0.928921,0.0170
2733,-0.931127,0.0170
2734,-0.929601,0.0173
2735,-0.929804,0.0171
2736,-0.930646,0.0171
2737,-0.931474,0.0171
2738,-0.933019,0.0174
2739,-0.931632,0.0171
2740,-0.930093,0.0171
2741,-0.928868,0.0173
2742,-0.928732,0.0176
2743,-0.927720,0.0174
2744,-0.927111,0.0176
2745,-0.926730,0.0176
2746,-0.926987,0.0174
2747,-0.930908,0.0176
2748,-0.932214,0.0173
2749,-0.931450,0.0175
2750,-0.934028,0.0172
2751,-0.935974,0.0175
2752,-0.936351,0.0173
2753,-0.933902,0.0173
2754,-0.932026,0.0173
2755,-0.932689,0.0173
2756,-0.934697,0.0173
2757,-0.934847,0.0176
2758,-0.935866,0.0173
2759,-0.936772,0.0173
2760,-0.933169,0.0173
2761,-0.934817,0.0173
2762,-0.933002,0.0173
2763,-0.933439,0.0176
2764,-0.937649,0.0175
2765,-0.938890,0.0172
2766,-0.939092,0.0173
2767,-0.936467,0.0173
2768,-0.930237,0.0173
2769,-0.926693,0.0174
2770,-0.928525,0.0174
2771,-0.929165,0.0174
2772,-0.932680,0.0174
2773,-0.928215,0.0173
2774,-0.934743,0.0174
2775,-0.933920,0.0173
2776,-0.933678,0.0173
2777,-0.929581,0.0173
2778,-0.930175,0.0176
2779,-0.933903,0.0176
2780,-0.928230,0.0176
2781,-0.930490,0.0173
2782,-0.940250,0.0173
2783,-0.933037,0.0173
2784,-0.932006,0.0175
2785,-0.933458,0.0173
2786,-0.934205,0.0173
2787,-0.940827,0.0173
2788,-0.936417,0.0175
2789,-0.938450,0.0175
2790,-0.937320,0.0173
2791,-0.939183,0.0173
2792,-0.939873,0.0173
2793,-0.938916,0.0175
2794,-0.939763,0.0173
2795,-0.939846,0.0175
2796,-0.941513,0.0172
2797,-0.932384,0.0172
2798,-0.939037,0.0173
2799,-0.937930,0.0173
2800,-0.937463,0.0176
2801,-0.935259,0.0175
2802,-0.934494,0.0172
2803,-0.935948,0.0173
2804,-0.936674,0.0172
2805,-0.938051,0.0175
2806,-0.913546,0.0172
2807,-0.908371,0.0172
2808,-0.925797,0.0173
2809,-0.924834,0.0176
2810,-0.892315,0.0172
2811,-0.883945,0.0175
2812,-0.888950,0.0173
2813,-0.880050,0.0173
2814,-0.877226,0.0173
2815,-0.868986,0.0176
2816,-0.855795,0.0172
2817,-0.851246,0.0173
2818,-0.849295,0.0175
2819,-0.844775,0.0172
2820,-0.843771,0.0172
2821,-0.843836,0.0172
2822,-0.847660,0.0175
2823,-0.855671,0.0172
2824,-0.858893,0.0173
2825,-0.861765,0.0175
2826,-0.866534,0.0175
2827,-0.871969,0.0172
2828,-0.872598,0.0175
2829,-0.868723,0.0172
2830,-0.876504,0.0172
2831,-0.886665,0.0175
2832,-0.888199,0.0175
2833,-0.889280,0.0175
2834,-0.892475,0.0173
2835,-0.884932,0.0173
2836,-0.906524,0.0173
2837,-0.894719,0.0173
2838,-0.908414,0.0173
2839,-0.908640,0.0172
2840,-0.898032,0.0172
2841,-0.905927,0.0172
2842,-0.898743,0.0175
2843,-0.895007,0.0173
2844,-0.900281,0.0172
2845,-0.899595,0.0172
2846,-0.904812,0.0172
2847,-0.914683,0.0172
2848,-0.910752,0.0172
2849,-0.915633,0.0174
2850,-0.914090,0.0172
2851,-0.913949,0.0172
2852,-0.917177,0.0172
2853,-0.916131,0.0172
2854,-0.917765,0.0171
2855,-0.920375,0.0174
2856,-0.921212,0.0172
2857,-0.926005,0.0174
2858,-0.925233,0.0171
2859,-0.923717,0.0171
2860,-0.923906,0.0174
2861,-0.928913,0.0174
2862,-0.932295,0.0171
2863,-0.933547,0.0171
2864,-0.930958,0.0170
2865,-0.930538,0.0171
2866,-0.934241,0.0173
2867,-0.936147,0.0170
2868,-0.935700,0.0170
2869,-0.935789,0.0173
2870,-0.937058,0.0170
2871,-0.932507,0.0170
2872,-0.932859,0.0170
2873,-0.934107,0.0170
2874,-0.927120,0.0170
2875,-0.923191,0.0170
2876,-0.923310,0.0169
2877,-0.923049,0.0169
2878,-0.919477,0.0172
2879,-0.920647,0.0172
2880,-0.924685,0.0170
2881,-0.926344,0.0170
2882,-0.931286,0.0172
2883,-0.934851,0.0169
2884,-0.937440,0.0169
2885,-0.939912,0.0170
2886,-0.942471,0.0169
2887,-0.942795,0.0170
2888,-0.943696,0.0170
2889,-0.945345,0.0170
2890,-0.942862,0.0170
2891,-0.944237,0.0170
2892,-0.937384,0.0170
2893,-0.931774,0.0170
2894,-0.932073,0.0171
2895,-0.932162,0.0173
2896,-0.933162,0.0171
2897,-0.936868,0.0171
2898,-0.938697,0.0171
2899,-0.941418,0.0171
2900,-0.943245,0.0171
2901,-0.944763,0.0172
2902,-0.940516,0.0172
2903,-0.939156,0.0172
2904,-0.939453,0.0172
2905,-0.938949,0.0172
2906,-0.941256,0.0172
2907,-0.940047,0.0175
2908,-0.939983,0.0173
2909,-0.928255,0.0176
2910,-0.923705,0.0174
2911,-0.926447,0.0173
2912,-0.924936,0.0174
2913,-0.933940,0.0176
2914,-0.940079,0.0176
2915,-0.936951,0.0175
2916,-0.923837,0.0180
2917,-0.922213,0.0174
2918,-0.925623,0.0177
2919,-0.931656,0.0175
2920,-0.932984,0.0174
2921,-0.931636,0.0175
2922,-0.934683,0.0175
2923,-0.939328,0.0175
2924,-0.940670,0.0175
2925,-0.939184,0.0178
2926,-0.933605,0.0175
2927,-0.924659,0.0176
2928,-0.927894,0.0175
2929,-0.936533,0.0176
2930,-0.942995,0.0176
2931,-0.939984,0.0176
2932,-0.938501,0.0176
2933,-0.940989,0.0175
2934,-0.941597,0.0176
2935,-0.942899,0.0176
2936,-0.941926,0.0179
2937,-0.940503,0.0179
2938,-0.940647,0.0179
2939,-0.944959,0.0177
2940,-0.945930,0.0177
2941,-0.948066,0.0176
2942,-0.948725,0.0176
2943,-0.944616,0.0176
2944,-0.943883,0.0176
2945,-0.945068,0.0179
2946,-0.947571,0.0176
2947,-0.947117,0.0179
2948,-0.947644,0.0176
2949,-0.945750,0.0176
2950,-0.943900,0.0176
2951,-0.947886,0.0179
2952,-0.947766,0.0176
2953,-0.946148,0.0176
2954,-0.943914,0.0177
2955,-0.942152,0.0179
2956,-0.940831,0.0176
2957,-0.947323,0.0176
2958,-0.946089,0.0179
2959,-0.867211,0.0179
2960,-0.786866,0.0176
2961,-0.769478,0.0176
2962,-0.766424,0.0176
2963,-0.775789,0.0177
2964,-0.841936,0.0176
2965,-0.865811,0.0177
2966,-0.888823,0.0180
2967,-0.917885,0.0180
2968,-0.876642,0.0177
2969,-0.891578,0.0178
2970,-0.883022,0.0179
2971,-0.892644,0.0179
2972,-0.917926,0.0181
2973,-0.912808,0.0179
2974,-0.929172,0.0178
2975,-0.920724,0.0178
2976,-0.913879,0.0178
2977,-0.924366,0.0181
2978,-0.919099,0.0178
2979,-0.928992,0.0178
2980,-0.936134,0.0181
2981,-0.932522,0.0181
2982,-0.933608,0.0179
2983,-0.930287,0.0179
2984,-0.932152,0.0182
2985,-0.935144,0.0179
2986,-0.933041,0.0180
2987,-0.934636,0.0180
2988,-0.937342,0.0180
2989,-0.935822,0.0181
2990,-0.936231,0.0180
2991,-0.933867,0.0181
2992,-0.932947,0.0184
2993,-0.688921,0.0181
2994,-0.658348,0.0181
2995,-0.706823,0.0181
2996,-0.795080,0.0184
2997,-0.867372,0.0182
2998,-0.852388,0.0182
2999,-0.832988,0.0182
3000,-0.844092,0.0182
3001,-0.867830,0.0183
3002,-0.892741,0.0185
3003,-0.909138,0.0182
3004,-0.916899,0.0183
3005,-0.920669,0.0186
3006,-0.921408,0.0183
3007,-0.918584,0.0183
3008,-0.921562,0.0186
3009,-0.927989,0.0184
3010,-0.932358,0.0184
3011,-0.931587,0.0183
3012,-0.930869,0.0186
3013,-0.933554,0.0183
3014,-0.932217,0.0187
3015,-0.932293,0.0184
3016,-0.935708,0.0184
3017,-0.937880,0.0187
3018,-0.939977,0.0184
3019,-0.938130,0.0185
3020,-0.920392,0.0184
3021,-0.895153,0.0184
3022,-0.888959,0.0185
3023,-0.902524,0.0184
3024,-0.922060,0.0185
3025,-0.933859,0.0185
3026,-0.924563,0.0185
3027,-0.914808,0.0185
3028,-0.923220,0.0185
3029,-0.933388,0.0188
3030,-0.931602,0.0185
3031,-0.928686,0.0188
3032,-0.934157,0.0185
3033,-0.942562,0.0186
3034,-0.944161,0.0185
3035,-0.941512,0.0185
3036,-0.939286,0.0185
3037,-0.943024,0.0185
3038,-0.945746,0.0188
3039,-0.944672,0.0188
3040,-0.943054,0.0188
3041,-0.941735,0.0188
3042,-0.936786,0.0185
3043,-0.946090,0.0185
3044,-0.939203,0.0188
3045,-0.941952,0.0185
3046,-0.937675,0.0185
3047,-0.941996,0.0185
3048,-0.938561,0.0188
3049,-0.941775,0.0185
3050,-0.939655,0.0185
3051,-0.940949,0.0185
3052,-0.835532,0.0188
3053,-0.845950,0.0188
3054,-0.883246,0.0188
3055,-0.857822,0.0186
3056,-0.902730,0.0185
3057,-0.904409,0.0185
3058,-0.892577,0.0185
3059,-0.919887,0.0185
3060,-0.918322,0.0185
3061,-0.896810,0.0188
3062,-0.903147,0.0185
3063,-0.914533,0.0188
3064,-0.910387,0.0188
3065,-0.915187,0.0185
3066,-0.918394,0.0185
3067,-0.913599,0.0188
3068,-0.920202,0.0185
3069,-0.933730,0.0185
3070,-0.934384,0.0188
3071,-0.931962,0.0185
3072,-0.936554,0.0188
3073,-0.936295,0.0185
3074,-0.934311,0.0185
3075,-0.938918,0.0186
3076,-0.940397,0.0185
3077,-0.936730,0.0185
3078,-0.932740,0.0185
3079,-0.923748,0.0185
3080,-0.915970,0.0186
3081,-0.915015,0.0186
3082,-0.919099,0.0186
3083,-0.924289,0.0185
3084,-0.931492,0.0186
3085,-0.933965,0.0185
3086,-0.935356,0.0186
3087,-0.935972,0.0186
3088,-0.936836,0.0186
3089,-0.936939,0.0186
3090,-0.937961,0.0186
3091,-0.940300,0.0186
3092,-0.943093,0.0189
3093,-0.943178,0.0189
3094,-0.946087,0.0189
3095,-0.944959,0.0186
3096,-0.945040,0.0186
3097,-0.945849,0.0186
3098,-0.946958,0.0186
3099,-0.946164,0.0186
3100,-0.949801,0.0186
3101,-0.950888,0.0189
3102,-0.949091,0.0186
3103,-0.951095,0.0189
3104,-0.952112,0.0189
3105,-0.952107,0.0186
3106,-0.952379,0.0189
3107,-0.948486,0.0186
3108,-0.943627,0.0186
3109,-0.945485,0.0186
3110,-0.948668,0.0186
3111,-0.950977,0.0186
3112,-0.951077,0.0186
3113,-0.952318,0.0190
3114,-0.952640,0.0187
3115,-0.951813,0.0187
3116,-0.953617,0.0187
3117,-0.955076,0.0187
3118,-0.956646,0.0187
3119,-0.956129,0.0187
3120,-0.955201,0.0187
3121,-0.954008,0.0190
3122,-0.956832,0.0188
3123,-0.957383,0.0188
3124,-0.956750,0.0191
3125,-0.956191,0.0191
3126,-0.956069,0.0191
3127,-0.952847,0.0188
3128,-0.952038,0.0188
3129,-0.954600,0.0191
3130,-0.956339,0.0188
3131,-0.953762,0.0191
3132,-0.949994,0.0191
3133,-0.925011,0.0191
3134,-0.904502,0.0188
3135,-0.925056,0.0191
3136,-0.921644,0.0191
3137,-0.909495,0.0189
3138,-0.924242,0.0188
3139,-0.932907,0.0189
3140,-0.931045,0.0188
3141,-0.934087,0.0189
3142,-0.941800,0.0188
3143,-0.952577,0.0192
3144,-0.949129,0.0189
3145,-0.947285,0.0189
3146,-0.951117,0.0189
3147,-0.947886,0.0189
3148,-0.944446,0.0188
3149,-0.939320,0.0191
3150,-0.938748,0.0189
3151,-0.941545,0.0192
3152,-0.949451,0.0192
3153,-0.955428,0.0192
3154,-0.952774,0.0192
3155,-0.946381,0.0189
3156,-0.948386,0.0189
3157,-0.952634,0.0192
3158,-0.958266,0.0190
3159,-0.955722,0.0189
3160,-0.952774,0.0189
3161,-0.950969,0.0193
3162,-0.949914,0.0190
3163,-0.949241,0.0193
3164,-0.952821,0.0193
3165,-0.953589,0.0193
3166,-0.953863,0.0193
3167,-0.951858,0.0191
3168,-0.955510,0.0191
3169,-0.956138,0.0191
3170,-0.953700,0.0191
3171,-0.955722,0.0194
3172,-0.959602,0.0191
3173,-0.961481,0.0192
3174,-0.960866,0.0192
3175,-0.960620,0.0195
3176,-0.964308,0.0195
3177,-0.965031,0.0192
3178,-0.959722,0.0193
3179,-0.959881,0.0193
3180,-0.960658,0.0196
3181,-0.955308,0.0194
3182,-0.950532,0.0193
3183,-0.953581,0.0194
3184,-0.947926,0.0194
3185,-0.936374,0.0194
3186,-0.930483,0.0194
3187,-0.925320,0.0194
3188,-0.932126,0.0194
3189,-0.942317,0.0194
3190,-0.937682,0.0198
3191,-0.943592,0.0194
3192,-0.944096,0.0195
3193,-0.943283,0.0198
3194,-0.938380,0.0198
3195,-0.935125,0.0195
3196,-0.941280,0.0195
3197,-0.942066,0.0195
3198,-0.946492,0.0195
3199,-0.952317,0.0195
3200,-0.950179,0.0196
3201,-0.949904,0.0196
3202,-0.949959,0.0196
3203,-0.950871,0.0199
3204,-0.950671,0.0199
3205,-0.952143,0.0199
3206,-0.950841,0.0197
3207,-0.935766,0.0197
3208,-0.939223,0.0197
3209,-0.945556,0.0197
3210,-0.942334,0.0197
3211,-0.952064,0.0198
3212,-0.950842,0.0198
3213,-0.951981,0.0198
3214,-0.953132,0.0199
3215,-0.951381,0.0199
3216,-0.951748,0.0199
3217,-0.950804,0.0199
3218,-0.949333,0.0199
3219,-0.953210,0.0203
3220,-0.955091,0.0203
3221,-0.954276,0.0201
3222,-0.953386,0.0205
3223,-0.956851,0.0201
3224,-0.960762,0.0204
3225,-0.961152,0.0205
3226,-0.959370,0.0202
3227,-0.959130,0.0203
3228,-0.958238,0.0202
3229,-0.958660,0.0203
3230,-0.959987,0.0207
3231,-0.959683,0.0203
3232,-0.962312,0.0203
3233,-0.962762,0.0207
3234,-0.961247,0.0204
3235,-0.961385,0.0207
3236,-0.963961,0.0204
3237,-0.962498,0.0207
3238,-0.962447,0.0205
3239,-0.963674,0.0205
3240,-0.964440,0.0205
3241,-0.966955,0.0205
3242,-0.962178,0.0205
3243,-0.957091,0.0205
3244,-0.963806,0.0206
3245,-0.968141,0.0207
3246,-0.963738,0.0207
3247,-0.958225,0.0210
3248,-0.963791,0.0207
3249,-0.963040,0.0207
3250,-0.966497,0.0207
3251,-0.966457,0.0207
3252,-0.965534,0.0207
3253,-0.965961,0.0208
3254,-0.965938,0.0208
3255,-0.961876,0.0211
3256,-0.960028,0.0208
3257,-0.961182,0.0208
3258,-0.961934,0.0209
3259,-0.960475,0.0212
3260,-0.960958,0.0212
3261,-0.961475,0.0210
3262,-0.964642,0.0210
3263,-0.964173,0.0211
3264,-0.955173,0.0210
3265,-0.950648,0.0211
3266,-0.951952,0.0211
3267,-0.946489,0.0211
3268,-0.948404,0.0211
3269,-0.939794,0.0215
3270,-0.949459,0.0212
3271,-0.945833,0.0212
3272,-0.941845,0.0213
3273,-0.936094,0.0213
3274,-0.934381,0.0217
3275,-0.942184,0.0214
3276,-0.941882,0.0214
3277,-0.945169,0.0215
3278,-0.955600,0.0216
3279,-0.957673,0.0217
3280,-0.956983,0.0217
3281,-0.956242,0.0221
3282,-0.956993,0.0218
3283,-0.958221,0.0222
3284,-0.960136,0.0219
3285,-0.961242,0.0219
3286,-0.961457,0.0227
3287,-0.960479,0.0225
3288,-0.963832,0.0225
3289,-0.962399,0.0226
3290,-0.958348,0.0230
3291,-0.956778,0.0227
3292,-0.958912,0.0227
3293,-0.962917,0.0228
3294,-0.963278,0.0228
3295,-0.961452,0.0230
3296,-0.961251,0.0234
3297,-0.962715,0.0230
3298,-0.962034,0.0232
3299,-0.963250,0.0232
3300,-0.962847,0.0233
3301,-0.963773,0.0234
3302,-0.963105,0.0234
3303,-0.963426,0.0239
3304,-0.965283,0.0239
3305,-0.966998,0.0236
3306,-0.968346,0.0240
3307,-0.969598,0.0237
3308,-0.970229,0.0237
3309,-0.970223,0.0238
3310,-0.972614,0.0243
3311,-0.972175,0.0239
3312,-0.967245,0.0241
3313,-0.966714,0.0242
3314,-0.965015,0.0247
3315,-0.965002,0.0244
3316,-0.965721,0.0244
3317,-0.969376,0.0250
3318,-0.967368,0.0247
3319,-0.968908,0.0249
3320,-0.962874,0.0250
3321,-0.962960,0.0252
3322,-0.968251,0.0254
3323,-0.966161,0.0255
3324,-0.966357,0.0257
3325,-0.966226,0.0258
3326,-0.963521,0.0261
3327,-0.967635,0.0268
3328,-0.970803,0.0269
3329,-0.970167,0.0271
3330,-0.970127,0.0272
3331,-0.964576,0.0273
3332,-0.966229,0.0275
3333,-0.972468,0.0276
3334,-0.967403,0.0278
3335,-0.968595,0.0279
3336,-0.965880,0.0281
3337,-0.966477,0.0283
3338,-0.970928,0.0284
3339,-0.969945,0.0286
3340,-0.970026,0.0286
3341,-0.969964,0.0286
3342,-0.974620,0.0286
3343,-0.974914,0.0290
3344,-0.974833,0.0286
3345,-0.966431,0.0286
3346,-0.968657,0.0286
3347,-0.975427,0.0286
3348,-0.971690,0.0286
3349,-0.971821,0.0286
3350,-0.966837,0.0286
3351,-0.964728,0.0286
3352,-0.967269,0.0286
3353,-0.968405,0.0286
3354,-0.968327,0.0286
3355,-0.972190,0.0286
3356,-0.966547,0.0294
3357,-0.962948,0.0286
3358,-0.956068,0.0286
3359,-0.949407,0.0286
3360,-0.947867,0.0286
3361,-0.945084,0.0286
3362,-0.952706,0.0286
3363,-0.961193,0.0286
3364,-0.965075,0.0286
3365,-0.964175,0.0286
3366,-0.960052,0.0286
3367,-0.955821,0.0286
3368,-0.956593,0.0286
3369,-0.960610,0.0286
3370,-0.963077,0.0286
3371,-0.967522,0.0287
3372,-0.970545,0.0286
3373,-0.964547,0.0286
3374,-0.963846,0.0286
3375,-0.966400,0.0286
3376,-0.965863,0.0286
3377,-0.962417,0.0286
3378,-0.965449,0.0286
3379,-0.968567,0.0286
3380,-0.969377,0.0286
3381,-0.971542,0.0286
3382,-0.970208,0.0286
3383,-0.973395,0.0286
3384,-0.973384,0.0286
3385,-0.972208,0.0287
3386,-0.970343,0.0286
3387,-0.963531,0.0286
3388,-0.967473,0.0286
3389,-0.974498,0.0288
3390,-0.972676,0.0287
3391,-0.972824,0.0286
3392,-0.973179,0.0286
3393,-0.974552,0.0286
3394,-0.972571,0.0286
3395,-0.967638,0.0286
3396,-0.972633,0.0286
3397,-0.973744,0.0286
3398,-0.977732,0.0286
3399,-0.977532,0.0286
3400,-0.974917,0.0286
3401,-0.971961,0.0286
3402,-0.974467,0.0286
3403,-0.975250,0.0286
3404,-0.977778,0.0286
3405,-0.975563,0.0286
3406,-0.974868,0.0286
3407,-0.973044,0.0286
3408,-0.973309,0.0286
3409,-0.976363,0.0286
3410,-0.978063,0.0286
3411,-0.979612,0.0286
3412,-0.967446,0.0286
3413,-0.949074,0.0286
3414,-0.947883,0.0286
3415,-0.951026,0.0286
3416,-0.954159,0.0286
3417,-0.955000,0.0291
3418,-0.959012,0.0287
3419,-0.965469,0.0286
3420,-0.968110,0.0286
3421,-0.965896,0.0286
3422,-0.970333,0.0286
3423,-0.971731,0.0286
3424,-0.971295,0.0286
3425,-0.973150,0.0291
3426,-0.974156,0.0286
3427,-0.973755,0.0286
3428,-0.970839,0.0286
3429,-0.972223,0.0286
3430,-0.974492,0.0286
3431,-0.962703,0.0286
3432,-0.941921,0.0286
3433,-0.925155,0.0286
3434,-0.913763,0.0286
3435,-0.906645,0.0286
3436,-0.908899,0.0286
3437,-0.918678,0.0286
3438,-0.928442,0.0286
3439,-0.934065,0.0286
3440,-0.937891,0.0286
3441,-0.940902,0.0286
3442,-0.941640,0.0286
3443,-0.942407,0.0294
3444,-0.946209,0.0286
3445,-0.951510,0.0286
3446,-0.957211,0.0286
3447,-0.961725,0.0286
3448,-0.967896,0.0286
3449,-0.973426,0.0286
3450,-0.973581,0.0286
3451,-0.973392,0.0286
3452,-0.965859,0.0286
3453,-0.960792,0.0287
3454,-0.960225,0.0287
3455,-0.956576,0.0286
3456,-0.958555,0.0287
3457,-0.959892,0.0287
3458,-0.962861,0.0286
3459,-0.965867,0.0286
3460,-0.970476,0.0286
3461,-0.971812,0.0286
3462,-0.961199,0.0286
3463,-0.949877,0.0286
3464,-0.948583,0.0286
3465,-0.951496,0.0286
3466,-0.948966,0.0295
3467,-0.948455,0.0286
3468,-0.947370,0.0286
3469,-0.948222,0.0286
3470,-0.950502,0.0286
3471,-0.953101,0.0287
3472,-0.941571,0.0286
3473,-0.954216,0.0290
3474,-0.958031,0.0290
3475,-0.959646,0.0286
3476,-0.965564,0.0287
3477,-0.963174,0.0286
3478,-0.966164,0.0287
3479,-0.966039,0.0287
3480,-0.968829,0.0287
3481,-0.955273,0.0287
3482,-0.960587,0.0286
3483,-0.892118,0.0286
3484,-0.795534,0.0286
3485,-0.731344,0.0286
3486,-0.715614,0.0294
3487,-0.748495,0.0286
3488,-0.797446,0.0286
3489,-0.828770,0.0286
3490,-0.833370,0.0294
3491,-0.838195,0.0286
3492,-0.871142,0.0286
3493,-0.903363,0.0286
3494,-0.917671,0.0286
3495,-0.917671,0.0286
3496,-0.925442,0.0286
3497,-0.943377,0.0287
3498,-0.959076,0.0286
3499,-0.954997,0.0286
3500,-0.944215,0.0286
3501,-0.943323,0.0286
3502,-0.953205,0.0287
3503,-0.960677,0.0287
3504,-0.957838,0.0286
3505,-0.951765,0.0287
3506,-0.957487,0.0288
3507,-0.964258,0.0287
3508,-0.966723,0.0286
3509,-0.965602,0.0287
3510,-0.960856,0.0287
3511,-0.956573,0.0286
3512,-0.963982,0.0287
3513,-0.967358,0.0288
3514,-0.965532,0.0286
3515,-0.966562,0.0291
3516,-0.966533,0.0287
3517,-0.969485,0.0287
3518,-0.971324,0.0288
3519,-0.965054,0.0288
3520,-0.963589,0.0288
3521,-0.967259,0.0287
3522,-0.969027,0.0288
3523,-0.935910,0.0288
3524,-0.905929,0.0288
3525,-0.861981,0.0286
3526,-0.821556,0.0288
3527,-0.787829,0.0291
3528,-0.751428,0.0287
3529,-0.723610,0.0288
3530,-0.708057,0.0287
3531,-0.702115,0.0288
3532,-0.700637,0.0288
3533,-0.703362,0.0288
3534,-0.712137,0.0288
3535,-0.722497,0.0288
3536,-0.735121,0.0291
3537,-0.750631,0.0288
3538,-0.769430,0.0288
3539,-0.787733,0.0288
3540,-0.804378,0.0288
3541,-0.820217,0.0290
3542,-0.835021,0.0288
3543,-0.850503,0.0288
3544,-0.864483,0.0288
3545,-0.874152,0.0288
3546,-0.883481,0.0288
3547,-0.890673,0.0288
3548,-0.896402,0.0287
3549,-0.874040,0.0288
3550,-0.832935,0.0288
3551,-0.804273,0.0288
3552,-0.800305,0.0288
3553,-0.813937,0.0288
3554,-0.845383,0.0288
3555,-0.882494,0.0288
3556,-0.894684,0.0288
3557,-0.885972,0.0288
3558,-0.877255,0.0288
3559,-0.884332,0.0288
3560,-0.904343,0.0288
3561,-0.930539,0.0288
3562,-0.942218,0.0288
3563,-0.944079,0.0287
3564,-0.934727,0.0287
3565,-0.927916,0.0288
3566,-0.931029,0.0288
3567,-0.938049,0.0288
3568,-0.943083,0.0288
3569,-0.935359,0.0288
3570,-0.937423,0.0287
3571,-0.952367,0.0288
3572,-0.946857,0.0287
3573,-0.945538,0.0288
3574,-0.953939,0.0288
3575,-0.957841,0.0288
3576,-0.955796,0.0288
3577,-0.951797,0.0288
3578,-0.955319,0.0288
3579,-0.956613,0.0288
3580,-0.956493,0.0288
3581,-0.958732,0.0288
3582,-0.958888,0.0289
3583,-0.962357,0.0288
3584,-0.958648,0.0289
3585,-0.949041,0.0288
3586,-0.939905,0.0288
3587,-0.940945,0.0288
3588,-0.952330,0.0288
3589,-0.963502,0.0289
3590,-0.965137,0.0288
3591,-0.956882,0.0288
3592,-0.949129,0.0288
3593,-0.949899,0.0288
3594,-0.953474,0.0288
3595,-0.955746,0.0288
3596,-0.954286,0.0288
3597,-0.954717,0.0289
3598,-0.960690,0.0290
3599,-0.964419,0.0288
3600,-0.970060,0.0288
3601,-0.973136,0.0292
3602,-0.971480,0.0289
3603,-0.964319,0.0288
3604,-0.960611,0.0289
3605,-0.963425,0.0289
3606,-0.965477,0.0288
3607,-0.966727,0.0288
3608,-0.961844,0.0288
3609,-0.964745,0.0289
3610,-0.971552,0.0289
3611,-0.970020,0.0289
3612,-0.967835,0.0288
3613,-0.991190,0.0288
3614,-0.981902,0.0289
3615,-0.995244,0.0287
3616,-0.991335,0.0289
3617,-0.999153,0.0288
3618,-0.997217,0.0288
3619,-1.000705,0.0296
3620,-1.000721,0.0289
3621,-1.002615,0.0293
3622,-1.003158,0.0288
3623,-1.005906,0.0289
3624,-1.004934,0.0289
3625,-1.008046,0.0288
3626,-1.005091,0.0289
3627,-1.006919,0.0289
3628,-1.006890,0.0289
3629,-1.008379,0.0288
3630,-1.006219,0.0289
3631,-1.004803,0.0288
3632,-1.003137,0.0289
3633,-1.002131,0.0288
3634,-1.002298,0.0289
3635,-1.005033,0.0289
3636,-1.007432,0.0292
3637,-1.008914,0.0288
3638,-1.009361,0.0289
3639,-1.009216,0.0289
3640,-1.007656,0.0288
3641,-1.007669,0.0288
3642,-1.007936,0.0288
3643,-1.008847,0.0288
3644,-1.010363,0.0289
3645,-1.010891,0.0288
3646,-1.011498,0.0288
3647,-1.012501,0.0289
3648,-1.012334,0.0288
3649,-1.013288,0.0288
3650,-1.013610,0.0288
3651,-1.014467,0.0289
3652,-1.014609,0.0288
3653,-1.013863,0.0288
3654,-1.012950,0.0288
3655,-1.012644,0.0288
3656,-1.012774,0.0288
3657,-1.010528,0.0288
3658,-1.009486,0.0288
3659,-1.008241,0.0289
3660,-1.009590,0.0289
3661,-1.011819,0.0290
3662,-1.011020,0.0288
3663,-1.007947,0.0289
3664,-1.008087,0.0289
3665,-1.008970,0.0288
3666,-1.012314,0.0289
3667,-1.012321,0.0289
3668,-1.010879,0.0288
3669,-1.009929,0.0289
3670,-1.010854,0.0289
3671,-1.009836,0.0289
3672,-1.008051,0.0289
3673,-1.007610,0.0288
3674,-1.009566,0.0289
3675,-1.011112,0.0289
3676,-1.012853,0.0288
3677,-1.013067,0.0289
3678,-1.012350,0.0289
3679,-1.011213,0.0289
3680,-1.012539,0.0289
3681,-1.013272,0.0289
3682,-1.014162,0.0289
3683,-1.010122,0.0289
3684,-1.009108,0.0289
3685,-1.007616,0.0289
3686,-1.006195,0.0288
3687,-1.008149,0.0288
3688,-1.008092,0.0288
3689,-1.006181,0.0289
3690,-1.005788,0.0289
3691,-1.006565,0.0289
3692,-1.007953,0.0288
3693,-1.011360,0.0288
3694,-1.009686,0.0288
3695,-1.008382,0.0288
3696,-1.006617,0.0288
3697,-1.005692,0.0288
3698,-1.003951,0.0288
3699,-1.005030,0.0289
3700,-1.006570,0.0288
3701,-1.008587,0.0288
3702,-1.010955,0.0288
3703,-1.011286,0.0288
3704,-1.009224,0.0288
3705,-1.008970,0.0297
3706,-1.008031,0.0288
3707,-1.008497,0.0288
3708,-1.009007,0.0289
3709,-1.009979,0.0288
3710,-1.011937,0.0288
3711,-1.012724,0.0289
3712,-1.013305,0.0289
3713,-1.013690,0.0289
3714,-1.013493,0.0289
3715,-1.013947,0.0288
3716,-1.015033,0.0289
3717,-1.015200,0.0289
3718,-1.014640,0.0289
3719,-1.013401,0.0288
3720,-1.012331,0.0288
3721,-1.011883,0.0289
3722,-1.012060,0.0288
3723,-1.011795,0.0289
3724,-1.011267,0.0288
3725,-1.011938,0.0288
3726,-1.012810,0.0288
3727,-1.013636,0.0289
3728,-1.014745,0.0288
3729,-1.015389,0.0289
3730,-1.015588,0.0289
3731,-1.014593,0.0297
3732,-1.014648,0.0288
3733,-1.012926,0.0289
3734,-1.011949,0.0290
3735,-1.013495,0.0288
3736,-1.010896,0.0289
3737,-1.012132,0.0288
3738,-1.013266,0.0289
3739,-1.014405,0.0289
3740,-1.012980,0.0289
3741,-1.013001,0.0289
3742,-1.011962,0.0289
3743,-1.011489,0.0289
3744,-1.012153,0.0288
3745,-1.012191,0.0289
3746,-1.011744,0.0289
3747,-1.011194,0.0289
3748,-1.012713,0.0289
3749,-1.012000,0.0289
3750,-1.013196,0.0289
3751,-1.013524,0.0289
3752,-1.013856,0.0289
3753,-1.015202,0.0292
3754,-1.014795,0.0289
3755,-1.016476,0.0289
3756,-1.018020,0.0293
3757,-1.018996,0.0289
3758,-1.015974,0.0289
3759,-1.016004,0.0289
3760,-1.014059,0.0288
3761,-1.012937,0.0289
3762,-1.011032,0.0289
3763,-1.012644,0.0289
3764,-1.013509,0.0289
3765,-1.014295,0.0288
3766,-1.015252,0.0289
3767,-1.015151,0.0289
3768,-1.015278,0.0289
3769,-1.016584,0.0289
3770,-1.016601,0.0289
3771,-1.016264,0.0289
3772,-1.017475,0.0289
3773,-1.018579,0.0293
3774,-1.019232,0.0289
3775,-1.019326,0.0293
3776,-1.019928,0.0289
3777,-1.019875,0.0289
3778,-1.020950,0.0289
3779,-1.020624,0.0288
3780,-1.021138,0.0289
3781,-1.020360,0.0289
3782,-1.020831,0.0297
3783,-1.018486,0.0288
3784,-1.012152,0.0289
3785,-1.006353,0.0289
3786,-0.998755,0.0289
3787,-0.994200,0.0289
3788,-0.991972,0.0289
3789,-0.990553,0.0289
3790,-0.991576,0.0289
3791,-0.992010,0.0289
3792,-0.993203,0.0289
3793,-0.991926,0.0289
3794,-0.992067,0.0289
3795,-0.995755,0.0289
3796,-0.992917,0.0289
3797,-0.993483,0.0289
3798,-0.975675,0.0289
3799,-0.964512,0.0289
3800,-0.951711,0.0289
3801,-0.943665,0.0289
3802,-0.942428,0.0289
3803,-0.946218,0.0289
3804,-0.959112,0.0289
3805,-0.966541,0.0289
3806,-0.970965,0.0289
3807,-0.977073,0.0290
3808,-0.981046,0.0289
3809,-0.984964,0.0289
3810,-0.984496,0.0289
3811,-0.983931,0.0289
3812,-0.987192,0.0289
3813,-0.988333,0.0289
3814,-0.992203,0.0289
3815,-0.995129,0.0289
3816,-0.998088,0.0289
3817,-1.003825,0.0290
3818,-1.006342,0.0289
3819,-1.008923,0.0289
3820,-1.009401,0.0288
3821,-1.009777,0.0290
3822,-1.010746,0.0290
3823,-1.010824,0.0289
3824,-1.010547,0.0289
3825,-1.013556,0.0289
3826,-1.013072,0.0289
3827,-1.014252,0.0289
3828,-1.013301,0.0289
3829,-1.013756,0.0288
3830,-1.014153,0.0288
3831,-1.015114,0.0289
3832,-1.015275,0.0289
3833,-1.015737,0.0288
3834,-1.017288,0.0289
3835,-1.017533,0.0289
3836,-1.019269,0.0289
3837,-1.020266,0.0289
3838,-1.018739,0.0289
3839,-1.019104,0.0289
3840,-1.016332,0.0288
3841,-1.016296,0.0288
3842,-1.017334,0.0288
3843,-1.018249,0.0290
3844,-1.017363,0.0288
3845,-1.018918,0.0288
3846,-1.011590,0.0288
3847,-1.002924,0.0288
3848,-1.003937,0.0288
3849,-1.007535,0.0290
3850,-1.008235,0.0288
3851,-1.009063,0.0288
3852,-1.011734,0.0288
3853,-1.013823,0.0288
3854,-1.013915,0.0288
3855,-1.013870,0.0288
3856,-1.013865,0.0288
3857,-1.016615,0.0296
3858,-1.018013,0.0292
3859,-1.017574,0.0288
3860,-1.019011,0.0288
3861,-1.017911,0.0288
3862,-1.017151,0.0288
3863,-1.016323,0.0288
3864,-1.019122,0.0292
3865,-1.020114,0.0288
3866,-1.019851,0.0288
3867,-1.018190,0.0288
3868,-1.017046,0.0288
3869,-1.017050,0.0288
3870,-1.016325,0.0288
3871,-1.015680,0.0288
3872,-1.016501,0.0288
3873,-1.018293,0.0288
3874,-1.019331,0.0288
3875,-1.018316,0.0288
3876,-1.017670,0.0288
3877,-1.016513,0.0288
3878,-1.017417,0.0288
3879,-1.019009,0.0288
3880,-1.021228,0.0288
3881,-1.020315,0.0288
3882,-1.018100,0.0288
3883,-1.017263,0.0288
3884,-1.016779,0.0288
3885,-1.017117,0.0288
3886,-1.017314,0.0288
3887,-1.018085,0.0288
3888,-1.018696,0.0288
3889,-1.020896,0.0288
3890,-1.020569,0.0288
3891,-1.017382,0.0288
3892,-1.017819,0.0297
3893,-1.018832,0.0288
3894,-1.018802,0.0288
3895,-1.021333,0.0288
3896,-1.019887,0.0292
3897,-1.021072,0.0288
3898,-1.020478,0.0288
3899,-1.021142,0.0288
3900,-1.022659,0.0288
3901,-1.024014,0.0288
3902,-1.020728,0.0288
3903,-1.021889,0.0288
3904,-1.021659,0.0288
3905,-1.021113,0.0288
3906,-1.021456,0.0288
3907,-1.021765,0.0288
3908,-1.019789,0.0288
3909,-1.016500,0.0288
3910,-1.016097,0.0289
3911,-1.018324,0.0288
3912,-1.019287,0.0289
3913,-1.019469,0.0288
3914,-1.020286,0.0288
3915,-1.020933,0.0288
3916,-1.020572,0.0288
3917,-1.019767,0.0288
3918,-1.018752,0.0289
3919,-1.017812,0.0296
3920,-1.016981,0.0288
3921,-1.017342,0.0288
3922,-1.017370,0.0289
3923,-1.018952,0.0288
3924,-1.020987,0.0288
3925,-1.020094,0.0288
3926,-1.019122,0.0288
3927,-1.019303,0.0288
3928,-1.019935,0.0292
3929,-1.020203,0.0288
3930,-1.020081,0.0288
3931,-1.021099,0.0288
3932,-1.022748,0.0288
3933,-1.022140,0.0288
3934,-1.021829,0.0288
3935,-1.020322,0.0288
3936,-1.008355,0.0288
3937,-0.996068,0.0289
3938,-0.995809,0.0289
3939,-1.003936,0.0288
3940,-1.011073,0.0291
3941,-1.012305,0.0288
3942,-1.010503,0.0289
3943,-1.008177,0.0289
3944,-1.007263,0.0293
3945,-1.005746,0.0293
3946,-1.005752,0.0289
3947,-1.002283,0.0289
3948,-0.999602,0.0290
3949,-1.000369,0.0290
3950,-1.004055,0.0289
3951,-1.006353,0.0289
3952,-1.007640,0.0297
3953,-1.008981,0.0289
3954,-1.009731,0.0289
3955,-1.009799,0.0290
3956,-1.008829,0.0300
3957,-1.004155,0.0290
3958,-1.000488,0.0297
3959,-1.007836,0.0289
3960,-1.002713,0.0288
3961,-1.005346,0.0289
3962,-1.004321,0.0290
3963,-1.000271,0.0290
3964,-1.006953,0.0290
3965,-1.011899,0.0290
3966,-1.015211,0.0289
3967,-1.013486,0.0293
3968,-1.012970,0.0289
3969,-1.013526,0.0289
3970,-1.014084,0.0289
3971,-1.014819,0.0290
3972,-1.014965,0.0290
3973,-1.016638,0.0290
3974,-1.015396,0.0290
3975,-1.016207,0.0289
3976,-1.017932,0.0289
3977,-1.017809,0.0289
3978,-1.019169,0.0289
3979,-1.017653,0.0290
3980,-1.017153,0.0289
3981,-1.017879,0.0289
3982,-1.017486,0.0289
3983,-1.018209,0.0289
3984,-1.016487,0.0289
3985,-1.017416,0.0290
3986,-1.016791,0.0289
3987,-1.016650,0.0290
3988,-1.015148,0.0290
3989,-1.018184,0.0290
3990,-1.018164,0.0290
3991,-1.019757,0.0290
3992,-1.018512,0.0289
3993,-1.020331,0.0289
3994,-1.021159,0.0289
3995,-1.019137,0.0289
3996,-1.018553,0.0289
3997,-1.018886,0.0289
3998,-1.018279,0.0289
3999,-1.017967,0.0289
4000,-1.017647,0.0289
4001,-1.018841,0.0289
4002,-1.020591,0.0290
4003,-1.022200,0.0289
4004,-1.021627,0.0289
4005,-1.021571,0.0289
4006,-1.021597,0.0290
4007,-1.021684,0.0289
4008,-1.020986,0.0289
4009,-1.022145,0.0289
4010,-1.021189,0.0290
4011,-1.021654,0.0289
4012,-1.020910,0.0289
4013,-1.021773,0.0289
4014,-1.021181,0.0289
4015,-1.020915,0.0290
4016,-1.020616,0.0290
4017,-1.023202,0.0290
4018,-1.023458,0.0294
4019,-1.022064,0.0289
4020,-1.021162,0.0290
4021,-1.021885,0.0289
4022,-1.024029,0.0290
4023,-1.024164,0.0291
4024,-1.023315,0.0291
4025,-1.024793,0.0289
4026,-1.025881,0.0290
4027,-1.026016,0.0290
4028,-1.026151,0.0290
4029,-1.027132,0.0289
4030,-1.025779,0.0289
4031,-1.026136,0.0289
4032,-1.026904,0.0289
4033,-1.027345,0.0289
4034,-1.027865,0.0289
4035,-1.028512,0.0289
4036,-1.028249,0.0289
4037,-1.026570,0.0289
4038,-1.024092,0.0289
4039,-1.024422,0.0289
4040,-1.027278,0.0289
4041,-1.022437,0.0289
4042,-1.022779,0.0289
4043,-1.022473,0.0289
4044,-1.022599,0.0289
4045,-1.022918,0.0289
4046,-1.021249,0.0289
4047,-1.023101,0.0289
4048,-1.021391,0.0289
4049,-1.017191,0.0289
4050,-1.008333,0.0289
4051,-1.001861,0.0289
4052,-1.000468,0.0289
4053,-1.001841,0.0289
4054,-1.007363,0.0289
4055,-1.013719,0.0289
4056,-1.014719,0.0289
4057,-1.011163,0.0289
4058,-1.009694,0.0289
4059,-1.012850,0.0289
4060,-1.003810,0.0289
4061,-0.988133,0.0289
4062,-0.979039,0.0289
4063,-0.979785,0.0289
4064,-0.986824,0.0289
4065,-0.994429,0.0289
4066,-0.996893,0.0289
4067,-0.994910,0.0289
4068,-0.991546,0.0289
4069,-0.991829,0.0289
4070,-0.995106,0.0289
4071,-0.998955,0.0289
4072,-1.000672,0.0289
4073,-1.004364,0.0289
4074,-1.006404,0.0289
4075,-1.006024,0.0289
4076,-1.005204,0.0293
4077,-1.008845,0.0289
4078,-1.010836,0.0289
4079,-1.012500,0.0289
4080,-1.015396,0.0289
4081,-1.017590,0.0289
4082,-1.019639,0.0289
4083,-1.018134,0.0289
4084,-1.016520,0.0289
4085,-1.014904,0.0289
4086,-1.014574,0.0289
4087,-1.011713,0.0289
4088,-0.988436,0.0289
4089,-0.978148,0.0289
4090,-0.974760,0.0289
4091,-0.973709,0.0289
4092,-0.992734,0.0289
4093,-1.007562,0.0289
4094,-1.003493,0.0289
4095,-1.002665,0.0289
4096,-1.008681,0.0289
4097,-1.009306,0.0289
4098,-1.005809,0.0289
4099,-1.003723,0.0289
4100,-1.010381,0.0289
4101,-1.014737,0.0289
4102,-1.015939,0.0289
4103,-1.013315,0.0289
4104,-1.010038,0.0290
4105,-1.015010,0.0289
4106,-1.018926,0.0289
4107,-1.016906,0.0293
4108,-1.013413,0.0289
4109,-1.017354,0.0289
4110,-1.021156,0.0289
4111,-1.023182,0.0289
4112,-1.022572,0.0289
4113,-1.021119,0.0289
4114,-1.020643,0.0288
4115,-1.022965,0.0289
4116,-1.022678,0.0289
4117,-1.023757,0.0289
4118,-1.024005,0.0289
4119,-1.026457,0.0289
4120,-1.027885,0.0290
4121,-1.027388,0.0291
4122,-1.027775,0.0291
4123,-1.028033,0.0292
4124,-1.028244,0.0289
4125,-1.026641,0.0289
4126,-1.028172,0.0289
4127,-1.030109,0.0289
4128,-1.030609,0.0289
4129,-1.031295,0.0289
4130,-1.030251,0.0289
4131,-1.030041,0.0289
4132,-1.024591,0.0289
4133,-1.017276,0.0290
4134,-1.014168,0.0293
4135,-1.016876,0.0289
4136,-1.019540,0.0289
4137,-1.016416,0.0289
4138,-1.017874,0.0289
4139,-1.022251,0.0289
4140,-1.026413,0.0289
4141,-1.027870,0.0289
4142,-1.027405,0.0290
4143,-1.025384,0.0289
4144,-1.024618,0.0291
4145,-1.024674,0.0289
4146,-1.024288,0.0289
4147,-1.025183,0.0289
4148,-1.022897,0.0289
4149,-1.027122,0.0292
4150,-1.027549,0.0292
4151,-1.026865,0.0292
4152,-1.028970,0.0292
4153,-1.029994,0.0292
4154,-1.030920,0.0289
4155,-1.030864,0.0292
4156,-1.029375,0.0291
4157,-1.028839,0.0292
4158,-1.029887,0.0292
4159,-1.030751,0.0292
4160,-1.022206,0.0291
4161,-1.007134,0.0292
4162,-0.996486,0.0296
4163,-0.992445,0.0291
4164,-0.991690,0.0295
4165,-0.991162,0.0292
4166,-0.991249,0.0291
4167,-0.994023,0.0292
4168,-0.996486,0.0291
4169,-0.999234,0.0292
4170,-1.006145,0.0292
4171,-1.011706,0.0292
4172,-1.010192,0.0291
4173,-0.999800,0.0291
4174,-1.004327,0.0292
4175,-1.008071,0.0292
4176,-1.016771,0.0292
4177,-1.020251,0.0292
4178,-1.021076,0.0292
4179,-1.017047,0.0291
4180,-1.017627,0.0292
4181,-1.017911,0.0292
4182,-1.020075,0.0292
4183,-1.023325,0.0292
4184,-1.025305,0.0291
4185,-1.027154,0.0292
4186,-1.025387,0.0292
4187,-1.025784,0.0292
4188,-1.027693,0.0292
4189,-1.027317,0.0292
4190,-1.026082,0.0292
4191,-1.027033,0.0291
4192,-1.027101,0.0292
4193,-1.029143,0.0292
4194,-1.030352,0.0293
4195,-1.029740,0.0292
4196,-1.030587,0.0292
4197,-1.031036,0.0292
4198,-1.028880,0.0291
4199,-1.024688,0.0293
4200,-1.022770,0.0292
4201,-1.020470,0.0292
4202,-1.019222,0.0296
4203,-1.016248,0.0299
4204,-1.014884,0.0294
4205,-1.012388,0.0294
4206,-1.012415,0.0292
4207,-1.010993,0.0294
4208,-1.009165,0.0292
4209,-1.011633,0.0293
4210,-1.014309,0.0292
4211,-1.013866,0.0292
4212,-1.014303,0.0293
4213,-1.016502,0.0293
4214,-1.017180,0.0294
4215,-1.016732,0.0292
4216,-1.017096,0.0293
4217,-1.018480,0.0293
4218,-1.020326,0.0292
4219,-1.018332,0.0294
4220,-1.018163,0.0294
4221,-1.017348,0.0293
4222,-1.017709,0.0297
4223,-1.019246,0.0295
4224,-1.020454,0.0293
4225,-1.020346,0.0293
4226,-1.020804,0.0293
4227,-1.022524,0.0294
4228,-1.024400,0.0293
4229,-1.026202,0.0294
4230,-1.025076,0.0293
4231,-1.026762,0.0294
4232,-1.026010,0.0294
4233,-1.027227,0.0292
4234,-1.029754,0.0294
4235,-1.031552,0.0292
4236,-1.029914,0.0293
4237,-1.030032,0.0294
4238,-1.029145,0.0294
4239,-1.028298,0.0293
4240,-1.028136,0.0294
4241,-1.028804,0.0293
4242,-1.027738,0.0293
4243,-1.026522,0.0293
4244,-1.025261,0.0293
4245,-1.023522,0.0292
4246,-1.022908,0.0293
4247,-1.025680,0.0297
4248,-1.027702,0.0293
4249,-1.029175,0.0293
4250,-1.029569,0.0293
4251,-1.031293,0.0293
4252,-1.033691,0.0293
4253,-1.035775,0.0294
4254,-1.035005,0.0294
4255,-1.032542,0.0294
4256,-1.031518,0.0293
4257,-1.029029,0.0293
4258,-1.026741,0.0294
4259,-1.027020,0.0293
4260,-1.028869,0.0294
4261,-1.029509,0.0293
4262,-1.029941,0.0294
4263,-1.032423,0.0294
4264,-1.033522,0.0293
4265,-1.034092,0.0293
4266,-1.035300,0.0294
4267,-1.035528,0.0295
4268,-1.038455,0.0294
4269,-1.037829,0.0294
4270,-1.038900,0.0294
4271,-1.039011,0.0293
4272,-1.038436,0.0294
4273,-1.037872,0.0293
4274,-1.038664,0.0293
4275,-1.038563,0.0294
4276,-1.039653,0.0294
4277,-1.038650,0.0293
4278,-1.039812,0.0293
4279,-1.039731,0.0293
4280,-1.040719,0.0293
4281,-1.000187,0.0294
4282,-1.008591,0.0293
4283,-1.037233,0.0293
4284,-1.028899,0.0294
4285,-1.016429,0.0293
4286,-1.030372,0.0294
4287,-1.037817,0.0293
4288,-1.024387,0.0293
4289,-1.023258,0.0294
4290,-1.029216,0.0293
4291,-1.028851,0.0293
4292,-1.022582,0.0294
4293,-1.026236,0.0294
4294,-1.035188,0.0293
4295,-1.033892,0.0293
4296,-1.030716,0.0293
4297,-1.033688,0.0294
4298,-1.038049,0.0294
4299,-1.038284,0.0294
4300,-1.035573,0.0293
4301,-1.034610,0.0294
4302,-1.034004,0.0293
4303,-1.032705,0.0294
4304,-1.032379,0.0294
4305,-1.033785,0.0293
4306,-1.035321,0.0294
4307,-1.036546,0.0294
4308,-1.036607,0.0294
4309,-1.035370,0.0293
4310,-1.037838,0.0295
4311,-1.038775,0.0293
4312,-1.038973,0.0296
4313,-1.038664,0.0295
4314,-1.038685,0.0292
4315,-1.038054,0.0295
4316,-1.038104,0.0293
4317,-1.038032,0.0299
4318,-1.039829,0.0294
4319,-1.041248,0.0297
4320,-1.039428,0.0298
4321,-1.039860,0.0295
4322,-1.039841,0.0294
4323,-1.039611,0.0295
4324,-1.040075,0.0295
4325,-1.042208,0.0292
4326,-1.041988,0.0293
4327,-1.028525,0.0295
4328,-1.035587,0.0294
4329,-1.034992,0.0294
4330,-1.036229,0.0294
4331,-1.037180,0.0295
4332,-1.037347,0.0295
4333,-1.034045,0.0293
4334,-1.036568,0.0295
4335,-1.036627,0.0294
4336,-1.037039,0.0294
4337,-1.038294,0.0295
4338,-1.038614,0.0295
4339,-1.039258,0.0294
4340,-1.039418,0.0295
4341,-1.038807,0.0295
4342,-1.040328,0.0298
4343,-1.041161,0.0295
4344,-1.041479,0.0295
4345,-1.041226,0.0295
4346,-1.040854,0.0295
4347,-1.038398,0.0295
4348,-1.039233,0.0295
4349,-1.039614,0.0294
4350,-1.040671,0.0293
4351,-1.038459,0.0298
4352,-1.035933,0.0294
4353,-1.037261,0.0295
4354,-1.035541,0.0294
4355,-1.035521,0.0294
4356,-1.034842,0.0294
4357,-1.033717,0.0295
4358,-1.034651,0.0294
4359,-1.035759,0.0295
4360,-1.036218,0.0295
4361,-1.036520,0.0293
4362,-1.035531,0.0294
4363,-1.034508,0.0295
4364,-1.037078,0.0295
4365,-1.039483,0.0295
4366,-1.040283,0.0293
4367,-1.033005,0.0293
4368,-1.028410,0.0295
4369,-1.027113,0.0294
4370,-1.029722,0.0294
4371,-1.035657,0.0293
4372,-1.038453,0.0295
4373,-1.039049,0.0295
4374,-1.038120,0.0293
4375,-1.034819,0.0294
4376,-1.034155,0.0294
4377,-1.034529,0.0294
4378,-1.033651,0.0294
4379,-1.033542,0.0294
4380,-1.034235,0.0294
4381,-1.031820,0.0294
4382,-1.035835,0.0295
4383,-1.034777,0.0294
4384,-1.035144,0.0301
4385,-1.035329,0.0293
4386,-1.031662,0.0294
4387,-1.034740,0.0294
4388,-1.034235,0.0294
4389,-1.036403,0.0294
4390,-1.038043,0.0294
4391,-1.039798,0.0295
4392,-1.038644,0.0293
4393,-1.033129,0.0293
4394,-1.037899,0.0293
4395,-1.041052,0.0294
4396,-1.039734,0.0294
4397,-1.038310,0.0294
4398,-1.038824,0.0294
4399,-1.037187,0.0294
4400,-1.036886,0.0294
4401,-1.037806,0.0294
4402,-1.040439,0.0294
4403,-1.040308,0.0294
4404,-1.040201,0.0294
4405,-1.040985,0.0294
4406,-1.041910,0.0294
4407,-1.040284,0.0294
4408,-1.041052,0.0294
4409,-1.035637,0.0294
4410,-1.031269,0.0294
4411,-1.028232,0.0294
4412,-1.030116,0.0294
4413,-1.037755,0.0294
4414,-1.039583,0.0295
4415,-1.036778,0.0296
4416,-1.035640,0.0293
4417,-1.036545,0.0300
4418,-1.038607,0.0294
4419,-1.038553,0.0293
4420,-1.039627,0.0294
4421,-1.041798,0.0294
4422,-1.041061,0.0295
4423,-1.040697,0.0294
4424,-1.042893,0.0296
4425,-1.043240,0.0296
4426,-1.012584,0.0295
4427,-0.974451,0.0295
4428,-0.965409,0.0296
4429,-0.969513,0.0295
4430,-0.967787,0.0294
4431,-0.966795,0.0294
4432,-0.975865,0.0294
4433,-0.988057,0.0294
4434,-1.010273,0.0296
4435,-1.024084,0.0294
4436,-1.028252,0.0295
4437,-1.018899,0.0296
4438,-1.016194,0.0295
4439,-1.015147,0.0294
4440,-1.023440,0.0295
4441,-1.026794,0.0294
4442,-1.033131,0.0295
4443,-1.034146,0.0295
4444,-1.033091,0.0295
4445,-1.031643,0.0295
4446,-1.032976,0.0295
4447,-1.033954,0.0295
4448,-1.035125,0.0294
4449,-1.036105,0.0293
4450,-1.037903,0.0293
4451,-1.039962,0.0294
4452,-1.034769,0.0295
4453,-1.035120,0.0294
4454,-1.036549,0.0294
4455,-1.039417,0.0294
4456,-1.039992,0.0294
4457,-1.041883,0.0295
4458,-1.040893,0.0294
4459,-1.041893,0.0294
4460,-1.041934,0.0294
4461,-1.043358,0.0294
4462,-1.043921,0.0296
4463,-1.042430,0.0296
4464,-1.041291,0.0297
4465,-1.041663,0.0296
4466,-1.042686,0.0295
4467,-1.044045,0.0295
4468,-1.045023,0.0294
4469,-1.044648,0.0294
4470,-1.044707,0.0294
4471,-1.046226,0.0294
4472,-1.045419,0.0294
4473,-1.048020,0.0295
4474,-1.047562,0.0295
4475,-1.049531,0.0294
4476,-1.047031,0.0294
4477,-1.046451,0.0294
4478,-1.045620,0.0295
4479,-1.048881,0.0294
4480,-1.048636,0.0295
4481,-1.044709,0.0294
4482,-1.045816,0.0294
4483,-1.045226,0.0296
4484,-1.044793,0.0296
4485,-1.047524,0.0296
4486,-1.045773,0.0295
4487,-1.045449,0.0299
4488,-1.045748,0.0294
4489,-1.046967,0.0298
4490,-1.046753,0.0294
4491,-1.045912,0.0295
4492,-1.044234,0.0296
4493,-1.046511,0.0304
4494,-1.045818,0.0294
4495,-1.045037,0.0294
4496,-1.046302,0.0295
4497,-1.044092,0.0295
4498,-1.045238,0.0296
4499,-1.045380,0.0294
4500,-1.046076,0.0295
4501,-1.046250,0.0294
4502,-1.040378,0.0294
4503,-1.038303,0.0293
4504,-1.037549,0.0295
4505,-1.039227,0.0295
4506,-1.035812,0.0295
4507,-1.036783,0.0295
4508,-1.038617,0.0295
4509,-1.041330,0.0295
4510,-1.043312,0.0295
4511,-1.045146,0.0295
4512,-1.043771,0.0295
4513,-1.044376,0.0300
4514,-1.042246,0.0295
4515,-1.046270,0.0295
4516,-1.046666,0.0296
4517,-1.048499,0.0296
4518,-1.047871,0.0296
4519,-1.047018,0.0295
4520,-1.046218,0.0295
4521,-1.046247,0.0296
4522,-1.045421,0.0296
4523,-1.045144,0.0294
4524,-1.045342,0.0295
4525,-1.046010,0.0295
4526,-1.046336,0.0295
4527,-1.046267,0.0295
4528,-1.046230,0.0303
4529,-1.045616,0.0295
4530,-1.046368,0.0293
4531,-1.042587,0.0296
4532,-1.036951,0.0295
4533,-1.035137,0.0295
4534,-1.034738,0.0296
4535,-1.034877,0.0297
4536,-1.038994,0.0295
4537,-1.039965,0.0295
4538,-1.040710,0.0295
4539,-1.039162,0.0296
4540,-1.040342,0.0296
4541,-1.041679,0.0296
4542,-1.041546,0.0298
4543,-1.042822,0.0295
4544,-1.036503,0.0295
4545,-1.031508,0.0297
4546,-1.029662,0.0297
4547,-1.030449,0.0296
4548,-1.029885,0.0295
4549,-1.034108,0.0296
4550,-1.034954,0.0296
4551,-1.039327,0.0294
4552,-1.040639,0.0296
4553,-1.041585,0.0296
4554,-1.043131,0.0296
4555,-1.036754,0.0301
4556,-1.034963,0.0296
4557,-1.030042,0.0296
4558,-1.031754,0.0295
4559,-1.032094,0.0297
4560,-1.034103,0.0296
4561,-1.037492,0.0297
4562,-1.039998,0.0297
4563,-1.042683,0.0297
4564,-1.041467,0.0296
4565,-1.041568,0.0296
4566,-1.041279,0.0297
4567,-1.039999,0.0297
4568,-1.040751,0.0297
4569,-1.042492,0.0297
4570,-1.042806,0.0297
4571,-1.042710,0.0297
4572,-1.042280,0.0297
4573,-1.043245,0.0296
4574,-1.044670,0.0297
4575,-1.044114,0.0294
4576,-1.044167,0.0296
4577,-1.044025,0.0297
4578,-1.048009,0.0296
4579,-1.047949,0.0297
4580,-1.047520,0.0296
4581,-1.048159,0.0296
4582,-1.047001,0.0296
4583,-1.046606,0.0296
4584,-1.046987,0.0297
4585,-1.046454,0.0300
4586,-1.044560,0.0296
4587,-1.043445,0.0297
4588,-1.044972,0.0296
4589,-1.047068,0.0297
4590,-1.049266,0.0297
4591,-1.048941,0.0297
4592,-1.048602,0.0296
4593,-1.046454,0.0297
4594,-1.047096,0.0296
4595,-1.045582,0.0300
4596,-1.047019,0.0294
4597,-1.049301,0.0296
4598,-1.049646,0.0297
4599,-1.051914,0.0297
4600,-1.051918,0.0296
4601,-1.047598,0.0296
4602,-1.045861,0.0296
4603,-1.044373,0.0297
4604,-1.044799,0.0297
4605,-1.046967,0.0296
4606,-1.051029,0.0294
4607,-1.051761,0.0296
4608,-1.051712,0.0296
4609,-1.047919,0.0297
4610,-1.043476,0.0296
4611,-1.044924,0.0294
4612,-1.045687,0.0293
4613,-1.046723,0.0297
4614,-1.047231,0.0294
4615,-1.046929,0.0296
4616,-1.045015,0.0294
4617,-1.045122,0.0296
4618,-1.047137,0.0293
4619,-1.047603,0.0294
4620,-1.048279,0.0296
4621,-1.048965,0.0296
4622,-1.047513,0.0297
4623,-1.047040,0.0296
4624,-1.048718,0.0294
4625,-1.048916,0.0294
4626,-1.051370,0.0294
4627,-1.052097,0.0294
4628,-1.047583,0.0293
4629,-1.047746,0.0293
4630,-1.047103,0.0296
4631,-1.050509,0.0293
4632,-1.050708,0.0296
4633,-1.050601,0.0294
4634,-1.050694,0.0298
4635,-1.052495,0.0293
4636,-1.049104,0.0294
4637,-1.051266,0.0294
4638,-1.049139,0.0295
4639,-1.050949,0.0294
4640,-1.048826,0.0295
4641,-1.041906,0.0301
4642,-1.028902,0.0294
4643,-1.021285,0.0293
4644,-1.023440,0.0298
4645,-1.026316,0.0298
4646,-1.031851,0.0293
4647,-1.036938,0.0294
4648,-1.035175,0.0295
4649,-1.030169,0.0294
4650,-1.032933,0.0295
4651,-1.041424,0.0303
4652,-1.044288,0.0294
4653,-1.045854,0.0294
4654,-1.043095,0.0294
4655,-1.041920,0.0295
4656,-1.043867,0.0295
4657,-1.047563,0.0301
4658,-1.048020,0.0294
4659,-1.049245,0.0293
4660,-1.049499,0.0295
4661,-1.045150,0.0294
4662,-1.041993,0.0294
4663,-1.042411,0.0304
4664,-1.046750,0.0294
4665,-1.047407,0.0297
4666,-1.047276,0.0295
4667,-1.047591,0.0294
4668,-1.047410,0.0298
4669,-1.044864,0.0295
4670,-1.044788,0.0294
4671,-1.045131,0.0295
4672,-1.048518,0.0295
4673,-1.050093,0.0296
4674,-1.050486,0.0295
4675,-1.049382,0.0294
4676,-1.046349,0.0295
4677,-1.048225,0.0295
4678,-1.047352,0.0295
4679,-1.040482,0.0295
4680,-1.047443,0.0295
4681,-1.045090,0.0295
4682,-1.048388,0.0294
4683,-1.047835,0.0294
4684,-1.047446,0.0295
4685,-1.046638,0.0296
4686,-1.047193,0.0296
4687,-1.048072,0.0296
4688,-1.049309,0.0295
4689,-1.050658,0.0295
4690,-1.051323,0.0295
4691,-1.050949,0.0295
4692,-1.049205,0.0295
4693,-1.046086,0.0299
4694,-1.045773,0.0295
4695,-1.046947,0.0295
4696,-1.045809,0.0295
4697,-1.042820,0.0295
4698,-1.045938,0.0295
4699,-1.046238,0.0295
4700,-1.045102,0.0295
4701,-1.049728,0.0295
4702,-1.046346,0.0299
4703,-1.050310,0.0294
4704,-1.048849,0.0295
4705,-1.050141,0.0295
4706,-1.047971,0.0296
4707,-1.050224,0.0296
4708,-1.049276,0.0299
4709,-1.044803,0.0295
4710,-1.039632,0.0295
4711,-1.028435,0.0296
4712,-1.040734,0.0296
4713,-1.044272,0.0295
4714,-1.046964,0.0295
4715,-1.044744,0.0295
4716,-1.045016,0.0296
4717,-1.047687,0.0295
4718,-1.045794,0.0295
4719,-1.049138,0.0295
4720,-1.048937,0.0296
4721,-1.047562,0.0296
4722,-1.048105,0.0296
4723,-1.046755,0.0295
4724,-1.048575,0.0296
4725,-1.049553,0.0295
4726,-1.049692,0.0296
4727,-1.041823,0.0296
4728,-1.032582,0.0299
4729,-1.032336,0.0296
4730,-1.029476,0.0296
4731,-1.022656,0.0301
4732,-1.019891,0.0296
4733,-1.016200,0.0296
4734,-1.012864,0.0295
4735,-1.016762,0.0296
4736,-1.021901,0.0296
4737,-1.023699,0.0296
4738,-1.021920,0.0296
4739,-1.024642,0.0296
4740,-1.032853,0.0295
4741,-1.035385,0.0296
4742,-1.033506,0.0296
4743,-1.034822,0.0296
4744,-1.043326,0.0296
4745,-1.045096,0.0296
4746,-1.040843,0.0296
4747,-1.007701,0.0296
4748,-0.992980,0.0296
4749,-1.003207,0.0296
4750,-1.020569,0.0296
4751,-1.027619,0.0296
4752,-1.026677,0.0296
4753,-1.030149,0.0296
4754,-1.036751,0.0296
4755,-1.040110,0.0296
4756,-1.042588,0.0301
4757,-1.040654,0.0296
4758,-1.039703,0.0296
4759,-1.042853,0.0298
4760,-1.044633,0.0297
4761,-1.043994,0.0296
4762,-1.042828,0.0296
4763,-1.044274,0.0296
4764,-1.047053,0.0296
4765,-1.048229,0.0296
4766,-1.046689,0.0296
4767,-1.045285,0.0296
4768,-1.044235,0.0296
4769,-1.045017,0.0296
4770,-1.040119,0.0295
4771,-1.040141,0.0296
4772,-1.043123,0.0296
4773,-1.041477,0.0296
4774,-1.042504,0.0296
4775,-1.044398,0.0296
4776,-1.040782,0.0296
4777,-1.039904,0.0296
4778,-1.039899,0.0296
4779,-1.039266,0.0303
4780,-1.040802,0.0296
4781,-1.046301,0.0296
4782,-1.047535,0.0296
4783,-1.047477,0.0296
4784,-1.048650,0.0296
4785,-1.045325,0.0296
4786,-1.046631,0.0296
4787,-1.049412,0.0296
4788,-1.048984,0.0300
4789,-1.049973,0.0300
4790,-1.050238,0.0296
4791,-1.048638,0.0296
4792,-1.047600,0.0296
4793,-1.047340,0.0296
4794,-1.048677,0.0296
4795,-1.050642,0.0296
4796,-1.050354,0.0300
4797,-1.051917,0.0296
4798,-1.051819,0.0296
4799,-1.027613,0.0296
4800,-0.985509,0.0296
4801,-0.945784,0.0296
4802,-0.913764,0.0296
4803,-0.894409,0.0296
4804,-0.885546,0.0296
4805,-0.881954,0.0296
4806,-0.883835,0.0296
4807,-0.886632,0.0296
4808,-0.897578,0.0296
4809,-0.904719,0.0296
4810,-0.917813,0.0296
4811,-0.932415,0.0296
4812,-0.948077,0.0296
4813,-0.968951,0.0296
4814,-0.986314,0.0296
4815,-0.998935,0.0296
4816,-1.005683,0.0296
4817,-1.008000,0.0296
4818,-1.009006,0.0296
4819,-1.010485,0.0300
4820,-1.010624,0.0296
4821,-1.008470,0.0296
4822,-1.007942,0.0296
4823,-1.009452,0.0296
4824,-1.013813,0.0295
4825,-1.017225,0.0296
4826,-1.018249,0.0296
4827,-1.022371,0.0296
4828,-1.029475,0.0296
4829,-1.031418,0.0296
4830,-1.032320,0.0296
4831,-1.031916,0.0296
4832,-1.032277,0.0296
4833,-1.035546,0.0296
4834,-1.040278,0.0296
4835,-1.036113,0.0296
4836,-1.024001,0.0296
4837,-1.027626,0.0296
4838,-1.021299,0.0296
4839,-1.024554,0.0296
4840,-1.023649,0.0296
4841,-1.028083,0.0296
4842,-1.029761,0.0296
4843,-1.036361,0.0296
4844,-1.039825,0.0296
4845,-1.045105,0.0296
4846,-1.048066,0.0296
4847,-1.053582,0.0304
4848,-1.056029,0.0296
4849,-1.059593,0.0296
4850,-1.060931,0.0296
4851,-1.063943,0.0296
4852,-1.064665,0.0296
4853,-1.066147,0.0296
4854,-1.066363,0.0296
4855,-1.067982,0.0296
4856,-1.067275,0.0296
4857,-1.067779,0.0296
4858,-1.065626,0.0296
4859,-1.064235,0.0296
4860,-1.062665,0.0296
4861,-1.062078,0.0296
4862,-1.062191,0.0296
4863,-1.062541,0.0296
4864,-1.062913,0.0296
4865,-1.064171,0.0295
4866,-1.065536,0.0296
4867,-1.066429,0.0299
4868,-1.067710,0.0296
4869,-1.068751,0.0295
4870,-1.066879,0.0296
4871,-1.064764,0.0296
4872,-1.063339,0.0296
4873,-1.062850,0.0296
4874,-1.063208,0.0296
4875,-1.064380,0.0296
4876,-1.063631,0.0296
4877,-1.065331,0.0296
4878,-1.066999,0.0296
4879,-1.068438,0.0297
4880,-1.069356,0.0296
4881,-1.070876,0.0296
4882,-1.071906,0.0296
4883,-1.074453,0.0296
4884,-1.074499,0.0296
4885,-1.075130,0.0296
4886,-1.074719,0.0296
4887,-1.075223,0.0296
4888,-1.075201,0.0296
4889,-1.076221,0.0296
4890,-1.076275,0.0296
4891,-1.076715,0.0297
4892,-1.075650,0.0296
4893,-1.075956,0.0296
4894,-1.076424,0.0296
4895,-1.074346,0.0296
4896,-1.076389,0.0296
4897,-1.077159,0.0296
4898,-1.074694,0.0296
4899,-1.075071,0.0296
4900,-1.075252,0.0296
4901,-1.076338,0.0300
4902,-1.077975,0.0296
4903,-1.076836,0.0296
4904,-1.077330,0.0296
4905,-1.078216,0.0296
4906,-1.077690,0.0296
4907,-1.078626,0.0296
4908,-1.078445,0.0296
4909,-1.077799,0.0296
4910,-1.077631,0.0300
4911,-1.076058,0.0296
4912,-1.076464,0.0296
4913,-1.077034,0.0296
4914,-1.076829,0.0298
4915,-1.073841,0.0296
4916,-1.065400,0.0296
4917,-1.058530,0.0296
4918,-1.049861,0.0296
4919,-1.041446,0.0296
4920,-1.032743,0.0296
4921,-1.026865,0.0296
4922,-1.020885,0.0296
4923,-1.018459,0.0296
4924,-1.017436,0.0298
4925,-1.017618,0.0298
4926,-1.018593,0.0298
4927,-1.019155,0.0297
4928,-1.021722,0.0294
4929,-1.025840,0.0296
4930,-1.029849,0.0298
4931,-1.033868,0.0296
4932,-1.038549,0.0296
4933,-1.042554,0.0295
4934,-1.046457,0.0298
4935,-1.051094,0.0296
4936,-1.054287,0.0296
4937,-1.056246,0.0295
4938,-1.059586,0.0296
4939,-1.062678,0.0296
4940,-1.065428,0.0298
4941,-1.068184,0.0296
4942,-1.069871,0.0298
4943,-1.073051,0.0298
4944,-1.075050,0.0295
4945,-1.075303,0.0298
4946,-1.074656,0.0296
4947,-1.076051,0.0298
4948,-1.077388,0.0296
4949,-1.078355,0.0294
4950,-1.079490,0.0295
4951,-1.079521,0.0298
4952,-1.079232,0.0295
4953,-1.078961,0.0296
4954,-1.080021,0.0298
4955,-1.080795,0.0296
4956,-1.081812,0.0295
4957,-1.082107,0.0298
4958,-1.079789,0.0298
4959,-1.080652,0.0294
4960,-1.080354,0.0295
4961,-1.081373,0.0300
4962,-1.080045,0.0299
4963,-1.079515,0.0299
4964,-1.081611,0.0295
4965,-1.081427,0.0299
4966,-1.080519,0.0295
4967,-1.081027,0.0306
4968,-1.081792,0.0298
4969,-1.081154,0.0299
4970,-1.081338,0.0298
4971,-1.080892,0.0295
4972,-1.081294,0.0295
4973,-1.082153,0.0295
4974,-1.081697,0.0296
4975,-1.081309,0.0297
4976,-1.080178,0.0295
4977,-1.079866,0.0296
4978,-1.080173,0.0299
4979,-1.079022,0.0295
4980,-1.078295,0.0295
4981,-1.076124,0.0295
4982,-1.074373,0.0298
4983,-1.072664,0.0298
4984,-1.073298,0.0298
4985,-1.073875,0.0298
4986,-1.073229,0.0299
4987,-1.072958,0.0299
4988,-1.072087,0.0299
4989,-1.073202,0.0298
4990,-1.073102,0.0297
4991,-1.073330,0.0299
4992,-1.076089,0.0300
4993,-1.077009,0.0299
4994,-1.077309,0.0300
4995,-1.078170,0.0297
4996,-1.079273,0.0298
4997,-1.079293,0.0299
4998,-1.079623,0.0299
4999,-1.079653,0.0299
5000,-1.080650,0.0299
5001,-1.080799,0.0299
5002,-1.079749,0.0299
5003,-1.079341,0.0298
5004,-1.081424,0.0298
5005,-1.080707,0.0298
5006,-1.082256,0.0295
5007,-1.082080,0.0299
5008,-1.082853,0.0300
5009,-1.082824,0.0299
5010,-1.082370,0.0299
5011,-1.083299,0.0299
5012,-1.083084,0.0301
5013,-1.082922,0.0299
5014,-1.083234,0.0299
5015,-1.082900,0.0298
5016,-1.081967,0.0299
5017,-1.083107,0.0299
5018,-1.084538,0.0299
5019,-1.082584,0.0299
5020,-1.084986,0.0295
5021,-1.084216,0.0295
5022,-1.084198,0.0300
5023,-1.084086,0.0296
5024,-1.084232,0.0299
5025,-1.084955,0.0296
5026,-1.084301,0.0299
5027,-1.084013,0.0299
5028,-1.084522,0.0295
5029,-1.085261,0.0298
5030,-1.084926,0.0297
5031,-1.084317,0.0296
5032,-1.084554,0.0296
5033,-1.084729,0.0296
5034,-1.085088,0.0299
5035,-1.085449,0.0300
5036,-1.085632,0.0301
5037,-1.084752,0.0297
5038,-1.084192,0.0299
5039,-1.083186,0.0296
5040,-1.082299,0.0299
5041,-1.082104,0.0297
5042,-1.081829,0.0298
5043,-1.080597,0.0295
5044,-1.080034,0.0295
5045,-1.081769,0.0295
5046,-1.083141,0.0298
5047,-1.083305,0.0299
5048,-1.083049,0.0298
5049,-1.081155,0.0298
5050,-1.081556,0.0295
5051,-1.083434,0.0298
5052,-1.083256,0.0295
5053,-1.081940,0.0298
5054,-1.082311,0.0295
5055,-1.083876,0.0295
5056,-1.083713,0.0297
5057,-1.081808,0.0297
5058,-1.082993,0.0295
5059,-1.082374,0.0298
5060,-1.080082,0.0295
5061,-1.079661,0.0298
5062,-1.080143,0.0295
5063,-1.080303,0.0295
5064,-1.080927,0.0300
5065,-1.081275,0.0296
5066,-1.081088,0.0295
5067,-1.081755,0.0295
5068,-1.081125,0.0298
5069,-1.081207,0.0295
5070,-1.079422,0.0298
5071,-1.076506,0.0295
5072,-1.073371,0.0295
5073,-1.070426,0.0295
5074,-1.068203,0.0298
5075,-1.065387,0.0295
5076,-1.062351,0.0295
5077,-1.043497,0.0298
5078,-1.060388,0.0295
5079,-1.048549,0.0295
5080,-1.057744,0.0295
5081,-1.054597,0.0299
5082,-1.052229,0.0295
5083,-1.056689,0.0295
5084,-1.054719,0.0295
5085,-1.052491,0.0295
5086,-1.055752,0.0295
5087,-1.056586,0.0295
5088,-1.054064,0.0295
5089,-1.055087,0.0296
5090,-1.056539,0.0295
5091,-1.058436,0.0295
5092,-1.057156,0.0295
5093,-1.055904,0.0299
5094,-1.057152,0.0296
5095,-1.059887,0.0295
5096,-1.061791,0.0295
5097,-1.060505,0.0295
5098,-1.060353,0.0297
5099,-1.063015,0.0295
5100,-1.062034,0.0295
5101,-1.061853,0.0295
5102,-1.062062,0.0296
5103,-1.063458,0.0295
5104,-1.065271,0.0299
5105,-1.065245,0.0300
5106,-1.065168,0.0297
5107,-1.063529,0.0296
5108,-1.065066,0.0296
5109,-1.066452,0.0297
5110,-1.067642,0.0295
5111,-1.066362,0.0298
5112,-1.065800,0.0295
5113,-1.066167,0.0296
5114,-1.066332,0.0295
5115,-1.066571,0.0294
5116,-1.067325,0.0295
5117,-1.067274,0.0296
5118,-1.067993,0.0295
5119,-1.068067,0.0295
5120,-1.068695,0.0296
5121,-1.067798,0.0295
5122,-1.067863,0.0295
5123,-1.068423,0.0294
5124,-1.069233,0.0299
5125,-1.070347,0.0303
5126,-1.070358,0.0298
5127,-1.069623,0.0295
5128,-1.069426,0.0295
5129,-1.070759,0.0295
5130,-1.070699,0.0295
5131,-1.071151,0.0299
5132,-1.071840,0.0296
5133,-1.071572,0.0296
5134,-1.071967,0.0295
5135,-1.071859,0.0297
5136,-1.073942,0.0298
5137,-1.073400,0.0298
5138,-1.072127,0.0300
5139,-1.072211,0.0295
5140,-1.073018,0.0295
5141,-1.073496,0.0295
5142,-1.074609,0.0295
5143,-1.073691,0.0297
5144,-1.069892,0.0296
5145,-1.068636,0.0297
5146,-1.067054,0.0297
5147,-1.065747,0.0295
5148,-1.062582,0.0295
5149,-1.061491,0.0295
5150,-1.064441,0.0296
5151,-1.068433,0.0295
5152,-1.067851,0.0295
5153,-1.067300,0.0296
5154,-1.069738,0.0296
5155,-1.069737,0.0295
5156,-1.068873,0.0295
5157,-1.071262,0.0297
5158,-1.071747,0.0295
5159,-1.073707,0.0295
5160,-1.073389,0.0296
5161,-1.073522,0.0305
5162,-1.074167,0.0296
5163,-1.075084,0.0296
5164,-1.076724,0.0296
5165,-1.076208,0.0297
5166,-1.073293,0.0297
5167,-1.073598,0.0297
5168,-1.073996,0.0297
5169,-1.073886,0.0295
5170,-1.072125,0.0296
5171,-1.070495,0.0297
5172,-1.069938,0.0295
5173,-1.068175,0.0295
5174,-1.069238,0.0296
5175,-1.061809,0.0295
5176,-1.070404,0.0296
5177,-1.064461,0.0295
5178,-1.070409,0.0296
5179,-1.070076,0.0295
5180,-1.067005,0.0295
5181,-1.071991,0.0295
5182,-1.073893,0.0295
5183,-1.071822,0.0296
5184,-1.073791,0.0296
5185,-1.074360,0.0296
5186,-1.074743,0.0301
5187,-1.073436,0.0296
5188,-1.073515,0.0296
5189,-1.071900,0.0296
5190,-1.071963,0.0305
5191,-1.075313,0.0297
5192,-1.076123,0.0297
5193,-1.075926,0.0296
5194,-1.077352,0.0296
5195,-1.077835,0.0296
5196,-1.077025,0.0302
5197,-1.076564,0.0296
5198,-1.076057,0.0295
5199,-1.076031,0.0297
5200,-1.076816,0.0297
5201,-1.077311,0.0295
5202,-1.076214,0.0297
5203,-1.077239,0.0301
5204,-1.077951,0.0297
5205,-1.077756,0.0296
5206,-1.077401,0.0296
5207,-1.076351,0.0296
5208,-1.077388,0.0297
5209,-1.078892,0.0297
5210,-1.077591,0.0297
5211,-1.078885,0.0296
5212,-1.079400,0.0295
5213,-1.079933,0.0296
5214,-1.079260,0.0297
5215,-1.077767,0.0296
5216,-1.079055,0.0297
5217,-1.079494,0.0297
5218,-1.080304,0.0296
5219,-1.080640,0.0296
5220,-1.079369,0.0297
5221,-1.079628,0.0295
5222,-1.080756,0.0297
5223,-1.080540,0.0296
5224,-1.080759,0.0296
5225,-1.080305,0.0295
5226,-1.080399,0.0295
5227,-1.080848,0.0296
5228,-1.081825,0.0297
5229,-1.080956,0.0297
5230,-1.081750,0.0296
5231,-1.081172,0.0296
5232,-1.080550,0.0296
5233,-1.080929,0.0297
5234,-1.080269,0.0296
5235,-1.077508,0.0296
5236,-1.078821,0.0297
5237,-1.078433,0.0297
5238,-1.082322,0.0297
5239,-1.080075,0.0299
5240,-1.082540,0.0297
5241,-1.082066,0.0304
5242,-1.083650,0.0296
5243,-1.082200,0.0296
5244,-1.083981,0.0295
5245,-1.082725,0.0296
5246,-1.083426,0.0297
5247,-1.083285,0.0296
5248,-1.084081,0.0297
5249,-1.084201,0.0295
5250,-1.084352,0.0296
5251,-1.084062,0.0297
5252,-1.084468,0.0296
5253,-1.085084,0.0296
5254,-1.084301,0.0296
5255,-1.085801,0.0296
5256,-1.085441,0.0302
5257,-1.086210,0.0296
5258,-1.085365,0.0296
5259,-1.086186,0.0296
5260,-1.086189,0.0296
5261,-1.086329,0.0296
5262,-1.086581,0.0296
5263,-1.087133,0.0296
5264,-1.087340,0.0296
5265,-1.086930,0.0296
5266,-1.086528,0.0296
5267,-1.087011,0.0296
5268,-1.087155,0.0296
5269,-1.087732,0.0296
5270,-1.088317,0.0296
5271,-1.088328,0.0296
5272,-1.088114,0.0296
5273,-1.088002,0.0295
5274,-1.087330,0.0297
5275,-1.088613,0.0296
5276,-1.087609,0.0296
5277,-1.088430,0.0297
5278,-1.088345,0.0296
5279,-1.088277,0.0296
5280,-1.088067,0.0300
5281,-1.088354,0.0296
5282,-1.088037,0.0300
5283,-1.088822,0.0296
5284,-1.088162,0.0296
5285,-1.088324,0.0296
5286,-1.087845,0.0296
5287,-1.088708,0.0297
5288,-1.087806,0.0297
5289,-1.088827,0.0297
5290,-1.087641,0.0297
5291,-1.088634,0.0296
5292,-1.087916,0.0297
5293,-1.088805,0.0297
5294,-1.087811,0.0297
5295,-1.088291,0.0296
5296,-1.087555,0.0296
5297,-1.088592,0.0298
5298,-1.087626,0.0296
5299,-1.088373,0.0298
5300,-1.087861,0.0297
5301,-1.089037,0.0297
5302,-1.088107,0.0296
5303,-1.088552,0.0297
5304,-1.088465,0.0297
5305,-1.089178,0.0297
5306,-1.088414,0.0296
5307,-1.088525,0.0297
5308,-1.088780,0.0296
5309,-1.081038,0.0297
5310,-1.085535,0.0296
5311,-1.084614,0.0296
5312,-1.084470,0.0296
5313,-1.088233,0.0296
5314,-1.084970,0.0297
5315,-1.086113,0.0296
5316,-1.086707,0.0296
5317,-1.085194,0.0296
5318,-1.089228,0.0296
5319,-1.085326,0.0296
5320,-1.088002,0.0297
5321,-1.087058,0.0296
5322,-1.088182,0.0296
5323,-1.087821,0.0296
5324,-1.088738,0.0297
5325,-1.088741,0.0297
5326,-1.088560,0.0297
5327,-1.088888,0.0296
5328,-1.088824,0.0296
5329,-1.088839,0.0296
5330,-1.089423,0.0296
5331,-1.089628,0.0297
5332,-1.088925,0.0296
5333,-1.090181,0.0297
5334,-1.088932,0.0296
5335,-1.089385,0.0296
5336,-1.089032,0.0297
5337,-1.088803,0.0296
5338,-1.089267,0.0296
5339,-1.088918,0.0296
5340,-1.089197,0.0297
5341,-1.088724,0.0296
5342,-1.089002,0.0296
5343,-1.088905,0.0296
5344,-1.089142,0.0304
5345,-1.089382,0.0296
5346,-1.089431,0.0296
5347,-1.089392,0.0296
5348,-1.089309,0.0297
5349,-1.089201,0.0297
5350,-1.089251,0.0296
5351,-1.089660,0.0296
5352,-1.089564,0.0296
5353,-1.089882,0.0297
5354,-1.090558,0.0296
5355,-1.089862,0.0296
5356,-1.090657,0.0296
5357,-1.090250,0.0296
5358,-1.089967,0.0297
5359,-1.090610,0.0297
5360,-1.090358,0.0301
5361,-1.090394,0.0296
5362,-1.089620,0.0296
5363,-1.089558,0.0296
5364,-1.090091,0.0296
5365,-1.089895,0.0297
5366,-1.089870,0.0297
5367,-1.089539,0.0296
5368,-1.089732,0.0297
5369,-1.089848,0.0297
5370,-1.089890,0.0297
5371,-1.090646,0.0298
5372,-1.090470,0.0298
5373,-1.090408,0.0298
5374,-1.090713,0.0298
5375,-1.090055,0.0303
5376,-1.089713,0.0298
5377,-1.089963,0.0298
5378,-1.089218,0.0297
5379,-1.089944,0.0297
5380,-1.090388,0.0297
5381,-1.089780,0.0298
5382,-1.089468,0.0296
5383,-1.089374,0.0297
5384,-1.089010,0.0297
5385,-1.088214,0.0297
5386,-1.088101,0.0296
5387,-1.087545,0.0297
5388,-1.086852,0.0296
5389,-1.087103,0.0297
5390,-1.086577,0.0297
5391,-1.086523,0.0296
5392,-1.085943,0.0297
5393,-1.086211,0.0296
5394,-1.086692,0.0296
5395,-1.086998,0.0296
5396,-1.087118,0.0296
5397,-1.087459,0.0297
5398,-1.087337,0.0297
5399,-1.087199,0.0297
5400,-1.087251,0.0296
5401,-1.087287,0.0296
5402,-1.087528,0.0296
5403,-1.087896,0.0296
5404,-1.088337,0.0296
5405,-1.088867,0.0296
5406,-1.088554,0.0297
5407,-1.088939,0.0297
5408,-1.088680,0.0296
5409,-1.087621,0.0296
5410,-1.089116,0.0298
5411,-1.088109,0.0306
5412,-1.088868,0.0296
5413,-1.088991,0.0296
5414,-1.089181,0.0296
5415,-1.089789,0.0296
5416,-1.088866,0.0297
5417,-1.089868,0.0297
5418,-1.089325,0.0296
5419,-1.089924,0.0296
5420,-1.089557,0.0298
5421,-1.089434,0.0297
5422,-1.090538,0.0298
5423,-1.090234,0.0296
5424,-1.090101,0.0296
5425,-1.089915,0.0297
5426,-1.090506,0.0296
5427,-1.090395,0.0296
5428,-1.090787,0.0296
5429,-1.090920,0.0297
5430,-1.090885,0.0296
5431,-1.090984,0.0296
5432,-1.090500,0.0296
5433,-1.091276,0.0296
5434,-1.090674,0.0297
5435,-1.090558,0.0296
5436,-1.090674,0.0298
5437,-1.090169,0.0299
5438,-1.090562,0.0298
5439,-1.089570,0.0296
5440,-1.090064,0.0296
5441,-1.089999,0.0298
5442,-1.090143,0.0296
5443,-1.090811,0.0296
5444,-1.090147,0.0298
5445,-1.090302,0.0297
5446,-1.090041,0.0297
5447,-1.090462,0.0298
5448,-1.089788,0.0297
5449,-1.089408,0.0297
5450,-1.089808,0.0298
5451,-1.090339,0.0296
5452,-1.091540,0.0296
5453,-1.091358,0.0297
5454,-1.091407,0.0297
5455,-1.091122,0.0298
5456,-1.090918,0.0297
5457,-1.091487,0.0297
5458,-1.090734,0.0298
5459,-1.092015,0.0297
5460,-1.092513,0.0297
5461,-1.091869,0.0297
5462,-1.091133,0.0297
5463,-1.091794,0.0297
5464,-1.092240,0.0298
5465,-1.092104,0.0297
5466,-1.092291,0.0297
5467,-1.091860,0.0297
5468,-1.092719,0.0301
5469,-1.092772,0.0297
5470,-1.090719,0.0297
5471,-1.092500,0.0297
5472,-1.091623,0.0297
5473,-1.091446,0.0297
5474,-1.090330,0.0297
5475,-1.091261,0.0297
5476,-1.091138,0.0297
5477,-1.091848,0.0297
5478,-1.091576,0.0297
5479,-1.091440,0.0306
5480,-1.091509,0.0298
5481,-1.091732,0.0298
5482,-1.092216,0.0297
5483,-1.092070,0.0297
5484,-1.092268,0.0297
5485,-1.091895,0.0297
5486,-1.092907,0.0297
5487,-1.093161,0.0297
5488,-1.092809,0.0297
5489,-1.092516,0.0297
5490,-1.093073,0.0298
5491,-1.092938,0.0298
5492,-1.092938,0.0298
5493,-1.092654,0.0297
5494,-1.093268,0.0297
5495,-1.093386,0.0297
5496,-1.093381,0.0297
5497,-1.093838,0.0296
5498,-1.094005,0.0296
5499,-1.093504,0.0298
5500,-1.094035,0.0297
5501,-1.093944,0.0297
5502,-1.092766,0.0297
5503,-1.093347,0.0298
5504,-1.093713,0.0296
5505,-1.093960,0.0298
5506,-1.094122,0.0296
5507,-1.094169,0.0298
5508,-1.093147,0.0297
5509,-1.093601,0.0297
5510,-1.093937,0.0297
5511,-1.093549,0.0297
5512,-1.093338,0.0301
5513,-1.093929,0.0297
5514,-1.094013,0.0297
5515,-1.092683,0.0298
5516,-1.093240,0.0297
5517,-1.093109,0.0296
5518,-1.093714,0.0297
5519,-1.094460,0.0297
5520,-1.092409,0.0298
5521,-1.093728,0.0297
5522,-1.092432,0.0298
5523,-1.093673,0.0298
5524,-1.094307,0.0298
5525,-1.093396,0.0297
5526,-1.094475,0.0297
5527,-1.093542,0.0297
5528,-1.093681,0.0297
5529,-1.094023,0.0298
5530,-1.095016,0.0297
5531,-1.095204,0.0297
5532,-1.094404,0.0297
5533,-1.094866,0.0297
5534,-1.092403,0.0297
5535,-1.092820,0.0297
5536,-1.094025,0.0298
5537,-1.093516,0.0301
5538,-1.093686,0.0297
5539,-1.094762,0.0298
5540,-1.092992,0.0297
5541,-1.095155,0.0297
5542,-1.094898,0.0298
5543,-1.094670,0.0297
5544,-1.095574,0.0297
5545,-1.094878,0.0297
5546,-1.094645,0.0297
5547,-1.095539,0.0297
5548,-1.095867,0.0297
5549,-1.096411,0.0297
5550,-1.095854,0.0298
5551,-1.096416,0.0297
5552,-1.096827,0.0297
5553,-1.096156,0.0302
5554,-1.096193,0.0298
5555,-1.095967,0.0297
5556,-1.096360,0.0298
5557,-1.096775,0.0297
5558,-1.096571,0.0298
5559,-1.096562,0.0298
5560,-1.096659,0.0298
5561,-1.095546,0.0298
5562,-1.096317,0.0297
5563,-1.096766,0.0297
5564,-1.096763,0.0298
5565,-1.097048,0.0298
5566,-1.097229,0.0298
5567,-1.096659,0.0297
5568,-1.095412,0.0297
5569,-1.096766,0.0299
5570,-1.096920,0.0297
5571,-1.097703,0.0299
5572,-1.097233,0.0297
5573,-1.097670,0.0297
5574,-1.097003,0.0298
5575,-1.096859,0.0298
5576,-1.096819,0.0297
5577,-1.096866,0.0297
5578,-1.097614,0.0305
5579,-1.098141,0.0297
5580,-1.097658,0.0297
5581,-1.097329,0.0298
5582,-1.097217,0.0297
5583,-1.097379,0.0297
5584,-1.096604,0.0298
5585,-1.097154,0.0297
5586,-1.097328,0.0299
5587,-1.097611,0.0299
5588,-1.097425,0.0298
5589,-1.097733,0.0298
5590,-1.098022,0.0303
5591,-1.098685,0.0298
5592,-1.098083,0.0299
5593,-1.098508,0.0297
5594,-1.098340,0.0298
5595,-1.097702,0.0297
5596,-1.098178,0.0298
5597,-1.098142,0.0298
5598,-1.098448,0.0298
5599,-1.098840,0.0297
5600,-1.098644,0.0297
5601,-1.098664,0.0297
5602,-1.098731,0.0298
5603,-1.099453,0.0297
5604,-1.098654,0.0299
5605,-1.097160,0.0298
5606,-1.097393,0.0297
5607,-1.096541,0.0298
5608,-1.096667,0.0297
5609,-1.096274,0.0297
5610,-1.094965,0.0299
5611,-1.094751,0.0298
5612,-1.094811,0.0298
5613,-1.094861,0.0298
5614,-1.094709,0.0299
5615,-1.094349,0.0298
5616,-1.093136,0.0297
5617,-1.093211,0.0297
5618,-1.093543,0.0302
5619,-1.094350,0.0303
5620,-1.093969,0.0298
5621,-1.093753,0.0299
5622,-1.093949,0.0298
5623,-1.094023,0.0297
5624,-1.093735,0.0298
5625,-1.094156,0.0298
5626,-1.093542,0.0297
5627,-1.093076,0.0298
5628,-1.092596,0.0299
5629,-1.093803,0.0298
5630,-1.094092,0.0297
5631,-1.093804,0.0297
5632,-1.093911,0.0297
5633,-1.094260,0.0297
5634,-1.093627,0.0298
5635,-1.093419,0.0297
5636,-1.094396,0.0299
5637,-1.094460,0.0299
5638,-1.094580,0.0297
5639,-1.093783,0.0297
5640,-1.094610,0.0298
5641,-1.094634,0.0299
5642,-1.094516,0.0297
5643,-1.095264,0.0298
5644,-1.094431,0.0299
5645,-1.094745,0.0297
5646,-1.095568,0.0298
5647,-1.094509,0.0299
5648,-1.094260,0.0297
5649,-1.095204,0.0297
5650,-1.094870,0.0298
5651,-1.095550,0.0299
5652,-1.096040,0.0297
5653,-1.095843,0.0299
5654,-1.095790,0.0299
5655,-1.095807,0.0299
5656,-1.096146,0.0298
5657,-1.095800,0.0299
5658,-1.095289,0.0299
5659,-1.096216,0.0299
5660,-1.095827,0.0297
5661,-1.095720,0.0299
5662,-1.096270,0.0299
5663,-1.095493,0.0299
5664,-1.095843,0.0299
5665,-1.096143,0.0299
5666,-1.095804,0.0299
5667,-1.096600,0.0298
5668,-1.095989,0.0297
5669,-1.096504,0.0299
5670,-1.096039,0.0299
5671,-1.095690,0.0299
5672,-1.096064,0.0299
5673,-1.096795,0.0299
5674,-1.095270,0.0299
5675,-1.095298,0.0299
5676,-1.096216,0.0297
5677,-1.094870,0.0299
5678,-1.095285,0.0299
5679,-1.094804,0.0299
5680,-1.095826,0.0303
5681,-1.095712,0.0299
5682,-1.095913,0.0299
5683,-1.095188,0.0303
5684,-1.094590,0.0298
5685,-1.094428,0.0299
5686,-1.094254,0.0297
5687,-1.093148,0.0298
5688,-1.092541,0.0298
5689,-1.091882,0.0299
5690,-1.090782,0.0299
5691,-1.090280,0.0298
5692,-1.089525,0.0299
5693,-1.089823,0.0299
5694,-1.089692,0.0299
5695,-1.090078,0.0299
5696,-1.090141,0.0299
5697,-1.090246,0.0299
5698,-1.089865,0.0300
5699,-1.089933,0.0299
5700,-1.090049,0.0300
5701,-1.090130,0.0299
5702,-1.090804,0.0299
5703,-1.092028,0.0299
5704,-1.091947,0.0299
5705,-1.091905,0.0299
5706,-1.091928,0.0299
5707,-1.092283,0.0299
5708,-1.093154,0.0299
5709,-1.093481,0.0299
5710,-1.093471,0.0299
5711,-1.094340,0.0299
5712,-1.094605,0.0299
5713,-1.094530,0.0300
5714,-1.094399,0.0299
5715,-1.094794,0.0299
5716,-1.094891,0.0299
5717,-1.095367,0.0307
5718,-1.095584,0.0300
5719,-1.095739,0.0299
5720,-1.095437,0.0299
5721,-1.095985,0.0299
5722,-1.095511,0.0299
5723,-1.095635,0.0299
5724,-1.095351,0.0299
5725,-1.095705,0.0299
5726,-1.095981,0.0299
5727,-1.096456,0.0299
5728,-1.096120,0.0299
5729,-1.097063,0.0299
5730,-1.097363,0.0299
5731,-1.096718,0.0299
5732,-1.097057,0.0299
5733,-1.095506,0.0299
5734,-1.096708,0.0300
5735,-1.096578,0.0299
5736,-1.095523,0.0304
5737,-1.097378,0.0300
5738,-1.095961,0.0299
5739,-1.097402,0.0299
5740,-1.097259,0.0299
5741,-1.097022,0.0299
5742,-1.098688,0.0298
5743,-1.097781,0.0299
5744,-1.098633,0.0299
5745,-1.098860,0.0299
5746,-1.098563,0.0299
5747,-1.099035,0.0300
5748,-1.098615,0.0299
5749,-1.098554,0.0299
5750,-1.099081,0.0299
5751,-1.098785,0.0299
5752,-1.099462,0.0299
5753,-1.099289,0.0299
5754,-1.099376,0.0300
5755,-1.100173,0.0299
5756,-1.100241,0.0299
5757,-1.099787,0.0300
5758,-1.099452,0.0299
5759,-1.099717,0.0303
5760,-1.099622,0.0300
5761,-1.099084,0.0299
5762,-1.099295,0.0300
5763,-1.099899,0.0300
5764,-1.099474,0.0300
5765,-1.100242,0.0298
5766,-1.099502,0.0298
5767,-1.099384,0.0300
5768,-1.099787,0.0302
5769,-1.099934,0.0301
5770,-1.100389,0.0299
5771,-1.100008,0.0300
5772,-1.100102,0.0299
5773,-1.099611,0.0300
5774,-1.098355,0.0300
5775,-1.099830,0.0300
5776,-1.099244,0.0299
5777,-1.099036,0.0300
5778,-1.100250,0.0299
5779,-1.098644,0.0299
5780,-1.099832,0.0300
5781,-1.098728,0.0300
5782,-1.099955,0.0300
5783,-1.099568,0.0303
5784,-1.099056,0.0299
5785,-1.099173,0.0299
5786,-1.099635,0.0300
5787,-1.100842,0.0299
5788,-1.100486,0.0299
5789,-1.099612,0.0300
5790,-1.100596,0.0299
5791,-1.101710,0.0308
5792,-1.102284,0.0299
5793,-1.101816,0.0300
5794,-1.101549,0.0299
5795,-1.101092,0.0304
5796,-1.101076,0.0299
5797,-1.101676,0.0300
5798,-1.101361,0.0300
5799,-1.101659,0.0299
5800,-1.101155,0.0299
5801,-1.099432,0.0304
5802,-1.099439,0.0300
5803,-1.098291,0.0300
5804,-1.097644,0.0301
5805,-1.097285,0.0300
5806,-1.097054,0.0300
5807,-1.097028,0.0300
5808,-1.096465,0.0300
5809,-1.097054,0.0307
5810,-1.097180,0.0300
5811,-1.097467,0.0299
5812,-1.098644,0.0299
5813,-1.098115,0.0300
5814,-1.097296,0.0299
5815,-1.098164,0.0300
5816,-1.098589,0.0300
5817,-1.098272,0.0300
5818,-1.097110,0.0300
5819,-1.098159,0.0299
5820,-1.099550,0.0299
5821,-1.099900,0.0299
5822,-1.099391,0.0300
5823,-1.099599,0.0300
5824,-1.100752,0.0300
5825,-1.100268,0.0300
5826,-1.100067,0.0300
5827,-1.101412,0.0300
5828,-1.101350,0.0300
5829,-1.100790,0.0308
5830,-1.100614,0.0300
5831,-1.100796,0.0300
5832,-1.101056,0.0300
5833,-1.101113,0.0300
5834,-1.101365,0.0300
5835,-1.101491,0.0300
5836,-1.102072,0.0300
5837,-1.101904,0.0300
5838,-1.101726,0.0300
5839,-1.101621,0.0300
5840,-1.101757,0.0300
5841,-1.101901,0.0300
5842,-1.101930,0.0304
5843,-1.101992,0.0301
5844,-1.101992,0.0300
5845,-1.102026,0.0300
5846,-1.101927,0.0300
5847,-1.101701,0.0300
5848,-1.101560,0.0300
5849,-1.102020,0.0300
5850,-1.101871,0.0300
5851,-1.101737,0.0300
5852,-1.102242,0.0301
5853,-1.102386,0.0300
5854,-1.102628,0.0301
5855,-1.102635,0.0301
5856,-1.102106,0.0300
5857,-1.102473,0.0300
5858,-1.103247,0.0300
5859,-1.102595,0.0300
5860,-1.102996,0.0300
5861,-1.103117,0.0300
5862,-1.101978,0.0300
5863,-1.102185,0.0300
5864,-1.102258,0.0300
5865,-1.102064,0.0300
5866,-1.102404,0.0300
5867,-1.103012,0.0300
5868,-1.103021,0.0300
5869,-1.102306,0.0301
5870,-1.103865,0.0300
5871,-1.103100,0.0300
5872,-1.102726,0.0300
5873,-1.102886,0.0300
5874,-1.101688,0.0300
5875,-1.102394,0.0298
5876,-1.101918,0.0300
5877,-1.101832,0.0300
5878,-1.103090,0.0300
5879,-1.101310,0.0302
5880,-1.102489,0.0300
5881,-1.101875,0.0300
5882,-1.100844,0.0300
5883,-1.100817,0.0301
5884,-1.100745,0.0300
5885,-1.102602,0.0300
5886,-1.101185,0.0301
5887,-1.102466,0.0301
5888,-1.102222,0.0301
5889,-1.101656,0.0300
5890,-1.102771,0.0302
5891,-1.101567,0.0301
5892,-1.102586,0.0301
5893,-1.102627,0.0300
5894,-1.101905,0.0300
5895,-1.103694,0.0301
5896,-1.102907,0.0300
5897,-1.104001,0.0301
5898,-1.104298,0.0301
5899,-1.104298,0.0301
5900,-1.104345,0.0300
5901,-1.103785,0.0301
5902,-1.104170,0.0301
5903,-1.103304,0.0302
5904,-1.103760,0.0300
5905,-1.103449,0.0302
5906,-1.103773,0.0302
5907,-1.104588,0.0301
5908,-1.103642,0.0301
5909,-1.103525,0.0300
5910,-1.102907,0.0301
5911,-1.102388,0.0301
5912,-1.102175,0.0302
5913,-1.102771,0.0300
5914,-1.103583,0.0302
5915,-1.102808,0.0302
5916,-1.103004,0.0301
5917,-1.102345,0.0301
5918,-1.102125,0.0302
5919,-1.102330,0.0300
5920,-1.102801,0.0301
5921,-1.103788,0.0305
5922,-1.104340,0.0302
5923,-1.104710,0.0301
5924,-1.105059,0.0301
5925,-1.104568,0.0301
5926,-1.104678,0.0301
5927,-1.105193,0.0301
5928,-1.104999,0.0301
5929,-1.104258,0.0302
5930,-1.104893,0.0301
5931,-1.103885,0.0300
5932,-1.104219,0.0301
5933,-1.103745,0.0301
5934,-1.103754,0.0301
5935,-1.103527,0.0301
5936,-1.103165,0.0300
5937,-1.103629,0.0301
5938,-1.103729,0.0302
5939,-1.104604,0.0301
5940,-1.103954,0.0301
5941,-1.102982,0.0301
5942,-1.104275,0.0301
5943,-1.103889,0.0302
5944,-1.104314,0.0302
5945,-1.103855,0.0301
5946,-1.103694,0.0301
5947,-1.104723,0.0302
5948,-1.103982,0.0300
5949,-1.104165,0.0302
5950,-1.105470,0.0302
5951,-1.104698,0.0301
5952,-1.104481,0.0301
5953,-1.106425,0.0301
5954,-1.105623,0.0301
5955,-1.105341,0.0301
5956,-1.105053,0.0301
5957,-1.104303,0.0301
5958,-1.104403,0.0301
5959,-1.105038,0.0302
5960,-1.104737,0.0302
5961,-1.105481,0.0301
5962,-1.104801,0.0301
5963,-1.104970,0.0302
5964,-1.104685,0.0301
5965,-1.105113,0.0301
5966,-1.105010,0.0302
5967,-1.104228,0.0305
5968,-1.104643,0.0302
5969,-1.105193,0.0303
5970,-1.104602,0.0302
5971,-1.104346,0.0303
5972,-1.105329,0.0304
5973,-1.105055,0.0303
5974,-1.104737,0.0302
5975,-1.104880,0.0302
5976,-1.103718,0.0303
5977,-1.105000,0.0302
5978,-1.105391,0.0302
5979,-1.105678,0.0302
5980,-1.105434,0.0302
5981,-1.104971,0.0303
5982,-1.105846,0.0302
5983,-1.106073,0.0303
5984,-1.104838,0.0303
5985,-1.105268,0.0302
5986,-1.105318,0.0311
5987,-1.105588,0.0303
5988,-1.106766,0.0303
5989,-1.105448,0.0302
5990,-1.098215,0.0302
5991,-1.101154,0.0303
5992,-1.103804,0.0306
5993,-1.100755,0.0302
5994,-1.104482,0.0306
5995,-1.102455,0.0303
5996,-1.102162,0.0303
5997,-1.104716,0.0302
5998,-1.102793,0.0303
5999,-1.104396,0.0302
6000,-1.104934,0.0302
