epoch,loss,tiempo_s
1,12.189294,0.2416
2,6.713984,0.0239
3,6.238653,0.0235
4,5.964009,0.0235
5,5.770098,0.0235
6,5.621500,0.0236
7,5.507191,0.0235
8,5.417265,0.0236
9,5.341383,0.0228
10,5.276156,0.0212
11,5.219718,0.0210
12,5.171098,0.0210
13,5.128168,0.0210
14,5.092215,0.0214
15,5.059176,0.0210
16,5.030638,0.0210
17,5.003563,0.0210
18,4.980116,0.0210
19,4.957458,0.0210
20,4.936861,0.0210
21,4.917974,0.0213
22,4.899745,0.0210
23,4.882957,0.0214
24,4.867080,0.0210
25,4.851277,0.0209
26,4.836948,0.0209
27,4.821942,0.0210
28,4.807674,0.0210
29,4.795166,0.0210
30,4.781292,0.0210
31,4.767593,0.0210
32,4.753776,0.0210
33,4.740518,0.0209
34,4.727695,0.0209
35,4.714116,0.0211
36,4.700706,0.0210
37,4.686940,0.0209
38,4.671964,0.0209
39,4.657399,0.0213
40,4.643052,0.0210
41,4.628647,0.0210
42,4.612425,0.0210
43,4.595781,0.0210
44,4.578895,0.0210
45,4.561536,0.0210
46,4.544505,0.0210
47,4.526105,0.0218
48,4.507716,0.0210
49,4.487948,0.0220
50,4.468273,0.0210
51,4.447419,0.0210
52,4.426380,0.0210
53,4.405026,0.0210
54,4.381940,0.0210
55,4.359665,0.0210
56,4.336425,0.0210
57,4.312201,0.0210
58,4.287294,0.0211
59,4.261643,0.0210
60,4.236181,0.0210
61,4.210083,0.0210
62,4.182816,0.0210
63,4.155693,0.0210
64,4.127653,0.0210
65,4.098871,0.0210
66,4.069943,0.0210
67,4.039410,0.0214
68,4.010579,0.0210
69,3.980451,0.0210
70,3.949372,0.0210
71,3.918417,0.0210
72,3.886893,0.0210
73,3.855221,0.0210
74,3.822299,0.0210
75,3.789632,0.0220
76,3.756408,0.0210
77,3.722206,0.0214
78,3.688480,0.0210
79,3.654964,0.0210
80,3.620399,0.0210
81,3.585898,0.0210
82,3.551411,0.0210
83,3.515641,0.0210
84,3.479298,0.0214
85,3.443465,0.0210
86,3.406835,0.0210
87,3.369753,0.0210
88,3.333227,0.0210
89,3.295433,0.0210
90,3.258348,0.0210
91,3.220085,0.0210
92,3.181550,0.0210
93,3.143225,0.0211
94,3.104451,0.0214
95,3.065367,0.0210
96,3.025438,0.0211
97,2.986118,0.0210
98,2.946062,0.0210
99,2.906904,0.0210
100,2.868868,0.0210
101,2.830841,0.0210
102,2.795280,0.0210
103,2.761695,0.0215
104,2.728926,0.0210
105,2.698547,0.0210
106,2.670127,0.0210
107,2.643273,0.0210
108,2.617006,0.0210
109,2.592174,0.0210
110,2.568488,0.0210
111,2.545467,0.0210
112,2.523642,0.0212
113,2.502605,0.0210
114,2.482057,0.0215
115,2.462703,0.0210
116,2.442992,0.0214
117,2.424195,0.0210
118,2.405923,0.0211
119,2.388444,0.0210
120,2.370387,0.0210
121,2.353108,0.0210
122,2.336675,0.0211
123,2.320333,0.0211
124,2.304694,0.0211
125,2.288761,0.0211
126,2.273330,0.0211
127,2.258088,0.0211
128,2.242584,0.0226
129,2.227349,0.0212
130,2.211651,0.0211
131,2.196685,0.0211
132,2.181473,0.0212
133,2.166875,0.0211
134,2.152287,0.0211
135,2.137454,0.0211
136,2.123225,0.0210
137,2.108811,0.0211
138,2.094115,0.0211
139,2.080375,0.0211
140,2.066353,0.0210
141,2.053298,0.0214
142,2.040574,0.0210
143,2.027943,0.0211
144,2.015669,0.0211
145,2.003813,0.0211
146,1.991253,0.0211
147,1.979048,0.0211
148,1.966797,0.0211
149,1.954926,0.0211
150,1.942957,0.0211
151,1.930937,0.0211
152,1.919156,0.0211
153,1.907814,0.0211
154,1.896322,0.0211
155,1.884432,0.0211
156,1.872351,0.0211
157,1.860335,0.0211
158,1.849115,0.0211
159,1.837518,0.0211
160,1.825886,0.0211
161,1.814228,0.0211
162,1.802970,0.0211
163,1.792627,0.0209
164,1.781867,0.0209
165,1.771584,0.0209
166,1.761604,0.0209
167,1.751146,0.0209
168,1.741129,0.0209
169,1.731171,0.0209
170,1.720641,0.0209
171,1.710671,0.0209
172,1.700766,0.0209
173,1.691040,0.0209
174,1.681432,0.0209
175,1.672114,0.0209
176,1.662989,0.0210
177,1.654268,0.0209
178,1.646021,0.0213
179,1.637497,0.0211
180,1.628619,0.0210
181,1.620553,0.0209
182,1.611483,0.0209
183,1.601652,0.0209
184,1.592045,0.0209
185,1.582483,0.0209
186,1.572768,0.0209
187,1.563327,0.0209
188,1.554210,0.0209
189,1.544988,0.0209
190,1.536176,0.0210
191,1.528775,0.0209
192,1.522300,0.0209
193,1.516415,0.0209
194,1.511422,0.0209
195,1.506832,0.0209
196,1.502327,0.0209
197,1.497791,0.0209
198,1.492626,0.0209
199,1.487600,0.0209
200,1.481819,0.0209
201,1.476780,0.0218
202,1.471787,0.0209
203,1.467155,0.0221
204,1.461746,0.0220
205,1.456765,0.0210
206,1.452216,0.0210
207,1.448464,0.0210
208,1.444489,0.0210
209,1.440512,0.0210
210,1.437324,0.0209
211,1.434015,0.0210
212,1.430504,0.0210
213,1.426842,0.0209
214,1.422920,0.0210
215,1.418732,0.0209
216,1.414889,0.0210
217,1.411564,0.0209
218,1.407804,0.0209
219,1.403950,0.0210
220,1.399551,0.0210
221,1.394550,0.0209
222,1.388901,0.0210
223,1.383209,0.0210
224,1.376980,0.0210
225,1.371409,0.0209
226,1.367868,0.0210
227,1.369646,0.0210
228,1.373525,0.0210
229,1.379574,0.0214
230,1.385781,0.0210
231,1.391301,0.0210
232,1.397691,0.0210
233,1.406284,0.0210
234,1.415352,0.0210
235,1.424012,0.0210
236,1.431282,0.0210
237,1.437890,0.0210
238,1.443127,0.0210
239,1.447922,0.0210
240,1.450100,0.0210
241,1.451619,0.0210
242,1.451576,0.0210
243,1.450417,0.0210
244,1.448669,0.0210
245,1.446081,0.0210
246,1.442498,0.0211
247,1.437477,0.0210
248,1.431816,0.0210
249,1.425920,0.0210
250,1.419778,0.0212
251,1.413525,0.0210
252,1.407110,0.0218
253,1.400653,0.0210
254,1.393844,0.0210
255,1.387540,0.0210
256,1.381203,0.0210
257,1.375877,0.0210
258,1.371500,0.0210
259,1.367182,0.0210
260,1.363367,0.0210
261,1.358966,0.0210
262,1.354452,0.0210
263,1.348876,0.0210
264,1.342661,0.0210
265,1.337278,0.0210
266,1.331451,0.0210
267,1.326420,0.0210
268,1.322424,0.0210
269,1.318228,0.0210
270,1.314517,0.0210
271,1.311067,0.0210
272,1.307167,0.0210
273,1.303784,0.0210
274,1.300435,0.0210
275,1.297521,0.0210
276,1.294384,0.0210
277,1.290398,0.0210
278,1.286082,0.0210
279,1.280855,0.0210
280,1.275578,0.0210
281,1.270038,0.0211
282,1.263673,0.0214
283,1.258402,0.0210
284,1.252380,0.0210
285,1.247568,0.0210
286,1.242139,0.0210
287,1.236993,0.0210
288,1.232582,0.0210
289,1.227746,0.0210
290,1.222943,0.0212
291,1.218112,0.0210
292,1.213670,0.0210
293,1.208931,0.0210
294,1.204201,0.0210
295,1.199851,0.0211
296,1.195775,0.0211
297,1.191390,0.0211
298,1.187606,0.0211
299,1.184334,0.0211
300,1.182040,0.0211
301,1.179577,0.0214
302,1.177118,0.0211
303,1.174064,0.0210
304,1.171381,0.0211
305,1.169738,0.0211
306,1.168015,0.0211
307,1.167012,0.0211
308,1.167161,0.0211
309,1.169198,0.0211
310,1.171252,0.0211
311,1.172832,0.0211
312,1.175357,0.0211
313,1.177565,0.0211
314,1.180755,0.0211
315,1.184587,0.0211
316,1.189811,0.0211
317,1.195062,0.0211
318,1.200260,0.0211
319,1.204511,0.0211
320,1.208016,0.0211
321,1.210699,0.0211
322,1.211962,0.0211
323,1.211867,0.0211
324,1.210901,0.0211
325,1.208595,0.0211
326,1.205338,0.0211
327,1.203286,0.0211
328,1.201535,0.0212
329,1.201231,0.0211
330,1.203351,0.0211
331,1.205764,0.0215
332,1.209746,0.0212
333,1.214354,0.0211
334,1.219455,0.0211
335,1.223644,0.0211
336,1.227221,0.0211
337,1.229974,0.0211
338,1.232575,0.0211
339,1.233209,0.0211
340,1.231645,0.0211
341,1.228634,0.0211
342,1.223908,0.0211
343,1.218784,0.0211
344,1.212875,0.0211
345,1.206361,0.0211
346,1.198778,0.0211
347,1.191603,0.0211
348,1.185159,0.0211
349,1.179644,0.0211
350,1.175418,0.0211
351,1.172372,0.0211
352,1.171072,0.0222
353,1.168561,0.0211
354,1.166220,0.0211
355,1.163471,0.0211
356,1.160316,0.0211
357,1.156114,0.0211
358,1.151370,0.0211
359,1.147205,0.0211
360,1.143217,0.0211
361,1.140485,0.0212
362,1.139897,0.0211
363,1.140494,0.0212
364,1.142357,0.0211
365,1.143791,0.0212
366,1.144858,0.0212
367,1.143967,0.0211
368,1.143096,0.0211
369,1.140617,0.0211
370,1.137758,0.0211
371,1.133158,0.0211
372,1.128557,0.0211
373,1.122785,0.0213
374,1.117700,0.0212
375,1.112509,0.0212
376,1.107398,0.0212
377,1.101484,0.0212
378,1.096617,0.0212
379,1.092499,0.0212
380,1.089149,0.0212
381,1.086284,0.0215
382,1.081722,0.0212
383,1.076375,0.0213
384,1.072618,0.0212
385,1.071382,0.0212
386,1.071545,0.0212
387,1.073695,0.0212
388,1.074956,0.0212
389,1.076138,0.0212
390,1.076187,0.0212
391,1.074244,0.0212
392,1.070759,0.0212
393,1.065933,0.0212
394,1.060869,0.0212
395,1.057207,0.0212
396,1.056839,0.0212
397,1.059329,0.0212
398,1.064526,0.0212
399,1.070355,0.0212
400,1.077572,0.0212
401,1.087161,0.0212
402,1.099808,0.0212
403,1.112889,0.0218
404,1.124176,0.0212
405,1.133997,0.0213
406,1.142360,0.0212
407,1.149709,0.0212
408,1.154748,0.0212
409,1.159771,0.0212
410,1.162984,0.0212
411,1.166949,0.0212
412,1.168708,0.0212
413,1.169320,0.0212
414,1.167537,0.0212
415,1.166240,0.0212
416,1.167311,0.0212
417,1.169098,0.0212
418,1.172063,0.0212
419,1.175172,0.0212
420,1.177158,0.0212
421,1.177034,0.0212
422,1.176256,0.0212
423,1.173119,0.0212
424,1.168066,0.0212
425,1.163039,0.0212
426,1.158280,0.0212
427,1.154957,0.0212
428,1.153193,0.0212
429,1.152172,0.0213
430,1.151934,0.0216
431,1.150760,0.0212
432,1.149781,0.0213
433,1.147843,0.0213
434,1.145359,0.0213
435,1.142160,0.0213
436,1.138197,0.0213
437,1.132813,0.0212
438,1.129019,0.0213
439,1.126795,0.0213
440,1.127385,0.0213
441,1.132065,0.0213
442,1.136953,0.0213
443,1.142524,0.0213
444,1.148464,0.0212
445,1.154996,0.0213
446,1.161259,0.0213
447,1.165453,0.0213
448,1.168448,0.0213
449,1.169484,0.0213
450,1.168608,0.0212
451,1.166620,0.0212
452,1.164019,0.0213
453,1.159700,0.0213
454,1.154756,0.0213
455,1.148690,0.0213
456,1.141714,0.0213
457,1.135974,0.0217
458,1.134424,0.0213
459,1.134599,0.0213
460,1.135406,0.0213
461,1.135898,0.0213
462,1.136818,0.0213
463,1.136975,0.0213
464,1.138301,0.0213
465,1.138347,0.0213
466,1.137789,0.0213
467,1.136271,0.0213
468,1.133989,0.0213
469,1.133866,0.0213
470,1.134252,0.0213
471,1.133550,0.0213
472,1.131468,0.0214
473,1.127854,0.0213
474,1.121032,0.0213
475,1.113275,0.0213
476,1.105388,0.0213
477,1.096334,0.0213
478,1.085825,0.0213
479,1.075134,0.0213
480,1.065481,0.0216
481,1.054959,0.0214
482,1.045866,0.0214
483,1.037278,0.0213
484,1.029356,0.0213
485,1.022102,0.0215
486,1.017815,0.0213
487,1.016903,0.0213
488,1.023356,0.0213
489,1.036769,0.0214
490,1.053305,0.0214
491,1.068849,0.0214
492,1.081109,0.0214
493,1.089754,0.0214
494,1.093152,0.0213
495,1.092483,0.0214
496,1.090804,0.0214
497,1.090106,0.0214
498,1.089953,0.0214
499,1.090059,0.0214
500,1.088305,0.0214
501,1.085635,0.0214
502,1.081801,0.0214
503,1.075650,0.0214
504,1.068028,0.0214
505,1.060506,0.0214
506,1.055897,0.0214
507,1.054095,0.0215
508,1.054322,0.0215
509,1.056110,0.0214
510,1.058831,0.0214
511,1.061140,0.0215
512,1.062216,0.0214
513,1.060195,0.0214
514,1.055789,0.0214
515,1.049078,0.0214
516,1.041999,0.0214
517,1.033429,0.0214
518,1.024764,0.0214
519,1.015955,0.0214
520,1.006906,0.0214
521,0.997664,0.0214
522,0.988170,0.0214
523,0.979606,0.0215
524,0.971411,0.0215
525,0.966880,0.0214
526,0.964552,0.0214
527,0.964214,0.0214
528,0.966449,0.0214
529,0.970358,0.0214
530,0.972916,0.0214
531,0.975835,0.0214
532,0.975644,0.0215
533,0.973359,0.0216
534,0.968530,0.0215
535,0.962597,0.0215
536,0.954633,0.0215
537,0.946887,0.0215
538,0.937513,0.0215
539,0.933067,0.0215
540,0.933883,0.0215
541,0.938077,0.0214
542,0.943825,0.0215
543,0.950002,0.0215
544,0.955508,0.0215
545,0.959246,0.0215
546,0.961524,0.0215
547,0.965618,0.0215
548,0.970692,0.0215
549,0.976761,0.0215
550,0.983514,0.0215
551,0.989346,0.0215
552,0.992111,0.0215
553,0.992640,0.0215
554,0.990228,0.0215
555,0.986087,0.0215
556,0.980378,0.0218
557,0.972648,0.0215
558,0.962343,0.0216
559,0.950220,0.0215
560,0.938410,0.0215
561,0.928759,0.0215
562,0.922391,0.0215
563,0.918540,0.0215
564,0.916298,0.0215
565,0.915061,0.0215
566,0.913931,0.0215
567,0.910730,0.0215
568,0.905287,0.0215
569,0.897661,0.0215
570,0.889798,0.0215
571,0.880363,0.0215
572,0.872884,0.0216
573,0.867174,0.0215
574,0.863255,0.0216
575,0.861216,0.0215
576,0.859455,0.0215
577,0.859088,0.0215
578,0.859911,0.0216
579,0.859099,0.0215
580,0.857222,0.0224
581,0.857464,0.0215
582,0.861556,0.0216
583,0.867574,0.0216
584,0.875013,0.0222
585,0.884833,0.0216
586,0.894357,0.0216
587,0.899865,0.0216
588,0.902859,0.0216
589,0.903083,0.0215
590,0.903842,0.0215
591,0.900405,0.0216
592,0.896018,0.0216
593,0.889777,0.0216
594,0.882228,0.0216
595,0.875140,0.0216
596,0.868740,0.0216
597,0.863000,0.0216
598,0.859280,0.0216
599,0.857981,0.0216
600,0.854524,0.0216
601,0.849371,0.0216
602,0.847676,0.0216
603,0.848406,0.0215
604,0.852621,0.0216
605,0.857745,0.0216
606,0.859635,0.0216
607,0.859467,0.0216
608,0.857938,0.0216
609,0.856562,0.0219
610,0.857550,0.0216
611,0.858761,0.0217
612,0.861413,0.0216
613,0.863472,0.0216
614,0.865438,0.0216
615,0.863502,0.0216
616,0.861433,0.0217
617,0.859367,0.0216
618,0.855244,0.0216
619,0.851265,0.0217
620,0.848073,0.0221
621,0.847153,0.0217
622,0.845020,0.0216
623,0.844754,0.0216
624,0.846149,0.0216
625,0.850663,0.0216
626,0.861351,0.0216
627,0.877139,0.0216
628,0.895248,0.0216
629,0.911707,0.0217
630,0.924795,0.0216
631,0.934096,0.0216
632,0.941210,0.0217
633,0.943872,0.0219
634,0.943975,0.0217
635,0.940605,0.0217
636,0.935694,0.0217
637,0.929294,0.0221
638,0.920448,0.0217
639,0.911917,0.0217
640,0.902568,0.0216
641,0.894548,0.0216
642,0.885574,0.0216
643,0.874949,0.0216
644,0.863965,0.0216
645,0.854935,0.0216
646,0.847261,0.0217
647,0.840120,0.0217
648,0.830005,0.0217
649,0.821418,0.0217
650,0.815552,0.0217
651,0.815041,0.0217
652,0.816514,0.0217
653,0.819884,0.0218
654,0.821183,0.0217
655,0.822542,0.0217
656,0.824814,0.0217
657,0.822530,0.0225
658,0.821163,0.0217
659,0.820493,0.0217
660,0.819047,0.0220
661,0.814091,0.0217
662,0.810249,0.0218
663,0.800473,0.0217
664,0.801232,0.0217
665,0.801365,0.0217
666,0.794536,0.0217
667,0.786425,0.0218
668,0.775465,0.0218
669,0.768665,0.0217
670,0.767250,0.0217
671,0.765542,0.0217
672,0.761269,0.0217
673,0.756596,0.0217
674,0.751415,0.0217
675,0.747317,0.0217
676,0.744279,0.0217
677,0.739911,0.0218
678,0.734007,0.0218
679,0.729094,0.0218
680,0.726905,0.0219
681,0.729744,0.0221
682,0.740772,0.0218
683,0.747204,0.0218
684,0.751617,0.0218
685,0.759125,0.0219
686,0.768083,0.0218
687,0.778673,0.0218
688,0.785331,0.0218
689,0.788033,0.0217
690,0.794857,0.0218
691,0.799374,0.0218
692,0.804695,0.0218
693,0.810857,0.0218
694,0.814350,0.0218
695,0.813284,0.0218
696,0.810236,0.0218
697,0.808512,0.0218
698,0.810568,0.0218
699,0.811739,0.0218
700,0.811889,0.0218
701,0.805526,0.0219
702,0.799033,0.0218
703,0.792122,0.0218
704,0.785100,0.0218
705,0.778871,0.0218
706,0.774368,0.0221
707,0.775508,0.0219
708,0.775638,0.0218
709,0.775886,0.0218
710,0.776607,0.0221
711,0.773133,0.0218
712,0.766707,0.0218
713,0.757731,0.0218
714,0.755709,0.0219
715,0.746140,0.0218
716,0.737285,0.0218
717,0.730450,0.0218
718,0.723819,0.0218
719,0.714383,0.0218
720,0.709839,0.0219
721,0.711482,0.0218
722,0.702806,0.0218
723,0.695255,0.0219
724,0.693772,0.0219
725,0.689909,0.0218
726,0.684728,0.0218
727,0.685929,0.0218
728,0.690396,0.0219
729,0.694738,0.0218
730,0.699333,0.0219
731,0.700588,0.0219
732,0.700074,0.0218
733,0.699069,0.0223
734,0.698092,0.0219
735,0.688248,0.0218
736,0.677188,0.0219
737,0.670732,0.0219
738,0.666609,0.0219
739,0.661219,0.0219
740,0.658092,0.0219
741,0.655081,0.0219
742,0.654640,0.0219
743,0.658229,0.0219
744,0.662675,0.0219
745,0.665349,0.0219
746,0.661995,0.0218
747,0.669607,0.0219
748,0.677357,0.0218
749,0.669551,0.0219
750,0.655757,0.0219
751,0.650198,0.0219
752,0.647353,0.0218
753,0.645032,0.0219
754,0.647577,0.0219
755,0.657227,0.0218
756,0.663756,0.0227
757,0.680556,0.0218
758,0.691858,0.0219
759,0.700297,0.0222
760,0.713030,0.0218
761,0.720569,0.0219
762,0.726264,0.0219
763,0.733568,0.0218
764,0.744133,0.0219
765,0.752297,0.0218
766,0.756797,0.0218
767,0.762464,0.0219
768,0.773804,0.0219
769,0.780699,0.0219
770,0.782275,0.0219
771,0.784312,0.0219
772,0.785510,0.0219
773,0.788208,0.0219
774,0.795432,0.0219
775,0.805168,0.0219
776,0.814661,0.0219
777,0.815482,0.0218
778,0.810171,0.0219
779,0.800169,0.0219
780,0.791888,0.0219
781,0.788623,0.0232
782,0.783006,0.0220
783,0.779884,0.0219
784,0.778759,0.0220
785,0.777560,0.0219
786,0.779721,0.0219
787,0.781469,0.0219
788,0.782539,0.0219
789,0.800086,0.0219
790,0.842381,0.0219
791,0.894256,0.0219
792,0.947981,0.0219
793,0.999883,0.0220
794,1.045807,0.0219
795,1.083963,0.0219
796,1.112614,0.0219
797,1.133195,0.0219
798,1.146991,0.0219
799,1.157142,0.0219
800,1.163311,0.0219
801,1.163448,0.0219
802,1.157544,0.0219
803,1.145886,0.0230
804,1.129970,0.0219
805,1.111277,0.0219
806,1.089900,0.0220
807,1.067533,0.0220
808,1.043041,0.0220
809,1.018924,0.0219
810,0.996874,0.0220
811,0.976103,0.0219
812,0.957821,0.0219
813,0.937981,0.0219
814,0.917408,0.0219
815,0.900185,0.0219
816,0.885392,0.0219
817,0.884432,0.0220
818,0.890460,0.0221
819,0.897246,0.0219
820,0.905211,0.0219
821,0.916396,0.0219
822,0.933130,0.0219
823,0.953662,0.0220
824,0.974543,0.0219
825,0.996712,0.0220
826,1.020804,0.0219
827,1.044307,0.0219
828,1.069533,0.0228
829,1.098009,0.0220
830,1.122182,0.0220
831,1.139959,0.0220
832,1.151046,0.0219
833,1.161419,0.0219
834,1.176066,0.0223
835,1.193202,0.0220
836,1.209013,0.0220
837,1.219856,0.0219
838,1.225035,0.0220
839,1.229877,0.0220
840,1.238732,0.0220
841,1.252803,0.0219
842,1.272027,0.0219
843,1.292768,0.0220
844,1.312749,0.0220
845,1.330700,0.0220
846,1.344846,0.0219
847,1.353963,0.0219
848,1.358773,0.0221
849,1.361878,0.0220
850,1.363853,0.0220
851,1.363417,0.0220
852,1.360455,0.0220
853,1.356239,0.0221
854,1.351840,0.0220
855,1.345766,0.0219
856,1.338744,0.0222
857,1.329806,0.0220
858,1.320831,0.0220
859,1.312025,0.0219
860,1.303904,0.0220
861,1.297408,0.0220
862,1.295159,0.0220
863,1.295933,0.0222
864,1.297507,0.0220
865,1.300361,0.0220
866,1.300880,0.0220
867,1.301898,0.0220
868,1.301152,0.0221
869,1.296645,0.0221
870,1.295418,0.0219
871,1.298032,0.0220
872,1.297523,0.0220
873,1.289731,0.0220
874,1.278394,0.0220
875,1.267257,0.0220
876,1.256153,0.0220
877,1.243839,0.0220
878,1.226882,0.0220
879,1.207895,0.0220
880,1.191107,0.0220
881,1.178777,0.0221
882,1.168502,0.0221
883,1.158526,0.0221
884,1.144393,0.0221
885,1.126748,0.0221
886,1.108576,0.0220
887,1.093305,0.0221
888,1.079280,0.0220
889,1.067364,0.0221
890,1.056163,0.0221
891,1.041693,0.0220
892,1.026863,0.0220
893,1.013944,0.0220
894,1.001318,0.0221
895,0.988687,0.0221
896,0.977776,0.0220
897,0.967626,0.0221
898,0.955961,0.0221
899,0.944997,0.0221
900,0.934413,0.0221
901,0.923253,0.0222
902,0.911896,0.0221
903,0.900748,0.0224
904,0.891753,0.0221
905,0.882094,0.0221
906,0.872519,0.0228
907,0.862905,0.0220
908,0.854197,0.0221
909,0.846702,0.0221
910,0.838679,0.0221
911,0.830709,0.0220
912,0.823021,0.0221
913,0.832934,0.0220
914,0.863744,0.0221
915,0.899866,0.0221
916,0.933288,0.0221
917,0.961505,0.0220
918,0.984702,0.0221
919,1.005607,0.0221
920,1.023267,0.0221
921,1.035466,0.0221
922,1.043636,0.0221
923,1.047850,0.0221
924,1.051845,0.0221
925,1.057847,0.0221
926,1.065204,0.0222
927,1.071970,0.0221
928,1.077397,0.0224
929,1.083155,0.0222
930,1.087962,0.0221
931,1.088695,0.0224
932,1.089861,0.0222
933,1.087476,0.0221
934,1.078122,0.0221
935,1.068771,0.0221
936,1.059534,0.0222
937,1.046254,0.0221
938,1.033665,0.0221
939,1.022267,0.0222
940,1.005604,0.0221
941,0.991998,0.0221
942,0.975937,0.0222
943,0.954804,0.0222
944,0.937403,0.0221
945,0.922224,0.0222
946,0.903504,0.0222
947,0.891105,0.0221
948,0.881374,0.0222
949,0.870313,0.0221
950,0.856522,0.0221
951,0.847133,0.0225
952,0.842741,0.0222
953,0.837520,0.0222
954,0.828238,0.0222
955,0.818429,0.0222
956,0.805882,0.0221
957,0.794658,0.0221
958,0.786276,0.0222
959,0.780564,0.0221
960,0.775638,0.0222
961,0.770896,0.0222
962,0.767029,0.0222
963,0.764020,0.0222
964,0.761327,0.0222
965,0.758937,0.0221
966,0.756249,0.0221
967,0.753415,0.0223
968,0.749568,0.0222
969,0.744720,0.0222
970,0.738815,0.0223
971,0.731983,0.0223
972,0.726329,0.0222
973,0.722657,0.0222
974,0.721203,0.0222
975,0.720775,0.0221
976,0.721848,0.0223
977,0.722779,0.0223
978,0.723919,0.0222
979,0.725052,0.0222
980,0.725203,0.0221
981,0.725397,0.0222
982,0.725512,0.0222
983,0.724850,0.0222
984,0.722876,0.0222
985,0.719986,0.0221
986,0.716662,0.0221
987,0.713376,0.0222
988,0.711190,0.0222
989,0.709166,0.0221
990,0.707741,0.0222
991,0.705672,0.0238
992,0.703373,0.0227
993,0.700822,0.0223
994,0.697990,0.0225
995,0.694234,0.0228
996,0.689821,0.0229
997,0.686368,0.0224
998,0.683053,0.0225
999,0.679563,0.0225
1000,0.675590,0.0224
1001,0.672806,0.0223
1002,0.669838,0.0223
1003,0.667981,0.0224
1004,0.667510,0.0224
1005,0.668040,0.0224
1006,0.668267,0.0224
1007,0.668653,0.0224
1008,0.669680,0.0224
1009,0.673057,0.0228
1010,0.677630,0.0224
1011,0.679362,0.0223
1012,0.677968,0.0224
1013,0.675146,0.0223
1014,0.673971,0.0224
1015,0.675806,0.0224
1016,0.679247,0.0223
1017,0.681771,0.0224
1018,0.682193,0.0224
1019,0.681189,0.0224
1020,0.679180,0.0224
1021,0.676282,0.0224
1022,0.672970,0.0225
1023,0.670372,0.0230
1024,0.667141,0.0224
1025,0.663763,0.0224
1026,0.659254,0.0224
1027,0.654941,0.0224
1028,0.651300,0.0224
1029,0.648102,0.0224
1030,0.645022,0.0227
1031,0.641860,0.0224
1032,0.638317,0.0224
1033,0.635159,0.0225
1034,0.632374,0.0224
1035,0.630491,0.0224
1036,0.628878,0.0224
1037,0.629753,0.0231
1038,0.629049,0.0223
1039,0.626190,0.0225
1040,0.622564,0.0224
1041,0.621086,0.0224
1042,0.619909,0.0225
1043,0.616835,0.0224
1044,0.614373,0.0224
1045,0.612872,0.0224
1046,0.612807,0.0234
1047,0.612539,0.0224
1048,0.612875,0.0224
1049,0.614411,0.0224
1050,0.615848,0.0228
1051,0.616732,0.0225
1052,0.615942,0.0224
1053,0.614375,0.0225
1054,0.613138,0.0225
1055,0.611912,0.0224
1056,0.610093,0.0223
1057,0.607601,0.0228
1058,0.605272,0.0224
1059,0.603750,0.0224
1060,0.603002,0.0224
1061,0.602622,0.0226
1062,0.601283,0.0224
1063,0.599226,0.0224
1064,0.597726,0.0224
1065,0.595451,0.0225
1066,0.592757,0.0227
1067,0.590064,0.0224
1068,0.588463,0.0225
1069,0.587010,0.0225
1070,0.585684,0.0236
1071,0.585741,0.0225
1072,0.590312,0.0224
1073,0.600442,0.0223
1074,0.615623,0.0225
1075,0.632701,0.0224
1076,0.650345,0.0225
1077,0.667196,0.0224
1078,0.683347,0.0225
1079,0.698020,0.0225
1080,0.710464,0.0226
1081,0.721409,0.0228
1082,0.730779,0.0224
1083,0.738047,0.0224
1084,0.743166,0.0225
1085,0.746081,0.0225
1086,0.748007,0.0225
1087,0.747765,0.0224
1088,0.745843,0.0224
1089,0.743773,0.0224
1090,0.740513,0.0226
1091,0.736734,0.0225
1092,0.732148,0.0225
1093,0.726159,0.0225
1094,0.720442,0.0235
1095,0.714050,0.0226
1096,0.706866,0.0224
1097,0.700884,0.0225
1098,0.698236,0.0225
1099,0.698985,0.0225
1100,0.701609,0.0224
1101,0.705184,0.0224
1102,0.709075,0.0224
1103,0.713020,0.0225
1104,0.717242,0.0225
1105,0.721130,0.0225
1106,0.723929,0.0226
1107,0.725168,0.0225
1108,0.725435,0.0224
1109,0.724957,0.0224
1110,0.725046,0.0225
1111,0.724374,0.0225
1112,0.723405,0.0225
1113,0.721493,0.0224
1114,0.720868,0.0225
1115,0.719756,0.0224
1116,0.719107,0.0225
1117,0.717944,0.0226
1118,0.716823,0.0231
1119,0.716745,0.0225
1120,0.715846,0.0225
1121,0.713719,0.0225
1122,0.710736,0.0225
1123,0.705658,0.0226
1124,0.701051,0.0225
1125,0.697475,0.0225
1126,0.697038,0.0225
1127,0.696877,0.0225
1128,0.694206,0.0229
1129,0.690292,0.0225
1130,0.686041,0.0225
1131,0.681854,0.0226
1132,0.678686,0.0224
1133,0.673844,0.0225
1134,0.668546,0.0226
1135,0.663991,0.0225
1136,0.659641,0.0225
1137,0.654842,0.0226
1138,0.651024,0.0225
1139,0.647550,0.0229
1140,0.644854,0.0225
1141,0.641837,0.0225
1142,0.639024,0.0234
1143,0.635736,0.0226
1144,0.632227,0.0225
1145,0.628258,0.0225
1146,0.624721,0.0226
1147,0.623998,0.0229
1148,0.626637,0.0225
1149,0.629677,0.0225
1150,0.633369,0.0226
1151,0.637868,0.0225
1152,0.640435,0.0225
1153,0.639871,0.0225
1154,0.639002,0.0225
1155,0.637902,0.0233
1156,0.637343,0.0226
1157,0.636171,0.0225
1158,0.633784,0.0225
1159,0.630616,0.0225
1160,0.627709,0.0225
1161,0.626022,0.0225
1162,0.624302,0.0226
1163,0.625691,0.0227
1164,0.626782,0.0227
1165,0.624688,0.0226
1166,0.622922,0.0225
1167,0.622428,0.0227
1168,0.620522,0.0226
1169,0.616670,0.0226
1170,0.613153,0.0226
1171,0.609609,0.0225
1172,0.611710,0.0225
1173,0.619059,0.0225
1174,0.623152,0.0225
1175,0.619666,0.0229
1176,0.615039,0.0225
1177,0.613485,0.0232
1178,0.610189,0.0225
1179,0.603479,0.0225
1180,0.596039,0.0226
1181,0.589187,0.0226
1182,0.582742,0.0225
1183,0.576691,0.0226
1184,0.570828,0.0225
1185,0.566146,0.0237
1186,0.561999,0.0229
1187,0.557885,0.0226
1188,0.555374,0.0226
1189,0.551524,0.0229
1190,0.550468,0.0225
1191,0.550243,0.0225
1192,0.552487,0.0226
1193,0.552102,0.0225
1194,0.545381,0.0225
1195,0.537505,0.0225
1196,0.530897,0.0227
1197,0.527956,0.0226
1198,0.526367,0.0226
1199,0.525771,0.0225
1200,0.525557,0.0225
1201,0.524320,0.0226
1202,0.522479,0.0225
1203,0.519575,0.0225
1204,0.515994,0.0225
1205,0.511728,0.0225
1206,0.510043,0.0225
1207,0.508128,0.0225
1208,0.505420,0.0225
1209,0.503650,0.0226
1210,0.502254,0.0226
1211,0.504101,0.0228
1212,0.504715,0.0228
1213,0.507965,0.0225
1214,0.509267,0.0226
1215,0.512675,0.0229
1216,0.517444,0.0226
1217,0.521721,0.0226
1218,0.524077,0.0225
1219,0.524067,0.0226
1220,0.522863,0.0225
1221,0.520754,0.0225
1222,0.518822,0.0225
1223,0.516636,0.0225
1224,0.514204,0.0226
1225,0.513514,0.0225
1226,0.513188,0.0225
1227,0.512891,0.0225
1228,0.511190,0.0226
1229,0.510342,0.0226
1230,0.509207,0.0225
1231,0.510659,0.0225
1232,0.525763,0.0226
1233,0.552823,0.0226
1234,0.570244,0.0226
1235,0.572417,0.0225
1236,0.563861,0.0226
1237,0.551837,0.0225
1238,0.541255,0.0225
1239,0.534249,0.0227
1240,0.531692,0.0225
1241,0.532738,0.0225
1242,0.536629,0.0225
1243,0.540854,0.0225
1244,0.543438,0.0226
1245,0.545358,0.0227
1246,0.542261,0.0226
1247,0.533919,0.0225
1248,0.524328,0.0225
1249,0.515806,0.0225
1250,0.510682,0.0226
1251,0.508175,0.0226
1252,0.505672,0.0225
1253,0.502476,0.0226
1254,0.499906,0.0225
1255,0.497698,0.0226
1256,0.495517,0.0226
1257,0.494372,0.0231
1258,0.493768,0.0226
1259,0.495534,0.0225
1260,0.497844,0.0226
1261,0.499553,0.0233
1262,0.500585,0.0230
1263,0.503198,0.0226
1264,0.505283,0.0226
1265,0.505986,0.0225
1266,0.506289,0.0226
1267,0.509054,0.0226
1268,0.512181,0.0226
1269,0.512036,0.0226
1270,0.509896,0.0226
1271,0.512189,0.0226
1272,0.514700,0.0226
1273,0.514641,0.0226
1274,0.513755,0.0226
1275,0.513506,0.0227
1276,0.513809,0.0226
1277,0.514797,0.0226
1278,0.514248,0.0231
1279,0.511376,0.0227
1280,0.505939,0.0229
1281,0.502036,0.0226
1282,0.498011,0.0226
1283,0.492997,0.0234
1284,0.487026,0.0226
1285,0.479993,0.0226
1286,0.474158,0.0227
1287,0.472821,0.0226
1288,0.463261,0.0226
1289,0.463106,0.0226
1290,0.457092,0.0225
1291,0.454302,0.0227
1292,0.452405,0.0226
1293,0.448227,0.0227
1294,0.447509,0.0227
1295,0.446558,0.0226
1296,0.444385,0.0226
1297,0.447062,0.0234
1298,0.448530,0.0225
1299,0.451314,0.0226
1300,0.457953,0.0226
1301,0.465215,0.0227
1302,0.471452,0.0226
1303,0.478127,0.0234
1304,0.488070,0.0226
1305,0.498903,0.0226
1306,0.502233,0.0226
1307,0.501241,0.0227
1308,0.502220,0.0226
1309,0.504078,0.0235
1310,0.504709,0.0226
1311,0.505499,0.0227
1312,0.505597,0.0227
1313,0.508454,0.0226
1314,0.510051,0.0234
1315,0.512869,0.0226
1316,0.518688,0.0226
1317,0.517808,0.0226
1318,0.514439,0.0226
1319,0.514365,0.0226
1320,0.510963,0.0233
1321,0.530832,0.0226
1322,0.530046,0.0226
1323,0.513545,0.0227
1324,0.505890,0.0226
1325,0.506050,0.0231
1326,0.507502,0.0226
1327,0.506837,0.0227
1328,0.502418,0.0231
1329,0.503886,0.0226
1330,0.508921,0.0226
1331,0.504506,0.0227
1332,0.495133,0.0228
1333,0.491201,0.0226
1334,0.490077,0.0227
1335,0.484951,0.0231
1336,0.479205,0.0226
1337,0.476740,0.0226
1338,0.476824,0.0226
1339,0.476801,0.0227
1340,0.475199,0.0226
1341,0.473017,0.0226
1342,0.474769,0.0227
1343,0.475334,0.0227
1344,0.472909,0.0231
1345,0.469659,0.0226
1346,0.465659,0.0227
1347,0.461987,0.0226
1348,0.461567,0.0226
1349,0.460624,0.0230
1350,0.459876,0.0230
1351,0.458369,0.0226
1352,0.456200,0.0227
1353,0.453427,0.0226
1354,0.448295,0.0235
1355,0.443928,0.0226
1356,0.440368,0.0227
1357,0.438309,0.0233
1358,0.432865,0.0231
1359,0.429512,0.0226
1360,0.427110,0.0226
1361,0.426370,0.0227
1362,0.426956,0.0227
1363,0.429691,0.0226
1364,0.431901,0.0227
1365,0.437585,0.0226
1366,0.440896,0.0226
1367,0.443408,0.0227
1368,0.447422,0.0226
1369,0.450318,0.0226
1370,0.453262,0.0226
1371,0.458223,0.0227
1372,0.460763,0.0225
1373,0.464265,0.0226
1374,0.464236,0.0226
1375,0.462384,0.0226
1376,0.458057,0.0235
1377,0.457232,0.0227
1378,0.454985,0.0226
1379,0.451210,0.0225
1380,0.448963,0.0233
1381,0.447374,0.0226
1382,0.441327,0.0226
1383,0.435893,0.0227
1384,0.428254,0.0226
1385,0.423436,0.0226
1386,0.423957,0.0226
1387,0.418684,0.0227
1388,0.418804,0.0226
1389,0.417744,0.0226
1390,0.411983,0.0227
1391,0.410663,0.0225
1392,0.416337,0.0227
1393,0.408848,0.0226
1394,0.414197,0.0227
1395,0.409767,0.0226
1396,0.411999,0.0227
1397,0.407305,0.0227
1398,0.402931,0.0226
1399,0.399171,0.0226
1400,0.395786,0.0226
1401,0.393573,0.0227
1402,0.392770,0.0230
1403,0.394528,0.0226
1404,0.393192,0.0227
1405,0.393617,0.0226
1406,0.393682,0.0235
1407,0.391090,0.0226
1408,0.389583,0.0226
1409,0.388983,0.0226
1410,0.387991,0.0226
1411,0.398541,0.0227
1412,0.393803,0.0226
1413,0.389841,0.0227
1414,0.391063,0.0226
1415,0.385014,0.0226
1416,0.382986,0.0226
1417,0.395398,0.0226
1418,0.394377,0.0227
1419,0.393511,0.0228
1420,0.398219,0.0226
1421,0.402206,0.0227
1422,0.405533,0.0227
1423,0.428193,0.0227
1424,0.467236,0.0228
1425,0.506181,0.0226
1426,0.539900,0.0226
1427,0.567561,0.0226
1428,0.587406,0.0235
1429,0.600853,0.0226
1430,0.608093,0.0226
1431,0.609899,0.0226
1432,0.605906,0.0226
1433,0.596918,0.0226
1434,0.586530,0.0226
1435,0.569564,0.0227
1436,0.550586,0.0227
1437,0.532982,0.0227
1438,0.516533,0.0226
1439,0.505467,0.0226
1440,0.501338,0.0226
1441,0.498993,0.0226
1442,0.499588,0.0226
1443,0.498917,0.0227
1444,0.497717,0.0257
1445,0.495924,0.0226
1446,0.493194,0.0226
1447,0.491564,0.0233
1448,0.487880,0.0229
1449,0.479473,0.0226
1450,0.471864,0.0229
1451,0.474038,0.0226
1452,0.479521,0.0226
1453,0.478526,0.0227
1454,0.472394,0.0227
1455,0.463520,0.0226
1456,0.452377,0.0226
1457,0.442306,0.0227
1458,0.437361,0.0226
1459,0.432792,0.0228
1460,0.427016,0.0227
1461,0.418539,0.0226
1462,0.411792,0.0226
1463,0.406487,0.0226
1464,0.402099,0.0226
1465,0.396039,0.0226
1466,0.391374,0.0226
1467,0.384633,0.0226
1468,0.378308,0.0227
1469,0.372487,0.0227
1470,0.368717,0.0227
1471,0.367712,0.0225
1472,0.372303,0.0226
1473,0.375230,0.0236
1474,0.373464,0.0226
1475,0.369789,0.0226
1476,0.373579,0.0227
1477,0.364598,0.0227
1478,0.364015,0.0226
1479,0.364173,0.0227
1480,0.363320,0.0226
1481,0.370215,0.0227
1482,0.382331,0.0225
1483,0.388025,0.0226
1484,0.396908,0.0227
1485,0.403729,0.0227
1486,0.408573,0.0227
1487,0.409051,0.0226
1488,0.406856,0.0226
1489,0.407209,0.0226
1490,0.403441,0.0225
1491,0.399037,0.0227
1492,0.396338,0.0227
1493,0.393656,0.0228
1494,0.389855,0.0228
1495,0.386079,0.0235
1496,0.383153,0.0227
1497,0.383801,0.0227
1498,0.387097,0.0226
1499,0.391359,0.0235
1500,0.397484,0.0227
1501,0.405124,0.0231
1502,0.419919,0.0226
1503,0.436545,0.0227
1504,0.439481,0.0227
1505,0.428467,0.0229
1506,0.416388,0.0227
1507,0.407994,0.0226
1508,0.404601,0.0225
1509,0.402162,0.0226
1510,0.396234,0.0226
1511,0.393301,0.0226
1512,0.387040,0.0226
1513,0.385203,0.0226
1514,0.390065,0.0227
1515,0.393885,0.0226
1516,0.396047,0.0226
1517,0.402587,0.0226
1518,0.415996,0.0227
1519,0.433382,0.0230
1520,0.446424,0.0234
1521,0.450176,0.0227
1522,0.444880,0.0235
1523,0.437733,0.0227
1524,0.430371,0.0225
1525,0.424038,0.0226
1526,0.420473,0.0226
1527,0.417965,0.0226
1528,0.416817,0.0227
1529,0.413546,0.0227
1530,0.410063,0.0227
1531,0.405328,0.0227
1532,0.399534,0.0226
1533,0.394614,0.0226
1534,0.397962,0.0226
1535,0.409006,0.0227
1536,0.424218,0.0228
1537,0.440646,0.0227
1538,0.455037,0.0227
1539,0.468820,0.0225
1540,0.479433,0.0226
1541,0.486919,0.0226
1542,0.493886,0.0226
1543,0.495937,0.0227
1544,0.496800,0.0227
1545,0.500077,0.0229
1546,0.494363,0.0226
1547,0.483146,0.0226
1548,0.474345,0.0227
1549,0.464501,0.0227
1550,0.457773,0.0227
1551,0.450122,0.0226
1552,0.437811,0.0226
1553,0.424626,0.0227
1554,0.416074,0.0227
1555,0.409575,0.0228
1556,0.403378,0.0227
1557,0.396981,0.0227
1558,0.389392,0.0226
1559,0.383684,0.0225
1560,0.379594,0.0226
1561,0.377769,0.0226
1562,0.378812,0.0226
1563,0.382267,0.0227
1564,0.387618,0.0227
1565,0.399883,0.0227
1566,0.402780,0.0227
1567,0.405907,0.0226
1568,0.404513,0.0226
1569,0.404799,0.0226
1570,0.407460,0.0226
1571,0.414177,0.0226
1572,0.417016,0.0227
1573,0.417277,0.0226
1574,0.414990,0.0226
1575,0.408255,0.0226
1576,0.399693,0.0227
1577,0.390113,0.0226
1578,0.378532,0.0226
1579,0.367696,0.0227
1580,0.357555,0.0227
1581,0.350343,0.0226
1582,0.343363,0.0225
1583,0.338225,0.0226
1584,0.338199,0.0226
1585,0.335002,0.0227
1586,0.334964,0.0230
1587,0.331812,0.0226
1588,0.330804,0.0226
1589,0.325416,0.0227
1590,0.322926,0.0226
1591,0.319117,0.0235
1592,0.319570,0.0235
1593,0.316744,0.0229
1594,0.309506,0.0226
1595,0.329713,0.0233
1596,0.356244,0.0226
1597,0.365843,0.0229
1598,0.387160,0.0226
1599,0.403335,0.0226
1600,0.405634,0.0226
1601,0.412992,0.0226
1602,0.419828,0.0227
1603,0.417916,0.0225
1604,0.414480,0.0227
1605,0.413787,0.0226
1606,0.407882,0.0226
1607,0.399465,0.0226
1608,0.394699,0.0227
1609,0.388355,0.0226
1610,0.380919,0.0226
1611,0.376866,0.0227
1612,0.374901,0.0226
1613,0.370528,0.0229
1614,0.364828,0.0226
1615,0.357726,0.0229
1616,0.350504,0.0226
1617,0.340563,0.0226
1618,0.333075,0.0229
1619,0.329479,0.0230
1620,0.328909,0.0226
1621,0.331992,0.0230
1622,0.336645,0.0226
1623,0.339732,0.0227
1624,0.341506,0.0226
1625,0.341022,0.0227
1626,0.338266,0.0226
1627,0.333997,0.0227
1628,0.328966,0.0227
1629,0.321847,0.0226
1630,0.314703,0.0226
1631,0.308643,0.0227
1632,0.317392,0.0226
1633,0.328429,0.0227
1634,0.331629,0.0228
1635,0.337333,0.0226
1636,0.332750,0.0228
1637,0.333185,0.0226
1638,0.332736,0.0227
1639,0.331859,0.0232
1640,0.333223,0.0226
1641,0.332812,0.0227
1642,0.336387,0.0235
1643,0.341371,0.0226
1644,0.348504,0.0226
1645,0.355552,0.0226
1646,0.363123,0.0226
1647,0.368733,0.0226
1648,0.373702,0.0233
1649,0.383059,0.0226
1650,0.385376,0.0226
1651,0.390413,0.0228
1652,0.394486,0.0227
1653,0.398052,0.0226
1654,0.400935,0.0226
1655,0.400866,0.0226
1656,0.401311,0.0226
1657,0.399209,0.0226
1658,0.398635,0.0228
1659,0.396490,0.0227
1660,0.402074,0.0226
1661,0.412760,0.0226
1662,0.413032,0.0226
1663,0.400668,0.0227
1664,0.384770,0.0226
1665,0.368551,0.0231
1666,0.358412,0.0230
1667,0.350831,0.0230
1668,0.341978,0.0226
1669,0.332236,0.0226
1670,0.323357,0.0227
1671,0.317114,0.0226
1672,0.319367,0.0226
1673,0.327330,0.0226
1674,0.336837,0.0226
1675,0.344314,0.0226
1676,0.349522,0.0226
1677,0.352500,0.0226
1678,0.353330,0.0226
1679,0.354849,0.0227
1680,0.357135,0.0226
1681,0.357378,0.0226
1682,0.358245,0.0226
1683,0.357031,0.0227
1684,0.351923,0.0226
1685,0.347371,0.0232
1686,0.346833,0.0227
1687,0.349402,0.0226
1688,0.345299,0.0230
1689,0.341658,0.0226
1690,0.337106,0.0226
1691,0.330060,0.0226
1692,0.324148,0.0226
1693,0.318628,0.0226
1694,0.313499,0.0226
1695,0.308507,0.0226
1696,0.316802,0.0226
1697,0.310360,0.0226
1698,0.298532,0.0226
1699,0.298076,0.0226
1700,0.298641,0.0231
1701,0.292389,0.0226
1702,0.290311,0.0226
1703,0.292603,0.0226
1704,0.291682,0.0227
1705,0.289455,0.0227
1706,0.289687,0.0227
1707,0.292355,0.0228
1708,0.289515,0.0227
1709,0.285408,0.0226
1710,0.283419,0.0229
1711,0.281506,0.0226
1712,0.273236,0.0227
1713,0.266118,0.0228
1714,0.263335,0.0227
1715,0.259622,0.0226
1716,0.254550,0.0227
1717,0.253503,0.0227
1718,0.251909,0.0227
1719,0.251009,0.0227
1720,0.249227,0.0226
1721,0.248575,0.0226
1722,0.250099,0.0227
1723,0.255171,0.0226
1724,0.257739,0.0227
1725,0.257958,0.0226
1726,0.257469,0.0227
1727,0.253865,0.0228
1728,0.249413,0.0226
1729,0.247151,0.0227
1730,0.244549,0.0227
1731,0.260047,0.0228
1732,0.251856,0.0226
1733,0.242160,0.0226
1734,0.243533,0.0226
1735,0.241818,0.0238
1736,0.242241,0.0226
1737,0.242080,0.0226
1738,0.245088,0.0226
1739,0.251054,0.0227
1740,0.254652,0.0227
1741,0.253905,0.0226
1742,0.255492,0.0227
1743,0.288766,0.0227
1744,0.320510,0.0227
1745,0.319459,0.0227
1746,0.322752,0.0227
1747,0.332717,0.0227
1748,0.346916,0.0226
1749,0.355008,0.0227
1750,0.366164,0.0230
1751,0.381551,0.0226
1752,0.393362,0.0226
1753,0.402461,0.0227
1754,0.413161,0.0227
1755,0.431214,0.0227
1756,0.445927,0.0226
1757,0.448847,0.0226
1758,0.446511,0.0226
1759,0.442355,0.0227
1760,0.440335,0.0226
1761,0.441812,0.0226
1762,0.444747,0.0227
1763,0.448152,0.0226
1764,0.452266,0.0226
1765,0.452482,0.0226
1766,0.448488,0.0226
1767,0.448948,0.0227
1768,0.448289,0.0226
1769,0.448088,0.0226
1770,0.460243,0.0226
1771,0.479166,0.0226
1772,0.497721,0.0227
1773,0.518446,0.0226
1774,0.537875,0.0226
1775,0.550169,0.0226
1776,0.557280,0.0226
1777,0.560852,0.0238
1778,0.561593,0.0226
1779,0.558721,0.0226
1780,0.553171,0.0226
1781,0.546141,0.0227
1782,0.537100,0.0227
1783,0.524617,0.0234
1784,0.511506,0.0226
1785,0.499095,0.0228
1786,0.485360,0.0227
1787,0.471575,0.0227
1788,0.461359,0.0226
1789,0.451635,0.0227
1790,0.442552,0.0227
1791,0.436375,0.0226
1792,0.431746,0.0227
1793,0.426610,0.0226
1794,0.420793,0.0226
1795,0.415457,0.0231
1796,0.410607,0.0226
1797,0.406982,0.0226
1798,0.401402,0.0226
1799,0.393960,0.0226
1800,0.384475,0.0232
1801,0.377606,0.0226
1802,0.373225,0.0226
1803,0.370131,0.0226
1804,0.370142,0.0226
1805,0.370507,0.0227
1806,0.365521,0.0227
1807,0.359136,0.0226
1808,0.352841,0.0226
1809,0.345838,0.0227
1810,0.337859,0.0227
1811,0.339239,0.0227
1812,0.335142,0.0227
1813,0.323675,0.0226
1814,0.321233,0.0227
1815,0.322668,0.0226
1816,0.329065,0.0227
1817,0.345119,0.0226
1818,0.361412,0.0227
1819,0.374726,0.0227
1820,0.385795,0.0226
1821,0.397761,0.0226
1822,0.408808,0.0227
1823,0.413033,0.0226
1824,0.412845,0.0226
1825,0.410718,0.0227
1826,0.406178,0.0228
1827,0.397795,0.0226
1828,0.395580,0.0228
1829,0.390577,0.0226
1830,0.377625,0.0226
1831,0.365742,0.0231
1832,0.356890,0.0229
1833,0.354788,0.0226
1834,0.352800,0.0226
1835,0.348007,0.0228
1836,0.344247,0.0226
1837,0.340118,0.0227
1838,0.334780,0.0226
1839,0.329839,0.0226
1840,0.327274,0.0226
1841,0.323484,0.0227
1842,0.318087,0.0226
1843,0.314841,0.0227
1844,0.312600,0.0226
1845,0.314184,0.0226
1846,0.316536,0.0227
1847,0.318541,0.0226
1848,0.319219,0.0226
1849,0.320205,0.0227
1850,0.321344,0.0226
1851,0.322388,0.0226
1852,0.323267,0.0226
1853,0.322765,0.0226
1854,0.320263,0.0229
1855,0.317167,0.0226
1856,0.310530,0.0226
1857,0.302526,0.0228
1858,0.300006,0.0227
1859,0.300126,0.0226
1860,0.305428,0.0227
1861,0.311039,0.0226
1862,0.316718,0.0226
1863,0.322780,0.0226
1864,0.327127,0.0226
1865,0.331021,0.0227
1866,0.334513,0.0226
1867,0.338012,0.0226
1868,0.338660,0.0227
1869,0.338107,0.0227
1870,0.337555,0.0228
1871,0.334350,0.0226
1872,0.329232,0.0226
1873,0.323253,0.0226
1874,0.317642,0.0227
1875,0.313448,0.0227
1876,0.308585,0.0226
1877,0.302866,0.0227
1878,0.295745,0.0226
1879,0.286850,0.0230
1880,0.277913,0.0227
1881,0.269388,0.0228
1882,0.260255,0.0234
1883,0.255217,0.0226
1884,0.251969,0.0226
1885,0.249926,0.0228
1886,0.246672,0.0228
1887,0.244198,0.0228
1888,0.243085,0.0226
1889,0.239157,0.0226
1890,0.239239,0.0226
1891,0.239436,0.0226
1892,0.235521,0.0226
1893,0.257190,0.0226
1894,0.270782,0.0226
1895,0.263350,0.0232
1896,0.251118,0.0230
1897,0.244208,0.0226
1898,0.244322,0.0228
1899,0.247511,0.0226
1900,0.254510,0.0226
1901,0.255418,0.0227
1902,0.252361,0.0230
1903,0.248088,0.0231
1904,0.240987,0.0227
1905,0.234357,0.0227
1906,0.229719,0.0229
1907,0.228114,0.0226
1908,0.231444,0.0226
1909,0.238299,0.0228
1910,0.250127,0.0226
1911,0.265527,0.0225
1912,0.285198,0.0226
1913,0.300635,0.0226
1914,0.318661,0.0226
1915,0.331933,0.0226
1916,0.341596,0.0226
1917,0.349112,0.0227
1918,0.354270,0.0230
1919,0.357324,0.0226
1920,0.359748,0.0226
1921,0.365531,0.0227
1922,0.372252,0.0226
1923,0.385208,0.0228
1924,0.392592,0.0238
1925,0.398072,0.0226
1926,0.403692,0.0226
1927,0.404951,0.0226
1928,0.402391,0.0238
1929,0.401054,0.0226
1930,0.399501,0.0226
1931,0.396594,0.0226
1932,0.395993,0.0226
1933,0.393454,0.0226
1934,0.388821,0.0226
1935,0.382403,0.0226
1936,0.375985,0.0227
1937,0.367998,0.0226
1938,0.360259,0.0226
1939,0.355951,0.0226
1940,0.347935,0.0226
1941,0.343510,0.0226
1942,0.340802,0.0226
1943,0.338131,0.0226
1944,0.336385,0.0228
1945,0.333356,0.0227
1946,0.327343,0.0226
1947,0.321157,0.0227
1948,0.315333,0.0227
1949,0.309168,0.0227
1950,0.302444,0.0231
1951,0.296039,0.0227
1952,0.288471,0.0228
1953,0.280030,0.0227
1954,0.274722,0.0228
1955,0.269006,0.0226
1956,0.266499,0.0225
1957,0.262661,0.0226
1958,0.259013,0.0226
1959,0.259081,0.0226
1960,0.262411,0.0227
1961,0.267234,0.0226
1962,0.270396,0.0226
1963,0.271240,0.0227
1964,0.268661,0.0227
1965,0.265403,0.0226
1966,0.258250,0.0227
1967,0.251156,0.0226
1968,0.243560,0.0230
1969,0.235352,0.0227
1970,0.227953,0.0227
1971,0.222642,0.0226
1972,0.222232,0.0230
1973,0.222210,0.0227
1974,0.225637,0.0226
1975,0.226224,0.0226
1976,0.225968,0.0235
1977,0.233646,0.0227
1978,0.230966,0.0227
1979,0.224157,0.0227
1980,0.220848,0.0228
1981,0.221834,0.0227
1982,0.219105,0.0226
1983,0.219417,0.0227
1984,0.223771,0.0227
1985,0.225248,0.0227
1986,0.225846,0.0227
1987,0.224648,0.0226
1988,0.223114,0.0227
1989,0.218379,0.0226
1990,0.216051,0.0226
1991,0.221503,0.0226
1992,0.220656,0.0226
1993,0.218526,0.0227
1994,0.217095,0.0226
1995,0.212141,0.0227
1996,0.208394,0.0226
1997,0.199903,0.0227
1998,0.193217,0.0230
1999,0.189821,0.0226
2000,0.186084,0.0226
2001,0.182841,0.0227
2002,0.180723,0.0231
2003,0.179917,0.0226
2004,0.176454,0.0226
2005,0.179606,0.0226
2006,0.181475,0.0227
2007,0.183809,0.0230
2008,0.185259,0.0226
2009,0.184058,0.0226
2010,0.182676,0.0231
2011,0.181350,0.0226
2012,0.179759,0.0226
2013,0.178146,0.0226
2014,0.176927,0.0226
2015,0.176642,0.0226
2016,0.176027,0.0227
2017,0.178159,0.0227
2018,0.181419,0.0227
2019,0.181507,0.0228
2020,0.180436,0.0230
2021,0.180169,0.0226
2022,0.188435,0.0226
2023,0.188433,0.0227
2024,0.185103,0.0230
2025,0.220086,0.0227
2026,0.229030,0.0226
2027,0.202110,0.0227
2028,0.182172,0.0226
2029,0.187225,0.0226
2030,0.201496,0.0226
2031,0.205196,0.0225
2032,0.196873,0.0226
2033,0.195632,0.0227
2034,0.211366,0.0226
2035,0.225405,0.0227
2036,0.222093,0.0227
2037,0.211480,0.0231
2038,0.206460,0.0230
2039,0.207571,0.0225
2040,0.209381,0.0226
2041,0.207665,0.0227
2042,0.202077,0.0227
2043,0.195759,0.0227
2044,0.192482,0.0226
2045,0.191773,0.0227
2046,0.190600,0.0226
2047,0.190223,0.0226
2048,0.188498,0.0227
2049,0.186012,0.0227
2050,0.185949,0.0227
2051,0.187092,0.0226
2052,0.187679,0.0227
2053,0.186971,0.0226
2054,0.187940,0.0226
2055,0.189419,0.0226
2056,0.187567,0.0228
2057,0.185995,0.0233
2058,0.188124,0.0227
2059,0.244246,0.0226
2060,0.299623,0.0226
2061,0.336380,0.0226
2062,0.336401,0.0226
2063,0.300001,0.0226
2064,0.245811,0.0227
2065,0.206817,0.0227
2066,0.214625,0.0226
2067,0.224864,0.0227
2068,0.221684,0.0229
2069,0.218645,0.0226
2070,0.201329,0.0227
2071,0.177955,0.0228
2072,0.164613,0.0229
2073,0.168479,0.0226
2074,0.186233,0.0230
2075,0.202423,0.0227
2076,0.273389,0.0226
2077,0.366958,0.0225
2078,0.449409,0.0226
2079,0.518389,0.0226
2080,0.569586,0.0226
2081,0.604873,0.0226
2082,0.630316,0.0226
2083,0.649866,0.0227
2084,0.664810,0.0226
2085,0.675850,0.0227
2086,0.682426,0.0226
2087,0.684954,0.0230
2088,0.684866,0.0227
2089,0.683854,0.0231
2090,0.681558,0.0226
2091,0.678755,0.0226
2092,0.675837,0.0226
2093,0.673570,0.0226
2094,0.667777,0.0231
2095,0.656006,0.0227
2096,0.642736,0.0226
2097,0.629714,0.0227
2098,0.616969,0.0230
2099,0.606322,0.0226
2100,0.596267,0.0226
2101,0.586588,0.0226
2102,0.574030,0.0227
2103,0.558890,0.0226
2104,0.545432,0.0230
2105,0.533512,0.0226
2106,0.523300,0.0227
2107,0.514477,0.0226
2108,0.505359,0.0227
2109,0.496730,0.0226
2110,0.487518,0.0226
2111,0.480109,0.0227
2112,0.475198,0.0232
2113,0.472093,0.0227
2114,0.470146,0.0235
2115,0.477846,0.0227
2116,0.473835,0.0226
2117,0.464175,0.0227
2118,0.462621,0.0226
2119,0.456463,0.0226
2120,0.447059,0.0226
2121,0.444011,0.0226
2122,0.443283,0.0227
2123,0.443824,0.0226
2124,0.449773,0.0226
2125,0.459879,0.0226
2126,0.467412,0.0227
2127,0.474134,0.0226
2128,0.483707,0.0226
2129,0.492598,0.0228
2130,0.498851,0.0227
2131,0.507571,0.0226
2132,0.518715,0.0226
2133,0.527399,0.0225
2134,0.534412,0.0226
2135,0.539753,0.0226
2136,0.542429,0.0226
2137,0.543646,0.0227
2138,0.544145,0.0226
2139,0.545081,0.0226
2140,0.544737,0.0232
2141,0.547392,0.0231
2142,0.550636,0.0230
2143,0.549400,0.0227
2144,0.547999,0.0227
2145,0.548695,0.0226
2146,0.549016,0.0226
2147,0.565767,0.0226
2148,0.602725,0.0227
2149,0.638174,0.0227
2150,0.658501,0.0227
2151,0.662189,0.0227
2152,0.654531,0.0233
2153,0.645142,0.0227
2154,0.635654,0.0227
2155,0.622262,0.0226
2156,0.606042,0.0226
2157,0.591718,0.0226
2158,0.578815,0.0234
2159,0.563677,0.0227
2160,0.546925,0.0227
2161,0.532259,0.0232
2162,0.522433,0.0227
2163,0.514383,0.0230
2164,0.505742,0.0228
2165,0.497527,0.0227
2166,0.489909,0.0228
2167,0.481112,0.0230
2168,0.471265,0.0226
2169,0.484508,0.0226
2170,0.504099,0.0226
2171,0.495371,0.0227
2172,0.471414,0.0226
2173,0.451892,0.0227
2174,0.446053,0.0227
2175,0.442901,0.0226
2176,0.433714,0.0227
2177,0.422242,0.0227
2178,0.408353,0.0226
2179,0.397344,0.0227
2180,0.393098,0.0230
2181,0.397172,0.0230
2182,0.399822,0.0226
2183,0.397277,0.0234
2184,0.392761,0.0227
2185,0.390329,0.0226
2186,0.392396,0.0227
2187,0.393525,0.0226
2188,0.387752,0.0228
2189,0.380280,0.0228
2190,0.374072,0.0227
2191,0.367932,0.0227
2192,0.362001,0.0227
2193,0.354584,0.0227
2194,0.345382,0.0234
2195,0.337669,0.0226
2196,0.330408,0.0226
2197,0.323437,0.0227
2198,0.316709,0.0235
2199,0.312898,0.0226
2200,0.309112,0.0227
2201,0.306027,0.0226
2202,0.304819,0.0226
2203,0.305470,0.0227
2204,0.304471,0.0227
2205,0.301557,0.0227
2206,0.297142,0.0226
2207,0.292882,0.0226
2208,0.286954,0.0227
2209,0.281569,0.0227
2210,0.276907,0.0227
2211,0.272587,0.0227
2212,0.269307,0.0228
2213,0.269282,0.0226
2214,0.273667,0.0226
2215,0.279118,0.0228
2216,0.324013,0.0226
2217,0.403808,0.0226
2218,0.473196,0.0225
2219,0.515273,0.0226
2220,0.531249,0.0226
2221,0.525462,0.0226
2222,0.503565,0.0227
2223,0.468235,0.0227
2224,0.424564,0.0226
2225,0.377157,0.0226
2226,0.332004,0.0227
2227,0.297686,0.0226
2228,0.280837,0.0227
2229,0.279548,0.0226
2230,0.286887,0.0226
2231,0.294800,0.0227
2232,0.300081,0.0228
2233,0.301350,0.0235
2234,0.298757,0.0227
2235,0.296180,0.0227
2236,0.300298,0.0226
2237,0.309751,0.0227
2238,0.322493,0.0227
2239,0.313322,0.0227
2240,0.305917,0.0226
2241,0.291513,0.0227
2242,0.283441,0.0227
2243,0.281620,0.0226
2244,0.279299,0.0227
2245,0.281269,0.0226
2246,0.277055,0.0227
2247,0.275959,0.0226
2248,0.271269,0.0227
2249,0.268465,0.0226
2250,0.271443,0.0226
2251,0.265862,0.0226
2252,0.265106,0.0227
2253,0.259222,0.0227
2254,0.253770,0.0227
2255,0.249527,0.0226
2256,0.242551,0.0226
2257,0.241934,0.0227
2258,0.238306,0.0226
2259,0.237652,0.0235
2260,0.234572,0.0230
2261,0.229220,0.0226
2262,0.225269,0.0229
2263,0.221431,0.0228
2264,0.218466,0.0226
2265,0.213895,0.0227
2266,0.210960,0.0226
2267,0.208480,0.0227
2268,0.204243,0.0227
2269,0.201102,0.0227
2270,0.197855,0.0230
2271,0.196377,0.0226
2272,0.194172,0.0226
2273,0.192469,0.0227
2274,0.189711,0.0226
2275,0.184540,0.0226
2276,0.180851,0.0227
2277,0.177787,0.0227
2278,0.173757,0.0227
2279,0.169875,0.0227
2280,0.168245,0.0234
2281,0.168551,0.0226
2282,0.169859,0.0227
2283,0.173546,0.0227
2284,0.176391,0.0226
2285,0.178679,0.0227
2286,0.187482,0.0229
2287,0.193183,0.0227
2288,0.190675,0.0227
2289,0.190929,0.0226
2290,0.196334,0.0227
2291,0.199494,0.0226
2292,0.199001,0.0227
2293,0.199763,0.0227
2294,0.201619,0.0230
2295,0.200595,0.0226
2296,0.198416,0.0227
2297,0.199549,0.0226
2298,0.204219,0.0227
2299,0.207661,0.0227
2300,0.208604,0.0227
2301,0.209570,0.0227
2302,0.210507,0.0227
2303,0.208792,0.0227
2304,0.205171,0.0233
2305,0.202143,0.0226
2306,0.206304,0.0230
2307,0.205798,0.0227
2308,0.196416,0.0230
2309,0.190489,0.0227
2310,0.189339,0.0226
2311,0.187186,0.0226
2312,0.183922,0.0227
2313,0.182001,0.0226
2314,0.180052,0.0229
2315,0.177963,0.0227
2316,0.176476,0.0226
2317,0.175016,0.0226
2318,0.174251,0.0227
2319,0.174387,0.0227
2320,0.175738,0.0227
2321,0.177276,0.0226
2322,0.178791,0.0227
2323,0.180680,0.0227
2324,0.182666,0.0227
2325,0.184926,0.0226
2326,0.187531,0.0227
2327,0.190309,0.0228
2328,0.193531,0.0227
2329,0.195695,0.0227
2330,0.197748,0.0227
2331,0.199677,0.0227
2332,0.201121,0.0227
2333,0.201885,0.0228
2334,0.202428,0.0229
2335,0.202203,0.0227
2336,0.201680,0.0227
2337,0.200990,0.0226
2338,0.200120,0.0227
2339,0.198779,0.0227
2340,0.196896,0.0226
2341,0.195744,0.0226
2342,0.195948,0.0231
2343,0.196941,0.0227
2344,0.198184,0.0227
2345,0.199622,0.0227
2346,0.201248,0.0227
2347,0.202489,0.0227
2348,0.202998,0.0227
2349,0.202867,0.0227
2350,0.202379,0.0226
2351,0.201648,0.0226
2352,0.200716,0.0232
2353,0.200098,0.0227
2354,0.199949,0.0231
2355,0.200825,0.0227
2356,0.202289,0.0227
2357,0.203046,0.0228
2358,0.203741,0.0226
2359,0.205609,0.0227
2360,0.208213,0.0227
2361,0.210216,0.0228
2362,0.210757,0.0227
2363,0.210857,0.0226
2364,0.210495,0.0227
2365,0.209346,0.0226
2366,0.208194,0.0226
2367,0.206249,0.0227
2368,0.203176,0.0226
2369,0.208834,0.0226
2370,0.219880,0.0227
2371,0.220202,0.0226
2372,0.209002,0.0227
2373,0.194069,0.0227
2374,0.184755,0.0227
2375,0.183610,0.0227
2376,0.187188,0.0227
2377,0.189704,0.0227
2378,0.187063,0.0227
2379,0.181483,0.0230
2380,0.176893,0.0227
2381,0.176436,0.0228
2382,0.179038,0.0227
2383,0.181847,0.0227
2384,0.182750,0.0227
2385,0.181920,0.0235
2386,0.180572,0.0227
2387,0.180142,0.0226
2388,0.180388,0.0227
2389,0.180667,0.0226
2390,0.180767,0.0227
2391,0.180445,0.0226
2392,0.179020,0.0227
2393,0.177306,0.0227
2394,0.175689,0.0228
2395,0.174282,0.0227
2396,0.173389,0.0227
2397,0.172464,0.0227
2398,0.171244,0.0227
2399,0.169075,0.0227
2400,0.166768,0.0228
2401,0.164684,0.0227
2402,0.163432,0.0228
2403,0.162605,0.0230
2404,0.161902,0.0232
2405,0.161729,0.0227
2406,0.161632,0.0227
2407,0.161595,0.0226
2408,0.162275,0.0227
2409,0.163495,0.0227
2410,0.165225,0.0227
2411,0.167224,0.0226
2412,0.169189,0.0235
2413,0.169796,0.0227
2414,0.169350,0.0226
2415,0.169060,0.0228
2416,0.169625,0.0227
2417,0.169883,0.0226
2418,0.170151,0.0230
2419,0.170312,0.0227
2420,0.170405,0.0228
2421,0.170343,0.0226
2422,0.170563,0.0226
2423,0.169590,0.0233
2424,0.168672,0.0227
2425,0.167566,0.0227
2426,0.165571,0.0230
2427,0.163771,0.0226
2428,0.161967,0.0227
2429,0.159984,0.0227
2430,0.158056,0.0232
2431,0.155830,0.0231
2432,0.154709,0.0226
2433,0.154827,0.0227
2434,0.155283,0.0227
2435,0.155091,0.0227
2436,0.154214,0.0226
2437,0.153077,0.0227
2438,0.151736,0.0227
2439,0.150703,0.0227
2440,0.149858,0.0231
2441,0.149068,0.0226
2442,0.147558,0.0227
2443,0.145739,0.0227
2444,0.143549,0.0227
2445,0.141576,0.0228
2446,0.139425,0.0227
2447,0.137521,0.0230
2448,0.135281,0.0226
2449,0.133875,0.0237
2450,0.133355,0.0227
2451,0.133115,0.0227
2452,0.132665,0.0227
2453,0.131721,0.0227
2454,0.131370,0.0227
2455,0.130584,0.0227
2456,0.129974,0.0226
2457,0.129223,0.0234
2458,0.128158,0.0227
2459,0.127963,0.0227
2460,0.128281,0.0227
2461,0.127273,0.0226
2462,0.125432,0.0226
2463,0.123749,0.0226
2464,0.123225,0.0228
2465,0.123183,0.0228
2466,0.123871,0.0227
2467,0.124911,0.0226
2468,0.125397,0.0229
2469,0.125135,0.0228
2470,0.125385,0.0229
2471,0.125284,0.0227
2472,0.125193,0.0230
2473,0.126157,0.0227
2474,0.128790,0.0227
2475,0.132598,0.0228
2476,0.137754,0.0229
2477,0.143478,0.0227
2478,0.148894,0.0226
2479,0.153694,0.0227
2480,0.157334,0.0226
2481,0.158815,0.0227
2482,0.158695,0.0228
2483,0.157364,0.0227
2484,0.155543,0.0227
2485,0.153650,0.0227
2486,0.151549,0.0227
2487,0.154697,0.0227
2488,0.158306,0.0226
2489,0.154266,0.0227
2490,0.147028,0.0227
2491,0.141852,0.0227
2492,0.140150,0.0229
2493,0.139274,0.0227
2494,0.138910,0.0226
2495,0.138313,0.0226
2496,0.137531,0.0227
2497,0.136519,0.0227
2498,0.135943,0.0231
2499,0.135846,0.0227
2500,0.134675,0.0227
2501,0.132369,0.0227
2502,0.130841,0.0227
2503,0.131264,0.0226
2504,0.143268,0.0227
2505,0.162330,0.0227
2506,0.170064,0.0226
2507,0.163302,0.0227
2508,0.151060,0.0227
2509,0.142076,0.0227
2510,0.136565,0.0227
2511,0.142624,0.0227
2512,0.153611,0.0227
2513,0.154786,0.0228
2514,0.144632,0.0227
2515,0.133447,0.0227
2516,0.129100,0.0226
2517,0.132242,0.0231
2518,0.137078,0.0230
2519,0.137395,0.0227
2520,0.133167,0.0227
2521,0.128238,0.0226
2522,0.126423,0.0226
2523,0.126983,0.0227
2524,0.127057,0.0227
2525,0.125500,0.0227
2526,0.122921,0.0226
2527,0.120247,0.0227
2528,0.118968,0.0227
2529,0.118398,0.0230
2530,0.117584,0.0227
2531,0.115995,0.0227
2532,0.114344,0.0227
2533,0.113837,0.0231
2534,0.114155,0.0226
2535,0.114187,0.0227
2536,0.113909,0.0227
2537,0.112867,0.0226
2538,0.111563,0.0227
2539,0.110547,0.0227
2540,0.109883,0.0227
2541,0.109708,0.0227
2542,0.110327,0.0231
2543,0.111515,0.0230
2544,0.112754,0.0227
2545,0.121339,0.0229
2546,0.133242,0.0228
2547,0.136882,0.0227
2548,0.133140,0.0227
2549,0.127387,0.0227
2550,0.124479,0.0226
2551,0.124012,0.0226
2552,0.123655,0.0235
2553,0.121970,0.0227
2554,0.120200,0.0226
2555,0.118457,0.0227
2556,0.117063,0.0228
2557,0.116147,0.0226
2558,0.116333,0.0227
2559,0.116376,0.0226
2560,0.114510,0.0227
2561,0.111281,0.0228
2562,0.108670,0.0227
2563,0.105294,0.0227
2564,0.101169,0.0226
2565,0.108921,0.0226
2566,0.131711,0.0226
2567,0.155121,0.0227
2568,0.172829,0.0228
2569,0.182969,0.0228
2570,0.186514,0.0227
2571,0.184192,0.0227
2572,0.176828,0.0228
2573,0.166388,0.0228
2574,0.153470,0.0226
2575,0.139024,0.0226
2576,0.126792,0.0227
2577,0.115364,0.0227
2578,0.106392,0.0227
2579,0.100866,0.0228
2580,0.098639,0.0227
2581,0.099313,0.0227
2582,0.101090,0.0227
2583,0.103288,0.0228
2584,0.105254,0.0227
2585,0.107954,0.0227
2586,0.110034,0.0226
2587,0.111420,0.0227
2588,0.112555,0.0226
2589,0.113197,0.0227
2590,0.113714,0.0228
2591,0.114318,0.0228
2592,0.114237,0.0227
2593,0.115104,0.0227
2594,0.117213,0.0235
2595,0.120504,0.0229
2596,0.124868,0.0227
2597,0.128344,0.0227
2598,0.129945,0.0227
2599,0.130851,0.0227
2600,0.132805,0.0227
2601,0.135134,0.0227
2602,0.137603,0.0228
2603,0.139621,0.0227
2604,0.141373,0.0227
2605,0.141787,0.0228
2606,0.140323,0.0227
2607,0.137687,0.0231
2608,0.133327,0.0227
2609,0.128312,0.0228
2610,0.123507,0.0228
2611,0.119281,0.0227
2612,0.115489,0.0227
2613,0.112710,0.0227
2614,0.110589,0.0227
2615,0.108827,0.0226
2616,0.106715,0.0228
2617,0.104234,0.0231
2618,0.102058,0.0228
2619,0.099367,0.0227
2620,0.097611,0.0227
2621,0.095924,0.0227
2622,0.094414,0.0227
2623,0.092527,0.0233
2624,0.090563,0.0231
2625,0.097222,0.0228
2626,0.091819,0.0227
2627,0.086064,0.0228
2628,0.088892,0.0227
2629,0.086388,0.0227
2630,0.082713,0.0227
2631,0.082493,0.0227
2632,0.080599,0.0227
2633,0.076456,0.0227
2634,0.074360,0.0228
2635,0.072191,0.0228
2636,0.069479,0.0227
2637,0.067632,0.0227
2638,0.066203,0.0235
2639,0.065504,0.0228
2640,0.069216,0.0231
2641,0.079966,0.0227
2642,0.092993,0.0227
2643,0.104665,0.0226
2644,0.110006,0.0231
2645,0.111498,0.0227
2646,0.113391,0.0227
2647,0.115436,0.0227
2648,0.115673,0.0227
2649,0.115515,0.0227
2650,0.115777,0.0227
2651,0.115395,0.0226
2652,0.113764,0.0227
2653,0.113138,0.0227
2654,0.113071,0.0226
2655,0.111981,0.0227
2656,0.109562,0.0228
2657,0.108239,0.0227
2658,0.107227,0.0227
2659,0.106947,0.0227
2660,0.105529,0.0227
2661,0.100307,0.0230
2662,0.095025,0.0227
2663,0.090498,0.0227
2664,0.086611,0.0227
2665,0.082598,0.0227
2666,0.077985,0.0230
2667,0.073716,0.0227
2668,0.070288,0.0227
2669,0.067172,0.0227
2670,0.063706,0.0227
2671,0.060806,0.0227
2672,0.059129,0.0227
2673,0.057208,0.0227
2674,0.056499,0.0227
2675,0.056005,0.0227
2676,0.055173,0.0226
2677,0.054279,0.0227
2678,0.053729,0.0227
2679,0.053240,0.0227
2680,0.055398,0.0228
2681,0.056457,0.0226
2682,0.056424,0.0228
2683,0.057888,0.0227
2684,0.059939,0.0227
2685,0.060967,0.0227
2686,0.061498,0.0227
2687,0.061749,0.0227
2688,0.061821,0.0226
2689,0.062324,0.0227
2690,0.063873,0.0227
2691,0.066098,0.0227
2692,0.069719,0.0227
2693,0.073516,0.0227
2694,0.076420,0.0227
2695,0.078374,0.0227
2696,0.080707,0.0227
2697,0.081446,0.0227
2698,0.080893,0.0227
2699,0.080018,0.0227
2700,0.078428,0.0226
2701,0.076004,0.0226
2702,0.073816,0.0229
2703,0.071603,0.0236
2704,0.068905,0.0227
2705,0.066710,0.0228
2706,0.064839,0.0227
2707,0.062958,0.0230
2708,0.061113,0.0226
2709,0.059135,0.0227
2710,0.056778,0.0228
2711,0.054510,0.0227
2712,0.052139,0.0227
2713,0.050228,0.0226
2714,0.048546,0.0226
2715,0.047723,0.0227
2716,0.047917,0.0227
2717,0.047769,0.0227
2718,0.047376,0.0226
2719,0.045757,0.0227
2720,0.043673,0.0226
2721,0.041568,0.0229
2722,0.040929,0.0226
2723,0.039677,0.0227
2724,0.036906,0.0230
2725,0.035735,0.0227
2726,0.034628,0.0227
2727,0.033066,0.0228
2728,0.034118,0.0227
2729,0.045521,0.0228
2730,0.065411,0.0230
2731,0.082968,0.0227
2732,0.096456,0.0229
2733,0.104796,0.0227
2734,0.106008,0.0227
2735,0.103119,0.0227
2736,0.098063,0.0228
2737,0.092368,0.0227
2738,0.085493,0.0227
2739,0.079215,0.0226
2740,0.073697,0.0226
2741,0.069562,0.0228
2742,0.066563,0.0229
2743,0.063961,0.0227
2744,0.060922,0.0228
2745,0.057905,0.0226
2746,0.057300,0.0227
2747,0.057956,0.0227
2748,0.060065,0.0227
2749,0.062044,0.0227
2750,0.064536,0.0226
2751,0.066067,0.0227
2752,0.067240,0.0230
2753,0.066538,0.0226
2754,0.065177,0.0226
2755,0.063123,0.0228
2756,0.061490,0.0228
2757,0.058668,0.0226
2758,0.057980,0.0227
2759,0.058897,0.0227
2760,0.059235,0.0231
2761,0.060411,0.0226
2762,0.061974,0.0226
2763,0.062360,0.0226
2764,0.063076,0.0227
2765,0.062063,0.0227
2766,0.061662,0.0227
2767,0.059687,0.0227
2768,0.058069,0.0226
2769,0.055376,0.0230
2770,0.052672,0.0226
2771,0.050426,0.0227
2772,0.048931,0.0227
2773,0.047342,0.0227
2774,0.047263,0.0226
2775,0.046959,0.0226
2776,0.046380,0.0227
2777,0.045185,0.0227
2778,0.044825,0.0230
2779,0.042969,0.0227
2780,0.041172,0.0227
2781,0.038623,0.0227
2782,0.037343,0.0227
2783,0.035837,0.0227
2784,0.034439,0.0228
2785,0.033275,0.0226
2786,0.032359,0.0226
2787,0.031833,0.0227
2788,0.030693,0.0228
2789,0.029661,0.0227
2790,0.028904,0.0227
2791,0.028465,0.0227
2792,0.027211,0.0227
2793,0.026133,0.0227
2794,0.026068,0.0226
2795,0.027057,0.0260
2796,0.029202,0.0226
2797,0.030436,0.0226
2798,0.030821,0.0237
2799,0.030169,0.0229
2800,0.030928,0.0227
2801,0.032083,0.0226
2802,0.032074,0.0230
2803,0.032308,0.0227
2804,0.031001,0.0226
2805,0.030382,0.0228
2806,0.028399,0.0227
2807,0.026333,0.0227
2808,0.022550,0.0227
2809,0.019549,0.0226
2810,0.017799,0.0227
2811,0.015120,0.0227
2812,0.013086,0.0228
2813,0.012506,0.0227
2814,0.011982,0.0228
2815,0.014921,0.0227
2816,0.022128,0.0227
2817,0.032004,0.0227
2818,0.043180,0.0226
2819,0.053989,0.0227
2820,0.063168,0.0227
2821,0.070811,0.0227
2822,0.077992,0.0226
2823,0.084088,0.0227
2824,0.087718,0.0228
2825,0.090115,0.0229
2826,0.091762,0.0226
2827,0.091517,0.0230
2828,0.089523,0.0227
2829,0.087051,0.0226
2830,0.083648,0.0226
2831,0.079300,0.0228
2832,0.074797,0.0226
2833,0.069981,0.0227
2834,0.064538,0.0226
2835,0.059328,0.0226
2836,0.052255,0.0226
2837,0.045581,0.0228
2838,0.039305,0.0227
2839,0.033711,0.0227
2840,0.030590,0.0226
2841,0.029698,0.0227
2842,0.030345,0.0226
2843,0.031329,0.0226
2844,0.031267,0.0227
2845,0.029924,0.0230
2846,0.026650,0.0227
2847,0.023935,0.0230
2848,0.020643,0.0227
2849,0.017097,0.0227
2850,0.016124,0.0229
2851,0.015580,0.0228
2852,0.015095,0.0226
2853,0.015306,0.0226
2854,0.014719,0.0226
2855,0.013042,0.0227
2856,0.011694,0.0227
2857,0.009902,0.0226
2858,0.007142,0.0226
2859,0.003851,0.0227
2860,0.001967,0.0227
2861,-0.000074,0.0226
2862,-0.000154,0.0227
2863,0.006558,0.0226
2864,0.015525,0.0226
2865,0.024504,0.0226
2866,0.032689,0.0226
2867,0.038752,0.0227
2868,0.063532,0.0226
2869,0.104564,0.0227
2870,0.135440,0.0227
2871,0.145697,0.0228
2872,0.137040,0.0227
2873,0.116083,0.0227
2874,0.093204,0.0226
2875,0.077815,0.0226
2876,0.072274,0.0232
2877,0.074365,0.0227
2878,0.080177,0.0227
2879,0.080066,0.0226
2880,0.072949,0.0226
2881,0.060766,0.0227
2882,0.047145,0.0228
2883,0.036807,0.0227
2884,0.028758,0.0227
2885,0.024111,0.0228
2886,0.021871,0.0227
2887,0.022096,0.0226
2888,0.020650,0.0226
2889,0.018728,0.0226
2890,0.017101,0.0228
2891,0.016279,0.0227
2892,0.016164,0.0226
2893,0.016812,0.0228
2894,0.017533,0.0227
2895,0.016758,0.0227
2896,0.015253,0.0227
2897,0.012424,0.0232
2898,0.009875,0.0227
2899,0.007846,0.0226
2900,0.007565,0.0227
2901,0.008581,0.0226
2902,0.010453,0.0228
2903,0.013275,0.0226
2904,0.017586,0.0227
2905,0.023928,0.0226
2906,0.025944,0.0227
2907,0.029364,0.0227
2908,0.032418,0.0228
2909,0.034535,0.0227
2910,0.037343,0.0226
2911,0.039609,0.0227
2912,0.040722,0.0226
2913,0.041930,0.0226
2914,0.041800,0.0227
2915,0.043169,0.0226
2916,0.045719,0.0227
2917,0.052382,0.0236
2918,0.058016,0.0231
2919,0.064324,0.0227
2920,0.069287,0.0228
2921,0.074826,0.0227
2922,0.080232,0.0227
2923,0.084311,0.0226
2924,0.088103,0.0227
2925,0.089630,0.0227
2926,0.089622,0.0227
2927,0.088808,0.0227
2928,0.086371,0.0227
2929,0.083626,0.0226
2930,0.085230,0.0226
2931,0.083180,0.0226
2932,0.079843,0.0227
2933,0.079938,0.0227
2934,0.076416,0.0227
2935,0.071454,0.0227
2936,0.068145,0.0226
2937,0.062658,0.0227
2938,0.057662,0.0226
2939,0.055056,0.0226
2940,0.052388,0.0227
2941,0.048257,0.0228
2942,0.045662,0.0226
2943,0.042615,0.0231
2944,0.042104,0.0230
2945,0.037674,0.0227
2946,0.030905,0.0228
2947,0.025647,0.0227
2948,0.022762,0.0226
2949,0.020005,0.0226
2950,0.016292,0.0227
2951,0.013685,0.0227
2952,0.011479,0.0227
2953,0.008685,0.0226
2954,0.005983,0.0227
2955,0.003896,0.0226
2956,0.001806,0.0228
2957,0.000337,0.0227
2958,-0.000069,0.0227
2959,-0.001077,0.0228
2960,-0.001148,0.0228
2961,-0.000109,0.0227
2962,0.009175,0.0227
2963,0.014831,0.0227
2964,0.014282,0.0228
2965,0.018956,0.0228
2966,0.024009,0.0230
2967,0.017768,0.0227
2968,0.006508,0.0226
2969,-0.002015,0.0227
2970,-0.000399,0.0228
2971,0.004645,0.0227
2972,0.006442,0.0227
2973,0.004972,0.0227
2974,0.002572,0.0227
2975,-0.000131,0.0226
2976,-0.000270,0.0227
2977,-0.000973,0.0228
2978,0.000829,0.0227
2979,0.008886,0.0226
2980,0.009104,0.0226
2981,0.002109,0.0227
2982,-0.001335,0.0227
2983,-0.002464,0.0227
2984,-0.002034,0.0226
2985,-0.002990,0.0226
2986,-0.005108,0.0227
2987,-0.008062,0.0228
2988,-0.009283,0.0227
2989,-0.007834,0.0226
2990,-0.007268,0.0227
2991,-0.008617,0.0227
2992,-0.008879,0.0231
2993,-0.008039,0.0228
2994,-0.007095,0.0227
2995,-0.006475,0.0227
2996,-0.004736,0.0227
2997,-0.004400,0.0227
2998,-0.003162,0.0227
2999,-0.000907,0.0227
3000,-0.000196,0.0226
3001,0.000002,0.0227
3002,-0.001423,0.0226
3003,-0.003365,0.0227
3004,-0.006157,0.0227
3005,-0.008609,0.0227
3006,-0.011685,0.0226
3007,-0.014401,0.0228
3008,-0.014364,0.0226
3009,-0.013520,0.0226
3010,-0.012865,0.0227
3011,-0.010683,0.0227
3012,-0.009702,0.0232
3013,-0.009676,0.0226
3014,-0.009979,0.0226
3015,-0.009907,0.0227
3016,-0.010235,0.0227
3017,-0.010847,0.0228
3018,-0.012247,0.0227
3019,-0.005709,0.0227
3020,-0.001700,0.0227
3021,-0.005406,0.0227
3022,-0.005514,0.0226
3023,-0.002635,0.0227
3024,-0.001588,0.0227
3025,0.000180,0.0229
3026,0.005903,0.0226
3027,0.014322,0.0226
3028,0.020523,0.0226
3029,0.024459,0.0226
3030,0.032073,0.0226
3031,0.034487,0.0227
3032,0.033493,0.0226
3033,0.035536,0.0226
3034,0.036249,0.0227
3035,0.035560,0.0227
3036,0.039310,0.0226
3037,0.044282,0.0227
3038,0.040754,0.0237
3039,0.034222,0.0227
3040,0.028335,0.0228
3041,0.025648,0.0227
3042,0.026381,0.0227
3043,0.030115,0.0227
3044,0.027415,0.0227
3045,0.021649,0.0226
3046,0.018887,0.0227
3047,0.016610,0.0226
3048,0.012645,0.0226
3049,0.009962,0.0226
3050,0.005858,0.0227
3051,0.001663,0.0227
3052,-0.000257,0.0227
3053,-0.001510,0.0226
3054,-0.004146,0.0226
3055,-0.005309,0.0226
3056,-0.006308,0.0227
3057,-0.008600,0.0227
3058,-0.010068,0.0227
3059,-0.010820,0.0226
3060,-0.011330,0.0232
3061,-0.012606,0.0226
3062,-0.013074,0.0226
3063,-0.014524,0.0226
3064,-0.010395,0.0235
3065,-0.003163,0.0226
3066,0.003522,0.0226
3067,0.009788,0.0227
3068,0.016482,0.0227
3069,0.022075,0.0228
3070,0.023632,0.0227
3071,0.023127,0.0232
3072,0.022380,0.0228
3073,0.019691,0.0226
3074,0.014505,0.0227
3075,0.009182,0.0227
3076,0.004990,0.0226
3077,0.003878,0.0227
3078,0.004122,0.0226
3079,0.006713,0.0227
3080,0.008771,0.0227
3081,0.011170,0.0226
3082,0.016822,0.0228
3083,0.021572,0.0227
3084,0.027394,0.0226
3085,0.036414,0.0232
3086,0.062655,0.0227
3087,0.098108,0.0229
3088,0.120435,0.0227
3089,0.127266,0.0227
3090,0.124663,0.0227
3091,0.119697,0.0227
3092,0.114829,0.0227
3093,0.112323,0.0226
3094,0.112891,0.0227
3095,0.116974,0.0226
3096,0.122890,0.0227
3097,0.128041,0.0226
3098,0.132697,0.0227
3099,0.136801,0.0227
3100,0.140456,0.0227
3101,0.142636,0.0227
3102,0.142758,0.0226
3103,0.142170,0.0227
3104,0.141962,0.0227
3105,0.141963,0.0226
3106,0.142140,0.0227
3107,0.141952,0.0227
3108,0.139781,0.0226
3109,0.137114,0.0228
3110,0.134837,0.0227
3111,0.131789,0.0232
3112,0.127972,0.0228
3113,0.125313,0.0227
3114,0.124371,0.0227
3115,0.123684,0.0227
3116,0.122888,0.0226
3117,0.121736,0.0226
3118,0.120267,0.0226
3119,0.126968,0.0227
3120,0.138804,0.0227
3121,0.140967,0.0228
3122,0.131914,0.0227
3123,0.118458,0.0227
3124,0.108347,0.0226
3125,0.104358,0.0226
3126,0.104530,0.0226
3127,0.100841,0.0227
3128,0.097124,0.0226
3129,0.091165,0.0226
3130,0.086955,0.0227
3131,0.084597,0.0232
3132,0.084944,0.0226
3133,0.085466,0.0227
3134,0.083886,0.0226
3135,0.078050,0.0228
3136,0.072896,0.0227
3137,0.068765,0.0228
3138,0.066921,0.0228
3139,0.067199,0.0226
3140,0.067503,0.0227
3141,0.068543,0.0226
3142,0.068079,0.0226
3143,0.064322,0.0227
3144,0.063372,0.0228
3145,0.065573,0.0227
3146,0.064863,0.0226
3147,0.060566,0.0228
3148,0.056615,0.0226
3149,0.053093,0.0226
3150,0.049343,0.0226
3151,0.045916,0.0227
3152,0.048623,0.0226
3153,0.045816,0.0226
3154,0.040832,0.0226
3155,0.037077,0.0227
3156,0.037414,0.0227
3157,0.035444,0.0238
3158,0.038662,0.0226
3159,0.039877,0.0226
3160,0.042532,0.0227
3161,0.045327,0.0228
3162,0.042534,0.0227
3163,0.043504,0.0227
3164,0.043841,0.0228
3165,0.042348,0.0227
3166,0.041213,0.0226
3167,0.044707,0.0227
3168,0.046225,0.0227
3169,0.039729,0.0227
3170,0.035408,0.0226
3171,0.035323,0.0226
3172,0.035255,0.0227
3173,0.031721,0.0226
3174,0.027601,0.0228
3175,0.025468,0.0227
3176,0.022334,0.0227
3177,0.017490,0.0226
3178,0.012361,0.0226
3179,0.009240,0.0231
3180,0.007078,0.0227
3181,0.005652,0.0226
3182,0.004472,0.0226
3183,0.004093,0.0237
3184,0.003346,0.0226
3185,0.001093,0.0227
3186,-0.001505,0.0227
3187,-0.001507,0.0226
3188,-0.002144,0.0227
3189,-0.003858,0.0226
3190,-0.006102,0.0226
3191,-0.007287,0.0227
3192,-0.006901,0.0227
3193,-0.005483,0.0226
3194,-0.006937,0.0226
3195,-0.007258,0.0227
3196,-0.010005,0.0228
3197,-0.011082,0.0227
3198,0.004806,0.0227
3199,0.032881,0.0227
3200,0.053147,0.0226
3201,0.060548,0.0226
3202,0.055355,0.0227
3203,0.041169,0.0227
3204,0.021890,0.0237
3205,0.001714,0.0228
3206,-0.009910,0.0227
3207,-0.015725,0.0227
3208,-0.015829,0.0227
3209,-0.011472,0.0230
3210,-0.008788,0.0226
3211,-0.008513,0.0227
3212,-0.010666,0.0227
3213,-0.014297,0.0226
3214,-0.019576,0.0226
3215,-0.023415,0.0227
3216,-0.025928,0.0226
3217,-0.009874,0.0226
3218,0.015907,0.0226
3219,0.027621,0.0227
3220,0.025643,0.0227
3221,0.016879,0.0226
3222,0.009499,0.0227
3223,0.007647,0.0227
3224,0.010363,0.0227
3225,0.015210,0.0226
3226,0.021229,0.0227
3227,0.025955,0.0227
3228,0.028365,0.0230
3229,0.028699,0.0227
3230,0.026984,0.0236
3231,0.025734,0.0226
3232,0.026245,0.0227
3233,0.027833,0.0226
3234,0.029286,0.0227
3235,0.031104,0.0226
3236,0.030138,0.0227
3237,0.027240,0.0227
3238,0.024103,0.0226
3239,0.022024,0.0228
3240,0.019740,0.0227
3241,0.016427,0.0226
3242,0.012300,0.0227
3243,0.009005,0.0227
3244,0.005663,0.0226
3245,0.001038,0.0226
3246,-0.003511,0.0254
3247,-0.005567,0.0226
3248,-0.008369,0.0226
3249,-0.012290,0.0227
3250,-0.015943,0.0227
3251,-0.018791,0.0231
3252,-0.021672,0.0227
3253,-0.024886,0.0227
3254,-0.015200,0.0226
3255,-0.027757,0.0230
3256,-0.021313,0.0227
3257,-0.006691,0.0226
3258,-0.008155,0.0226
3259,-0.009938,0.0227
3260,-0.011869,0.0227
3261,-0.017242,0.0227
3262,-0.015437,0.0226
3263,-0.008719,0.0227
3264,-0.006942,0.0226
3265,-0.008799,0.0227
3266,-0.010017,0.0226
3267,-0.011162,0.0227
3268,-0.012359,0.0227
3269,-0.002203,0.0227
3270,0.009119,0.0226
3271,0.011035,0.0226
3272,0.007886,0.0228
3273,0.004611,0.0226
3274,0.001312,0.0227
3275,0.007364,0.0227
3276,0.006268,0.0227
3277,0.006264,0.0227
3278,0.004146,0.0226
3279,0.001172,0.0227
3280,0.002439,0.0227
3281,0.006012,0.0228
3282,0.011768,0.0226
3283,0.020508,0.0227
3284,0.027377,0.0227
3285,0.029108,0.0228
3286,0.028383,0.0226
3287,0.026982,0.0227
3288,0.025237,0.0227
3289,0.021800,0.0226
3290,0.017456,0.0227
3291,0.011311,0.0227
3292,0.004939,0.0226
3293,-0.002148,0.0227
3294,-0.007767,0.0226
3295,-0.014137,0.0227
3296,-0.019990,0.0227
3297,-0.024555,0.0226
3298,-0.027257,0.0228
3299,-0.028825,0.0230
3300,-0.028935,0.0226
3301,-0.030458,0.0227
3302,-0.032847,0.0228
3303,-0.034332,0.0226
3304,-0.033528,0.0231
3305,-0.033085,0.0227
3306,-0.031007,0.0227
3307,-0.032187,0.0226
3308,-0.031641,0.0226
3309,-0.032240,0.0227
3310,-0.031852,0.0227
3311,-0.033834,0.0226
3312,-0.033765,0.0227
3313,-0.031256,0.0226
3314,-0.029762,0.0227
3315,-0.029725,0.0227
3316,-0.031064,0.0227
3317,-0.028334,0.0226
3318,-0.026653,0.0226
3319,-0.029163,0.0227
3320,-0.031324,0.0226
3321,-0.030411,0.0226
3322,-0.027222,0.0227
3323,-0.027674,0.0229
3324,-0.030512,0.0227
3325,-0.030773,0.0233
3326,-0.028165,0.0227
3327,-0.027459,0.0226
3328,-0.030983,0.0226
3329,-0.031079,0.0227
3330,-0.025719,0.0228
3331,-0.020107,0.0226
3332,-0.013891,0.0226
3333,-0.006419,0.0227
3334,0.001176,0.0226
3335,0.009125,0.0226
3336,0.018165,0.0226
3337,0.025979,0.0226
3338,0.033625,0.0226
3339,0.040486,0.0226
3340,0.046663,0.0226
3341,0.053150,0.0228
3342,0.061517,0.0226
3343,0.068382,0.0226
3344,0.074267,0.0227
3345,0.079094,0.0226
3346,0.081988,0.0227
3347,0.091709,0.0227
3348,0.096474,0.0227
3349,0.098872,0.0227
3350,0.107523,0.0226
3351,0.115768,0.0226
3352,0.116257,0.0227
3353,0.114460,0.0228
3354,0.113546,0.0226
3355,0.112015,0.0227
3356,0.112576,0.0227
3357,0.116148,0.0227
3358,0.120618,0.0226
3359,0.124050,0.0227
3360,0.126612,0.0227
3361,0.127397,0.0227
3362,0.127470,0.0227
3363,0.125930,0.0227
3364,0.123386,0.0226
3365,0.119885,0.0227
3366,0.116102,0.0227
3367,0.111879,0.0227
3368,0.106937,0.0226
3369,0.102977,0.0226
3370,0.099706,0.0227
3371,0.097563,0.0227
3372,0.094713,0.0226
3373,0.090618,0.0227
3374,0.085030,0.0226
3375,0.080642,0.0227
3376,0.075882,0.0226
3377,0.070962,0.0227
3378,0.066761,0.0227
3379,0.062451,0.0227
3380,0.058034,0.0226
3381,0.054151,0.0227
3382,0.050974,0.0227
3383,0.049438,0.0226
3384,0.043801,0.0226
3385,0.041680,0.0226
3386,0.037979,0.0227
3387,0.036800,0.0226
3388,0.034177,0.0226
3389,0.033843,0.0226
3390,0.032575,0.0226
3391,0.037010,0.0226
3392,0.045902,0.0226
3393,0.054564,0.0226
3394,0.061140,0.0227
3395,0.064873,0.0233
3396,0.068366,0.0226
3397,0.070613,0.0227
3398,0.071774,0.0227
3399,0.072886,0.0226
3400,0.073857,0.0226
3401,0.076216,0.0226
3402,0.079622,0.0226
3403,0.084503,0.0226
3404,0.089493,0.0227
3405,0.095731,0.0228
3406,0.105184,0.0226
3407,0.114243,0.0226
3408,0.119704,0.0228
3409,0.122249,0.0226
3410,0.124347,0.0226
3411,0.126302,0.0228
3412,0.128457,0.0227
3413,0.129034,0.0227
3414,0.129212,0.0226
3415,0.128710,0.0226
3416,0.129189,0.0227
3417,0.130429,0.0235
3418,0.131004,0.0226
3419,0.132060,0.0228
3420,0.133828,0.0227
3421,0.135963,0.0226
3422,0.138453,0.0226
3423,0.140118,0.0227
3424,0.141317,0.0227
3425,0.141292,0.0227
3426,0.139482,0.0228
3427,0.137149,0.0227
3428,0.138259,0.0227
3429,0.139587,0.0227
3430,0.137052,0.0226
3431,0.136981,0.0227
3432,0.134438,0.0227
3433,0.128118,0.0227
3434,0.122276,0.0227
3435,0.119733,0.0227
3436,0.121054,0.0227
3437,0.119992,0.0226
3438,0.114749,0.0226
3439,0.111748,0.0226
3440,0.111850,0.0227
3441,0.110930,0.0227
3442,0.109893,0.0230
3443,0.110711,0.0226
3444,0.112744,0.0227
3445,0.116544,0.0228
3446,0.122366,0.0228
3447,0.127911,0.0226
3448,0.133097,0.0227
3449,0.137262,0.0226
3450,0.140198,0.0227
3451,0.141301,0.0227
3452,0.141987,0.0227
3453,0.141085,0.0227
3454,0.139076,0.0227
3455,0.136676,0.0226
3456,0.133380,0.0226
3457,0.128940,0.0226
3458,0.124177,0.0227
3459,0.121308,0.0227
3460,0.118389,0.0227
3461,0.112471,0.0226
3462,0.105073,0.0227
3463,0.099795,0.0226
3464,0.096297,0.0226
3465,0.092129,0.0226
3466,0.086278,0.0227
3467,0.080563,0.0227
3468,0.078387,0.0228
3469,0.078553,0.0226
3470,0.080089,0.0228
3471,0.081805,0.0232
3472,0.083382,0.0227
3473,0.084589,0.0227
3474,0.085232,0.0227
3475,0.086318,0.0226
3476,0.086923,0.0226
3477,0.087361,0.0226
3478,0.088159,0.0226
3479,0.088726,0.0227
3480,0.088192,0.0227
3481,0.087003,0.0226
3482,0.085683,0.0226
3483,0.083610,0.0226
3484,0.080561,0.0228
3485,0.077858,0.0227
3486,0.074454,0.0226
3487,0.069984,0.0227
3488,0.065560,0.0226
3489,0.060190,0.0230
3490,0.055672,0.0228
3491,0.051830,0.0227
3492,0.047619,0.0227
3493,0.044584,0.0234
3494,0.042388,0.0227
3495,0.039953,0.0227
3496,0.039428,0.0227
3497,0.040439,0.0227
3498,0.042842,0.0226
3499,0.045675,0.0226
3500,0.048415,0.0227
3501,0.049838,0.0226
3502,0.050468,0.0226
3503,0.050453,0.0227
3504,0.049876,0.0226
3505,0.048813,0.0227
3506,0.046575,0.0226
3507,0.044152,0.0226
3508,0.041474,0.0227
3509,0.038403,0.0227
3510,0.035067,0.0226
3511,0.031856,0.0227
3512,0.028473,0.0226
3513,0.025364,0.0227
3514,0.022750,0.0227
3515,0.020883,0.0227
3516,0.019387,0.0227
3517,0.018128,0.0228
3518,0.016669,0.0229
3519,0.015074,0.0226
3520,0.013272,0.0226
3521,0.011296,0.0227
3522,0.008949,0.0227
3523,0.006463,0.0227
3524,0.003887,0.0226
3525,0.000945,0.0227
3526,-0.002010,0.0226
3527,-0.004778,0.0226
3528,-0.007307,0.0226
3529,-0.009691,0.0226
3530,-0.011508,0.0227
3531,-0.013073,0.0226
3532,-0.014400,0.0227
3533,-0.015831,0.0227
3534,-0.017106,0.0226
3535,-0.018262,0.0227
3536,-0.019836,0.0237
3537,-0.021397,0.0227
3538,-0.023111,0.0226
3539,-0.024821,0.0228
3540,-0.026510,0.0228
3541,-0.028053,0.0227
3542,-0.029209,0.0226
3543,-0.029987,0.0227
3544,-0.030371,0.0226
3545,-0.031075,0.0227
3546,-0.031594,0.0226
3547,-0.031711,0.0226
3548,-0.032401,0.0227
3549,-0.033400,0.0227
3550,-0.034427,0.0227
3551,-0.035247,0.0227
3552,-0.035269,0.0231
3553,-0.034818,0.0226
3554,-0.034368,0.0226
3555,-0.034019,0.0226
3556,-0.033691,0.0228
3557,-0.033873,0.0227
3558,-0.034396,0.0226
3559,-0.034930,0.0227
3560,-0.035752,0.0226
3561,-0.037156,0.0225
3562,-0.038310,0.0227
3563,-0.039051,0.0227
3564,-0.039761,0.0226
3565,-0.040537,0.0226
3566,-0.041329,0.0227
3567,-0.042439,0.0227
3568,-0.043268,0.0227
3569,-0.043339,0.0227
3570,-0.042795,0.0227
3571,-0.042137,0.0230
3572,-0.041456,0.0227
3573,-0.040500,0.0227
3574,-0.039827,0.0228
3575,-0.039338,0.0228
3576,-0.039099,0.0227
3577,-0.038907,0.0228
3578,-0.039209,0.0226
3579,-0.039540,0.0227
3580,-0.039822,0.0228
3581,-0.040284,0.0227
3582,-0.040984,0.0226
3583,-0.041924,0.0226
3584,-0.042894,0.0226
3585,-0.043776,0.0226
3586,-0.044652,0.0227
3587,-0.045473,0.0227
3588,-0.046350,0.0226
3589,-0.047046,0.0227
3590,-0.047859,0.0227
3591,-0.048942,0.0237
3592,-0.050012,0.0230
3593,-0.051140,0.0226
3594,-0.051999,0.0226
3595,-0.053057,0.0231
3596,-0.054144,0.0226
3597,-0.055289,0.0227
3598,-0.056524,0.0227
3599,-0.057757,0.0226
3600,-0.058959,0.0226
3601,-0.059815,0.0226
3602,-0.060561,0.0227
3603,-0.061357,0.0227
3604,-0.062002,0.0227
3605,-0.062744,0.0227
3606,-0.063361,0.0226
3607,-0.064181,0.0226
3608,-0.064960,0.0226
3609,-0.065601,0.0228
3610,-0.066231,0.0226
3611,-0.066800,0.0227
3612,-0.067181,0.0226
3613,-0.067543,0.0227
3614,-0.067646,0.0227
3615,-0.067698,0.0230
3616,-0.068465,0.0227
3617,-0.069289,0.0227
3618,-0.070488,0.0228
3619,-0.070171,0.0239
3620,-0.069435,0.0225
3621,-0.071124,0.0226
3622,-0.073973,0.0227
3623,-0.076089,0.0227
3624,-0.077350,0.0226
3625,-0.078367,0.0227
3626,-0.079591,0.0227
3627,-0.080693,0.0229
3628,-0.081551,0.0227
3629,-0.082266,0.0226
3630,-0.082886,0.0226
3631,-0.083418,0.0226
3632,-0.083930,0.0226
3633,-0.084176,0.0227
3634,-0.085081,0.0227
3635,-0.086217,0.0226
3636,-0.087316,0.0227
3637,-0.088144,0.0227
3638,-0.088676,0.0227
3639,-0.088564,0.0227
3640,-0.088595,0.0237
3641,-0.088424,0.0226
3642,-0.088268,0.0227
3643,-0.088314,0.0226
3644,-0.088471,0.0226
3645,-0.089171,0.0230
3646,-0.089939,0.0227
3647,-0.091166,0.0227
3648,-0.092326,0.0227
3649,-0.093168,0.0227
3650,-0.093813,0.0227
3651,-0.094303,0.0226
3652,-0.094571,0.0226
3653,-0.095198,0.0227
3654,-0.095761,0.0227
3655,-0.096233,0.0227
3656,-0.096448,0.0227
3657,-0.096577,0.0227
3658,-0.096677,0.0227
3659,-0.096931,0.0227
3660,-0.097003,0.0227
3661,-0.096828,0.0226
3662,-0.096763,0.0226
3663,-0.096879,0.0227
3664,-0.096808,0.0229
3665,-0.095993,0.0227
3666,-0.094424,0.0232
3667,-0.092229,0.0228
3668,-0.089653,0.0227
3669,-0.086670,0.0226
3670,-0.083859,0.0227
3671,-0.081274,0.0226
3672,-0.079272,0.0229
3673,-0.077585,0.0227
3674,-0.076251,0.0226
3675,-0.075253,0.0227
3676,-0.074475,0.0226
3677,-0.073588,0.0227
3678,-0.072363,0.0226
3679,-0.071414,0.0227
3680,-0.070518,0.0227
3681,-0.069632,0.0227
3682,-0.069208,0.0227
3683,-0.069364,0.0226
3684,-0.069685,0.0227
3685,-0.070223,0.0226
3686,-0.071254,0.0237
3687,-0.072302,0.0230
3688,-0.073267,0.0226
3689,-0.074343,0.0230
3690,-0.076122,0.0228
3691,-0.078087,0.0227
3692,-0.080050,0.0226
3693,-0.082128,0.0226
3694,-0.084142,0.0226
3695,-0.086093,0.0226
3696,-0.088190,0.0247
3697,-0.088837,0.0226
3698,-0.088945,0.0226
3699,-0.089942,0.0226
3700,-0.091486,0.0226
3701,-0.093225,0.0226
3702,-0.094974,0.0226
3703,-0.095911,0.0226
3704,-0.096578,0.0228
3705,-0.097592,0.0227
3706,-0.099043,0.0227
3707,-0.100037,0.0227
3708,-0.101045,0.0227
3709,-0.101768,0.0226
3710,-0.102549,0.0226
3711,-0.103070,0.0226
3712,-0.103672,0.0228
3713,-0.104185,0.0227
3714,-0.104813,0.0226
3715,-0.105254,0.0226
3716,-0.105743,0.0227
3717,-0.105960,0.0226
3718,-0.106498,0.0226
3719,-0.106949,0.0226
3720,-0.107308,0.0227
3721,-0.107659,0.0226
3722,-0.107902,0.0227
3723,-0.108430,0.0227
3724,-0.109174,0.0227
3725,-0.110133,0.0226
3726,-0.110877,0.0226
3727,-0.111889,0.0227
3728,-0.112975,0.0227
3729,-0.114081,0.0227
3730,-0.115051,0.0226
3731,-0.115873,0.0227
3732,-0.116465,0.0226
3733,-0.117193,0.0227
3734,-0.117849,0.0226
3735,-0.118444,0.0230
3736,-0.118298,0.0227
3737,-0.116231,0.0227
3738,-0.113008,0.0227
3739,-0.109203,0.0228
3740,-0.105141,0.0226
3741,-0.101204,0.0225
3742,-0.096863,0.0228
3743,-0.092278,0.0227
3744,-0.086926,0.0229
3745,-0.081774,0.0227
3746,-0.078394,0.0227
3747,-0.076571,0.0228
3748,-0.075907,0.0226
3749,-0.074907,0.0227
3750,-0.074295,0.0227
3751,-0.074387,0.0227
3752,-0.075608,0.0226
3753,-0.077155,0.0227
3754,-0.078123,0.0226
3755,-0.078952,0.0227
3756,-0.080328,0.0227
3757,-0.082306,0.0227
3758,-0.084457,0.0227
3759,-0.082876,0.0227
3760,-0.077434,0.0228
3761,-0.073260,0.0230
3762,-0.072885,0.0226
3763,-0.075891,0.0226
3764,-0.080180,0.0228
3765,-0.083583,0.0227
3766,-0.085252,0.0227
3767,-0.085618,0.0226
3768,-0.085523,0.0227
3769,-0.085969,0.0226
3770,-0.087062,0.0227
3771,-0.089416,0.0227
3772,-0.092642,0.0227
3773,-0.095917,0.0226
3774,-0.098816,0.0226
3775,-0.100950,0.0227
3776,-0.102540,0.0227
3777,-0.103897,0.0226
3778,-0.105301,0.0226
3779,-0.106932,0.0226
3780,-0.108331,0.0227
3781,-0.108922,0.0227
3782,-0.109125,0.0226
3783,-0.109183,0.0230
3784,-0.108685,0.0227
3785,-0.108320,0.0233
3786,-0.108281,0.0227
3787,-0.108378,0.0226
3788,-0.108591,0.0227
3789,-0.108832,0.0227
3790,-0.109481,0.0226
3791,-0.110640,0.0227
3792,-0.112128,0.0227
3793,-0.113137,0.0226
3794,-0.113753,0.0227
3795,-0.114028,0.0227
3796,-0.114168,0.0226
3797,-0.114460,0.0226
3798,-0.114778,0.0226
3799,-0.115339,0.0226
3800,-0.115942,0.0228
3801,-0.116585,0.0227
3802,-0.117454,0.0227
3803,-0.118519,0.0226
3804,-0.119776,0.0226
3805,-0.121089,0.0228
3806,-0.122750,0.0226
3807,-0.124469,0.0227
3808,-0.126082,0.0228
3809,-0.127498,0.0227
3810,-0.128452,0.0227
3811,-0.129113,0.0227
3812,-0.129306,0.0227
3813,-0.129035,0.0227
3814,-0.129040,0.0226
3815,-0.129131,0.0227
3816,-0.129931,0.0226
3817,-0.130605,0.0226
3818,-0.131281,0.0226
3819,-0.131999,0.0226
3820,-0.132560,0.0227
3821,-0.133150,0.0226
3822,-0.133192,0.0227
3823,-0.132687,0.0226
3824,-0.131148,0.0227
3825,-0.128778,0.0226
3826,-0.126567,0.0227
3827,-0.124882,0.0227
3828,-0.123195,0.0226
3829,-0.121217,0.0228
3830,-0.119306,0.0227
3831,-0.118396,0.0227
3832,-0.117954,0.0228
3833,-0.118175,0.0226
3834,-0.119093,0.0229
3835,-0.120559,0.0226
3836,-0.122167,0.0227
3837,-0.123540,0.0226
3838,-0.124666,0.0226
3839,-0.125793,0.0227
3840,-0.127406,0.0227
3841,-0.129320,0.0227
3842,-0.131115,0.0226
3843,-0.132909,0.0227
3844,-0.134680,0.0226
3845,-0.136615,0.0226
3846,-0.138181,0.0227
3847,-0.139218,0.0227
3848,-0.139985,0.0227
3849,-0.140684,0.0227
3850,-0.141095,0.0226
3851,-0.141279,0.0227
3852,-0.141400,0.0226
3853,-0.141238,0.0226
3854,-0.141287,0.0226
3855,-0.141106,0.0227
3856,-0.140778,0.0229
3857,-0.141069,0.0227
3858,-0.141681,0.0226
3859,-0.142335,0.0228
3860,-0.143038,0.0226
3861,-0.143733,0.0228
3862,-0.144542,0.0227
3863,-0.145189,0.0226
3864,-0.145561,0.0227
3865,-0.145699,0.0227
3866,-0.145614,0.0227
3867,-0.145413,0.0226
3868,-0.145204,0.0227
3869,-0.144994,0.0226
3870,-0.144541,0.0226
3871,-0.143706,0.0227
3872,-0.142168,0.0226
3873,-0.140982,0.0227
3874,-0.139573,0.0227
3875,-0.137880,0.0227
3876,-0.135912,0.0226
3877,-0.134105,0.0227
3878,-0.132924,0.0230
3879,-0.132012,0.0227
3880,-0.130577,0.0227
3881,-0.129149,0.0228
3882,-0.128079,0.0230
3883,-0.127522,0.0226
3884,-0.127220,0.0226
3885,-0.126893,0.0226
3886,-0.126364,0.0226
3887,-0.126234,0.0227
3888,-0.126073,0.0227
3889,-0.125665,0.0228
3890,-0.125080,0.0227
3891,-0.124701,0.0227
3892,-0.124271,0.0226
3893,-0.123078,0.0226
3894,-0.121660,0.0226
3895,-0.120570,0.0226
3896,-0.119728,0.0227
3897,-0.118801,0.0227
3898,-0.118031,0.0227
3899,-0.117712,0.0227
3900,-0.117595,0.0226
3901,-0.117417,0.0227
3902,-0.116907,0.0230
3903,-0.116838,0.0226
3904,-0.117562,0.0227
3905,-0.118713,0.0235
3906,-0.120039,0.0226
3907,-0.121838,0.0226
3908,-0.123157,0.0226
3909,-0.124794,0.0226
3910,-0.127000,0.0226
3911,-0.129295,0.0228
3912,-0.131298,0.0226
3913,-0.133043,0.0227
3914,-0.134713,0.0226
3915,-0.136106,0.0225
3916,-0.137506,0.0227
3917,-0.138914,0.0226
3918,-0.140289,0.0227
3919,-0.141373,0.0228
3920,-0.142435,0.0228
3921,-0.143442,0.0227
3922,-0.144263,0.0226
3923,-0.143901,0.0227
3924,-0.142838,0.0232
3925,-0.142809,0.0227
3926,-0.144309,0.0227
3927,-0.146369,0.0227
3928,-0.147957,0.0229
3929,-0.148537,0.0227
3930,-0.148577,0.0228
3931,-0.148891,0.0227
3932,-0.149338,0.0227
3933,-0.149962,0.0227
3934,-0.149999,0.0227
3935,-0.149916,0.0227
3936,-0.150055,0.0227
3937,-0.149720,0.0226
3938,-0.150004,0.0226
3939,-0.150912,0.0226
3940,-0.152077,0.0227
3941,-0.153136,0.0227
3942,-0.153627,0.0226
3943,-0.154098,0.0226
3944,-0.154334,0.0227
3945,-0.154193,0.0227
3946,-0.153729,0.0226
3947,-0.153026,0.0226
3948,-0.152630,0.0226
3949,-0.151982,0.0227
3950,-0.151496,0.0231
3951,-0.150698,0.0227
3952,-0.150138,0.0226
3953,-0.150050,0.0228
3954,-0.150221,0.0228
3955,-0.150573,0.0226
3956,-0.149513,0.0227
3957,-0.147323,0.0228
3958,-0.145489,0.0228
3959,-0.144775,0.0226
3960,-0.145667,0.0227
3961,-0.146964,0.0226
3962,-0.148540,0.0227
3963,-0.150373,0.0226
3964,-0.152575,0.0226
3965,-0.153876,0.0227
3966,-0.154839,0.0226
3967,-0.155881,0.0226
3968,-0.157345,0.0226
3969,-0.158482,0.0227
3970,-0.159340,0.0226
3971,-0.159724,0.0227
3972,-0.159823,0.0235
3973,-0.159483,0.0226
3974,-0.158953,0.0226
3975,-0.157602,0.0227
3976,-0.155998,0.0234
3977,-0.153847,0.0227
3978,-0.151731,0.0226
3979,-0.149390,0.0226
3980,-0.147146,0.0226
3981,-0.144967,0.0227
3982,-0.143487,0.0227
3983,-0.142580,0.0227
3984,-0.141485,0.0227
3985,-0.140650,0.0226
3986,-0.139239,0.0226
3987,-0.138031,0.0226
3988,-0.136469,0.0227
3989,-0.134796,0.0226
3990,-0.133161,0.0226
3991,-0.132323,0.0227
3992,-0.132112,0.0226
3993,-0.131426,0.0227
3994,-0.130159,0.0226
3995,-0.128290,0.0226
3996,-0.126449,0.0227
3997,-0.124285,0.0226
3998,-0.122379,0.0233
3999,-0.120225,0.0227
4000,-0.117814,0.0227
4001,-0.115523,0.0228
4002,-0.112752,0.0227
4003,-0.110362,0.0226
4004,-0.107928,0.0226
4005,-0.105840,0.0228
4006,-0.103408,0.0228
4007,-0.101271,0.0227
4008,-0.099945,0.0227
4009,-0.099087,0.0227
4010,-0.098602,0.0227
4011,-0.098384,0.0227
4012,-0.098589,0.0227
4013,-0.098762,0.0226
4014,-0.098766,0.0227
4015,-0.098726,0.0227
4016,-0.099174,0.0228
4017,-0.099875,0.0226
4018,-0.101033,0.0227
4019,-0.102440,0.0226
4020,-0.104136,0.0233
4021,-0.105446,0.0227
4022,-0.106443,0.0227
4023,-0.104996,0.0226
4024,-0.102170,0.0230
4025,-0.101474,0.0227
4026,-0.103603,0.0226
4027,-0.106781,0.0227
4028,-0.108526,0.0226
4029,-0.108310,0.0226
4030,-0.106997,0.0226
4031,-0.106646,0.0227
4032,-0.107836,0.0226
4033,-0.109898,0.0227
4034,-0.111349,0.0226
4035,-0.111707,0.0226
4036,-0.111106,0.0226
4037,-0.111214,0.0226
4038,-0.111961,0.0227
4039,-0.113253,0.0227
4040,-0.114322,0.0226
4041,-0.115178,0.0225
4042,-0.115736,0.0226
4043,-0.115886,0.0227
4044,-0.115979,0.0227
4045,-0.116739,0.0228
4046,-0.117629,0.0228
4047,-0.118125,0.0227
4048,-0.118401,0.0227
4049,-0.118749,0.0228
4050,-0.119410,0.0226
4051,-0.119936,0.0226
4052,-0.120680,0.0227
4053,-0.119212,0.0227
4054,-0.115889,0.0227
4055,-0.114595,0.0227
4056,-0.116733,0.0227
4057,-0.120601,0.0227
4058,-0.123813,0.0226
4059,-0.124856,0.0226
4060,-0.124288,0.0226
4061,-0.123597,0.0226
4062,-0.124032,0.0226
4063,-0.125169,0.0226
4064,-0.127048,0.0227
4065,-0.128247,0.0227
4066,-0.128803,0.0227
4067,-0.128425,0.0235
4068,-0.128238,0.0227
4069,-0.128105,0.0227
4070,-0.127639,0.0227
4071,-0.126763,0.0228
4072,-0.125408,0.0226
4073,-0.122833,0.0227
4074,-0.120440,0.0226
4075,-0.118891,0.0225
4076,-0.118166,0.0226
4077,-0.117141,0.0226
4078,-0.116809,0.0226
4079,-0.116427,0.0227
4080,-0.116165,0.0226
4081,-0.116069,0.0227
4082,-0.116351,0.0227
4083,-0.117269,0.0226
4084,-0.118111,0.0226
4085,-0.119235,0.0227
4086,-0.120757,0.0226
4087,-0.122188,0.0226
4088,-0.123525,0.0226
4089,-0.124407,0.0227
4090,-0.125134,0.0227
4091,-0.125479,0.0227
4092,-0.126056,0.0227
4093,-0.126314,0.0234
4094,-0.126577,0.0230
4095,-0.126615,0.0226
4096,-0.126087,0.0228
4097,-0.125320,0.0226
4098,-0.123802,0.0226
4099,-0.121994,0.0227
4100,-0.120625,0.0227
4101,-0.120396,0.0226
4102,-0.119933,0.0227
4103,-0.119857,0.0228
4104,-0.119754,0.0227
4105,-0.120327,0.0226
4106,-0.121550,0.0226
4107,-0.123542,0.0226
4108,-0.124930,0.0226
4109,-0.126731,0.0226
4110,-0.128386,0.0227
4111,-0.129939,0.0226
4112,-0.131546,0.0226
4113,-0.132632,0.0226
4114,-0.133783,0.0237
4115,-0.135075,0.0227
4116,-0.135962,0.0230
4117,-0.136689,0.0226
4118,-0.137463,0.0226
4119,-0.137844,0.0228
4120,-0.138472,0.0229
4121,-0.139125,0.0227
4122,-0.139815,0.0227
4123,-0.139887,0.0227
4124,-0.138525,0.0226
4125,-0.136524,0.0227
4126,-0.133857,0.0227
4127,-0.130878,0.0227
4128,-0.128181,0.0226
4129,-0.125428,0.0226
4130,-0.123085,0.0227
4131,-0.120941,0.0227
4132,-0.119113,0.0227
4133,-0.117751,0.0227
4134,-0.115564,0.0227
4135,-0.114289,0.0227
4136,-0.114126,0.0228
4137,-0.112844,0.0227
4138,-0.111609,0.0226
4139,-0.111184,0.0227
4140,-0.110777,0.0226
4141,-0.102375,0.0227
4142,-0.098096,0.0230
4143,-0.094531,0.0227
4144,-0.092897,0.0227
4145,-0.095999,0.0227
4146,-0.099835,0.0227
4147,-0.103457,0.0228
4148,-0.107307,0.0227
4149,-0.110564,0.0227
4150,-0.114084,0.0227
4151,-0.116891,0.0226
4152,-0.118607,0.0226
4153,-0.119713,0.0226
4154,-0.121382,0.0226
4155,-0.123274,0.0226
4156,-0.123794,0.0227
4157,-0.125750,0.0227
4158,-0.127104,0.0227
4159,-0.126982,0.0226
4160,-0.126972,0.0227
4161,-0.125848,0.0226
4162,-0.123936,0.0227
4163,-0.122558,0.0227
4164,-0.120952,0.0227
4165,-0.119468,0.0226
4166,-0.119455,0.0231
4167,-0.119445,0.0228
4168,-0.119506,0.0230
4169,-0.120559,0.0226
4170,-0.121635,0.0226
4171,-0.122069,0.0226
4172,-0.123060,0.0227
4173,-0.124045,0.0226
4174,-0.124487,0.0226
4175,-0.125041,0.0227
4176,-0.125980,0.0227
4177,-0.127116,0.0227
4178,-0.128220,0.0226
4179,-0.129553,0.0226
4180,-0.130894,0.0226
4181,-0.132089,0.0227
4182,-0.133278,0.0226
4183,-0.134336,0.0227
4184,-0.135508,0.0227
4185,-0.136554,0.0227
4186,-0.137622,0.0237
4187,-0.138521,0.0225
4188,-0.139212,0.0226
4189,-0.139896,0.0227
4190,-0.140617,0.0228
4191,-0.141655,0.0227
4192,-0.142670,0.0227
4193,-0.143481,0.0227
4194,-0.144308,0.0226
4195,-0.145145,0.0226
4196,-0.145918,0.0226
4197,-0.146785,0.0227
4198,-0.147458,0.0226
4199,-0.148384,0.0227
4200,-0.149100,0.0227
4201,-0.149822,0.0227
4202,-0.150672,0.0226
4203,-0.151489,0.0226
4204,-0.152379,0.0226
4205,-0.153225,0.0227
4206,-0.153800,0.0227
4207,-0.154302,0.0226
4208,-0.154742,0.0227
4209,-0.155263,0.0227
4210,-0.155743,0.0231
4211,-0.156139,0.0226
4212,-0.156269,0.0226
4213,-0.156075,0.0226
4214,-0.155985,0.0226
4215,-0.156188,0.0226
4216,-0.156737,0.0227
4217,-0.157240,0.0226
4218,-0.157512,0.0226
4219,-0.157899,0.0226
4220,-0.158229,0.0226
4221,-0.158517,0.0227
4222,-0.158670,0.0227
4223,-0.159041,0.0226
4224,-0.159543,0.0226
4225,-0.159683,0.0227
4226,-0.160047,0.0227
4227,-0.160346,0.0226
4228,-0.160952,0.0225
4229,-0.161391,0.0226
4230,-0.161513,0.0226
4231,-0.161630,0.0226
4232,-0.161715,0.0227
4233,-0.161799,0.0226
4234,-0.162101,0.0227
4235,-0.162532,0.0227
4236,-0.162916,0.0226
4237,-0.163345,0.0226
4238,-0.163597,0.0235
4239,-0.163811,0.0226
4240,-0.164167,0.0226
4241,-0.164192,0.0227
4242,-0.164284,0.0226
4243,-0.164496,0.0226
4244,-0.164755,0.0225
4245,-0.165036,0.0226
4246,-0.165319,0.0227
4247,-0.165671,0.0227
4248,-0.165924,0.0227
4249,-0.165877,0.0227
4250,-0.165937,0.0228
4251,-0.165883,0.0227
4252,-0.165821,0.0226
4253,-0.165667,0.0227
4254,-0.165553,0.0226
4255,-0.165589,0.0227
4256,-0.165632,0.0227
4257,-0.165910,0.0226
4258,-0.166010,0.0227
4259,-0.165974,0.0226
4260,-0.166063,0.0238
4261,-0.166148,0.0226
4262,-0.166105,0.0227
4263,-0.165931,0.0226
4264,-0.165985,0.0230
4265,-0.166502,0.0226
4266,-0.167083,0.0227
4267,-0.167497,0.0226
4268,-0.167635,0.0225
4269,-0.167444,0.0225
4270,-0.167379,0.0226
4271,-0.167389,0.0226
4272,-0.167491,0.0227
4273,-0.167633,0.0226
4274,-0.167701,0.0227
4275,-0.167939,0.0226
4276,-0.168014,0.0226
4277,-0.168367,0.0226
4278,-0.168807,0.0227
4279,-0.169180,0.0227
4280,-0.169295,0.0226
4281,-0.169440,0.0227
4282,-0.169762,0.0231
4283,-0.170023,0.0226
4284,-0.170164,0.0226
4285,-0.170285,0.0227
4286,-0.170293,0.0236
4287,-0.170328,0.0226
4288,-0.170110,0.0227
4289,-0.170173,0.0226
4290,-0.169915,0.0226
4291,-0.169733,0.0226
4292,-0.169540,0.0226
4293,-0.169316,0.0228
4294,-0.169165,0.0226
4295,-0.169215,0.0228
4296,-0.168918,0.0227
4297,-0.168616,0.0227
4298,-0.168507,0.0226
4299,-0.168422,0.0226
4300,-0.168443,0.0226
4301,-0.168409,0.0226
4302,-0.168242,0.0227
4303,-0.168076,0.0226
4304,-0.168024,0.0227
4305,-0.167916,0.0226
4306,-0.168008,0.0226
4307,-0.167883,0.0227
4308,-0.167447,0.0229
4309,-0.167151,0.0227
4310,-0.166785,0.0227
4311,-0.166421,0.0227
4312,-0.166170,0.0230
4313,-0.166470,0.0226
4314,-0.166591,0.0226
4315,-0.166855,0.0226
4316,-0.167214,0.0226
4317,-0.167676,0.0226
4318,-0.168226,0.0228
4319,-0.168797,0.0227
4320,-0.169418,0.0227
4321,-0.169947,0.0226
4322,-0.170472,0.0227
4323,-0.170799,0.0226
4324,-0.171365,0.0226
4325,-0.171798,0.0226
4326,-0.172278,0.0227
4327,-0.172559,0.0228
4328,-0.172883,0.0226
4329,-0.173009,0.0228
4330,-0.173074,0.0227
4331,-0.172922,0.0226
4332,-0.172576,0.0227
4333,-0.172314,0.0227
4334,-0.172207,0.0228
4335,-0.172142,0.0227
4336,-0.172047,0.0227
4337,-0.172090,0.0226
4338,-0.172180,0.0227
4339,-0.172423,0.0227
4340,-0.172632,0.0227
4341,-0.172643,0.0227
4342,-0.172753,0.0227
4343,-0.172944,0.0227
4344,-0.172981,0.0227
4345,-0.173292,0.0226
4346,-0.173376,0.0227
4347,-0.173405,0.0227
4348,-0.173531,0.0226
4349,-0.173563,0.0226
4350,-0.173723,0.0227
4351,-0.173803,0.0226
4352,-0.173978,0.0227
4353,-0.174113,0.0227
4354,-0.174267,0.0226
4355,-0.174186,0.0226
4356,-0.174364,0.0226
4357,-0.174484,0.0226
4358,-0.174411,0.0231
4359,-0.174569,0.0227
4360,-0.174659,0.0227
4361,-0.174726,0.0226
4362,-0.174870,0.0226
4363,-0.174949,0.0226
4364,-0.175100,0.0227
4365,-0.175391,0.0226
4366,-0.175352,0.0227
4367,-0.175396,0.0227
4368,-0.175362,0.0226
4369,-0.175456,0.0226
4370,-0.175614,0.0227
4371,-0.175557,0.0226
4372,-0.174258,0.0226
4373,-0.171765,0.0226
4374,-0.169200,0.0227
4375,-0.167137,0.0227
4376,-0.165501,0.0226
4377,-0.163943,0.0227
4378,-0.162654,0.0227
4379,-0.161867,0.0227
4380,-0.161778,0.0226
4381,-0.162573,0.0226
4382,-0.163796,0.0228
4383,-0.165736,0.0228
4384,-0.167802,0.0226
4385,-0.169946,0.0227
4386,-0.172089,0.0227
4387,-0.173950,0.0226
4388,-0.175142,0.0226
4389,-0.176204,0.0226
4390,-0.176821,0.0226
4391,-0.177327,0.0226
4392,-0.177556,0.0227
4393,-0.177667,0.0226
4394,-0.177920,0.0226
4395,-0.177993,0.0226
4396,-0.178095,0.0226
4397,-0.178326,0.0226
4398,-0.178574,0.0227
4399,-0.178813,0.0227
4400,-0.179061,0.0227
4401,-0.179232,0.0228
4402,-0.179499,0.0226
4403,-0.179829,0.0227
4404,-0.180323,0.0226
4405,-0.180701,0.0226
4406,-0.180823,0.0226
4407,-0.181342,0.0227
4408,-0.181896,0.0227
4409,-0.182191,0.0226
4410,-0.182624,0.0226
4411,-0.182949,0.0226
4412,-0.183130,0.0226
4413,-0.183448,0.0226
4414,-0.183597,0.0226
4415,-0.183921,0.0228
4416,-0.183993,0.0226
4417,-0.182781,0.0227
4418,-0.179732,0.0226
4419,-0.175607,0.0227
4420,-0.171228,0.0227
4421,-0.167838,0.0226
4422,-0.165463,0.0227
4423,-0.164047,0.0227
4424,-0.163543,0.0227
4425,-0.163908,0.0227
4426,-0.165173,0.0227
4427,-0.167061,0.0226
4428,-0.169465,0.0226
4429,-0.172013,0.0226
4430,-0.174586,0.0226
4431,-0.177013,0.0226
4432,-0.179065,0.0226
4433,-0.180898,0.0226
4434,-0.182154,0.0226
4435,-0.182772,0.0230
4436,-0.183292,0.0227
4437,-0.183585,0.0226
4438,-0.183944,0.0226
4439,-0.184221,0.0227
4440,-0.184245,0.0226
4441,-0.184215,0.0227
4442,-0.184206,0.0227
4443,-0.184134,0.0226
4444,-0.183803,0.0227
4445,-0.183897,0.0231
4446,-0.183573,0.0227
4447,-0.183052,0.0227
4448,-0.182890,0.0227
4449,-0.182590,0.0228
4450,-0.182285,0.0226
4451,-0.181900,0.0226
4452,-0.181570,0.0228
4453,-0.181382,0.0229
4454,-0.181336,0.0227
4455,-0.181295,0.0227
4456,-0.181376,0.0226
4457,-0.181440,0.0226
4458,-0.181550,0.0226
4459,-0.181584,0.0227
4460,-0.181536,0.0226
4461,-0.181594,0.0228
4462,-0.181796,0.0226
4463,-0.181953,0.0226
4464,-0.182043,0.0229
4465,-0.182077,0.0227
4466,-0.182325,0.0226
4467,-0.182762,0.0226
4468,-0.183415,0.0226
4469,-0.183920,0.0227
4470,-0.184466,0.0227
4471,-0.184779,0.0226
4472,-0.185135,0.0226
4473,-0.185372,0.0226
4474,-0.185527,0.0232
4475,-0.185842,0.0226
4476,-0.186103,0.0226
4477,-0.186388,0.0226
4478,-0.186788,0.0227
4479,-0.187081,0.0226
4480,-0.187353,0.0226
4481,-0.187752,0.0226
4482,-0.188118,0.0226
4483,-0.188207,0.0229
4484,-0.188358,0.0226
4485,-0.188512,0.0226
4486,-0.188588,0.0227
4487,-0.188714,0.0227
4488,-0.188732,0.0226
4489,-0.188669,0.0226
4490,-0.188676,0.0226
4491,-0.188606,0.0226
4492,-0.188451,0.0227
4493,-0.188011,0.0228
4494,-0.187591,0.0226
4495,-0.187112,0.0226
4496,-0.186561,0.0228
4497,-0.185906,0.0227
4498,-0.185236,0.0227
4499,-0.184755,0.0227
4500,-0.184150,0.0226
4501,-0.183491,0.0226
4502,-0.182849,0.0226
4503,-0.182195,0.0227
4504,-0.181595,0.0227
4505,-0.181135,0.0228
4506,-0.180765,0.0227
4507,-0.180549,0.0227
4508,-0.180106,0.0227
4509,-0.179928,0.0226
4510,-0.180177,0.0227
4511,-0.180329,0.0227
4512,-0.180637,0.0227
4513,-0.180949,0.0227
4514,-0.181046,0.0226
4515,-0.181341,0.0227
4516,-0.181559,0.0227
4517,-0.181773,0.0226
4518,-0.182038,0.0226
4519,-0.182294,0.0227
4520,-0.182553,0.0227
4521,-0.182710,0.0226
4522,-0.183058,0.0226
4523,-0.183378,0.0226
4524,-0.183932,0.0226
4525,-0.184192,0.0227
4526,-0.184545,0.0227
4527,-0.184785,0.0227
4528,-0.185148,0.0228
4529,-0.185503,0.0227
4530,-0.185750,0.0226
4531,-0.185929,0.0227
4532,-0.186048,0.0226
4533,-0.186293,0.0226
4534,-0.186616,0.0226
4535,-0.186767,0.0226
4536,-0.186823,0.0226
4537,-0.186895,0.0227
4538,-0.186821,0.0226
4539,-0.186567,0.0226
4540,-0.186381,0.0227
4541,-0.186144,0.0234
4542,-0.185807,0.0228
4543,-0.185534,0.0227
4544,-0.185398,0.0227
4545,-0.185345,0.0227
4546,-0.185171,0.0227
4547,-0.185145,0.0226
4548,-0.185246,0.0226
4549,-0.185442,0.0226
4550,-0.185638,0.0226
4551,-0.185854,0.0227
4552,-0.185938,0.0227
4553,-0.185983,0.0227
4554,-0.186277,0.0227
4555,-0.186722,0.0228
4556,-0.187027,0.0226
4557,-0.187572,0.0227
4558,-0.187778,0.0227
4559,-0.187890,0.0227
4560,-0.187746,0.0226
4561,-0.188099,0.0226
4562,-0.188640,0.0231
4563,-0.188616,0.0227
4564,-0.188286,0.0229
4565,-0.187873,0.0226
4566,-0.187803,0.0227
4567,-0.187769,0.0228
4568,-0.187479,0.0230
4569,-0.186834,0.0226
4570,-0.186516,0.0225
4571,-0.186223,0.0226
4572,-0.185507,0.0225
4573,-0.184802,0.0227
4574,-0.184045,0.0226
4575,-0.183511,0.0226
4576,-0.183213,0.0227
4577,-0.182858,0.0227
4578,-0.182434,0.0226
4579,-0.182019,0.0226
4580,-0.181667,0.0227
4581,-0.181433,0.0226
4582,-0.181168,0.0226
4583,-0.180971,0.0226
4584,-0.180892,0.0226
4585,-0.180851,0.0226
4586,-0.180922,0.0227
4587,-0.181113,0.0226
4588,-0.181542,0.0234
4589,-0.181854,0.0227
4590,-0.182479,0.0226
4591,-0.183079,0.0227
4592,-0.183762,0.0228
4593,-0.184158,0.0230
4594,-0.184538,0.0226
4595,-0.184934,0.0226
4596,-0.185463,0.0227
4597,-0.185683,0.0227
4598,-0.186044,0.0226
4599,-0.186397,0.0226
4600,-0.186654,0.0228
4601,-0.186879,0.0227
4602,-0.187171,0.0227
4603,-0.187513,0.0227
4604,-0.187703,0.0227
4605,-0.187889,0.0226
4606,-0.187860,0.0226
4607,-0.187787,0.0228
4608,-0.187509,0.0227
4609,-0.187127,0.0227
4610,-0.186904,0.0226
4611,-0.186567,0.0226
4612,-0.186198,0.0231
4613,-0.185840,0.0226
4614,-0.185726,0.0234
4615,-0.185723,0.0229
4616,-0.185717,0.0231
4617,-0.185756,0.0227
4618,-0.185770,0.0226
4619,-0.185850,0.0226
4620,-0.186042,0.0226
4621,-0.186292,0.0227
4622,-0.186614,0.0226
4623,-0.187110,0.0226
4624,-0.187520,0.0227
4625,-0.187895,0.0227
4626,-0.188337,0.0227
4627,-0.188436,0.0227
4628,-0.188585,0.0227
4629,-0.188578,0.0226
4630,-0.188541,0.0227
4631,-0.188206,0.0227
4632,-0.188285,0.0227
4633,-0.188111,0.0227
4634,-0.188141,0.0237
4635,-0.188056,0.0229
4636,-0.188004,0.0226
4637,-0.187975,0.0227
4638,-0.188147,0.0230
4639,-0.187894,0.0226
4640,-0.187854,0.0226
4641,-0.187760,0.0226
4642,-0.187771,0.0227
4643,-0.187772,0.0226
4644,-0.187652,0.0226
4645,-0.187430,0.0226
4646,-0.187123,0.0226
4647,-0.187161,0.0227
4648,-0.186810,0.0227
4649,-0.186363,0.0226
4650,-0.185958,0.0225
4651,-0.185731,0.0226
4652,-0.185371,0.0227
4653,-0.184818,0.0226
4654,-0.184056,0.0226
4655,-0.183577,0.0227
4656,-0.183535,0.0226
4657,-0.183881,0.0227
4658,-0.184183,0.0227
4659,-0.184503,0.0226
4660,-0.184910,0.0238
4661,-0.185279,0.0226
4662,-0.185851,0.0227
4663,-0.186390,0.0226
4664,-0.186711,0.0228
4665,-0.187163,0.0226
4666,-0.187588,0.0227
4667,-0.187850,0.0226
4668,-0.188159,0.0227
4669,-0.188350,0.0227
4670,-0.188406,0.0226
4671,-0.188405,0.0226
4672,-0.188163,0.0227
4673,-0.187971,0.0226
4674,-0.187986,0.0227
4675,-0.188200,0.0227
4676,-0.188214,0.0227
4677,-0.188498,0.0226
4678,-0.188750,0.0227
4679,-0.189027,0.0226
4680,-0.189348,0.0227
4681,-0.189525,0.0226
4682,-0.189622,0.0228
4683,-0.189811,0.0226
4684,-0.190134,0.0226
4685,-0.190518,0.0227
4686,-0.190727,0.0237
4687,-0.191056,0.0226
4688,-0.191355,0.0227
4689,-0.191376,0.0226
4690,-0.191292,0.0226
4691,-0.191472,0.0226
4692,-0.191600,0.0227
4693,-0.191636,0.0226
4694,-0.191764,0.0226
4695,-0.191872,0.0226
4696,-0.192104,0.0228
4697,-0.192326,0.0226
4698,-0.192505,0.0226
4699,-0.192698,0.0225
4700,-0.192991,0.0226
4701,-0.193101,0.0227
4702,-0.193105,0.0226
4703,-0.193285,0.0226
4704,-0.193188,0.0227
4705,-0.193138,0.0226
4706,-0.192985,0.0226
4707,-0.191677,0.0226
4708,-0.188599,0.0236
4709,-0.185272,0.0225
4710,-0.182505,0.0226
4711,-0.180756,0.0227
4712,-0.180339,0.0227
4713,-0.180978,0.0227
4714,-0.182496,0.0226
4715,-0.184144,0.0226
4716,-0.185693,0.0225
4717,-0.186723,0.0227
4718,-0.187302,0.0226
4719,-0.187413,0.0227
4720,-0.187208,0.0227
4721,-0.186802,0.0227
4722,-0.186619,0.0226
4723,-0.186559,0.0226
4724,-0.187031,0.0226
4725,-0.187523,0.0226
4726,-0.188144,0.0227
4727,-0.188738,0.0226
4728,-0.188860,0.0227
4729,-0.188891,0.0227
4730,-0.188462,0.0226
4731,-0.188292,0.0226
4732,-0.188267,0.0227
4733,-0.188208,0.0230
4734,-0.188195,0.0226
4735,-0.188323,0.0226
4736,-0.188556,0.0226
4737,-0.188720,0.0226
4738,-0.188734,0.0226
4739,-0.189135,0.0227
4740,-0.189587,0.0226
4741,-0.190017,0.0226
4742,-0.187413,0.0227
4743,-0.182174,0.0227
4744,-0.178278,0.0226
4745,-0.177432,0.0226
4746,-0.179215,0.0225
4747,-0.182220,0.0227
4748,-0.185253,0.0226
4749,-0.187426,0.0227
4750,-0.188946,0.0226
4751,-0.190032,0.0226
4752,-0.191052,0.0227
4753,-0.191532,0.0226
4754,-0.191996,0.0226
4755,-0.192232,0.0228
4756,-0.192284,0.0225
4757,-0.192582,0.0234
4758,-0.192953,0.0227
4759,-0.193198,0.0227
4760,-0.193674,0.0227
4761,-0.193949,0.0227
4762,-0.193911,0.0226
4763,-0.193835,0.0227
4764,-0.193817,0.0226
4765,-0.193707,0.0226
4766,-0.193667,0.0226
4767,-0.193868,0.0226
4768,-0.193292,0.0226
4769,-0.192309,0.0226
4770,-0.191151,0.0227
4771,-0.190480,0.0227
4772,-0.189865,0.0226
4773,-0.189652,0.0226
4774,-0.189792,0.0227
4775,-0.190061,0.0226
4776,-0.190670,0.0227
4777,-0.191209,0.0234
4778,-0.192017,0.0227
4779,-0.192903,0.0226
4780,-0.193516,0.0226
4781,-0.194099,0.0227
4782,-0.194207,0.0226
4783,-0.194170,0.0228
4784,-0.194324,0.0227
4785,-0.194394,0.0226
4786,-0.194650,0.0226
4787,-0.194773,0.0227
4788,-0.194892,0.0226
4789,-0.194987,0.0226
4790,-0.195178,0.0227
4791,-0.195386,0.0226
4792,-0.195828,0.0226
4793,-0.196324,0.0226
4794,-0.196661,0.0227
4795,-0.197008,0.0226
4796,-0.197428,0.0227
4797,-0.197731,0.0226
4798,-0.198083,0.0226
4799,-0.198376,0.0226
4800,-0.198814,0.0227
4801,-0.199103,0.0227
4802,-0.199132,0.0227
4803,-0.199257,0.0226
4804,-0.199458,0.0227
4805,-0.199622,0.0226
4806,-0.199749,0.0227
4807,-0.199871,0.0228
4808,-0.199756,0.0227
4809,-0.199922,0.0227
4810,-0.199908,0.0226
4811,-0.199906,0.0228
4812,-0.199859,0.0227
4813,-0.199395,0.0226
4814,-0.199142,0.0226
4815,-0.199211,0.0226
4816,-0.199401,0.0227
4817,-0.200087,0.0227
4818,-0.200382,0.0227
4819,-0.200307,0.0226
4820,-0.200258,0.0226
4821,-0.200266,0.0226
4822,-0.200404,0.0226
4823,-0.200757,0.0226
4824,-0.200805,0.0230
4825,-0.201080,0.0226
4826,-0.201289,0.0230
4827,-0.201318,0.0227
4828,-0.201448,0.0226
4829,-0.201575,0.0229
4830,-0.201383,0.0228
4831,-0.201471,0.0227
4832,-0.200306,0.0226
4833,-0.198164,0.0226
4834,-0.195483,0.0227
4835,-0.192772,0.0226
4836,-0.190650,0.0226
4837,-0.189241,0.0226
4838,-0.188937,0.0226
4839,-0.189513,0.0227
4840,-0.190652,0.0227
4841,-0.192239,0.0227
4842,-0.193939,0.0227
4843,-0.195760,0.0226
4844,-0.197319,0.0226
4845,-0.198665,0.0225
4846,-0.199324,0.0226
4847,-0.199262,0.0227
4848,-0.199051,0.0227
4849,-0.198578,0.0226
4850,-0.196017,0.0232
4851,-0.193631,0.0227
4852,-0.194939,0.0227
4853,-0.196872,0.0226
4854,-0.196747,0.0227
4855,-0.195791,0.0231
4856,-0.196292,0.0227
4857,-0.197367,0.0226
4858,-0.197873,0.0226
4859,-0.197775,0.0225
4860,-0.197705,0.0226
4861,-0.198375,0.0226
4862,-0.199690,0.0226
4863,-0.200298,0.0226
4864,-0.200149,0.0226
4865,-0.199764,0.0226
4866,-0.198725,0.0226
4867,-0.198295,0.0226
4868,-0.198551,0.0226
4869,-0.198689,0.0226
4870,-0.198468,0.0226
4871,-0.198230,0.0226
4872,-0.198320,0.0226
4873,-0.198172,0.0228
4874,-0.197732,0.0227
4875,-0.197364,0.0227
4876,-0.197379,0.0226
4877,-0.197138,0.0227
4878,-0.196787,0.0226
4879,-0.195968,0.0226
4880,-0.194892,0.0227
4881,-0.193994,0.0226
4882,-0.193506,0.0226
4883,-0.193243,0.0227
4884,-0.192953,0.0226
4885,-0.192691,0.0225
4886,-0.192683,0.0227
4887,-0.192531,0.0226
4888,-0.192556,0.0226
4889,-0.192698,0.0227
4890,-0.192897,0.0226
4891,-0.193166,0.0226
4892,-0.193483,0.0226
4893,-0.193749,0.0226
4894,-0.193959,0.0227
4895,-0.194227,0.0225
4896,-0.194670,0.0227
4897,-0.195147,0.0227
4898,-0.195605,0.0227
4899,-0.195901,0.0226
4900,-0.196386,0.0227
4901,-0.196879,0.0227
4902,-0.197348,0.0229
4903,-0.197913,0.0226
4904,-0.198438,0.0226
4905,-0.198877,0.0226
4906,-0.199389,0.0227
4907,-0.199831,0.0226
4908,-0.199692,0.0227
4909,-0.199362,0.0226
4910,-0.199379,0.0226
4911,-0.199999,0.0226
4912,-0.200832,0.0226
4913,-0.201448,0.0226
4914,-0.201964,0.0227
4915,-0.202166,0.0226
4916,-0.202428,0.0227
4917,-0.202727,0.0226
4918,-0.203024,0.0227
4919,-0.203252,0.0226
4920,-0.203427,0.0236
4921,-0.203747,0.0231
4922,-0.203802,0.0226
4923,-0.204047,0.0226
4924,-0.204410,0.0230
4925,-0.204862,0.0227
4926,-0.205078,0.0227
4927,-0.205113,0.0227
4928,-0.205199,0.0226
4929,-0.205226,0.0226
4930,-0.205233,0.0227
4931,-0.205487,0.0226
4932,-0.205754,0.0226
4933,-0.205902,0.0225
4934,-0.206255,0.0227
4935,-0.206496,0.0227
4936,-0.206838,0.0227
4937,-0.206987,0.0227
4938,-0.206904,0.0226
4939,-0.207208,0.0226
4940,-0.207403,0.0227
4941,-0.207641,0.0227
4942,-0.207736,0.0226
4943,-0.207904,0.0227
4944,-0.207928,0.0226
4945,-0.207897,0.0226
4946,-0.207920,0.0234
4947,-0.207886,0.0226
4948,-0.207991,0.0227
4949,-0.208023,0.0226
4950,-0.208253,0.0226
4951,-0.208243,0.0226
4952,-0.208347,0.0227
4953,-0.208466,0.0227
4954,-0.208562,0.0227
4955,-0.208733,0.0225
4956,-0.208871,0.0226
4957,-0.209009,0.0227
4958,-0.209087,0.0226
4959,-0.209292,0.0228
4960,-0.209492,0.0228
4961,-0.209681,0.0226
4962,-0.210021,0.0226
4963,-0.210077,0.0226
4964,-0.210237,0.0226
4965,-0.210440,0.0226
4966,-0.210700,0.0226
4967,-0.210871,0.0226
4968,-0.210931,0.0231
4969,-0.211086,0.0227
4970,-0.211299,0.0226
4971,-0.211557,0.0227
4972,-0.211367,0.0239
4973,-0.211056,0.0226
4974,-0.210922,0.0226
4975,-0.210449,0.0226
4976,-0.209848,0.0228
4977,-0.209490,0.0227
4978,-0.209221,0.0227
4979,-0.208769,0.0227
4980,-0.208621,0.0226
4981,-0.208585,0.0227
4982,-0.208659,0.0225
4983,-0.208686,0.0226
4984,-0.208438,0.0226
4985,-0.208411,0.0226
4986,-0.208543,0.0227
4987,-0.208655,0.0226
4988,-0.208715,0.0226
4989,-0.208580,0.0228
4990,-0.208215,0.0227
4991,-0.207927,0.0226
4992,-0.207559,0.0227
4993,-0.207107,0.0227
4994,-0.206846,0.0229
4995,-0.206483,0.0226
4996,-0.206324,0.0226
4997,-0.206279,0.0227
4998,-0.206221,0.0226
4999,-0.206053,0.0226
5000,-0.206144,0.0226
5001,-0.206367,0.0227
5002,-0.206728,0.0227
5003,-0.207171,0.0226
5004,-0.207604,0.0227
5005,-0.208222,0.0226
5006,-0.208649,0.0227
5007,-0.209133,0.0226
5008,-0.209451,0.0227
5009,-0.209650,0.0226
5010,-0.210003,0.0226
5011,-0.210294,0.0227
5012,-0.210500,0.0226
5013,-0.210832,0.0226
5014,-0.210519,0.0227
5015,-0.210392,0.0227
5016,-0.210973,0.0226
5017,-0.211001,0.0226
5018,-0.210645,0.0226
5019,-0.210730,0.0230
5020,-0.210649,0.0226
5021,-0.210552,0.0227
5022,-0.210498,0.0226
5023,-0.210391,0.0226
5024,-0.210525,0.0226
5025,-0.210631,0.0227
5026,-0.210840,0.0226
5027,-0.210940,0.0226
5028,-0.211241,0.0225
5029,-0.211546,0.0226
5030,-0.211929,0.0227
5031,-0.212168,0.0226
5032,-0.212329,0.0227
5033,-0.212569,0.0226
5034,-0.212804,0.0227
5035,-0.213031,0.0226
5036,-0.213324,0.0226
5037,-0.213548,0.0226
5038,-0.213684,0.0227
5039,-0.213624,0.0227
5040,-0.213461,0.0226
5041,-0.213338,0.0226
5042,-0.212994,0.0226
5043,-0.212708,0.0233
5044,-0.212501,0.0228
5045,-0.212232,0.0230
5046,-0.211988,0.0226
5047,-0.210067,0.0226
5048,-0.209229,0.0226
5049,-0.210344,0.0227
5050,-0.211522,0.0252
5051,-0.211183,0.0227
5052,-0.210692,0.0226
5053,-0.210729,0.0226
5054,-0.211370,0.0226
5055,-0.212117,0.0226
5056,-0.212294,0.0226
5057,-0.212350,0.0227
5058,-0.212706,0.0227
5059,-0.213219,0.0226
5060,-0.213443,0.0226
5061,-0.213674,0.0226
5062,-0.214047,0.0226
5063,-0.214079,0.0226
5064,-0.213325,0.0227
5065,-0.212626,0.0226
5066,-0.211576,0.0227
5067,-0.209752,0.0226
5068,-0.207718,0.0226
5069,-0.205801,0.0226
5070,-0.203984,0.0227
5071,-0.202409,0.0226
5072,-0.200633,0.0226
5073,-0.199185,0.0227
5074,-0.198022,0.0227
5075,-0.196998,0.0226
5076,-0.196091,0.0226
5077,-0.195258,0.0227
5078,-0.194501,0.0226
5079,-0.193847,0.0226
5080,-0.193466,0.0226
5081,-0.193101,0.0226
5082,-0.192547,0.0226
5083,-0.192357,0.0227
5084,-0.192108,0.0226
5085,-0.192259,0.0226
5086,-0.192234,0.0226
5087,-0.192103,0.0227
5088,-0.191903,0.0227
5089,-0.192032,0.0234
5090,-0.192101,0.0226
5091,-0.192360,0.0226
5092,-0.192563,0.0227
5093,-0.191131,0.0229
5094,-0.189197,0.0226
5095,-0.187813,0.0226
5096,-0.187521,0.0226
5097,-0.188192,0.0226
5098,-0.189827,0.0227
5099,-0.191586,0.0226
5100,-0.192475,0.0226
5101,-0.192427,0.0225
5102,-0.191692,0.0226
5103,-0.191025,0.0226
5104,-0.190086,0.0227
5105,-0.189193,0.0226
5106,-0.188714,0.0227
5107,-0.188762,0.0226
5108,-0.188649,0.0226
5109,-0.188381,0.0226
5110,-0.188315,0.0226
5111,-0.188443,0.0227
5112,-0.188672,0.0229
5113,-0.189142,0.0226
5114,-0.189638,0.0226
5115,-0.190278,0.0227
5116,-0.191003,0.0227
5117,-0.191716,0.0226
5118,-0.192399,0.0226
5119,-0.193261,0.0228
5120,-0.194306,0.0227
5121,-0.195222,0.0227
5122,-0.195552,0.0226
5123,-0.195741,0.0226
5124,-0.195858,0.0226
5125,-0.195864,0.0226
5126,-0.195923,0.0226
5127,-0.196251,0.0226
5128,-0.196498,0.0226
5129,-0.196567,0.0227
5130,-0.196634,0.0226
5131,-0.196777,0.0227
5132,-0.197101,0.0226
5133,-0.197430,0.0226
5134,-0.196135,0.0227
5135,-0.193152,0.0227
5136,-0.189703,0.0235
5137,-0.186934,0.0228
5138,-0.184936,0.0229
5139,-0.183547,0.0226
5140,-0.183211,0.0227
5141,-0.183527,0.0227
5142,-0.184562,0.0227
5143,-0.185788,0.0226
5144,-0.187245,0.0227
5145,-0.188981,0.0227
5146,-0.190694,0.0227
5147,-0.192398,0.0226
5148,-0.194041,0.0225
5149,-0.195205,0.0225
5150,-0.196077,0.0227
5151,-0.196737,0.0226
5152,-0.197302,0.0228
5153,-0.197750,0.0226
5154,-0.197803,0.0227
5155,-0.197722,0.0226
5156,-0.197307,0.0227
5157,-0.197085,0.0225
5158,-0.196614,0.0227
5159,-0.196441,0.0230
5160,-0.196298,0.0226
5161,-0.196590,0.0226
5162,-0.196891,0.0226
5163,-0.197369,0.0233
5164,-0.197897,0.0226
5165,-0.198497,0.0227
5166,-0.199127,0.0226
5167,-0.199366,0.0226
5168,-0.199881,0.0227
5169,-0.200516,0.0226
5170,-0.200985,0.0227
5171,-0.201765,0.0227
5172,-0.202479,0.0227
5173,-0.202503,0.0226
5174,-0.200046,0.0226
5175,-0.196044,0.0226
5176,-0.191892,0.0227
5177,-0.188646,0.0227
5178,-0.186292,0.0227
5179,-0.184713,0.0227
5180,-0.183687,0.0226
5181,-0.182707,0.0227
5182,-0.181326,0.0227
5183,-0.180692,0.0226
5184,-0.181098,0.0227
5185,-0.182377,0.0228
5186,-0.184076,0.0226
5187,-0.185586,0.0226
5188,-0.186698,0.0230
5189,-0.187824,0.0226
5190,-0.188714,0.0226
5191,-0.190051,0.0226
5192,-0.191640,0.0226
5193,-0.193258,0.0226
5194,-0.194752,0.0226
5195,-0.195823,0.0226
5196,-0.196630,0.0227
5197,-0.197578,0.0226
5198,-0.198715,0.0226
5199,-0.200042,0.0226
5200,-0.201135,0.0226
5201,-0.202104,0.0226
5202,-0.202925,0.0226
5203,-0.203704,0.0226
5204,-0.204397,0.0227
5205,-0.205238,0.0225
5206,-0.205643,0.0236
5207,-0.206592,0.0227
5208,-0.207201,0.0227
5209,-0.207696,0.0227
5210,-0.208037,0.0230
5211,-0.208291,0.0226
5212,-0.208301,0.0232
5213,-0.208107,0.0228
5214,-0.208036,0.0226
5215,-0.207787,0.0226
5216,-0.207347,0.0226
5217,-0.206826,0.0227
5218,-0.206159,0.0227
5219,-0.205445,0.0227
5220,-0.204682,0.0226
5221,-0.204257,0.0226
5222,-0.203642,0.0226
5223,-0.203309,0.0226
5224,-0.202665,0.0226
5225,-0.202210,0.0227
5226,-0.202144,0.0227
5227,-0.202220,0.0226
5228,-0.201949,0.0226
5229,-0.201649,0.0226
5230,-0.201118,0.0226
5231,-0.200982,0.0227
5232,-0.201179,0.0227
5233,-0.201496,0.0226
5234,-0.201787,0.0226
5235,-0.202269,0.0229
5236,-0.202716,0.0226
5237,-0.203246,0.0227
5238,-0.203751,0.0226
5239,-0.204159,0.0227
5240,-0.204575,0.0226
5241,-0.205182,0.0226
5242,-0.205689,0.0228
5243,-0.206291,0.0227
5244,-0.206852,0.0227
5245,-0.207597,0.0227
5246,-0.208181,0.0227
5247,-0.208750,0.0227
5248,-0.209262,0.0226
5249,-0.209797,0.0226
5250,-0.209929,0.0226
5251,-0.210258,0.0227
5252,-0.210452,0.0226
5253,-0.210781,0.0227
5254,-0.210831,0.0229
5255,-0.210976,0.0226
5256,-0.211034,0.0226
5257,-0.210812,0.0226
5258,-0.210214,0.0226
5259,-0.209589,0.0226
5260,-0.209010,0.0226
5261,-0.208853,0.0226
5262,-0.208768,0.0226
5263,-0.208753,0.0226
5264,-0.208894,0.0226
5265,-0.209221,0.0226
5266,-0.209670,0.0226
5267,-0.210115,0.0226
5268,-0.210492,0.0226
5269,-0.210980,0.0226
5270,-0.211396,0.0229
5271,-0.211869,0.0226
5272,-0.212487,0.0235
5273,-0.212981,0.0226
5274,-0.213535,0.0226
5275,-0.214069,0.0226
5276,-0.214455,0.0227
5277,-0.214917,0.0226
5278,-0.215247,0.0226
5279,-0.215633,0.0226
5280,-0.215889,0.0226
5281,-0.216077,0.0226
5282,-0.215980,0.0226
5283,-0.215818,0.0227
5284,-0.215528,0.0226
5285,-0.215449,0.0227
5286,-0.215351,0.0226
5287,-0.215469,0.0226
5288,-0.215785,0.0227
5289,-0.216023,0.0226
5290,-0.216393,0.0226
5291,-0.216784,0.0226
5292,-0.217151,0.0226
5293,-0.217507,0.0227
5294,-0.217815,0.0226
5295,-0.218108,0.0226
5296,-0.218524,0.0226
5297,-0.218793,0.0227
5298,-0.219220,0.0227
5299,-0.219512,0.0227
5300,-0.219831,0.0227
5301,-0.220104,0.0230
5302,-0.220338,0.0225
5303,-0.220546,0.0226
5304,-0.220766,0.0226
5305,-0.220974,0.0226
5306,-0.221164,0.0226
5307,-0.221384,0.0226
5308,-0.221757,0.0226
5309,-0.221774,0.0226
5310,-0.221972,0.0226
5311,-0.222187,0.0227
5312,-0.222229,0.0227
5313,-0.222244,0.0226
5314,-0.222208,0.0227
5315,-0.222296,0.0226
5316,-0.222207,0.0226
5317,-0.222057,0.0227
5318,-0.222074,0.0226
5319,-0.222157,0.0227
5320,-0.222043,0.0227
5321,-0.222083,0.0227
5322,-0.222158,0.0226
5323,-0.222223,0.0228
5324,-0.222331,0.0227
5325,-0.222586,0.0227
5326,-0.222732,0.0226
5327,-0.222964,0.0226
5328,-0.223091,0.0226
5329,-0.223125,0.0226
5330,-0.223281,0.0228
5331,-0.223589,0.0226
5332,-0.223818,0.0226
5333,-0.223930,0.0226
5334,-0.224130,0.0227
5335,-0.224159,0.0230
5336,-0.224219,0.0226
5337,-0.224238,0.0226
5338,-0.224299,0.0226
5339,-0.224488,0.0227
5340,-0.224513,0.0227
5341,-0.224578,0.0227
5342,-0.224571,0.0226
5343,-0.224570,0.0226
5344,-0.224638,0.0227
5345,-0.224657,0.0229
5346,-0.224805,0.0225
5347,-0.225060,0.0226
5348,-0.225163,0.0232
5349,-0.225196,0.0230
5350,-0.225320,0.0226
5351,-0.225454,0.0225
5352,-0.225412,0.0227
5353,-0.225460,0.0227
5354,-0.225424,0.0227
5355,-0.225461,0.0226
5356,-0.225652,0.0227
5357,-0.225593,0.0227
5358,-0.225731,0.0227
5359,-0.225748,0.0226
5360,-0.225823,0.0226
5361,-0.225872,0.0226
5362,-0.225996,0.0226
5363,-0.225918,0.0227
5364,-0.226004,0.0226
5365,-0.225985,0.0227
5366,-0.226202,0.0226
5367,-0.226238,0.0226
5368,-0.226327,0.0226
5369,-0.226487,0.0233
5370,-0.226515,0.0227
5371,-0.226756,0.0226
5372,-0.226969,0.0227
5373,-0.226989,0.0226
5374,-0.227019,0.0231
5375,-0.227264,0.0227
5376,-0.227389,0.0227
5377,-0.227608,0.0226
5378,-0.227651,0.0226
5379,-0.227670,0.0227
5380,-0.227691,0.0228
5381,-0.227723,0.0226
5382,-0.227845,0.0226
5383,-0.227846,0.0227
5384,-0.227759,0.0226
5385,-0.227921,0.0226
5386,-0.227878,0.0227
5387,-0.227874,0.0226
5388,-0.227741,0.0227
5389,-0.227727,0.0227
5390,-0.227776,0.0226
5391,-0.227792,0.0226
5392,-0.227743,0.0227
5393,-0.227682,0.0228
5394,-0.227785,0.0226
5395,-0.227868,0.0227
5396,-0.228041,0.0227
5397,-0.228058,0.0227
5398,-0.228151,0.0226
5399,-0.228345,0.0227
5400,-0.228491,0.0227
5401,-0.228486,0.0226
5402,-0.228127,0.0226
5403,-0.227113,0.0226
5404,-0.226099,0.0226
5405,-0.225344,0.0226
5406,-0.225197,0.0227
5407,-0.225552,0.0226
5408,-0.226093,0.0226
5409,-0.226956,0.0226
5410,-0.227607,0.0227
5411,-0.228431,0.0226
5412,-0.228960,0.0226
5413,-0.229147,0.0227
5414,-0.229061,0.0227
5415,-0.228950,0.0229
5416,-0.228890,0.0228
5417,-0.228991,0.0227
5418,-0.229000,0.0227
5419,-0.229189,0.0226
5420,-0.229406,0.0226
5421,-0.229735,0.0226
5422,-0.230043,0.0226
5423,-0.230344,0.0226
5424,-0.230323,0.0226
5425,-0.230418,0.0227
5426,-0.230506,0.0226
5427,-0.230448,0.0226
5428,-0.230573,0.0226
5429,-0.230612,0.0226
5430,-0.230710,0.0226
5431,-0.230864,0.0227
5432,-0.231001,0.0225
5433,-0.231160,0.0226
5434,-0.231342,0.0226
5435,-0.231382,0.0226
5436,-0.231418,0.0226
5437,-0.231449,0.0226
5438,-0.231461,0.0226
5439,-0.231455,0.0226
5440,-0.231503,0.0226
5441,-0.231529,0.0235
5442,-0.231615,0.0226
5443,-0.231563,0.0226
5444,-0.231593,0.0227
5445,-0.231610,0.0228
5446,-0.231448,0.0226
5447,-0.231636,0.0226
5448,-0.231781,0.0226
5449,-0.232021,0.0226
5450,-0.232094,0.0226
5451,-0.232065,0.0226
5452,-0.231973,0.0227
5453,-0.232026,0.0226
5454,-0.232036,0.0227
5455,-0.232128,0.0226
5456,-0.232076,0.0226
5457,-0.232078,0.0227
5458,-0.232036,0.0227
5459,-0.231981,0.0227
5460,-0.231933,0.0227
5461,-0.232004,0.0227
5462,-0.232000,0.0225
5463,-0.232292,0.0234
5464,-0.232485,0.0227
5465,-0.232590,0.0226
5466,-0.232706,0.0227
5467,-0.232739,0.0235
5468,-0.232823,0.0226
5469,-0.232944,0.0226
5470,-0.232940,0.0227
5471,-0.232950,0.0226
5472,-0.233037,0.0225
5473,-0.233097,0.0226
5474,-0.233276,0.0226
5475,-0.233239,0.0227
5476,-0.233170,0.0226
5477,-0.233144,0.0226
5478,-0.233235,0.0227
5479,-0.233295,0.0226
5480,-0.233312,0.0226
5481,-0.233457,0.0225
5482,-0.233607,0.0226
5483,-0.233535,0.0226
5484,-0.233519,0.0227
5485,-0.233564,0.0225
5486,-0.233635,0.0226
5487,-0.233570,0.0227
5488,-0.233602,0.0226
5489,-0.233645,0.0234
5490,-0.233813,0.0227
5491,-0.233829,0.0226
5492,-0.233773,0.0228
5493,-0.233662,0.0226
5494,-0.233828,0.0227
5495,-0.233867,0.0227
5496,-0.233663,0.0226
5497,-0.233685,0.0227
5498,-0.233773,0.0226
5499,-0.233704,0.0227
5500,-0.233634,0.0226
5501,-0.233559,0.0247
5502,-0.233385,0.0227
5503,-0.233313,0.0227
5504,-0.233141,0.0226
5505,-0.233075,0.0227
5506,-0.232910,0.0226
5507,-0.232652,0.0226
5508,-0.232504,0.0226
5509,-0.232307,0.0226
5510,-0.232241,0.0226
5511,-0.232094,0.0227
5512,-0.231973,0.0230
5513,-0.231927,0.0226
5514,-0.232056,0.0238
5515,-0.231914,0.0227
5516,-0.231765,0.0228
5517,-0.231766,0.0226
5518,-0.231778,0.0225
5519,-0.231665,0.0226
5520,-0.231340,0.0226
5521,-0.231510,0.0226
5522,-0.231614,0.0226
5523,-0.231768,0.0226
5524,-0.231768,0.0226
5525,-0.231773,0.0226
5526,-0.231791,0.0225
5527,-0.231931,0.0227
5528,-0.232063,0.0226
5529,-0.232241,0.0226
5530,-0.232270,0.0226
5531,-0.232367,0.0227
5532,-0.232204,0.0227
5533,-0.232150,0.0226
5534,-0.232252,0.0226
5535,-0.232130,0.0226
5536,-0.232232,0.0226
5537,-0.232501,0.0230
5538,-0.232549,0.0227
5539,-0.232801,0.0226
5540,-0.232871,0.0226
5541,-0.232864,0.0226
5542,-0.232775,0.0226
5543,-0.232793,0.0225
5544,-0.232927,0.0226
5545,-0.232982,0.0227
5546,-0.233198,0.0227
5547,-0.233368,0.0226
5548,-0.233634,0.0226
5549,-0.233470,0.0226
5550,-0.233289,0.0226
5551,-0.232858,0.0227
5552,-0.232741,0.0227
5553,-0.232727,0.0226
5554,-0.232682,0.0226
5555,-0.232681,0.0227
5556,-0.232782,0.0227
5557,-0.232818,0.0226
5558,-0.232744,0.0227
5559,-0.232980,0.0226
5560,-0.233247,0.0227
5561,-0.233481,0.0226
5562,-0.233657,0.0228
5563,-0.233918,0.0226
5564,-0.234138,0.0227
5565,-0.234273,0.0226
5566,-0.234433,0.0226
5567,-0.234301,0.0226
5568,-0.234464,0.0227
5569,-0.234529,0.0226
5570,-0.234449,0.0226
5571,-0.234555,0.0227
5572,-0.234624,0.0227
5573,-0.234473,0.0227
5574,-0.234243,0.0226
5575,-0.234510,0.0227
5576,-0.234522,0.0225
5577,-0.234638,0.0226
5578,-0.234903,0.0226
5579,-0.234951,0.0226
5580,-0.235168,0.0226
5581,-0.235427,0.0227
5582,-0.235656,0.0226
5583,-0.235909,0.0226
5584,-0.236091,0.0239
5585,-0.235912,0.0227
5586,-0.235948,0.0226
5587,-0.236204,0.0226
5588,-0.236442,0.0227
5589,-0.236647,0.0227
5590,-0.236801,0.0227
5591,-0.236921,0.0226
5592,-0.237027,0.0226
5593,-0.237168,0.0226
5594,-0.237130,0.0226
5595,-0.236956,0.0226
5596,-0.237110,0.0226
5597,-0.237306,0.0227
5598,-0.237452,0.0226
5599,-0.237449,0.0225
5600,-0.237413,0.0226
5601,-0.237479,0.0227
5602,-0.237507,0.0227
5603,-0.237507,0.0226
5604,-0.237662,0.0226
5605,-0.237887,0.0226
5606,-0.238083,0.0232
5607,-0.237977,0.0226
5608,-0.237840,0.0225
5609,-0.237843,0.0226
5610,-0.237898,0.0237
5611,-0.238037,0.0226
5612,-0.238012,0.0226
5613,-0.238016,0.0226
5614,-0.237943,0.0226
5615,-0.237935,0.0226
5616,-0.237866,0.0227
5617,-0.237893,0.0226
5618,-0.237588,0.0227
5619,-0.237381,0.0228
5620,-0.237334,0.0227
5621,-0.237404,0.0227
5622,-0.237586,0.0226
5623,-0.237537,0.0227
5624,-0.237507,0.0226
5625,-0.237467,0.0226
5626,-0.237536,0.0226
5627,-0.237588,0.0227
5628,-0.237686,0.0226
5629,-0.237620,0.0226
5630,-0.237597,0.0226
5631,-0.237359,0.0226
5632,-0.237374,0.0234
5633,-0.237235,0.0226
5634,-0.237000,0.0226
5635,-0.236813,0.0227
5636,-0.236492,0.0226
5637,-0.236360,0.0226
5638,-0.236103,0.0226
5639,-0.235940,0.0226
5640,-0.236038,0.0226
5641,-0.236004,0.0226
5642,-0.236030,0.0226
5643,-0.235965,0.0227
5644,-0.236065,0.0226
5645,-0.236067,0.0226
5646,-0.236210,0.0227
5647,-0.236280,0.0226
5648,-0.236456,0.0227
5649,-0.236582,0.0227
5650,-0.236624,0.0226
5651,-0.236627,0.0227
5652,-0.236773,0.0226
5653,-0.236948,0.0226
5654,-0.237204,0.0227
5655,-0.237514,0.0226
5656,-0.237704,0.0226
5657,-0.237940,0.0230
5658,-0.237978,0.0226
5659,-0.238232,0.0226
5660,-0.238337,0.0227
5661,-0.238367,0.0227
5662,-0.238486,0.0227
5663,-0.238475,0.0226
5664,-0.238635,0.0227
5665,-0.238752,0.0226
5666,-0.238787,0.0227
5667,-0.238869,0.0227
5668,-0.238968,0.0226
5669,-0.239069,0.0226
5670,-0.239148,0.0227
5671,-0.239307,0.0227
5672,-0.239332,0.0227
5673,-0.239415,0.0226
5674,-0.239309,0.0226
5675,-0.239286,0.0227
5676,-0.239277,0.0228
5677,-0.239388,0.0226
5678,-0.239309,0.0226
5679,-0.239328,0.0227
5680,-0.239214,0.0227
5681,-0.239509,0.0230
5682,-0.239487,0.0226
5683,-0.239528,0.0227
5684,-0.239587,0.0227
5685,-0.239535,0.0226
5686,-0.239781,0.0226
5687,-0.239673,0.0225
5688,-0.239798,0.0227
5689,-0.239923,0.0226
5690,-0.240077,0.0226
5691,-0.240046,0.0228
5692,-0.240112,0.0227
5693,-0.240349,0.0227
5694,-0.240325,0.0226
5695,-0.240309,0.0226
5696,-0.240469,0.0226
5697,-0.240569,0.0227
5698,-0.240650,0.0226
5699,-0.240662,0.0227
5700,-0.240492,0.0226
5701,-0.240372,0.0227
5702,-0.240272,0.0227
5703,-0.239913,0.0226
5704,-0.239829,0.0226
5705,-0.239509,0.0226
5706,-0.239513,0.0230
5707,-0.239336,0.0228
5708,-0.239227,0.0226
5709,-0.239087,0.0226
5710,-0.239261,0.0226
5711,-0.239378,0.0226
5712,-0.239512,0.0226
5713,-0.239602,0.0226
5714,-0.239561,0.0226
5715,-0.239702,0.0226
5716,-0.239995,0.0227
5717,-0.240042,0.0226
5718,-0.240287,0.0225
5719,-0.240414,0.0227
5720,-0.240553,0.0226
5721,-0.240759,0.0226
5722,-0.240772,0.0226
5723,-0.240852,0.0226
5724,-0.240909,0.0226
5725,-0.241009,0.0227
5726,-0.240978,0.0226
5727,-0.241065,0.0227
5728,-0.241103,0.0230
5729,-0.241235,0.0226
5730,-0.241232,0.0227
5731,-0.241421,0.0228
5732,-0.241473,0.0226
5733,-0.241455,0.0227
5734,-0.241673,0.0226
5735,-0.241903,0.0226
5736,-0.242045,0.0226
5737,-0.242066,0.0227
5738,-0.242206,0.0226
5739,-0.242296,0.0226
5740,-0.242221,0.0226
5741,-0.242230,0.0226
5742,-0.242089,0.0226
5743,-0.241926,0.0227
5744,-0.241763,0.0226
5745,-0.241738,0.0226
5746,-0.241535,0.0226
5747,-0.241672,0.0227
5748,-0.241749,0.0227
5749,-0.241795,0.0235
5750,-0.241888,0.0229
5751,-0.241964,0.0226
5752,-0.241905,0.0226
5753,-0.242053,0.0231
5754,-0.242277,0.0229
5755,-0.242429,0.0227
5756,-0.242546,0.0227
5757,-0.242659,0.0226
5758,-0.242699,0.0227
5759,-0.242700,0.0227
5760,-0.242766,0.0226
5761,-0.242819,0.0226
5762,-0.242744,0.0226
5763,-0.242652,0.0227
5764,-0.242598,0.0226
5765,-0.242622,0.0227
5766,-0.242568,0.0226
5767,-0.242367,0.0227
5768,-0.242166,0.0226
5769,-0.242205,0.0227
5770,-0.242342,0.0228
5771,-0.242513,0.0226
5772,-0.242827,0.0226
5773,-0.242942,0.0227
5774,-0.242876,0.0231
5775,-0.242968,0.0226
5776,-0.243261,0.0226
5777,-0.243486,0.0226
5778,-0.243550,0.0226
5779,-0.243462,0.0230
5780,-0.243325,0.0226
5781,-0.243322,0.0226
5782,-0.243444,0.0226
5783,-0.243636,0.0226
5784,-0.243743,0.0226
5785,-0.243721,0.0227
5786,-0.243736,0.0226
5787,-0.243819,0.0226
5788,-0.243903,0.0226
5789,-0.243940,0.0227
5790,-0.244049,0.0226
5791,-0.243988,0.0226
5792,-0.244033,0.0226
5793,-0.244195,0.0226
5794,-0.244183,0.0226
5795,-0.244093,0.0226
5796,-0.244296,0.0227
5797,-0.244408,0.0229
5798,-0.244417,0.0227
5799,-0.244310,0.0226
5800,-0.244362,0.0226
5801,-0.244502,0.0232
5802,-0.244570,0.0226
5803,-0.244536,0.0227
5804,-0.244642,0.0227
5805,-0.244638,0.0227
5806,-0.244496,0.0227
5807,-0.244459,0.0227
5808,-0.244554,0.0227
5809,-0.244530,0.0226
5810,-0.244789,0.0226
5811,-0.244848,0.0227
5812,-0.244890,0.0226
5813,-0.244944,0.0226
5814,-0.244914,0.0226
5815,-0.244984,0.0226
5816,-0.244959,0.0226
5817,-0.245019,0.0227
5818,-0.244940,0.0226
5819,-0.245090,0.0226
5820,-0.245160,0.0226
5821,-0.245170,0.0227
5822,-0.245278,0.0227
5823,-0.245449,0.0230
5824,-0.245522,0.0226
5825,-0.245674,0.0227
5826,-0.245695,0.0227
5827,-0.245741,0.0231
5828,-0.245697,0.0226
5829,-0.245577,0.0226
5830,-0.245573,0.0226
5831,-0.245600,0.0227
5832,-0.245575,0.0226
5833,-0.245615,0.0227
5834,-0.245423,0.0226
5835,-0.245526,0.0227
5836,-0.245499,0.0227
5837,-0.245558,0.0226
5838,-0.245725,0.0226
5839,-0.245702,0.0226
5840,-0.245827,0.0226
5841,-0.245799,0.0225
5842,-0.245866,0.0226
5843,-0.245827,0.0226
5844,-0.246000,0.0232
5845,-0.245914,0.0227
5846,-0.246101,0.0226
5847,-0.246215,0.0226
5848,-0.246222,0.0227
5849,-0.246252,0.0228
5850,-0.246240,0.0227
5851,-0.246161,0.0226
5852,-0.246243,0.0226
5853,-0.246342,0.0227
5854,-0.246395,0.0226
5855,-0.246377,0.0227
5856,-0.245484,0.0227
5857,-0.243458,0.0227
5858,-0.241099,0.0227
5859,-0.239004,0.0226
5860,-0.237426,0.0226
5861,-0.236643,0.0228
5862,-0.236660,0.0226
5863,-0.237517,0.0227
5864,-0.238639,0.0226
5865,-0.239962,0.0225
5866,-0.241239,0.0226
5867,-0.242361,0.0226
5868,-0.243290,0.0226
5869,-0.243982,0.0227
5870,-0.244481,0.0235
5871,-0.244912,0.0229
5872,-0.245166,0.0226
5873,-0.245175,0.0226
5874,-0.245324,0.0230
5875,-0.245410,0.0225
5876,-0.245436,0.0226
5877,-0.245659,0.0226
5878,-0.245861,0.0225
5879,-0.246202,0.0226
5880,-0.246418,0.0226
5881,-0.246458,0.0226
5882,-0.246605,0.0226
5883,-0.246756,0.0227
5884,-0.246828,0.0226
5885,-0.246742,0.0226
5886,-0.246669,0.0226
5887,-0.246653,0.0225
5888,-0.246882,0.0226
5889,-0.246976,0.0227
5890,-0.246843,0.0226
5891,-0.246844,0.0226
5892,-0.246933,0.0228
5893,-0.246967,0.0226
5894,-0.247004,0.0227
5895,-0.247070,0.0226
5896,-0.247091,0.0235
5897,-0.247294,0.0226
5898,-0.247464,0.0226
5899,-0.247314,0.0226
5900,-0.247499,0.0227
5901,-0.247500,0.0227
5902,-0.247170,0.0226
5903,-0.246591,0.0226
5904,-0.246687,0.0226
5905,-0.247278,0.0226
5906,-0.247539,0.0226
5907,-0.247318,0.0226
5908,-0.247321,0.0227
5909,-0.247394,0.0226
5910,-0.247688,0.0227
5911,-0.247763,0.0227
5912,-0.247656,0.0227
5913,-0.247644,0.0227
5914,-0.247711,0.0226
5915,-0.247749,0.0226
5916,-0.247520,0.0226
5917,-0.247480,0.0226
5918,-0.247487,0.0234
5919,-0.247424,0.0226
5920,-0.247488,0.0226
5921,-0.247537,0.0227
5922,-0.247503,0.0226
5923,-0.247590,0.0226
5924,-0.247690,0.0227
5925,-0.247666,0.0227
5926,-0.247647,0.0226
5927,-0.247755,0.0226
5928,-0.247801,0.0226
5929,-0.247832,0.0226
5930,-0.247903,0.0227
5931,-0.247855,0.0226
5932,-0.248006,0.0226
5933,-0.248102,0.0227
5934,-0.248266,0.0226
5935,-0.248243,0.0226
5936,-0.248217,0.0226
5937,-0.248348,0.0226
5938,-0.248324,0.0226
5939,-0.248476,0.0226
5940,-0.248585,0.0227
5941,-0.248723,0.0227
5942,-0.248771,0.0227
5943,-0.248855,0.0227
5944,-0.248890,0.0226
5945,-0.248898,0.0226
5946,-0.248856,0.0230
5947,-0.248847,0.0226
5948,-0.249100,0.0226
5949,-0.249073,0.0226
5950,-0.249221,0.0226
5951,-0.249216,0.0226
5952,-0.249164,0.0226
5953,-0.249060,0.0226
5954,-0.249124,0.0226
5955,-0.249198,0.0226
5956,-0.249129,0.0226
5957,-0.249175,0.0227
5958,-0.249145,0.0226
5959,-0.249124,0.0227
5960,-0.249308,0.0226
5961,-0.249341,0.0226
5962,-0.249412,0.0226
5963,-0.249298,0.0226
5964,-0.249283,0.0228
5965,-0.249371,0.0227
5966,-0.248632,0.0226
5967,-0.247014,0.0226
5968,-0.245462,0.0231
5969,-0.244721,0.0226
5970,-0.244730,0.0226
5971,-0.245478,0.0226
5972,-0.246770,0.0227
5973,-0.248038,0.0227
5974,-0.248830,0.0227
5975,-0.249065,0.0226
5976,-0.249122,0.0226
5977,-0.248708,0.0226
5978,-0.248496,0.0226
5979,-0.248317,0.0226
5980,-0.248209,0.0226
5981,-0.248362,0.0226
5982,-0.248674,0.0227
5983,-0.248971,0.0227
5984,-0.249135,0.0226
5985,-0.249172,0.0227
5986,-0.249225,0.0226
5987,-0.249378,0.0226
5988,-0.249563,0.0226
5989,-0.249577,0.0227
5990,-0.249721,0.0230
5991,-0.249884,0.0227
5992,-0.249938,0.0226
5993,-0.249875,0.0227
5994,-0.249877,0.0226
5995,-0.249795,0.0227
5996,-0.249774,0.0226
5997,-0.249731,0.0227
5998,-0.249919,0.0226
5999,-0.250018,0.0226
6000,-0.250106,0.0226
