epoch,loss,tiempo_s
1,14.642120,0.3092
2,8.925900,0.0105
3,8.405953,0.0098
4,8.171795,0.0100
5,8.026542,0.0104
6,7.924723,0.0109
7,7.848597,0.0113
8,7.788804,0.0115
9,7.739358,0.0113
10,7.696884,0.0112
11,7.659185,0.0114
12,7.627934,0.0117
13,7.601401,0.0117
14,7.574306,0.0118
15,7.551622,0.0117
16,7.530182,0.0118
17,7.509996,0.0117
18,7.490904,0.0118
19,7.474230,0.0119
20,7.457248,0.0118
21,7.442429,0.0118
22,7.426858,0.0119
23,7.412512,0.0118
24,7.399858,0.0113
25,7.386438,0.0115
26,7.374198,0.0118
27,7.361942,0.0118
28,7.351532,0.0119
29,7.339296,0.0117
30,7.327975,0.0118
31,7.316494,0.0116
32,7.307505,0.0113
33,7.296482,0.0118
34,7.287565,0.0118
35,7.277730,0.0117
36,7.268401,0.0118
37,7.260272,0.0117
38,7.251455,0.0117
39,7.242569,0.0118
40,7.233480,0.0117
41,7.226086,0.0118
42,7.218138,0.0117
43,7.210035,0.0117
44,7.201941,0.0118
45,7.193455,0.0116
46,7.185874,0.0117
47,7.178457,0.0118
48,7.172239,0.0118
49,7.165110,0.0117
50,7.157579,0.0117
51,7.150565,0.0118
52,7.143315,0.0118
53,7.137894,0.0119
54,7.131256,0.0118
55,7.124066,0.0118
56,7.117727,0.0117
57,7.111045,0.0118
58,7.105401,0.0118
59,7.098495,0.0116
60,7.094306,0.0113
61,7.087019,0.0118
62,7.082333,0.0118
63,7.076106,0.0118
64,7.069649,0.0118
65,7.065322,0.0118
66,7.058069,0.0117
67,7.051332,0.0114
68,7.045293,0.0117
69,7.040369,0.0118
70,7.035156,0.0118
71,7.030120,0.0118
72,7.022571,0.0117
73,7.018200,0.0113
74,7.011741,0.0118
75,7.004818,0.0118
76,6.998809,0.0118
77,6.993199,0.0118
78,6.988141,0.0118
79,6.983059,0.0118
80,6.976071,0.0117
81,6.972023,0.0118
82,6.965386,0.0118
83,6.960498,0.0118
84,6.956021,0.0117
85,6.949870,0.0118
86,6.944571,0.0117
87,6.938985,0.0113
88,6.933516,0.0126
89,6.928335,0.0118
90,6.921679,0.0118
91,6.917659,0.0118
92,6.911982,0.0118
93,6.906451,0.0118
94,6.901651,0.0119
95,6.896615,0.0118
96,6.891394,0.0118
97,6.885997,0.0119
98,6.881227,0.0118
99,6.875340,0.0118
100,6.870672,0.0118
101,6.865045,0.0118
102,6.858847,0.0118
103,6.853222,0.0118
104,6.848382,0.0119
105,6.842371,0.0118
106,6.836829,0.0118
107,6.830739,0.0118
108,6.824850,0.0118
109,6.819644,0.0119
110,6.813511,0.0118
111,6.808263,0.0119
112,6.803164,0.0117
113,6.797512,0.0113
114,6.792507,0.0113
115,6.787421,0.0115
116,6.781647,0.0118
117,6.776628,0.0118
118,6.770612,0.0118
119,6.764855,0.0118
120,6.758708,0.0118
121,6.753937,0.0117
122,6.748133,0.0114
123,6.742920,0.0119
124,6.736668,0.0119
125,6.731072,0.0163
126,6.725756,0.0106
127,6.720950,0.0111
128,6.715897,0.0116
129,6.709233,0.0119
130,6.703987,0.0118
131,6.698684,0.0119
132,6.694622,0.0117
133,6.688060,0.0113
134,6.682652,0.0115
135,6.677163,0.0118
136,6.670666,0.0118
137,6.665575,0.0118
138,6.659784,0.0118
139,6.654325,0.0113
140,6.649158,0.0113
141,6.643720,0.0114
142,6.638149,0.0119
143,6.631497,0.0119
144,6.627015,0.0119
145,6.621486,0.0118
146,6.615331,0.0117
147,6.609037,0.0114
148,6.604894,0.0114
149,6.598089,0.0119
150,6.593945,0.0119
151,6.587033,0.0119
152,6.581435,0.0119
153,6.575496,0.0117
154,6.571457,0.0114
155,6.565262,0.0115
156,6.559192,0.0119
157,6.553586,0.0119
158,6.548544,0.0120
159,6.542475,0.0118
160,6.538200,0.0113
161,6.531299,0.0114
162,6.525063,0.0115
163,6.520882,0.0119
164,6.515185,0.0120
165,6.510085,0.0119
166,6.503909,0.0118
167,6.498930,0.0113
168,6.493495,0.0114
169,6.487239,0.0114
170,6.481753,0.0115
171,6.476632,0.0119
172,6.471476,0.0119
173,6.466179,0.0119
174,6.460464,0.0118
175,6.455783,0.0113
176,6.450457,0.0114
177,6.444876,0.0115
178,6.438901,0.0119
179,6.434319,0.0119
180,6.427297,0.0119
181,6.423071,0.0119
182,6.417680,0.0119
183,6.411458,0.0119
184,6.406272,0.0120
185,6.401358,0.0119
186,6.395471,0.0119
187,6.390394,0.0119
188,6.385531,0.0118
189,6.379422,0.0113
190,6.373385,0.0116
191,6.367201,0.0119
192,6.362758,0.0119
193,6.357267,0.0119
194,6.350539,0.0118
195,6.345824,0.0114
196,6.339341,0.0114
197,6.333164,0.0114
198,6.328338,0.0117
199,6.321724,0.0119
200,6.316939,0.0119
201,6.311180,0.0120
202,6.304745,0.0118
203,6.299046,0.0114
204,6.293556,0.0115
205,6.287113,0.0119
206,6.281118,0.0119
207,6.274202,0.0119
208,6.268913,0.0120
209,6.262923,0.0118
210,6.259108,0.0114
211,6.253011,0.0115
212,6.246423,0.0119
213,6.241943,0.0119
214,6.235532,0.0119
215,6.229485,0.0119
216,6.223995,0.0114
217,6.216759,0.0114
218,6.211503,0.0115
219,6.204882,0.0119
220,6.199429,0.0119
221,6.192956,0.0120
222,6.187336,0.0119
223,6.180998,0.0118
224,6.174445,0.0114
225,6.168220,0.0115
226,6.162457,0.0119
227,6.157783,0.0119
228,6.152145,0.0119
229,6.146208,0.0119
230,6.139830,0.0118
231,6.135040,0.0114
232,6.129672,0.0116
233,6.121901,0.0120
234,6.117146,0.0120
235,6.111121,0.0119
236,6.105432,0.0119
237,6.099731,0.0119
238,6.093369,0.0115
239,6.087753,0.0159
240,6.081747,0.0126
241,6.075920,0.0115
242,6.070560,0.0116
243,6.063907,0.0119
244,6.057582,0.0120
245,6.051125,0.0120
246,6.045982,0.0119
247,6.038590,0.0115
248,6.032941,0.0115
249,6.025643,0.0120
250,6.021026,0.0120
251,6.014216,0.0120
252,6.008874,0.0119
253,6.001426,0.0115
254,5.996669,0.0115
255,5.990361,0.0116
256,5.985466,0.0120
257,5.978828,0.0120
258,5.973506,0.0120
259,5.966295,0.0119
260,5.962604,0.0114
261,5.955711,0.0115
262,5.950168,0.0116
263,5.944064,0.0120
264,5.938718,0.0121
265,5.933109,0.0120
266,5.926250,0.0119
267,5.920257,0.0115
268,5.913124,0.0115
269,5.907605,0.0120
270,5.901881,0.0121
271,5.896527,0.0121
272,5.889864,0.0119
273,5.884324,0.0115
274,5.878937,0.0116
275,5.871476,0.0115
276,5.866240,0.0118
277,5.859344,0.0121
278,5.853919,0.0121
279,5.847534,0.0119
280,5.840052,0.0115
281,5.836296,0.0115
282,5.828582,0.0115
283,5.822431,0.0117
284,5.815877,0.0120
285,5.810789,0.0120
286,5.804702,0.0119
287,5.798278,0.0115
288,5.791669,0.0115
289,5.785715,0.0117
290,5.781744,0.0121
291,5.775094,0.0121
292,5.770447,0.0121
293,5.762914,0.0120
294,5.757313,0.0115
295,5.751030,0.0117
296,5.745162,0.0121
297,5.739000,0.0121
298,5.732543,0.0121
299,5.726474,0.0120
300,5.720947,0.0116
301,5.714881,0.0122
302,5.708824,0.0121
303,5.703350,0.0120
304,5.698236,0.0115
305,5.691066,0.0115
306,5.684398,0.0117
307,5.678993,0.0121
308,5.673695,0.0121
309,5.667822,0.0120
310,5.661634,0.0115
311,5.655612,0.0116
312,5.650459,0.0117
313,5.643744,0.0121
314,5.640026,0.0121
315,5.633666,0.0121
316,5.628013,0.0120
317,5.621457,0.0116
318,5.613644,0.0117
319,5.608304,0.0122
320,5.602491,0.0121
321,5.597928,0.0121
322,5.592359,0.0120
323,5.584852,0.0116
324,5.578795,0.0117
325,5.573750,0.0121
326,5.566839,0.0121
327,5.561914,0.0122
328,5.556327,0.0120
329,5.549138,0.0116
330,5.543870,0.0118
331,5.538953,0.0121
332,5.535135,0.0121
333,5.527847,0.0120
334,5.520591,0.0117
335,5.514269,0.0116
336,5.508899,0.0117
337,5.503516,0.0122
338,5.498157,0.0121
339,5.492052,0.0122
340,5.486758,0.0121
341,5.480356,0.0116
342,5.473508,0.0117
343,5.468246,0.0122
344,5.462195,0.0122
345,5.454959,0.0122
346,5.450058,0.0121
347,5.443621,0.0116
348,5.436896,0.0118
349,5.430196,0.0122
350,5.425424,0.0121
351,5.420316,0.0121
352,5.414498,0.0116
353,5.408409,0.0117
354,5.402002,0.0118
355,5.395617,0.0122
356,5.391497,0.0122
357,5.387481,0.0121
358,5.381363,0.0117
359,5.373247,0.0117
360,5.368325,0.0118
361,5.361070,0.0122
362,5.356445,0.0122
363,5.351948,0.0121
364,5.345823,0.0116
365,5.339345,0.0118
366,5.333850,0.0122
367,5.329494,0.0122
368,5.324398,0.0122
369,5.316374,0.0121
370,5.311522,0.0117
371,5.305593,0.0117
372,5.299099,0.0119
373,5.293442,0.0122
374,5.288543,0.0122
375,5.283358,0.0120
376,5.279222,0.0117
377,5.270967,0.0118
378,5.264647,0.0122
379,5.258143,0.0122
380,5.252997,0.0121
381,5.247457,0.0116
382,5.241919,0.0117
383,5.237090,0.0119
384,5.230804,0.0122
385,5.225574,0.0123
386,5.219215,0.0121
387,5.213638,0.0117
388,5.207432,0.0117
389,5.203313,0.0119
390,5.196603,0.0122
391,5.191829,0.0122
392,5.186903,0.0121
393,5.180268,0.0117
394,5.174335,0.0117
395,5.168289,0.0119
396,5.161820,0.0122
397,5.156480,0.0123
398,5.149388,0.0122
399,5.144334,0.0117
400,5.139873,0.0118
401,5.134222,0.0120
402,5.128384,0.0122
403,5.123521,0.0122
404,5.120067,0.0121
405,5.115646,0.0117
406,5.110055,0.0117
407,5.103759,0.0120
408,5.095617,0.0123
409,5.090079,0.0123
410,5.085364,0.0122
411,5.078379,0.0118
412,5.073390,0.0120
413,5.067414,0.0123
414,5.061084,0.0123
415,5.055591,0.0122
416,5.049684,0.0117
417,5.043453,0.0118
418,5.038903,0.0120
419,5.030711,0.0123
420,5.026392,0.0123
421,5.020520,0.0123
422,5.015461,0.0117
423,5.008324,0.0116
424,5.003127,0.0121
425,4.997577,0.0123
426,4.991189,0.0124
427,4.985734,0.0123
428,4.979827,0.0119
429,4.976969,0.0120
430,4.969379,0.0124
431,4.963772,0.0124
432,4.958430,0.0123
433,4.954770,0.0119
434,4.947026,0.0116
435,4.940934,0.0121
436,4.938357,0.0124
437,4.931820,0.0123
438,4.926721,0.0119
439,4.922019,0.0119
440,4.920333,0.0120
441,4.916079,0.0124
442,4.914201,0.0124
443,4.914667,0.0123
444,4.910371,0.0119
445,4.907485,0.0120
446,4.903661,0.0124
447,4.900610,0.0124
448,4.895626,0.0124
449,4.888542,0.0120
450,4.885630,0.0120
451,4.876805,0.0121
452,4.868559,0.0149
453,4.862764,0.0124
454,4.857847,0.0120
455,4.851513,0.0122
456,4.845471,0.0126
457,4.835281,0.0125
458,4.830851,0.0124
459,4.823608,0.0120
460,4.814944,0.0122
461,4.810744,0.0126
462,4.804650,0.0125
463,4.799283,0.0125
464,4.794046,0.0120
465,4.786467,0.0123
466,4.782238,0.0125
467,4.778025,0.0125
468,4.771127,0.0119
469,4.763844,0.0116
470,4.758505,0.0118
471,4.754614,0.0123
472,4.748820,0.0126
473,4.743112,0.0126
474,4.737560,0.0119
475,4.733329,0.0118
476,4.727743,0.0124
477,4.723044,0.0126
478,4.718179,0.0125
479,4.712205,0.0120
480,4.706879,0.0118
481,4.703594,0.0123
482,4.699113,0.0127
483,4.696667,0.0125
484,4.688115,0.0121
485,4.685145,0.0118
486,4.683455,0.0124
487,4.677783,0.0126
488,4.672200,0.0126
489,4.668366,0.0121
490,4.663902,0.0120
491,4.660770,0.0125
492,4.654083,0.0127
493,4.649241,0.0126
494,4.646544,0.0122
495,4.641973,0.0120
496,4.636046,0.0126
497,4.632975,0.0126
498,4.629130,0.0127
499,4.627386,0.0120
500,4.620963,0.0122
501,4.619278,0.0128
502,4.618846,0.0128
503,4.611582,0.0123
504,4.602511,0.0121
505,4.596225,0.0125
506,4.590717,0.0128
507,4.584843,0.0128
508,4.578383,0.0124
509,4.574988,0.0127
510,4.569291,0.0129
511,4.566969,0.0129
512,4.562116,0.0122
513,4.558982,0.0121
514,4.551526,0.0128
515,4.546673,0.0129
516,4.541221,0.0125
517,4.537573,0.0122
518,4.533514,0.0126
519,4.525677,0.0130
520,4.523687,0.0130
521,4.518769,0.0124
522,4.511863,0.0128
523,4.507573,0.0130
524,4.503413,0.0126
525,4.496503,0.0124
526,4.491739,0.0134
527,4.490643,0.0130
528,4.481094,0.0127
529,4.478384,0.0124
530,4.472955,0.0129
531,4.468671,0.0131
532,4.464312,0.0132
533,4.458403,0.0124
534,4.454801,0.0125
535,4.451640,0.0131
536,4.443869,0.0132
537,4.440947,0.0125
538,4.436397,0.0125
539,4.429575,0.0131
540,4.425330,0.0132
541,4.423760,0.0125
542,4.416477,0.0127
543,4.409603,0.0132
544,4.403932,0.0132
545,4.405560,0.0125
546,4.400266,0.0131
547,4.396320,0.0133
548,4.392486,0.0129
549,4.389598,0.0124
550,4.389473,0.0129
551,4.384588,0.0133
552,4.376567,0.0130
553,4.375207,0.0125
554,4.372620,0.0131
555,4.367462,0.0135
556,4.362966,0.0130
557,4.359025,0.0126
558,4.355179,0.0134
559,4.351114,0.0135
560,4.347989,0.0127
561,4.342310,0.0129
562,4.340716,0.0134
563,4.335057,0.0135
564,4.330928,0.0128
565,4.329537,0.0134
566,4.330291,0.0135
567,4.324396,0.0129
568,4.320805,0.0128
569,4.314155,0.0135
570,4.312241,0.0136
571,4.308051,0.0130
572,4.304437,0.0136
573,4.300583,0.0136
574,4.294862,0.0130
575,4.291213,0.0136
576,4.292552,0.0139
577,4.284216,0.0131
578,4.278201,0.0131
579,4.274504,0.0139
580,4.273108,0.0136
581,4.266926,0.0135
582,4.257833,0.0142
583,4.254602,0.0138
584,4.248678,0.0126
585,4.244045,0.0129
586,4.239799,0.0131
587,4.234781,0.0128
588,4.229881,0.0129
589,4.230742,0.0133
590,4.224575,0.0133
591,4.222578,0.0132
592,4.221135,0.0134
593,4.218784,0.0138
594,4.214703,0.0135
595,4.212740,0.0137
596,4.207280,0.0141
597,4.204701,0.0137
598,4.202501,0.0139
599,4.199973,0.0144
600,4.196176,0.0139
601,4.190654,0.0139
602,4.188457,0.0138
603,4.189473,0.0140
604,4.179479,0.0143
605,4.174623,0.0139
606,4.168360,0.0143
607,4.165365,0.0143
608,4.165819,0.0143
609,4.156569,0.0146
610,4.152491,0.0142
611,4.151064,0.0145
612,4.146821,0.0143
613,4.142735,0.0145
614,4.140243,0.0148
615,4.138610,0.0145
616,4.136786,0.0148
617,4.130298,0.0148
618,4.128790,0.0148
619,4.121409,0.0147
620,4.117009,0.0147
621,4.113811,0.0149
622,4.114415,0.0148
623,4.107435,0.0150
624,4.102249,0.0148
625,4.099953,0.0152
626,4.093655,0.0149
627,4.092534,0.0153
628,4.092057,0.0150
629,4.084290,0.0152
630,4.076159,0.0153
631,4.076090,0.0153
632,4.073675,0.0155
633,4.070695,0.0148
634,4.065902,0.0146
635,4.062289,0.0155
636,4.071882,0.0157
637,4.064910,0.0158
638,4.067322,0.0159
639,4.059579,0.0161
640,4.057623,0.0160
641,4.054766,0.0163
642,4.045458,0.0162
643,4.038533,0.0167
644,4.036459,0.0166
645,4.028944,0.0167
646,4.026726,0.0169
647,4.021010,0.0169
648,4.018185,0.0171
649,4.018170,0.0175
650,4.015437,0.0173
651,4.010549,0.0176
652,4.008797,0.0180
653,4.003325,0.0179
654,3.998229,0.0179
655,3.990809,0.0181
656,3.985013,0.0183
657,3.977209,0.0185
658,3.973522,0.0185
659,3.970169,0.0187
660,3.963223,0.0192
661,3.961164,0.0190
662,3.955256,0.0194
663,3.954567,0.0198
664,3.951133,0.0199
665,3.945085,0.0197
666,3.942968,0.0199
667,3.935592,0.0201
668,3.932139,0.0211
669,3.930274,0.0208
670,3.927818,0.0207
671,3.918645,0.0208
672,3.906387,0.0213
673,3.908093,0.0216
674,3.910415,0.0207
675,3.911425,0.0216
676,3.898588,0.0222
677,3.887438,0.0221
678,3.891318,0.0223
679,3.890763,0.0225
680,3.890957,0.0227
681,3.886381,0.0229
682,3.882284,0.0231
683,3.872808,0.0234
684,3.868926,0.0239
685,3.862234,0.0238
686,3.865543,0.0240
687,3.864739,0.0242
688,3.851763,0.0244
689,3.850141,0.0251
690,3.849612,0.0249
691,3.847449,0.0255
692,3.840309,0.0253
693,3.835167,0.0256
694,3.834578,0.0258
695,3.834275,0.0265
696,3.832612,0.0263
697,3.827353,0.0265
698,3.819279,0.0268
699,3.815300,0.0271
700,3.819055,0.0273
701,3.807497,0.0276
702,3.802842,0.0287
703,3.806280,0.0282
704,3.794647,0.0285
705,3.790552,0.0287
706,3.790417,0.0290
707,3.785905,0.0298
708,3.779490,0.0296
709,3.775591,0.0298
710,3.772855,0.0299
711,3.774229,0.0301
712,3.768281,0.0307
713,3.762176,0.0303
714,3.760240,0.0305
715,3.760196,0.0306
716,3.751891,0.0308
717,3.752848,0.0309
718,3.749659,0.0310
719,3.754079,0.0313
720,3.735955,0.0314
721,3.734181,0.0321
722,3.736487,0.0323
723,3.736899,0.0318
724,3.722604,0.0321
725,3.718001,0.0321
726,3.710284,0.0329
727,3.705819,0.0324
728,3.698883,0.0332
729,3.702448,0.0327
730,3.698284,0.0330
731,3.694553,0.0329
732,3.693192,0.0331
733,3.682669,0.0333
734,3.685568,0.0335
735,3.680171,0.0336
736,3.682196,0.0337
737,3.676202,0.0344
738,3.667298,0.0339
739,3.657770,0.0341
740,3.653416,0.0343
741,3.659160,0.0343
742,3.648269,0.0345
743,3.643486,0.0347
744,3.639717,0.0347
745,3.640137,0.0349
746,3.636220,0.0349
747,3.621031,0.0359
748,3.624035,0.0358
749,3.617503,0.0358
750,3.607752,0.0359
751,3.605530,0.0354
752,3.599578,0.0355
753,3.595784,0.0355
754,3.599559,0.0356
755,3.595290,0.0357
756,3.588332,0.0358
757,3.579599,0.0367
758,3.582339,0.0361
759,3.577739,0.0361
760,3.576825,0.0369
761,3.571259,0.0362
762,3.568859,0.0370
763,3.555454,0.0371
764,3.553101,0.0364
765,3.542981,0.0363
766,3.551502,0.0369
767,3.544224,0.0367
768,3.530657,0.0368
769,3.531133,0.0370
770,3.528999,0.0369
771,3.524408,0.0369
772,3.518384,0.0370
773,3.522106,0.0373
774,3.517202,0.0374
775,3.517447,0.0374
776,3.520521,0.0374
777,3.504878,0.0377
778,3.502319,0.0386
779,3.492049,0.0378
780,3.501110,0.0379
781,3.487210,0.0387
782,3.481695,0.0386
783,3.486408,0.0390
784,3.499584,0.0385
785,3.485914,0.0388
786,3.487841,0.0399
787,3.487328,0.0397
788,3.476827,0.0406
789,3.481551,0.0409
790,3.480808,0.0416
791,3.480605,0.0419
792,3.465888,0.0422
793,3.464621,0.0417
794,3.460004,0.0415
795,3.455403,0.0433
796,3.449212,0.0423
797,3.444924,0.0430
798,3.442079,0.0431
799,3.436249,0.0435
800,3.448994,0.0440
801,3.433167,0.0454
802,3.425997,0.0447
803,3.425514,0.0457
804,3.432785,0.0464
805,3.421148,0.0462
806,3.421601,0.0468
807,3.416956,0.0471
808,3.423932,0.0474
809,3.410667,0.0471
810,3.416484,0.0475
811,3.411162,0.0480
812,3.416922,0.0492
813,3.428661,0.0492
814,3.424066,0.0497
815,3.415603,0.0502
816,3.410095,0.0515
817,3.408448,0.0513
818,3.407746,0.0516
819,3.400983,0.0530
820,3.398442,0.0523
821,3.391346,0.0526
822,3.393838,0.0527
823,3.392471,0.0532
824,3.386511,0.0535
825,3.389132,0.0536
826,3.374558,0.0540
827,3.367586,0.0543
828,3.371782,0.0557
829,3.359522,0.0561
830,3.353392,0.0552
831,3.351499,0.0553
832,3.343830,0.0570
833,3.352724,0.0560
834,3.340863,0.0562
835,3.341011,0.0577
836,3.334477,0.0567
837,3.332194,0.0569
838,3.347407,0.0571
839,3.331955,0.0587
840,3.331696,0.0588
841,3.333372,0.0576
842,3.324338,0.0578
843,3.309437,0.0580
844,3.309623,0.0582
845,3.304374,0.0598
846,3.306740,0.0599
847,3.307406,0.0587
848,3.295323,0.0590
849,3.299018,0.0590
850,3.296614,0.0592
851,3.297642,0.0608
852,3.295391,0.0610
853,3.301298,0.0598
854,3.302025,0.0613
855,3.306453,0.0599
856,3.306760,0.0599
857,3.309408,0.0597
858,3.295613,0.0595
859,3.289335,0.0592
860,3.281877,0.0606
861,3.259002,0.0614
862,3.248744,0.0626
863,3.251863,0.0616
864,3.242966,0.0638
865,3.249717,0.0631
866,3.251177,0.0655
867,3.246074,0.0648
868,3.245093,0.0661
869,3.247368,0.0682
870,3.235573,0.0687
871,3.232429,0.0692
872,3.223713,0.0695
873,3.213595,0.0702
874,3.217503,0.0707
875,3.210861,0.0706
876,3.203210,0.0705
877,3.194038,0.0706
878,3.193596,0.0704
879,3.191948,0.0704
880,3.184058,0.0706
881,3.189706,0.0704
882,3.197245,0.0707
883,3.186748,0.0707
884,3.186193,0.0707
885,3.183959,0.0704
886,3.192417,0.0707
887,3.173038,0.0707
888,3.179502,0.0705
889,3.184133,0.0706
890,3.171890,0.0706
891,3.176641,0.0704
892,3.173903,0.0704
893,3.190681,0.0706
894,3.188924,0.0704
895,3.184678,0.0704
896,3.185543,0.0707
897,3.173602,0.0705
898,3.179706,0.0705
899,3.179235,0.0707
900,3.190778,0.0714
901,3.177914,0.0703
902,3.180428,0.0706
903,3.189780,0.0705
904,3.187429,0.0706
905,3.178364,0.0706
906,3.144899,0.0707
907,3.132374,0.0706
908,3.131516,0.0705
909,3.121068,0.0707
910,3.103929,0.0706
911,3.095723,0.0704
912,3.100949,0.0705
913,3.083730,0.0706
914,3.090732,0.0708
915,3.084100,0.0705
916,3.080930,0.0705
917,3.090950,0.0708
918,3.076619,0.0710
919,3.059524,0.0707
920,3.055163,0.0723
921,3.067250,0.0725
922,3.061568,0.0724
923,3.072933,0.0745
924,3.060524,0.0753
925,3.060401,0.0725
926,3.057929,0.0737
927,3.050260,0.0746
928,3.062816,0.0767
929,3.051055,0.0738
930,3.046091,0.0742
931,3.049631,0.0752
932,3.052947,0.0751
933,3.041799,0.0749
934,3.042928,0.0757
935,3.039217,0.0761
936,3.040883,0.0747
937,3.053777,0.0757
938,3.042687,0.0763
939,3.039887,0.0756
940,3.028817,0.0757
941,3.009106,0.0764
942,3.009392,0.0765
943,2.998792,0.0739
944,3.005071,0.0745
945,3.020997,0.0786
946,3.005548,0.0780
947,3.014416,0.0779
948,3.018516,0.0757
949,3.020561,0.0764
950,3.008743,0.0751
951,3.012317,0.0768
952,3.001721,0.0771
953,2.982412,0.0756
954,2.989865,0.0776
955,2.988617,0.0751
956,3.003630,0.0778
957,3.016000,0.0772
958,3.017512,0.0749
959,3.013178,0.0743
960,3.011029,0.0777
961,3.007229,0.0780
962,2.996806,0.0769
963,2.993428,0.0795
964,2.989035,0.0763
965,2.997844,0.0796
966,2.990674,0.0765
967,2.988939,0.0796
968,2.984883,0.0807
969,2.999443,0.0767
970,2.985168,0.0782
971,2.977972,0.0752
972,2.970037,0.0802
973,2.969399,0.0789
974,2.958854,0.0782
975,2.948407,0.0745
976,2.944240,0.0807
977,2.933032,0.0810
978,2.919425,0.0803
979,2.913545,0.0757
980,2.904986,0.0757
981,2.913079,0.0751
982,2.907310,0.0787
983,2.900748,0.0786
984,2.901343,0.0776
985,2.900007,0.0758
986,2.912745,0.0799
987,2.908746,0.0765
988,2.915032,0.0753
989,2.915834,0.0793
990,2.916004,0.0754
991,2.902067,0.0791
992,2.902155,0.0795
993,2.894063,0.0796
994,2.889143,0.0772
995,2.900214,0.0779
996,2.896209,0.0820
997,2.896522,0.0789
998,2.911705,0.0805
999,2.912149,0.0797
1000,2.912271,0.0768
1001,2.894789,0.0763
1002,2.910562,0.0781
1003,2.898852,0.0807
1004,2.902267,0.0804
1005,2.895840,0.0762
1006,2.917561,0.0825
1007,2.930722,0.0771
1008,2.919120,0.0831
1009,2.918530,0.0838
1010,2.895428,0.0833
1011,2.871717,0.0772
1012,2.860749,0.0834
1013,2.855588,0.0780
1014,2.839263,0.0832
1015,2.826700,0.0768
1016,2.829012,0.0816
1017,2.823182,0.0835
1018,2.821527,0.0837
1019,2.835421,0.0778
1020,2.838096,0.0773
1021,2.836713,0.0777
1022,2.842527,0.0796
1023,2.850269,0.0796
1024,2.851549,0.0803
1025,2.839941,0.0816
1026,2.856745,0.0826
1027,2.851178,0.0836
1028,2.856885,0.0806
1029,2.841716,0.0886
1030,2.861366,0.0878
1031,2.855580,0.0817
1032,2.846268,0.0850
1033,2.817842,0.0822
1034,2.839211,0.0842
1035,2.824086,0.0815
1036,2.818050,0.0848
1037,2.791838,0.0848
1038,2.783543,0.0843
1039,2.764271,0.0823
1040,2.740819,0.0819
1041,2.737857,0.0816
1042,2.755925,0.0811
1043,2.744569,0.0819
1044,2.750220,0.0824
1045,2.762958,0.0813
1046,2.748467,0.0831
1047,2.748986,0.0832
1048,2.750971,0.0826
1049,2.758334,0.0824
1050,2.746855,0.0821
1051,2.742596,0.0827
1052,2.748497,0.0827
1053,2.748485,0.0827
1054,2.755418,0.0805
1055,2.754659,0.0816
1056,2.742836,0.0827
1057,2.745635,0.0806
1058,2.740907,0.0820
1059,2.747423,0.0830
1060,2.754128,0.0818
1061,2.742316,0.0839
1062,2.733495,0.0833
1063,2.744045,0.0827
1064,2.737898,0.0837
1065,2.737150,0.0829
1066,2.730844,0.0832
1067,2.719636,0.0835
1068,2.713633,0.0837
1069,2.720458,0.0848
1070,2.744109,0.0847
1071,2.752260,0.0848
1072,2.769840,0.0834
1073,2.775358,0.0847
1074,2.781308,0.0847
1075,2.784736,0.0852
1076,2.776369,0.0847
1077,2.775938,0.0852
1078,2.796416,0.0850
1079,2.791744,0.0854
1080,2.790305,0.0857
1081,2.769669,0.0869
1082,2.766187,0.0870
1083,2.749729,0.0859
1084,2.741629,0.0860
1085,2.725094,0.0856
1086,2.717013,0.0857
1087,2.715506,0.0876
1088,2.699048,0.0877
1089,2.708691,0.0866
1090,2.702964,0.0879
1091,2.702557,0.0861
1092,2.701633,0.0864
1093,2.679275,0.0867
1094,2.666348,0.0881
1095,2.676737,0.0873
1096,2.708656,0.0870
1097,2.711990,0.0884
1098,2.729929,0.0873
1099,2.724643,0.0874
1100,2.729764,0.0867
1101,2.751001,0.0877
1102,2.727172,0.0889
1103,2.738659,0.0876
1104,2.701351,0.0879
1105,2.696175,0.0880
1106,2.702415,0.0873
1107,2.694214,0.0883
1108,2.677309,0.0884
1109,2.676949,0.0898
1110,2.668712,0.0900
1111,2.657932,0.0885
1112,2.675926,0.0880
1113,2.696171,0.0889
1114,2.677436,0.0904
1115,2.674893,0.0905
1116,2.665053,0.0891
1117,2.640585,0.0889
1118,2.642005,0.0907
1119,2.625080,0.0893
1120,2.651092,0.0910
1121,2.650223,0.0885
1122,2.658365,0.0892
1123,2.652456,0.0896
1124,2.638084,0.0902
1125,2.628038,0.0889
1126,2.608556,0.0896
1127,2.618393,0.0900
1128,2.616962,0.0914
1129,2.606013,0.0890
1130,2.592442,0.0891
1131,2.604758,0.0892
1132,2.626813,0.0905
1133,2.629002,0.0905
1134,2.619784,0.0919
1135,2.616738,0.0905
1136,2.597806,0.0898
1137,2.606495,0.0898
1138,2.604963,0.0899
1139,2.591721,0.0906
1140,2.592029,0.0925
1141,2.594434,0.0925
1142,2.591060,0.0908
1143,2.595537,0.0909
1144,2.621159,0.0927
1145,2.621441,0.0927
1146,2.618094,0.0930
1147,2.625861,0.0904
1148,2.616803,0.0910
1149,2.596569,0.0912
1150,2.594366,0.0904
1151,2.565418,0.0917
1152,2.572053,0.0933
1153,2.575275,0.0918
1154,2.570695,0.0914
1155,2.587824,0.0920
1156,2.589761,0.0920
1157,2.603604,0.0917
1158,2.606206,0.0917
1159,2.632416,0.0915
1160,2.625795,0.0935
1161,2.602958,0.0922
1162,2.588928,0.0908
1163,2.609735,0.0913
1164,2.606579,0.0922
1165,2.622945,0.0937
1166,2.616352,0.0941
1167,2.610621,0.0911
1168,2.586131,0.0911
1169,2.583715,0.0923
1170,2.588308,0.0922
1171,2.568030,0.0921
1172,2.566717,0.0942
1173,2.574668,0.0924
1174,2.547634,0.0914
1175,2.536942,0.0933
1176,2.527571,0.0924
1177,2.523033,0.0928
1178,2.520573,0.0949
1179,2.510489,0.0948
1180,2.500224,0.0926
1181,2.503129,0.0925
1182,2.511419,0.0927
1183,2.511229,0.0920
1184,2.517518,0.0925
1185,2.514096,0.0923
1186,2.504940,0.0924
1187,2.502898,0.0925
1188,2.489016,0.0924
1189,2.470036,0.0929
1190,2.476657,0.0920
1191,2.470712,0.0925
1192,2.488830,0.0920
1193,2.484641,0.0924
1194,2.498935,0.0924
1195,2.514167,0.0922
1196,2.511327,0.0923
1197,2.496542,0.0924
1198,2.479622,0.0925
1199,2.477785,0.0928
1200,2.493878,0.0923
1201,2.481617,0.0922
1202,2.494115,0.0920
1203,2.508921,0.0923
1204,2.502139,0.0920
1205,2.477150,0.0919
1206,2.451370,0.0920
1207,2.438285,0.0907
1208,2.435086,0.0921
1209,2.449558,0.0921
1210,2.443165,0.0920
1211,2.454526,0.0927
1212,2.448775,0.0923
1213,2.449125,0.0921
1214,2.450504,0.0917
1215,2.454846,0.0914
1216,2.470768,0.0913
1217,2.464242,0.0918
1218,2.474322,0.0915
1219,2.441144,0.0914
1220,2.447082,0.0938
1221,2.448081,0.0920
1222,2.450024,0.0915
1223,2.467124,0.0917
1224,2.489512,0.0920
1225,2.503445,0.0929
1226,2.505606,0.0925
1227,2.514966,0.0926
1228,2.523982,0.0928
1229,2.527208,0.0914
1230,2.522344,0.0920
1231,2.516983,0.0924
1232,2.508590,0.0935
1233,2.517428,0.0903
1234,2.521802,0.0931
1235,2.527326,0.0923
1236,2.522296,0.0933
1237,2.507003,0.0907
1238,2.483292,0.0925
1239,2.489926,0.0916
1240,2.497680,0.0932
1241,2.495306,0.0910
1242,2.497859,0.0920
1243,2.485739,0.0909
1244,2.483150,0.0918
1245,2.492386,0.0909
1246,2.519414,0.0906
1247,2.537232,0.0933
1248,2.551639,0.0917
1249,2.517864,0.0923
1250,2.524320,0.0946
1251,2.502702,0.0928
1252,2.518063,0.0937
1253,2.509084,0.0933
1254,2.477124,0.0923
1255,2.500930,0.0934
1256,2.492085,0.0918
1257,2.488092,0.0944
1258,2.486806,0.0922
1259,2.477060,0.0939
1260,2.464401,0.0931
1261,2.441093,0.0921
1262,2.422796,0.0934
1263,2.391166,0.0922
1264,2.382617,0.0927
1265,2.383217,0.0921
1266,2.377837,0.0911
1267,2.375219,0.0912
1268,2.379872,0.0906
1269,2.377004,0.0920
1270,2.385095,0.0921
1271,2.378447,0.0924
1272,2.387698,0.0927
1273,2.380149,0.0920
1274,2.381292,0.0916
1275,2.401794,0.0911
1276,2.407661,0.0915
1277,2.396407,0.0920
1278,2.394125,0.0921
1279,2.379802,0.0921
1280,2.378940,0.0909
1281,2.373712,0.0916
1282,2.365258,0.0921
1283,2.361212,0.0921
1284,2.373805,0.0918
1285,2.375003,0.0929
1286,2.371954,0.0931
1287,2.380576,0.0917
1288,2.370304,0.0920
1289,2.376179,0.0937
1290,2.367947,0.0919
1291,2.369381,0.0916
1292,2.354034,0.0912
1293,2.356029,0.0907
1294,2.344186,0.0921
1295,2.352976,0.0912
1296,2.362803,0.0908
1297,2.355830,0.0910
1298,2.356287,0.0911
1299,2.354780,0.0909
1300,2.373931,0.0914
1301,2.370777,0.0914
1302,2.371612,0.0922
1303,2.371896,0.0924
1304,2.387947,0.0894
1305,2.384329,0.0919
1306,2.370369,0.0915
1307,2.368229,0.0944
1308,2.367855,0.0908
1309,2.371976,0.0926
1310,2.371067,0.0921
1311,2.358023,0.0926
1312,2.347404,0.0934
1313,2.337777,0.0921
1314,2.344434,0.0929
1315,2.364084,0.0922
1316,2.352560,0.0917
1317,2.347621,0.0931
1318,2.331038,0.0915
1319,2.330174,0.0924
1320,2.333200,0.0929
1321,2.334207,0.0945
1322,2.347538,0.0931
1323,2.372464,0.0919
1324,2.361745,0.0916
1325,2.364205,0.0923
1326,2.347459,0.0919
1327,2.341489,0.0910
1328,2.320833,0.0908
1329,2.323223,0.0922
1330,2.325263,0.0917
1331,2.334049,0.0917
1332,2.317590,0.0914
1333,2.361320,0.0922
1334,2.377898,0.0919
1335,2.375043,0.0924
1336,2.388083,0.0935
1337,2.383353,0.0922
1338,2.391618,0.0922
1339,2.377990,0.0918
1340,2.391360,0.0924
1341,2.384040,0.0924
1342,2.380238,0.0919
1343,2.375104,0.0925
1344,2.369407,0.0924
1345,2.362574,0.0924
1346,2.360997,0.0924
1347,2.345613,0.0921
1348,2.324059,0.0925
1349,2.315004,0.0925
1350,2.328975,0.0927
1351,2.321688,0.0926
1352,2.329581,0.0919
1353,2.326957,0.0926
1354,2.329512,0.0935
1355,2.309690,0.0926
1356,2.310781,0.0923
1357,2.302100,0.0925
1358,2.298211,0.0922
1359,2.298965,0.0924
1360,2.304592,0.0938
1361,2.314080,0.0920
1362,2.316763,0.0918
1363,2.332506,0.0940
1364,2.326622,0.0925
1365,2.333418,0.0926
1366,2.354889,0.0943
1367,2.354478,0.0930
1368,2.356251,0.0924
1369,2.361508,0.0923
1370,2.360946,0.0935
1371,2.360769,0.0935
1372,2.370872,0.0929
1373,2.380464,0.0931
1374,2.378346,0.0928
1375,2.390302,0.0930
1376,2.377415,0.0952
1377,2.372319,0.0929
1378,2.370157,0.0920
1379,2.338219,0.0931
1380,2.332448,0.0927
1381,2.319712,0.0927
1382,2.338103,0.0923
1383,2.356107,0.0944
1384,2.372622,0.0951
1385,2.362419,0.0943
1386,2.349810,0.0944
1387,2.341094,0.0958
1388,2.330658,0.0941
1389,2.320573,0.0942
1390,2.305241,0.0928
1391,2.304979,0.0940
1392,2.308952,0.0928
1393,2.312993,0.0919
1394,2.308464,0.0928
1395,2.304810,0.0931
1396,2.306621,0.0944
1397,2.313961,0.0950
1398,2.317364,0.0944
1399,2.314523,0.0940
1400,2.298747,0.0942
1401,2.292712,0.0921
1402,2.273438,0.0946
1403,2.258021,0.0943
1404,2.270268,0.0928
1405,2.266672,0.0933
1406,2.254079,0.0930
1407,2.260830,0.0929
1408,2.247573,0.0927
1409,2.248160,0.0933
1410,2.254897,0.0930
1411,2.269778,0.0932
1412,2.276707,0.0921
1413,2.290227,0.0937
1414,2.294038,0.0934
1415,2.315557,0.0930
1416,2.302048,0.0931
1417,2.290502,0.0938
1418,2.289369,0.0933
1419,2.311221,0.0952
1420,2.289874,0.0960
1421,2.292454,0.0953
1422,2.282293,0.0949
1423,2.255906,0.0952
1424,2.247189,0.0943
1425,2.227184,0.0962
1426,2.248095,0.0941
1427,2.242774,0.0939
1428,2.240012,0.0952
1429,2.241218,0.0934
1430,2.210949,0.0951
1431,2.212097,0.0947
1432,2.210786,0.0938
1433,2.238991,0.0951
1434,2.249454,0.0939
1435,2.265388,0.0934
1436,2.267914,0.0938
1437,2.264130,0.0933
1438,2.261710,0.0938
1439,2.237809,0.0934
1440,2.219397,0.0936
1441,2.226062,0.0938
1442,2.222744,0.0938
1443,2.216716,0.0939
1444,2.208942,0.0940
1445,2.197500,0.0938
1446,2.190967,0.0932
1447,2.195522,0.0931
1448,2.220570,0.0949
1449,2.215783,0.0950
1450,2.198874,0.0950
1451,2.181194,0.0948
1452,2.187593,0.0959
1453,2.186645,0.0959
1454,2.177616,0.0950
1455,2.179025,0.0947
1456,2.179380,0.0943
1457,2.193349,0.0944
1458,2.186126,0.0944
1459,2.182111,0.0944
1460,2.177700,0.0935
1461,2.178092,0.0928
1462,2.196036,0.0936
1463,2.182762,0.0935
1464,2.184051,0.0936
1465,2.180728,0.0934
1466,2.186613,0.0936
1467,2.174515,0.0935
1468,2.178871,0.0936
1469,2.185772,0.0946
1470,2.174955,0.0936
1471,2.169204,0.0937
1472,2.174961,0.0936
1473,2.191431,0.0936
1474,2.209269,0.0937
1475,2.211213,0.0936
1476,2.230503,0.0935
1477,2.222369,0.0935
1478,2.221257,0.0937
1479,2.225171,0.0949
1480,2.231446,0.0951
1481,2.215600,0.0953
1482,2.218323,0.0952
1483,2.227836,0.0952
1484,2.226724,0.0954
1485,2.217582,0.0952
1486,2.214962,0.0923
1487,2.218119,0.0920
1488,2.195360,0.0922
1489,2.186025,0.0933
1490,2.169087,0.0926
1491,2.169450,0.0928
1492,2.170631,0.0928
1493,2.172306,0.0928
1494,2.147158,0.0927
1495,2.139249,0.0928
1496,2.155256,0.0928
1497,2.189595,0.0929
1498,2.194383,0.0923
1499,2.182629,0.0920
1500,2.163149,0.0914
1501,2.172979,0.0915
1502,2.163561,0.0920
1503,2.165227,0.0920
1504,2.171006,0.0920
1505,2.163306,0.0923
1506,2.162998,0.0923
1507,2.169968,0.0923
1508,2.171739,0.0918
1509,2.184023,0.0926
1510,2.186626,0.0923
1511,2.179607,0.0922
1512,2.172583,0.0927
1513,2.166789,0.0926
1514,2.152326,0.0941
1515,2.152527,0.0922
1516,2.152512,0.0922
1517,2.150355,0.0927
1518,2.160137,0.0924
1519,2.154256,0.0914
1520,2.144176,0.0930
1521,2.136004,0.0928
1522,2.128426,0.0931
1523,2.107859,0.0922
1524,2.100121,0.0922
1525,2.106839,0.0942
1526,2.096607,0.0928
1527,2.097777,0.0930
1528,2.096869,0.0927
1529,2.110058,0.0929
1530,2.112535,0.0926
1531,2.104426,0.0928
1532,2.098412,0.0931
1533,2.100230,0.0923
1534,2.092431,0.0921
1535,2.079250,0.0919
1536,2.062847,0.0924
1537,2.068867,0.0917
1538,2.074498,0.0912
1539,2.076811,0.0910
1540,2.078635,0.0918
1541,2.069419,0.0925
1542,2.068622,0.0918
1543,2.067806,0.0915
1544,2.072698,0.0927
1545,2.085470,0.0943
1546,2.087550,0.0934
1547,2.092014,0.0936
1548,2.091019,0.0933
1549,2.093441,0.0936
1550,2.118026,0.0933
1551,2.139495,0.0936
1552,2.142987,0.0933
1553,2.143308,0.0931
1554,2.118768,0.0921
1555,2.106407,0.0925
1556,2.083569,0.0925
1557,2.062362,0.0924
1558,2.068428,0.0927
1559,2.092113,0.0930
1560,2.098078,0.0927
1561,2.115253,0.0927
1562,2.126997,0.0920
1563,2.143028,0.0929
1564,2.157739,0.0930
1565,2.151125,0.0927
1566,2.136306,0.0926
1567,2.120962,0.0929
1568,2.119892,0.0920
1569,2.123325,0.0926
1570,2.132537,0.0929
1571,2.109776,0.0929
1572,2.104918,0.0928
1573,2.102920,0.0928
1574,2.100196,0.0927
1575,2.094270,0.0922
1576,2.083047,0.0923
1577,2.092614,0.0930
1578,2.089537,0.0920
1579,2.089319,0.0935
1580,2.082399,0.0922
1581,2.089768,0.0924
1582,2.101861,0.0921
1583,2.095458,0.0921
1584,2.097591,0.0928
1585,2.092942,0.0932
1586,2.098653,0.0936
1587,2.093694,0.0924
1588,2.096563,0.0938
1589,2.113622,0.0923
1590,2.109689,0.0932
1591,2.099708,0.0930
1592,2.079905,0.0924
1593,2.073087,0.0923
1594,2.078390,0.0939
1595,2.091076,0.0941
1596,2.074383,0.0949
1597,2.090901,0.0945
1598,2.085714,0.0949
1599,2.074548,0.0947
1600,2.062772,0.0947
1601,2.056844,0.0933
1602,2.043977,0.0932
1603,2.045233,0.0930
1604,2.049791,0.0935
1605,2.058273,0.0930
1606,2.057832,0.0930
1607,2.040799,0.0929
1608,2.049941,0.0934
1609,2.039257,0.0932
1610,2.032130,0.0919
1611,2.030307,0.0930
1612,2.035411,0.0923
1613,2.043858,0.0928
1614,2.060174,0.0918
1615,2.061798,0.0919
1616,2.080444,0.0930
1617,2.070005,0.0923
1618,2.064145,0.0932
1619,2.061556,0.0937
1620,2.040566,0.0933
1621,2.029050,0.0936
1622,2.016241,0.0929
1623,2.024075,0.0939
1624,2.023527,0.0943
1625,2.034296,0.0928
1626,2.028729,0.0923
1627,2.027760,0.0943
1628,2.026217,0.0941
1629,2.021132,0.0928
1630,2.019947,0.0933
1631,2.031024,0.0937
1632,2.020831,0.0940
1633,2.029817,0.0944
1634,2.026000,0.0924
1635,2.032094,0.0929
1636,2.038273,0.0934
1637,2.042632,0.0929
1638,2.040802,0.0954
1639,2.022341,0.0959
1640,2.015579,0.0934
1641,2.012411,0.0953
1642,1.989333,0.0939
1643,1.990053,0.0946
1644,2.003225,0.0947
1645,2.008134,0.0951
1646,2.016941,0.0939
1647,2.028874,0.0952
1648,2.026175,0.0946
1649,2.034436,0.0950
1650,2.054311,0.0954
1651,2.071303,0.0952
1652,2.080970,0.0932
1653,2.096221,0.0952
1654,2.113572,0.0951
1655,2.117567,0.0948
1656,2.113571,0.0936
1657,2.095171,0.0951
1658,2.094030,0.0955
1659,2.106744,0.0943
1660,2.101876,0.0938
1661,2.101667,0.0954
1662,2.111386,0.0954
1663,2.111102,0.0949
1664,2.111168,0.0945
1665,2.125930,0.0930
1666,2.132712,0.0932
1667,2.123372,0.0933
1668,2.109673,0.0932
1669,2.097957,0.0929
1670,2.074401,0.0930
1671,2.074416,0.0933
1672,2.085505,0.0931
1673,2.087423,0.0935
1674,2.081246,0.0939
1675,2.104954,0.0930
1676,2.137161,0.0955
1677,2.160761,0.0935
1678,2.167690,0.0932
1679,2.162730,0.0930
1680,2.162722,0.0921
1681,2.138499,0.0934
1682,2.118180,0.0926
1683,2.114602,0.0928
1684,2.122634,0.0934
1685,2.125080,0.0924
1686,2.120314,0.0931
1687,2.118896,0.0939
1688,2.102202,0.0933
1689,2.104686,0.0922
1690,2.089036,0.0944
1691,2.088388,0.0926
1692,2.080137,0.0923
1693,2.047915,0.0923
1694,2.046589,0.0925
1695,2.061211,0.0950
1696,2.071199,0.0921
1697,2.084323,0.0924
1698,2.093519,0.0939
1699,2.091269,0.0936
1700,2.106625,0.0931
1701,2.094293,0.0925
1702,2.087445,0.0955
1703,2.077362,0.0923
1704,2.049649,0.0930
1705,2.067348,0.0928
1706,2.092552,0.0924
1707,2.115811,0.0927
1708,2.116566,0.0929
1709,2.113073,0.0919
1710,2.106207,0.0922
1711,2.115714,0.0938
1712,2.122311,0.0921
1713,2.125196,0.0931
1714,2.141845,0.0928
1715,2.152829,0.0944
1716,2.150658,0.0931
1717,2.132803,0.0940
1718,2.106829,0.0931
1719,2.109790,0.0920
1720,2.119028,0.0933
1721,2.110563,0.0923
1722,2.110885,0.0945
1723,2.122420,0.0926
1724,2.109034,0.0938
1725,2.087676,0.0931
1726,2.070811,0.0945
1727,2.033921,0.0944
1728,2.031158,0.0926
1729,2.045065,0.0930
1730,2.052490,0.0937
1731,2.061155,0.0944
1732,2.070038,0.0947
1733,2.062206,0.0934
1734,2.072923,0.0938
1735,2.086947,0.0936
1736,2.082929,0.0943
1737,2.092743,0.0939
1738,2.094392,0.0929
1739,2.113411,0.0944
1740,2.100623,0.0927
1741,2.092263,0.0938
1742,2.081502,0.0921
1743,2.048143,0.0925
1744,2.031069,0.0927
1745,2.034989,0.0926
1746,2.050591,0.0919
1747,2.055099,0.0933
1748,2.070512,0.0933
1749,2.074761,0.0919
1750,2.073409,0.0940
1751,2.078843,0.0929
1752,2.090056,0.0938
1753,2.089157,0.0949
1754,2.083509,0.0929
1755,2.061971,0.0942
1756,2.084733,0.0949
1757,2.126091,0.0940
1758,2.133870,0.0948
1759,2.165281,0.0950
1760,2.160815,0.0922
1761,2.132595,0.0931
1762,2.127052,0.0936
1763,2.126024,0.0917
1764,2.105767,0.0932
1765,2.097178,0.0939
1766,2.073785,0.0923
1767,2.054406,0.0923
1768,2.061949,0.0938
1769,2.063992,0.0932
1770,2.041309,0.0926
1771,2.036022,0.0925
1772,2.042278,0.0948
1773,2.025105,0.0939
1774,2.047310,0.0933
1775,2.050658,0.0940
1776,2.039236,0.0949
1777,2.044899,0.0924
1778,2.040267,0.0952
1779,2.028329,0.0951
1780,2.010536,0.0966
1781,1.995430,0.0959
1782,1.987051,0.0932
1783,1.978990,0.0958
1784,1.977201,0.0937
1785,1.963935,0.0938
1786,1.976622,0.0939
1787,1.997415,0.0936
1788,2.022772,0.0948
1789,2.040405,0.0939
1790,2.063849,0.0942
1791,2.080776,0.0933
1792,2.083430,0.0946
1793,2.071463,0.0933
1794,2.051903,0.0954
1795,2.032932,0.0930
1796,2.017953,0.0949
1797,2.010782,0.0936
1798,2.000510,0.0926
1799,1.982386,0.0943
1800,1.976041,0.0941
1801,1.971041,0.0924
1802,1.972556,0.0938
1803,1.977669,0.0947
1804,1.985396,0.0936
1805,1.991150,0.0941
1806,1.984092,0.0942
1807,1.986056,0.0938
1808,1.977122,0.0939
1809,1.973010,0.0934
1810,1.998016,0.0932
1811,2.023472,0.0933
1812,2.036279,0.0948
1813,2.059248,0.0934
1814,2.068648,0.0934
1815,2.077363,0.0943
1816,2.074108,0.0938
1817,2.083819,0.0942
1818,2.065126,0.0951
1819,2.052728,0.0959
1820,2.042408,0.0953
1821,2.042832,0.0940
1822,2.045434,0.0932
1823,2.033359,0.0941
1824,2.027660,0.0946
1825,2.019905,0.0946
1826,2.007181,0.0946
1827,2.003847,0.0948
1828,1.979259,0.0947
1829,1.977022,0.0940
1830,1.983229,0.0940
1831,1.992569,0.0946
1832,1.989972,0.0942
1833,1.995225,0.0964
1834,1.994345,0.0966
1835,1.997508,0.0932
1836,1.985960,0.0933
1837,1.983437,0.0946
1838,1.994133,0.0948
1839,1.985448,0.0970
1840,1.995748,0.0939
1841,1.995230,0.0935
1842,1.993260,0.0938
1843,1.978851,0.0976
1844,1.966044,0.0969
1845,1.967422,0.0938
1846,1.968580,0.0971
1847,1.970448,0.0972
1848,1.983561,0.0954
1849,1.983452,0.0975
1850,2.000639,0.0972
1851,1.991511,0.0952
1852,1.996479,0.0954
1853,1.993829,0.0948
1854,2.016900,0.0937
1855,2.022262,0.0964
1856,2.043808,0.0954
1857,2.045213,0.0942
1858,2.042278,0.0976
1859,2.032680,0.0944
1860,2.030498,0.0954
1861,2.023536,0.0943
1862,2.021962,0.0943
1863,2.026535,0.0971
1864,2.007131,0.0945
1865,1.996250,0.0954
1866,1.993082,0.0939
1867,1.980875,0.0955
1868,1.970835,0.0938
1869,1.952757,0.0935
1870,1.981854,0.0935
1871,1.997008,0.0947
1872,2.014015,0.0961
1873,2.023114,0.0972
1874,2.039585,0.0941
1875,2.054016,0.0938
1876,2.068812,0.0947
1877,2.057974,0.0965
1878,2.041964,0.0937
1879,2.014987,0.0950
1880,2.009852,0.0935
1881,2.002163,0.0939
1882,1.984815,0.0946
1883,1.963183,0.0969
1884,1.958100,0.0947
1885,1.943998,0.0951
1886,1.928695,0.0952
1887,1.934116,0.0932
1888,1.936798,0.0944
1889,1.952941,0.0947
1890,1.981916,0.0965
1891,2.002925,0.0941
1892,2.020440,0.0945
1893,2.032392,0.0966
1894,2.031764,0.0943
1895,2.028781,0.0948
1896,2.007726,0.0951
1897,2.014466,0.0951
1898,1.997434,0.0965
1899,1.988508,0.0966
1900,1.969766,0.0938
1901,1.975991,0.0950
1902,1.984765,0.0966
1903,1.982721,0.0951
1904,1.990458,0.0953
1905,1.983872,0.0942
1906,1.982551,0.0945
1907,1.964014,0.0943
1908,1.964398,0.0939
1909,1.967127,0.0932
1910,1.978878,0.0945
1911,1.964602,0.0929
1912,1.965868,0.0941
1913,1.962710,0.0941
1914,1.962758,0.0935
1915,1.966669,0.0937
1916,1.947742,0.0951
1917,1.946595,0.0966
1918,1.949056,0.0935
1919,1.955103,0.0943
1920,1.946110,0.0936
1921,1.924623,0.0935
1922,1.908847,0.0941
1923,1.898656,0.0934
1924,1.929490,0.0947
1925,1.936899,0.0944
1926,1.923606,0.0949
1927,1.927417,0.0949
1928,1.941648,0.0940
1929,1.963143,0.0947
1930,1.994206,0.0967
1931,2.005205,0.0977
1932,2.007413,0.0949
1933,1.993495,0.0937
1934,1.980006,0.0946
1935,1.962148,0.0973
1936,1.961733,0.0969
1937,1.956971,0.0946
1938,1.958074,0.0955
1939,1.936098,0.0955
1940,1.947232,0.0946
1941,1.939865,0.0954
1942,1.944640,0.0941
1943,1.934662,0.0944
1944,1.935558,0.0953
1945,1.933518,0.0935
1946,1.929712,0.0949
1947,1.934008,0.0946
1948,1.931785,0.0946
1949,1.927194,0.0953
1950,1.924576,0.0946
1951,1.927834,0.0949
1952,1.921046,0.0952
1953,1.925216,0.0947
1954,1.916316,0.0949
1955,1.924165,0.0957
1956,1.943728,0.0943
1957,1.949885,0.0946
1958,1.939251,0.0946
1959,1.934172,0.0936
1960,1.922491,0.0968
1961,1.923745,0.0937
1962,1.909754,0.0948
1963,1.911987,0.0957
1964,1.900572,0.0956
1965,1.899997,0.0943
1966,1.908582,0.0946
1967,1.917313,0.0956
1968,1.927352,0.0947
1969,1.941889,0.0945
1970,1.930307,0.0951
1971,1.919415,0.0953
1972,1.924470,0.0960
1973,1.918650,0.0943
1974,1.915967,0.0948
1975,1.913055,0.0971
1976,1.907303,0.0951
1977,1.895536,0.0954
1978,1.876452,0.0947
1979,1.861171,0.0950
1980,1.869563,0.0954
1981,1.881087,0.0951
1982,1.898126,0.0944
1983,1.894735,0.0947
1984,1.902687,0.0954
1985,1.891598,0.0932
1986,1.925741,0.0937
1987,1.941853,0.0955
1988,1.937027,0.0957
1989,1.911710,0.0948
1990,1.909094,0.0939
1991,1.923004,0.0938
1992,1.927433,0.0940
1993,1.936004,0.0939
1994,1.929408,0.0941
1995,1.921617,0.0939
1996,1.909720,0.0953
1997,1.909810,0.0950
1998,1.918365,0.0970
1999,1.921298,0.0946
2000,1.919637,0.0957
2001,1.930426,0.0944
2002,1.911577,0.0945
2003,1.916304,0.0949
2004,1.907450,0.0961
2005,1.892689,0.0943
2006,1.887360,0.0948
2007,1.891165,0.0946
2008,1.913467,0.0953
2009,1.921587,0.0945
2010,1.922391,0.0952
2011,1.926613,0.0944
2012,1.920029,0.0950
2013,1.904886,0.0957
2014,1.902386,0.0961
2015,1.875779,0.0965
2016,1.875697,0.0954
2017,1.869046,0.0974
2018,1.875904,0.0965
2019,1.883255,0.0965
2020,1.895106,0.0949
2021,1.894554,0.0971
2022,1.881299,0.0958
2023,1.874098,0.0972
2024,1.868382,0.0961
2025,1.892575,0.0972
2026,1.890993,0.0961
2027,1.896034,0.0970
2028,1.896896,0.0952
2029,1.896218,0.0954
2030,1.889475,0.0967
2031,1.884413,0.0953
2032,1.883870,0.0944
2033,1.877226,0.0941
2034,1.866481,0.0951
2035,1.874378,0.0964
2036,1.871502,0.0947
2037,1.893674,0.0956
2038,1.895396,0.0942
2039,1.893448,0.0967
2040,1.909682,0.0947
2041,1.909635,0.0993
2042,1.918308,0.0943
2043,1.935742,0.0943
2044,1.935574,0.0966
2045,1.928062,0.0962
2046,1.901876,0.0960
2047,1.885996,0.0968
2048,1.881972,0.0963
2049,1.886977,0.0959
2050,1.886448,0.0946
2051,1.888512,0.0958
2052,1.889647,0.0947
2053,1.892997,0.0942
2054,1.904471,0.0944
2055,1.908042,0.0954
2056,1.916035,0.0976
2057,1.907142,0.0958
2058,1.916894,0.0950
2059,1.922100,0.0949
2060,1.900429,0.0957
2061,1.909196,0.0956
2062,1.890731,0.0960
2063,1.897629,0.0967
2064,1.917202,0.0953
2065,1.922384,0.0948
2066,1.922498,0.0952
2067,1.918630,0.0948
2068,1.910098,0.0943
2069,1.891257,0.0950
2070,1.881351,0.0951
2071,1.885873,0.0943
2072,1.884285,0.0952
2073,1.904301,0.0961
2074,1.936722,0.0950
2075,1.938789,0.0941
2076,1.925986,0.0956
2077,1.924338,0.0943
2078,1.918329,0.0942
2079,1.929710,0.0936
2080,1.945869,0.0932
2081,1.922595,0.0944
2082,1.921373,0.0951
2083,1.911417,0.0941
2084,1.887213,0.0956
2085,1.890452,0.0951
2086,1.897066,0.0940
2087,1.916536,0.0956
2088,1.956668,0.0978
2089,1.965095,0.0969
2090,1.960835,0.0974
2091,1.958395,0.0961
2092,1.954696,0.0943
2093,1.937444,0.0951
2094,1.939739,0.0946
2095,1.933601,0.0939
2096,1.931433,0.0963
2097,1.931838,0.0968
2098,1.935073,0.0954
2099,1.936037,0.0967
2100,1.962429,0.0940
2101,1.969711,0.0945
2102,1.962136,0.0937
2103,1.939557,0.0946
2104,1.933315,0.0949
2105,1.944585,0.0942
2106,1.933563,0.0942
2107,1.930893,0.0943
2108,1.908483,0.0936
2109,1.889578,0.0971
2110,1.895094,0.0943
2111,1.905249,0.0954
2112,1.905888,0.0939
2113,1.904909,0.0939
2114,1.899946,0.0949
2115,1.906217,0.0941
2116,1.918689,0.0941
2117,1.923240,0.0974
2118,1.926833,0.0951
2119,1.925000,0.0958
2120,1.922752,0.0951
2121,1.917234,0.0963
2122,1.918917,0.0951
2123,1.905673,0.0935
2124,1.913754,0.0957
2125,1.898119,0.0958
2126,1.894712,0.0972
2127,1.878488,0.0979
2128,1.872845,0.0958
2129,1.856614,0.0964
2130,1.836333,0.0983
2131,1.833263,0.0958
2132,1.840410,0.0944
2133,1.847764,0.0941
2134,1.844743,0.0952
2135,1.852867,0.0982
2136,1.856160,0.0974
2137,1.850130,0.0951
2138,1.833193,0.0966
2139,1.833401,0.0962
2140,1.835974,0.0973
2141,1.841691,0.0956
2142,1.834995,0.0959
2143,1.839677,0.0966
2144,1.822942,0.0962
2145,1.811846,0.0955
2146,1.826913,0.0949
2147,1.843323,0.0976
2148,1.856236,0.0974
2149,1.885309,0.0974
2150,1.900675,0.0975
2151,1.917323,0.0953
2152,1.927861,0.0958
2153,1.930312,0.0959
2154,1.919352,0.0956
2155,1.899385,0.0959
2156,1.878180,0.0957
2157,1.880413,0.0955
2158,1.877817,0.0997
2159,1.888172,0.0957
2160,1.886964,0.0946
2161,1.881507,0.0971
2162,1.887175,0.0957
2163,1.893219,0.0965
2164,1.899097,0.0973
2165,1.889775,0.0972
2166,1.879273,0.0958
2167,1.883801,0.0965
2168,1.871890,0.0967
2169,1.853837,0.0963
2170,1.847689,0.0965
2171,1.835391,0.0969
2172,1.814947,0.0960
2173,1.809662,0.0958
2174,1.832096,0.0965
2175,1.821117,0.0971
2176,1.840431,0.0961
2177,1.849949,0.0957
2178,1.852999,0.0955
2179,1.841582,0.0966
2180,1.852006,0.0965
2181,1.841828,0.0962
2182,1.823774,0.0949
2183,1.845602,0.0957
2184,1.867590,0.0964
2185,1.910535,0.0982
2186,1.927481,0.0950
2187,1.939540,0.0942
2188,1.925842,0.0953
2189,1.912504,0.0953
2190,1.887174,0.0949
2191,1.885834,0.0967
2192,1.864501,0.0962
2193,1.870505,0.0965
2194,1.859770,0.0956
2195,1.846038,0.0976
2196,1.874535,0.0961
2197,1.859956,0.0965
2198,1.870862,0.0951
2199,1.852151,0.0965
2200,1.866923,0.0957
2201,1.867469,0.0949
2202,1.850538,0.0962
2203,1.871701,0.0961
2204,1.879432,0.0965
2205,1.886079,0.0961
2206,1.905795,0.0961
2207,1.897821,0.0959
2208,1.923890,0.0964
2209,1.940811,0.0948
2210,1.944989,0.0971
2211,1.925424,0.0955
2212,1.921119,0.0963
2213,1.914204,0.0969
2214,1.917136,0.0958
2215,1.908621,0.0954
2216,1.913851,0.0975
2217,1.948873,0.0959
2218,1.963163,0.0971
2219,1.954204,0.0955
2220,1.947626,0.0954
2221,1.935023,0.0970
2222,1.942575,0.0953
2223,1.945840,0.0984
2224,1.941164,0.0954
2225,1.928443,0.0962
2226,1.926782,0.0977
2227,1.913739,0.0973
2228,1.909904,0.0972
2229,1.894462,0.0960
2230,1.887340,0.0954
2231,1.871961,0.0980
2232,1.886214,0.0952
2233,1.882650,0.0953
2234,1.892029,0.0962
2235,1.901996,0.0959
2236,1.911108,0.0959
2237,1.913246,0.0970
2238,1.924589,0.0957
2239,1.924188,0.0974
2240,1.938420,0.0977
2241,1.931805,0.0963
2242,1.908269,0.0967
2243,1.886689,0.0959
2244,1.906456,0.0964
2245,1.907160,0.0966
2246,1.898202,0.0959
2247,1.896312,0.0964
2248,1.918988,0.0973
2249,1.954801,0.0958
2250,1.973951,0.0967
2251,1.968873,0.0953
2252,1.923607,0.0963
2253,1.919090,0.0964
2254,1.908267,0.0965
2255,1.877456,0.0962
2256,1.859788,0.0964
2257,1.840486,0.0958
2258,1.849811,0.0956
2259,1.858922,0.0940
2260,1.862916,0.0972
2261,1.870834,0.0966
2262,1.864103,0.0950
2263,1.850952,0.0968
2264,1.836827,0.0967
2265,1.829322,0.0970
2266,1.846071,0.0967
2267,1.854546,0.0966
2268,1.856363,0.0959
2269,1.863348,0.0954
2270,1.861218,0.0966
2271,1.853383,0.0966
2272,1.847992,0.0972
2273,1.840851,0.0957
2274,1.827025,0.0971
2275,1.834355,0.0974
2276,1.817404,0.0967
2277,1.807228,0.0958
2278,1.834786,0.0963
2279,1.850286,0.0969
2280,1.851850,0.0969
2281,1.863049,0.0962
2282,1.871036,0.0964
2283,1.880370,0.0952
2284,1.894053,0.0956
2285,1.877731,0.0963
2286,1.881343,0.0964
2287,1.876954,0.0953
2288,1.877630,0.0961
2289,1.875583,0.0949
2290,1.887834,0.0965
2291,1.890118,0.0974
2292,1.883754,0.0962
2293,1.883230,0.0976
2294,1.869918,0.0969
2295,1.851725,0.0954
2296,1.852601,0.0969
2297,1.836231,0.0957
2298,1.813346,0.0963
2299,1.844932,0.0974
2300,1.871872,0.0969
2301,1.893646,0.0969
2302,1.905805,0.0949
2303,1.902812,0.0967
2304,1.900114,0.0973
2305,1.893914,0.0969
2306,1.886703,0.0960
2307,1.890548,0.0955
2308,1.893157,0.0957
2309,1.875049,0.0975
2310,1.870913,0.0963
2311,1.862461,0.0948
2312,1.866109,0.0965
2313,1.843316,0.0951
2314,1.853183,0.0958
2315,1.853473,0.0959
2316,1.838607,0.0955
2317,1.825713,0.0947
2318,1.821545,0.0954
2319,1.813637,0.0971
2320,1.788525,0.0961
2321,1.802812,0.0948
2322,1.815537,0.0961
2323,1.827985,0.0957
2324,1.845517,0.0955
2325,1.853618,0.0954
2326,1.856727,0.0941
2327,1.855694,0.0961
2328,1.853539,0.0965
2329,1.834500,0.0959
2330,1.818016,0.0965
2331,1.815739,0.0957
2332,1.810677,0.0973
2333,1.808315,0.0965
2334,1.805933,0.0965
2335,1.823386,0.0952
2336,1.855900,0.0969
2337,1.862116,0.0967
2338,1.860524,0.0952
2339,1.854460,0.0961
2340,1.876990,0.0965
2341,1.886716,0.0954
2342,1.891354,0.0967
2343,1.895401,0.0960
2344,1.888412,0.0964
2345,1.880865,0.0959
2346,1.903374,0.0961
2347,1.913053,0.0951
2348,1.931291,0.0966
2349,1.931551,0.0978
2350,1.905186,0.0960
2351,1.882819,0.0966
2352,1.862230,0.0977
2353,1.834556,0.0957
2354,1.825453,0.0962
2355,1.806741,0.0960
2356,1.797879,0.0953
2357,1.801133,0.0970
2358,1.808914,0.0963
2359,1.830997,0.0949
2360,1.834368,0.0964
2361,1.850947,0.0965
2362,1.857176,0.0970
2363,1.871288,0.0962
2364,1.865891,0.0961
2365,1.872047,0.0981
2366,1.857070,0.0955
2367,1.833419,0.0966
2368,1.801429,0.0963
2369,1.771096,0.0966
2370,1.792805,0.0949
2371,1.798681,0.0959
2372,1.786398,0.0973
2373,1.822332,0.0959
2374,1.836920,0.0957
2375,1.827451,0.0965
2376,1.833396,0.0956
2377,1.832991,0.0964
2378,1.828040,0.0946
2379,1.825328,0.0948
2380,1.827201,0.0971
2381,1.804862,0.0963
2382,1.790991,0.0970
2383,1.797102,0.0956
2384,1.797123,0.0964
2385,1.778934,0.0968
2386,1.761861,0.0969
2387,1.753922,0.0963
2388,1.765690,0.0965
2389,1.765014,0.0970
2390,1.779140,0.0973
2391,1.809283,0.0963
2392,1.827986,0.0962
2393,1.827680,0.0959
2394,1.815005,0.0962
2395,1.792364,0.0965
2396,1.796675,0.0968
2397,1.791482,0.0969
2398,1.783456,0.0956
2399,1.789041,0.0954
2400,1.797470,0.0950
2401,1.795096,0.0958
2402,1.778365,0.0948
2403,1.766339,0.0953
2404,1.765896,0.0965
2405,1.759131,0.0971
2406,1.772969,0.0972
2407,1.793011,0.0969
2408,1.795591,0.0952
2409,1.788981,0.0961
2410,1.783350,0.0968
2411,1.776106,0.0979
2412,1.785679,0.0955
2413,1.784529,0.0963
2414,1.792687,0.0963
2415,1.803775,0.0969
2416,1.808170,0.0965
2417,1.796980,0.0956
2418,1.790777,0.0975
2419,1.763817,0.0946
2420,1.787920,0.0950
2421,1.813382,0.0955
2422,1.849144,0.0971
2423,1.876549,0.0957
2424,1.880952,0.0961
2425,1.880927,0.0968
2426,1.885995,0.0961
2427,1.869663,0.0963
2428,1.873669,0.0955
2429,1.863396,0.0952
2430,1.846373,0.0965
2431,1.836769,0.0962
2432,1.851662,0.0953
2433,1.827382,0.0963
2434,1.807594,0.0943
2435,1.783849,0.0959
2436,1.803355,0.0952
2437,1.798373,0.0954
2438,1.796639,0.0949
2439,1.797540,0.0957
2440,1.804284,0.0952
2441,1.800154,0.0955
2442,1.766872,0.0944
2443,1.797037,0.0952
2444,1.795269,0.0940
2445,1.831905,0.0957
2446,1.840802,0.0941
2447,1.851598,0.0950
2448,1.886332,0.0953
2449,1.906663,0.0950
2450,1.914634,0.0946
2451,1.924535,0.0948
2452,1.928474,0.0943
2453,1.910627,0.0955
2454,1.919935,0.0953
2455,1.914926,0.0939
2456,1.904746,0.0946
2457,1.893667,0.0958
2458,1.885256,0.0947
2459,1.869426,0.0950
2460,1.871250,0.0950
2461,1.864593,0.0946
2462,1.857657,0.0968
2463,1.846817,0.0949
2464,1.838342,0.0941
2465,1.856696,0.0948
2466,1.885084,0.0950
2467,1.909407,0.0951
2468,1.915453,0.0945
2469,1.923565,0.0954
2470,1.942635,0.0947
2471,1.945885,0.0952
2472,1.948899,0.0947
2473,1.928771,0.0962
2474,1.951888,0.0952
2475,1.946881,0.0952
2476,1.953319,0.0962
2477,1.939747,0.0955
2478,1.923326,0.0955
2479,1.889786,0.0960
2480,1.875174,0.0969
2481,1.861754,0.0950
2482,1.860899,0.0958
2483,1.877962,0.0952
2484,1.893331,0.0961
2485,1.915876,0.0970
2486,1.941851,0.0962
2487,1.932262,0.0953
2488,1.930312,0.0949
2489,1.928927,0.0949
2490,1.917439,0.0955
2491,1.905705,0.0958
2492,1.914375,0.0958
2493,1.901375,0.0950
2494,1.897372,0.0950
2495,1.881862,0.0971
2496,1.874374,0.0959
2497,1.880708,0.0946
2498,1.862139,0.0960
2499,1.843385,0.0971
2500,1.868735,0.0952
2501,1.872183,0.0966
2502,1.876899,0.0963
2503,1.883617,0.0946
2504,1.900689,0.0955
2505,1.909246,0.0952
2506,1.921315,0.0957
2507,1.911499,0.0979
2508,1.893022,0.0956
2509,1.884173,0.0960
2510,1.878154,0.0956
2511,1.864094,0.0964
2512,1.859243,0.0957
2513,1.858363,0.0961
2514,1.858371,0.0971
2515,1.847035,0.0954
2516,1.844143,0.0961
2517,1.836346,0.0967
2518,1.819727,0.0967
2519,1.790298,0.0971
2520,1.794180,0.0969
2521,1.780007,0.0959
2522,1.767434,0.0963
2523,1.772409,0.0953
2524,1.783928,0.0965
2525,1.808343,0.0953
2526,1.798428,0.0966
2527,1.791463,0.0965
2528,1.785962,0.0992
2529,1.812140,0.0950
2530,1.808144,0.0968
2531,1.798894,0.0968
2532,1.791299,0.0954
2533,1.795909,0.0954
2534,1.801887,0.0957
2535,1.788852,0.0956
2536,1.779321,0.0965
2537,1.793733,0.0956
2538,1.799073,0.0949
2539,1.830355,0.0956
2540,1.840168,0.0966
2541,1.869174,0.0963
2542,1.905444,0.0983
2543,1.934890,0.0964
2544,1.947532,0.0952
2545,1.956802,0.0965
2546,1.972759,0.0954
2547,1.958032,0.0954
2548,1.959689,0.0957
2549,1.946133,0.0962
2550,1.949016,0.0954
2551,1.935184,0.0947
2552,1.930439,0.0968
2553,1.929989,0.0969
2554,1.925938,0.0960
2555,1.898622,0.0945
2556,1.887213,0.0983
2557,1.869788,0.0965
2558,1.851563,0.0964
2559,1.839547,0.0956
2560,1.817849,0.0970
2561,1.793366,0.0958
2562,1.777784,0.0967
2563,1.747701,0.0958
2564,1.745146,0.0950
2565,1.747180,0.0967
2566,1.754102,0.0956
2567,1.790374,0.0952
2568,1.805511,0.0955
2569,1.813730,0.0967
2570,1.820728,0.0975
2571,1.803248,0.0957
2572,1.788323,0.0955
2573,1.794597,0.0955
2574,1.788659,0.0965
2575,1.797185,0.0967
2576,1.804192,0.0967
2577,1.806085,0.0972
2578,1.799768,0.0967
2579,1.797862,0.0961
2580,1.783126,0.0976
2581,1.790642,0.0965
2582,1.789106,0.0962
2583,1.770800,0.0961
2584,1.778296,0.0955
2585,1.765274,0.0971
2586,1.749147,0.0978
2587,1.740184,0.0975
2588,1.755443,0.0963
2589,1.743511,0.0982
2590,1.765211,0.0961
2591,1.784118,0.0959
2592,1.777465,0.0977
2593,1.771668,0.0959
2594,1.786467,0.0956
2595,1.798013,0.0959
2596,1.799981,0.0952
2597,1.790132,0.0971
2598,1.779875,0.0962
2599,1.840364,0.0980
2600,1.949625,0.0960
2601,2.056503,0.0973
2602,2.129051,0.0967
2603,2.177042,0.0967
2604,2.201670,0.0961
2605,2.207491,0.0956
2606,2.196003,0.0978
2607,2.173099,0.0964
2608,2.158661,0.0968
2609,2.141842,0.0956
2610,2.113705,0.0960
2611,2.092863,0.0958
2612,2.070688,0.0969
2613,2.047631,0.0972
2614,2.042294,0.0956
2615,2.036947,0.0968
2616,2.046844,0.0966
2617,2.043331,0.0958
2618,2.040901,0.0985
2619,2.014763,0.0957
2620,2.004762,0.0964
2621,1.995108,0.0961
2622,1.982326,0.0964
2623,1.987232,0.0976
2624,1.980254,0.0963
2625,1.970603,0.0960
2626,1.957685,0.0968
2627,1.936454,0.0970
2628,1.920203,0.0987
2629,1.914345,0.0968
2630,1.912114,0.0954
2631,1.911855,0.0962
2632,1.908042,0.0970
2633,1.913896,0.0977
2634,1.926316,0.0979
2635,1.921844,0.0967
2636,1.920787,0.0953
2637,1.928231,0.0967
2638,1.918470,0.0974
2639,1.921732,0.0959
2640,1.937657,0.0962
2641,1.939381,0.0991
2642,1.921497,0.0958
2643,1.904676,0.0968
2644,1.894389,0.0973
2645,1.882624,0.0978
2646,1.862807,0.0967
2647,1.879718,0.0967
2648,1.865844,0.0959
2649,1.869682,0.0965
2650,1.860566,0.0962
2651,1.873935,0.0970
2652,1.856536,0.0962
2653,1.838789,0.0968
2654,1.832240,0.0965
2655,1.808670,0.0968
2656,1.779121,0.0965
2657,1.796259,0.0968
2658,1.811535,0.0969
2659,1.818905,0.0976
2660,1.840867,0.0960
2661,1.842642,0.0980
2662,1.831200,0.0969
2663,1.823037,0.0964
2664,1.813684,0.0981
2665,1.792095,0.0952
2666,1.778293,0.0960
2667,1.761694,0.0977
2668,1.750863,0.0994
2669,1.751335,0.0968
2670,1.737973,0.0968
2671,1.754054,0.0968
2672,1.798483,0.0982
2673,1.794745,0.0964
2674,1.791240,0.0972
2675,1.803453,0.0968
2676,1.843859,0.0960
2677,1.852055,0.0991
2678,1.853646,0.0966
2679,1.862810,0.0962
2680,1.865068,0.0970
2681,1.858470,0.0965
2682,1.857889,0.0962
2683,1.834706,0.0968
2684,1.811403,0.0979
2685,1.796821,0.0956
2686,1.772055,0.0980
2687,1.760874,0.0971
2688,1.763197,0.0974
2689,1.767104,0.0958
2690,1.756114,0.0973
2691,1.771705,0.0973
2692,1.819850,0.0968
2693,1.820177,0.0974
2694,1.815656,0.0979
2695,1.837425,0.0968
2696,1.841863,0.0983
2697,1.858923,0.0969
2698,1.870446,0.0975
2699,1.863150,0.0968
2700,1.861387,0.0962
2701,1.857189,0.0980
2702,1.855121,0.0964
2703,1.862316,0.0990
2704,1.854869,0.0978
2705,1.822216,0.0986
2706,1.789206,0.0974
2707,1.811581,0.0971
2708,1.827734,0.0977
2709,1.848094,0.0969
2710,1.872274,0.0990
2711,1.874919,0.0970
2712,1.884639,0.0969
2713,1.880071,0.0973
2714,1.875170,0.0968
2715,1.854558,0.0949
2716,1.843686,0.0977
2717,1.831455,0.0965
2718,1.830172,0.0978
2719,1.803312,0.0981
2720,1.785613,0.0974
2721,1.774306,0.0986
2722,1.767366,0.0974
2723,1.770259,0.0979
2724,1.732300,0.0972
2725,1.752372,0.0973
2726,1.757048,0.0972
2727,1.759565,0.0976
2728,1.763553,0.0963
2729,1.753331,0.0966
2730,1.747231,0.0986
2731,1.763525,0.0975
2732,1.763583,0.0987
2733,1.788170,0.0989
2734,1.805942,0.0969
2735,1.807469,0.0965
2736,1.814396,0.0962
2737,1.818977,0.0973
2738,1.819482,0.0981
2739,1.803806,0.0973
2740,1.824826,0.0957
2741,1.820201,0.0966
2742,1.818877,0.0981
2743,1.821152,0.0982
2744,1.804506,0.0976
2745,1.785958,0.0961
2746,1.751565,0.0982
2747,1.725974,0.0981
2748,1.745472,0.0973
2749,1.745849,0.0969
2750,1.736522,0.0965
2751,1.724713,0.0980
2752,1.755001,0.0965
2753,1.761247,0.0969
2754,1.778903,0.0984
2755,1.775739,0.0968
2756,1.799386,0.0975
2757,1.800310,0.0982
2758,1.800111,0.0954
2759,1.858816,0.0972
2760,1.910299,0.0964
2761,1.935973,0.0962
2762,1.956484,0.0965
2763,1.963101,0.0961
2764,1.987148,0.0982
2765,1.967880,0.0957
2766,1.960349,0.0978
2767,1.945023,0.0972
2768,1.924511,0.0975
2769,1.902413,0.0977
2770,1.882850,0.0963
2771,1.895575,0.0978
2772,1.876989,0.0965
2773,1.848765,0.0968
2774,1.814480,0.0976
2775,1.800924,0.0987
2776,1.775825,0.0967
2777,1.787909,0.0980
2778,1.769934,0.0983
2779,1.780857,0.0975
2780,1.779070,0.0973
2781,1.766831,0.0988
2782,1.754884,0.0987
2783,1.774813,0.0989
2784,1.796583,0.0974
2785,1.807160,0.0969
2786,1.809809,0.0985
2787,1.825389,0.0971
2788,1.825191,0.0969
2789,1.836731,0.0969
2790,1.840667,0.0977
2791,1.845612,0.0959
2792,1.820603,0.0978
2793,1.806673,0.0983
2794,1.792695,0.0987
2795,1.783604,0.0968
2796,1.794454,0.0969
2797,1.816437,0.0974
2798,1.832762,0.0958
2799,1.826963,0.0973
2800,1.794881,0.0984
2801,1.770293,0.0967
2802,1.773660,0.0971
2803,1.772708,0.0974
2804,1.767677,0.0981
2805,1.760708,0.0972
2806,1.769681,0.0964
2807,1.791820,0.0977
2808,1.806253,0.0993
2809,1.799879,0.0969
2810,1.805284,0.0973
2811,1.807860,0.0964
2812,1.801035,0.0972
2813,1.791080,0.0985
2814,1.792438,0.0976
2815,1.796023,0.0978
2816,1.809493,0.0984
2817,1.800349,0.0974
2818,1.794740,0.0999
2819,1.792510,0.1000
2820,1.786915,0.0979
2821,1.788842,0.0983
2822,1.790427,0.0967
2823,1.801971,0.0971
2824,1.804269,0.0976
2825,1.795940,0.0981
2826,1.798147,0.0970
2827,1.788158,0.0990
2828,1.768121,0.0967
2829,1.759171,0.0974
2830,1.761000,0.0972
2831,1.761963,0.0981
2832,1.774478,0.0971
2833,1.759785,0.0973
2834,1.782511,0.0973
2835,1.768910,0.0971
2836,1.784005,0.0963
2837,1.795686,0.0966
2838,1.832777,0.0961
2839,1.839682,0.0963
2840,1.838974,0.0976
2841,1.839461,0.0971
2842,1.847528,0.0961
2843,1.844076,0.0975
2844,1.820874,0.0969
2845,1.798988,0.0972
2846,1.798414,0.0972
2847,1.791626,0.0968
2848,1.762016,0.0975
2849,1.743086,0.0967
2850,1.757844,0.0999
2851,1.760623,0.0957
2852,1.800449,0.0963
2853,1.824111,0.0962
2854,1.843454,0.0980
2855,1.853507,0.0961
2856,1.840829,0.0975
2857,1.856668,0.0970
2858,1.833226,0.0958
2859,1.850888,0.0970
2860,1.859089,0.0961
2861,1.877697,0.0969
2862,1.860944,0.0980
2863,1.843718,0.0964
2864,1.840069,0.0964
2865,1.845648,0.0975
2866,1.838618,0.0982
2867,1.820271,0.0981
2868,1.819112,0.0967
2869,1.804768,0.0980
2870,1.826786,0.0982
2871,1.828885,0.0992
2872,1.815902,0.0977
2873,1.806250,0.0967
2874,1.788552,0.0970
2875,1.795990,0.0962
2876,1.804442,0.0967
2877,1.803703,0.0982
2878,1.804565,0.0980
2879,1.815578,0.0964
2880,1.835658,0.0968
2881,1.840274,0.0965
2882,1.817769,0.0968
2883,1.789171,0.0979
2884,1.809934,0.0969
2885,1.798234,0.0986
2886,1.815083,0.0975
2887,1.822939,0.0976
2888,1.829756,0.0986
2889,1.832809,0.0988
2890,1.833378,0.0993
2891,1.823619,0.0970
2892,1.815252,0.0994
2893,1.800658,0.0984
2894,1.794651,0.0965
2895,1.797989,0.0984
2896,1.788319,0.0994
2897,1.788150,0.0982
2898,1.769250,0.0985
2899,1.764350,0.0980
2900,1.739755,0.0989
2901,1.738345,0.0985
2902,1.728338,0.0965
2903,1.738384,0.0984
2904,1.743261,0.0986
2905,1.739172,0.0962
2906,1.728555,0.0986
2907,1.732567,0.0987
2908,1.712487,0.0964
2909,1.693330,0.0967
2910,1.709034,0.0986
2911,1.729317,0.0965
2912,1.724941,0.0985
2913,1.734656,0.0971
2914,1.735736,0.0975
2915,1.751334,0.0960
2916,1.740677,0.0974
2917,1.725809,0.0967
2918,1.714252,0.0978
2919,1.688147,0.0993
2920,1.690306,0.0975
2921,1.674369,0.0977
2922,1.670887,0.0974
2923,1.676663,0.0979
2924,1.683984,0.0978
2925,1.662928,0.0976
2926,1.679080,0.0974
2927,1.658533,0.1006
2928,1.641189,0.0989
2929,1.611512,0.0977
2930,1.648963,0.0966
2931,1.685425,0.0990
2932,1.703660,0.0986
2933,1.723747,0.0981
2934,1.729463,0.0975
2935,1.727903,0.0980
2936,1.712694,0.0972
2937,1.704478,0.0973
2938,1.704035,0.0971
2939,1.697947,0.0973
2940,1.690504,0.0973
2941,1.711833,0.0975
2942,1.707437,0.0979
2943,1.704463,0.0991
2944,1.707479,0.0983
2945,1.695131,0.0972
2946,1.688527,0.0973
2947,1.679549,0.0985
2948,1.688274,0.0962
2949,1.694355,0.0976
2950,1.685226,0.0972
2951,1.683405,0.0973
2952,1.693973,0.0973
2953,1.712634,0.0954
2954,1.724320,0.0964
2955,1.748659,0.0972
2956,1.769166,0.0976
2957,1.780802,0.0972
2958,1.785523,0.1004
2959,1.780149,0.0971
2960,1.760904,0.0973
2961,1.737975,0.0968
2962,1.685671,0.0980
2963,1.642231,0.1004
2964,1.663253,0.0998
2965,1.691053,0.0988
2966,1.718193,0.0983
2967,1.744352,0.0970
2968,1.778201,0.0991
2969,1.804296,0.0988
2970,1.813937,0.0968
2971,1.810730,0.0968
2972,1.809928,0.0973
2973,1.791229,0.0968
2974,1.800600,0.0963
2975,1.803805,0.0976
2976,1.826831,0.0972
2977,1.825540,0.0979
2978,1.823824,0.0989
2979,1.801982,0.0973
2980,1.793996,0.0975
2981,1.775529,0.0965
2982,1.764036,0.0970
2983,1.746070,0.0996
2984,1.735100,0.0961
2985,1.720171,0.0977
2986,1.703904,0.0966
2987,1.675697,0.0978
2988,1.695752,0.0968
2989,1.707357,0.0970
2990,1.717851,0.0962
2991,1.732345,0.0991
2992,1.727872,0.0977
2993,1.713720,0.0960
2994,1.704126,0.0969
2995,1.692853,0.0956
2996,1.680835,0.0976
2997,1.662873,0.0972
2998,1.694637,0.0970
2999,1.704633,0.0973
3000,1.715331,0.0992
3001,1.716003,0.0969
3002,1.722556,0.0981
3003,1.731319,0.0958
3004,1.721660,0.0967
3005,1.704303,0.0975
3006,1.689548,0.0996
3007,1.700414,0.0972
3008,1.725392,0.0968
3009,1.739905,0.0997
3010,1.743919,0.0985
3011,1.725389,0.0973
3012,1.724281,0.0993
3013,1.713942,0.0971
3014,1.708319,0.0979
3015,1.704101,0.0978
3016,1.703828,0.0971
3017,1.684306,0.0983
3018,1.684512,0.0986
3019,1.679741,0.0964
3020,1.677835,0.0972
3021,1.684323,0.0984
3022,1.682230,0.0965
3023,1.670522,0.0985
3024,1.655501,0.0972
3025,1.615228,0.0966
3026,1.635403,0.0963
3027,1.659372,0.0996
3028,1.683490,0.0974
3029,1.689894,0.0970
3030,1.690666,0.0985
3031,1.713434,0.0966
3032,1.715014,0.0971
3033,1.724232,0.0968
3034,1.716716,0.0975
3035,1.707718,0.0956
3036,1.681482,0.0975
3037,1.674655,0.0966
3038,1.642970,0.0971
3039,1.668214,0.0968
3040,1.681033,0.0971
3041,1.688023,0.0969
3042,1.681216,0.0974
3043,1.677496,0.0995
3044,1.692678,0.0975
3045,1.694939,0.0965
3046,1.689165,0.0966
3047,1.688655,0.0968
3048,1.695478,0.0959
3049,1.678301,0.0963
3050,1.671640,0.0985
3051,1.717861,0.0955
3052,1.732749,0.0970
3053,1.731611,0.0969
3054,1.723261,0.0959
3055,1.767396,0.0970
3056,1.780676,0.0972
3057,1.798864,0.0971
3058,1.790228,0.0966
3059,1.824050,0.0967
3060,1.812972,0.0960
3061,1.807339,0.0964
3062,1.774886,0.0966
3063,1.766805,0.0954
3064,1.771755,0.0969
3065,1.741971,0.0956
3066,1.736445,0.0975
3067,1.734723,0.0971
3068,1.709334,0.0975
3069,1.679605,0.0968
3070,1.672684,0.0971
3071,1.644371,0.0970
3072,1.674153,0.0967
3073,1.674725,0.0968
3074,1.676393,0.0964
3075,1.671438,0.0966
3076,1.673855,0.0978
3077,1.671158,0.0962
3078,1.659434,0.0962
3079,1.668184,0.0964
3080,1.659878,0.0984
3081,1.685907,0.0993
3082,1.681196,0.0973
3083,1.671026,0.0972
3084,1.676598,0.0980
3085,1.680424,0.0971
3086,1.685411,0.0968
3087,1.686014,0.0963
3088,1.685990,0.0967
3089,1.667277,0.0957
3090,1.646615,0.0950
3091,1.641405,0.0980
3092,1.631410,0.0977
3093,1.626331,0.0971
3094,1.623119,0.0979
3095,1.603517,0.0958
3096,1.595422,0.0972
3097,1.583336,0.0977
3098,1.596190,0.0979
3099,1.595616,0.0958
3100,1.598545,0.0969
3101,1.608639,0.0973
3102,1.604999,0.0952
3103,1.597618,0.0971
3104,1.587595,0.0956
3105,1.592467,0.0964
3106,1.598026,0.0979
3107,1.610880,0.0972
3108,1.618165,0.0966
3109,1.634951,0.0966
3110,1.639188,0.0988
3111,1.676971,0.0977
3112,1.691305,0.0974
3113,1.689055,0.0966
3114,1.702399,0.0960
3115,1.702234,0.0973
3116,1.701668,0.0979
3117,1.694762,0.0983
3118,1.716233,0.0976
3119,1.724622,0.0960
3120,1.726829,0.0963
3121,1.709843,0.0991
3122,1.687347,0.0988
3123,1.697660,0.0977
3124,1.702125,0.0951
3125,1.700259,0.0974
3126,1.691096,0.0977
3127,1.696774,0.0954
3128,1.685591,0.0973
3129,1.675430,0.0958
3130,1.692134,0.0959
3131,1.702770,0.0969
3132,1.712846,0.0983
3133,1.727621,0.0962
3134,1.733240,0.0966
3135,1.740237,0.0962
3136,1.730088,0.0962
3137,1.715936,0.0975
3138,1.714355,0.0954
3139,1.696392,0.0964
3140,1.694902,0.0979
3141,1.683262,0.0965
3142,1.688766,0.0976
3143,1.671009,0.0961
3144,1.652764,0.0963
3145,1.642661,0.0962
3146,1.624006,0.0955
3147,1.604440,0.0957
3148,1.607148,0.0967
3149,1.618758,0.0976
3150,1.609854,0.0969
3151,1.610277,0.0975
3152,1.612100,0.0977
3153,1.609511,0.0958
3154,1.624133,0.0979
3155,1.640896,0.0969
3156,1.649730,0.0969
3157,1.656788,0.0975
3158,1.639036,0.0961
3159,1.669481,0.0981
3160,1.672864,0.1001
3161,1.684662,0.0973
3162,1.683785,0.0965
3163,1.684165,0.0980
3164,1.685863,0.0970
3165,1.684779,0.0972
3166,1.667204,0.0972
3167,1.649070,0.0975
3168,1.671663,0.0974
3169,1.696087,0.0995
3170,1.726192,0.0986
3171,1.740498,0.0956
3172,1.739008,0.0975
3173,1.740067,0.0977
3174,1.721313,0.0974
3175,1.721907,0.0978
3176,1.691352,0.0986
3177,1.713819,0.0978
3178,1.734057,0.0984
3179,1.734428,0.0977
3180,1.740436,0.0991
3181,1.748721,0.0997
3182,1.739961,0.0996
3183,1.730889,0.0986
3184,1.710596,0.0991
3185,1.699438,0.0979
3186,1.694304,0.0983
3187,1.701091,0.0976
3188,1.697828,0.0984
3189,1.740203,0.0989
3190,1.757114,0.0981
3191,1.750389,0.0979
3192,1.749858,0.0984
3193,1.731163,0.0977
3194,1.722330,0.0978
3195,1.714808,0.0979
3196,1.714700,0.0975
3197,1.705271,0.0990
3198,1.701771,0.0982
3199,1.691930,0.0981
3200,1.705302,0.0993
3201,1.701508,0.0992
3202,1.696149,0.0981
3203,1.694324,0.0975
3204,1.684111,0.0981
3205,1.686902,0.0985
3206,1.687046,0.0973
3207,1.683033,0.0998
3208,1.681356,0.0976
3209,1.669704,0.0984
3210,1.665051,0.0962
3211,1.651398,0.0967
3212,1.647933,0.0976
3213,1.643309,0.0992
3214,1.616622,0.0983
3215,1.597091,0.0964
3216,1.587399,0.0986
3217,1.587115,0.0982
3218,1.596878,0.0976
3219,1.595368,0.1012
3220,1.600080,0.0969
3221,1.613384,0.0982
3222,1.622268,0.0978
3223,1.619213,0.0966
3224,1.616496,0.0976
3225,1.599884,0.0976
3226,1.612890,0.0977
3227,1.617822,0.0972
3228,1.623738,0.0969
3229,1.629091,0.0974
3230,1.629831,0.0966
3231,1.619012,0.0966
3232,1.620432,0.0991
3233,1.614048,0.0973
3234,1.612319,0.1003
3235,1.594585,0.0975
3236,1.611068,0.0988
3237,1.597728,0.0983
3238,1.583983,0.0972
3239,1.588087,0.0984
3240,1.579218,0.0981
3241,1.559541,0.0978
3242,1.580565,0.0980
3243,1.582220,0.0982
3244,1.583637,0.0988
3245,1.594408,0.0979
3246,1.596811,0.0957
3247,1.596662,0.0965
3248,1.593958,0.0985
3249,1.586192,0.0983
3250,1.588096,0.0967
3251,1.582374,0.0962
3252,1.588172,0.0984
3253,1.624300,0.0967
3254,1.654909,0.0955
3255,1.670130,0.0980
3256,1.664059,0.0986
3257,1.656529,0.0986
3258,1.676322,0.0986
3259,1.689515,0.0986
3260,1.709071,0.0977
3261,1.695983,0.0983
3262,1.684690,0.0982
3263,1.694095,0.0983
3264,1.694152,0.0993
3265,1.698511,0.0979
3266,1.691253,0.0987
3267,1.698806,0.0969
3268,1.702375,0.0984
3269,1.679571,0.0982
3270,1.671731,0.0985
3271,1.673809,0.0986
3272,1.670152,0.0984
3273,1.674016,0.0981
3274,1.669880,0.0983
3275,1.667491,0.0976
3276,1.664415,0.0985
3277,1.656651,0.0981
3278,1.642725,0.0986
3279,1.620428,0.0984
3280,1.606944,0.0982
3281,1.614274,0.0976
3282,1.631299,0.0989
3283,1.663105,0.0993
3284,1.672983,0.0979
3285,1.689701,0.0981
3286,1.685271,0.0984
3287,1.685220,0.0983
3288,1.683705,0.0974
3289,1.684129,0.0983
3290,1.690430,0.0978
3291,1.690160,0.0985
3292,1.687467,0.0965
3293,1.676144,0.0991
3294,1.678804,0.0976
3295,1.677879,0.0987
3296,1.665805,0.0986
3297,1.654943,0.0984
3298,1.656779,0.0981
3299,1.649214,0.0983
3300,1.633451,0.0985
3301,1.622401,0.0992
3302,1.599532,0.0993
3303,1.634609,0.0982
3304,1.665564,0.0982
3305,1.671804,0.0979
3306,1.649227,0.0970
3307,1.623155,0.0992
3308,1.605277,0.0987
3309,1.660532,0.0984
3310,1.691564,0.0963
3311,1.696395,0.0980
3312,1.693091,0.0985
3313,1.693469,0.0979
3314,1.685437,0.0991
3315,1.677753,0.0984
3316,1.660168,0.0967
3317,1.677930,0.0983
3318,1.683564,0.0989
3319,1.683822,0.0959
3320,1.672644,0.0972
3321,1.662085,0.0965
3322,1.654113,0.0964
3323,1.639802,0.0972
3324,1.661340,0.0975
3325,1.668118,0.0981
3326,1.655598,0.0970
3327,1.663136,0.0975
3328,1.658731,0.0979
3329,1.668809,0.0986
3330,1.673507,0.0981
3331,1.680182,0.0980
3332,1.691751,0.0977
3333,1.702240,0.0970
3334,1.704201,0.0969
3335,1.690346,0.0968
3336,1.675934,0.0989
3337,1.674855,0.0973
3338,1.685036,0.0988
3339,1.676958,0.0965
3340,1.684958,0.0979
3341,1.686071,0.1003
3342,1.683878,0.0966
3343,1.667794,0.0989
3344,1.634666,0.0977
3345,1.627924,0.0978
3346,1.632821,0.0980
3347,1.631181,0.0982
3348,1.634474,0.0987
3349,1.654707,0.0987
3350,1.650049,0.0967
3351,1.652679,0.0969
3352,1.638350,0.0958
3353,1.636389,0.0970
3354,1.611297,0.0961
3355,1.624008,0.0979
3356,1.614970,0.0975
3357,1.618400,0.0973
3358,1.644407,0.0981
3359,1.671499,0.0974
3360,1.660470,0.0968
3361,1.683070,0.0970
3362,1.683642,0.0975
3363,1.689083,0.0975
3364,1.731017,0.0976
3365,1.739765,0.0972
3366,1.752267,0.0978
3367,1.777358,0.0960
3368,1.769293,0.0973
3369,1.758770,0.0977
3370,1.763383,0.0977
3371,1.770798,0.0976
3372,1.764844,0.0970
3373,1.749295,0.0966
3374,1.730598,0.0969
3375,1.714607,0.0971
3376,1.713058,0.1002
3377,1.711349,0.0967
3378,1.707789,0.0977
3379,1.688130,0.0968
3380,1.656078,0.0977
3381,1.671192,0.0968
3382,1.665566,0.0972
3383,1.688545,0.0975
3384,1.702402,0.1001
3385,1.718245,0.0971
3386,1.734285,0.0978
3387,1.722561,0.0984
3388,1.737937,0.0977
3389,1.750853,0.0971
3390,1.772721,0.0974
3391,1.801572,0.0997
3392,1.812825,0.0964
3393,1.816206,0.0990
3394,1.796977,0.0982
3395,1.790432,0.0980
3396,1.765514,0.0986
3397,1.726694,0.0991
3398,1.694637,0.0988
3399,1.665166,0.0975
3400,1.639987,0.0974
3401,1.638374,0.0987
3402,1.651230,0.0984
3403,1.672786,0.0993
3404,1.688075,0.0986
3405,1.687170,0.0979
3406,1.694111,0.0994
3407,1.691355,0.0978
3408,1.676159,0.0985
3409,1.659995,0.0981
3410,1.647439,0.1001
3411,1.654997,0.0986
3412,1.641082,0.0975
3413,1.638591,0.0987
3414,1.630678,0.0988
3415,1.627464,0.0972
3416,1.640816,0.0986
3417,1.631734,0.0979
3418,1.612094,0.0975
3419,1.614382,0.0969
3420,1.617104,0.0990
3421,1.594905,0.0973
3422,1.617781,0.0979
3423,1.626925,0.0974
3424,1.627474,0.0978
3425,1.626803,0.0972
3426,1.625750,0.0981
3427,1.633936,0.0974
3428,1.628021,0.0985
3429,1.615059,0.0975
3430,1.619677,0.0982
3431,1.635282,0.0977
3432,1.634202,0.0980
3433,1.644163,0.0978
3434,1.637911,0.0987
3435,1.618698,0.0992
3436,1.615994,0.0998
3437,1.615313,0.0981
3438,1.596282,0.0972
3439,1.644578,0.0977
3440,1.664387,0.0990
3441,1.675190,0.0985
3442,1.695042,0.0972
3443,1.688872,0.0967
3444,1.662130,0.0971
3445,1.638496,0.0975
3446,1.614156,0.0970
3447,1.601082,0.0979
3448,1.600714,0.0975
3449,1.589867,0.0980
3450,1.585866,0.0977
3451,1.567936,0.0989
3452,1.575467,0.0983
3453,1.587778,0.1002
3454,1.588917,0.0996
3455,1.589254,0.0980
3456,1.590672,0.0975
3457,1.585544,0.0986
3458,1.584439,0.0990
3459,1.587141,0.0976
3460,1.579019,0.0990
3461,1.582572,0.0988
3462,1.571155,0.0980
3463,1.571371,0.0997
3464,1.556663,0.0979
3465,1.558445,0.0983
3466,1.564187,0.0975
3467,1.566369,0.0989
3468,1.560184,0.0981
3469,1.542198,0.0987
3470,1.529004,0.0978
3471,1.515540,0.0976
3472,1.499078,0.0982
3473,1.513055,0.0979
3474,1.503852,0.0980
3475,1.545101,0.0977
3476,1.561385,0.0983
3477,1.567994,0.0986
3478,1.579853,0.0985
3479,1.580029,0.0981
3480,1.585535,0.0980
3481,1.588961,0.0979
3482,1.593822,0.0975
3483,1.584010,0.0987
3484,1.595256,0.0994
3485,1.600601,0.0970
3486,1.606393,0.0977
3487,1.600162,0.0979
3488,1.587651,0.0966
3489,1.576529,0.0975
3490,1.547285,0.0981
3491,1.556045,0.0980
3492,1.549267,0.0982
3493,1.572286,0.0959
3494,1.590779,0.0968
3495,1.599158,0.0975
3496,1.611782,0.0975
3497,1.620558,0.0970
3498,1.621144,0.0965
3499,1.626232,0.0979
3500,1.628688,0.0977
3501,1.628919,0.0970
3502,1.618845,0.0969
3503,1.609371,0.0981
3504,1.620814,0.0963
3505,1.618191,0.0973
3506,1.603508,0.0967
3507,1.599556,0.0981
3508,1.607164,0.0982
3509,1.614476,0.0967
3510,1.605284,0.0970
3511,1.604376,0.0974
3512,1.594591,0.0966
3513,1.591978,0.0983
3514,1.579815,0.0973
3515,1.583948,0.0976
3516,1.566200,0.0975
3517,1.550926,0.0992
3518,1.544961,0.0982
3519,1.521096,0.0984
3520,1.524399,0.0976
3521,1.520687,0.0980
3522,1.524114,0.0986
3523,1.514956,0.0987
3524,1.503569,0.0982
3525,1.503091,0.0982
3526,1.508310,0.0976
3527,1.512514,0.0978
3528,1.510806,0.0991
3529,1.508629,0.0971
3530,1.506176,0.0999
3531,1.512323,0.0985
3532,1.504763,0.0979
3533,1.503305,0.0974
3534,1.503849,0.0980
3535,1.503582,0.0985
3536,1.497718,0.0975
3537,1.494694,0.0977
3538,1.490900,0.0983
3539,1.486602,0.0978
3540,1.504370,0.0990
3541,1.506959,0.0963
3542,1.505419,0.0989
3543,1.503316,0.0982
3544,1.503702,0.0968
3545,1.496530,0.0976
3546,1.482078,0.0982
3547,1.468108,0.0973
3548,1.464782,0.0988
3549,1.454520,0.0980
3550,1.427859,0.0994
3551,1.449633,0.0984
3552,1.484032,0.0986
3553,1.503721,0.0966
3554,1.520482,0.0988
3555,1.527456,0.0999
3556,1.532205,0.0970
3557,1.540353,0.0978
3558,1.537926,0.0985
3559,1.532935,0.0974
3560,1.524366,0.0968
3561,1.515726,0.0981
3562,1.510595,0.0974
3563,1.499697,0.0969
3564,1.484324,0.0988
3565,1.478789,0.0973
3566,1.472190,0.0968
3567,1.495046,0.0981
3568,1.506880,0.0964
3569,1.506047,0.0970
3570,1.508435,0.0971
3571,1.511237,0.0977
3572,1.517447,0.0981
3573,1.515333,0.0970
3574,1.504214,0.0989
3575,1.495213,0.0986
3576,1.473284,0.0972
3577,1.463725,0.0984
3578,1.494561,0.0974
3579,1.507802,0.0990
3580,1.510936,0.0988
3581,1.523833,0.0982
3582,1.528328,0.0990
3583,1.526076,0.0985
3584,1.524565,0.0979
3585,1.517071,0.0980
3586,1.520011,0.0985
3587,1.505680,0.0980
3588,1.508282,0.0968
3589,1.519190,0.0988
3590,1.517936,0.0973
3591,1.525012,0.0993
3592,1.523554,0.0997
3593,1.517144,0.0996
3594,1.513261,0.0996
3595,1.504168,0.0998
3596,1.493139,0.0982
3597,1.476400,0.0992
3598,1.472059,0.0973
3599,1.473859,0.0972
3600,1.484043,0.0966
3601,1.486058,0.0993
3602,1.490733,0.0992
3603,1.489931,0.0990
3604,1.489159,0.0975
3605,1.493550,0.0985
3606,1.501843,0.0993
3607,1.502803,0.0979
3608,1.503272,0.0987
3609,1.496123,0.0977
3610,1.491951,0.0983
3611,1.487651,0.0972
3612,1.470486,0.0971
3613,1.450004,0.0987
3614,1.430236,0.0987
3615,1.456514,0.0985
3616,1.448977,0.0984
3617,1.491372,0.0983
3618,1.504030,0.0976
3619,1.515853,0.0988
3620,1.524530,0.0987
3621,1.526563,0.0987
3622,1.529055,0.0979
3623,1.531253,0.0975
3624,1.531818,0.0979
3625,1.523242,0.0985
3626,1.539960,0.0975
3627,1.529896,0.0986
3628,1.537092,0.0961
3629,1.535618,0.0971
3630,1.532626,0.1003
3631,1.536014,0.0999
3632,1.529673,0.0991
3633,1.525915,0.0972
3634,1.511554,0.0983
3635,1.491638,0.0981
3636,1.505096,0.0966
3637,1.518303,0.1024
3638,1.519651,0.0985
3639,1.514464,0.0989
3640,1.515022,0.0982
3641,1.510022,0.0972
3642,1.502353,0.0988
3643,1.483702,0.0978
3644,1.484224,0.0988
3645,1.460834,0.0982
3646,1.467884,0.0987
3647,1.486977,0.0988
3648,1.490092,0.0983
3649,1.494739,0.0985
3650,1.484712,0.0994
3651,1.486478,0.0988
3652,1.488994,0.0983
3653,1.478882,0.0984
3654,1.489817,0.0986
3655,1.502911,0.0982
3656,1.535693,0.0980
3657,1.564173,0.0982
3658,1.581976,0.0986
3659,1.593431,0.0970
3660,1.597352,0.0983
3661,1.603057,0.0985
3662,1.606572,0.0979
3663,1.594405,0.1000
3664,1.586435,0.0994
3665,1.572562,0.0987
3666,1.550004,0.1004
3667,1.532317,0.0980
3668,1.542075,0.1010
3669,1.526800,0.0986
3670,1.512779,0.0982
3671,1.506807,0.0985
3672,1.519127,0.0989
3673,1.513167,0.0984
3674,1.507607,0.0981
3675,1.500996,0.0993
3676,1.497191,0.0973
3677,1.508453,0.0978
3678,1.521084,0.0972
3679,1.524851,0.0997
3680,1.523102,0.1000
3681,1.515872,0.0979
3682,1.505169,0.0987
3683,1.497574,0.0976
3684,1.486478,0.0994
3685,1.478321,0.0982
3686,1.459974,0.0990
3687,1.481941,0.0991
3688,1.491074,0.0983
3689,1.492105,0.0971
3690,1.514297,0.1003
3691,1.530238,0.0984
3692,1.526963,0.0983
3693,1.533076,0.0987
3694,1.535689,0.0975
3695,1.522319,0.1011
3696,1.516900,0.0981
3697,1.524328,0.0968
3698,1.523341,0.0971
3699,1.530273,0.0983
3700,1.525199,0.0998
3701,1.535962,0.0969
3702,1.534296,0.0993
3703,1.539038,0.0974
3704,1.544239,0.0975
3705,1.537767,0.0989
3706,1.536106,0.0984
3707,1.532202,0.0991
3708,1.519337,0.0986
3709,1.509473,0.0995
3710,1.510517,0.0983
3711,1.508159,0.0982
3712,1.495756,0.0984
3713,1.473920,0.0976
3714,1.444609,0.0990
3715,1.460768,0.0990
3716,1.457480,0.0996
3717,1.472530,0.0979
3718,1.487173,0.0980
3719,1.493174,0.0977
3720,1.498229,0.0977
3721,1.497097,0.0986
3722,1.508018,0.0994
3723,1.507724,0.0986
3724,1.504442,0.0978
3725,1.499572,0.0974
3726,1.498056,0.1033
3727,1.491811,0.0971
3728,1.480764,0.0974
3729,1.476231,0.0974
3730,1.457190,0.0979
3731,1.462094,0.0968
3732,1.466275,0.0988
3733,1.473013,0.0979
3734,1.471127,0.0984
3735,1.478341,0.0988
3736,1.479118,0.0983
3737,1.474078,0.0977
3738,1.475558,0.0977
3739,1.480797,0.0991
3740,1.474476,0.0984
3741,1.454951,0.0990
3742,1.480079,0.0983
3743,1.499519,0.0984
3744,1.505304,0.0973
3745,1.516819,0.0986
3746,1.520929,0.0987
3747,1.525023,0.0976
3748,1.524484,0.0991
3749,1.518036,0.0988
3750,1.523920,0.0987
3751,1.530587,0.0998
3752,1.537115,0.0970
3753,1.533848,0.0978
3754,1.523721,0.0996
3755,1.512722,0.0981
3756,1.504040,0.0980
3757,1.492265,0.0989
3758,1.489965,0.0974
3759,1.479320,0.0991
3760,1.487038,0.0994
3761,1.483383,0.0994
3762,1.478217,0.0968
3763,1.470688,0.0971
3764,1.466890,0.0992
3765,1.466924,0.0994
3766,1.459846,0.0978
3767,1.460499,0.0983
3768,1.453505,0.0992
3769,1.449485,0.0991
3770,1.441819,0.0991
3771,1.441895,0.0971
3772,1.442628,0.0978
3773,1.449718,0.0979
3774,1.456836,0.0984
3775,1.451876,0.0991
3776,1.447781,0.0967
3777,1.440827,0.0997
3778,1.431743,0.0968
3779,1.415963,0.0983
3780,1.412853,0.0996
3781,1.398739,0.0996
3782,1.417945,0.0988
3783,1.427018,0.0978
3784,1.432148,0.0988
3785,1.435946,0.0976
3786,1.443513,0.0966
3787,1.445144,0.0987
3788,1.450642,0.0984
3789,1.450042,0.0996
3790,1.444186,0.0968
3791,1.449372,0.0986
3792,1.446785,0.0979
3793,1.437207,0.0980
3794,1.426701,0.0967
3795,1.436715,0.1003
3796,1.443633,0.0993
3797,1.446228,0.0982
3798,1.443287,0.0986
3799,1.449517,0.0969
3800,1.460287,0.0997
3801,1.463552,0.0982
3802,1.458322,0.0989
3803,1.451508,0.0978
3804,1.457841,0.0986
3805,1.456317,0.0987
3806,1.451277,0.0995
3807,1.440837,0.0974
3808,1.437166,0.0970
3809,1.442147,0.0979
3810,1.439185,0.0982
3811,1.435989,0.0983
3812,1.431143,0.0967
3813,1.425481,0.0989
3814,1.423637,0.1004
3815,1.415023,0.0987
3816,1.404578,0.0998
3817,1.414049,0.0993
3818,1.423871,0.0977
3819,1.432245,0.0983
3820,1.436292,0.0977
3821,1.450403,0.0993
3822,1.457509,0.0971
3823,1.459804,0.0995
3824,1.451009,0.0973
3825,1.451715,0.0972
3826,1.441088,0.0970
3827,1.442874,0.0985
3828,1.437713,0.0975
3829,1.458359,0.0993
3830,1.462508,0.0976
3831,1.463213,0.0988
3832,1.464626,0.0972
3833,1.464899,0.0981
3834,1.464855,0.0973
3835,1.444321,0.0972
3836,1.465465,0.0966
3837,1.480255,0.0987
3838,1.486914,0.0977
3839,1.485502,0.0986
3840,1.489096,0.1001
3841,1.485564,0.0987
3842,1.474847,0.0989
3843,1.474797,0.0970
3844,1.475596,0.0972
3845,1.474004,0.0969
3846,1.465237,0.0983
3847,1.454189,0.0986
3848,1.454048,0.0992
3849,1.454047,0.0971
3850,1.452966,0.0975
3851,1.447298,0.0980
3852,1.455892,0.0991
3853,1.456002,0.0985
3854,1.454465,0.0970
3855,1.460977,0.1002
3856,1.464278,0.0990
3857,1.461482,0.0992
3858,1.458760,0.1013
3859,1.459893,0.0978
3860,1.456280,0.1002
3861,1.437759,0.0974
3862,1.451141,0.1000
3863,1.452260,0.0975
3864,1.458299,0.0977
3865,1.475163,0.0969
3866,1.479071,0.1000
3867,1.480848,0.0989
3868,1.484451,0.0992
3869,1.484721,0.0976
3870,1.482614,0.0983
3871,1.480477,0.0979
3872,1.481574,0.0968
3873,1.483280,0.0980
3874,1.483771,0.0983
3875,1.481582,0.0971
3876,1.471157,0.0978
3877,1.468937,0.0996
3878,1.462748,0.0995
3879,1.446152,0.0977
3880,1.429634,0.0988
3881,1.435824,0.0978
3882,1.437760,0.0989
3883,1.439447,0.0976
3884,1.436151,0.0967
3885,1.427395,0.0982
3886,1.420143,0.0968
3887,1.415271,0.0969
3888,1.412877,0.0987
3889,1.406697,0.0963
3890,1.397470,0.0967
3891,1.375088,0.0986
3892,1.382777,0.0982
3893,1.391543,0.0984
3894,1.406698,0.0989
3895,1.407178,0.0982
3896,1.414404,0.0979
3897,1.419953,0.0988
3898,1.425193,0.0991
3899,1.428710,0.0967
3900,1.428249,0.0977
3901,1.419610,0.0975
3902,1.422832,0.0971
3903,1.422851,0.0975
3904,1.424009,0.0987
3905,1.425921,0.0983
3906,1.424128,0.0974
3907,1.418127,0.0979
3908,1.406757,0.0980
3909,1.404781,0.0986
3910,1.418089,0.0986
3911,1.425724,0.0977
3912,1.429900,0.0976
3913,1.430390,0.0979
3914,1.428036,0.0975
3915,1.423521,0.0986
3916,1.413929,0.0983
3917,1.398908,0.0987
3918,1.402858,0.0983
3919,1.404849,0.1000
3920,1.392741,0.0963
3921,1.404412,0.0980
3922,1.405798,0.0983
3923,1.389905,0.0987
3924,1.415724,0.0987
3925,1.417816,0.0996
3926,1.430178,0.0977
3927,1.451302,0.0973
3928,1.463364,0.0978
3929,1.468601,0.0970
3930,1.472073,0.0975
3931,1.472298,0.0985
3932,1.468943,0.0982
3933,1.470540,0.0975
3934,1.468843,0.0979
3935,1.467993,0.0996
3936,1.471605,0.0967
3937,1.474809,0.0970
3938,1.476987,0.1002
3939,1.478754,0.0997
3940,1.479825,0.0975
3941,1.475367,0.0969
3942,1.470620,0.0979
3943,1.462312,0.0983
3944,1.461124,0.0977
3945,1.457716,0.0994
3946,1.451602,0.0984
3947,1.443125,0.0989
3948,1.430097,0.0976
3949,1.425723,0.0997
3950,1.428859,0.1002
3951,1.431613,0.0986
3952,1.430567,0.0982
3953,1.422431,0.0977
3954,1.407273,0.0984
3955,1.403160,0.0981
3956,1.404516,0.0984
3957,1.394019,0.0986
3958,1.388446,0.0990
3959,1.389131,0.0968
3960,1.400806,0.0993
3961,1.416105,0.0988
3962,1.426903,0.0988
3963,1.436288,0.0992
3964,1.440776,0.0977
3965,1.444651,0.0969
3966,1.440979,0.0984
3967,1.425062,0.0988
3968,1.432833,0.0996
3969,1.432316,0.0990
3970,1.427232,0.0969
3971,1.419889,0.0988
3972,1.415695,0.0975
3973,1.406081,0.0980
3974,1.400497,0.0992
3975,1.384445,0.0987
3976,1.391398,0.0969
3977,1.390616,0.0982
3978,1.393636,0.0967
3979,1.388071,0.1002
3980,1.379430,0.0981
3981,1.397268,0.0991
3982,1.404920,0.0985
3983,1.406880,0.0976
3984,1.412586,0.0991
3985,1.416368,0.0970
3986,1.416424,0.1012
3987,1.409458,0.0981
3988,1.411151,0.0995
3989,1.409425,0.0984
3990,1.408360,0.1005
3991,1.406014,0.0967
3992,1.406285,0.0983
3993,1.398167,0.0984
3994,1.388694,0.0964
3995,1.384905,0.0976
3996,1.388535,0.0974
3997,1.389560,0.0969
3998,1.380918,0.0974
3999,1.395814,0.0989
4000,1.396113,0.0955
4001,1.397535,0.0988
4002,1.401821,0.0988
4003,1.403116,0.0972
4004,1.397336,0.0977
4005,1.391897,0.0980
4006,1.390906,0.0992
4007,1.383006,0.0976
4008,1.372460,0.0987
4009,1.362550,0.0988
4010,1.369035,0.0986
4011,1.370920,0.0984
4012,1.371819,0.0985
4013,1.366994,0.0984
4014,1.358883,0.0987
4015,1.348126,0.0980
4016,1.352766,0.0981
4017,1.355738,0.0984
4018,1.371766,0.0968
4019,1.404539,0.1013
4020,1.444246,0.0986
4021,1.484908,0.0995
4022,1.512028,0.0991
4023,1.537602,0.1005
4024,1.554735,0.0977
4025,1.563537,0.0987
4026,1.564998,0.0975
4027,1.564184,0.0999
4028,1.561893,0.0976
4029,1.558837,0.0975
4030,1.555486,0.0974
4031,1.547414,0.0993
4032,1.535522,0.0979
4033,1.529145,0.0968
4034,1.523936,0.0987
4035,1.518450,0.0974
4036,1.504243,0.0983
4037,1.484061,0.0991
4038,1.477727,0.0970
4039,1.459746,0.0978
4040,1.456440,0.0979
4041,1.457789,0.0987
4042,1.450233,0.0975
4043,1.441470,0.0992
4044,1.431745,0.0981
4045,1.412008,0.0988
4046,1.407415,0.0980
4047,1.396824,0.0982
4048,1.397253,0.0975
4049,1.383403,0.0965
4050,1.387289,0.0971
4051,1.382000,0.0993
4052,1.384800,0.0995
4053,1.389077,0.0988
4054,1.387181,0.1001
4055,1.387539,0.1001
4056,1.382255,0.0978
4057,1.374731,0.0997
4058,1.373038,0.0989
4059,1.369169,0.0974
4060,1.363074,0.0976
4061,1.362869,0.0989
4062,1.356613,0.0998
4063,1.346630,0.1008
4064,1.352424,0.1003
4065,1.355385,0.0974
4066,1.352789,0.0969
4067,1.343544,0.0984
4068,1.352029,0.1002
4069,1.348522,0.0993
4070,1.344541,0.0970
4071,1.342504,0.0986
4072,1.333461,0.0992
4073,1.334273,0.1002
4074,1.328860,0.0976
4075,1.323874,0.0977
4076,1.327864,0.1011
4077,1.320543,0.0992
4078,1.333814,0.0998
4079,1.341393,0.0979
4080,1.353727,0.0989
4081,1.360028,0.0987
4082,1.364221,0.0983
4083,1.363319,0.0983
4084,1.359273,0.0977
4085,1.348459,0.0991
4086,1.348691,0.1003
4087,1.348074,0.0984
4088,1.346313,0.0988
4089,1.337126,0.0977
4090,1.342298,0.0976
4091,1.339269,0.1001
4092,1.337175,0.0997
4093,1.346236,0.1006
4094,1.349685,0.0986
4095,1.346432,0.1005
4096,1.343142,0.0983
4097,1.343253,0.0997
4098,1.341723,0.0988
4099,1.340540,0.0987
4100,1.337266,0.0990
4101,1.335555,0.0989
4102,1.325433,0.0999
4103,1.328895,0.1009
4104,1.324693,0.0985
4105,1.323229,0.0993
4106,1.331247,0.0988
4107,1.332160,0.0988
4108,1.336533,0.0993
4109,1.336821,0.0987
4110,1.368034,0.0976
4111,1.379251,0.0977
4112,1.383387,0.0981
4113,1.386582,0.1013
4114,1.388815,0.0987
4115,1.384765,0.0996
4116,1.378688,0.0987
4117,1.374634,0.0997
4118,1.376044,0.0984
4119,1.378412,0.1011
4120,1.378552,0.0996
4121,1.383076,0.0976
4122,1.386801,0.0991
4123,1.383709,0.0992
4124,1.379071,0.1006
4125,1.374059,0.0968
4126,1.369630,0.0969
4127,1.370964,0.1003
4128,1.361242,0.1004
4129,1.361158,0.1003
4130,1.359243,0.0982
4131,1.352907,0.0973
4132,1.333428,0.0981
4133,1.339673,0.0973
4134,1.369971,0.0983
4135,1.385539,0.0981
4136,1.399640,0.0977
4137,1.404998,0.0990
4138,1.405374,0.0986
4139,1.406181,0.0988
4140,1.401048,0.0989
4141,1.402854,0.0982
4142,1.402951,0.0980
4143,1.401669,0.0981
4144,1.396703,0.0998
4145,1.395034,0.0994
4146,1.380518,0.0973
4147,1.385976,0.0988
4148,1.387097,0.0975
4149,1.384338,0.0969
4150,1.383120,0.1006
4151,1.382699,0.0995
4152,1.379209,0.0980
4153,1.375303,0.0977
4154,1.365336,0.0997
4155,1.380413,0.1005
4156,1.383129,0.0974
4157,1.382661,0.0989
4158,1.383571,0.0989
4159,1.388489,0.0986
4160,1.386503,0.0981
4161,1.385907,0.0978
4162,1.384989,0.0977
4163,1.377251,0.0977
4164,1.368143,0.0990
4165,1.368542,0.0988
4166,1.357940,0.0993
4167,1.362862,0.0986
4168,1.367595,0.0982
4169,1.372103,0.0983
4170,1.378263,0.0966
4171,1.373776,0.0995
4172,1.374058,0.0971
4173,1.372790,0.0980
4174,1.366906,0.0976
4175,1.352641,0.0980
4176,1.344314,0.0986
4177,1.351848,0.0981
4178,1.366440,0.0974
4179,1.369714,0.0986
4180,1.369439,0.0981
4181,1.360892,0.1017
4182,1.353557,0.0971
4183,1.354036,0.0966
4184,1.353841,0.0979
4185,1.342195,0.0973
4186,1.340049,0.0986
4187,1.348964,0.0976
4188,1.347933,0.0977
4189,1.347749,0.0977
4190,1.340036,0.0985
4191,1.336635,0.0991
4192,1.331036,0.0977
4193,1.326442,0.0969
4194,1.331406,0.0975
4195,1.329901,0.0971
4196,1.327463,0.0995
4197,1.323483,0.0987
4198,1.311865,0.0984
4199,1.312037,0.0978
4200,1.311174,0.0980
4201,1.325928,0.0982
4202,1.327709,0.1006
4203,1.337971,0.1014
4204,1.333970,0.0977
4205,1.347628,0.0978
4206,1.356580,0.0978
4207,1.358288,0.0971
4208,1.366444,0.0971
4209,1.367272,0.0994
4210,1.366456,0.0994
4211,1.365369,0.0979
4212,1.361022,0.0993
4213,1.359205,0.0980
4214,1.353783,0.0988
4215,1.351974,0.0983
4216,1.349456,0.0999
4217,1.348866,0.1010
4218,1.351667,0.0979
4219,1.349594,0.1010
4220,1.350116,0.0972
4221,1.344776,0.0966
4222,1.339640,0.1001
4223,1.325656,0.0974
4224,1.334746,0.1007
4225,1.331056,0.0967
4226,1.311813,0.0978
4227,1.337486,0.0981
4228,1.357175,0.0968
4229,1.368472,0.0978
4230,1.379515,0.0966
4231,1.392498,0.0999
4232,1.401904,0.0987
4233,1.405520,0.0969
4234,1.408613,0.0990
4235,1.413276,0.0987
4236,1.416310,0.0964
4237,1.417262,0.0971
4238,1.414680,0.0971
4239,1.412275,0.0985
4240,1.410685,0.0969
4241,1.410528,0.0972
4242,1.407928,0.0987
4243,1.400831,0.0986
4244,1.392802,0.0980
4245,1.382264,0.0974
4246,1.379629,0.0980
4247,1.369283,0.0970
4248,1.381066,0.0980
4249,1.389877,0.0971
4250,1.395032,0.0980
4251,1.393375,0.0979
4252,1.395849,0.1002
4253,1.398535,0.1015
4254,1.397486,0.0956
4255,1.396426,0.0995
4256,1.395889,0.1002
4257,1.393779,0.1014
4258,1.391585,0.0983
4259,1.385161,0.0975
4260,1.382555,0.0971
4261,1.380234,0.1002
4262,1.376513,0.0975
4263,1.366970,0.1000
4264,1.375213,0.0977
4265,1.376558,0.0983
4266,1.370678,0.0977
4267,1.375018,0.0985
4268,1.374749,0.0976
4269,1.374032,0.0977
4270,1.373492,0.0988
4271,1.369623,0.0968
4272,1.363198,0.0974
4273,1.356099,0.0974
4274,1.350487,0.0979
4275,1.333782,0.0966
4276,1.336800,0.0970
4277,1.334125,0.1007
4278,1.329799,0.0972
4279,1.323880,0.0988
4280,1.313204,0.0975
4281,1.314125,0.0974
4282,1.333014,0.1004
4283,1.345645,0.1005
4284,1.350072,0.0992
4285,1.350593,0.0985
4286,1.351910,0.0985
4287,1.356699,0.0975
4288,1.351455,0.0962
4289,1.349736,0.0970
4290,1.352769,0.0982
4291,1.344848,0.0970
4292,1.343013,0.0976
4293,1.340104,0.0971
4294,1.339774,0.0975
4295,1.353236,0.0984
4296,1.356142,0.0964
4297,1.356369,0.0962
4298,1.355479,0.0974
4299,1.353462,0.0975
4300,1.351977,0.0977
4301,1.348877,0.0978
4302,1.345524,0.0979
4303,1.342908,0.0979
4304,1.340017,0.0966
4305,1.331720,0.0976
4306,1.319116,0.0971
4307,1.321808,0.0972
4308,1.326353,0.0986
4309,1.322957,0.0991
4310,1.327210,0.1010
4311,1.330622,0.0971
4312,1.331404,0.0969
4313,1.332257,0.0987
4314,1.329916,0.0989
4315,1.329530,0.0962
4316,1.325480,0.0981
4317,1.319845,0.0979
4318,1.308854,0.0973
4319,1.298396,0.0990
4320,1.298221,0.0977
4321,1.289795,0.0984
4322,1.297771,0.0980
4323,1.301081,0.0976
4324,1.324992,0.0973
4325,1.340419,0.0984
4326,1.348055,0.0977
4327,1.354611,0.0974
4328,1.358325,0.0970
4329,1.363803,0.0998
4330,1.365044,0.0981
4331,1.360589,0.0980
4332,1.363449,0.1000
4333,1.364754,0.0983
4334,1.364486,0.0970
4335,1.355788,0.0970
4336,1.369330,0.0982
4337,1.369754,0.0984
4338,1.371145,0.0992
4339,1.360337,0.0996
4340,1.372607,0.0992
4341,1.372701,0.0980
4342,1.382736,0.0960
4343,1.389672,0.0978
4344,1.401006,0.0978
4345,1.403310,0.0974
4346,1.400903,0.0966
4347,1.393502,0.0999
4348,1.390749,0.0981
4349,1.387524,0.0970
4350,1.382561,0.1000
4351,1.378296,0.0974
4352,1.377661,0.0971
4353,1.378119,0.0971
4354,1.377080,0.0977
4355,1.375329,0.0972
4356,1.373886,0.0972
4357,1.369911,0.1005
4358,1.365360,0.0978
4359,1.361921,0.0982
4360,1.352282,0.0993
4361,1.343162,0.0982
4362,1.344779,0.0992
4363,1.339338,0.0969
4364,1.334881,0.0986
4365,1.333505,0.0973
4366,1.329661,0.0972
4367,1.325864,0.0993
4368,1.316726,0.0982
4369,1.314406,0.0965
4370,1.309139,0.0971
4371,1.312678,0.0972
4372,1.306655,0.0973
4373,1.307547,0.0985
4374,1.306305,0.0985
4375,1.305370,0.0985
4376,1.313393,0.0973
4377,1.316562,0.0975
4378,1.321711,0.0982
4379,1.326292,0.0976
4380,1.324556,0.0971
4381,1.325461,0.0983
4382,1.321377,0.0975
4383,1.324162,0.0973
4384,1.319296,0.0973
4385,1.320681,0.0992
4386,1.326644,0.0997
4387,1.323745,0.0971
4388,1.308476,0.0961
4389,1.320934,0.0985
4390,1.316868,0.0986
4391,1.328649,0.0981
4392,1.324690,0.0969
4393,1.337951,0.0982
4394,1.344618,0.0972
4395,1.344594,0.0971
4396,1.341789,0.0975
4397,1.354538,0.0979
4398,1.365372,0.0982
4399,1.370977,0.0971
4400,1.374104,0.0976
4401,1.377939,0.0974
4402,1.377193,0.0972
4403,1.369093,0.0978
4404,1.369550,0.0972
4405,1.370584,0.0983
4406,1.366325,0.0980
4407,1.364281,0.0982
4408,1.356623,0.0963
4409,1.351388,0.0997
4410,1.351748,0.0981
4411,1.340590,0.0971
4412,1.351454,0.0991
4413,1.351003,0.0967
4414,1.345748,0.0975
4415,1.343139,0.0971
4416,1.336509,0.1014
4417,1.339649,0.0979
4418,1.333336,0.0983
4419,1.328745,0.1007
4420,1.325435,0.0981
4421,1.326555,0.0986
4422,1.325620,0.0971
4423,1.325468,0.0972
4424,1.313002,0.0985
4425,1.339192,0.0977
4426,1.346950,0.0980
4427,1.357254,0.1008
4428,1.365421,0.0976
4429,1.364080,0.0989
4430,1.361127,0.0986
4431,1.368423,0.0983
4432,1.369014,0.0981
4433,1.374594,0.0974
4434,1.374682,0.0976
4435,1.371754,0.0995
4436,1.369204,0.0977
4437,1.364377,0.0967
4438,1.355163,0.0979
4439,1.346052,0.0972
4440,1.343954,0.0982
4441,1.340953,0.0977
4442,1.334583,0.0990
4443,1.328534,0.0990
4444,1.317298,0.0977
4445,1.309652,0.0992
4446,1.312014,0.0979
4447,1.302735,0.0978
4448,1.294702,0.0982
4449,1.306048,0.0979
4450,1.316432,0.0977
4451,1.317907,0.0970
4452,1.317792,0.0990
4453,1.317539,0.0977
4454,1.319380,0.0979
4455,1.311855,0.0973
4456,1.309572,0.1001
4457,1.307356,0.0972
4458,1.312750,0.0971
4459,1.302720,0.0967
4460,1.306068,0.0979
4461,1.307266,0.0974
4462,1.300230,0.0980
4463,1.311403,0.0980
4464,1.318093,0.0990
4465,1.322089,0.0979
4466,1.321206,0.0982
4467,1.314711,0.0983
4468,1.317828,0.0975
4469,1.310303,0.0991
4470,1.332859,0.0982
4471,1.338773,0.0988
4472,1.337557,0.0972
4473,1.336838,0.0994
4474,1.337477,0.0989
4475,1.334816,0.0974
4476,1.333946,0.0977
4477,1.335231,0.0977
4478,1.345482,0.0967
4479,1.349810,0.0973
4480,1.348898,0.0975
4481,1.349358,0.1010
4482,1.345292,0.0976
4483,1.338986,0.1034
4484,1.330963,0.1043
4485,1.324590,0.0971
4486,1.329547,0.0986
4487,1.327187,0.0983
4488,1.319381,0.0978
4489,1.325141,0.0984
4490,1.326781,0.0977
4491,1.329202,0.0979
4492,1.324304,0.0974
4493,1.329861,0.1002
4494,1.326927,0.0978
4495,1.319293,0.0984
4496,1.330544,0.0990
4497,1.339332,0.0982
4498,1.345545,0.0981
4499,1.343481,0.0999
4500,1.350250,0.0971
4501,1.352804,0.0981
4502,1.351755,0.0988
4503,1.353241,0.0977
4504,1.347826,0.0995
4505,1.340197,0.0985
4506,1.337108,0.0990
4507,1.333532,0.0971
4508,1.328223,0.0973
4509,1.318003,0.0989
4510,1.313586,0.0977
4511,1.326982,0.0990
4512,1.335177,0.0990
4513,1.339448,0.0984
4514,1.338700,0.0984
4515,1.333376,0.0980
4516,1.331260,0.0971
4517,1.338964,0.0998
4518,1.344006,0.0976
4519,1.345110,0.0980
4520,1.348689,0.0989
4521,1.349289,0.1027
4522,1.347679,0.0987
4523,1.344465,0.0983
4524,1.339873,0.0983
4525,1.332945,0.0998
4526,1.323042,0.0982
4527,1.313096,0.1038
4528,1.305825,0.0971
4529,1.309277,0.0981
4530,1.311471,0.0992
4531,1.312405,0.1038
4532,1.310196,0.0986
4533,1.304904,0.0979
4534,1.301948,0.0983
4535,1.302244,0.0987
4536,1.301657,0.0979
4537,1.294936,0.0981
4538,1.290498,0.0972
4539,1.287819,0.0969
4540,1.278688,0.0986
4541,1.262924,0.0982
4542,1.262001,0.0983
4543,1.279208,0.0993
4544,1.285948,0.0975
4545,1.286687,0.0979
4546,1.281958,0.0971
4547,1.295311,0.0996
4548,1.298724,0.0969
4549,1.299710,0.0976
4550,1.309713,0.0985
4551,1.312529,0.0974
4552,1.312544,0.0979
4553,1.312567,0.0980
4554,1.315379,0.0975
4555,1.316848,0.0995
4556,1.313382,0.0992
4557,1.307039,0.0986
4558,1.294324,0.0982
4559,1.307499,0.0981
4560,1.309389,0.0973
4561,1.312333,0.1011
4562,1.310376,0.0982
4563,1.304802,0.0982
4564,1.301994,0.0979
4565,1.291898,0.1030
4566,1.289582,0.0990
4567,1.282047,0.0993
4568,1.273141,0.0975
4569,1.285039,0.0978
4570,1.287868,0.1010
4571,1.292177,0.0987
4572,1.291878,0.0974
4573,1.288754,0.1043
4574,1.276161,0.1039
4575,1.284454,0.0974
4576,1.289345,0.0986
4577,1.289150,0.0974
4578,1.297428,0.0993
4579,1.301066,0.1038
4580,1.303874,0.0977
4581,1.301171,0.0973
4582,1.296742,0.0972
4583,1.296282,0.0987
4584,1.297335,0.0971
4585,1.296083,0.0992
4586,1.292532,0.0981
4587,1.287335,0.1004
4588,1.293237,0.0991
4589,1.292432,0.0993
4590,1.288357,0.0970
4591,1.287111,0.0997
4592,1.286313,0.0983
4593,1.282214,0.0989
4594,1.279757,0.0981
4595,1.279151,0.0987
4596,1.271770,0.0990
4597,1.266462,0.0989
4598,1.254239,0.1043
4599,1.263785,0.0989
4600,1.260962,0.0988
4601,1.267637,0.0988
4602,1.257779,0.0981
4603,1.264688,0.0974
4604,1.270358,0.0997
4605,1.277280,0.0989
4606,1.279014,0.0985
4607,1.280133,0.0977
4608,1.281143,0.0990
4609,1.281024,0.0981
4610,1.278784,0.0977
4611,1.275053,0.0990
4612,1.270032,0.0974
4613,1.271320,0.0989
4614,1.273480,0.0990
4615,1.272430,0.0988
4616,1.269169,0.1036
4617,1.260295,0.1039
4618,1.255746,0.0965
4619,1.251183,0.0979
4620,1.246546,0.0988
4621,1.238521,0.0983
4622,1.243919,0.1000
4623,1.246945,0.0992
4624,1.239796,0.0973
4625,1.245016,0.0974
4626,1.239870,0.0990
4627,1.253771,0.0989
4628,1.262249,0.0985
4629,1.263430,0.0977
4630,1.263417,0.0994
4631,1.273075,0.0962
4632,1.275291,0.0969
4633,1.274776,0.0966
4634,1.271017,0.0984
4635,1.266757,0.0984
4636,1.262683,0.0982
4637,1.257048,0.0974
4638,1.261467,0.0974
4639,1.264415,0.0989
4640,1.268346,0.0973
4641,1.269384,0.0980
4642,1.267115,0.0999
4643,1.257512,0.0987
4644,1.271598,0.1004
4645,1.273237,0.0987
4646,1.269455,0.0989
4647,1.277459,0.0985
4648,1.277836,0.0975
4649,1.279422,0.0985
4650,1.281423,0.0961
4651,1.278445,0.0983
4652,1.269677,0.0982
4653,1.279385,0.0979
4654,1.285592,0.0967
4655,1.287014,0.0974
4656,1.287083,0.0991
4657,1.282099,0.0998
4658,1.288952,0.0986
4659,1.294817,0.0991
4660,1.298158,0.0986
4661,1.298233,0.0992
4662,1.295901,0.0985
4663,1.293733,0.1003
4664,1.294061,0.1002
4665,1.291920,0.0996
4666,1.294047,0.0977
4667,1.290601,0.0977
4668,1.285614,0.0986
4669,1.282190,0.0980
4670,1.280872,0.0990
4671,1.277614,0.0997
4672,1.274036,0.0982
4673,1.265572,0.0995
4674,1.259928,0.0983
4675,1.249789,0.0971
4676,1.243712,0.0987
4677,1.236654,0.0986
4678,1.247334,0.0986
4679,1.253242,0.0979
4680,1.254542,0.0979
4681,1.252621,0.0978
4682,1.250373,0.0984
4683,1.256738,0.0971
4684,1.257861,0.0989
4685,1.257748,0.0987
4686,1.257674,0.0988
4687,1.257915,0.0992
4688,1.256478,0.0987
4689,1.258045,0.0986
4690,1.256858,0.0985
4691,1.256626,0.0976
4692,1.250750,0.0981
4693,1.263391,0.0992
4694,1.268918,0.0974
4695,1.271708,0.0981
4696,1.272050,0.1001
4697,1.265849,0.0995
4698,1.266956,0.0990
4699,1.269971,0.0976
4700,1.265976,0.0974
4701,1.259000,0.1016
4702,1.265097,0.0999
4703,1.262859,0.0983
4704,1.259861,0.0988
4705,1.263130,0.0986
4706,1.254370,0.0979
4707,1.257859,0.0984
4708,1.257714,0.1001
4709,1.260707,0.0979
4710,1.265551,0.0980
4711,1.268363,0.0992
4712,1.263622,0.0986
4713,1.262445,0.1009
4714,1.264119,0.0970
4715,1.261420,0.0988
4716,1.255466,0.0982
4717,1.250480,0.0986
4718,1.248432,0.0984
4719,1.254437,0.0991
4720,1.256258,0.1041
4721,1.253235,0.0987
4722,1.252352,0.0988
4723,1.253269,0.0981
4724,1.249858,0.0981
4725,1.247608,0.0989
4726,1.245983,0.0983
4727,1.241104,0.0989
4728,1.236080,0.0997
4729,1.227783,0.1002
4730,1.242708,0.0990
4731,1.247479,0.0994
4732,1.252971,0.0992
4733,1.254865,0.0982
4734,1.253392,0.0984
4735,1.241787,0.0995
4736,1.252495,0.0987
4737,1.255989,0.0989
4738,1.259914,0.0976
4739,1.261451,0.0997
4740,1.257909,0.0981
4741,1.254860,0.0978
4742,1.267148,0.0993
4743,1.272166,0.1002
4744,1.272404,0.1001
4745,1.274830,0.0971
4746,1.275774,0.0997
4747,1.274398,0.0981
4748,1.277696,0.0971
4749,1.278489,0.0993
4750,1.275148,0.0986
4751,1.273406,0.0994
4752,1.271999,0.0986
4753,1.270392,0.0992
4754,1.268088,0.0987
4755,1.263233,0.1002
4756,1.256356,0.0988
4757,1.250903,0.0991
4758,1.239253,0.0989
4759,1.243077,0.0995
4760,1.252074,0.0977
4761,1.256703,0.0989
4762,1.263961,0.0989
4763,1.267946,0.0994
4764,1.269996,0.0994
4765,1.268247,0.1018
4766,1.264068,0.0977
4767,1.257046,0.1002
4768,1.257792,0.0986
4769,1.253450,0.1030
4770,1.253125,0.0975
4771,1.249481,0.1027
4772,1.252105,0.0993
4773,1.254408,0.0984
4774,1.252481,0.0981
4775,1.245036,0.0988
4776,1.240384,0.0986
4777,1.240560,0.0989
4778,1.239747,0.0984
4779,1.242361,0.0991
4780,1.244046,0.1007
4781,1.246819,0.0988
4782,1.249181,0.0986
4783,1.252310,0.0992
4784,1.247886,0.1003
4785,1.240168,0.1008
4786,1.232369,0.1004
4787,1.235360,0.0969
4788,1.240688,0.0987
4789,1.245961,0.1001
4790,1.247957,0.0995
4791,1.248795,0.0988
4792,1.248029,0.0986
4793,1.244649,0.0995
4794,1.239927,0.0983
4795,1.238635,0.0990
4796,1.240095,0.1001
4797,1.235553,0.0979
4798,1.239099,0.0982
4799,1.244617,0.1019
4800,1.248926,0.0977
4801,1.249447,0.0984
4802,1.251781,0.0979
4803,1.245813,0.0981
4804,1.252303,0.0988
4805,1.254293,0.0995
4806,1.255283,0.0993
4807,1.254799,0.0987
4808,1.253139,0.0981
4809,1.250366,0.0987
4810,1.252760,0.0981
4811,1.250360,0.0995
4812,1.246435,0.0974
4813,1.240000,0.0969
4814,1.226809,0.0980
4815,1.226074,0.0974
4816,1.216027,0.1014
4817,1.220337,0.0973
4818,1.232143,0.0992
4819,1.239339,0.0982
4820,1.242197,0.0993
4821,1.241665,0.0987
4822,1.239457,0.0979
4823,1.233563,0.0988
4824,1.230314,0.1001
4825,1.230746,0.0998
4826,1.237653,0.0991
4827,1.242748,0.0992
4828,1.242536,0.1000
4829,1.243832,0.0984
4830,1.245995,0.0981
4831,1.243708,0.0980
4832,1.237355,0.0987
4833,1.229288,0.1011
4834,1.230503,0.0999
4835,1.226144,0.0973
4836,1.232349,0.0982
4837,1.237404,0.0994
4838,1.236066,0.1005
4839,1.229555,0.1004
4840,1.227375,0.0992
4841,1.218554,0.0995
4842,1.232719,0.0995
4843,1.240578,0.0988
4844,1.242866,0.0984
4845,1.243946,0.0980
4846,1.241618,0.0988
4847,1.238853,0.0981
4848,1.237465,0.0983
4849,1.238367,0.0988
4850,1.236360,0.0983
4851,1.231875,0.0992
4852,1.228520,0.0990
4853,1.224504,0.0991
4854,1.221728,0.0978
4855,1.221338,0.0976
4856,1.223718,0.1004
4857,1.222495,0.0997
4858,1.229098,0.0993
4859,1.236052,0.0977
4860,1.238770,0.0986
4861,1.236626,0.0985
4862,1.234469,0.0984
4863,1.229993,0.0975
4864,1.226068,0.1002
4865,1.230103,0.0977
4866,1.227973,0.0983
4867,1.219004,0.0985
4868,1.221782,0.0996
4869,1.229110,0.0991
4870,1.230157,0.0993
4871,1.227653,0.0983
4872,1.225642,0.0974
4873,1.219602,0.0996
4874,1.218454,0.0999
4875,1.223882,0.1002
4876,1.228119,0.0986
4877,1.227298,0.0994
4878,1.224754,0.0989
4879,1.211739,0.0976
4880,1.217818,0.0990
4881,1.213166,0.0981
4882,1.210560,0.0980
4883,1.214653,0.0989
4884,1.217149,0.0994
4885,1.215267,0.1000
4886,1.210496,0.0987
4887,1.205970,0.0988
4888,1.198598,0.0992
4889,1.199879,0.0973
4890,1.203091,0.0974
4891,1.199667,0.0980
4892,1.198270,0.0980
4893,1.204789,0.0991
4894,1.205758,0.0983
4895,1.198069,0.0986
4896,1.210676,0.0986
4897,1.215394,0.0996
4898,1.216588,0.0985
4899,1.220398,0.0976
4900,1.218855,0.0983
4901,1.215117,0.0992
4902,1.209137,0.0998
4903,1.214820,0.0988
4904,1.218085,0.0995
4905,1.217287,0.1005
4906,1.214223,0.0982
4907,1.206143,0.0986
4908,1.205065,0.0998
4909,1.213833,0.0978
4910,1.215967,0.0993
4911,1.218337,0.0979
4912,1.218379,0.0964
4913,1.218276,0.1002
4914,1.218703,0.0989
4915,1.214517,0.0967
4916,1.222156,0.0984
4917,1.223308,0.1044
4918,1.221722,0.0986
4919,1.222096,0.0978
4920,1.222729,0.0984
4921,1.223121,0.0992
4922,1.220044,0.0977
4923,1.217164,0.0988
4924,1.209723,0.0998
4925,1.209019,0.0982
4926,1.203639,0.0996
4927,1.197178,0.0991
4928,1.203855,0.0982
4929,1.202483,0.0984
4930,1.213291,0.0989
4931,1.215538,0.0977
4932,1.214644,0.0998
4933,1.217614,0.0978
4934,1.227191,0.0990
4935,1.230681,0.0976
4936,1.232237,0.0985
4937,1.232708,0.0975
4938,1.233089,0.0987
4939,1.235925,0.1004
4940,1.233709,0.1001
4941,1.229785,0.0990
4942,1.226573,0.0999
4943,1.219110,0.0996
4944,1.215072,0.0980
4945,1.211739,0.0981
4946,1.212839,0.0996
4947,1.215168,0.1003
4948,1.211780,0.0992
4949,1.213197,0.0983
4950,1.209134,0.0985
4951,1.191785,0.0985
4952,1.210497,0.0970
4953,1.216984,0.0989
4954,1.223397,0.0977
4955,1.226496,0.0975
4956,1.230344,0.0980
4957,1.230262,0.0989
4958,1.229576,0.0992
4959,1.229342,0.0991
4960,1.228008,0.1012
4961,1.224724,0.0987
4962,1.218384,0.0984
4963,1.209502,0.0984
4964,1.219863,0.0985
4965,1.223126,0.0983
4966,1.225503,0.0972
4967,1.222474,0.0984
4968,1.233592,0.0982
4969,1.233381,0.0975
4970,1.232473,0.1011
4971,1.235666,0.0978
4972,1.240940,0.0997
4973,1.242873,0.0978
4974,1.246566,0.0983
4975,1.247305,0.0980
4976,1.249108,0.0981
4977,1.246610,0.1000
4978,1.246763,0.0982
4979,1.246916,0.0997
4980,1.247276,0.0981
4981,1.242304,0.0968
4982,1.237546,0.0983
4983,1.233054,0.0977
4984,1.227236,0.0982
4985,1.227231,0.0982
4986,1.222092,0.0984
4987,1.220226,0.0984
4988,1.218980,0.0990
4989,1.215001,0.0985
4990,1.207179,0.0973
4991,1.194404,0.0965
4992,1.195802,0.0984
4993,1.211789,0.0983
4994,1.217870,0.0994
4995,1.214967,0.0988
4996,1.226891,0.0987
4997,1.230676,0.0992
4998,1.233934,0.0984
4999,1.235995,0.0967
5000,1.236789,0.0987
5001,1.234504,0.0971
5002,1.236230,0.0980
5003,1.235438,0.0999
5004,1.236469,0.0978
5005,1.236517,0.1013
5006,1.234648,0.0991
5007,1.233910,0.0998
5008,1.232142,0.0977
5009,1.226640,0.1001
5010,1.223582,0.0986
5011,1.223472,0.1000
5012,1.222654,0.0981
5013,1.221810,0.0990
5014,1.218134,0.1010
5015,1.214934,0.0976
5016,1.212104,0.0981
5017,1.205258,0.0981
5018,1.203809,0.0984
5019,1.193749,0.0977
5020,1.196585,0.0981
5021,1.209237,0.0986
5022,1.215129,0.0999
5023,1.217310,0.0978
5024,1.219576,0.1012
5025,1.219465,0.0987
5026,1.218623,0.0974
5027,1.214758,0.0995
5028,1.210511,0.0986
5029,1.203358,0.0980
5030,1.197970,0.0983
5031,1.199155,0.1048
5032,1.203571,0.0982
5033,1.201912,0.1011
5034,1.195556,0.0994
5035,1.196307,0.0987
5036,1.189085,0.0993
5037,1.183711,0.0980
5038,1.200330,0.0996
5039,1.205234,0.0993
5040,1.207074,0.0986
5041,1.199806,0.0975
5042,1.207666,0.0989
5043,1.214919,0.0989
5044,1.219728,0.1002
5045,1.220324,0.0993
5046,1.215559,0.1000
5047,1.211303,0.0982
5048,1.210166,0.0995
5049,1.210312,0.0968
5050,1.213531,0.0973
5051,1.217451,0.1006
5052,1.217236,0.0968
5053,1.209918,0.0988
5054,1.206840,0.0980
5055,1.207952,0.0979
5056,1.215269,0.0990
5057,1.218526,0.0993
5058,1.222049,0.0969
5059,1.223913,0.0975
5060,1.223284,0.0973
5061,1.215699,0.0978
5062,1.224372,0.0984
5063,1.222879,0.0967
5064,1.216875,0.0963
5065,1.219536,0.0980
5066,1.230551,0.0996
5067,1.236686,0.0985
5068,1.236422,0.0967
5069,1.240072,0.0986
5070,1.240674,0.0988
5071,1.238396,0.0963
5072,1.237502,0.0983
5073,1.237117,0.0982
5074,1.235889,0.0977
5075,1.231346,0.0985
5076,1.225130,0.0995
5077,1.224128,0.0995
5078,1.231703,0.0986
5079,1.232630,0.0978
5080,1.228923,0.0986
5081,1.225169,0.0976
5082,1.227946,0.0979
5083,1.227960,0.0968
5084,1.225627,0.0985
5085,1.218819,0.0983
5086,1.217479,0.0995
5087,1.217917,0.0968
5088,1.216246,0.0982
5089,1.214836,0.0975
5090,1.223694,0.0961
5091,1.228416,0.0972
5092,1.224901,0.0969
5093,1.225135,0.0967
5094,1.222994,0.0995
5095,1.225325,0.0986
5096,1.222270,0.0976
5097,1.229386,0.0982
5098,1.228899,0.0979
5099,1.230703,0.0976
5100,1.234332,0.0956
5101,1.231430,0.0973
5102,1.233576,0.0980
5103,1.235058,0.0977
5104,1.232548,0.0996
5105,1.238536,0.0988
5106,1.242341,0.0985
5107,1.252209,0.0976
5108,1.258879,0.0986
5109,1.261798,0.0987
5110,1.259104,0.0966
5111,1.252361,0.0991
5112,1.245645,0.0977
5113,1.254990,0.0998
5114,1.256449,0.0992
5115,1.256207,0.0975
5116,1.255004,0.0968
5117,1.256822,0.0978
5118,1.258421,0.1005
5119,1.254598,0.0984
5120,1.249644,0.0966
5121,1.242604,0.0982
5122,1.232507,0.0979
5123,1.232367,0.0971
5124,1.224771,0.0976
5125,1.218161,0.0973
5126,1.216139,0.0971
5127,1.220759,0.0980
5128,1.218068,0.0964
5129,1.207551,0.0961
5130,1.221269,0.0995
5131,1.226977,0.0962
5132,1.231014,0.0977
5133,1.235789,0.0972
5134,1.238423,0.0982
5135,1.237156,0.0976
5136,1.232477,0.0995
5137,1.226111,0.0971
5138,1.218140,0.0968
5139,1.220130,0.0985
5140,1.218091,0.0984
5141,1.216238,0.0971
5142,1.214163,0.0974
5143,1.206060,0.0986
5144,1.213292,0.0985
5145,1.216349,0.0961
5146,1.222259,0.0960
5147,1.221850,0.0986
5148,1.212673,0.0984
5149,1.222930,0.0965
5150,1.226018,0.0981
5151,1.228471,0.0976
5152,1.223747,0.0978
5153,1.229287,0.0982
5154,1.228708,0.0972
5155,1.222248,0.0960
5156,1.218756,0.0992
5157,1.225541,0.0979
5158,1.229131,0.0983
5159,1.232904,0.0988
5160,1.236440,0.0982
5161,1.240581,0.0956
5162,1.240257,0.0969
5163,1.239744,0.0982
5164,1.239285,0.0975
5165,1.236423,0.0987
5166,1.233966,0.0977
5167,1.228614,0.0983
5168,1.226391,0.1006
5169,1.226929,0.0988
5170,1.221306,0.0980
5171,1.216497,0.0998
5172,1.212466,0.0978
5173,1.211332,0.0993
5174,1.209127,0.0971
5175,1.210000,0.0982
5176,1.212451,0.0956
5177,1.211454,0.0975
5178,1.210783,0.0980
5179,1.208531,0.0977
5180,1.206552,0.0986
5181,1.208851,0.0981
5182,1.208353,0.0983
5183,1.210033,0.0987
5184,1.206286,0.0989
5185,1.208435,0.0978
5186,1.210010,0.0976
5187,1.203188,0.0973
5188,1.204155,0.0992
5189,1.210206,0.0997
5190,1.215122,0.0986
5191,1.228953,0.0997
5192,1.232819,0.0980
5193,1.234502,0.0981
5194,1.235429,0.0989
5195,1.234702,0.0984
5196,1.239426,0.0979
5197,1.239098,0.0969
5198,1.237919,0.0982
5199,1.235445,0.0987
5200,1.232748,0.0984
5201,1.227077,0.0984
5202,1.231240,0.0986
5203,1.230220,0.0977
5204,1.227621,0.0971
5205,1.226361,0.0968
5206,1.221247,0.0988
5207,1.224209,0.0976
5208,1.222053,0.0983
5209,1.217847,0.0978
5210,1.211633,0.0974
5211,1.211130,0.0993
5212,1.216426,0.0969
5213,1.216900,0.0979
5214,1.213931,0.0980
5215,1.215256,0.0976
5216,1.216895,0.0979
5217,1.215262,0.0993
5218,1.209508,0.0974
5219,1.203327,0.0977
5220,1.203643,0.0985
5221,1.207932,0.0972
5222,1.210215,0.0974
5223,1.211861,0.0982
5224,1.208548,0.0977
5225,1.197057,0.0973
5226,1.207650,0.0982
5227,1.212825,0.0980
5228,1.213013,0.0976
5229,1.210176,0.0971
5230,1.207814,0.0976
5231,1.208484,0.0965
5232,1.209716,0.0984
5233,1.208094,0.0981
5234,1.205474,0.0984
5235,1.202031,0.0971
5236,1.204184,0.0977
5237,1.208014,0.0990
5238,1.207437,0.0968
5239,1.202163,0.0988
5240,1.196616,0.0983
5241,1.193872,0.0976
5242,1.188681,0.0995
5243,1.181281,0.0990
5244,1.171583,0.0984
5245,1.177913,0.1008
5246,1.176950,0.0967
5247,1.176375,0.0971
5248,1.173365,0.0985
5249,1.181778,0.0970
5250,1.181232,0.0970
5251,1.174470,0.0985
5252,1.178917,0.0974
5253,1.180295,0.0984
5254,1.177820,0.0983
5255,1.174716,0.0984
5256,1.187633,0.0985
5257,1.192620,0.0984
5258,1.194701,0.0988
5259,1.195766,0.0983
5260,1.196229,0.0968
5261,1.191056,0.0996
5262,1.192983,0.0981
5263,1.191638,0.0984
5264,1.192273,0.0975
5265,1.190765,0.0992
5266,1.188701,0.0971
5267,1.183808,0.0974
5268,1.171199,0.0997
5269,1.165738,0.0996
5270,1.168158,0.0973
5271,1.159212,0.0963
5272,1.174253,0.0968
5273,1.180463,0.0974
5274,1.184935,0.0996
5275,1.187026,0.0996
5276,1.193187,0.0972
5277,1.194557,0.0989
5278,1.191818,0.0974
5279,1.194441,0.0962
5280,1.200168,0.0975
5281,1.200165,0.0990
5282,1.201228,0.0976
5283,1.199281,0.0978
5284,1.198873,0.0984
5285,1.196253,0.0982
5286,1.191316,0.0992
5287,1.192688,0.0976
5288,1.190931,0.0968
5289,1.187076,0.0985
5290,1.185849,0.0977
5291,1.186994,0.1000
5292,1.184692,0.0994
5293,1.186806,0.0983
5294,1.184936,0.0968
5295,1.179801,0.0976
5296,1.186460,0.0984
5297,1.188854,0.0989
5298,1.187662,0.0971
5299,1.186914,0.0976
5300,1.184275,0.0988
5301,1.178855,0.0973
5302,1.175571,0.0986
5303,1.177379,0.0973
5304,1.178972,0.0967
5305,1.176875,0.0982
5306,1.170257,0.0997
5307,1.167067,0.0992
5308,1.174944,0.0969
5309,1.174895,0.0977
5310,1.176217,0.0970
5311,1.175248,0.0966
5312,1.173754,0.0993
5313,1.171319,0.0971
5314,1.166362,0.0987
5315,1.160738,0.0992
5316,1.160385,0.0999
5317,1.163786,0.0989
5318,1.167073,0.0992
5319,1.164162,0.0982
5320,1.164729,0.0971
5321,1.172950,0.0980
5322,1.177213,0.0982
5323,1.179119,0.0974
5324,1.175032,0.0992
5325,1.173943,0.0988
5326,1.165604,0.0971
5327,1.174897,0.0985
5328,1.178512,0.0985
5329,1.179011,0.0987
5330,1.176000,0.0994
5331,1.178805,0.0991
5332,1.178907,0.0972
5333,1.177194,0.0983
5334,1.176892,0.0974
5335,1.175467,0.1007
5336,1.172383,0.0996
5337,1.172900,0.0987
5338,1.167268,0.0995
5339,1.160761,0.0974
5340,1.159370,0.0985
5341,1.167707,0.0979
5342,1.173324,0.0972
5343,1.173875,0.0980
5344,1.172615,0.0988
5345,1.164465,0.0976
5346,1.173788,0.0990
5347,1.174869,0.0970
5348,1.176586,0.0965
5349,1.177818,0.0968
5350,1.179520,0.0980
5351,1.179599,0.0987
5352,1.179218,0.0992
5353,1.179811,0.0989
5354,1.178885,0.0987
5355,1.170468,0.0983
5356,1.181288,0.0986
5357,1.185944,0.0973
5358,1.186654,0.0972
5359,1.183769,0.0979
5360,1.188614,0.0980
5361,1.188216,0.0975
5362,1.187044,0.0976
5363,1.183184,0.0976
5364,1.180038,0.0981
5365,1.174483,0.0972
5366,1.182905,0.0986
5367,1.184339,0.0993
5368,1.184020,0.0987
5369,1.183300,0.0983
5370,1.180574,0.0995
5371,1.175248,0.0973
5372,1.177362,0.0978
5373,1.177016,0.0982
5374,1.170857,0.0990
5375,1.170074,0.0989
5376,1.166510,0.0979
5377,1.165992,0.0975
5378,1.158892,0.0970
5379,1.156160,0.0982
5380,1.152570,0.1005
5381,1.153554,0.0978
5382,1.155558,0.0969
5383,1.157893,0.0965
5384,1.159462,0.0982
5385,1.167022,0.0992
5386,1.169822,0.0987
5387,1.171956,0.0975
5388,1.175271,0.0984
5389,1.178986,0.0991
5390,1.180564,0.0987
5391,1.180057,0.0981
5392,1.177761,0.0981
5393,1.173092,0.0968
5394,1.170877,0.0961
5395,1.170577,0.0976
5396,1.164265,0.0980
5397,1.165630,0.0989
5398,1.166221,0.0974
5399,1.159711,0.0974
5400,1.158763,0.0974
5401,1.155221,0.0967
5402,1.159591,0.0984
5403,1.166004,0.0969
5404,1.165486,0.0990
5405,1.164100,0.0985
5406,1.162719,0.0980
5407,1.167543,0.1002
5408,1.167439,0.0988
5409,1.163235,0.0974
5410,1.161955,0.0973
5411,1.165118,0.0996
5412,1.166481,0.0972
5413,1.168182,0.0980
5414,1.167209,0.0970
5415,1.162040,0.0985
5416,1.164253,0.0990
5417,1.163338,0.0982
5418,1.158639,0.1009
5419,1.163633,0.1001
5420,1.161631,0.0985
5421,1.164659,0.0984
5422,1.165466,0.0986
5423,1.165229,0.0977
5424,1.162963,0.0996
5425,1.155496,0.0993
5426,1.161132,0.0971
5427,1.170323,0.0973
5428,1.172660,0.0985
5429,1.173069,0.0974
5430,1.170926,0.0967
5431,1.174549,0.0975
5432,1.176180,0.0980
5433,1.177803,0.0985
5434,1.178130,0.0979
5435,1.176417,0.0993
5436,1.174501,0.0986
5437,1.172699,0.0982
5438,1.168679,0.0975
5439,1.163054,0.0981
5440,1.162523,0.0976
5441,1.154028,0.0975
5442,1.154415,0.0987
5443,1.149171,0.0996
5444,1.160518,0.0993
5445,1.163760,0.0972
5446,1.160353,0.0965
5447,1.166371,0.0978
5448,1.166848,0.0975
5449,1.167815,0.0973
5450,1.168793,0.0988
5451,1.167557,0.1001
5452,1.169108,0.0984
5453,1.171026,0.0992
5454,1.168575,0.1007
5455,1.161220,0.0971
5456,1.157801,0.0996
5457,1.158136,0.0978
5458,1.156873,0.0976
5459,1.161836,0.0976
5460,1.162277,0.0973
5461,1.159214,0.0976
5462,1.157263,0.0970
5463,1.157738,0.0974
5464,1.157877,0.1000
5465,1.157263,0.0982
5466,1.158153,0.0978
5467,1.152469,0.0984
5468,1.144650,0.0999
5469,1.156955,0.1000
5470,1.163375,0.0986
5471,1.168307,0.1002
5472,1.172409,0.0999
5473,1.174120,0.0987
5474,1.173800,0.1001
5475,1.172796,0.0984
5476,1.169615,0.0989
5477,1.163408,0.0970
5478,1.160925,0.0976
5479,1.170364,0.0961
5480,1.173309,0.0970
5481,1.173740,0.0990
5482,1.173488,0.0980
5483,1.170654,0.0987
5484,1.167198,0.0977
5485,1.159551,0.0988
5486,1.161613,0.0985
5487,1.162664,0.0978
5488,1.163938,0.0979
5489,1.161765,0.0982
5490,1.158780,0.0980
5491,1.148670,0.0992
5492,1.141671,0.0994
5493,1.151673,0.0974
5494,1.153506,0.0970
5495,1.156502,0.0994
5496,1.156514,0.0976
5497,1.154036,0.0984
5498,1.150164,0.0960
5499,1.148932,0.0988
5500,1.148645,0.0983
5501,1.145672,0.0992
5502,1.153019,0.0992
5503,1.154876,0.0996
5504,1.154096,0.0973
5505,1.154437,0.0998
5506,1.152907,0.0990
5507,1.154487,0.0976
5508,1.156475,0.0984
5509,1.153988,0.0988
5510,1.152848,0.0971
5511,1.157282,0.0979
5512,1.152534,0.0969
5513,1.159316,0.0989
5514,1.161808,0.0986
5515,1.161922,0.0998
5516,1.165580,0.0980
5517,1.165607,0.0997
5518,1.168000,0.1000
5519,1.165873,0.1004
5520,1.163667,0.1009
5521,1.158081,0.0995
5522,1.160999,0.0999
5523,1.163495,0.0987
5524,1.166310,0.0989
5525,1.167275,0.0971
5526,1.166570,0.0984
5527,1.165489,0.0978
5528,1.163231,0.0993
5529,1.164175,0.0972
5530,1.163037,0.0976
5531,1.158430,0.0975
5532,1.158453,0.0997
5533,1.158750,0.0985
5534,1.156054,0.0987
5535,1.151999,0.0976
5536,1.143341,0.0990
5537,1.146037,0.0999
5538,1.147237,0.0968
5539,1.137527,0.0992
5540,1.152869,0.0975
5541,1.159646,0.0986
5542,1.158899,0.0972
5543,1.157501,0.0975
5544,1.154524,0.0993
5545,1.159942,0.0978
5546,1.159375,0.0998
5547,1.159631,0.0980
5548,1.155836,0.0986
5549,1.148843,0.1006
5550,1.149393,0.0991
5551,1.157109,0.1001
5552,1.158444,0.0971
5553,1.158535,0.0985
5554,1.158362,0.1003
5555,1.156837,0.0991
5556,1.159870,0.0969
5557,1.160445,0.0976
5558,1.164816,0.0986
5559,1.165847,0.0982
5560,1.166537,0.0982
5561,1.164243,0.0979
5562,1.161225,0.0967
5563,1.159607,0.0971
5564,1.156315,0.0961
5565,1.152593,0.0971
5566,1.146802,0.0984
5567,1.141040,0.0968
5568,1.147366,0.0984
5569,1.153901,0.0971
5570,1.155510,0.0989
5571,1.155394,0.0993
5572,1.152196,0.0986
5573,1.154503,0.0979
5574,1.152904,0.0996
5575,1.149480,0.0975
5576,1.147147,0.1006
5577,1.140271,0.0993
5578,1.144646,0.0987
5579,1.144417,0.0981
5580,1.148230,0.0978
5581,1.151072,0.1003
5582,1.147851,0.0967
5583,1.140022,0.0977
5584,1.142961,0.0975
5585,1.144829,0.0991
5586,1.142842,0.0986
5587,1.139413,0.0983
5588,1.136052,0.0969
5589,1.139332,0.0981
5590,1.144468,0.0976
5591,1.142969,0.0991
5592,1.140015,0.0983
5593,1.132064,0.0986
5594,1.131549,0.0992
5595,1.133024,0.0966
5596,1.133198,0.0978
5597,1.134608,0.0987
5598,1.139061,0.0986
5599,1.140525,0.0990
5600,1.143487,0.0976
5601,1.145230,0.0977
5602,1.142949,0.0976
5603,1.139712,0.0978
5604,1.137411,0.0985
5605,1.133441,0.0992
5606,1.133826,0.0997
5607,1.130886,0.0994
5608,1.128510,0.1008
5609,1.136899,0.0984
5610,1.144626,0.0968
5611,1.147080,0.0984
5612,1.150842,0.0981
5613,1.154547,0.0973
5614,1.158408,0.0964
5615,1.158648,0.0988
5616,1.158231,0.0970
5617,1.152248,0.0987
5618,1.156272,0.0986
5619,1.155841,0.1006
5620,1.157222,0.0981
5621,1.159772,0.0990
5622,1.161732,0.0993
5623,1.163194,0.0981
5624,1.162709,0.1003
5625,1.161182,0.0980
5626,1.155820,0.0996
5627,1.147375,0.0994
5628,1.152704,0.0972
5629,1.155366,0.0991
5630,1.154891,0.0994
5631,1.152884,0.0980
5632,1.150474,0.0979
5633,1.148290,0.0984
5634,1.145142,0.0983
5635,1.135885,0.0972
5636,1.140817,0.0986
5637,1.140330,0.0996
5638,1.148593,0.0979
5639,1.153063,0.0969
5640,1.157952,0.0979
5641,1.161144,0.0987
5642,1.163680,0.0976
5643,1.162896,0.0987
5644,1.167286,0.0973
5645,1.166894,0.0982
5646,1.166818,0.1021
5647,1.166111,0.0992
5648,1.165250,0.0985
5649,1.163350,0.0998
5650,1.160335,0.0976
5651,1.155981,0.0981
5652,1.156487,0.0977
5653,1.156757,0.0983
5654,1.150828,0.0988
5655,1.156458,0.1008
5656,1.159802,0.0979
5657,1.160304,0.0974
5658,1.160352,0.0982
5659,1.159172,0.0985
5660,1.154884,0.0978
5661,1.154229,0.0993
5662,1.148092,0.0991
5663,1.143732,0.0986
5664,1.140554,0.0995
5665,1.144368,0.0989
5666,1.153634,0.0979
5667,1.154852,0.0982
5668,1.156404,0.0977
5669,1.154647,0.0984
5670,1.152502,0.0984
5671,1.149632,0.0989
5672,1.152382,0.0973
5673,1.153374,0.1001
5674,1.154063,0.0985
5675,1.153276,0.0987
5676,1.150061,0.0984
5677,1.146382,0.1002
5678,1.139067,0.0980
5679,1.135202,0.0982
5680,1.132221,0.0990
5681,1.130580,0.0993
5682,1.133050,0.0991
5683,1.138914,0.0987
5684,1.138685,0.0989
5685,1.138835,0.0983
5686,1.139823,0.0979
5687,1.134412,0.0975
5688,1.133661,0.0978
5689,1.127311,0.0983
5690,1.136999,0.0995
5691,1.142723,0.0997
5692,1.140761,0.0979
5693,1.148387,0.1017
5694,1.152090,0.0998
5695,1.154172,0.0986
5696,1.154343,0.0992
5697,1.154937,0.0987
5698,1.154397,0.0978
5699,1.154995,0.0980
5700,1.151570,0.0982
5701,1.152623,0.0999
5702,1.154083,0.0970
5703,1.154258,0.0981
5704,1.153874,0.0984
5705,1.156116,0.0980
5706,1.156430,0.0988
5707,1.156549,0.1000
5708,1.154914,0.0997
5709,1.152017,0.0992
5710,1.156880,0.0980
5711,1.156140,0.1021
5712,1.150627,0.0982
5713,1.146791,0.0998
5714,1.142162,0.0988
5715,1.140016,0.0985
5716,1.145099,0.0996
5717,1.146006,0.0975
5718,1.144640,0.0980
5719,1.140762,0.0992
5720,1.143538,0.0998
5721,1.146043,0.0992
5722,1.145911,0.0979
5723,1.144125,0.0988
5724,1.142425,0.0990
5725,1.137261,0.0979
5726,1.142244,0.0978
5727,1.147170,0.0985
5728,1.146705,0.0993
5729,1.143356,0.0973
5730,1.141561,0.0980
5731,1.140027,0.1007
5732,1.145932,0.0991
5733,1.145711,0.0987
5734,1.142527,0.0985
5735,1.140642,0.0991
5736,1.140734,0.0980
5737,1.142949,0.0984
5738,1.144816,0.0978
5739,1.142804,0.0979
5740,1.147095,0.0991
5741,1.147875,0.0992
5742,1.145846,0.0997
5743,1.141577,0.0995
5744,1.134412,0.0963
5745,1.128858,0.0993
5746,1.136235,0.1000
5747,1.139682,0.0994
5748,1.147261,0.0981
5749,1.149538,0.0992
5750,1.148360,0.1004
5751,1.142427,0.0976
5752,1.141611,0.0989
5753,1.140700,0.0986
5754,1.139598,0.0969
5755,1.138342,0.0967
5756,1.139370,0.0985
5757,1.144682,0.0994
5758,1.145070,0.0998
5759,1.148509,0.0986
5760,1.148818,0.0991
5761,1.146863,0.0985
5762,1.145061,0.0992
5763,1.149941,0.0985
5764,1.151484,0.0985
5765,1.153796,0.0978
5766,1.153594,0.0987
5767,1.150477,0.0976
5768,1.147274,0.0979
5769,1.140723,0.0975
5770,1.137636,0.0977
5771,1.142605,0.0995
5772,1.141291,0.0985
5773,1.140285,0.1000
5774,1.140977,0.1007
5775,1.138129,0.0988
5776,1.130310,0.1009
5777,1.131525,0.1011
5778,1.132032,0.0991
5779,1.139259,0.0999
5780,1.143112,0.0992
5781,1.145164,0.0967
5782,1.142575,0.0997
5783,1.138621,0.0988
5784,1.130488,0.0996
5785,1.135890,0.0989
5786,1.132510,0.0993
5787,1.136311,0.0976
5788,1.137946,0.0967
5789,1.138299,0.0988
5790,1.136984,0.0980
5791,1.133180,0.1000
5792,1.140015,0.0997
5793,1.141827,0.0988
5794,1.135881,0.0976
5795,1.141155,0.0988
5796,1.141188,0.0981
5797,1.138188,0.0989
5798,1.135954,0.0991
5799,1.140686,0.0980
5800,1.143626,0.0987
5801,1.145912,0.0969
5802,1.144008,0.0982
5803,1.143201,0.0978
5804,1.142768,0.1001
5805,1.139724,0.0981
5806,1.140093,0.1005
5807,1.138481,0.1005
5808,1.133541,0.0986
5809,1.134216,0.0978
5810,1.133693,0.0991
5811,1.128929,0.0981
5812,1.135762,0.0980
5813,1.136551,0.0971
5814,1.140445,0.0979
5815,1.136556,0.0985
5816,1.144348,0.0988
5817,1.144930,0.0992
5818,1.153926,0.0985
5819,1.153896,0.0962
5820,1.159814,0.0986
5821,1.163996,0.0982
5822,1.164872,0.0976
5823,1.164545,0.0980
5824,1.163191,0.0999
5825,1.162116,0.0990
5826,1.160632,0.1002
5827,1.158005,0.1002
5828,1.159918,0.0998
5829,1.159574,0.1003
5830,1.158164,0.0989
5831,1.156758,0.0983
5832,1.154293,0.0996
5833,1.151358,0.0970
5834,1.145935,0.0986
5835,1.145446,0.0987
5836,1.144541,0.1001
5837,1.137105,0.0994
5838,1.140044,0.0990
5839,1.136404,0.1007
5840,1.134461,0.0993
5841,1.137021,0.0990
5842,1.134807,0.1023
5843,1.139989,0.0975
5844,1.138196,0.1002
5845,1.146720,0.0986
5846,1.148113,0.1003
5847,1.147534,0.0998
5848,1.150698,0.1006
5849,1.154578,0.0994
5850,1.155579,0.1019
5851,1.155828,0.0989
5852,1.154495,0.0997
5853,1.152799,0.0987
5854,1.150119,0.1005
5855,1.147706,0.0987
5856,1.140552,0.1010
5857,1.133814,0.1000
5858,1.136855,0.0981
5859,1.140494,0.1001
5860,1.142068,0.0989
5861,1.140254,0.0994
5862,1.137251,0.0982
5863,1.131284,0.0989
5864,1.126280,0.0980
5865,1.131708,0.0995
5866,1.133300,0.0994
5867,1.138799,0.0980
5868,1.140221,0.0974
5869,1.138643,0.0989
5870,1.140029,0.0992
5871,1.142093,0.0991
5872,1.143446,0.0978
5873,1.143342,0.0975
5874,1.140298,0.1007
5875,1.140743,0.0994
5876,1.139975,0.1009
5877,1.136158,0.0985
5878,1.139771,0.0999
5879,1.141087,0.0991
5880,1.141386,0.0996
5881,1.139447,0.0988
5882,1.134459,0.0998
5883,1.134542,0.0991
5884,1.134577,0.0994
5885,1.139533,0.0996
5886,1.141442,0.0987
5887,1.141909,0.0995
5888,1.139962,0.0998
5889,1.136387,0.0994
5890,1.127914,0.0979
5891,1.125656,0.0976
5892,1.128443,0.0985
5893,1.128950,0.0976
5894,1.127982,0.0989
5895,1.120974,0.0990
5896,1.108878,0.0978
5897,1.110656,0.0994
5898,1.124039,0.0988
5899,1.128555,0.0990
5900,1.129620,0.0978
5901,1.127178,0.0979
5902,1.131758,0.0986
5903,1.132681,0.0991
5904,1.132087,0.0974
5905,1.129769,0.0983
5906,1.124796,0.0978
5907,1.125369,0.0990
5908,1.124055,0.0991
5909,1.123260,0.0984
5910,1.121355,0.0990
5911,1.125454,0.0990
5912,1.126073,0.0999
5913,1.124466,0.1016
5914,1.126633,0.1020
5915,1.126896,0.0989
5916,1.121566,0.0988
5917,1.124938,0.0975
5918,1.126287,0.0987
5919,1.123314,0.0988
5920,1.128197,0.0988
5921,1.130309,0.1003
5922,1.129521,0.0981
5923,1.127318,0.0997
5924,1.124600,0.0978
5925,1.121282,0.0994
5926,1.126755,0.1002
5927,1.127574,0.0980
5928,1.120358,0.0996
5929,1.127404,0.0984
5930,1.132379,0.0977
5931,1.133212,0.0978
5932,1.131995,0.0998
5933,1.129423,0.0992
5934,1.126798,0.0991
5935,1.127841,0.1000
5936,1.128065,0.0998
5937,1.128334,0.0997
5938,1.125907,0.1030
5939,1.131124,0.0971
5940,1.129539,0.0987
5941,1.127357,0.0983
5942,1.135825,0.0964
5943,1.138768,0.0980
5944,1.141145,0.0995
5945,1.140349,0.0990
5946,1.139715,0.1002
5947,1.135236,0.0983
5948,1.139011,0.0971
5949,1.139215,0.0992
5950,1.141248,0.0980
5951,1.142218,0.0984
5952,1.140609,0.0991
5953,1.138048,0.1014
5954,1.134395,0.0992
5955,1.134353,0.0995
5956,1.135497,0.0992
5957,1.135445,0.1001
5958,1.133613,0.0987
5959,1.131734,0.0984
5960,1.128620,0.0988
5961,1.120841,0.0989
5962,1.119331,0.0984
5963,1.123611,0.0996
5964,1.122709,0.0985
5965,1.129175,0.0988
5966,1.127937,0.0989
5967,1.126803,0.0976
5968,1.132723,0.0991
5969,1.134070,0.1000
5970,1.133068,0.0994
5971,1.137526,0.0973
5972,1.138094,0.0991
5973,1.136781,0.0996
5974,1.133280,0.0978
5975,1.135491,0.0990
5976,1.138171,0.0997
5977,1.139978,0.0992
5978,1.138201,0.0982
5979,1.137180,0.0993
5980,1.135103,0.1002
5981,1.131897,0.0994
5982,1.127203,0.1017
5983,1.123469,0.0995
5984,1.120071,0.0999
5985,1.121300,0.0996
5986,1.119335,0.0994
5987,1.126139,0.0985
5988,1.127776,0.0980
5989,1.128474,0.0993
5990,1.125577,0.0986
5991,1.131373,0.0994
5992,1.134111,0.0976
5993,1.138232,0.0981
5994,1.139443,0.0993
5995,1.139012,0.0994
5996,1.139302,0.0985
5997,1.136819,0.0986
5998,1.136026,0.1001
5999,1.142036,0.0991
6000,1.141922,0.1000
