epoch,loss,tiempo_s
1,7.039104,0.3341
2,6.075102,0.0093
3,5.692616,0.0076
4,5.451099,0.0054
5,5.275056,0.0058
6,5.135484,0.0094
7,5.023106,0.0092
8,4.925427,0.0093
9,4.844460,0.0080
10,4.770679,0.0080
11,4.708210,0.0081
12,4.651223,0.0094
13,4.597943,0.0095
14,4.550228,0.0081
15,4.508461,0.0079
16,4.467900,0.0078
17,4.431817,0.0078
18,4.398550,0.0078
19,4.367480,0.0093
20,4.337653,0.0097
21,4.310011,0.0081
22,4.282215,0.0062
23,4.257638,0.0057
24,4.232134,0.0054
25,4.208546,0.0054
26,4.189262,0.0114
27,4.168059,0.0079
28,4.148585,0.0079
29,4.129592,0.0080
30,4.112085,0.0092
31,4.093623,0.0093
32,4.076436,0.0080
33,4.059991,0.0093
34,4.044528,0.0093
35,4.028624,0.0081
36,4.014790,0.0094
37,4.000611,0.0081
38,3.987304,0.0094
39,3.974579,0.0078
40,3.960393,0.0093
41,3.948900,0.0081
42,3.934932,0.0095
43,3.922136,0.0081
44,3.912670,0.0095
45,3.900129,0.0095
46,3.887489,0.0095
47,3.879349,0.0081
48,3.866776,0.0095
49,3.856091,0.0075
50,3.846494,0.0059
51,3.836561,0.0060
52,3.825480,0.0084
53,3.816641,0.0096
54,3.805792,0.0093
55,3.796858,0.0081
56,3.788358,0.0081
57,3.779968,0.0094
58,3.770834,0.0081
59,3.762199,0.0084
60,3.753238,0.0057
61,3.744741,0.0054
62,3.735897,0.0055
63,3.728189,0.0054
64,3.719851,0.0113
65,3.712523,0.0080
66,3.704861,0.0094
67,3.696908,0.0081
68,3.691003,0.0081
69,3.682207,0.0081
70,3.676555,0.0081
71,3.668249,0.0094
72,3.663910,0.0081
73,3.657674,0.0094
74,3.650666,0.0095
75,3.644246,0.0094
76,3.637567,0.0081
77,3.631501,0.0081
78,3.622885,0.0080
79,3.616704,0.0081
80,3.611017,0.0082
81,3.605145,0.0082
82,3.600306,0.0081
83,3.593987,0.0081
84,3.589760,0.0082
85,3.585718,0.0081
86,3.579885,0.0095
87,3.574607,0.0082
88,3.569083,0.0095
89,3.564715,0.0095
90,3.560830,0.0095
91,3.555949,0.0081
92,3.553199,0.0082
93,3.549656,0.0096
94,3.543764,0.0082
95,3.540166,0.0096
96,3.536436,0.0095
97,3.533167,0.0060
98,3.527723,0.0055
99,3.523873,0.0055
100,3.520793,0.0055
101,3.514927,0.0061
102,3.510132,0.0074
103,3.505185,0.0062
104,3.502203,0.0095
105,3.499694,0.0092
106,3.493528,0.0092
107,3.491099,0.0093
108,3.486990,0.0093
109,3.481886,0.0094
110,3.478506,0.0095
111,3.472788,0.0095
112,3.469406,0.0096
113,3.466082,0.0095
114,3.463094,0.0096
115,3.460010,0.0096
116,3.458301,0.0096
117,3.454978,0.0096
118,3.451724,0.0096
119,3.449106,0.0096
120,3.446925,0.0082
121,3.442783,0.0096
122,3.440367,0.0096
123,3.438542,0.0096
124,3.434947,0.0096
125,3.432650,0.0096
126,3.428076,0.0096
127,3.423699,0.0096
128,3.420798,0.0096
129,3.415867,0.0096
130,3.412000,0.0085
131,3.408974,0.0058
132,3.405190,0.0056
133,3.401327,0.0056
134,3.398184,0.0062
135,3.394745,0.0113
136,3.391998,0.0081
137,3.387296,0.0081
138,3.383296,0.0095
139,3.380022,0.0096
140,3.376274,0.0081
141,3.371721,0.0082
142,3.368028,0.0085
143,3.364371,0.0074
144,3.362027,0.0055
145,3.359578,0.0094
146,3.355042,0.0095
147,3.352456,0.0093
148,3.349463,0.0081
149,3.346270,0.0094
150,3.342186,0.0096
151,3.338685,0.0083
152,3.335147,0.0096
153,3.331105,0.0096
154,3.329011,0.0082
155,3.326812,0.0096
156,3.325565,0.0082
157,3.324756,0.0082
158,3.322836,0.0096
159,3.320595,0.0097
160,3.318475,0.0096
161,3.314931,0.0097
162,3.313183,0.0083
163,3.311765,0.0097
164,3.309756,0.0082
165,3.306823,0.0096
166,3.304107,0.0096
167,3.300441,0.0074
168,3.297805,0.0057
169,3.293686,0.0056
170,3.290127,0.0056
171,3.286246,0.0092
172,3.283433,0.0110
173,3.281178,0.0094
174,3.276283,0.0093
175,3.271528,0.0081
176,3.267886,0.0094
177,3.263658,0.0094
178,3.260708,0.0095
179,3.256390,0.0082
180,3.252479,0.0096
181,3.249588,0.0096
182,3.248377,0.0096
183,3.246527,0.0097
184,3.243850,0.0097
185,3.239347,0.0086
186,3.235551,0.0075
187,3.234005,0.0056
188,3.231107,0.0065
189,3.229679,0.0096
190,3.227749,0.0094
191,3.227792,0.0095
192,3.228383,0.0095
193,3.227265,0.0096
194,3.224103,0.0096
195,3.221435,0.0097
196,3.220878,0.0096
197,3.217003,0.0097
198,3.213683,0.0097
199,3.211151,0.0097
200,3.207458,0.0097
201,3.203748,0.0096
202,3.201865,0.0063
203,3.197630,0.0056
204,3.195458,0.0057
205,3.192709,0.0062
206,3.189347,0.0113
207,3.185816,0.0095
208,3.181092,0.0082
209,3.176889,0.0095
210,3.173194,0.0096
211,3.166780,0.0096
212,3.162789,0.0096
213,3.157913,0.0097
214,3.156282,0.0096
215,3.154355,0.0097
216,3.152407,0.0097
217,3.149348,0.0097
218,3.143568,0.0097
219,3.139306,0.0097
220,3.135005,0.0096
221,3.130509,0.0097
222,3.124456,0.0096
223,3.120691,0.0096
224,3.116511,0.0096
225,3.112072,0.0097
226,3.109476,0.0080
227,3.105959,0.0057
228,3.101583,0.0062
229,3.097582,0.0099
230,3.091764,0.0096
231,3.088164,0.0096
232,3.086286,0.0096
233,3.081082,0.0098
234,3.077723,0.0083
235,3.075083,0.0083
236,3.073715,0.0065
237,3.074432,0.0057
238,3.076661,0.0057
239,3.078661,0.0063
240,3.077325,0.0112
241,3.073295,0.0095
242,3.069378,0.0096
243,3.064908,0.0095
244,3.062589,0.0085
245,3.061212,0.0097
246,3.059758,0.0097
247,3.056811,0.0097
248,3.054360,0.0097
249,3.052023,0.0097
250,3.048129,0.0097
251,3.040465,0.0098
252,3.036217,0.0097
253,3.036498,0.0097
254,3.038678,0.0084
255,3.040981,0.0097
256,3.038828,0.0097
257,3.035932,0.0097
258,3.033345,0.0097
259,3.030408,0.0097
260,3.029922,0.0098
261,3.029441,0.0098
262,3.029660,0.0098
263,3.029311,0.0098
264,3.027065,0.0098
265,3.023233,0.0098
266,3.019870,0.0098
267,3.016765,0.0063
268,3.014139,0.0058
269,3.007190,0.0058
270,3.002077,0.0057
271,2.997060,0.0086
272,2.992367,0.0060
273,2.986261,0.0087
274,2.983849,0.0095
275,2.986641,0.0096
276,2.987820,0.0096
277,2.984600,0.0096
278,2.977439,0.0084
279,2.973340,0.0084
280,2.969820,0.0098
281,2.963752,0.0097
282,2.956741,0.0098
283,2.946932,0.0098
284,2.939244,0.0098
285,2.930226,0.0098
286,2.925782,0.0098
287,2.927465,0.0085
288,2.937424,0.0098
289,2.952258,0.0098
290,2.960488,0.0097
291,2.963340,0.0097
292,2.958509,0.0097
293,2.951587,0.0098
294,2.942804,0.0098
295,2.929424,0.0098
296,2.913633,0.0098
297,2.902013,0.0099
298,2.895264,0.0100
299,2.895757,0.0098
300,2.898077,0.0088
301,2.898478,0.0061
302,2.893814,0.0062
303,2.886827,0.0058
304,2.881178,0.0086
305,2.875888,0.0103
306,2.869174,0.0096
307,2.862746,0.0096
308,2.862780,0.0086
309,2.860524,0.0098
310,2.853036,0.0098
311,2.841810,0.0091
312,2.833759,0.0060
313,2.828723,0.0063
314,2.824522,0.0090
315,2.821078,0.0098
316,2.816812,0.0096
317,2.814824,0.0097
318,2.810698,0.0097
319,2.806599,0.0098
320,2.801633,0.0098
321,2.795005,0.0098
322,2.790937,0.0098
323,2.789899,0.0099
324,2.786605,0.0098
325,2.780949,0.0099
326,2.775122,0.0098
327,2.770458,0.0098
328,2.767099,0.0098
329,2.760641,0.0099
330,2.752009,0.0105
331,2.746499,0.0099
332,2.746911,0.0099
333,2.747971,0.0099
334,2.746065,0.0066
335,2.740304,0.0059
336,2.734886,0.0062
337,2.727591,0.0088
338,2.716316,0.0103
339,2.707437,0.0096
340,2.703807,0.0096
341,2.703933,0.0085
342,2.696894,0.0098
343,2.692532,0.0098
344,2.689939,0.0099
345,2.685126,0.0099
346,2.677198,0.0099
347,2.673742,0.0099
348,2.677394,0.0099
349,2.682831,0.0099
350,2.684473,0.0099
351,2.693187,0.0082
352,2.704877,0.0059
353,2.706907,0.0094
354,2.696572,0.0100
355,2.684749,0.0098
356,2.676654,0.0098
357,2.665956,0.0098
358,2.652734,0.0099
359,2.637246,0.0099
360,2.625575,0.0099
361,2.616652,0.0099
362,2.607550,0.0100
363,2.602186,0.0099
364,2.596803,0.0100
365,2.591474,0.0100
366,2.586857,0.0078
367,2.587254,0.0061
368,2.589341,0.0060
369,2.584804,0.0060
370,2.578486,0.0066
371,2.569430,0.0115
372,2.561066,0.0097
373,2.561938,0.0097
374,2.561059,0.0098
375,2.557871,0.0099
376,2.554631,0.0099
377,2.556184,0.0100
378,2.558829,0.0100
379,2.568758,0.0101
380,2.583302,0.0100
381,2.581716,0.0101
382,2.570590,0.0101
383,2.556527,0.0101
384,2.553184,0.0101
385,2.539620,0.0101
386,2.524117,0.0101
387,2.517647,0.0100
388,2.512436,0.0100
389,2.507116,0.0101
390,2.502110,0.0090
391,2.497401,0.0080
392,2.490228,0.0065
393,2.494515,0.0092
394,2.503614,0.0103
395,2.502771,0.0099
396,2.499464,0.0099
397,2.492912,0.0100
398,2.483246,0.0100
399,2.476826,0.0090
400,2.463262,0.0064
401,2.453102,0.0061
402,2.448955,0.0060
403,2.445073,0.0066
404,2.443870,0.0116
405,2.437832,0.0098
406,2.436207,0.0098
407,2.440284,0.0099
408,2.436038,0.0099
409,2.437949,0.0100
410,2.448659,0.0100
411,2.460924,0.0100
412,2.468948,0.0100
413,2.471011,0.0100
414,2.482671,0.0100
415,2.501971,0.0100
416,2.513956,0.0101
417,2.513958,0.0100
418,2.502582,0.0100
419,2.485835,0.0101
420,2.471561,0.0101
421,2.453287,0.0101
422,2.437139,0.0101
423,2.422333,0.0102
424,2.406143,0.0102
425,2.410303,0.0102
426,2.407987,0.0102
427,2.408463,0.0101
428,2.390489,0.0102
429,2.379334,0.0101
430,2.368374,0.0079
431,2.366285,0.0062
432,2.360781,0.0062
433,2.352441,0.0062
434,2.354330,0.0068
435,2.350098,0.0080
436,2.347028,0.0093
437,2.343284,0.0098
438,2.336418,0.0098
439,2.338103,0.0099
440,2.352559,0.0100
441,2.340935,0.0101
442,2.331641,0.0100
443,2.339450,0.0100
444,2.332137,0.0100
445,2.321962,0.0101
446,2.311778,0.0101
447,2.303133,0.0102
448,2.297303,0.0102
449,2.287206,0.0103
450,2.281702,0.0102
451,2.280548,0.0102
452,2.271712,0.0102
453,2.262711,0.0102
454,2.266405,0.0102
455,2.270053,0.0102
456,2.270342,0.0102
457,2.282932,0.0102
458,2.285631,0.0102
459,2.292168,0.0102
460,2.291850,0.0102
461,2.286928,0.0102
462,2.285657,0.0091
463,2.286064,0.0066
464,2.280024,0.0063
465,2.271138,0.0063
466,2.259820,0.0091
467,2.251361,0.0107
468,2.246236,0.0101
469,2.247974,0.0102
470,2.249634,0.0103
471,2.245947,0.0102
472,2.239941,0.0103
473,2.231505,0.0086
474,2.221946,0.0063
475,2.212946,0.0096
476,2.200393,0.0104
477,2.196191,0.0101
478,2.192926,0.0102
479,2.189559,0.0102
480,2.183792,0.0102
481,2.176330,0.0102
482,2.171300,0.0102
483,2.172066,0.0102
484,2.169544,0.0103
485,2.160829,0.0103
486,2.155712,0.0103
487,2.154918,0.0104
488,2.155300,0.0104
489,2.157281,0.0103
490,2.157292,0.0104
491,2.160166,0.0104
492,2.160480,0.0104
493,2.157780,0.0104
494,2.151145,0.0104
495,2.142535,0.0071
496,2.135531,0.0064
497,2.129969,0.0064
498,2.124197,0.0091
499,2.123525,0.0108
500,2.125726,0.0101
501,2.124726,0.0102
502,2.132585,0.0102
503,2.170685,0.0102
504,2.139067,0.0103
505,2.132646,0.0105
506,2.167263,0.0104
507,2.184065,0.0103
508,2.199455,0.0103
509,2.224053,0.0103
510,2.235391,0.0103
511,2.234265,0.0093
512,2.223805,0.0083
513,2.206594,0.0068
514,2.198493,0.0107
515,2.190207,0.0103
516,2.172578,0.0103
517,2.149814,0.0103
518,2.130490,0.0103
519,2.117798,0.0103
520,2.115410,0.0109
521,2.108481,0.0097
522,2.104263,0.0103
523,2.100920,0.0104
524,2.097803,0.0104
525,2.099239,0.0104
526,2.107462,0.0104
527,2.126123,0.0070
528,2.134011,0.0064
529,2.123816,0.0064
530,2.112092,0.0092
531,2.104246,0.0108
532,2.100704,0.0102
533,2.088152,0.0102
534,2.073517,0.0103
535,2.066913,0.0103
536,2.062567,0.0104
537,2.054375,0.0104
538,2.050310,0.0104
539,2.055431,0.0104
540,2.059916,0.0091
541,2.065565,0.0103
542,2.061910,0.0104
543,2.051610,0.0104
544,2.041648,0.0104
545,2.029239,0.0104
546,2.021291,0.0103
547,2.027318,0.0104
548,2.040343,0.0104
549,2.046457,0.0104
550,2.046645,0.0093
551,2.035209,0.0083
552,2.019898,0.0073
553,2.005480,0.0107
554,2.013157,0.0103
555,2.037087,0.0102
556,2.058382,0.0103
557,2.070402,0.0103
558,2.071335,0.0103
559,2.061336,0.0082
560,2.049363,0.0065
561,2.063978,0.0064
562,2.100179,0.0064
563,2.133380,0.0110
564,2.170684,0.0100
565,2.197062,0.0101
566,2.204349,0.0103
567,2.204328,0.0102
568,2.192623,0.0103
569,2.173085,0.0103
570,2.140830,0.0104
571,2.102770,0.0103
572,2.067339,0.0104
573,2.036193,0.0104
574,2.010078,0.0103
575,1.995126,0.0104
576,1.985427,0.0104
577,1.978997,0.0104
578,1.993467,0.0104
579,2.012849,0.0104
580,2.015520,0.0104
581,2.003860,0.0104
582,1.989543,0.0104
583,1.978002,0.0105
584,1.969889,0.0105
585,1.966692,0.0105
586,1.971079,0.0105
587,1.973772,0.0105
588,1.975643,0.0104
589,1.993285,0.0094
590,2.009803,0.0068
591,2.020119,0.0065
592,2.024256,0.0069
593,2.025838,0.0072
594,2.024573,0.0085
595,2.017224,0.0094
596,2.014741,0.0102
597,2.017285,0.0101
598,2.006606,0.0104
599,1.985563,0.0104
600,1.971784,0.0105
601,1.964996,0.0106
602,1.955995,0.0106
603,1.943895,0.0105
604,1.933499,0.0105
605,1.924501,0.0105
606,1.915284,0.0105
607,1.906332,0.0105
608,1.902266,0.0105
609,1.901903,0.0105
610,1.897218,0.0104
611,1.890768,0.0104
612,1.908196,0.0104
613,1.888918,0.0105
614,1.900301,0.0104
615,1.927523,0.0105
616,1.940178,0.0104
617,1.943134,0.0106
618,1.963979,0.0105
619,1.979747,0.0104
620,1.972289,0.0104
621,1.964924,0.0084
622,1.968699,0.0068
623,1.964846,0.0067
624,1.955506,0.0067
625,1.950924,0.0125
626,1.958880,0.0104
627,1.973349,0.0106
628,1.988751,0.0105
629,1.997404,0.0105
630,1.997729,0.0107
631,1.995349,0.0099
632,1.999261,0.0069
633,2.010303,0.0072
634,2.032820,0.0109
635,2.045373,0.0105
636,2.047649,0.0104
637,2.037706,0.0105
638,2.009426,0.0106
639,1.984687,0.0106
640,1.969717,0.0107
641,1.954911,0.0106
642,1.941239,0.0108
643,1.935798,0.0107
644,1.928246,0.0108
645,1.920281,0.0106
646,1.915762,0.0110
647,1.911662,0.0108
648,1.898633,0.0108
649,1.881457,0.0107
650,1.868417,0.0107
651,1.862740,0.0107
652,1.879364,0.0107
653,1.887833,0.0097
654,1.869153,0.0071
655,1.881143,0.0068
656,1.894357,0.0068
657,1.877980,0.0114
658,1.860266,0.0106
659,1.859386,0.0105
660,1.865850,0.0106
661,1.863610,0.0106
662,1.853106,0.0108
663,1.849747,0.0108
664,1.854492,0.0122
665,1.856990,0.0109
666,1.858585,0.0108
667,1.871111,0.0108
668,1.875248,0.0108
669,1.873052,0.0108
670,1.862004,0.0091
671,1.851670,0.0074
672,1.837362,0.0111
673,1.829792,0.0106
674,1.822205,0.0106
675,1.825618,0.0107
676,1.830521,0.0106
677,1.833194,0.0107
678,1.841728,0.0107
679,1.839031,0.0107
680,1.838014,0.0109
681,1.852736,0.0108
682,1.888524,0.0123
683,1.909031,0.0109
684,1.944082,0.0101
685,1.986162,0.0071
686,2.017352,0.0070
687,2.032856,0.0070
688,2.032837,0.0128
689,2.005598,0.0105
690,1.961539,0.0106
691,1.925938,0.0106
692,1.907218,0.0107
693,1.902200,0.0107
694,1.906596,0.0108
695,1.903854,0.0108
696,1.895437,0.0122
697,1.883348,0.0123
698,1.865107,0.0123
699,1.853254,0.0123
700,1.859720,0.0123
701,1.886460,0.0109
702,1.909279,0.0123
703,1.920532,0.0123
704,1.911722,0.0123
705,1.896545,0.0093
706,1.881853,0.0075
707,1.875166,0.0114
708,1.873067,0.0108
709,1.876791,0.0108
710,1.875323,0.0109
711,1.868112,0.0108
712,1.863934,0.0109
713,1.866094,0.0089
714,1.870417,0.0071
715,1.857740,0.0071
716,1.834402,0.0099
717,1.818515,0.0126
718,1.830129,0.0108
719,1.848669,0.0108
720,1.869991,0.0108
721,1.889618,0.0108
722,1.899655,0.0109
723,1.903960,0.0109
724,1.904624,0.0109
725,1.904073,0.0123
726,1.898662,0.0110
727,1.888425,0.0123
728,1.875809,0.0110
729,1.861734,0.0110
730,1.852253,0.0111
731,1.842229,0.0111
732,1.838009,0.0110
733,1.833732,0.0111
734,1.825527,0.0110
735,1.816938,0.0126
736,1.811576,0.0111
737,1.804803,0.0111
738,1.794886,0.0111
739,1.786537,0.0125
740,1.785850,0.0112
741,1.781927,0.0091
742,1.778630,0.0075
743,1.774675,0.0074
744,1.769122,0.0073
745,1.765323,0.0098
746,1.760096,0.0078
747,1.751326,0.0113
748,1.748543,0.0109
749,1.750149,0.0109
750,1.748042,0.0109
751,1.753500,0.0111
752,1.754173,0.0112
753,1.744173,0.0112
754,1.740352,0.0125
755,1.733812,0.0113
756,1.734055,0.0114
757,1.737053,0.0127
758,1.748998,0.0126
759,1.772629,0.0127
760,1.780569,0.0127
761,1.761160,0.0114
762,1.758450,0.0115
763,1.767006,0.0128
764,1.762945,0.0127
765,1.752649,0.0127
766,1.749983,0.0128
767,1.751069,0.0130
768,1.749471,0.0130
769,1.740147,0.0109
770,1.726162,0.0078
771,1.751147,0.0078
772,1.755435,0.0082
773,1.730910,0.0131
774,1.726912,0.0125
775,1.733020,0.0127
776,1.737216,0.0129
777,1.734138,0.0118
778,1.728910,0.0115
779,1.725339,0.0079
780,1.724494,0.0124
781,1.714049,0.0116
782,1.702106,0.0116
783,1.699432,0.0129
784,1.698226,0.0129
785,1.696162,0.0131
786,1.693630,0.0131
787,1.697736,0.0132
788,1.703300,0.0133
789,1.703176,0.0133
790,1.700728,0.0133
791,1.691454,0.0133
792,1.686990,0.0133
793,1.684924,0.0133
794,1.680396,0.0135
795,1.687026,0.0117
796,1.696077,0.0082
797,1.696163,0.0086
798,1.686417,0.0109
799,1.683158,0.0133
800,1.690557,0.0128
801,1.692012,0.0132
802,1.695495,0.0133
803,1.693995,0.0134
804,1.684894,0.0136
805,1.681442,0.0136
806,1.676836,0.0135
807,1.676356,0.0137
808,1.675068,0.0130
809,1.672866,0.0085
810,1.674058,0.0130
811,1.668994,0.0133
812,1.665873,0.0137
813,1.664409,0.0137
814,1.663758,0.0138
815,1.668951,0.0139
816,1.678563,0.0139
817,1.674841,0.0139
818,1.669837,0.0125
819,1.663818,0.0152
820,1.661598,0.0094
821,1.657865,0.0088
822,1.663045,0.0093
823,1.666149,0.0153
824,1.664561,0.0135
825,1.664412,0.0137
826,1.664953,0.0140
827,1.662421,0.0141
828,1.660187,0.0142
829,1.684948,0.0144
830,1.696824,0.0158
831,1.680445,0.0145
832,1.669681,0.0146
833,1.667113,0.0147
834,1.668114,0.0131
835,1.682754,0.0157
836,1.695048,0.0159
837,1.692790,0.0129
838,1.684469,0.0104
839,1.680245,0.0150
840,1.680340,0.0159
841,1.682243,0.0159
842,1.683357,0.0162
843,1.678925,0.0103
844,1.675443,0.0098
845,1.670981,0.0143
846,1.664359,0.0147
847,1.661892,0.0160
848,1.659467,0.0161
849,1.652022,0.0143
850,1.651023,0.0167
851,1.656116,0.0168
852,1.662935,0.0168
853,1.668738,0.0168
854,1.670051,0.0169
855,1.675134,0.0184
856,1.692521,0.0174
857,1.712305,0.0173
858,1.720991,0.0172
859,1.719221,0.0172
860,1.708439,0.0174
861,1.693349,0.0168
862,1.676736,0.0114
863,1.660989,0.0110
864,1.664902,0.0135
865,1.685235,0.0166
866,1.711705,0.0172
867,1.768847,0.0161
868,1.825903,0.0178
869,1.852867,0.0185
870,1.852115,0.0188
871,1.830407,0.0188
872,1.804377,0.0188
873,1.776543,0.0189
874,1.754041,0.0189
875,1.736964,0.0188
876,1.719312,0.0187
877,1.703096,0.0188
878,1.689139,0.0189
879,1.708110,0.0190
880,1.743189,0.0203
881,1.763336,0.0133
882,1.762983,0.0134
883,1.748775,0.0219
884,1.756682,0.0205
885,1.789280,0.0207
886,1.811335,0.0165
887,1.816018,0.0207
888,1.798118,0.0226
889,1.763796,0.0231
890,1.725308,0.0233
891,1.699196,0.0240
892,1.684474,0.0246
893,1.672468,0.0245
894,1.667587,0.0241
895,1.666574,0.0222
896,1.659577,0.0151
897,1.657491,0.0227
898,1.659848,0.0244
899,1.656361,0.0264
900,1.660357,0.0274
901,1.669323,0.0286
902,1.671909,0.0237
903,1.671573,0.0258
904,1.664367,0.0274
905,1.657518,0.0277
906,1.654213,0.0287
907,1.661273,0.0282
908,1.670778,0.0193
909,1.693493,0.0251
910,1.701089,0.0277
911,1.682676,0.0277
912,1.664492,0.0280
913,1.647567,0.0285
914,1.638725,0.0282
915,1.639133,0.0286
916,1.639693,0.0271
917,1.635228,0.0205
918,1.631922,0.0291
919,1.624582,0.0282
920,1.617004,0.0203
921,1.628971,0.0177
922,1.639156,0.0301
923,1.637598,0.0279
924,1.632612,0.0282
925,1.631920,0.0283
926,1.628424,0.0285
927,1.619026,0.0280
928,1.610034,0.0284
929,1.604766,0.0283
930,1.606166,0.0281
931,1.609710,0.0267
932,1.605343,0.0173
933,1.598840,0.0194
934,1.598146,0.0270
935,1.599702,0.0276
936,1.599668,0.0283
937,1.597013,0.0285
938,1.592097,0.0283
939,1.591724,0.0281
940,1.590791,0.0280
941,1.589162,0.0286
942,1.586579,0.0285
943,1.586290,0.0265
944,1.587742,0.0192
945,1.594771,0.0251
946,1.597036,0.0276
947,1.594831,0.0268
948,1.597532,0.0211
949,1.598253,0.0288
950,1.594264,0.0279
951,1.594499,0.0282
952,1.593469,0.0286
953,1.597936,0.0283
954,1.619365,0.0283
955,1.660909,0.0282
956,1.703065,0.0205
957,1.739556,0.0178
958,1.765711,0.0304
959,1.779155,0.0282
960,1.775264,0.0279
961,1.760968,0.0286
962,1.746534,0.0279
963,1.731442,0.0198
964,1.717592,0.0289
965,1.706800,0.0283
966,1.746712,0.0280
967,1.823856,0.0284
968,1.858882,0.0269
969,1.846923,0.0174
970,1.805322,0.0287
971,1.752081,0.0281
972,1.709478,0.0285
973,1.685498,0.0264
974,1.674523,0.0281
975,1.663862,0.0282
976,1.651526,0.0283
977,1.643807,0.0273
978,1.641941,0.0221
979,1.642503,0.0281
980,1.640286,0.0285
981,1.653039,0.0181
982,1.651487,0.0251
983,1.635506,0.0276
984,1.633533,0.0281
985,1.631650,0.0288
986,1.627011,0.0281
987,1.626756,0.0282
988,1.634386,0.0280
989,1.633443,0.0280
990,1.626663,0.0286
991,1.621925,0.0281
992,1.620430,0.0217
993,1.633821,0.0172
994,1.642532,0.0217
995,1.634033,0.0286
996,1.626359,0.0276
997,1.627350,0.0279
998,1.625095,0.0286
999,1.620628,0.0282
1000,1.617337,0.0284
1001,1.618818,0.0301
1002,1.612517,0.0306
1003,1.604592,0.0289
1004,1.603894,0.0240
1005,1.600196,0.0175
1006,1.598058,0.0290
1007,1.598266,0.0281
1008,1.598810,0.0255
1009,1.603954,0.0265
1010,1.602748,0.0280
1011,1.601777,0.0279
1012,1.599289,0.0286
1013,1.598667,0.0284
1014,1.598654,0.0281
1015,1.595426,0.0287
1016,1.594821,0.0254
1017,1.596309,0.0172
1018,1.596408,0.0288
1019,1.592871,0.0282
1020,1.590505,0.0280
1021,1.597054,0.0280
1022,1.600809,0.0286
1023,1.599423,0.0202
1024,1.590282,0.0272
1025,1.593135,0.0281
1026,1.592651,0.0281
1027,1.584538,0.0281
1028,1.584565,0.0285
1029,1.589747,0.0178
1030,1.591911,0.0249
1031,1.587160,0.0277
1032,1.581618,0.0279
1033,1.580872,0.0281
1034,1.579099,0.0285
1035,1.578227,0.0286
1036,1.577175,0.0283
1037,1.576331,0.0276
1038,1.573378,0.0211
1039,1.570839,0.0290
1040,1.570559,0.0283
1041,1.569809,0.0208
1042,1.715748,0.0242
1043,1.819169,0.0279
1044,1.795304,0.0282
1045,1.715368,0.0286
1046,1.666045,0.0285
1047,1.707933,0.0286
1048,1.755534,0.0281
1049,1.754035,0.0269
1050,1.722084,0.0289
1051,1.690463,0.0287
1052,1.674514,0.0254
1053,1.672512,0.0173
1054,1.667066,0.0212
1055,1.657114,0.0287
1056,1.640828,0.0278
1057,1.618531,0.0284
1058,1.604378,0.0286
1059,1.594758,0.0286
1060,1.595030,0.0288
1061,1.608300,0.0285
1062,1.626648,0.0286
1063,1.636124,0.0283
1064,1.638774,0.0265
1065,1.632899,0.0177
1066,1.631885,0.0289
1067,1.635125,0.0249
1068,1.636985,0.0274
1069,1.639439,0.0218
1070,1.648194,0.0281
1071,1.651388,0.0278
1072,1.644432,0.0285
1073,1.629978,0.0285
1074,1.615896,0.0269
1075,1.605952,0.0284
1076,1.598689,0.0281
1077,1.602912,0.0206
1078,1.609218,0.0179
1079,1.603922,0.0289
1080,1.593457,0.0281
1081,1.586274,0.0280
1082,1.588972,0.0285
1083,1.600503,0.0275
1084,1.616956,0.0214
1085,1.620832,0.0293
1086,1.624394,0.0284
1087,1.620929,0.0284
1088,1.607698,0.0289
1089,1.594951,0.0267
1090,1.583406,0.0178
1091,1.574981,0.0307
1092,1.572856,0.0299
1093,1.568880,0.0308
1094,1.561317,0.0311
1095,1.558424,0.0310
1096,1.553367,0.0316
1097,1.579470,0.0299
1098,1.625918,0.0280
1099,1.649218,0.0307
1100,1.657387,0.0259
1101,1.699291,0.0195
1102,1.736538,0.0321
1103,1.719708,0.0311
1104,1.685091,0.0315
1105,1.677305,0.0330
1106,1.665884,0.0350
1107,1.649537,0.0353
1108,1.638274,0.0352
1109,1.637652,0.0348
1110,1.624364,0.0231
1111,1.621051,0.0253
1112,1.609505,0.0361
1113,1.601973,0.0357
1114,1.602846,0.0392
1115,1.590482,0.0408
1116,1.590107,0.0400
1117,1.582015,0.0408
1118,1.581455,0.0407
1119,1.574965,0.0255
1120,1.569523,0.0433
1121,1.558198,0.0359
1122,1.549020,0.0386
1123,1.542263,0.0430
1124,1.535900,0.0433
1125,1.534669,0.0452
1126,1.533694,0.0416
1127,1.527216,0.0316
1128,1.525424,0.0440
1129,1.527088,0.0446
1130,1.531423,0.0441
1131,1.531936,0.0368
1132,1.531548,0.0452
1133,1.533648,0.0468
1134,1.527326,0.0393
1135,1.519656,0.0407
1136,1.522529,0.0448
1137,1.523181,0.0445
1138,1.519753,0.0450
1139,1.518328,0.0474
1140,1.511578,0.0416
1141,1.509823,0.0422
1142,1.509371,0.0340
1143,1.516973,0.0459
1144,1.522291,0.0438
1145,1.517940,0.0411
1146,1.511018,0.0439
1147,1.504920,0.0443
1148,1.510139,0.0459
1149,1.508228,0.0318
1150,1.504539,0.0389
1151,1.549522,0.0437
1152,1.632827,0.0453
1153,1.691955,0.0453
1154,1.724375,0.0449
1155,1.720713,0.0424
1156,1.690300,0.0443
1157,1.656590,0.0329
1158,1.626050,0.0460
1159,1.586372,0.0347
1160,1.557905,0.0458
1161,1.542417,0.0455
1162,1.549854,0.0457
1163,1.553526,0.0451
1164,1.552150,0.0373
1165,1.551831,0.0407
1166,1.543632,0.0446
1167,1.543955,0.0452
1168,1.580907,0.0383
1169,1.620090,0.0459
1170,1.647018,0.0476
1171,1.662399,0.0452
1172,1.662294,0.0360
1173,1.655439,0.0456
1174,1.641980,0.0456
1175,1.622861,0.0489
1176,1.597556,0.0467
1177,1.569642,0.0386
1178,1.550925,0.0453
1179,1.550745,0.0290
1180,1.565064,0.0455
1181,1.575684,0.0449
1182,1.576210,0.0454
1183,1.577991,0.0460
1184,1.571551,0.0455
1185,1.561495,0.0451
1186,1.560091,0.0304
1187,1.557290,0.0375
1188,1.545430,0.0445
1189,1.567898,0.0446
1190,1.601784,0.0453
1191,1.599739,0.0457
1192,1.586460,0.0451
1193,1.583953,0.0439
1194,1.590535,0.0397
1195,1.596775,0.0451
1196,1.593129,0.0384
1197,1.582958,0.0451
1198,1.570240,0.0455
1199,1.560867,0.0470
1200,1.559605,0.0470
1201,1.553653,0.0286
1202,1.542206,0.0462
1203,1.541304,0.0432
1204,1.558058,0.0450
1205,1.577079,0.0379
1206,1.591952,0.0452
1207,1.597004,0.0461
1208,1.596657,0.0430
1209,1.586356,0.0370
1210,1.577961,0.0448
1211,1.568398,0.0448
1212,1.557726,0.0450
1213,1.544716,0.0464
1214,1.530841,0.0398
1215,1.538542,0.0450
1216,1.557470,0.0300
1217,1.566858,0.0449
1218,1.582162,0.0470
1219,1.588326,0.0481
1220,1.586061,0.0460
1221,1.569358,0.0449
1222,1.551226,0.0452
1223,1.537785,0.0290
1224,1.530378,0.0394
1225,1.525882,0.0458
1226,1.525325,0.0458
1227,1.522361,0.0454
1228,1.515581,0.0472
1229,1.513205,0.0485
1230,1.511190,0.0375
1231,1.513237,0.0408
1232,1.513911,0.0444
1233,1.512896,0.0413
1234,1.510445,0.0452
1235,1.515162,0.0460
1236,1.525492,0.0474
1237,1.545226,0.0422
1238,1.567137,0.0342
1239,1.567622,0.0434
1240,1.548165,0.0447
1241,1.522443,0.0445
1242,1.508651,0.0411
1243,1.505296,0.0457
1244,1.502889,0.0461
1245,1.500417,0.0326
1246,1.491945,0.0450
1247,1.484412,0.0439
1248,1.477807,0.0462
1249,1.470520,0.0454
1250,1.464777,0.0438
1251,1.465997,0.0439
1252,1.471394,0.0397
1253,1.467461,0.0387
1254,1.467178,0.0447
1255,1.475210,0.0449
1256,1.487695,0.0451
1257,1.497666,0.0461
1258,1.510975,0.0456
1259,1.513648,0.0398
1260,1.514970,0.0323
1261,1.507475,0.0449
1262,1.507755,0.0446
1263,1.512164,0.0435
1264,1.507365,0.0449
1265,1.494242,0.0457
1266,1.480071,0.0473
1267,1.477615,0.0294
1268,1.476512,0.0455
1269,1.476014,0.0397
1270,1.473445,0.0419
1271,1.470129,0.0449
1272,1.462800,0.0463
1273,1.488085,0.0457
1274,1.541605,0.0417
1275,1.576939,0.0359
1276,1.592268,0.0438
1277,1.589071,0.0454
1278,1.569600,0.0439
1279,1.541115,0.0392
1280,1.511949,0.0448
1281,1.514650,0.0447
1282,1.571913,0.0342
1283,1.629177,0.0405
1284,1.667980,0.0445
1285,1.710281,0.0428
1286,1.759359,0.0456
1287,1.800705,0.0454
1288,1.814250,0.0373
1289,1.799658,0.0448
1290,1.764062,0.0315
1291,1.711564,0.0445
1292,1.661505,0.0438
1293,1.616631,0.0446
1294,1.583050,0.0436
1295,1.560271,0.0449
1296,1.552113,0.0458
1297,1.549592,0.0345
1298,1.538144,0.0306
1299,1.536068,0.0443
1300,1.534145,0.0434
1301,1.526879,0.0454
1302,1.517424,0.0472
1303,1.522495,0.0452
1304,1.527223,0.0465
1305,1.532578,0.0292
1306,1.526558,0.0461
1307,1.505127,0.0385
1308,1.498204,0.0434
1309,1.504308,0.0447
1310,1.510193,0.0460
1311,1.506591,0.0452
1312,1.506328,0.0392
1313,1.501703,0.0394
1314,1.482558,0.0441
1315,1.481333,0.0447
1316,1.480640,0.0385
1317,1.490787,0.0432
1318,1.494067,0.0450
1319,1.488005,0.0468
1320,1.492217,0.0297
1321,1.478902,0.0452
1322,1.481124,0.0437
1323,1.539862,0.0449
1324,1.653319,0.0460
1325,1.727230,0.0408
1326,1.766660,0.0422
1327,1.761233,0.0405
1328,1.745029,0.0370
1329,1.712584,0.0444
1330,1.673958,0.0449
1331,1.643662,0.0469
1332,1.625384,0.0461
1333,1.590833,0.0447
1334,1.549691,0.0384
1335,1.524626,0.0328
1336,1.504525,0.0467
1337,1.492123,0.0446
1338,1.497530,0.0477
1339,1.499748,0.0481
1340,1.507459,0.0452
1341,1.505186,0.0420
1342,1.503497,0.0388
1343,1.497718,0.0440
1344,1.491097,0.0373
1345,1.492599,0.0452
1346,1.517893,0.0472
1347,1.555169,0.0452
1348,1.578853,0.0449
1349,1.584988,0.0320
1350,1.574452,0.0456
1351,1.552983,0.0452
1352,1.521415,0.0466
1353,1.497756,0.0373
1354,1.485530,0.0461
1355,1.479924,0.0463
1356,1.479464,0.0384
1357,1.483901,0.0397
1358,1.486708,0.0444
1359,1.488733,0.0447
1360,1.479146,0.0456
1361,1.473828,0.0456
1362,1.466619,0.0383
1363,1.466937,0.0445
1364,1.462703,0.0280
1365,1.458964,0.0456
1366,1.447968,0.0461
1367,1.460169,0.0449
1368,1.481985,0.0467
1369,1.492685,0.0470
1370,1.500215,0.0442
1371,1.500746,0.0315
1372,1.499315,0.0416
1373,1.504145,0.0448
1374,1.501684,0.0451
1375,1.478926,0.0450
1376,1.468496,0.0474
1377,1.460351,0.0458
1378,1.458379,0.0317
1379,1.463060,0.0442
1380,1.457174,0.0408
1381,1.464247,0.0419
1382,1.463246,0.0447
1383,1.462805,0.0449
1384,1.458010,0.0438
1385,1.454186,0.0442
1386,1.453551,0.0363
1387,1.455722,0.0458
1388,1.437550,0.0440
1389,1.457412,0.0438
1390,1.458820,0.0410
1391,1.478329,0.0434
1392,1.484693,0.0454
1393,1.530759,0.0352
1394,1.586870,0.0399
1395,1.628471,0.0451
1396,1.646207,0.0475
1397,1.669834,0.0472
1398,1.647501,0.0454
1399,1.623283,0.0427
1400,1.593926,0.0408
1401,1.594916,0.0392
1402,1.594274,0.0455
1403,1.590116,0.0454
1404,1.585744,0.0450
1405,1.557864,0.0449
1406,1.544970,0.0478
1407,1.524663,0.0376
1408,1.519396,0.0312
1409,1.505561,0.0415
1410,1.501825,0.0439
1411,1.490044,0.0428
1412,1.482752,0.0442
1413,1.497126,0.0439
1414,1.506993,0.0436
1415,1.498501,0.0327
1416,1.508678,0.0412
1417,1.527833,0.0405
1418,1.532459,0.0394
1419,1.537308,0.0451
1420,1.545013,0.0425
1421,1.547951,0.0466
1422,1.560719,0.0476
1423,1.560895,0.0350
1424,1.553582,0.0480
1425,1.538536,0.0491
1426,1.498717,0.0421
1427,1.506627,0.0475
1428,1.512640,0.0513
1429,1.526271,0.0446
1430,1.528433,0.0406
1431,1.530114,0.0508
1432,1.566228,0.0488
1433,1.600511,0.0511
1434,1.596281,0.0419
1435,1.567340,0.0460
1436,1.549762,0.0379
1437,1.544922,0.0436
1438,1.521604,0.0509
1439,1.505039,0.0493
1440,1.485343,0.0512
1441,1.474496,0.0505
1442,1.482430,0.0434
1443,1.489789,0.0346
1444,1.483165,0.0490
1445,1.487197,0.0516
1446,1.469624,0.0504
1447,1.480671,0.0506
1448,1.480349,0.0504
1449,1.479710,0.0341
1450,1.480103,0.0505
1451,1.484482,0.0388
1452,1.479185,0.0468
1453,1.458223,0.0508
1454,1.442654,0.0502
1455,1.441287,0.0497
1456,1.439435,0.0297
1457,1.451733,0.0497
1458,1.459873,0.0521
1459,1.467893,0.0450
1460,1.469817,0.0449
1461,1.463716,0.0511
1462,1.461132,0.0477
1463,1.460333,0.0374
1464,1.452384,0.0493
1465,1.438966,0.0462
1466,1.431050,0.0473
1467,1.434870,0.0506
1468,1.444845,0.0423
1469,1.446403,0.0443
1470,1.440803,0.0388
1471,1.435753,0.0502
1472,1.472750,0.0514
1473,1.526207,0.0503
1474,1.567728,0.0501
1475,1.596229,0.0479
1476,1.595322,0.0331
1477,1.582811,0.0407
1478,1.584978,0.0472
1479,1.608198,0.0509
1480,1.628193,0.0482
1481,1.631564,0.0510
1482,1.629385,0.0443
1483,1.619970,0.0358
1484,1.621685,0.0474
1485,1.604085,0.0390
1486,1.577681,0.0476
1487,1.553756,0.0519
1488,1.525497,0.0501
1489,1.509079,0.0463
1490,1.498793,0.0377
1491,1.483565,0.0493
1492,1.475508,0.0480
1493,1.475713,0.0403
1494,1.500592,0.0515
1495,1.516641,0.0483
1496,1.528817,0.0415
1497,1.534671,0.0422
1498,1.534149,0.0509
1499,1.525919,0.0503
1500,1.509771,0.0510
1501,1.501575,0.0402
1502,1.490873,0.0472
1503,1.487004,0.0369
1504,1.500104,0.0464
1505,1.510728,0.0503
1506,1.561543,0.0489
1507,1.594221,0.0504
1508,1.585836,0.0502
1509,1.589783,0.0425
1510,1.575365,0.0336
1511,1.565919,0.0473
1512,1.548855,0.0518
1513,1.545957,0.0487
1514,1.525873,0.0471
1515,1.518198,0.0492
1516,1.546544,0.0390
1517,1.555373,0.0433
1518,1.573101,0.0447
1519,1.573014,0.0458
1520,1.566535,0.0488
1521,1.554262,0.0490
1522,1.537028,0.0498
1523,1.519665,0.0341
1524,1.510270,0.0474
1525,1.508284,0.0470
1526,1.492878,0.0481
1527,1.479249,0.0410
1528,1.466537,0.0456
1529,1.462455,0.0471
1530,1.447232,0.0352
1531,1.430412,0.0478
1532,1.431146,0.0479
1533,1.438878,0.0479
1534,1.445804,0.0475
1535,1.445338,0.0384
1536,1.448992,0.0486
1537,1.450799,0.0347
1538,1.445277,0.0477
1539,1.442077,0.0472
1540,1.417389,0.0484
1541,1.423031,0.0495
1542,1.415801,0.0478
1543,1.404460,0.0426
1544,1.397516,0.0334
1545,1.411696,0.0470
1546,1.446121,0.0479
1547,1.464858,0.0491
1548,1.474294,0.0517
1549,1.471241,0.0477
1550,1.470835,0.0375
1551,1.462817,0.0416
1552,1.465242,0.0455
1553,1.460130,0.0430
1554,1.458629,0.0493
1555,1.477568,0.0487
1556,1.509797,0.0481
1557,1.521821,0.0377
1558,1.536936,0.0431
1559,1.520741,0.0482
1560,1.499449,0.0475
1561,1.490783,0.0392
1562,1.476443,0.0510
1563,1.484546,0.0491
1564,1.496566,0.0376
1565,1.501911,0.0451
1566,1.506642,0.0504
1567,1.514520,0.0485
1568,1.511779,0.0517
1569,1.504436,0.0400
1570,1.520743,0.0477
1571,1.523983,0.0329
1572,1.521794,0.0482
1573,1.508241,0.0509
1574,1.506898,0.0486
1575,1.509112,0.0512
1576,1.496444,0.0481
1577,1.486069,0.0373
1578,1.465393,0.0332
1579,1.467197,0.0478
1580,1.455152,0.0473
1581,1.451968,0.0483
1582,1.441470,0.0486
1583,1.427208,0.0489
1584,1.439947,0.0395
1585,1.485843,0.0436
1586,1.521956,0.0449
1587,1.532453,0.0429
1588,1.528431,0.0469
1589,1.508076,0.0484
1590,1.489102,0.0492
1591,1.470646,0.0373
1592,1.464388,0.0429
1593,1.463872,0.0473
1594,1.454407,0.0491
1595,1.436006,0.0411
1596,1.434145,0.0472
1597,1.432902,0.0475
1598,1.437991,0.0395
1599,1.441579,0.0451
1600,1.443900,0.0482
1601,1.439054,0.0480
1602,1.429227,0.0497
1603,1.422811,0.0387
1604,1.408492,0.0484
1605,1.407218,0.0352
1606,1.408274,0.0477
1607,1.410721,0.0475
1608,1.418868,0.0490
1609,1.426319,0.0477
1610,1.426086,0.0470
1611,1.415495,0.0432
1612,1.391032,0.0320
1613,1.410565,0.0441
1614,1.411793,0.0459
1615,1.415150,0.0474
1616,1.422627,0.0472
1617,1.427426,0.0501
1618,1.436204,0.0469
1619,1.432032,0.0364
1620,1.425905,0.0480
1621,1.421167,0.0388
1622,1.418615,0.0459
1623,1.397250,0.0472
1624,1.412636,0.0474
1625,1.407478,0.0486
1626,1.406136,0.0350
1627,1.398745,0.0475
1628,1.397361,0.0470
1629,1.435954,0.0452
1630,1.469010,0.0443
1631,1.521575,0.0469
1632,1.645959,0.0476
1633,1.717826,0.0348
1634,1.753929,0.0477
1635,1.755916,0.0487
1636,1.738093,0.0495
1637,1.713598,0.0499
1638,1.666712,0.0402
1639,1.616111,0.0472
1640,1.573833,0.0331
1641,1.538088,0.0469
1642,1.512677,0.0469
1643,1.528044,0.0486
1644,1.527836,0.0497
1645,1.531934,0.0513
1646,1.532770,0.0370
1647,1.542614,0.0361
1648,1.534660,0.0479
1649,1.535158,0.0490
1650,1.522124,0.0480
1651,1.504432,0.0475
1652,1.490763,0.0477
1653,1.500599,0.0367
1654,1.501249,0.0441
1655,1.476637,0.0438
1656,1.458601,0.0452
1657,1.444377,0.0508
1658,1.432162,0.0468
1659,1.425118,0.0514
1660,1.428993,0.0339
1661,1.424687,0.0487
1662,1.417314,0.0490
1663,1.413407,0.0465
1664,1.404218,0.0437
1665,1.413026,0.0489
1666,1.416047,0.0495
1667,1.412056,0.0375
1668,1.420077,0.0472
1669,1.420244,0.0475
1670,1.431934,0.0514
1671,1.433783,0.0469
1672,1.427411,0.0439
1673,1.426986,0.0417
1674,1.413450,0.0416
1675,1.416380,0.0488
1676,1.415261,0.0494
1677,1.404981,0.0511
1678,1.401488,0.0486
1679,1.385811,0.0475
1680,1.382299,0.0339
1681,1.374460,0.0487
1682,1.359374,0.0488
1683,1.368355,0.0488
1684,1.362590,0.0486
1685,1.356692,0.0490
1686,1.353662,0.0405
1687,1.358721,0.0428
1688,1.357863,0.0462
1689,1.366297,0.0419
1690,1.379553,0.0473
1691,1.386738,0.0486
1692,1.389109,0.0499
1693,1.385210,0.0382
1694,1.376140,0.0432
1695,1.373022,0.0463
1696,1.373075,0.0506
1697,1.370756,0.0399
1698,1.370310,0.0474
1699,1.368798,0.0516
1700,1.371298,0.0380
1701,1.376248,0.0438
1702,1.374282,0.0483
1703,1.373201,0.0477
1704,1.366698,0.0495
1705,1.360408,0.0397
1706,1.363081,0.0466
1707,1.369749,0.0368
1708,1.383155,0.0450
1709,1.390000,0.0479
1710,1.398945,0.0520
1711,1.400626,0.0517
1712,1.405328,0.0503
1713,1.394624,0.0423
1714,1.403069,0.0344
1715,1.400490,0.0509
1716,1.403664,0.0498
1717,1.397088,0.0508
1718,1.426993,0.0508
1719,1.436747,0.0504
1720,1.444504,0.0357
1721,1.439264,0.0509
1722,1.436959,0.0389
1723,1.425290,0.0471
1724,1.415754,0.0495
1725,1.412482,0.0518
1726,1.418609,0.0511
1727,1.417834,0.0371
1728,1.425872,0.0513
1729,1.431396,0.0509
1730,1.433459,0.0400
1731,1.434195,0.0510
1732,1.444270,0.0499
1733,1.442901,0.0418
1734,1.440389,0.0443
1735,1.426291,0.0511
1736,1.434798,0.0517
1737,1.424106,0.0508
1738,1.424224,0.0407
1739,1.413274,0.0504
1740,1.398621,0.0357
1741,1.433143,0.0474
1742,1.500454,0.0510
1743,1.544571,0.0493
1744,1.561515,0.0513
1745,1.534940,0.0518
1746,1.493833,0.0396
1747,1.443050,0.0347
1748,1.424896,0.0513
1749,1.451701,0.0513
1750,1.472404,0.0510
1751,1.497489,0.0502
1752,1.503869,0.0506
1753,1.495014,0.0334
1754,1.491914,0.0500
1755,1.491096,0.0406
1756,1.494832,0.0521
1757,1.483073,0.0482
1758,1.468855,0.0528
1759,1.481429,0.0492
1760,1.471090,0.0401
1761,1.455632,0.0514
1762,1.464594,0.0512
1763,1.465225,0.0423
1764,1.472846,0.0511
1765,1.485378,0.0511
1766,1.488295,0.0401
1767,1.484957,0.0466
1768,1.487635,0.0517
1769,1.467661,0.0517
1770,1.471313,0.0527
1771,1.468233,0.0426
1772,1.461752,0.0504
1773,1.455500,0.0340
1774,1.443384,0.0504
1775,1.432921,0.0519
1776,1.426970,0.0528
1777,1.429074,0.0519
1778,1.424761,0.0538
1779,1.423088,0.0338
1780,1.417506,0.0466
1781,1.419470,0.0493
1782,1.407406,0.0515
1783,1.386550,0.0511
1784,1.395766,0.0509
1785,1.387611,0.0428
1786,1.394415,0.0420
1787,1.380763,0.0482
1788,1.379556,0.0469
1789,1.381817,0.0500
1790,1.372214,0.0515
1791,1.368341,0.0524
1792,1.369629,0.0358
1793,1.349841,0.0508
1794,1.345473,0.0507
1795,1.371736,0.0461
1796,1.377145,0.0466
1797,1.374837,0.0505
1798,1.378885,0.0488
1799,1.396302,0.0410
1800,1.402899,0.0505
1801,1.395800,0.0524
1802,1.385994,0.0513
1803,1.385584,0.0439
1804,1.374043,0.0499
1805,1.365995,0.0372
1806,1.359363,0.0454
1807,1.360046,0.0507
1808,1.368335,0.0519
1809,1.383428,0.0450
1810,1.388931,0.0533
1811,1.405212,0.0471
1812,1.412968,0.0348
1813,1.416528,0.0494
1814,1.412212,0.0500
1815,1.403917,0.0509
1816,1.405176,0.0521
1817,1.398935,0.0551
1818,1.404056,0.0367
1819,1.410388,0.0520
1820,1.416353,0.0378
1821,1.418798,0.0510
1822,1.415848,0.0515
1823,1.409268,0.0531
1824,1.397925,0.0468
1825,1.384449,0.0426
1826,1.358991,0.0499
1827,1.358165,0.0519
1828,1.353838,0.0406
1829,1.370799,0.0527
1830,1.388657,0.0531
1831,1.369453,0.0374
1832,1.355013,0.0503
1833,1.370731,0.0506
1834,1.386760,0.0523
1835,1.362150,0.0535
1836,1.356882,0.0434
1837,1.371757,0.0468
1838,1.358600,0.0404
1839,1.364657,0.0505
1840,1.353718,0.0508
1841,1.371508,0.0513
1842,1.360687,0.0508
1843,1.343096,0.0488
1844,1.350525,0.0350
1845,1.358688,0.0467
1846,1.360486,0.0531
1847,1.359433,0.0538
1848,1.350478,0.0536
1849,1.341842,0.0514
1850,1.338172,0.0377
1851,1.335305,0.0479
1852,1.333840,0.0424
1853,1.337399,0.0477
1854,1.336277,0.0515
1855,1.337948,0.0524
1856,1.330244,0.0515
1857,1.320132,0.0331
1858,1.322602,0.0512
1859,1.321965,0.0510
1860,1.325323,0.0430
1861,1.327667,0.0473
1862,1.329772,0.0518
1863,1.334888,0.0484
1864,1.333870,0.0433
1865,1.330754,0.0503
1866,1.323164,0.0508
1867,1.317993,0.0515
1868,1.306870,0.0424
1869,1.299830,0.0513
1870,1.312386,0.0363
1871,1.331393,0.0515
1872,1.348198,0.0515
1873,1.358779,0.0522
1874,1.362950,0.0512
1875,1.357200,0.0509
1876,1.359430,0.0353
1877,1.353396,0.0408
1878,1.348682,0.0510
1879,1.342249,0.0504
1880,1.334250,0.0487
1881,1.328907,0.0525
1882,1.321984,0.0505
1883,1.321784,0.0379
1884,1.321376,0.0512
1885,1.320014,0.0395
1886,1.323514,0.0505
1887,1.321682,0.0496
1888,1.321148,0.0506
1889,1.323377,0.0455
1890,1.330509,0.0441
1891,1.338317,0.0466
1892,1.354593,0.0503
1893,1.379811,0.0406
1894,1.394933,0.0510
1895,1.389402,0.0507
1896,1.391612,0.0386
1897,1.386825,0.0479
1898,1.375514,0.0494
1899,1.369909,0.0512
1900,1.354554,0.0513
1901,1.341364,0.0393
1902,1.425492,0.0530
1903,1.525668,0.0332
1904,1.556956,0.0501
1905,1.511938,0.0509
1906,1.440042,0.0512
1907,1.394791,0.0506
1908,1.379752,0.0506
1909,1.378331,0.0362
1910,1.379539,0.0379
1911,1.369629,0.0502
1912,1.348762,0.0490
1913,1.340189,0.0508
1914,1.352443,0.0521
1915,1.355765,0.0504
1916,1.351114,0.0359
1917,1.342469,0.0507
1918,1.346888,0.0405
1919,1.343835,0.0511
1920,1.339248,0.0510
1921,1.345492,0.0508
1922,1.348466,0.0453
1923,1.349145,0.0389
1924,1.356458,0.0519
1925,1.360276,0.0514
1926,1.368259,0.0403
1927,1.363885,0.0526
1928,1.367771,0.0512
1929,1.366044,0.0409
1930,1.360401,0.0447
1931,1.356986,0.0480
1932,1.344105,0.0523
1933,1.347939,0.0521
1934,1.347622,0.0419
1935,1.395635,0.0510
1936,1.453705,0.0368
1937,1.478461,0.0493
1938,1.481210,0.0490
1939,1.478247,0.0521
1940,1.455143,0.0530
1941,1.436505,0.0532
1942,1.408503,0.0388
1943,1.391399,0.0426
1944,1.377096,0.0515
1945,1.369147,0.0521
1946,1.353879,0.0519
1947,1.351508,0.0522
1948,1.353176,0.0520
1949,1.353109,0.0415
1950,1.353186,0.0514
1951,1.357211,0.0485
1952,1.361135,0.0527
1953,1.362596,0.0553
1954,1.358657,0.0552
1955,1.344946,0.0378
1956,1.345463,0.0526
1957,1.345659,0.0517
1958,1.341491,0.0435
1959,1.329547,0.0523
1960,1.318451,0.0520
1961,1.327094,0.0445
1962,1.336581,0.0458
1963,1.340506,0.0521
1964,1.340728,0.0549
1965,1.336831,0.0522
1966,1.332284,0.0433
1967,1.328769,0.0520
1968,1.325920,0.0344
1969,1.323439,0.0530
1970,1.310098,0.0514
1971,1.295322,0.0509
1972,1.284892,0.0515
1973,1.296915,0.0513
1974,1.317062,0.0356
1975,1.332097,0.0461
1976,1.349576,0.0514
1977,1.362122,0.0522
1978,1.371060,0.0534
1979,1.372439,0.0541
1980,1.365811,0.0419
1981,1.359747,0.0480
1982,1.356034,0.0443
1983,1.346246,0.0491
1984,1.333625,0.0531
1985,1.313623,0.0520
1986,1.311906,0.0541
1987,1.327535,0.0353
1988,1.334943,0.0523
1989,1.341351,0.0508
1990,1.339637,0.0457
1991,1.337193,0.0455
1992,1.332586,0.0518
1993,1.327437,0.0509
1994,1.319749,0.0409
1995,1.320105,0.0509
1996,1.315671,0.0508
1997,1.321727,0.0519
1998,1.328666,0.0462
1999,1.330124,0.0484
2000,1.329848,0.0417
2001,1.321109,0.0487
2002,1.315183,0.0511
2003,1.309179,0.0518
2004,1.302711,0.0514
2005,1.302298,0.0521
2006,1.309998,0.0430
2007,1.317532,0.0385
2008,1.318997,0.0513
2009,1.320242,0.0512
2010,1.316054,0.0523
2011,1.320122,0.0551
2012,1.319812,0.0528
2013,1.322085,0.0402
2014,1.322180,0.0517
2015,1.328510,0.0437
2016,1.328301,0.0498
2017,1.321478,0.0525
2018,1.308575,0.0543
2019,1.299995,0.0436
2020,1.301935,0.0473
2021,1.309585,0.0517
2022,1.318588,0.0508
2023,1.313727,0.0466
2024,1.329723,0.0521
2025,1.335250,0.0528
2026,1.352096,0.0402
2027,1.354946,0.0511
2028,1.363470,0.0521
2029,1.374952,0.0534
2030,1.373790,0.0486
2031,1.363106,0.0506
2032,1.357763,0.0404
2033,1.346169,0.0513
2034,1.334409,0.0548
2035,1.327787,0.0518
2036,1.321181,0.0539
2037,1.330381,0.0554
2038,1.330396,0.0364
2039,1.324088,0.0474
2040,1.315612,0.0531
2041,1.309806,0.0515
2042,1.302335,0.0552
2043,1.292335,0.0528
2044,1.294777,0.0439
2045,1.300190,0.0503
2046,1.297734,0.0466
2047,1.300249,0.0568
2048,1.292231,0.0567
2049,1.297135,0.0552
2050,1.306170,0.0441
2051,1.319635,0.0510
2052,1.332343,0.0578
2053,1.330265,0.0488
2054,1.327953,0.0535
2055,1.327940,0.0558
2056,1.331530,0.0438
2057,1.342181,0.0499
2058,1.341738,0.0558
2059,1.337028,0.0570
2060,1.331142,0.0563
2061,1.326096,0.0495
2062,1.320306,0.0444
2063,1.320785,0.0536
2064,1.332052,0.0566
2065,1.343875,0.0572
2066,1.340692,0.0560
2067,1.343144,0.0548
2068,1.342579,0.0371
2069,1.350626,0.0532
2070,1.363073,0.0555
2071,1.371072,0.0557
2072,1.370910,0.0553
2073,1.371030,0.0540
2074,1.374813,0.0447
2075,1.379266,0.0528
2076,1.380679,0.0523
2077,1.463665,0.0580
2078,1.583750,0.0593
2079,1.643938,0.0497
2080,1.647892,0.0491
2081,1.607188,0.0565
2082,1.580033,0.0512
2083,1.541252,0.0541
2084,1.523103,0.0546
2085,1.512086,0.0458
2086,1.492575,0.0474
2087,1.458145,0.0569
2088,1.443152,0.0558
2089,1.436158,0.0558
2090,1.445376,0.0514
2091,1.427642,0.0449
2092,1.437749,0.0518
2093,1.423203,0.0574
2094,1.399479,0.0554
2095,1.451480,0.0529
2096,1.498348,0.0580
2097,1.478782,0.0384
2098,1.442261,0.0497
2099,1.427423,0.0576
2100,1.414984,0.0579
2101,1.405169,0.0549
2102,1.397467,0.0560
2103,1.374434,0.0434
2104,1.365449,0.0542
2105,1.356029,0.0496
2106,1.343593,0.0571
2107,1.344984,0.0573
2108,1.346621,0.0536
2109,1.346602,0.0462
2110,1.332394,0.0581
2111,1.330255,0.0567
2112,1.329690,0.0488
2113,1.322871,0.0576
2114,1.311521,0.0521
2115,1.331738,0.0485
2116,1.336172,0.0566
2117,1.336810,0.0608
2118,1.340119,0.0569
2119,1.339804,0.0504
2120,1.326643,0.0476
2121,1.333546,0.0542
2122,1.333895,0.0573
2123,1.335671,0.0579
2124,1.337685,0.0568
2125,1.345301,0.0551
2126,1.339197,0.0382
2127,1.331247,0.0518
2128,1.323046,0.0572
2129,1.335408,0.0567
2130,1.344424,0.0564
2131,1.351408,0.0545
2132,1.350055,0.0464
2133,1.350099,0.0523
2134,1.362727,0.0527
2135,1.357512,0.0564
2136,1.349802,0.0573
2137,1.352101,0.0523
2138,1.341214,0.0472
2139,1.328109,0.0576
2140,1.320359,0.0549
2141,1.317024,0.0510
2142,1.310118,0.0575
2143,1.319031,0.0488
2144,1.320347,0.0519
2145,1.314997,0.0568
2146,1.321756,0.0566
2147,1.331234,0.0547
2148,1.322917,0.0491
2149,1.309566,0.0456
2150,1.353422,0.0467
2151,1.436022,0.0577
2152,1.493682,0.0579
2153,1.513191,0.0562
2154,1.504912,0.0562
2155,1.485970,0.0391
2156,1.460301,0.0489
2157,1.445588,0.0573
2158,1.431525,0.0566
2159,1.417919,0.0568
2160,1.404176,0.0579
2161,1.385703,0.0417
2162,1.370773,0.0568
2163,1.366327,0.0502
2164,1.357734,0.0566
2165,1.346333,0.0609
2166,1.334386,0.0545
2167,1.324101,0.0466
2168,1.328757,0.0565
2169,1.332941,0.0573
2170,1.332968,0.0526
2171,1.326478,0.0548
2172,1.327346,0.0516
2173,1.325633,0.0475
2174,1.320712,0.0571
2175,1.315472,0.0583
2176,1.309401,0.0575
2177,1.303311,0.0503
2178,1.300270,0.0482
2179,1.286609,0.0511
2180,1.297640,0.0573
2181,1.301270,0.0606
2182,1.304236,0.0581
2183,1.308249,0.0592
2184,1.310039,0.0382
2185,1.312603,0.0551
2186,1.312555,0.0576
2187,1.311061,0.0578
2188,1.307860,0.0577
2189,1.304300,0.0511
2190,1.299744,0.0507
2191,1.298276,0.0495
2192,1.299085,0.0561
2193,1.296681,0.0578
2194,1.294574,0.0588
2195,1.288305,0.0475
2196,1.280149,0.0532
2197,1.272987,0.0566
2198,1.273026,0.0496
2199,1.279197,0.0567
2200,1.280264,0.0599
2201,1.274225,0.0428
2202,1.272987,0.0533
2203,1.277051,0.0596
2204,1.280405,0.0563
2205,1.286399,0.0515
2206,1.287842,0.0526
2207,1.293910,0.0418
2208,1.292533,0.0525
2209,1.287333,0.0581
2210,1.284664,0.0578
2211,1.275704,0.0562
2212,1.285504,0.0555
2213,1.290361,0.0378
2214,1.291840,0.0551
2215,1.292813,0.0579
2216,1.292661,0.0572
2217,1.289436,0.0570
2218,1.286815,0.0508
2219,1.281134,0.0437
2220,1.274590,0.0546
2221,1.293918,0.0498
2222,1.324300,0.0559
2223,1.330038,0.0586
2224,1.317446,0.0538
2225,1.300465,0.0461
2226,1.297809,0.0561
2227,1.299260,0.0567
2228,1.311222,0.0475
2229,1.306048,0.0574
2230,1.298324,0.0511
2231,1.292036,0.0458
2232,1.289835,0.0541
2233,1.294530,0.0578
2234,1.294035,0.0581
2235,1.280444,0.0471
2236,1.286779,0.0533
2237,1.297088,0.0460
2238,1.313635,0.0563
2239,1.328540,0.0581
2240,1.338548,0.0579
2241,1.339274,0.0575
2242,1.332404,0.0410
2243,1.352842,0.0487
2244,1.357081,0.0577
2245,1.357168,0.0558
2246,1.354511,0.0535
2247,1.349949,0.0582
2248,1.346325,0.0394
2249,1.337576,0.0581
2250,1.324108,0.0470
2251,1.321600,0.0575
2252,1.314803,0.0576
2253,1.306871,0.0573
2254,1.299602,0.0410
2255,1.289252,0.0550
2256,1.291505,0.0546
2257,1.289796,0.0495
2258,1.286170,0.0552
2259,1.281111,0.0582
2260,1.276439,0.0414
2261,1.273222,0.0564
2262,1.268289,0.0575
2263,1.259213,0.0573
2264,1.267252,0.0470
2265,1.287531,0.0573
2266,1.327982,0.0401
2267,1.353105,0.0568
2268,1.369738,0.0568
2269,1.376016,0.0566
2270,1.366623,0.0574
2271,1.385497,0.0487
2272,1.386992,0.0414
2273,1.382295,0.0553
2274,1.374321,0.0563
2275,1.366052,0.0587
2276,1.361163,0.0551
2277,1.350572,0.0477
2278,1.341237,0.0510
2279,1.326931,0.0468
2280,1.329760,0.0563
2281,1.327989,0.0553
2282,1.322247,0.0578
2283,1.316241,0.0465
2284,1.309348,0.0523
2285,1.307199,0.0550
2286,1.300807,0.0515
2287,1.288028,0.0527
2288,1.301807,0.0589
2289,1.326803,0.0463
2290,1.355354,0.0560
2291,1.366018,0.0606
2292,1.388212,0.0581
2293,1.395255,0.0513
2294,1.393188,0.0525
2295,1.399008,0.0466
2296,1.395659,0.0538
2297,1.385667,0.0584
2298,1.377708,0.0582
2299,1.368127,0.0611
2300,1.355914,0.0500
2301,1.340051,0.0413
2302,1.327097,0.0555
2303,1.315880,0.0587
2304,1.302306,0.0585
2305,1.286030,0.0608
2306,1.268224,0.0438
2307,1.271283,0.0567
2308,1.284734,0.0454
2309,1.319421,0.0589
2310,1.351475,0.0568
2311,1.376218,0.0577
2312,1.394143,0.0449
2313,1.411910,0.0549
2314,1.416052,0.0563
2315,1.418337,0.0483
2316,1.413159,0.0600
2317,1.404843,0.0587
2318,1.391458,0.0402
2319,1.385576,0.0591
2320,1.374729,0.0578
2321,1.359884,0.0567
2322,1.349313,0.0477
2323,1.333500,0.0615
2324,1.324131,0.0421
2325,1.312519,0.0569
2326,1.300423,0.0571
2327,1.290692,0.0584
2328,1.287166,0.0562
2329,1.280405,0.0454
2330,1.275723,0.0436
2331,1.283988,0.0553
2332,1.302972,0.0585
2333,1.323272,0.0619
2334,1.332376,0.0580
2335,1.332798,0.0427
2336,1.324091,0.0595
2337,1.309579,0.0477
2338,1.303954,0.0558
2339,1.294902,0.0585
2340,1.286465,0.0582
2341,1.278459,0.0401
2342,1.271355,0.0561
2343,1.265619,0.0573
2344,1.265440,0.0470
2345,1.263483,0.0561
2346,1.270248,0.0553
2347,1.284845,0.0421
2348,1.295313,0.0547
2349,1.297873,0.0570
2350,1.293520,0.0580
2351,1.285230,0.0480
2352,1.278311,0.0565
2353,1.269303,0.0404
2354,1.261846,0.0592
2355,1.258854,0.0558
2356,1.253605,0.0581
2357,1.250336,0.0560
2358,1.257652,0.0496
2359,1.259507,0.0402
2360,1.263538,0.0547
2361,1.267159,0.0561
2362,1.266366,0.0582
2363,1.262882,0.0561
2364,1.259210,0.0484
2365,1.254675,0.0516
2366,1.254218,0.0482
2367,1.251865,0.0578
2368,1.250539,0.0577
2369,1.241682,0.0580
2370,1.248958,0.0448
2371,1.252340,0.0500
2372,1.254596,0.0563
2373,1.255260,0.0509
2374,1.252908,0.0533
2375,1.252666,0.0565
2376,1.251838,0.0463
2377,1.249344,0.0523
2378,1.256440,0.0582
2379,1.269674,0.0561
2380,1.287190,0.0543
2381,1.300027,0.0498
2382,1.302073,0.0452
2383,1.308269,0.0518
2384,1.305923,0.0558
2385,1.304037,0.0566
2386,1.298565,0.0589
2387,1.291688,0.0563
2388,1.282645,0.0390
2389,1.284073,0.0524
2390,1.281912,0.0578
2391,1.276945,0.0581
2392,1.271154,0.0578
2393,1.264671,0.0528
2394,1.256031,0.0458
2395,1.247308,0.0515
2396,1.243287,0.0517
2397,1.240796,0.0545
2398,1.244770,0.0550
2399,1.258890,0.0556
2400,1.269239,0.0451
2401,1.273219,0.0565
2402,1.275349,0.0568
2403,1.278433,0.0490
2404,1.284917,0.0579
2405,1.297060,0.0509
2406,1.307839,0.0487
2407,1.320190,0.0582
2408,1.331197,0.0558
2409,1.336083,0.0557
2410,1.337831,0.0491
2411,1.335320,0.0475
2412,1.340017,0.0532
2413,1.341000,0.0574
2414,1.339249,0.0575
2415,1.335170,0.0574
2416,1.326675,0.0563
2417,1.320503,0.0380
2418,1.317079,0.0515
2419,1.309075,0.0561
2420,1.303196,0.0567
2421,1.295685,0.0590
2422,1.289795,0.0549
2423,1.280109,0.0452
2424,1.272682,0.0541
2425,1.260066,0.0517
2426,1.274906,0.0582
2427,1.286274,0.0580
2428,1.300474,0.0523
2429,1.311080,0.0476
2430,1.317667,0.0558
2431,1.317734,0.0555
2432,1.314624,0.0503
2433,1.308405,0.0581
2434,1.295459,0.0488
2435,1.296234,0.0503
2436,1.292310,0.0566
2437,1.284751,0.0566
2438,1.280666,0.0569
2439,1.273127,0.0492
2440,1.265899,0.0466
2441,1.263844,0.0498
2442,1.267167,0.0577
2443,1.271552,0.0580
2444,1.271818,0.0586
2445,1.269056,0.0570
2446,1.272395,0.0378
2447,1.269195,0.0529
2448,1.267848,0.0588
2449,1.263306,0.0577
2450,1.265007,0.0580
2451,1.262106,0.0532
2452,1.255714,0.0449
2453,1.246978,0.0531
2454,1.242020,0.0509
2455,1.237494,0.0577
2456,1.236623,0.0576
2457,1.233465,0.0532
2458,1.229681,0.0458
2459,1.225816,0.0542
2460,1.217841,0.0580
2461,1.221457,0.0473
2462,1.223672,0.0584
2463,1.224835,0.0521
2464,1.223885,0.0473
2465,1.223035,0.0577
2466,1.220634,0.0575
2467,1.218447,0.0557
2468,1.213477,0.0488
2469,1.205965,0.0476
2470,1.201942,0.0516
2471,1.209023,0.0582
2472,1.212438,0.0577
2473,1.216475,0.0558
2474,1.217249,0.0580
2475,1.216623,0.0385
2476,1.212222,0.0519
2477,1.209589,0.0583
2478,1.208104,0.0555
2479,1.202718,0.0583
2480,1.205573,0.0549
2481,1.207102,0.0464
2482,1.208263,0.0527
2483,1.208722,0.0529
2484,1.207505,0.0581
2485,1.205682,0.0577
2486,1.202268,0.0506
2487,1.201094,0.0471
2488,1.200781,0.0559
2489,1.197664,0.0550
2490,1.210134,0.0519
2491,1.216726,0.0568
2492,1.223742,0.0489
2493,1.225479,0.0496
2494,1.226938,0.0556
2495,1.226509,0.0564
2496,1.228942,0.0570
2497,1.230923,0.0506
2498,1.233578,0.0459
2499,1.238955,0.0531
2500,1.241963,0.0578
2501,1.242485,0.0564
2502,1.249743,0.0581
2503,1.254032,0.0558
2504,1.255019,0.0386
2505,1.251439,0.0532
2506,1.247372,0.0566
2507,1.247496,0.0572
2508,1.246947,0.0569
2509,1.244733,0.0531
2510,1.236161,0.0459
2511,1.246119,0.0513
2512,1.251604,0.0491
2513,1.262699,0.0546
2514,1.279893,0.0585
2515,1.294301,0.0549
2516,1.308570,0.0452
2517,1.319981,0.0573
2518,1.322161,0.0572
2519,1.325696,0.0507
2520,1.326053,0.0559
2521,1.325286,0.0537
2522,1.321130,0.0465
2523,1.318060,0.0576
2524,1.314484,0.0570
2525,1.315139,0.0558
2526,1.313568,0.0491
2527,1.309892,0.0512
2528,1.310523,0.0490
2529,1.316606,0.0571
2530,1.321025,0.0577
2531,1.317888,0.0576
2532,1.309282,0.0552
2533,1.299037,0.0405
2534,1.289293,0.0508
2535,1.278876,0.0563
2536,1.275962,0.0574
2537,1.278402,0.0568
2538,1.279446,0.0586
2539,1.278844,0.0412
2540,1.274894,0.0571
2541,1.268788,0.0466
2542,1.258441,0.0569
2543,1.250026,0.0576
2544,1.253135,0.0574
2545,1.254842,0.0403
2546,1.256064,0.0589
2547,1.253348,0.0582
2548,1.254293,0.0487
2549,1.257570,0.0568
2550,1.258575,0.0563
2551,1.258282,0.0415
2552,1.259605,0.0571
2553,1.260129,0.0585
2554,1.254923,0.0587
2555,1.271023,0.0481
2556,1.315268,0.0583
2557,1.365441,0.0420
2558,1.413436,0.0586
2559,1.450855,0.0579
2560,1.476674,0.0581
2561,1.486888,0.0587
2562,1.485595,0.0457
2563,1.468660,0.0450
2564,1.444129,0.0587
2565,1.416235,0.0597
2566,1.389679,0.0588
2567,1.371844,0.0607
2568,1.366553,0.0438
2569,1.365568,0.0572
2570,1.361838,0.0474
2571,1.360990,0.0571
2572,1.351932,0.0580
2573,1.337565,0.0579
2574,1.316150,0.0420
2575,1.294840,0.0578
2576,1.280667,0.0588
2577,1.286820,0.0507
2578,1.322991,0.0578
2579,1.362419,0.0591
2580,1.382685,0.0453
2581,1.392873,0.0564
2582,1.389314,0.0599
2583,1.368940,0.0593
2584,1.351626,0.0515
2585,1.332341,0.0535
2586,1.319800,0.0499
2587,1.315300,0.0560
2588,1.317218,0.0580
2589,1.325350,0.0590
2590,1.330712,0.0600
2591,1.337578,0.0420
2592,1.335130,0.0522
2593,1.334003,0.0577
2594,1.325020,0.0596
2595,1.317076,0.0600
2596,1.313993,0.0563
2597,1.311671,0.0506
2598,1.307747,0.0531
2599,1.303956,0.0597
2600,1.296061,0.0589
2601,1.288477,0.0589
2602,1.279257,0.0443
2603,1.272202,0.0600
2604,1.267885,0.0593
2605,1.265726,0.0516
2606,1.261706,0.0608
2607,1.259646,0.0594
2608,1.254473,0.0519
2609,1.252685,0.0602
2610,1.247563,0.0592
2611,1.238160,0.0584
2612,1.238895,0.0536
2613,1.239995,0.0444
2614,1.237244,0.0584
2615,1.237288,0.0613
2616,1.241054,0.0618
2617,1.237800,0.0601
2618,1.237495,0.0530
2619,1.235013,0.0441
2620,1.237625,0.0586
2621,1.239315,0.0630
2622,1.235997,0.0594
2623,1.236838,0.0559
2624,1.240743,0.0465
2625,1.240583,0.0550
2626,1.241183,0.0488
2627,1.240818,0.0605
2628,1.237226,0.0619
2629,1.235151,0.0595
2630,1.232228,0.0418
2631,1.224594,0.0629
2632,1.222922,0.0585
2633,1.224169,0.0512
2634,1.225040,0.0581
2635,1.224188,0.0560
2636,1.223003,0.0459
2637,1.218331,0.0579
2638,1.216462,0.0587
2639,1.220349,0.0604
2640,1.221524,0.0511
2641,1.218720,0.0569
2642,1.214959,0.0494
2643,1.208115,0.0575
2644,1.217994,0.0608
2645,1.224895,0.0609
2646,1.233083,0.0625
2647,1.234999,0.0409
2648,1.233441,0.0554
2649,1.230808,0.0601
2650,1.223021,0.0596
2651,1.215235,0.0603
2652,1.210548,0.0532
2653,1.205008,0.0535
2654,1.207915,0.0506
2655,1.207953,0.0598
2656,1.208690,0.0583
2657,1.208132,0.0616
2658,1.202055,0.0455
2659,1.200717,0.0600
2660,1.201668,0.0610
2661,1.201926,0.0502
2662,1.201962,0.0591
2663,1.198757,0.0617
2664,1.195119,0.0458
2665,1.190275,0.0583
2666,1.194166,0.0582
2667,1.196902,0.0634
2668,1.195786,0.0513
2669,1.196831,0.0570
2670,1.198723,0.0497
2671,1.199333,0.0608
2672,1.196624,0.0619
2673,1.198540,0.0600
2674,1.194217,0.0622
2675,1.195693,0.0414
2676,1.196535,0.0593
2677,1.194170,0.0631
2678,1.194311,0.0618
2679,1.192097,0.0598
2680,1.197788,0.0491
2681,1.197039,0.0586
2682,1.195529,0.0498
2683,1.196440,0.0610
2684,1.193486,0.0612
2685,1.191624,0.0615
2686,1.190657,0.0440
2687,1.189927,0.0587
2688,1.195316,0.0597
2689,1.211181,0.0523
2690,1.228351,0.0601
2691,1.243181,0.0577
2692,1.250422,0.0496
2693,1.251192,0.0617
2694,1.244836,0.0615
2695,1.233572,0.0588
2696,1.218048,0.0558
2697,1.203128,0.0478
2698,1.206500,0.0610
2699,1.203492,0.0614
2700,1.203181,0.0598
2701,1.201192,0.0611
2702,1.201931,0.0460
2703,1.203526,0.0503
2704,1.207952,0.0587
2705,1.212550,0.0608
2706,1.217593,0.0591
2707,1.223714,0.0591
2708,1.231376,0.0459
2709,1.236293,0.0578
2710,1.245173,0.0528
2711,1.252379,0.0580
2712,1.258771,0.0587
2713,1.265459,0.0577
2714,1.268551,0.0482
2715,1.268346,0.0565
2716,1.262379,0.0582
2717,1.261812,0.0529
2718,1.270569,0.0602
2719,1.272815,0.0526
2720,1.281806,0.0580
2721,1.289100,0.0588
2722,1.286541,0.0604
2723,1.279988,0.0532
2724,1.271050,0.0590
2725,1.262399,0.0459
2726,1.254954,0.0610
2727,1.246103,0.0623
2728,1.237908,0.0613
2729,1.227396,0.0603
2730,1.232571,0.0463
2731,1.235359,0.0516
2732,1.232524,0.0607
2733,1.232398,0.0637
2734,1.228576,0.0643
2735,1.232802,0.0576
2736,1.230447,0.0513
2737,1.229208,0.0533
2738,1.224003,0.0593
2739,1.227180,0.0616
2740,1.229274,0.0614
2741,1.229006,0.0462
2742,1.227499,0.0595
2743,1.221604,0.0612
2744,1.226017,0.0511
2745,1.230443,0.0623
2746,1.232310,0.0593
2747,1.225824,0.0475
2748,1.225789,0.0582
2749,1.219982,0.0595
2750,1.221093,0.0607
2751,1.219211,0.0517
2752,1.218657,0.0512
2753,1.219489,0.0565
2754,1.218060,0.0602
2755,1.213629,0.0607
2756,1.206377,0.0607
2757,1.211056,0.0536
2758,1.212515,0.0458
2759,1.214523,0.0583
2760,1.212505,0.0622
2761,1.210257,0.0637
2762,1.207054,0.0635
2763,1.202781,0.0468
2764,1.195536,0.0559
2765,1.196748,0.0522
2766,1.197688,0.0555
2767,1.199462,0.0590
2768,1.199811,0.0595
2769,1.199747,0.0494
2770,1.200466,0.0612
2771,1.200387,0.0595
2772,1.196046,0.0555
2773,1.189213,0.0607
2774,1.196438,0.0488
2775,1.201226,0.0567
2776,1.204486,0.0634
2777,1.204324,0.0623
2778,1.208857,0.0519
2779,1.211583,0.0572
2780,1.212079,0.0439
2781,1.211230,0.0581
2782,1.216082,0.0583
2783,1.220549,0.0590
2784,1.227468,0.0609
2785,1.229736,0.0489
2786,1.240936,0.0450
2787,1.249389,0.0575
2788,1.254137,0.0624
2789,1.260908,0.0645
2790,1.264999,0.0603
2791,1.263496,0.0461
2792,1.260914,0.0578
2793,1.257111,0.0498
2794,1.258020,0.0583
2795,1.254440,0.0591
2796,1.250582,0.0594
2797,1.240471,0.0471
2798,1.241724,0.0587
2799,1.250373,0.0601
2800,1.254779,0.0533
2801,1.261801,0.0595
2802,1.265497,0.0488
2803,1.273142,0.0551
2804,1.277559,0.0587
2805,1.277597,0.0566
2806,1.277854,0.0581
2807,1.275116,0.0554
2808,1.271844,0.0445
2809,1.261291,0.0582
2810,1.261625,0.0609
2811,1.261253,0.0642
2812,1.256405,0.0624
2813,1.253195,0.0488
2814,1.244004,0.0495
2815,1.249744,0.0618
2816,1.253795,0.0642
2817,1.272571,0.0618
2818,1.282825,0.0604
2819,1.285276,0.0500
2820,1.283029,0.0553
2821,1.276174,0.0570
2822,1.264408,0.0614
2823,1.255618,0.0619
2824,1.256902,0.0499
2825,1.253952,0.0579
2826,1.246783,0.0612
2827,1.236629,0.0527
2828,1.237104,0.0608
2829,1.231498,0.0600
2830,1.226420,0.0460
2831,1.222852,0.0614
2832,1.214352,0.0636
2833,1.221189,0.0623
2834,1.223825,0.0531
2835,1.223510,0.0519
2836,1.227118,0.0564
2837,1.226553,0.0597
2838,1.225523,0.0624
2839,1.225886,0.0626
2840,1.230294,0.0570
2841,1.232105,0.0469
2842,1.232471,0.0619
2843,1.232536,0.0610
2844,1.230711,0.0606
2845,1.228837,0.0617
2846,1.228120,0.0458
2847,1.227809,0.0600
2848,1.228137,0.0523
2849,1.229120,0.0588
2850,1.222611,0.0630
2851,1.218928,0.0558
2852,1.221891,0.0510
2853,1.222566,0.0577
2854,1.214216,0.0566
2855,1.229558,0.0532
2856,1.236566,0.0588
2857,1.237802,0.0503
2858,1.236771,0.0544
2859,1.237498,0.0589
2860,1.236364,0.0591
2861,1.231636,0.0562
2862,1.219929,0.0552
2863,1.226971,0.0449
2864,1.227468,0.0577
2865,1.226227,0.0610
2866,1.221573,0.0587
2867,1.227353,0.0592
2868,1.226528,0.0536
2869,1.224802,0.0456
2870,1.227278,0.0582
2871,1.228001,0.0573
2872,1.227250,0.0566
2873,1.229005,0.0583
2874,1.231989,0.0490
2875,1.232580,0.0537
2876,1.232938,0.0485
2877,1.229296,0.0595
2878,1.228681,0.0627
2879,1.211540,0.0596
2880,1.244360,0.0467
2881,1.255688,0.0592
2882,1.265588,0.0641
2883,1.273206,0.0509
2884,1.273973,0.0581
2885,1.271677,0.0569
2886,1.274277,0.0481
2887,1.276176,0.0585
2888,1.283908,0.0591
2889,1.279314,0.0613
2890,1.273394,0.0524
2891,1.266592,0.0489
2892,1.270311,0.0556
2893,1.270675,0.0581
2894,1.271651,0.0590
2895,1.269580,0.0606
2896,1.273768,0.0560
2897,1.275881,0.0441
2898,1.272623,0.0586
2899,1.270697,0.0611
2900,1.264584,0.0608
2901,1.253126,0.0610
2902,1.269752,0.0476
2903,1.278988,0.0583
2904,1.264725,0.0509
2905,1.274163,0.0584
2906,1.270131,0.0604
2907,1.269612,0.0600
2908,1.278226,0.0487
2909,1.273413,0.0591
2910,1.272246,0.0601
2911,1.266753,0.0547
2912,1.269820,0.0587
2913,1.264943,0.0486
2914,1.263631,0.0553
2915,1.258431,0.0591
2916,1.256661,0.0622
2917,1.251879,0.0531
2918,1.255022,0.0567
2919,1.252944,0.0458
2920,1.258376,0.0579
2921,1.271309,0.0587
2922,1.259355,0.0590
2923,1.270806,0.0598
2924,1.259158,0.0511
2925,1.268180,0.0468
2926,1.268032,0.0582
2927,1.279062,0.0606
2928,1.283305,0.0607
2929,1.295834,0.0610
2930,1.308060,0.0463
2931,1.315872,0.0589
2932,1.319942,0.0527
2933,1.320486,0.0578
2934,1.317235,0.0589
2935,1.311473,0.0561
2936,1.308345,0.0474
2937,1.301924,0.0561
2938,1.297806,0.0578
2939,1.295314,0.0522
2940,1.289445,0.0586
2941,1.279504,0.0540
2942,1.270643,0.0514
2943,1.264732,0.0587
2944,1.259502,0.0591
2945,1.253121,0.0580
2946,1.243768,0.0528
2947,1.235534,0.0467
2948,1.223123,0.0569
2949,1.214429,0.0602
2950,1.212213,0.0579
2951,1.218263,0.0590
2952,1.220131,0.0551
2953,1.219503,0.0441
2954,1.220257,0.0586
2955,1.222995,0.0612
2956,1.227660,0.0606
2957,1.233329,0.0616
2958,1.239231,0.0473
2959,1.245411,0.0579
2960,1.250217,0.0500
2961,1.250415,0.0580
2962,1.247796,0.0586
2963,1.246084,0.0576
2964,1.245080,0.0447
2965,1.242330,0.0579
2966,1.239293,0.0589
2967,1.236639,0.0501
2968,1.230586,0.0585
2969,1.221763,0.0607
2970,1.223997,0.0471
2971,1.220867,0.0602
2972,1.224110,0.0632
2973,1.223444,0.0621
2974,1.221300,0.0539
2975,1.217180,0.0461
2976,1.214268,0.0581
2977,1.212735,0.0632
2978,1.211708,0.0595
2979,1.208820,0.0596
2980,1.205112,0.0523
2981,1.201729,0.0453
2982,1.198157,0.0614
2983,1.193015,0.0640
2984,1.189499,0.0655
2985,1.185268,0.0630
2986,1.179519,0.0459
2987,1.173752,0.0594
2988,1.178111,0.0540
2989,1.183055,0.0621
2990,1.183644,0.0610
2991,1.183686,0.0518
2992,1.181775,0.0574
2993,1.179949,0.0601
2994,1.177400,0.0526
2995,1.174745,0.0598
2996,1.169699,0.0583
2997,1.168017,0.0461
2998,1.172159,0.0616
2999,1.173024,0.0610
3000,1.170527,0.0614
3001,1.168892,0.0531
3002,1.167701,0.0597
3003,1.168876,0.0504
3004,1.166153,0.0607
3005,1.163935,0.0614
3006,1.163368,0.0625
3007,1.159737,0.0618
3008,1.159759,0.0417
3009,1.163131,0.0616
3010,1.166328,0.0622
3011,1.166418,0.0615
3012,1.165784,0.0626
3013,1.164945,0.0494
3014,1.165698,0.0597
3015,1.163862,0.0502
3016,1.162750,0.0594
3017,1.160312,0.0627
3018,1.160237,0.0595
3019,1.159155,0.0445
3020,1.161068,0.0579
3021,1.168120,0.0591
3022,1.169606,0.0505
3023,1.174026,0.0582
3024,1.178835,0.0575
3025,1.180643,0.0451
3026,1.182040,0.0576
3027,1.181185,0.0602
3028,1.182855,0.0579
3029,1.182423,0.0504
3030,1.181680,0.0552
3031,1.178968,0.0490
3032,1.177103,0.0587
3033,1.171052,0.0591
3034,1.172891,0.0592
3035,1.177156,0.0607
3036,1.178815,0.0432
3037,1.179804,0.0549
3038,1.175393,0.0581
3039,1.177669,0.0583
3040,1.177604,0.0592
3041,1.176473,0.0563
3042,1.175876,0.0501
3043,1.173501,0.0505
3044,1.178985,0.0549
3045,1.183375,0.0582
3046,1.184904,0.0575
3047,1.188493,0.0524
3048,1.190703,0.0506
3049,1.190922,0.0571
3050,1.189830,0.0553
3051,1.187779,0.0527
3052,1.188097,0.0582
3053,1.185459,0.0502
3054,1.181368,0.0542
3055,1.178274,0.0591
3056,1.176191,0.0613
3057,1.183070,0.0553
3058,1.183161,0.0562
3059,1.182674,0.0465
3060,1.183414,0.0583
3061,1.182757,0.0598
3062,1.179361,0.0581
3063,1.186291,0.0592
3064,1.188264,0.0495
3065,1.188021,0.0470
3066,1.187477,0.0599
3067,1.186265,0.0624
3068,1.183341,0.0633
3069,1.180358,0.0579
3070,1.177436,0.0446
3071,1.174600,0.0587
3072,1.173945,0.0515
3073,1.174250,0.0572
3074,1.173556,0.0590
3075,1.172798,0.0608
3076,1.172055,0.0449
3077,1.170230,0.0587
3078,1.167869,0.0602
3079,1.165512,0.0529
3080,1.164051,0.0589
3081,1.162311,0.0542
3082,1.154564,0.0520
3083,1.154803,0.0596
3084,1.155205,0.0597
3085,1.157603,0.0570
3086,1.157872,0.0549
3087,1.156900,0.0482
3088,1.154216,0.0575
3089,1.155406,0.0606
3090,1.156150,0.0628
3091,1.161596,0.0597
3092,1.164882,0.0483
3093,1.164997,0.0499
3094,1.163629,0.0622
3095,1.156436,0.0633
3096,1.166335,0.0597
3097,1.169187,0.0598
3098,1.167985,0.0475
3099,1.179583,0.0559
3100,1.183226,0.0525
3101,1.186321,0.0607
3102,1.186847,0.0641
3103,1.188486,0.0513
3104,1.189904,0.0549
3105,1.190477,0.0599
3106,1.190521,0.0524
3107,1.184907,0.0600
3108,1.181940,0.0611
3109,1.182523,0.0464
3110,1.182432,0.0593
3111,1.179908,0.0610
3112,1.177060,0.0627
3113,1.173113,0.0527
3114,1.171803,0.0547
3115,1.169907,0.0522
3116,1.163533,0.0630
3117,1.167325,0.0613
3118,1.168936,0.0642
3119,1.167606,0.0532
3120,1.170023,0.0431
3121,1.171662,0.0594
3122,1.173233,0.0630
3123,1.172863,0.0611
3124,1.173155,0.0601
3125,1.172084,0.0460
3126,1.170786,0.0613
3127,1.170388,0.0539
3128,1.168266,0.0623
3129,1.166129,0.0599
3130,1.166561,0.0562
3131,1.166445,0.0506
3132,1.166153,0.0598
3133,1.162983,0.0558
3134,1.162172,0.0576
3135,1.161042,0.0590
3136,1.160268,0.0469
3137,1.161924,0.0569
3138,1.162205,0.0607
3139,1.162424,0.0611
3140,1.161967,0.0520
3141,1.165910,0.0591
3142,1.165689,0.0484
3143,1.171185,0.0613
3144,1.175074,0.0614
3145,1.176982,0.0595
3146,1.178874,0.0610
3147,1.177804,0.0461
3148,1.175724,0.0528
3149,1.173648,0.0608
3150,1.169222,0.0600
3151,1.164432,0.0638
3152,1.164546,0.0558
3153,1.162944,0.0512
3154,1.163778,0.0511
3155,1.164438,0.0584
3156,1.165202,0.0638
3157,1.163111,0.0625
3158,1.156320,0.0462
3159,1.162182,0.0584
3160,1.159489,0.0593
3161,1.155293,0.0502
3162,1.160018,0.0593
3163,1.163076,0.0605
3164,1.161958,0.0460
3165,1.162657,0.0604
3166,1.164155,0.0635
3167,1.166511,0.0632
3168,1.167329,0.0507
3169,1.168046,0.0515
3170,1.167718,0.0539
3171,1.166858,0.0626
3172,1.164124,0.0612
3173,1.162947,0.0616
3174,1.161560,0.0571
3175,1.162177,0.0413
3176,1.161751,0.0599
3177,1.161591,0.0630
3178,1.161440,0.0625
3179,1.160274,0.0624
3180,1.160124,0.0459
3181,1.161047,0.0578
3182,1.159066,0.0496
3183,1.155836,0.0583
3184,1.152241,0.0592
3185,1.150580,0.0589
3186,1.153589,0.0442
3187,1.154936,0.0581
3188,1.155569,0.0588
3189,1.154295,0.0514
3190,1.152812,0.0595
3191,1.150437,0.0620
3192,1.149898,0.0489
3193,1.149650,0.0563
3194,1.150984,0.0582
3195,1.151078,0.0631
3196,1.147584,0.0516
3197,1.149585,0.0510
3198,1.149880,0.0503
3199,1.145358,0.0578
3200,1.152869,0.0574
3201,1.155570,0.0592
3202,1.157948,0.0581
3203,1.159730,0.0431
3204,1.158443,0.0521
3205,1.158658,0.0585
3206,1.158521,0.0598
3207,1.157616,0.0607
3208,1.156417,0.0573
3209,1.153310,0.0469
3210,1.156939,0.0560
3211,1.158312,0.0534
3212,1.159550,0.0573
3213,1.160404,0.0586
3214,1.159799,0.0546
3215,1.158455,0.0485
3216,1.156399,0.0580
3217,1.153996,0.0590
3218,1.150317,0.0540
3219,1.147872,0.0587
3220,1.141579,0.0502
3221,1.136706,0.0537
3222,1.144562,0.0583
3223,1.146129,0.0585
3224,1.146816,0.0555
3225,1.145693,0.0537
3226,1.154625,0.0461
3227,1.158669,0.0565
3228,1.164319,0.0627
3229,1.167466,0.0617
3230,1.167968,0.0598
3231,1.169286,0.0528
3232,1.170830,0.0456
3233,1.171185,0.0580
3234,1.170671,0.0579
3235,1.166176,0.0584
3236,1.168460,0.0606
3237,1.168571,0.0465
3238,1.164485,0.0550
3239,1.158230,0.0492
3240,1.160055,0.0590
3241,1.154573,0.0616
3242,1.151114,0.0630
3243,1.144549,0.0455
3244,1.149183,0.0563
3245,1.150625,0.0595
3246,1.150234,0.0522
3247,1.145135,0.0597
3248,1.149778,0.0583
3249,1.153921,0.0448
3250,1.154751,0.0572
3251,1.154576,0.0591
3252,1.155137,0.0603
3253,1.155844,0.0520
3254,1.157151,0.0547
3255,1.157316,0.0507
3256,1.157252,0.0589
3257,1.155330,0.0603
3258,1.148848,0.0633
3259,1.157715,0.0606
3260,1.161366,0.0411
3261,1.164649,0.0580
3262,1.165856,0.0596
3263,1.166167,0.0603
3264,1.166422,0.0619
3265,1.163174,0.0526
3266,1.161321,0.0583
3267,1.157507,0.0470
3268,1.158624,0.0622
3269,1.159285,0.0621
3270,1.159464,0.0649
3271,1.158340,0.0479
3272,1.158344,0.0631
3273,1.157361,0.0620
3274,1.156568,0.0530
3275,1.155174,0.0597
3276,1.153190,0.0575
3277,1.147320,0.0507
3278,1.145574,0.0609
3279,1.146923,0.0627
3280,1.145413,0.0610
3281,1.144783,0.0567
3282,1.138862,0.0462
3283,1.138122,0.0625
3284,1.134747,0.0657
3285,1.136901,0.0631
3286,1.148311,0.0613
3287,1.152378,0.0457
3288,1.156437,0.0568
3289,1.158857,0.0601
3290,1.161267,0.0606
3291,1.163188,0.0611
3292,1.163526,0.0537
3293,1.162750,0.0547
3294,1.161369,0.0512
3295,1.162373,0.0594
3296,1.160997,0.0596
3297,1.161176,0.0624
3298,1.159472,0.0457
3299,1.159455,0.0591
3300,1.159581,0.0620
3301,1.157760,0.0531
3302,1.155224,0.0598
3303,1.152714,0.0606
3304,1.149889,0.0454
3305,1.147306,0.0610
3306,1.145406,0.0613
3307,1.143352,0.0618
3308,1.139332,0.0532
3309,1.141205,0.0560
3310,1.144178,0.0524
3311,1.144477,0.0628
3312,1.144647,0.0655
3313,1.142894,0.0623
3314,1.141192,0.0565
3315,1.138838,0.0467
3316,1.142288,0.0612
3317,1.144816,0.0641
3318,1.146426,0.0615
3319,1.146828,0.0615
3320,1.149753,0.0478
3321,1.153075,0.0609
3322,1.154628,0.0561
3323,1.155375,0.0598
3324,1.156838,0.0614
3325,1.156263,0.0522
3326,1.150676,0.0576
3327,1.151968,0.0626
3328,1.152608,0.0550
3329,1.151389,0.0624
3330,1.149479,0.0635
3331,1.149360,0.0497
3332,1.148236,0.0611
3333,1.147823,0.0615
3334,1.145973,0.0605
3335,1.144090,0.0549
3336,1.140650,0.0485
3337,1.138565,0.0596
3338,1.140292,0.0611
3339,1.138793,0.0618
3340,1.138407,0.0638
3341,1.132688,0.0507
3342,1.138711,0.0491
3343,1.143045,0.0606
3344,1.145746,0.0615
3345,1.146619,0.0595
3346,1.146397,0.0613
3347,1.146316,0.0459
3348,1.145765,0.0625
3349,1.143368,0.0574
3350,1.141686,0.0620
3351,1.139702,0.0647
3352,1.134472,0.0508
3353,1.134962,0.0599
3354,1.134883,0.0618
3355,1.138722,0.0512
3356,1.140462,0.0622
3357,1.141242,0.0623
3358,1.141585,0.0478
3359,1.138810,0.0610
3360,1.137714,0.0620
3361,1.138067,0.0624
3362,1.136653,0.0549
3363,1.134279,0.0493
3364,1.139832,0.0553
3365,1.140691,0.0607
3366,1.140128,0.0623
3367,1.138597,0.0620
3368,1.139102,0.0570
3369,1.139206,0.0475
3370,1.135392,0.0617
3371,1.151220,0.0590
3372,1.157183,0.0627
3373,1.160594,0.0635
3374,1.162809,0.0472
3375,1.165272,0.0597
3376,1.166378,0.0501
3377,1.165809,0.0590
3378,1.165479,0.0633
3379,1.164747,0.0600
3380,1.165622,0.0498
3381,1.168120,0.0562
3382,1.166907,0.0586
3383,1.167365,0.0540
3384,1.167648,0.0581
3385,1.167515,0.0527
3386,1.168743,0.0566
3387,1.168486,0.0605
3388,1.165986,0.0605
3389,1.164963,0.0535
3390,1.163769,0.0594
3391,1.160891,0.0467
3392,1.155286,0.0607
3393,1.151927,0.0631
3394,1.152763,0.0631
3395,1.149488,0.0610
3396,1.149784,0.0433
3397,1.152379,0.0550
3398,1.152967,0.0611
3399,1.152936,0.0603
3400,1.151644,0.0642
3401,1.151409,0.0509
3402,1.149835,0.0542
3403,1.149345,0.0489
3404,1.148692,0.0602
3405,1.148412,0.0619
3406,1.147421,0.0628
3407,1.144629,0.0487
3408,1.139515,0.0580
3409,1.141888,0.0612
3410,1.145827,0.0521
3411,1.146701,0.0584
3412,1.148425,0.0598
3413,1.148443,0.0487
3414,1.144225,0.0582
3415,1.146309,0.0594
3416,1.146503,0.0616
3417,1.145518,0.0535
3418,1.150633,0.0490
3419,1.148678,0.0546
3420,1.152115,0.0589
3421,1.154950,0.0585
3422,1.155075,0.0595
3423,1.154998,0.0585
3424,1.153570,0.0409
3425,1.151528,0.0586
3426,1.149241,0.0582
3427,1.150505,0.0589
3428,1.148678,0.0595
3429,1.144825,0.0509
3430,1.150208,0.0553
3431,1.150711,0.0497
3432,1.148812,0.0588
3433,1.144825,0.0597
3434,1.149374,0.0606
3435,1.150102,0.0470
3436,1.150518,0.0559
3437,1.148350,0.0588
3438,1.147334,0.0484
3439,1.151663,0.0599
3440,1.152209,0.0610
3441,1.152077,0.0449
3442,1.151259,0.0589
3443,1.148727,0.0593
3444,1.148167,0.0597
3445,1.147685,0.0501
3446,1.146369,0.0601
3447,1.143207,0.0444
3448,1.147138,0.0575
3449,1.146245,0.0573
3450,1.143677,0.0593
3451,1.144103,0.0591
3452,1.144528,0.0495
3453,1.143819,0.0481
3454,1.138537,0.0582
3455,1.141044,0.0615
3456,1.143587,0.0646
3457,1.145239,0.0589
3458,1.144838,0.0446
3459,1.143028,0.0586
3460,1.144122,0.0533
3461,1.146431,0.0585
3462,1.147332,0.0603
3463,1.147572,0.0557
3464,1.142173,0.0487
3465,1.142046,0.0578
3466,1.137109,0.0567
3467,1.143765,0.0534
3468,1.148063,0.0597
3469,1.147915,0.0518
3470,1.149142,0.0584
3471,1.148799,0.0579
3472,1.148289,0.0591
3473,1.145907,0.0523
3474,1.142420,0.0572
3475,1.140970,0.0441
3476,1.137336,0.0583
3477,1.127294,0.0617
3478,1.140863,0.0593
3479,1.142455,0.0605
3480,1.146136,0.0476
3481,1.150401,0.0488
3482,1.152374,0.0566
3483,1.152600,0.0594
3484,1.152398,0.0643
3485,1.154254,0.0612
3486,1.156362,0.0480
3487,1.155685,0.0568
3488,1.154857,0.0532
3489,1.154220,0.0589
3490,1.152151,0.0614
3491,1.152375,0.0539
3492,1.152262,0.0540
3493,1.154053,0.0584
3494,1.151948,0.0527
3495,1.148350,0.0576
3496,1.148413,0.0594
3497,1.150122,0.0487
3498,1.150535,0.0595
3499,1.150913,0.0641
3500,1.149408,0.0642
3501,1.148777,0.0518
3502,1.147992,0.0531
3503,1.145769,0.0548
3504,1.147158,0.0592
3505,1.145994,0.0640
3506,1.145481,0.0587
3507,1.145381,0.0584
3508,1.143474,0.0413
3509,1.140287,0.0593
3510,1.134119,0.0584
3511,1.130423,0.0613
3512,1.140253,0.0602
3513,1.144753,0.0519
3514,1.146031,0.0584
3515,1.146803,0.0505
3516,1.147139,0.0587
3517,1.147211,0.0630
3518,1.147914,0.0620
3519,1.147480,0.0471
3520,1.147798,0.0584
3521,1.146137,0.0593
3522,1.142862,0.0518
3523,1.140864,0.0584
3524,1.136854,0.0566
3525,1.133787,0.0521
3526,1.138658,0.0594
3527,1.138551,0.0630
3528,1.136754,0.0576
3529,1.137440,0.0555
3530,1.135781,0.0492
3531,1.134399,0.0596
3532,1.131392,0.0593
3533,1.128103,0.0614
3534,1.122026,0.0649
3535,1.122220,0.0464
3536,1.119411,0.0526
3537,1.119425,0.0591
3538,1.121163,0.0645
3539,1.115503,0.0617
3540,1.127719,0.0564
3541,1.130571,0.0506
3542,1.132535,0.0510
3543,1.134462,0.0559
3544,1.134656,0.0626
3545,1.135662,0.0604
3546,1.136425,0.0490
3547,1.136129,0.0564
3548,1.137242,0.0608
3549,1.137288,0.0515
3550,1.136866,0.0599
3551,1.136815,0.0599
3552,1.133987,0.0461
3553,1.132526,0.0582
3554,1.131032,0.0604
3555,1.129227,0.0609
3556,1.126865,0.0522
3557,1.123046,0.0560
3558,1.122852,0.0498
3559,1.124250,0.0582
3560,1.124200,0.0594
3561,1.122168,0.0623
3562,1.124209,0.0605
3563,1.124506,0.0405
3564,1.126795,0.0571
3565,1.127375,0.0628
3566,1.126419,0.0658
3567,1.124640,0.0636
3568,1.121561,0.0494
3569,1.124659,0.0626
3570,1.124589,0.0558
3571,1.124163,0.0623
3572,1.125370,0.0655
3573,1.127602,0.0525
3574,1.128410,0.0581
3575,1.127597,0.0619
3576,1.127106,0.0505
3577,1.124576,0.0624
3578,1.120300,0.0617
3579,1.122547,0.0476
3580,1.123691,0.0611
3581,1.119945,0.0621
3582,1.123194,0.0629
3583,1.124221,0.0534
3584,1.123390,0.0519
3585,1.125732,0.0579
3586,1.124732,0.0633
3587,1.126465,0.0645
3588,1.126772,0.0658
3589,1.125531,0.0503
3590,1.125456,0.0500
3591,1.126508,0.0621
3592,1.129265,0.0625
3593,1.132205,0.0638
3594,1.136759,0.0608
3595,1.140790,0.0494
3596,1.143545,0.0549
3597,1.148107,0.0563
3598,1.150816,0.0595
3599,1.156698,0.0625
3600,1.166322,0.0499
3601,1.179633,0.0562
3602,1.195335,0.0568
3603,1.211724,0.0535
3604,1.223794,0.0568
3605,1.232306,0.0593
3606,1.237902,0.0470
3607,1.244641,0.0588
3608,1.249193,0.0586
3609,1.249416,0.0622
3610,1.257088,0.0518
3611,1.258863,0.0599
3612,1.260380,0.0480
3613,1.258796,0.0587
3614,1.256248,0.0622
3615,1.258294,0.0603
3616,1.255851,0.0610
3617,1.252884,0.0435
3618,1.250129,0.0538
3619,1.245658,0.0598
3620,1.238802,0.0599
3621,1.237261,0.0610
3622,1.236623,0.0575
3623,1.233702,0.0523
3624,1.227249,0.0518
3625,1.221867,0.0600
3626,1.218402,0.0603
3627,1.213942,0.0642
3628,1.207693,0.0468
3629,1.202327,0.0595
3630,1.206656,0.0595
3631,1.206749,0.0515
3632,1.206825,0.0588
3633,1.206939,0.0607
3634,1.207484,0.0462
3635,1.203064,0.0585
3636,1.201754,0.0587
3637,1.202683,0.0611
3638,1.197016,0.0542
3639,1.196549,0.0540
3640,1.195897,0.0522
3641,1.190627,0.0608
3642,1.190339,0.0634
3643,1.188085,0.0640
3644,1.179947,0.0557
3645,1.174133,0.0410
3646,1.173843,0.0570
3647,1.169412,0.0589
3648,1.168284,0.0605
3649,1.165514,0.0606
3650,1.164363,0.0505
3651,1.161017,0.0531
3652,1.158228,0.0501
3653,1.152960,0.0602
3654,1.150668,0.0608
3655,1.150122,0.0612
3656,1.146357,0.0476
3657,1.145966,0.0586
3658,1.143973,0.0598
3659,1.140682,0.0523
3660,1.141259,0.0576
3661,1.140744,0.0612
3662,1.143578,0.0491
3663,1.145243,0.0587
3664,1.143960,0.0581
3665,1.146512,0.0613
3666,1.143722,0.0522
3667,1.147976,0.0514
3668,1.150726,0.0568
3669,1.152677,0.0638
3670,1.154102,0.0629
3671,1.153511,0.0615
3672,1.156588,0.0494
3673,1.155164,0.0480
3674,1.154131,0.0587
3675,1.153555,0.0640
3676,1.149897,0.0599
3677,1.143227,0.0628
3678,1.141017,0.0467
3679,1.138745,0.0566
3680,1.138768,0.0525
3681,1.136054,0.0609
3682,1.138128,0.0640
3683,1.137917,0.0521
3684,1.138924,0.0559
3685,1.139687,0.0586
3686,1.138641,0.0512
3687,1.136985,0.0590
3688,1.133738,0.0651
3689,1.129151,0.0479
3690,1.133058,0.0590
3691,1.136117,0.0585
3692,1.135958,0.0605
3693,1.136512,0.0523
3694,1.136290,0.0543
3695,1.134409,0.0507
3696,1.134908,0.0607
3697,1.132115,0.0635
3698,1.131237,0.0600
3699,1.130300,0.0584
3700,1.127698,0.0402
3701,1.125256,0.0575
3702,1.128074,0.0618
3703,1.125050,0.0636
3704,1.115947,0.0624
3705,1.130077,0.0482
3706,1.133550,0.0551
3707,1.136465,0.0497
3708,1.136246,0.0588
3709,1.136518,0.0649
3710,1.137112,0.0633
3711,1.135088,0.0458
3712,1.131939,0.0579
3713,1.134186,0.0593
3714,1.134526,0.0516
3715,1.135374,0.0587
3716,1.138561,0.0576
3717,1.140040,0.0483
3718,1.139790,0.0590
3719,1.139764,0.0607
3720,1.139705,0.0602
3721,1.139323,0.0532
3722,1.139349,0.0489
3723,1.141712,0.0538
3724,1.143452,0.0584
3725,1.145279,0.0587
3726,1.144123,0.0593
3727,1.141402,0.0587
3728,1.141224,0.0412
3729,1.140346,0.0592
3730,1.138980,0.0626
3731,1.137803,0.0597
3732,1.140979,0.0608
3733,1.151623,0.0470
3734,1.168343,0.0578
3735,1.183900,0.0497
3736,1.196604,0.0586
3737,1.205694,0.0607
3738,1.213108,0.0610
3739,1.215802,0.0461
3740,1.211367,0.0588
3741,1.213716,0.0600
3742,1.213051,0.0518
3743,1.211586,0.0585
3744,1.207785,0.0577
3745,1.202462,0.0507
3746,1.196846,0.0590
3747,1.191119,0.0614
3748,1.184974,0.0595
3749,1.178191,0.0545
3750,1.169658,0.0450
3751,1.164281,0.0574
3752,1.158643,0.0587
3753,1.152812,0.0603
3754,1.142177,0.0623
3755,1.143861,0.0514
3756,1.140819,0.0491
3757,1.141253,0.0580
3758,1.139488,0.0591
3759,1.139549,0.0624
3760,1.137196,0.0624
3761,1.136247,0.0463
3762,1.134701,0.0569
3763,1.132939,0.0531
3764,1.131955,0.0614
3765,1.131603,0.0606
3766,1.130637,0.0533
3767,1.128888,0.0544
3768,1.127531,0.0591
3769,1.124959,0.0534
3770,1.124390,0.0596
3771,1.123305,0.0646
3772,1.122107,0.0440
3773,1.119213,0.0585
3774,1.115874,0.0591
3775,1.116375,0.0605
3776,1.114903,0.0524
3777,1.109361,0.0583
3778,1.116375,0.0472
3779,1.118036,0.0605
3780,1.119382,0.0637
3781,1.121405,0.0619
3782,1.122535,0.0609
3783,1.121347,0.0406
3784,1.120004,0.0552
3785,1.120076,0.0597
3786,1.119596,0.0635
3787,1.118217,0.0592
3788,1.115022,0.0561
3789,1.113557,0.0521
3790,1.111861,0.0513
3791,1.106947,0.0592
3792,1.105729,0.0649
3793,1.101754,0.0632
3794,1.110110,0.0452
3795,1.112465,0.0582
3796,1.113160,0.0584
3797,1.113603,0.0505
3798,1.111999,0.0595
3799,1.114071,0.0626
3800,1.115218,0.0492
3801,1.116200,0.0603
3802,1.116416,0.0594
3803,1.116391,0.0598
3804,1.115633,0.0559
3805,1.114217,0.0470
3806,1.112588,0.0581
3807,1.107643,0.0622
3808,1.104164,0.0603
3809,1.106905,0.0639
3810,1.108303,0.0494
3811,1.108127,0.0481
3812,1.106230,0.0587
3813,1.110009,0.0641
3814,1.111805,0.0596
3815,1.112288,0.0600
3816,1.110786,0.0456
3817,1.110210,0.0580
3818,1.109153,0.0504
3819,1.108211,0.0607
3820,1.109124,0.0638
3821,1.110374,0.0580
3822,1.107616,0.0511
3823,1.110391,0.0583
3824,1.112110,0.0565
3825,1.112361,0.0554
3826,1.111578,0.0609
3827,1.112494,0.0482
3828,1.111918,0.0576
3829,1.110947,0.0634
3830,1.109184,0.0590
3831,1.106849,0.0535
3832,1.106065,0.0595
3833,1.103810,0.0481
3834,1.105226,0.0575
3835,1.103266,0.0615
3836,1.106166,0.0584
3837,1.105136,0.0634
3838,1.106853,0.0478
3839,1.107574,0.0530
3840,1.107057,0.0608
3841,1.104965,0.0646
3842,1.106445,0.0635
3843,1.108514,0.0554
3844,1.107195,0.0506
3845,1.109319,0.0513
3846,1.110826,0.0577
3847,1.109229,0.0624
3848,1.107806,0.0623
3849,1.109998,0.0466
3850,1.111654,0.0595
3851,1.111511,0.0572
3852,1.108575,0.0495
3853,1.110553,0.0598
3854,1.110814,0.0606
3855,1.108964,0.0467
3856,1.108974,0.0575
3857,1.105157,0.0622
3858,1.108265,0.0638
3859,1.108960,0.0535
3860,1.111398,0.0539
3861,1.111952,0.0521
3862,1.111654,0.0598
3863,1.111458,0.0594
3864,1.113227,0.0646
3865,1.112352,0.0594
3866,1.111559,0.0441
3867,1.110113,0.0584
3868,1.107225,0.0623
3869,1.107562,0.0620
3870,1.109564,0.0636
3871,1.109446,0.0461
3872,1.107584,0.0580
3873,1.105713,0.0501
3874,1.110277,0.0586
3875,1.111660,0.0609
3876,1.111012,0.0599
3877,1.111150,0.0468
3878,1.111306,0.0606
3879,1.111681,0.0597
3880,1.111822,0.0535
3881,1.110650,0.0600
3882,1.106711,0.0520
3883,1.105499,0.0538
3884,1.103770,0.0588
3885,1.104909,0.0612
3886,1.101328,0.0572
3887,1.103616,0.0591
3888,1.106152,0.0468
3889,1.106007,0.0587
3890,1.105873,0.0581
3891,1.105060,0.0604
3892,1.103165,0.0579
3893,1.097331,0.0500
3894,1.097739,0.0456
3895,1.105778,0.0588
3896,1.107941,0.0604
3897,1.110147,0.0637
3898,1.109981,0.0605
3899,1.111292,0.0447
3900,1.109887,0.0575
3901,1.109515,0.0520
3902,1.106668,0.0606
3903,1.104076,0.0622
3904,1.104470,0.0631
3905,1.106074,0.0497
3906,1.108194,0.0600
3907,1.109642,0.0575
3908,1.109676,0.0538
3909,1.109447,0.0627
3910,1.107216,0.0496
3911,1.106446,0.0585
3912,1.105346,0.0591
3913,1.101427,0.0607
3914,1.103122,0.0522
3915,1.105067,0.0596
3916,1.104658,0.0462
3917,1.106629,0.0572
3918,1.106917,0.0616
3919,1.106807,0.0628
3920,1.105507,0.0599
3921,1.104251,0.0458
3922,1.104256,0.0522
3923,1.104132,0.0606
3924,1.103777,0.0602
3925,1.103803,0.0645
3926,1.102890,0.0571
3927,1.102944,0.0510
3928,1.103747,0.0516
3929,1.104178,0.0569
3930,1.103708,0.0627
3931,1.105356,0.0621
3932,1.105551,0.0479
3933,1.102880,0.0592
3934,1.103793,0.0584
3935,1.106027,0.0484
3936,1.107561,0.0596
3937,1.109294,0.0597
3938,1.110301,0.0478
3939,1.109967,0.0592
3940,1.109596,0.0649
3941,1.107401,0.0636
3942,1.107422,0.0517
3943,1.105211,0.0531
3944,1.107324,0.0551
3945,1.108005,0.0600
3946,1.105573,0.0634
3947,1.106015,0.0600
3948,1.108488,0.0568
3949,1.109480,0.0416
3950,1.108752,0.0587
3951,1.108446,0.0596
3952,1.106502,0.0652
3953,1.104596,0.0607
3954,1.104900,0.0481
3955,1.105820,0.0569
3956,1.103784,0.0518
3957,1.104024,0.0586
3958,1.105189,0.0642
3959,1.105111,0.0634
3960,1.100492,0.0492
3961,1.106819,0.0584
3962,1.110724,0.0582
3963,1.114107,0.0542
3964,1.115704,0.0613
3965,1.115976,0.0510
3966,1.116674,0.0576
3967,1.115982,0.0607
3968,1.114752,0.0603
3969,1.114654,0.0516
3970,1.114024,0.0596
3971,1.113157,0.0484
3972,1.111992,0.0589
3973,1.113098,0.0591
3974,1.114892,0.0611
3975,1.115593,0.0613
3976,1.114225,0.0454
3977,1.113173,0.0544
3978,1.111599,0.0609
3979,1.109048,0.0634
3980,1.108716,0.0612
3981,1.108126,0.0534
3982,1.107955,0.0528
3983,1.107327,0.0499
3984,1.107105,0.0588
3985,1.105246,0.0651
3986,1.101975,0.0606
3987,1.102040,0.0468
3988,1.104791,0.0582
3989,1.106356,0.0574
3990,1.104960,0.0517
3991,1.101493,0.0585
3992,1.105139,0.0593
3993,1.107161,0.0480
3994,1.108065,0.0594
3995,1.108164,0.0617
3996,1.107613,0.0645
3997,1.106678,0.0540
3998,1.105627,0.0492
3999,1.106158,0.0561
4000,1.105225,0.0629
4001,1.105481,0.0619
4002,1.104290,0.0605
4003,1.100098,0.0541
4004,1.098834,0.0446
4005,1.098766,0.0587
4006,1.096749,0.0617
4007,1.095464,0.0611
4008,1.099821,0.0607
4009,1.101713,0.0477
4010,1.102857,0.0579
4011,1.103760,0.0505
4012,1.102732,0.0586
4013,1.102638,0.0592
4014,1.101009,0.0611
4015,1.101830,0.0467
4016,1.101386,0.0585
4017,1.100723,0.0590
4018,1.099308,0.0502
4019,1.097854,0.0615
4020,1.098637,0.0606
4021,1.096238,0.0485
4022,1.095814,0.0577
4023,1.093739,0.0589
4024,1.092458,0.0586
4025,1.095367,0.0507
4026,1.097446,0.0525
4027,1.099213,0.0520
4028,1.100139,0.0593
4029,1.098802,0.0637
4030,1.096738,0.0640
4031,1.099366,0.0573
4032,1.100893,0.0439
4033,1.100350,0.0588
4034,1.099909,0.0610
4035,1.098764,0.0609
4036,1.098372,0.0612
4037,1.096167,0.0488
4038,1.094944,0.0583
4039,1.092584,0.0502
4040,1.095459,0.0578
4041,1.096107,0.0605
4042,1.097625,0.0567
4043,1.099254,0.0474
4044,1.098637,0.0586
4045,1.096280,0.0629
4046,1.099741,0.0513
4047,1.098999,0.0586
4048,1.098153,0.0573
4049,1.098886,0.0468
4050,1.098455,0.0564
4051,1.098340,0.0588
4052,1.096959,0.0607
4053,1.093896,0.0521
4054,1.095038,0.0533
4055,1.093401,0.0516
4056,1.094484,0.0595
4057,1.095415,0.0630
4058,1.094056,0.0620
4059,1.090156,0.0588
4060,1.098967,0.0418
4061,1.101802,0.0595
4062,1.103186,0.0617
4063,1.105232,0.0615
4064,1.106812,0.0634
4065,1.107913,0.0491
4066,1.109197,0.0590
4067,1.109212,0.0546
4068,1.110634,0.0589
4069,1.111994,0.0587
4070,1.111885,0.0576
4071,1.110896,0.0485
4072,1.110518,0.0569
4073,1.110305,0.0581
4074,1.109585,0.0557
4075,1.108400,0.0613
4076,1.108572,0.0511
4077,1.107407,0.0572
4078,1.106322,0.0601
4079,1.104940,0.0585
4080,1.103074,0.0527
4081,1.100815,0.0557
4082,1.101326,0.0473
4083,1.101020,0.0592
4084,1.102115,0.0612
4085,1.101596,0.0647
4086,1.101119,0.0621
4087,1.099898,0.0459
4088,1.098528,0.0544
4089,1.097612,0.0610
4090,1.098769,0.0638
4091,1.099767,0.0602
4092,1.097970,0.0553
4093,1.096983,0.0534
4094,1.097848,0.0501
4095,1.097035,0.0600
4096,1.097619,0.0628
4097,1.098230,0.0614
4098,1.097936,0.0465
4099,1.096112,0.0582
4100,1.095776,0.0582
4101,1.095496,0.0508
4102,1.090510,0.0588
4103,1.097190,0.0614
4104,1.099609,0.0466
4105,1.100347,0.0594
4106,1.099892,0.0645
4107,1.099057,0.0575
4108,1.098788,0.0513
4109,1.098982,0.0525
4110,1.099296,0.0521
4111,1.099404,0.0591
4112,1.099510,0.0628
4113,1.100017,0.0607
4114,1.099633,0.0577
4115,1.100732,0.0410
4116,1.100064,0.0590
4117,1.100786,0.0589
4118,1.100564,0.0595
4119,1.100657,0.0601
4120,1.103090,0.0488
4121,1.102779,0.0538
4122,1.101130,0.0497
4123,1.101442,0.0603
4124,1.099781,0.0651
4125,1.098032,0.0607
4126,1.096617,0.0459
4127,1.096100,0.0584
4128,1.098119,0.0575
4129,1.099341,0.0505
4130,1.099802,0.0588
4131,1.096874,0.0609
4132,1.095403,0.0471
4133,1.089979,0.0593
4134,1.094899,0.0636
4135,1.097760,0.0611
4136,1.099033,0.0518
4137,1.100053,0.0523
4138,1.099789,0.0505
4139,1.100117,0.0588
4140,1.101365,0.0594
4141,1.100956,0.0590
4142,1.101701,0.0593
4143,1.102067,0.0438
4144,1.102485,0.0523
4145,1.102578,0.0609
4146,1.101743,0.0624
4147,1.100611,0.0599
4148,1.100188,0.0562
4149,1.099949,0.0491
4150,1.100121,0.0523
4151,1.098801,0.0561
4152,1.097564,0.0595
4153,1.094876,0.0646
4154,1.090495,0.0490
4155,1.093573,0.0572
4156,1.097891,0.0625
4157,1.099135,0.0510
4158,1.100076,0.0586
4159,1.100152,0.0598
4160,1.100114,0.0445
4161,1.100405,0.0596
4162,1.100131,0.0647
4163,1.098529,0.0607
4164,1.098936,0.0521
4165,1.098358,0.0564
4166,1.097375,0.0493
4167,1.096498,0.0569
4168,1.095316,0.0604
4169,1.094433,0.0605
4170,1.093646,0.0607
4171,1.092026,0.0421
4172,1.089790,0.0550
4173,1.089347,0.0595
4174,1.091575,0.0642
4175,1.093007,0.0612
4176,1.092513,0.0505
4177,1.091952,0.0542
4178,1.090837,0.0496
4179,1.087759,0.0603
4180,1.093960,0.0646
4181,1.097656,0.0630
4182,1.097869,0.0467
4183,1.098391,0.0583
4184,1.098640,0.0591
4185,1.099561,0.0504
4186,1.098894,0.0595
4187,1.099760,0.0599
4188,1.097342,0.0500
4189,1.096613,0.0581
4190,1.096174,0.0568
4191,1.095189,0.0630
4192,1.095412,0.0518
4193,1.096083,0.0521
4194,1.094149,0.0564
4195,1.093303,0.0616
4196,1.089870,0.0634
4197,1.089352,0.0598
4198,1.088293,0.0527
4199,1.093858,0.0438
4200,1.096064,0.0608
4201,1.095926,0.0632
4202,1.097890,0.0601
4203,1.097197,0.0600
4204,1.096514,0.0448
4205,1.096078,0.0607
4206,1.096713,0.0489
4207,1.095369,0.0579
4208,1.094776,0.0648
4209,1.093639,0.0622
4210,1.093631,0.0508
4211,1.092023,0.0584
4212,1.092403,0.0579
4213,1.091372,0.0552
4214,1.089374,0.0617
4215,1.087739,0.0482
4216,1.086963,0.0540
4217,1.085960,0.0626
4218,1.090345,0.0634
4219,1.091222,0.0531
4220,1.091758,0.0600
4221,1.091525,0.0471
4222,1.090546,0.0587
4223,1.088003,0.0609
4224,1.087252,0.0627
4225,1.090038,0.0615
4226,1.091658,0.0439
4227,1.092351,0.0543
4228,1.091530,0.0594
4229,1.089170,0.0644
4230,1.092697,0.0584
4231,1.093124,0.0561
4232,1.093249,0.0497
4233,1.093272,0.0522
4234,1.093932,0.0541
4235,1.092992,0.0609
4236,1.090301,0.0618
4237,1.091163,0.0513
4238,1.090250,0.0562
4239,1.089428,0.0614
4240,1.086396,0.0522
4241,1.088711,0.0604
4242,1.089668,0.0630
4243,1.088632,0.0458
4244,1.090378,0.0609
4245,1.089744,0.0634
4246,1.090634,0.0600
4247,1.091502,0.0527
4248,1.091483,0.0543
4249,1.090317,0.0522
4250,1.087227,0.0613
4251,1.088637,0.0605
4252,1.091879,0.0601
4253,1.090966,0.0606
4254,1.090560,0.0415
4255,1.088763,0.0597
4256,1.087001,0.0637
4257,1.084225,0.0615
4258,1.082856,0.0616
4259,1.090786,0.0470
4260,1.094301,0.0586
4261,1.095399,0.0505
4262,1.097058,0.0606
4263,1.097170,0.0632
4264,1.097155,0.0588
4265,1.095264,0.0498
4266,1.095143,0.0582
4267,1.093491,0.0582
4268,1.090824,0.0559
4269,1.092026,0.0614
4270,1.091963,0.0493
4271,1.092370,0.0585
4272,1.090072,0.0586
4273,1.088541,0.0613
4274,1.089825,0.0526
4275,1.089065,0.0605
4276,1.088652,0.0456
4277,1.086108,0.0588
4278,1.086467,0.0610
4279,1.083676,0.0611
4280,1.085963,0.0609
4281,1.087857,0.0448
4282,1.089919,0.0547
4283,1.089089,0.0605
4284,1.089469,0.0599
4285,1.088750,0.0626
4286,1.090574,0.0558
4287,1.087382,0.0524
4288,1.086609,0.0501
4289,1.089387,0.0580
4290,1.090337,0.0634
4291,1.090319,0.0604
4292,1.087062,0.0468
4293,1.089112,0.0578
4294,1.093772,0.0595
4295,1.093865,0.0539
4296,1.095069,0.0595
4297,1.093553,0.0640
4298,1.093603,0.0493
4299,1.092451,0.0578
4300,1.090438,0.0600
4301,1.090073,0.0611
4302,1.085820,0.0542
4303,1.089612,0.0481
4304,1.091210,0.0576
4305,1.093175,0.0605
4306,1.091483,0.0606
4307,1.092976,0.0609
4308,1.092755,0.0519
4309,1.091994,0.0454
4310,1.091424,0.0609
4311,1.091181,0.0634
4312,1.089453,0.0600
4313,1.089207,0.0640
4314,1.087326,0.0460
4315,1.084692,0.0577
4316,1.085741,0.0515
4317,1.085420,0.0620
4318,1.083199,0.0625
4319,1.087237,0.0561
4320,1.089668,0.0537
4321,1.090538,0.0590
4322,1.090919,0.0539
4323,1.089195,0.0582
4324,1.089500,0.0610
4325,1.088694,0.0477
4326,1.087475,0.0589
4327,1.086622,0.0608
4328,1.084648,0.0614
4329,1.083666,0.0522
4330,1.082836,0.0576
4331,1.083050,0.0487
4332,1.086609,0.0589
4333,1.087086,0.0639
4334,1.087909,0.0582
4335,1.088182,0.0610
4336,1.086112,0.0420
4337,1.084543,0.0553
4338,1.084885,0.0616
4339,1.086003,0.0636
4340,1.084623,0.0632
4341,1.083542,0.0492
4342,1.084119,0.0546
4343,1.085429,0.0519
4344,1.083382,0.0566
4345,1.083739,0.0647
4346,1.081850,0.0638
4347,1.083817,0.0473
4348,1.082753,0.0586
4349,1.084867,0.0593
4350,1.084766,0.0509
4351,1.082163,0.0613
4352,1.078413,0.0612
4353,1.084045,0.0504
4354,1.086513,0.0593
4355,1.087611,0.0594
4356,1.087468,0.0603
4357,1.089239,0.0543
4358,1.090401,0.0467
4359,1.090451,0.0583
4360,1.091088,0.0622
4361,1.091191,0.0601
4362,1.090854,0.0606
4363,1.091909,0.0494
4364,1.091606,0.0428
4365,1.091180,0.0571
4366,1.091575,0.0638
4367,1.090131,0.0643
4368,1.091330,0.0641
4369,1.091940,0.0460
4370,1.090836,0.0570
4371,1.089785,0.0514
4372,1.090136,0.0620
4373,1.088150,0.0615
4374,1.087187,0.0604
4375,1.087104,0.0506
4376,1.084950,0.0601
4377,1.081005,0.0558
4378,1.080251,0.0561
4379,1.079267,0.0632
4380,1.083940,0.0493
4381,1.085258,0.0590
4382,1.085126,0.0591
4383,1.083810,0.0595
4384,1.083167,0.0521
4385,1.083088,0.0590
4386,1.081272,0.0464
4387,1.079721,0.0609
4388,1.083446,0.0625
4389,1.084262,0.0605
4390,1.085940,0.0639
4391,1.086530,0.0442
4392,1.085134,0.0542
4393,1.084700,0.0595
4394,1.084380,0.0625
4395,1.081134,0.0597
4396,1.082200,0.0549
4397,1.084766,0.0520
4398,1.084337,0.0502
4399,1.083099,0.0594
4400,1.085554,0.0587
4401,1.086757,0.0611
4402,1.088610,0.0468
4403,1.088388,0.0590
4404,1.087916,0.0631
4405,1.085039,0.0514
4406,1.084434,0.0630
4407,1.083786,0.0623
4408,1.081722,0.0505
4409,1.082348,0.0584
4410,1.083018,0.0594
4411,1.080343,0.0622
4412,1.084422,0.0541
4413,1.086798,0.0467
4414,1.086876,0.0576
4415,1.088040,0.0610
4416,1.087815,0.0616
4417,1.089060,0.0604
4418,1.089729,0.0506
4419,1.089334,0.0494
4420,1.087623,0.0589
4421,1.086010,0.0641
4422,1.086311,0.0585
4423,1.085113,0.0615
4424,1.084527,0.0464
4425,1.081878,0.0552
4426,1.082951,0.0498
4427,1.085542,0.0611
4428,1.086057,0.0646
4429,1.085816,0.0585
4430,1.085057,0.0532
4431,1.085040,0.0605
4432,1.087053,0.0533
4433,1.086411,0.0564
4434,1.085741,0.0633
4435,1.081737,0.0459
4436,1.082132,0.0596
4437,1.084690,0.0614
4438,1.085538,0.0594
4439,1.086977,0.0509
4440,1.085214,0.0603
4441,1.082605,0.0466
4442,1.085997,0.0609
4443,1.088423,0.0626
4444,1.089742,0.0618
4445,1.088999,0.0627
4446,1.088527,0.0434
4447,1.087644,0.0550
4448,1.083631,0.0594
4449,1.088197,0.0609
4450,1.091612,0.0627
4451,1.092944,0.0522
4452,1.094578,0.0517
4453,1.094639,0.0511
4454,1.095218,0.0617
4455,1.093387,0.0637
4456,1.092131,0.0618
4457,1.090410,0.0454
4458,1.089578,0.0591
4459,1.091315,0.0624
4460,1.095986,0.0508
4461,1.097491,0.0616
4462,1.096980,0.0592
4463,1.095938,0.0502
4464,1.095537,0.0620
4465,1.094956,0.0634
4466,1.091139,0.0576
4467,1.089575,0.0553
4468,1.092750,0.0486
4469,1.090943,0.0615
4470,1.089698,0.0641
4471,1.087499,0.0645
4472,1.088479,0.0633
4473,1.090568,0.0432
4474,1.090655,0.0550
4475,1.091533,0.0610
4476,1.092630,0.0632
4477,1.092891,0.0601
4478,1.092544,0.0546
4479,1.090788,0.0545
4480,1.087957,0.0514
4481,1.089152,0.0578
4482,1.086548,0.0613
4483,1.086113,0.0624
4484,1.087240,0.0465
4485,1.087343,0.0588
4486,1.087288,0.0591
4487,1.087514,0.0510
4488,1.086630,0.0589
4489,1.086190,0.0618
4490,1.085383,0.0476
4491,1.087841,0.0591
4492,1.089265,0.0644
4493,1.090068,0.0615
4494,1.089220,0.0539
4495,1.085373,0.0472
4496,1.088031,0.0584
4497,1.090486,0.0580
4498,1.090624,0.0580
4499,1.090487,0.0630
4500,1.088354,0.0565
4501,1.089513,0.0451
4502,1.090997,0.0588
4503,1.090252,0.0613
4504,1.090443,0.0617
4505,1.090135,0.0623
4506,1.086981,0.0482
4507,1.090984,0.0593
4508,1.093171,0.0514
4509,1.095070,0.0614
4510,1.095019,0.0616
4511,1.094512,0.0598
4512,1.094288,0.0503
4513,1.091866,0.0598
4514,1.087939,0.0571
4515,1.088017,0.0576
4516,1.091141,0.0606
4517,1.092179,0.0454
4518,1.092139,0.0580
4519,1.091243,0.0605
4520,1.087959,0.0611
4521,1.085406,0.0506
4522,1.086659,0.0623
4523,1.087396,0.0461
4524,1.085109,0.0592
4525,1.089146,0.0642
4526,1.090679,0.0612
4527,1.091255,0.0602
4528,1.090661,0.0434
4529,1.089882,0.0540
4530,1.088602,0.0591
4531,1.085182,0.0623
4532,1.088897,0.0639
4533,1.089787,0.0513
4534,1.089647,0.0548
4535,1.089214,0.0513
4536,1.088654,0.0590
4537,1.088327,0.0611
4538,1.085727,0.0602
4539,1.083691,0.0472
4540,1.084665,0.0584
4541,1.082940,0.0577
4542,1.081289,0.0507
4543,1.085820,0.0595
4544,1.085724,0.0632
4545,1.085906,0.0451
4546,1.085210,0.0610
4547,1.085118,0.0619
4548,1.084027,0.0598
4549,1.083125,0.0527
4550,1.081195,0.0531
4551,1.081613,0.0527
4552,1.083230,0.0625
4553,1.082683,0.0621
4554,1.082750,0.0632
4555,1.080846,0.0561
4556,1.077806,0.0447
4557,1.078437,0.0589
4558,1.079508,0.0607
4559,1.080376,0.0610
4560,1.080759,0.0642
4561,1.080161,0.0449
4562,1.077060,0.0588
4563,1.075330,0.0525
4564,1.079084,0.0626
4565,1.079544,0.0588
4566,1.080357,0.0599
4567,1.080650,0.0489
4568,1.080152,0.0585
4569,1.079377,0.0575
4570,1.078182,0.0554
4571,1.076361,0.0620
4572,1.073932,0.0516
4573,1.074215,0.0590
4574,1.074488,0.0604
4575,1.074453,0.0603
4576,1.075380,0.0510
4577,1.075544,0.0618
4578,1.076258,0.0457
4579,1.074657,0.0592
4580,1.076798,0.0610
4581,1.078692,0.0607
4582,1.078327,0.0628
4583,1.078007,0.0431
4584,1.078301,0.0546
4585,1.075535,0.0609
4586,1.074674,0.0602
4587,1.075432,0.0635
4588,1.075632,0.0560
4589,1.076605,0.0526
4590,1.076702,0.0521
4591,1.077290,0.0596
4592,1.075864,0.0611
4593,1.075177,0.0604
4594,1.072963,0.0486
4595,1.074389,0.0591
4596,1.076270,0.0606
4597,1.077030,0.0520
4598,1.076273,0.0615
4599,1.075497,0.0590
4600,1.074666,0.0486
4601,1.072563,0.0595
4602,1.074457,0.0602
4603,1.075201,0.0597
4604,1.076721,0.0545
4605,1.076040,0.0473
4606,1.076826,0.0582
4607,1.076015,0.0595
4608,1.073678,0.0608
4609,1.072214,0.0610
4610,1.073496,0.0521
4611,1.075540,0.0458
4612,1.075680,0.0610
4613,1.075762,0.0636
4614,1.076575,0.0599
4615,1.075770,0.0630
4616,1.074751,0.0471
4617,1.073833,0.0581
4618,1.072725,0.0525
4619,1.076484,0.0616
4620,1.077353,0.0636
4621,1.077930,0.0546
4622,1.078611,0.0550
4623,1.079127,0.0624
4624,1.078888,0.0523
4625,1.079011,0.0602
4626,1.078494,0.0606
4627,1.077012,0.0483
4628,1.074260,0.0593
4629,1.072169,0.0652
4630,1.072372,0.0643
4631,1.074433,0.0544
4632,1.073905,0.0491
4633,1.074557,0.0570
4634,1.072032,0.0615
4635,1.071574,0.0637
4636,1.072148,0.0606
4637,1.072803,0.0525
4638,1.070965,0.0433
4639,1.065606,0.0590
4640,1.071751,0.0601
4641,1.072340,0.0627
4642,1.073223,0.0641
4643,1.073529,0.0481
4644,1.073899,0.0571
4645,1.074168,0.0506
4646,1.073704,0.0561
4647,1.074464,0.0632
4648,1.075387,0.0619
4649,1.074801,0.0479
4650,1.074402,0.0604
4651,1.074898,0.0603
4652,1.074730,0.0531
4653,1.074704,0.0591
4654,1.074389,0.0540
4655,1.074093,0.0563
4656,1.073954,0.0608
4657,1.073651,0.0640
4658,1.073285,0.0507
4659,1.074122,0.0594
4660,1.074888,0.0464
4661,1.073566,0.0606
4662,1.072983,0.0634
4663,1.073268,0.0615
4664,1.072323,0.0596
4665,1.072422,0.0438
4666,1.071654,0.0543
4667,1.070210,0.0600
4668,1.069731,0.0621
4669,1.068787,0.0634
4670,1.068028,0.0562
4671,1.067145,0.0497
4672,1.066304,0.0533
4673,1.068011,0.0558
4674,1.068436,0.0650
4675,1.070638,0.0641
4676,1.071396,0.0475
4677,1.070740,0.0583
4678,1.070995,0.0594
4679,1.071340,0.0492
4680,1.069948,0.0576
4681,1.070172,0.0656
4682,1.068987,0.0482
4683,1.065398,0.0596
4684,1.071860,0.0615
4685,1.074700,0.0626
4686,1.076077,0.0519
4687,1.077258,0.0536
4688,1.077608,0.0504
4689,1.077073,0.0609
4690,1.077959,0.0621
4691,1.077252,0.0617
4692,1.077239,0.0586
4693,1.077355,0.0405
4694,1.078390,0.0578
4695,1.079376,0.0627
4696,1.079518,0.0618
4697,1.079312,0.0614
4698,1.079040,0.0491
4699,1.079678,0.0600
4700,1.079198,0.0537
4701,1.078395,0.0596
4702,1.079216,0.0585
4703,1.079593,0.0627
4704,1.078081,0.0493
4705,1.077603,0.0589
4706,1.075915,0.0599
4707,1.076998,0.0537
4708,1.075983,0.0579
4709,1.076509,0.0533
4710,1.075097,0.0537
4711,1.076928,0.0590
4712,1.076828,0.0613
4713,1.076894,0.0568
4714,1.075678,0.0556
4715,1.074803,0.0490
4716,1.075463,0.0613
4717,1.074967,0.0616
4718,1.074218,0.0621
4719,1.074974,0.0595
4720,1.074400,0.0463
4721,1.072553,0.0546
4722,1.072116,0.0589
4723,1.071288,0.0607
4724,1.067059,0.0596
4725,1.069316,0.0580
4726,1.070470,0.0544
4727,1.072808,0.0499
4728,1.071847,0.0581
4729,1.071531,0.0624
4730,1.071069,0.0631
4731,1.071382,0.0479
4732,1.071864,0.0564
4733,1.070349,0.0610
4734,1.071078,0.0524
4735,1.070541,0.0611
4736,1.068858,0.0619
4737,1.070140,0.0507
4738,1.069813,0.0586
4739,1.068905,0.0595
4740,1.066229,0.0621
4741,1.069417,0.0539
4742,1.071677,0.0467
4743,1.072187,0.0569
4744,1.070647,0.0577
4745,1.067925,0.0612
4746,1.070793,0.0619
4747,1.071712,0.0557
4748,1.073449,0.0443
4749,1.073593,0.0589
4750,1.072896,0.0644
4751,1.072062,0.0616
4752,1.070314,0.0623
4753,1.068940,0.0474
4754,1.070077,0.0583
4755,1.070898,0.0558
4756,1.069238,0.0618
4757,1.070228,0.0637
4758,1.070380,0.0487
4759,1.071414,0.0570
4760,1.071324,0.0643
4761,1.070040,0.0538
4762,1.070705,0.0603
4763,1.072000,0.0598
4764,1.072447,0.0474
4765,1.071308,0.0594
4766,1.068030,0.0636
4767,1.070913,0.0641
4768,1.073406,0.0550
4769,1.073877,0.0504
4770,1.074808,0.0573
4771,1.073515,0.0595
4772,1.071998,0.0610
4773,1.070528,0.0629
4774,1.067821,0.0492
4775,1.070159,0.0500
4776,1.071109,0.0608
4777,1.070079,0.0631
4778,1.070784,0.0618
4779,1.072042,0.0603
4780,1.072588,0.0476
4781,1.070446,0.0556
4782,1.071008,0.0559
4783,1.071312,0.0598
4784,1.070493,0.0624
4785,1.068512,0.0496
4786,1.068059,0.0569
4787,1.070307,0.0603
4788,1.071055,0.0513
4789,1.070428,0.0593
4790,1.071140,0.0654
4791,1.069710,0.0479
4792,1.067525,0.0604
4793,1.068356,0.0623
4794,1.067998,0.0626
4795,1.068858,0.0543
4796,1.067496,0.0469
4797,1.067352,0.0579
4798,1.063915,0.0593
4799,1.072644,0.0608
4800,1.077143,0.0624
4801,1.077062,0.0502
4802,1.078782,0.0484
4803,1.080215,0.0583
4804,1.080536,0.0577
4805,1.081039,0.0593
4806,1.082507,0.0625
4807,1.081911,0.0483
4808,1.082203,0.0584
4809,1.081860,0.0507
4810,1.081174,0.0609
4811,1.081334,0.0637
4812,1.082217,0.0569
4813,1.081780,0.0499
4814,1.081369,0.0571
4815,1.081213,0.0585
4816,1.079995,0.0543
4817,1.079891,0.0644
4818,1.078789,0.0488
4819,1.077603,0.0583
4820,1.076686,0.0585
4821,1.077097,0.0620
4822,1.078009,0.0513
4823,1.077885,0.0602
4824,1.077411,0.0483
4825,1.078374,0.0590
4826,1.077869,0.0599
4827,1.077713,0.0605
4828,1.078187,0.0601
4829,1.077500,0.0452
4830,1.076223,0.0544
4831,1.076065,0.0614
4832,1.077481,0.0634
4833,1.076364,0.0578
4834,1.075680,0.0590
4835,1.074618,0.0518
4836,1.074022,0.0519
4837,1.072492,0.0531
4838,1.072998,0.0623
4839,1.074005,0.0641
4840,1.074882,0.0514
4841,1.075073,0.0591
4842,1.074252,0.0607
4843,1.074022,0.0516
4844,1.074462,0.0609
4845,1.074525,0.0630
4846,1.074494,0.0479
4847,1.074902,0.0568
4848,1.074715,0.0594
4849,1.074525,0.0625
4850,1.073095,0.0525
4851,1.073276,0.0542
4852,1.072074,0.0556
4853,1.071456,0.0591
4854,1.070311,0.0604
4855,1.070453,0.0597
4856,1.070152,0.0583
4857,1.068778,0.0440
4858,1.068382,0.0585
4859,1.067566,0.0622
4860,1.065455,0.0627
4861,1.066142,0.0609
4862,1.067232,0.0482
4863,1.066933,0.0595
4864,1.068169,0.0539
4865,1.067032,0.0604
4866,1.066704,0.0626
4867,1.067470,0.0534
4868,1.065257,0.0552
4869,1.064360,0.0651
4870,1.067156,0.0516
4871,1.067103,0.0608
4872,1.067077,0.0640
4873,1.067696,0.0463
4874,1.068989,0.0611
4875,1.068521,0.0636
4876,1.066493,0.0620
4877,1.064543,0.0514
4878,1.065927,0.0541
4879,1.065940,0.0487
4880,1.066903,0.0610
4881,1.066942,0.0645
4882,1.065817,0.0639
4883,1.065860,0.0590
4884,1.064963,0.0404
4885,1.064798,0.0579
4886,1.066376,0.0639
4887,1.067804,0.0616
4888,1.067459,0.0609
4889,1.066296,0.0471
4890,1.064469,0.0565
4891,1.067276,0.0502
4892,1.068750,0.0592
4893,1.067508,0.0642
4894,1.066396,0.0638
4895,1.066833,0.0474
4896,1.067254,0.0588
4897,1.066706,0.0602
4898,1.065404,0.0535
4899,1.062775,0.0643
4900,1.062918,0.0506
4901,1.063563,0.0570
4902,1.062955,0.0591
4903,1.063922,0.0613
4904,1.066420,0.0540
4905,1.065925,0.0607
4906,1.065642,0.0473
4907,1.065410,0.0587
4908,1.063580,0.0608
4909,1.065284,0.0602
4910,1.064080,0.0639
4911,1.060374,0.0447
4912,1.064913,0.0543
4913,1.066439,0.0596
4914,1.065829,0.0640
4915,1.063954,0.0632
4916,1.065209,0.0514
4917,1.067454,0.0569
4918,1.066798,0.0530
4919,1.065764,0.0627
4920,1.065636,0.0643
4921,1.065001,0.0635
4922,1.064009,0.0492
4923,1.061956,0.0605
4924,1.065170,0.0596
4925,1.066020,0.0553
4926,1.067410,0.0613
4927,1.067982,0.0486
4928,1.068645,0.0585
4929,1.068070,0.0596
4930,1.067529,0.0623
4931,1.067270,0.0518
4932,1.066996,0.0607
4933,1.067443,0.0467
4934,1.066202,0.0574
4935,1.065994,0.0622
4936,1.064219,0.0610
4937,1.062072,0.0643
4938,1.064506,0.0439
4939,1.066519,0.0541
4940,1.066957,0.0589
4941,1.068900,0.0625
4942,1.068069,0.0644
4943,1.068551,0.0521
4944,1.068768,0.0567
4945,1.068570,0.0528
4946,1.067954,0.0629
4947,1.067312,0.0642
4948,1.067974,0.0636
4949,1.068026,0.0482
4950,1.068167,0.0588
4951,1.067873,0.0618
4952,1.068169,0.0552
4953,1.067693,0.0647
4954,1.067533,0.0489
4955,1.066813,0.0616
4956,1.065904,0.0626
4957,1.065760,0.0632
4958,1.064700,0.0532
4959,1.061078,0.0567
4960,1.063546,0.0503
4961,1.066021,0.0615
4962,1.066303,0.0649
4963,1.067586,0.0630
4964,1.067372,0.0586
4965,1.066774,0.0424
4966,1.067313,0.0595
4967,1.067916,0.0609
4968,1.068456,0.0622
4969,1.067159,0.0598
4970,1.067593,0.0471
4971,1.067146,0.0585
4972,1.067273,0.0507
4973,1.066200,0.0629
4974,1.065469,0.0629
4975,1.063654,0.0600
4976,1.062038,0.0481
4977,1.061801,0.0590
4978,1.064541,0.0599
4979,1.065427,0.0542
4980,1.064006,0.0641
4981,1.065825,0.0469
4982,1.065983,0.0601
4983,1.064907,0.0622
4984,1.064141,0.0650
4985,1.063509,0.0538
4986,1.061701,0.0598
4987,1.064342,0.0501
4988,1.066246,0.0599
4989,1.065848,0.0626
4990,1.065511,0.0619
4991,1.064215,0.0625
4992,1.063931,0.0412
4993,1.064183,0.0603
4994,1.064287,0.0597
4995,1.062550,0.0629
4996,1.062664,0.0636
4997,1.063866,0.0464
4998,1.060978,0.0635
4999,1.063449,0.0522
5000,1.065187,0.0618
5001,1.063332,0.0635
5002,1.061853,0.0583
5003,1.064389,0.0534
5004,1.064994,0.0595
5005,1.064784,0.0547
5006,1.065158,0.0602
5007,1.064000,0.0657
5008,1.060825,0.0480
5009,1.065436,0.0614
5010,1.067314,0.0647
5011,1.066967,0.0648
5012,1.067370,0.0555
5013,1.067408,0.0527
5014,1.067465,0.0574
5015,1.068435,0.0584
5016,1.067531,0.0640
5017,1.067106,0.0637
5018,1.067150,0.0532
5019,1.067052,0.0458
5020,1.066723,0.0605
5021,1.066081,0.0630
5022,1.065470,0.0584
5023,1.065367,0.0645
5024,1.064929,0.0452
5025,1.064121,0.0600
5026,1.062477,0.0534
5027,1.063988,0.0592
5028,1.065518,0.0629
5029,1.065415,0.0559
5030,1.065267,0.0547
5031,1.065263,0.0612
5032,1.065637,0.0558
5033,1.064545,0.0646
5034,1.064624,0.0631
5035,1.065074,0.0473
5036,1.065194,0.0609
5037,1.063589,0.0613
5038,1.062880,0.0610
5039,1.062691,0.0513
5040,1.064475,0.0546
5041,1.063913,0.0574
5042,1.062782,0.0628
5043,1.061614,0.0614
5044,1.058161,0.0640
5045,1.066471,0.0520
5046,1.068529,0.0495
5047,1.070429,0.0591
5048,1.070123,0.0601
5049,1.072006,0.0640
5050,1.072332,0.0637
5051,1.072331,0.0477
5052,1.071756,0.0593
5053,1.072314,0.0543
5054,1.072813,0.0633
5055,1.072322,0.0644
5056,1.071983,0.0498
5057,1.072102,0.0562
5058,1.071621,0.0642
5059,1.071609,0.0502
5060,1.071169,0.0602
5061,1.070467,0.0634
5062,1.070823,0.0472
5063,1.070142,0.0608
5064,1.069723,0.0622
5065,1.070121,0.0620
5066,1.070672,0.0522
5067,1.071739,0.0532
5068,1.072029,0.0524
5069,1.072033,0.0626
5070,1.071719,0.0640
5071,1.070739,0.0624
5072,1.069117,0.0570
5073,1.067859,0.0455
5074,1.067908,0.0610
5075,1.068675,0.0650
5076,1.069371,0.0644
5077,1.069415,0.0619
5078,1.070227,0.0455
5079,1.069310,0.0598
5080,1.069719,0.0530
5081,1.069658,0.0594
5082,1.069501,0.0644
5083,1.068813,0.0557
5084,1.068987,0.0544
5085,1.068706,0.0619
5086,1.068968,0.0549
5087,1.068935,0.0608
5088,1.068336,0.0607
5089,1.067683,0.0475
5090,1.066619,0.0619
5091,1.065849,0.0632
5092,1.064756,0.0642
5093,1.064440,0.0522
5094,1.064068,0.0573
5095,1.064682,0.0546
5096,1.065102,0.0609
5097,1.065243,0.0633
5098,1.064442,0.0619
5099,1.063878,0.0565
5100,1.063481,0.0463
5101,1.062596,0.0590
5102,1.061728,0.0650
5103,1.061090,0.0666
5104,1.057769,0.0635
5105,1.065139,0.0487
5106,1.067892,0.0555
5107,1.069050,0.0566
5108,1.070762,0.0629
5109,1.070946,0.0618
5110,1.071333,0.0482
5111,1.072201,0.0580
5112,1.072082,0.0620
5113,1.071869,0.0506
5114,1.071061,0.0625
5115,1.070422,0.0640
5116,1.069534,0.0474
5117,1.068379,0.0613
5118,1.067964,0.0644
5119,1.069567,0.0659
5120,1.070258,0.0567
5121,1.070669,0.0457
5122,1.071562,0.0619
5123,1.071232,0.0619
5124,1.069726,0.0613
5125,1.069987,0.0624
5126,1.071143,0.0485
5127,1.071040,0.0494
5128,1.071623,0.0603
5129,1.072288,0.0630
5130,1.071752,0.0638
5131,1.073023,0.0613
5132,1.074506,0.0531
5133,1.074935,0.0531
5134,1.075878,0.0621
5135,1.075647,0.0644
5136,1.075879,0.0623
5137,1.075612,0.0473
5138,1.074649,0.0605
5139,1.075663,0.0618
5140,1.074280,0.0518
5141,1.074538,0.0620
5142,1.073098,0.0588
5143,1.072089,0.0518
5144,1.071116,0.0619
5145,1.070969,0.0648
5146,1.068934,0.0586
5147,1.068421,0.0620
5148,1.066896,0.0475
5149,1.064111,0.0599
5150,1.067535,0.0623
5151,1.069624,0.0604
5152,1.069235,0.0615
5153,1.069376,0.0437
5154,1.069300,0.0566
5155,1.068103,0.0604
5156,1.068942,0.0619
5157,1.067801,0.0618
5158,1.068212,0.0558
5159,1.068121,0.0548
5160,1.067012,0.0524
5161,1.067050,0.0648
5162,1.067950,0.0653
5163,1.067695,0.0664
5164,1.068304,0.0485
5165,1.068355,0.0610
5166,1.067593,0.0613
5167,1.067523,0.0575
5168,1.065642,0.0616
5169,1.065070,0.0472
5170,1.064309,0.0600
5171,1.064430,0.0652
5172,1.064201,0.0656
5173,1.064295,0.0509
5174,1.063341,0.0601
5175,1.063464,0.0504
5176,1.062130,0.0610
5177,1.060723,0.0638
5178,1.059726,0.0649
5179,1.057699,0.0616
5180,1.060564,0.0447
5181,1.059831,0.0629
5182,1.058644,0.0622
5183,1.056204,0.0636
5184,1.064029,0.0619
5185,1.066915,0.0458
5186,1.067624,0.0615
5187,1.068501,0.0563
5188,1.067700,0.0614
5189,1.068478,0.0638
5190,1.069773,0.0540
5191,1.070849,0.0572
5192,1.071565,0.0618
5193,1.071056,0.0512
5194,1.071820,0.0631
5195,1.071609,0.0637
5196,1.071115,0.0487
5197,1.070848,0.0622
5198,1.072610,0.0640
5199,1.072790,0.0631
5200,1.072554,0.0561
5201,1.071439,0.0452
5202,1.071963,0.0604
5203,1.071789,0.0633
5204,1.071886,0.0624
5205,1.072416,0.0634
5206,1.071796,0.0487
5207,1.071177,0.0498
5208,1.071539,0.0615
5209,1.069150,0.0629
5210,1.069345,0.0633
5211,1.066996,0.0618
5212,1.063836,0.0508
5213,1.061917,0.0548
5214,1.064483,0.0608
5215,1.065359,0.0630
5216,1.066721,0.0640
5217,1.066417,0.0499
5218,1.066381,0.0611
5219,1.065301,0.0609
5220,1.062656,0.0514
5221,1.062888,0.0639
5222,1.064349,0.0580
5223,1.064652,0.0559
5224,1.064224,0.0621
5225,1.063913,0.0636
5226,1.064415,0.0568
5227,1.064957,0.0637
5228,1.064445,0.0459
5229,1.063578,0.0577
5230,1.062150,0.0630
5231,1.060405,0.0639
5232,1.062656,0.0625
5233,1.062562,0.0428
5234,1.061823,0.0554
5235,1.060476,0.0612
5236,1.060387,0.0617
5237,1.059815,0.0619
5238,1.058041,0.0567
5239,1.060611,0.0547
5240,1.063008,0.0550
5241,1.063530,0.0593
5242,1.062190,0.0623
5243,1.062199,0.0647
5244,1.061617,0.0472
5245,1.059071,0.0573
5246,1.061533,0.0622
5247,1.063739,0.0536
5248,1.064859,0.0613
5249,1.064782,0.0593
5250,1.065149,0.0509
5251,1.065364,0.0605
5252,1.065681,0.0627
5253,1.065462,0.0578
5254,1.065060,0.0558
5255,1.063603,0.0484
5256,1.061467,0.0593
5257,1.060161,0.0611
5258,1.062443,0.0608
5259,1.062255,0.0624
5260,1.062040,0.0462
5261,1.060235,0.0504
5262,1.059260,0.0569
5263,1.061544,0.0597
5264,1.061457,0.0646
5265,1.063946,0.0614
5266,1.064802,0.0475
5267,1.066020,0.0577
5268,1.064753,0.0566
5269,1.065987,0.0641
5270,1.065655,0.0626
5271,1.065893,0.0498
5272,1.064483,0.0613
5273,1.064943,0.0635
5274,1.062960,0.0518
5275,1.066474,0.0626
5276,1.067660,0.0569
5277,1.069461,0.0537
5278,1.069930,0.0588
5279,1.069181,0.0631
5280,1.068731,0.0558
5281,1.068610,0.0571
5282,1.068278,0.0479
5283,1.067712,0.0590
5284,1.067506,0.0593
5285,1.067490,0.0611
5286,1.065976,0.0610
5287,1.065005,0.0483
5288,1.064783,0.0494
5289,1.064770,0.0611
5290,1.064301,0.0636
5291,1.062843,0.0637
5292,1.061334,0.0595
5293,1.061709,0.0491
5294,1.064116,0.0550
5295,1.064515,0.0558
5296,1.064406,0.0611
5297,1.064576,0.0622
5298,1.064221,0.0484
5299,1.065431,0.0572
5300,1.064977,0.0615
5301,1.063380,0.0544
5302,1.060698,0.0585
5303,1.064862,0.0602
5304,1.066482,0.0488
5305,1.066335,0.0603
5306,1.067260,0.0600
5307,1.068371,0.0640
5308,1.068694,0.0540
5309,1.068034,0.0484
5310,1.068374,0.0553
5311,1.067077,0.0595
5312,1.067140,0.0626
5313,1.066639,0.0645
5314,1.066338,0.0527
5315,1.066759,0.0496
5316,1.064129,0.0608
5317,1.062516,0.0619
5318,1.062246,0.0644
5319,1.063502,0.0633
5320,1.063976,0.0492
5321,1.063370,0.0546
5322,1.061075,0.0575
5323,1.062647,0.0642
5324,1.064289,0.0612
5325,1.064103,0.0479
5326,1.064860,0.0610
5327,1.063947,0.0639
5328,1.063461,0.0532
5329,1.058539,0.0563
5330,1.065665,0.0584
5331,1.068787,0.0488
5332,1.070881,0.0587
5333,1.071855,0.0612
5334,1.071741,0.0591
5335,1.072002,0.0504
5336,1.072647,0.0526
5337,1.072343,0.0551
5338,1.072634,0.0593
5339,1.073049,0.0644
5340,1.071466,0.0583
5341,1.071036,0.0562
5342,1.070161,0.0452
5343,1.069282,0.0584
5344,1.068074,0.0614
5345,1.065655,0.0644
5346,1.065676,0.0614
5347,1.061594,0.0481
5348,1.062606,0.0609
5349,1.062355,0.0552
5350,1.062328,0.0651
5351,1.061395,0.0645
5352,1.061222,0.0498
5353,1.061331,0.0587
5354,1.061254,0.0607
5355,1.061046,0.0519
5356,1.058349,0.0619
5357,1.061246,0.0629
5358,1.063686,0.0480
5359,1.065434,0.0591
5360,1.065542,0.0612
5361,1.064386,0.0620
5362,1.062817,0.0544
5363,1.061260,0.0478
5364,1.062704,0.0572
5365,1.060923,0.0648
5366,1.057969,0.0622
5367,1.061469,0.0627
5368,1.062809,0.0512
5369,1.064222,0.0506
5370,1.063877,0.0612
5371,1.064874,0.0617
5372,1.063813,0.0637
5373,1.062278,0.0600
5374,1.062095,0.0468
5375,1.063288,0.0563
5376,1.061808,0.0557
5377,1.060698,0.0644
5378,1.056864,0.0605
5379,1.057263,0.0511
5380,1.058751,0.0561
5381,1.059709,0.0614
5382,1.057462,0.0537
5383,1.055852,0.0615
5384,1.064311,0.0627
5385,1.066046,0.0499
5386,1.067493,0.0591
5387,1.068615,0.0631
5388,1.069387,0.0611
5389,1.069852,0.0547
5390,1.070032,0.0468
5391,1.069690,0.0602
5392,1.070251,0.0649
5393,1.069988,0.0626
5394,1.070225,0.0619
5395,1.068882,0.0482
5396,1.069735,0.0504
5397,1.070459,0.0590
5398,1.072039,0.0618
5399,1.072116,0.0630
5400,1.073554,0.0596
5401,1.073643,0.0482
5402,1.073454,0.0544
5403,1.073880,0.0532
5404,1.074388,0.0571
5405,1.073526,0.0657
5406,1.073027,0.0553
5407,1.073596,0.0512
5408,1.073416,0.0587
5409,1.073058,0.0570
5410,1.072776,0.0587
5411,1.074075,0.0642
5412,1.072615,0.0484
5413,1.072310,0.0595
5414,1.072222,0.0626
5415,1.071366,0.0613
5416,1.071310,0.0527
5417,1.069806,0.0559
5418,1.069457,0.0515
5419,1.067889,0.0594
5420,1.067375,0.0649
5421,1.066669,0.0593
5422,1.064387,0.0605
5423,1.063049,0.0412
5424,1.059604,0.0589
5425,1.061073,0.0602
5426,1.063639,0.0605
5427,1.063504,0.0598
5428,1.063914,0.0501
5429,1.062952,0.0575
5430,1.062667,0.0539
5431,1.061593,0.0603
5432,1.060771,0.0644
5433,1.058662,0.0607
5434,1.060795,0.0504
5435,1.062451,0.0593
5436,1.062862,0.0579
5437,1.063565,0.0586
5438,1.064380,0.0609
5439,1.065511,0.0506
5440,1.064152,0.0594
5441,1.064082,0.0588
5442,1.064016,0.0611
5443,1.063557,0.0527
5444,1.061797,0.0591
5445,1.060045,0.0496
5446,1.057931,0.0604
5447,1.060025,0.0609
5448,1.057868,0.0595
5449,1.062603,0.0614
5450,1.064105,0.0430
5451,1.065124,0.0573
5452,1.063942,0.0594
5453,1.064626,0.0613
5454,1.064049,0.0600
5455,1.065307,0.0522
5456,1.063168,0.0544
5457,1.062548,0.0515
5458,1.062570,0.0593
5459,1.062091,0.0645
5460,1.061246,0.0604
5461,1.060920,0.0470
5462,1.060076,0.0582
5463,1.059803,0.0587
5464,1.059240,0.0513
5465,1.058127,0.0578
5466,1.057925,0.0626
5467,1.059090,0.0489
5468,1.056974,0.0590
5469,1.062327,0.0624
5470,1.063366,0.0611
5471,1.064643,0.0560
5472,1.066314,0.0467
5473,1.066916,0.0611
5474,1.067698,0.0578
5475,1.067746,0.0595
5476,1.068022,0.0615
5477,1.066979,0.0512
5478,1.066386,0.0495
5479,1.066317,0.0589
5480,1.066061,0.0627
5481,1.064510,0.0629
5482,1.062718,0.0603
5483,1.059914,0.0483
5484,1.060407,0.0541
5485,1.060052,0.0562
5486,1.062545,0.0628
5487,1.061914,0.0619
5488,1.061304,0.0484
5489,1.059855,0.0582
5490,1.057392,0.0607
5491,1.060097,0.0519
5492,1.061553,0.0591
5493,1.060658,0.0616
5494,1.059743,0.0469
5495,1.060409,0.0584
5496,1.058621,0.0625
5497,1.056744,0.0599
5498,1.058152,0.0505
5499,1.058624,0.0535
5500,1.058282,0.0521
5501,1.058100,0.0613
5502,1.056539,0.0620
5503,1.057575,0.0630
5504,1.059731,0.0564
5505,1.060037,0.0449
5506,1.059776,0.0576
5507,1.058876,0.0591
5508,1.058894,0.0613
5509,1.056528,0.0625
5510,1.055450,0.0476
5511,1.054856,0.0593
5512,1.058642,0.0521
5513,1.060109,0.0594
5514,1.061021,0.0631
5515,1.060603,0.0578
5516,1.058372,0.0480
5517,1.056629,0.0571
5518,1.055514,0.0610
5519,1.057249,0.0532
5520,1.059408,0.0633
5521,1.059750,0.0509
5522,1.060878,0.0558
5523,1.060418,0.0620
5524,1.059490,0.0597
5525,1.058804,0.0532
5526,1.057502,0.0585
5527,1.057654,0.0456
5528,1.060329,0.0594
5529,1.061356,0.0643
5530,1.060897,0.0620
5531,1.060552,0.0622
5532,1.059543,0.0431
5533,1.053996,0.0544
5534,1.063797,0.0590
5535,1.065597,0.0586
5536,1.068058,0.0645
5537,1.068126,0.0576
5538,1.069087,0.0513
5539,1.068616,0.0524
5540,1.068077,0.0578
5541,1.068678,0.0597
5542,1.069054,0.0620
5543,1.069692,0.0489
5544,1.068680,0.0587
5545,1.069163,0.0593
5546,1.068651,0.0494
5547,1.069165,0.0604
5548,1.069489,0.0654
5549,1.069079,0.0476
5550,1.068482,0.0587
5551,1.069155,0.0591
5552,1.069546,0.0623
5553,1.069277,0.0528
5554,1.069520,0.0541
5555,1.069108,0.0554
5556,1.069368,0.0621
5557,1.068014,0.0606
5558,1.067839,0.0607
5559,1.068619,0.0536
5560,1.068893,0.0468
5561,1.068669,0.0582
5562,1.068717,0.0609
5563,1.068493,0.0624
5564,1.068061,0.0630
5565,1.067117,0.0482
5566,1.066753,0.0581
5567,1.067379,0.0539
5568,1.067020,0.0588
5569,1.066815,0.0623
5570,1.066374,0.0518
5571,1.065589,0.0548
5572,1.066295,0.0644
5573,1.065394,0.0532
5574,1.065144,0.0608
5575,1.065299,0.0611
5576,1.064817,0.0477
5577,1.063179,0.0595
5578,1.062879,0.0621
5579,1.063143,0.0648
5580,1.061769,0.0540
5581,1.061068,0.0495
5582,1.059696,0.0575
5583,1.057933,0.0608
5584,1.056836,0.0627
5585,1.059269,0.0633
5586,1.059880,0.0495
5587,1.060556,0.0494
5588,1.059267,0.0591
5589,1.056677,0.0624
5590,1.054457,0.0629
5591,1.060735,0.0608
5592,1.062441,0.0487
5593,1.063051,0.0545
5594,1.063920,0.0559
5595,1.064333,0.0564
5596,1.063846,0.0616
5597,1.063983,0.0549
5598,1.063615,0.0549
5599,1.062567,0.0594
5600,1.061205,0.0540
5601,1.059682,0.0604
5602,1.055094,0.0631
5603,1.060116,0.0482
5604,1.061632,0.0588
5605,1.063462,0.0612
5606,1.062857,0.0610
5607,1.062876,0.0523
5608,1.063537,0.0534
5609,1.063900,0.0516
5610,1.063193,0.0582
5611,1.064626,0.0580
5612,1.062675,0.0583
5613,1.063297,0.0601
5614,1.062366,0.0423
5615,1.060697,0.0545
5616,1.059242,0.0594
5617,1.059015,0.0611
5618,1.056878,0.0653
5619,1.056254,0.0556
5620,1.054615,0.0552
5621,1.056638,0.0521
5622,1.058420,0.0593
5623,1.058622,0.0604
5624,1.058700,0.0616
5625,1.057267,0.0480
5626,1.057545,0.0587
5627,1.057773,0.0611
5628,1.057406,0.0539
5629,1.057009,0.0613
5630,1.055894,0.0576
5631,1.051878,0.0524
5632,1.058174,0.0590
5633,1.060278,0.0613
5634,1.061268,0.0586
5635,1.062807,0.0583
5636,1.064823,0.0481
5637,1.064133,0.0569
5638,1.064529,0.0587
5639,1.065481,0.0597
5640,1.065319,0.0627
5641,1.065726,0.0486
5642,1.065567,0.0528
5643,1.066979,0.0583
5644,1.066641,0.0594
5645,1.067736,0.0626
5646,1.068207,0.0597
5647,1.068409,0.0489
5648,1.068321,0.0548
5649,1.068222,0.0567
5650,1.068130,0.0623
5651,1.068500,0.0624
5652,1.068420,0.0501
5653,1.067606,0.0592
5654,1.067141,0.0613
5655,1.065627,0.0540
5656,1.065179,0.0589
5657,1.063493,0.0574
5658,1.063233,0.0498
5659,1.061936,0.0590
5660,1.059671,0.0610
5661,1.058320,0.0601
5662,1.056531,0.0536
5663,1.052662,0.0468
5664,1.053957,0.0568
5665,1.053806,0.0590
5666,1.053066,0.0608
5667,1.055906,0.0613
5668,1.056448,0.0539
5669,1.056725,0.0468
5670,1.055443,0.0582
5671,1.052438,0.0613
5672,1.057132,0.0627
5673,1.058554,0.0626
5674,1.059049,0.0464
5675,1.059333,0.0580
5676,1.058208,0.0544
5677,1.056956,0.0619
5678,1.056900,0.0629
5679,1.057365,0.0495
5680,1.057105,0.0555
5681,1.057634,0.0589
5682,1.057696,0.0517
5683,1.055286,0.0601
5684,1.051895,0.0611
5685,1.055146,0.0470
5686,1.058185,0.0582
5687,1.057570,0.0605
5688,1.058113,0.0620
5689,1.059498,0.0515
5690,1.058965,0.0566
5691,1.058134,0.0500
5692,1.057635,0.0593
5693,1.057492,0.0610
5694,1.056955,0.0626
5695,1.055003,0.0603
5696,1.053526,0.0411
5697,1.053090,0.0575
5698,1.055135,0.0580
5699,1.056536,0.0647
5700,1.055103,0.0623
5701,1.055176,0.0487
5702,1.054173,0.0581
5703,1.052664,0.0521
5704,1.055713,0.0593
5705,1.057149,0.0625
5706,1.056516,0.0584
5707,1.056598,0.0479
5708,1.057373,0.0580
5709,1.056240,0.0588
5710,1.056534,0.0546
5711,1.055761,0.0626
5712,1.054816,0.0516
5713,1.051602,0.0574
5714,1.054604,0.0593
5715,1.055940,0.0602
5716,1.054662,0.0535
5717,1.054033,0.0610
5718,1.051217,0.0484
5719,1.057392,0.0556
5720,1.058347,0.0595
5721,1.059345,0.0628
5722,1.060575,0.0628
5723,1.061675,0.0445
5724,1.061679,0.0549
5725,1.061777,0.0595
5726,1.062093,0.0614
5727,1.060690,0.0607
5728,1.060101,0.0569
5729,1.059638,0.0528
5730,1.057458,0.0523
5731,1.055376,0.0599
5732,1.052779,0.0597
5733,1.054831,0.0628
5734,1.053866,0.0477
5735,1.053035,0.0590
5736,1.051439,0.0601
5737,1.052149,0.0527
5738,1.052088,0.0590
5739,1.049511,0.0604
5740,1.055786,0.0468
5741,1.057833,0.0583
5742,1.058600,0.0596
5743,1.059209,0.0624
5744,1.059680,0.0545
5745,1.059825,0.0499
5746,1.059793,0.0547
5747,1.058656,0.0595
5748,1.057692,0.0641
5749,1.055949,0.0609
5750,1.055237,0.0552
5751,1.056517,0.0439
5752,1.057319,0.0573
5753,1.057072,0.0627
5754,1.057884,0.0600
5755,1.056135,0.0626
5756,1.055386,0.0486
5757,1.053337,0.0592
5758,1.055902,0.0522
5759,1.057700,0.0608
5760,1.058732,0.0643
5761,1.059493,0.0560
5762,1.059343,0.0515
5763,1.058833,0.0573
5764,1.058816,0.0578
5765,1.056975,0.0564
5766,1.055414,0.0621
5767,1.052948,0.0480
5768,1.050523,0.0581
5769,1.053393,0.0588
5770,1.054559,0.0598
5771,1.054625,0.0525
5772,1.055089,0.0581
5773,1.055909,0.0463
5774,1.055377,0.0592
5775,1.056308,0.0646
5776,1.054267,0.0640
5777,1.054796,0.0617
5778,1.052315,0.0452
5779,1.055114,0.0539
5780,1.056351,0.0590
5781,1.058036,0.0597
5782,1.057551,0.0628
5783,1.058883,0.0561
5784,1.058019,0.0553
5785,1.058076,0.0518
5786,1.056874,0.0590
5787,1.056348,0.0612
5788,1.054072,0.0627
5789,1.056187,0.0469
5790,1.058706,0.0587
5791,1.059785,0.0591
5792,1.061376,0.0532
5793,1.059300,0.0620
5794,1.058973,0.0582
5795,1.058746,0.0528
5796,1.058479,0.0604
5797,1.056676,0.0629
5798,1.052787,0.0564
5799,1.054951,0.0587
5800,1.056179,0.0477
5801,1.057063,0.0590
5802,1.056356,0.0654
5803,1.056483,0.0641
5804,1.056559,0.0641
5805,1.055675,0.0433
5806,1.054131,0.0556
5807,1.050710,0.0588
5808,1.056620,0.0611
5809,1.058902,0.0642
5810,1.060645,0.0533
5811,1.061366,0.0519
5812,1.061868,0.0508
5813,1.062856,0.0595
5814,1.063167,0.0657
5815,1.063177,0.0639
5816,1.062544,0.0460
5817,1.063112,0.0588
5818,1.062324,0.0591
5819,1.062262,0.0535
5820,1.061419,0.0599
5821,1.061519,0.0601
5822,1.060218,0.0504
5823,1.060217,0.0565
5824,1.061378,0.0592
5825,1.061134,0.0616
5826,1.060853,0.0535
5827,1.061077,0.0495
5828,1.060874,0.0577
5829,1.061447,0.0598
5830,1.061633,0.0609
5831,1.061984,0.0626
5832,1.061894,0.0528
5833,1.061654,0.0480
5834,1.059799,0.0589
5835,1.058744,0.0628
5836,1.058351,0.0630
5837,1.059574,0.0613
5838,1.058802,0.0486
5839,1.057591,0.0543
5840,1.055425,0.0565
5841,1.053986,0.0629
5842,1.054679,0.0607
5843,1.056050,0.0479
5844,1.056813,0.0554
5845,1.057063,0.0591
5846,1.056036,0.0522
5847,1.056645,0.0604
5848,1.055302,0.0637
5849,1.052414,0.0461
5850,1.052790,0.0585
5851,1.053715,0.0609
5852,1.052796,0.0593
5853,1.051383,0.0520
5854,1.051147,0.0578
5855,1.054348,0.0502
5856,1.055281,0.0596
5857,1.054739,0.0648
5858,1.053692,0.0618
5859,1.049356,0.0592
5860,1.053127,0.0416
5861,1.055625,0.0590
5862,1.056195,0.0595
5863,1.057425,0.0611
5864,1.056852,0.0630
5865,1.056731,0.0481
5866,1.054973,0.0591
5867,1.055362,0.0542
5868,1.051284,0.0624
5869,1.055765,0.0598
5870,1.057916,0.0596
5871,1.059054,0.0479
5872,1.059737,0.0590
5873,1.059834,0.0600
5874,1.058136,0.0538
5875,1.057276,0.0622
5876,1.057658,0.0510
5877,1.056717,0.0562
5878,1.056027,0.0640
5879,1.053958,0.0639
5880,1.053573,0.0539
5881,1.051579,0.0601
5882,1.050214,0.0470
5883,1.053111,0.0605
5884,1.054532,0.0624
5885,1.055033,0.0647
5886,1.054026,0.0627
5887,1.052307,0.0411
5888,1.047835,0.0601
5889,1.050367,0.0641
5890,1.048869,0.0621
5891,1.051328,0.0640
5892,1.052033,0.0473
5893,1.050727,0.0561
5894,1.049640,0.0507
5895,1.047978,0.0600
5896,1.049862,0.0638
5897,1.050560,0.0620
5898,1.049495,0.0465
5899,1.048682,0.0584
5900,1.049016,0.0596
5901,1.048454,0.0512
5902,1.049853,0.0616
5903,1.051253,0.0556
5904,1.050173,0.0552
5905,1.049125,0.0601
5906,1.050331,0.0642
5907,1.049816,0.0532
5908,1.050967,0.0604
5909,1.047984,0.0451
5910,1.050014,0.0584
5911,1.051682,0.0625
5912,1.051960,0.0601
5913,1.050106,0.0644
5914,1.050295,0.0443
5915,1.053601,0.0544
5916,1.053446,0.0589
5917,1.052909,0.0619
5918,1.052994,0.0604
5919,1.052663,0.0535
5920,1.052010,0.0533
5921,1.050632,0.0521
5922,1.053942,0.0617
5923,1.056230,0.0629
5924,1.055822,0.0610
5925,1.055044,0.0464
5926,1.053088,0.0592
5927,1.051315,0.0633
5928,1.048810,0.0518
5929,1.050972,0.0603
5930,1.051029,0.0565
5931,1.048381,0.0519
5932,1.052356,0.0593
5933,1.055247,0.0609
5934,1.056422,0.0599
5935,1.056560,0.0533
5936,1.055372,0.0473
5937,1.054359,0.0572
5938,1.053376,0.0575
5939,1.051616,0.0598
5940,1.048049,0.0617
5941,1.051186,0.0565
5942,1.052602,0.0415
5943,1.051544,0.0601
5944,1.049491,0.0645
5945,1.049563,0.0633
5946,1.050596,0.0612
5947,1.051330,0.0466
5948,1.049063,0.0593
5949,1.049820,0.0536
5950,1.048832,0.0579
5951,1.046424,0.0602
5952,1.052937,0.0610
5953,1.055392,0.0487
5954,1.057792,0.0589
5955,1.058501,0.0597
5956,1.058695,0.0562
5957,1.059637,0.0643
5958,1.059295,0.0450
5959,1.057897,0.0601
5960,1.056830,0.0582
5961,1.057225,0.0592
5962,1.058377,0.0510
5963,1.057232,0.0603
5964,1.057151,0.0461
5965,1.056918,0.0589
5966,1.056341,0.0610
5967,1.054086,0.0615
5968,1.053908,0.0604
5969,1.053287,0.0472
5970,1.051672,0.0533
5971,1.048896,0.0616
5972,1.051743,0.0609
5973,1.053880,0.0624
5974,1.055861,0.0577
5975,1.056024,0.0516
5976,1.056343,0.0528
5977,1.055967,0.0588
5978,1.056369,0.0594
5979,1.056630,0.0646
5980,1.057700,0.0476
5981,1.057124,0.0569
5982,1.056078,0.0645
5983,1.055089,0.0527
5984,1.055275,0.0584
5985,1.053035,0.0595
5986,1.049863,0.0504
5987,1.050835,0.0602
5988,1.052411,0.0616
5989,1.053793,0.0604
5990,1.052665,0.0559
5991,1.051438,0.0478
5992,1.051516,0.0592
5993,1.051077,0.0616
5994,1.050646,0.0612
5995,1.048170,0.0636
5996,1.050150,0.0463
5997,1.051639,0.0534
5998,1.052046,0.0628
5999,1.051790,0.0645
6000,1.052678,0.0643
